date,Rm,CSAD,abs_Rm,Rm_sq,N,CSAD_fitted,residual
1996-01-01,,,,,0,,
1996-01-02,-0.0142590990239478,0.0127375185194326,0.0142590990239478,0.0002033219049747,15,0.01881837313562272,-0.00608085461619012
1996-01-03,-0.0249735596453778,0.038445425780967,0.0249735596453778,0.0006236786813612,18,0.030423910625980082,0.008021515154986916
1996-01-04,-0.0079963962968844,0.0093241639718328,0.0079963962968844,6.394235373682688e-05,18,0.012103607084525979,-0.002779443112693179
1996-01-05,-0.001879038477714,0.0075919373746908,0.001879038477714,3.530785600729872e-06,18,0.005593668683421093,0.0019982686912697074
1996-01-08,-0.0172016141503125,0.0135765657926735,0.0172016141503125,0.0002958955293762,18,0.02199081111656426,-0.00841424532389076
1996-01-09,-0.0028578427352001,0.013468625314297,0.0028578427352001,8.167265099136306e-06,18,0.006632033933907243,0.0068365913803897565
1996-01-10,-0.0038515068009699,0.0175127393676791,0.0038515068009699,1.483410463791804e-05,18,0.007687431113178541,0.009825308254500557
1996-01-11,0.0079502649573996,0.012763728645166,0.0079502649573996,6.320671289285696e-05,18,0.012054334095245853,0.000709394549920148
1996-01-12,0.0059497194709411,0.0076207628338811,0.0059497194709411,3.53991617828959e-05,18,0.009920195563125074,-0.002299432729243974
1996-01-15,-0.0036902493763019,0.0053151078243159,0.0036902493763019,1.3617940459296683e-05,18,0.00751606845623279,-0.0022009606319168904
1996-01-16,-0.0017111568590453,0.0141872250971028,0.0017111568590453,2.9280577962579653e-06,18,0.005415695870516206,0.008771529226586593
1996-01-17,-0.0108971393399208,0.0155335895953921,0.0108971393399208,0.0001187476457936,18,0.015207427082364604,0.00032616251302749685
1996-01-18,-0.0088579078776038,0.0122514661398175,0.0088579078776038,7.846253196811663e-05,18,0.013024295409535654,-0.0007728292697181532
1996-01-19,-0.0028039854341053,0.0132923920688856,0.0028039854341053,7.86233431467506e-06,18,0.006574867149531051,0.00671752491935455
1996-01-22,0.0017495706808549,0.008520380055355,0.0017495706808549,3.0609975673071377e-06,18,0.005456415491065046,0.003063964564289953
1996-01-23,-0.0083222464155575,0.0186205719150517,0.0083222464155575,6.925978540126076e-05,18,0.012451726751947327,0.006168845163104373
1996-01-24,-0.0141869890538487,0.0142496747159856,0.0141869890538487,0.000201270658414,18,0.018740769246125277,-0.004491094530139678
1996-01-25,-0.0027870061405489,0.012081771037696,0.0027870061405489,7.767403227457399e-06,18,0.006556845271530543,0.0055249257661654574
1996-01-26,0.0,0.0,0.0,0.0,18,0.0036037630753756517,-0.0036037630753756517
1996-01-29,0.0167231388818142,0.017981251424892,0.0167231388818142,0.0002796633740604,18,0.02147418597448216,-0.003492934549590161
1996-01-30,0.0184437487130597,0.0216009342609213,0.0184437487130597,0.0003401718665904,18,0.023333366325528654,-0.0017324320646073532
1996-01-31,-0.0030491508484896,0.0135974077564489,0.0030491508484896,9.297320896845455e-06,18,0.006835128101334848,0.006762279655114053
1996-02-01,0.0265739633669442,0.0158804112607957,0.0265739633669442,0.0007061755290276,18,0.03217016266830243,-0.016289751407506728
1996-02-02,0.0489138585548711,0.0288569139692532,0.0489138585548711,0.0023925655587259,18,0.05689191505420585,-0.02803500108495265
1996-02-05,0.0302223036188231,0.0239379486082697,0.0302223036188231,0.0009133876360283,18,0.03616337168262967,-0.012225423074359969
1996-02-06,-0.0069098207808312,0.0207624889825831,0.0069098207808312,4.774562322320752e-05,18,0.010943764614319637,0.009818724368263464
1996-02-07,0.0064329150943141,0.0146704013690342,0.0064329150943141,4.138239661065453e-05,18,0.01043518388708343,0.00423521748195077
1996-02-08,0.0439589480890794,0.0308579738666247,0.0439589480890794,0.0019323891170983,18,0.0513529930472332,-0.020495019180608504
1996-02-09,0.0591932891208524,0.0336423680388478,0.0591932891208524,0.0035038454769448,18,0.06848423635068168,-0.03484186831183388
1996-02-12,-0.0048113997711346,0.0420018305130901,0.0048113997711346,2.314956775767432e-05,18,0.008708172164381283,0.033293658348708816
1996-02-13,0.021391083720015,0.0177127333810665,0.021391083720015,0.0004575784627166,18,0.026526966964843565,-0.008814233583777066
1996-02-14,0.0306571994008863,0.0210538426686211,0.0306571994008863,0.0009398638751057,18,0.0366405258484852,-0.0155866831798641
1996-02-15,-0.0057974814462772,0.0105545933293111,0.0057974814462772,3.3610791119928626e-05,18,0.009758003350050136,0.0007965899792609643
1996-02-16,-0.0180402595886776,0.0170520317070906,0.0180402595886776,0.0003254509660268,18,0.022897038134601602,-0.005845006427511002
1996-02-19,0.0012772758112357,0.0119407581659182,0.0012772758112357,1.6314334979679584e-06,18,0.004955903571194867,0.0069848545947233335
1996-02-20,-0.0110709357188451,0.0206611621846064,0.0110709357188451,0.0001225656176908,18,0.015393736364990975,0.005267425819615425
1996-02-21,0.0,0.0,0.0,0.0,18,0.0036037630753756517,-0.0036037630753756517
1996-02-22,0.0158079319717543,0.0144252073852217,0.0158079319717543,0.0002498907132236,18,0.020486832743186745,-0.006061625357965044
1996-02-23,0.0097834953951983,0.0135031356438761,0.0097834953951983,9.571678214786754e-05,18,0.014014531046365014,-0.000511395402488915
1996-02-26,0.0104660226109634,0.0188044450266512,0.0104660226109634,0.0001095376292931,18,0.014745439731222082,0.00405900529542912
1996-02-27,0.0006463814864269,0.0177941448339984,0.0006463814864269,4.178090259955426e-07,18,0.004287766975305486,0.013506377858692914
1996-02-28,-0.0024985299469963,0.0118809475036149,0.0024985299469963,6.242651896037586e-06,18,0.006250712693280338,0.005630234810334563
1996-02-29,-0.0329793765603001,0.0187158549065949,0.0329793765603001,0.001087639278306,18,0.03919248828624749,-0.020476633379652588
1996-03-01,0.0075229701984391,0.008284578675916,0.0075229701984391,5.659508060660368e-05,18,0.011598070446708828,-0.003313491770792829
1996-03-04,0.0021625045719,0.0129730702163727,0.0021625045719,4.6764260234885016e-06,18,0.005894256402243315,0.007078813814129386
1996-03-05,0.0,0.0,0.0,0.0,18,0.0036037630753756517,-0.0036037630753756517
1996-03-06,0.0050468683945769,0.0143488971389869,0.0050468683945769,2.547088059217973e-05,18,0.008958749338913809,0.005390147800073091
1996-03-07,-0.005612916761415,0.0077011533794633,0.005612916761415,3.150483457057376e-05,18,0.009561410987802096,-0.0018602576083387966
1996-03-08,-0.0091392609725291,0.0078474236283564,0.0091392609725291,8.352609112399407e-05,18,0.013325182496970091,-0.005477758868613691
1996-03-11,-0.0102630127744213,0.013744692710572,0.0102630127744213,0.0001053294312079,18,0.014527976412705097,-0.0007832837021330974
1996-03-12,-0.0042328282199103,0.0124408157866421,0.0042328282199103,1.791683473926914e-05,18,0.008092781963395891,0.0043480338232462085
1996-03-13,0.0141299656325632,0.0137302076082949,0.0141299656325632,0.0001996559287774,18,0.01867940608394053,-0.004949198475645631
1996-03-14,0.0023294049365803,0.0076790935265516,0.0023294049365803,5.426127358565082e-06,18,0.006071286333925838,0.0016078071926257619
1996-03-15,-0.0051171448573718,0.0093152343239652,0.0051171448573718,2.6185171491327e-05,18,0.009033548903023329,0.0002816854209418719
1996-03-18,-0.0183638126835666,0.0195448008135361,0.0183638126835666,0.0003372296162771,18,0.023246907752602096,-0.0037021069390659953
1996-03-19,-0.0107169732721794,0.0145665142082613,0.0107169732721794,0.0001148535161166,18,0.015014330762908954,-0.0004478165546476544
1996-03-20,0.0,0.0,0.0,0.0,18,0.0036037630753756517,-0.0036037630753756517
1996-03-21,0.0171398078237177,0.0169017845062747,0.0171398078237177,0.0002937730122339,18,0.021924060177886253,-0.005022275671611554
1996-03-22,-0.0106619859017076,0.0168460354943917,0.0106619859017076,0.0001136779433682,18,0.014955405394956512,0.0018906300994351883
1996-03-25,0.0003902957529845,0.0141771152720423,0.0003902957529845,1.523307747978118e-07,18,0.004016711202937878,0.010160404069104421
1996-03-26,0.0070756767754418,0.0125972976892603,0.0070756767754418,5.006520183052663e-05,18,0.011120705366654167,0.0014765923226061333
1996-03-27,0.0080997278508448,0.0144543075277457,0.0080997278508448,6.560559125775213e-05,18,0.012213985744548803,0.002240321783196896
1996-03-28,0.0182947056703385,0.0157190291892387,0.0182947056703385,0.0003346962555643,18,0.023172168474555666,-0.0074531392853169655
1996-03-29,-0.0127966012719324,0.0132617374868565,0.0127966012719324,0.0001637530041128,18,0.017245765919205184,-0.0039840284323486835
1996-04-01,0.0073452492817494,0.0076448886050899,0.0073452492817494,5.395268701104048e-05,18,0.0114083703132771,-0.0037634817081872
1996-04-02,0.0126208844950056,0.0201345553481853,0.0126208844950056,0.0001592867254362,18,0.017057005880915126,0.003077549467270173
1996-04-03,0.0163130902627014,0.0126005981076397,0.0163130902627014,0.000266116913919,18,0.021031678974708104,-0.008431080867068404
1996-04-04,-0.0033407575061248,0.0075419678047368,0.0033407575061248,1.1160660714729342e-05,18,0.007144791072513223,0.00039717673222357686
1996-04-05,0.0,0.0,0.0,0.0,18,0.0036037630753756517,-0.0036037630753756517
1996-04-08,0.0196274435496821,0.0169818955951439,0.0196274435496821,0.0003852365402959,18,0.024614614748678067,-0.007632719153534168
1996-04-09,0.0019745411724905,0.009029166744918,0.0019745411724905,3.898812841860509e-06,18,0.005694928220418541,0.0033342385244994593
1996-04-10,0.0004862090176129,0.0119782941440655,0.0004862090176129,2.363992088081176e-07,18,0.004118221344475834,0.007860072799589665
1996-04-11,-0.0033396870415618,0.0065725122347665,0.0033396870415618,1.1153509535576444e-05,18,0.00714365412348784,-0.0005711418887213403
1996-04-12,0.0038417833207759,0.0093681396656316,0.0038417833207759,1.4759299083792668e-05,18,0.0076770973557868955,0.001691042309844704
1996-04-15,0.0121803092903231,0.0128564253136998,0.0121803092903231,0.0001483599344079,18,0.016583902913749556,-0.0037274776000497563
1996-04-16,0.0117738542267146,0.0138425303475561,0.0117738542267146,0.0001386236433519,19,0.016147661896891104,-0.002305131549335003
1996-04-17,0.0275970537168059,0.0170657443648865,0.0275970537168059,0.0007615973738482,19,0.033288225802796015,-0.016222481437909515
1996-04-18,0.023434226680104,0.0174690925083517,0.023434226680104,0.0005491629800944,19,0.028747421347071624,-0.011278328838719924
1996-04-19,0.008602471108033,0.0122607735602597,0.008602471108033,7.400250916454268e-05,19,0.012751212684595743,-0.000490439124336042
1996-04-22,-0.0132543291388936,0.0106851116850276,0.0132543291388936,0.0001756772409221,19,0.01773765798110981,-0.007052546296082209
1996-04-23,-0.0059055936594557,0.0133489768714127,0.0059055936594557,3.487603647060404e-05,19,0.009873181468948743,0.0034757954024639565
1996-04-24,0.0394389928376347,0.0177037126961833,0.0394389928376347,0.001555434156047,19,0.0463279961222113,-0.028624283426028
1996-04-25,-0.0143992596143423,0.0222356535078926,0.0143992596143423,0.0002073386774412,19,0.01896923153710283,0.00326642197078977
1996-04-26,0.0013714330655831,0.0120321814920595,0.0013714330655831,1.880828653374905e-06,19,0.005055663177282978,0.006976518314776522
1996-04-29,0.0016459540413244,0.0167965094251223,0.0016459540413244,2.7091647061522977e-06,19,0.0053465836087065195,0.01144992581641578
1996-04-30,0.0074289258094829,0.0171855852600419,0.0074289258094829,5.51889386828024e-05,19,0.011497681937743684,0.005687903322298217
1996-05-01,0.0160653752151405,0.0135133517242713,0.0160653752151405,0.0002580962808032,19,0.020764460852470638,-0.007251109128199337
1996-05-02,-0.0028857544972351,0.0085085584645276,0.0028857544972351,8.327579018313029e-06,19,0.0066616623253239506,0.0018468961392036493
1996-05-03,-0.0028625560834508,0.0138028677513909,0.0028625560834508,8.19422733090169e-06,19,0.006637037091802045,0.0071658306595888555
1996-05-06,-0.0219377411782453,0.0178449692556783,0.0219377411782453,0.0004812644880036,19,0.02712053615779828,-0.009275566902119978
1996-05-07,0.0045414756733864,0.0089490517686891,0.0045414756733864,2.0625001291960977e-05,19,0.008421016970445526,0.0005280347982435738
1996-05-08,0.0144074524106709,0.0087757254217679,0.0144074524106709,0.0002075746849657,19,0.018978050438020536,-0.010202325016252636
1996-05-09,-0.0130146581930694,0.0094427327376056,0.0130146581930694,0.0001693813278824,19,0.01748006450907,-0.008037331771464401
1996-05-10,-0.0135545607400276,0.0141859689773381,0.0135545607400276,0.000183726116855,19,0.018060445675804372,-0.0038744766984662726
1996-05-13,0.0069127482133855,0.0160772988667976,0.0069127482133855,4.778608786166537e-05,19,0.010946887389266921,0.005130411477530678
1996-05-14,0.007571374983561,0.0148180586006926,0.007571374983561,5.732571914169412e-05,19,0.011649745020181696,0.003168313580510904
1996-05-15,0.0101461553848291,0.0155329026321847,0.0101461553848291,0.000102944469093,19,0.014402823428140055,0.0011300792040446449
1996-05-16,0.0096691110961315,0.0157825228237458,0.0096691110961315,9.349170938933372e-05,19,0.013892097494782648,0.001890425328963153
1996-05-17,-0.0076512753320949,0.010473563332182,0.0076512753320949,5.85420142075253e-05,19,0.01173504934342602,-0.0012614860112440188
1996-05-20,-0.0212313116485419,0.0177252816858612,0.0212313116485419,0.0004507685943175,19,0.026353556971316146,-0.008628275285454946
1996-05-21,-0.0061787706786446,0.009680849888342,0.0061787706786446,3.817720709927889e-05,19,0.01016427993844367,-0.0004834300501016693
1996-05-22,0.005034036188613,0.0079239794771404,0.005034036188613,2.534152034826561e-05,19,0.008945091922312265,-0.0010211124451718658
1996-05-23,-0.0039083171471398,0.0075493831721299,0.0039083171471398,1.5274942922626985e-05,19,0.007747809506316198,-0.00019842633418629737
1996-05-24,0.0075816993491334,0.0108431623535717,0.0075816993491334,5.7482165020650624e-05,19,0.011660767198508757,-0.0008176048449370574
1996-05-27,-0.0179388767634841,0.0093389074583402,0.0179388767634841,0.0003218032995354,19,0.02278743710213929,-0.013448529643799091
1996-05-28,-0.0025587923793115,0.0087202222627813,0.0025587923793115,6.54741844042266e-06,19,0.006314654632869185,0.0024055676299121146
1996-05-29,0.0251426527867534,0.0176125078639754,0.0251426527867534,0.0006321529891552,19,0.03060825703431881,-0.01299574917034341
1996-05-30,-0.0082761489396827,0.0070087761827788,0.0082761489396827,6.849464127181129e-05,19,0.012402470497694534,-0.005393694314915733
1996-05-31,0.0062710159561557,0.0081745606215188,0.0062710159561557,3.932564112236051e-05,19,0.010262598662366186,-0.002088038040847385
1996-06-03,0.0090880234304096,0.0153247362120874,0.0090880234304096,8.259216987167509e-05,19,0.01327037996934578,0.0020543562427416204
1996-06-04,0.0068861907231052,0.0181652850986122,0.0068861907231052,4.7419622674980494e-05,19,0.010918558170625644,0.007246726927986558
1996-06-05,-0.0018082835380603,0.0125328796744191,0.0018082835380603,3.2698893540198976e-06,19,0.005518656290367354,0.007014223384051747
1996-06-06,0.0108243754961228,0.0151513916356989,0.0108243754961228,0.000117167104881,19,0.015129436029856622,2.1955605842277973e-05
1996-06-07,0.0042977946504497,0.0102271058522731,0.0042977946504497,1.8471038857434567e-05,19,0.008161861088092623,0.0020652447641804766
1996-06-10,0.0021988329487968,0.0132227622602508,0.0021988329487968,4.834866336714546e-06,19,0.0059327865633767105,0.00728997569687409
1996-06-11,-0.0070302046293588,0.0128295457981704,0.0070302046293588,4.942377713065921e-05,19,0.011072190610948923,0.0017573551872214783
1996-06-12,0.021443195817023,0.0187925638139014,0.021443195817023,0.0004598106468471,19,0.026583534420861414,-0.007790970606960015
1996-06-13,0.0149107293061655,0.0185782784021008,0.0149107293061655,0.0002223298484417,19,0.01951995495241341,-0.0009416765503126104
1996-06-14,0.0236292865712382,0.0181367198903727,0.0236292865712382,0.0005583431838656,19,0.02895969167179426,-0.010822971781421557
1996-06-17,-0.0070862864874437,0.0104614443954282,0.0070862864874437,5.0215456182128496e-05,19,0.011132025375337397,-0.0006705809799091977
1996-06-18,-0.004729475635687,0.0142341855172607,0.004729475635687,2.2367939788557804e-05,19,0.008621008289340601,0.005613177227920098
1996-06-19,-0.0072563700860534,0.0153023900174784,0.0072563700860534,5.265490682577148e-05,19,0.011313515574465836,0.003988874443012564
1996-06-20,-0.0021608510619137,0.0086960117325626,0.0021608510619137,4.669277311773586e-06,19,0.005892502717225285,0.002803509015337314
1996-06-21,-0.0084477908226478,0.0092783012784064,0.0084477908226478,7.136516978321259e-05,19,0.012585887889881745,-0.0033075866114753456
1996-06-24,-0.0046412583192271,0.0132949953781465,0.0046412583192271,2.1541278785794816e-05,19,0.008527158440748112,0.004767836937398389
1996-06-25,-0.0060563270715551,0.0133481285411003,0.0060563270715551,3.66790975976516e-05,19,0.010033791626281837,0.0033143369148184634
1996-06-26,-0.0074441731549193,0.0117658525847705,0.0074441731549193,5.5415713960422274e-05,19,0.011513957073338502,0.0002518955114319977
1996-06-27,0.0054544441851112,0.0058674665986912,0.0054544441851112,2.975096136849384e-05,19,0.009392646266185106,-0.0035251796674939063
1996-06-28,-0.0012689865647956,0.0077007282693215,0.0012689865647956,1.610326901631924e-06,19,0.0049471216643659005,0.0027536066049556
1996-07-01,-0.0060242787330134,0.0111162365449399,0.0060242787330134,3.629193425303823e-05,19,0.009999640872895794,0.0011165956720441059
1996-07-02,-0.0053188902545358,0.0128771653293477,0.0053188902545358,2.829059353979613e-05,19,0.009248314445369034,0.0036288508839786657
1996-07-03,-0.0104100193377678,0.0147713170965868,0.0104100193377678,0.0001083685026127,19,0.014685443924974223,8.587317161257678e-05
1996-07-04,-0.0008448143831384,0.0117359802260112,0.0008448143831384,7.137113419576134e-07,19,0.004497858035276619,0.0072381221907345805
1996-07-05,0.0037879719215389,0.0108758386038978,0.0037879719215389,1.4348731278367665e-05,19,0.007619910790020919,0.0032559278138768813
1996-07-08,0.0100158571245759,0.009039243383349,0.0100158571245759,0.0001003173939399,19,0.014263296250768364,-0.005224052867419364
1996-07-09,-0.0138305425788548,0.0116975087614557,0.0138305425788548,0.0001912839080255,19,0.018357264619976662,-0.0066597558585209625
1996-07-10,-0.0021885930655198,0.0126740369174952,0.0021885930655198,4.789939606441494e-06,19,0.005921925890141053,0.006752111027354147
1996-07-11,0.0049687225105449,0.0090386823445428,0.0049687225105449,2.46882033867964e-05,19,0.0088755813685438,0.00016310097599899973
1996-07-12,-0.0040034924908553,0.01300804196334,0.0040034924908553,1.6027952124335107e-05,19,0.00784897181756994,0.005159070145770059
1996-07-15,0.0043825000283547,0.0130807215327216,0.0043825000283547,1.920630649852932e-05,19,0.008251936933780443,0.004828784598941156
1996-07-16,-0.0085093431093252,0.0293045455294664,0.0085093431093252,7.240892015222036e-05,19,0.01265167226283763,0.01665287326662877
1996-07-17,0.0188093728834768,0.0181065480295653,0.0188093728834768,0.0003537925082696,19,0.023728929729804216,-0.005622381700238915
1996-07-18,0.0085954889302332,0.0137726827049084,0.0085954889302332,7.388242994976169e-05,19,0.012743749352747365,0.0010289333521610357
1996-07-19,0.0018869900230929,0.010217723609561,0.0018869900230929,3.56073134725248e-06,19,0.005602099092596603,0.004615624516964397
1996-07-22,-0.000183225113276,0.0093940747487454,0.000183225113276,3.3571442135026275e-08,19,0.0037975978472682714,0.005596476901477129
1996-07-23,-0.0148599776946301,0.031920138254998,0.0148599776946301,0.0002208189370849,19,0.019465293185259785,0.012454845069738218
1996-07-24,-0.0172710113644001,0.0219702196431345,0.0172710113644001,0.0002982878335492,19,0.022065766116804005,-9.554647366950483e-05
1996-07-25,-0.0057733825789796,0.0110802415769911,0.0057733825789796,3.3331946403265736e-05,19,0.009732331510646987,0.0013479100663441133
1996-07-26,-0.0092913991408832,0.0115233493980239,0.0092913991408832,8.633009799520578e-05,19,0.013487926090443948,-0.0019645766924200475
1996-07-29,-0.0151405497955227,0.0214293777990262,0.0151405497955227,0.0002292362481107,19,0.019767523663383333,0.0016618541356428658
1996-07-30,-0.0188747486560134,0.0177837563537755,0.0188747486560134,0.0003562561368276,19,0.02379967704256624,-0.006015920688790741
1996-07-31,0.0242001329478342,0.0222333759396742,0.0242001329478342,0.0005856464346928,19,0.02958118753119767,-0.007347811591523472
1996-08-01,-0.000884217796704,0.0147017073528248,0.000884217796704,7.818411120082074e-07,19,0.004539582507565633,0.010162124845259166
1996-08-02,0.0007947346581218,0.0117533269686033,0.0007947346581218,6.316031768199825e-07,19,0.004444831262146996,0.007308495706456304
1996-08-05,0.0004750908855446,0.0084153564027969,0.0004750908855446,2.257113495275528e-07,19,0.004106453820364043,0.004308902582432858
1996-08-06,-0.0023538583153331,0.0107813217083033,0.0023538583153331,5.540648968662928e-06,19,0.00609722687144483,0.004684094836858469
1996-08-07,0.0101633740961045,0.0142512616885882,0.0101633740961045,0.0001032941730173,19,0.014421263369516206,-0.00017000168092800617
1996-08-08,-0.0051742314899994,0.0093608826912734,0.0051742314899994,2.677267151210152e-05,19,0.009094314422572348,0.00026656826870105274
1996-08-09,0.0021367331801649,0.0120935828595975,0.0021367331801649,4.565628683217922e-06,19,0.005866924097560388,0.006226658762037112
1996-08-12,-0.0069631001696157,0.0113437421399215,0.0069631001696157,4.848476397210328e-05,19,0.011000600977848048,0.0003431411620734518
1996-08-13,-0.0012065907353985,0.0139249834704132,0.0012065907353985,1.4558612027497084e-06,19,0.004881020274536043,0.009043963195877157
1996-08-14,-0.0060882405859791,0.011408051171208,0.0060882405859791,3.706667343276415e-05,19,0.010067800031370575,0.0013402511398374253
1996-08-15,0.0,0.0,0.0,0.0,19,0.0036037630753756517,-0.0036037630753756517
1996-08-16,-0.0150622967434696,0.0097723307611295,0.0150622967434696,0.0002268727831883,19,0.019683219733011872,-0.009910888971882371
1996-08-19,-0.0273980264003792,0.013755773468491,0.0273980264003792,0.0007506518506358,19,0.03307061681785203,-0.01931484334936103
1996-08-20,0.0036142113859609,0.0086525494028244,0.0036142113859609,1.3062523942410104e-05,19,0.007435277200540893,0.001217272202283507
1996-08-21,0.0206039672390143,0.0162598815124495,0.0206039672390143,0.0004245234659863,19,0.02567298274542166,-0.009413101232972159
1996-08-22,0.0019599897347083,0.0100015171676363,0.0019599897347083,3.841559760161912e-06,19,0.0056794988691311705,0.00432201829850513
1996-08-23,0.0083342869120399,0.0088189495923637,0.0083342869120399,6.946033833220096e-05,19,0.012464592762920317,-0.003645643170556618
1996-08-26,-0.001658576078415,0.0122881890110229,0.001658576078415,2.7508746078906e-06,19,0.005359962011191699,0.0069282269998312005
1996-08-27,0.0063653697761172,0.0155566219564842,0.0063653697761172,4.0517932386706734e-05,19,0.010363176144971438,0.005193445811512763
1996-08-28,0.0095076354348723,0.0187742592766552,0.0095076354348723,9.039513156244088e-05,19,0.01371928756534619,0.00505497171130901
1996-08-29,0.0012215671305033,0.0057558044234803,0.0012215671305033,1.4922262543261818e-06,19,0.004896885627648437,0.0008589187958318633
1996-08-30,0.005425496098471,0.0098179691015958,0.005425496098471,2.943600791452489e-05,19,0.009361821629475468,0.0004561474721203329
1996-09-02,0.0094144474522849,0.0145138151206548,0.0094144474522849,8.863182083183364e-05,19,0.013619573901807158,0.0008942412188476419
1996-09-03,-0.010458942391049,0.0133642746189919,0.010458942391049,0.0001093894759392,19,0.014737854530807273,-0.001373579911815373
1996-09-04,-0.020536308716687,0.0395163003283352,0.020536308716687,0.000421739975707,19,0.02559961385467829,0.013916686473656906
1996-09-05,0.0125100440954456,0.0077070698896357,0.0125100440954456,0.0001565012032699,19,0.016937958468152145,-0.009230888578516446
1996-09-06,-9.081896025440556e-05,0.0081543295644531,9.081896025440556e-05,8.248083541691296e-09,19,0.00369983548283534,0.004454494081617761
1996-09-09,-0.0152797837631479,0.0118446108192958,0.0152797837631479,0.0002334717918485,19,0.019917543417200666,-0.008072932597904866
1996-09-10,-0.0044875252394817,0.0129088039676604,0.0044875252394817,2.0137882774985297e-05,19,0.008363633815630477,0.004545170152029923
1996-09-11,-0.0120544096213235,0.0099325470865794,0.0120544096213235,0.0001453087913186,19,0.016448754180703955,-0.006516207094124555
1996-09-12,-0.0015013401841697,0.0062401001567393,0.0015013401841697,2.2540223486028343e-06,19,0.0051933185921239754,0.0010467815646153242
1996-09-13,-0.00414586067303,0.006511686248123,0.00414586067303,1.718816072017737e-05,19,0.008000317491224077,-0.0014886312431010773
1996-09-16,-0.0096823827544503,0.013659227868483,0.0096823827544503,9.374853580367696e-05,19,0.013906302215021897,-0.00024707434653889644
1996-09-17,0.0056631558670052,0.0108021569113082,0.0056631558670052,3.2071334373995545e-05,19,0.009614919700686434,0.0011872372106217655
1996-09-18,0.0158953252961671,0.0239613379883762,0.0158953252961671,0.0002526613662709,19,0.02058106853722987,0.0033802694511463303
1996-09-19,-0.0142839159981527,0.0135556672699257,0.0142839159981527,0.0002040302562422,19,0.018845082423233833,-0.005289415153308132
1996-09-20,-0.0039906504598096,0.0053779331245162,0.0039906504598096,1.5925291092378782e-05,19,0.007835321279639077,-0.002457388155122877
1996-09-23,-0.0059833748144638,0.0117207346413606,0.0059833748144638,3.5800774170360105e-05,19,0.009956055531688133,0.0017646791096724672
1996-09-24,-0.0081719488608271,0.0168484564418906,0.0081719488608271,6.678074818397377e-05,19,0.012291140355059089,0.0045573160868315095
1996-09-25,-0.0003981093750003,0.0139552998964568,0.0003981093750003,1.584910744631377e-07,19,0.004024980332021145,0.009930319564435654
1996-09-26,-0.0194545596582359,0.0167102915204467,0.0194545596582359,0.0003784798914958,19,0.024427369676080793,-0.007717078155634095
1996-09-27,-0.0182227317974119,0.0156694442100948,0.0182227317974119,0.0003320679541604,19,0.0230943352545832,-0.0074248910444883985
1996-09-30,-0.0015515896868577,0.0158554201647486,0.0015515896868577,2.407430556363405e-06,19,0.005246571077221201,0.010608849087527399
1996-10-01,-0.0075243701898348,0.013680870571073,0.0075243701898348,5.661614675367577e-05,19,0.011599564966258597,0.002081305604814402
1996-10-02,0.0,0.0,0.0,0.0,19,0.0036037630753756517,-0.0036037630753756517
1996-10-03,-0.0070461598080714,0.0151029994965763,0.0070461598080714,4.964836804088093e-05,19,0.011089213069991053,0.004013786426585246
1996-10-04,-0.0262995604727459,0.0191477929759479,0.0262995604727459,0.0006916668810596,19,0.03187051745600146,-0.01272272448005356
1996-10-07,-0.0290725790406434,0.0168271080819273,0.0290725790406434,0.0008452148520744,19,0.034903108086544544,-0.018076000004617246
1996-10-08,0.0112681758697418,0.0158247399300567,0.0112681758697418,0.0001269717874314,19,0.015605224654115927,0.00021951527594077196
1996-10-09,0.004715506794696,0.0165812159972415,0.004715506794696,2.223600433082508e-05,19,0.008606146889644692,0.00797506910759681
1996-10-10,0.0293927101171231,0.014626008303191,0.0293927101171231,0.0008639314080292,19,0.03525384601611505,-0.020627837712924053
1996-10-11,0.013909814947204,0.01388504077755,0.013909814947204,0.0001934829518654,19,0.018442540406682667,-0.004557499629132667
1996-10-14,-0.0181625980439553,0.0138658109444412,0.0181625980439553,0.0003298799677062,19,0.023029311189641254,-0.009163500245200054
1996-10-15,0.0030623700966967,0.0111198933271501,0.0030623700966967,9.378110609142738e-06,19,0.006849163506109543,0.004270729821040556
1996-10-16,-0.0033207525797607,0.0101165878044734,0.0033207525797607,1.1027397695987453e-05,19,0.007123543924292514,0.0029930438801808856
1996-10-17,-0.0005438988397638,0.0065934572868096,0.0005438988397638,2.9582594789643666e-07,19,0.0041792833033277455,0.0024141739834818545
1996-10-18,0.0050517932842638,0.0094178903908414,0.0050517932842638,2.552061538693364e-05,19,0.008963990993879551,0.00045389939696184947
1996-10-21,0.0,0.0,0.0,0.0,19,0.0036037630753756517,-0.0036037630753756517
1996-10-22,0.0213425903771416,0.0157011296452642,0.0213425903771416,0.0004555061640064,19,0.026474330806783464,-0.010773201161519263
1996-10-23,0.0313426734283516,0.0241547385945014,0.0313426734283516,0.0009823631776363,19,0.037393103497761704,-0.013238364903260302
1996-10-24,-0.0183037318947402,0.0160277226140742,0.0183037318947402,0.0003350266012745,19,0.02318192999108247,-0.007154207377008271
1996-10-25,0.0081984835367839,0.0090779519030371,0.0081984835367839,6.721513230291796e-05,19,0.012319489377238427,-0.0032415374742013267
1996-10-28,0.0020936655992169,0.0069503847018863,0.0020936655992169,4.383435641344458e-06,19,0.005821249931778967,0.0011291347701073333
1996-10-29,-0.0168706150529464,0.0170904747351105,0.0168706150529464,0.0002846176522647,19,0.021633389163718108,-0.004542914428607606
1996-10-30,0.0,0.0,0.0,0.0,19,0.0036037630753756517,-0.0036037630753756517
1996-10-31,-0.0099335910851152,0.0214320377921787,0.0099335910851152,9.867623184628038e-05,19,0.014175214688421993,0.007256823103756705
1996-11-01,-0.0031945405068228,0.0069058473042274,0.0031945405068228,1.020508904973211e-05,19,0.006989506550004686,-8.365924577728636e-05
1996-11-04,-0.0135579898764078,0.0155936923464424,0.0135579898764078,0.0001838190894887,19,0.018064133113303515,-0.0024704407668611154
1996-11-05,-0.0123215834117219,0.0164023517380076,0.0123215834117219,0.000151821417772,19,0.016735579981171426,-0.00033322824316382726
1996-11-06,-0.0082286712407908,0.0139289501606027,0.0082286712407908,6.771103038901912e-05,19,0.012351742316143671,0.0015772078444590294
1996-11-07,0.004838984590603,0.0109763139277809,0.004838984590603,2.3415771868094e-05,19,0.008737523219888535,0.0022387907078923654
1996-11-08,0.0076730593160128,0.007362053582087,0.0076730593160128,5.887583926705201e-05,19,0.01175830809674715,-0.004396254514660151
1996-11-11,0.0009084748571271,0.0145097430582731,0.0009084748571271,8.253265660321997e-07,19,0.004565269429472594,0.009944473628800507
1996-11-12,0.86821483067076,1.356993409262865,0.86821483067076,0.7537969921966564,19,1.4096150390620754,-0.05262162979921037
1996-11-13,-0.144600349202758,0.2291404200594753,0.144600349202758,0.0209092609895595,19,0.17008609924023319,0.05905432081924211
1996-11-14,-0.0017074794289008,0.0124650128445858,0.0017074794289008,2.9154860001195844e-06,19,0.005411797801888448,0.0070532150426973516
1996-11-15,0.0016826519841462,0.0068529420069869,0.0016826519841462,2.831317699751445e-06,19,0.005385481217712284,0.0014674607892746156
1996-11-18,0.0076679405595457,0.0125722578930945,0.0076679405595457,5.879731242472697e-05,19,0.011752842746766183,0.0008194151463283162
1996-11-19,-0.0036443345043555,0.0085449993560151,0.0036443345043555,1.3281173979636552e-05,19,0.007467282472078726,0.001077716883936374
1996-11-20,-0.0143961062119872,0.0157512910345396,0.0143961062119872,0.0002072478740668,19,0.018965837170615042,-0.0032145461360754413
1996-11-21,-0.0024992185895222,0.0131807910502976,0.0024992185895222,6.246093558213334e-06,19,0.006251443356444873,0.006929347693852727
1996-11-22,-0.0152883472906897,0.0164173409091906,0.0152883472906897,0.0002337335628807,19,0.019926771138807968,-0.0035094302296173677
1996-11-25,0.0030687428490361,0.0150725292583243,0.0030687428490361,9.417182673510428e-06,19,0.006855929793034432,0.008216599465289869
1996-11-26,0.0025245507814954,0.0150885415424664,0.0025245507814954,6.373356648349515e-06,19,0.00627832173310425,0.008810219809362151
1996-11-27,-0.0242093251415827,0.0247554776474509,0.0242093251415827,0.0005860914238108,19,0.029591198769778934,-0.004835721122328034
1996-11-28,-0.0002921861915286,0.0121130237883211,0.0002921861915286,8.53727705200213e-08,19,0.0039128889168258815,0.008200134871495218
1996-11-29,0.0073449283344643,0.0114955708324326,0.0073449283344643,5.394797223841675e-05,19,0.01140802776961632,8.754306281628065e-05
1996-12-02,-0.0083865630546786,0.0133666325539922,0.0083865630546786,7.033443987010031e-05,19,0.012520455211270886,0.0008461773427213132
1996-12-03,-0.0059383916621082,0.0138193975016694,0.0059383916621082,3.526449553259657e-05,19,0.009908126045114433,0.003911271456554967
1996-12-04,-0.0226805012777483,0.0139733834786781,0.0226805012777483,0.0005144051382099,19,0.027927656203392517,-0.013954272724714417
1996-12-05,0.0145260794287402,0.0136361503209743,0.0145260794287402,0.00021100698357,19,0.019105752825451818,-0.0054696025044775175
1996-12-06,0.0092661290044543,0.0084808008426356,0.0092661290044543,8.586114672718952e-05,19,0.013460892319913886,-0.004980091477278285
1996-12-09,0.0098511625414405,0.0146972611112618,0.0098511625414405,9.704540341788118e-05,19,0.014086967916075324,0.000610293195186476
1996-12-10,-0.0003362302058025,0.0158423568840682,0.0003362302058025,1.1305075129399845e-07,19,0.003959495986041231,0.011882860898026967
1996-12-11,0.0301404884410295,0.0240411876133329,0.0301404884410295,0.0009084490434638,19,0.03607363395389741,-0.012032446340564513
1996-12-12,-0.0126230012406659,0.0122775596884023,0.0126230012406659,0.0001593401603218,19,0.01705927951254533,-0.004781719824143028
1996-12-13,-0.0003412396597146,0.0055564479080264,0.0003412396597146,1.1644450536220057e-07,19,0.0039647971142504615,0.0015916507937759382
1996-12-16,0.0262072240333462,0.015044482739053,0.0262072240333462,0.000686818591534,19,0.03176970889490195,-0.01672522615584895
1996-12-17,-0.0004164215973453,0.0130900015666893,0.0004164215973453,1.734069467356463e-07,19,0.004044360402913385,0.009045641163775915
1996-12-18,0.0118548333668355,0.0108714143797311,0.0118548333668355,0.0001405370741554,19,0.016234558322946586,-0.005363143943215486
1996-12-19,-0.0005779726536889,0.0053355545219216,0.0005779726536889,3.340523884122744e-07,19,0.004215350852736463,0.0011202036691851372
1996-12-20,0.0155292081596949,0.017941262545664,0.0155292081596949,0.0002411563060671,19,0.02018635223308702,-0.00224508968742302
1996-12-23,-0.0005466110190731,0.010144729188853,0.0005466110190731,2.987836061721784e-07,19,0.004182154123324439,0.005962575065528562
1996-12-24,-0.0002573535734294,0.0109506046986476,0.0002573535734294,6.62308617569036e-08,19,0.00387603106022429,0.007074573638423311
1996-12-25,0.0,0.0,0.0,0.0,19,0.0036037630753756517,-0.0036037630753756517
1996-12-26,0.0193294824303264,0.0226697591339546,0.0193294824303264,0.0003736288910243,19,0.02429192659658007,-0.00162216746262547
1996-12-27,0.0,0.0,0.0,0.0,19,0.0036037630753756517,-0.0036037630753756517
1996-12-30,0.0,0.0,0.0,0.0,19,0.0036037630753756517,-0.0036037630753756517
1996-12-31,-0.0173676017048933,0.0138032700017646,0.0173676017048933,0.0003016335889798,19,0.02217010241967176,-0.00836683241790716
1997-01-01,0.0325615048065553,0.0225763630273333,0.0325615048065553,0.0010602515952673,19,0.038732752302134583,-0.016156389274801283
1997-01-02,-0.0091237236062891,0.0114215938329886,0.0091237236062891,8.324233244395728e-05,19,0.013308563719165108,-0.0018869698861765077
1997-01-03,0.0070799111270937,0.008963748586861,0.0070799111270937,5.012514156754647e-05,19,0.011125223181292243,-0.002161474594431244
1997-01-06,-0.0015265529505572,0.009956664222362,0.0015265529505572,2.330363910855133e-06,19,0.0052200377012737624,0.004736626521088238
1997-01-07,-0.0036566492785413,0.0160611983096934,0.0036566492785413,1.3371083946256962e-05,19,0.007480367036247409,0.008580831273445992
1997-01-08,0.0177163255232806,0.0117556576270176,0.0177163255232806,0.0003138681900468,19,0.022546892240655023,-0.010791234613637422
1997-01-09,0.0091742666103451,0.0137757614934893,0.0091742666103451,8.416716783769423e-05,19,0.013362625696218522,0.00041313579727077915
1997-01-10,0.027558713678031,0.0167121167820462,0.027558713678031,0.0007594826995876,19,0.033246302260526515,-0.016534185478480314
1997-01-13,0.0035734496177318,0.0136117640644169,0.0035734496177318,1.2769542170468117e-05,19,0.007391970424013007,0.0062197936404038935
1997-01-14,0.0076671997442087,0.023206909454061,0.0076671997442087,5.87859519175946e-05,19,0.011752051773267018,0.01145485768079398
1997-01-15,0.0472620982920704,0.0226828349865196,0.0472620982920704,0.0022337059349693,19,0.05504194027697928,-0.032359105290459676
1997-01-16,-0.0216093068589737,0.0215792018608974,0.0216093068589737,0.0004669621429252,19,0.0267638706881579,-0.0051846688272605
1997-01-17,-0.0044710470003345,0.0145270907694902,0.0044710470003345,1.9990261279200505e-05,19,0.008346107861219412,0.006180982908270788
1997-01-20,-0.019594543140997,0.018537293623385,0.019594543140997,0.0003839461209043,19,0.024578978377764172,-0.006041684754379172
1997-01-21,-0.007260150791235,0.0201611290309289,0.007260150791235,5.270978951147112e-05,19,0.011317550256616536,0.008843578774312365
1997-01-22,0.0228434416658498,0.0160221276574089,0.0228434416658498,0.000521822827141,19,0.028104810793848783,-0.012082683136439884
1997-01-23,0.0,0.0,0.0,0.0,19,0.0036037630753756517,-0.0036037630753756517
1997-01-24,0.0005538781281541,0.0134583455584067,0.0005538781281541,3.067809808475537e-07,19,0.004189846346782082,0.009268499211624617
1997-01-27,0.0217795138459548,0.0161665003086947,0.0217795138459548,0.0004743472233661,19,0.026948690694773736,-0.010782190386079037
1997-01-28,0.0100165487454484,0.017955270013713,0.0100165487454484,0.0001003312487699,19,0.014264036800583964,0.003691233213129034
1997-01-29,0.0008103476378547,0.0166148411229445,0.0008103476378547,6.566632941767847e-07,19,0.004461362672824451,0.01215347845012005
1997-01-30,-0.0108194819948914,0.0158838567052994,0.0108194819948914,0.0001170611906377,19,0.015124191235133538,0.0007596654701658625
1997-01-31,-0.021072523819428,0.0184280285502331,0.021072523819428,0.0004440512601203,19,0.026181247955733657,-0.0077532194055005554
1997-02-03,-0.0202543907211232,0.0152627074577209,0.0202543907211232,0.0004102403434839,19,0.02529396577802948,-0.01003125832030858
1997-02-04,0.0088890418376984,0.0154187058988642,0.0088890418376984,7.901506479235275e-05,19,0.013057585921939792,0.0023611199769244078
1997-02-05,0.0039376601889513,0.0112571285113701,0.0039376601889513,1.550516776365273e-05,19,0.007778997111009869,0.0034781314003602317
1997-02-06,0.0007673243269117,0.0083564715012044,0.0007673243269117,5.887866226706062e-07,19,0.004415809285616404,0.0039406622155879955
1997-02-07,0.0078939759235888,0.0095016053790564,0.0078939759235888,6.231485588220006e-05,19,0.011994215378835289,-0.002492609999778888
1997-02-10,0.0027020349225082,0.0068922414536617,0.0027020349225082,7.300992722454295e-06,19,0.006466662145292981,0.0004255793083687183
1997-02-11,0.0120476833534923,0.0121992861773748,0.0120476833534923,0.000145146674186,19,0.016441534352972804,-0.004242248175598004
1997-02-12,0.0107633698017395,0.01025945461076,0.0107633698017395,0.0001158501294889,19,0.015064053087747182,-0.004804598476987183
1997-02-13,0.0024243249582994,0.0114012962158663,0.0024243249582994,5.877351503433695e-06,19,0.006171983346639323,0.005229312869226978
1997-02-14,0.0070750377371942,0.0088042394779355,0.0070750377371942,5.0056158982723365e-05,19,0.011120023550863677,-0.002315784072928177
1997-02-17,0.0052773364651312,0.0118575591237762,0.0052773364651312,2.7850280166204363e-05,19,0.009204074571867078,0.002653484551909122
1997-02-18,-0.0107151976426263,0.0123623730844868,0.0107151976426263,0.0001148154605205,19,0.015012427908039557,-0.002650054823552756
1997-02-19,0.008312076177773,0.0128701615247934,0.008312076177773,6.90906103851028e-05,19,0.012440859373538012,0.0004293021512553879
1997-02-20,-0.0099404836611242,0.0058372280343364,0.0099404836611242,9.881321541707811e-05,19,0.01418259417599863,-0.00834536614166223
1997-02-21,-0.006765993363256,0.0104837446166175,0.006765993363256,4.577866619162523e-05,19,0.010790353501926779,-0.0003066088853092789
1997-02-24,-0.0254309486688613,0.0153192047635903,0.0254309486688613,0.0006467331501982,19,0.030922644323185654,-0.015603439559595355
1997-02-25,-0.003882416349066,0.0114266519863016,0.003882416349066,1.507315670749514e-05,19,0.0077202814573667814,0.003706370528934819
1997-02-26,0.0053431586475039,0.0089479497006355,0.0053431586475039,2.854934433239672e-05,19,0.009274152608140003,-0.00032620290750450323
1997-02-27,0.0195036199491705,0.0136726845585673,0.0195036199491705,0.0003803911911216,19,0.024480501395118474,-0.010807816836551175
1997-02-28,0.0499630473511767,0.0279029029038891,0.0499630473511767,0.0024963061006159,19,0.05806884175777641,-0.030165938853887308
1997-03-03,0.0546493095720984,0.0381487266316503,0.0546493095720984,0.002986547036707,19,0.06334303975741742,-0.025194313125767122
1997-03-04,0.0074171102152344,0.0131925673998913,0.0074171102152344,5.50135239449358e-05,19,0.011485070087020783,0.0017074973128705165
1997-03-05,0.0177436574621263,0.0211612325031852,0.0177436574621263,0.0003148373801332,19,0.022576430558535143,-0.0014151980553499428
1997-03-06,0.0026268731272206,0.0179077029828487,0.0026268731272206,6.900462426513846e-06,19,0.006386897911592133,0.011520805071256565
1997-03-07,0.6050567389241105,0.9774699345335308,0.6050567389241105,0.3660936573174792,19,0.880447725979758,0.09702220855377286
1997-03-10,-0.1394482776230056,0.1643437609673718,0.1394482776230056,0.0194458221320228,19,0.16368962031626091,0.0006541406511108849
1997-03-11,-0.0151387573641326,0.0222646024691763,0.0151387573641326,0.00022918197453,19,0.01976559254447086,0.0024990099247054406
1997-03-12,0.0212045351720934,0.0149993116934395,0.0212045351720934,0.0004496323118645,19,0.026324498123336832,-0.011325186429897332
1997-03-13,-0.0044775354290918,0.0092932578568013,0.0044775354290918,2.0048323518772625e-05,19,0.008353008793694387,0.0009402490631069127
1997-03-14,0.0071703935149644,0.0120797878003231,0.0071703935149644,5.141454315944472e-05,19,0.011221768335127492,0.0008580194651956075
1997-03-17,0.0066061283491408,0.0127886791728064,0.0066061283491408,4.364093176532274e-05,19,0.010619867561564016,0.0021688116112423845
1997-03-18,-0.0022489519085512,0.0121169544374739,0.0022489519085512,5.05778468697625e-06,19,0.0059859459274818685,0.0061310085099920315
1997-03-19,-0.0095357051442721,0.0101531473635655,0.0095357051442721,9.092967259849771e-05,19,0.013749325115928149,-0.0035961777523626486
1997-03-20,0.0015627896621802,0.0081750408897259,0.0015627896621802,2.4423115282174336e-06,19,0.0052584408243577865,0.002916600065368114
1997-03-21,0.0074937920446221,0.0119075619040119,0.0074937920446221,5.6156919208042754e-05,19,0.011566922745792916,0.000340639158218985
1997-03-24,0.0,0.0,0.0,0.0,19,0.0036037630753756517,-0.0036037630753756517
1997-03-25,-0.0017695440675607,0.0102390130801078,0.0017695440675607,3.131286207039492e-06,19,0.005477588539431007,0.0047614245406767935
1997-03-26,-0.0061961268477474,0.0154943715868218,0.0061961268477474,3.839198791337678e-05,19,0.010182778000160146,0.005311593586661653
1997-03-27,-0.0025391215108805,0.0069169055283387,0.0025391215108805,6.447138047016151e-06,19,0.006293782182827061,0.000623123345511639
1997-03-28,0.0,0.0,0.0,0.0,19,0.0036037630753756517,-0.0036037630753756517
1997-03-31,-0.0821738702837902,0.0305852455898674,0.0821738702837902,0.0067525449574171,19,0.09489434339262724,-0.06430909780275984
1997-04-01,0.0122667643288404,0.0243401019520906,0.0122667643288404,0.0001504735070993,19,0.01667672114151858,0.00766338081057202
1997-04-02,0.0292728422577701,0.0155550650330382,0.0292728422577701,0.0008568992938482,19,0.03512250239118076,-0.01956743735814256
1997-04-03,0.0140343405267042,0.015273005546869,0.0140343405267042,0.0001969627140194,20,0.01857651291667404,-0.003303507369805038
1997-04-04,-0.0015153105047058,0.0114296809605654,0.0015153105047058,2.296165925671913e-06,20,0.005208123471202938,0.006221557489362461
1997-04-07,-0.0074275753992108,0.0160762481541579,0.0074275753992108,5.516887631096272e-05,20,0.011496240513772347,0.004580007640385552
1997-04-08,0.0,0.0,0.0,0.0,20,0.0036037630753756517,-0.0036037630753756517
1997-04-09,0.0343742097612475,0.0230073776111383,0.0343742097612475,0.0011815862967102,20,0.040728697628319745,-0.017721320017181446
1997-04-10,-0.0152108790239535,0.0096804656002658,0.0152108790239535,0.0002313708406813,20,0.0198432978242268,-0.010162832223961001
1997-04-11,0.0021000755788848,0.0086277244583447,0.0021000755788848,4.410317437028582e-06,20,0.005828047711481365,0.002799676746863335
1997-04-14,0.5748038730543004,0.9346469223875816,0.5748038730543004,0.3303994924782242,20,0.8253563784249782,0.1092905439626034
1997-04-15,-0.1059426404145602,0.164637219957713,0.1059426404145602,0.0112238430580088,20,0.1229290755094022,0.041708144448310794
1997-04-16,0.0,0.0,0.0,0.0,20,0.0036037630753756517,-0.0036037630753756517
1997-04-17,0.0131613482375041,0.0183333082662406,0.0131613482375041,0.0001732210874288,20,0.017637715170748487,0.000695593095492112
1997-04-18,0.0,0.0,0.0,0.0,20,0.0036037630753756517,-0.0036037630753756517
1997-04-21,0.0198769029606486,0.0164767593610511,0.0198769029606486,0.000395091271307,20,0.024884864498481502,-0.008408105137430403
1997-04-22,0.0007683816258991,0.0131514519713563,0.0007683816258991,5.904103230193897e-07,20,0.004416928732590933,0.008734523238765368
1997-04-23,0.0183214448476861,0.0114084393889992,0.0183214448476861,0.0003356753413068,20,0.023201086178735963,-0.011792646789736762
1997-04-24,0.0036026370196989,0.0145879471736087,0.0036026370196989,1.2978993495705586e-05,20,0.007422979956753818,0.0071649672168548825
1997-04-25,0.006523375399373,0.0123012071561372,0.006523375399373,4.255442660114544e-05,20,0.010531629755254292,0.001769577400882908
1997-04-28,0.0021743304479895,0.0115664439704571,0.0021743304479895,4.727712897054503e-06,20,0.00590679883162205,0.005659645138835049
1997-04-29,-0.0053367167669683,0.0087006430393151,0.0053367167669683,2.8480545850840858e-05,20,0.009267293968556122,-0.0005666509292410211
1997-04-30,0.0213399120462722,0.0125501826288987,0.0213399120462722,0.0004553918461426,20,0.026471423753171044,-0.013921241124272343
1997-05-01,0.0,0.0,0.0,0.0,20,0.0036037630753756517,-0.0036037630753756517
1997-05-02,-0.005619257581055,0.0115141767270939,0.005619257581055,3.157605576224449e-05,20,0.009568164293765074,0.0019460124333288264
1997-05-05,-0.0147918297828328,0.0195716798193162,0.0147918297828328,0.0002187982283242,20,0.019391900062284133,0.00017977975703206694
1997-05-06,-0.0057414463875787,0.0180069916828236,0.0057414463875787,3.296420662144086e-05,20,0.009698311949944303,0.008308679732879297
1997-05-07,0.01282965347181,0.0243105099409818,0.01282965347181,0.0001646000082067,20,0.01728127601093541,0.00702923393004639
1997-05-08,0.0109396244040904,0.0118923537136384,0.0109396244040904,0.0001196753821025,20,0.015252967355813293,-0.0033606136421748933
1997-05-09,4.250311503310954e-05,0.0085034590430382,4.250311503310954e-05,1.806514787517742e-09,20,0.0036487234660993262,0.004854735576938873
1997-05-12,-0.0088989656160419,0.0129222534152361,0.0088989656160419,7.919158903549599e-05,20,0.013068197353031904,-0.00014594393779580363
1997-05-13,-0.0068751562218217,0.0112698270876472,0.0068751562218217,4.726777307445376e-05,20,0.010906787793612906,0.0003630392940342942
1997-05-14,0.011827575368558,0.0113114221241681,0.011827575368558,0.0001398915390989,20,0.016205307588290325,-0.004893885464122226
1997-05-15,0.0072313033632172,0.0121628949692335,0.0072313033632172,5.229174833087768e-05,20,0.01128676540860295,0.0008761295606305487
1997-05-16,0.0066480498773721,0.0141332955557239,0.0066480498773721,4.4196567172028135e-05,20,0.010664571025153608,0.003468724530570292
1997-05-19,0.0012091353198901,0.0106747717100547,0.0012091353198901,1.4620082218058909e-06,20,0.004883715878166245,0.0057910558318884555
1997-05-20,-0.0035520963701887,0.0150078915506208,0.0035520963701887,1.2617388623108054e-05,20,0.007369284819691623,0.007638606730929177
1997-05-21,-0.0064484002793027,0.0136255072819545,0.0064484002793027,4.158186616211217e-05,20,0.010451692942291271,0.0031738143396632286
1997-05-22,-0.0051357790824857,0.0068705664783921,0.0051357790824857,2.637622678409792e-05,20,0.009053383527306324,-0.0021828170489142235
1997-05-23,-0.0001170369060097,0.008163300848977,0.0001170369060097,1.3697637368336193e-08,20,0.0037275719976882595,0.004435728851288741
1997-05-26,-0.0052890410472759,0.0114651246140261,0.0052890410472759,2.7973955199769933e-05,20,0.009216535525476249,0.0022485890885498502
1997-05-27,-0.0020240088459753,0.0136608453736089,0.0020240088459753,4.0966118085866105e-06,20,0.005747382413156412,0.007913462960452488
1997-05-28,0.0056891394326438,0.0125237672535857,0.0056891394326438,3.2366307484063013e-05,20,0.0096425955819179,0.0028811716716677996
1997-05-29,0.0091835890754483,0.0115783311610486,0.0091835890754483,8.433830830669357e-05,20,0.01337259758355021,-0.0017942664225016093
1997-05-30,0.016079783108634,0.0129804105108646,0.016079783108634,0.0002585594248207,20,0.020780000932191428,-0.007799590421326828
1997-06-02,0.0085590001554804,0.0134785202623204,0.0085590001554804,7.325648366151387e-05,20,0.012704747098994107,0.0007737731633262936
1997-06-03,0.0073396051429046,0.0142734273490354,0.0073396051429046,5.386980365375277e-05,20,0.011402346402704419,0.0028710809463309804
1997-06-04,0.006041359116816,0.0152219824200389,0.006041359116816,3.649801997833689e-05,20,0.010017841587855137,0.005204140832183762
1997-06-05,0.0076520785436337,0.013253757057188,0.0076520785436337,5.855430603793972e-05,20,0.011735906921251983,0.001517850135936017
1997-06-06,0.001318390213882,0.0110723102677538,0.001318390213882,1.7381527560599842e-06,20,0.004999462867903472,0.006072847399850328
1997-06-09,-0.0069026568995191,0.0152069600406758,0.0069026568995191,4.764667227247967e-05,20,0.010936122746652939,0.004270837294022861
1997-06-10,0.0048174894557347,0.0119246291783218,0.0048174894557347,2.3208204656115536e-05,20,0.008714651682404479,0.003209977495917322
1997-06-11,0.0257925439961904,0.0127478032893043,0.0257925439961904,0.0006652553257954,20,0.0313171168352098,-0.018569313545905505
1997-06-12,0.0100208502544357,0.0108028057690356,0.0100208502544357,0.0001004174398218,20,0.01426864263511476,-0.0034658368660791597
1997-06-13,0.0062221276839934,0.0156218123116425,0.0062221276839934,3.8714872915917794e-05,20,0.010210490205990519,0.005411322105651982
1997-06-16,-0.0057741745775958,0.019043122514625,0.0057741745775958,3.3341092052553674e-05,20,0.009733175192354816,0.009309947322270185
1997-06-17,0.0020722015627659,0.0240956149273797,0.0020722015627659,4.294019316729544e-06,20,0.005798487720659199,0.018297127206720498
1997-06-18,0.017889359983819,0.0169524126581477,0.017889359983819,0.0003200292006306,20,0.022733911269541267,-0.005781498611393567
1997-06-19,0.0003626729047569,0.0123587573994811,0.0003626729047569,1.315316358448689e-07,20,0.003987478671663423,0.008371278727817677
1997-06-20,-0.0029202773538673,0.0167868042968918,0.0029202773538673,8.528019823510462e-06,20,0.0066983098012486,0.010088494495643202
1997-06-23,0.006230572594443,0.0192569330533697,0.006230572594443,3.882003485462515e-05,20,0.010219491146848657,0.009037441906521044
1997-06-24,0.0073111150453793,0.0156225911860143,0.0073111150453793,5.345240320677278e-05,20,0.011371939948554202,0.004250651237460098
1997-06-25,0.0073692767459379,0.0173003336702889,0.0073692767459379,5.4306239758222354e-05,20,0.011434014951470069,0.00586631871881883
1997-06-26,0.0007885214841205,0.0115407255429814,0.0007885214841205,6.21766130919604e-07,20,0.004438252686939895,0.0071024728560415045
1997-06-27,-0.0016483113361516,0.0116551128482198,0.0016483113361516,2.7169302608859366e-06,20,0.005349082146872516,0.006306030701347285
1997-06-30,0.0112216964244594,0.0184523999363001,0.0112216964244594,0.0001259264706427,20,0.015555383116288264,0.0028970168200118367
1997-07-01,0.0025021879622307,0.0226595399958125,0.0025021879622307,6.260944598332448e-06,20,0.006254593925887017,0.016404946069925486
1997-07-02,0.014477921521201,0.0211724039470519,0.014477921521201,0.000209610211574,20,0.019053908479272796,0.002118495467779105
1997-07-03,-0.0090041205172771,0.0139943355099333,0.0090041205172771,8.10741862896515e-05,20,0.013180646627304029,0.0008136888826292717
1997-07-04,0.0009730023266844,0.016422856608667,0.0009730023266844,9.46733527733432e-07,20,0.004633604254091075,0.011789252354575924
1997-07-07,0.0023444521261892,0.0227876049484417,0.0023444521261892,5.4964557719932685e-06,20,0.00608724854314136,0.01670035640530034
1997-07-08,2.0022807198699645e-05,0.0186532898292766,2.0022807198699645e-05,4.0091280811629827e-10,20,0.0036249431902531195,0.01502834663902348
1997-07-09,0.0314045190809744,0.0250484288614533,0.0314045190809744,0.0009862438187072,20,0.03746103335149284,-0.012412604490039541
1997-07-10,0.0033050795571481,0.015487077065849,0.0033050795571481,1.0923550879078316e-05,20,0.007106898034571445,0.008380179031277555
1997-07-11,-0.0133266893833103,0.0143950408882521,0.0133266893833103,0.0001776006499192,20,0.0178154439102943,-0.0034204030220421986
1997-07-14,-0.0222618772579206,0.0224551562913169,0.0222618772579206,0.0004955911790467,20,0.027472670756750302,-0.005017514465433401
1997-07-15,-0.0015085917358116,0.0206214463930657,0.0015085917358116,2.275849025359179e-06,20,0.005201003305198772,0.015420443087866928
1997-07-16,-0.001205058611294,0.0097640744045861,0.001205058611294,1.4521662566540156e-06,20,0.00487939722408115,0.00488467718050495
1997-07-17,-0.0003422853593729,0.0105071643071383,0.0003422853593729,1.171592672410386e-07,20,0.003965903703625906,0.006541260603512395
1997-07-18,0.0,0.0,0.0,0.0,20,0.0036037630753756517,-0.0036037630753756517
1997-07-21,-0.0076409574920822,0.0220891907560236,0.0076409574920822,5.838423139580757e-05,20,0.011724033202896774,0.010365157553126825
1997-07-22,0.0100859346336997,0.0132835868257436,0.0100859346336997,0.0001017260774352,20,0.014338334561463507,-0.0010547477357199068
1997-07-23,0.0246327629921266,0.0190518072067435,0.0246327629921266,0.0006067730126262,20,0.030052484376558435,-0.011000677169814933
1997-07-24,-0.0033988897989846,0.0118835309344616,0.0033988897989846,1.1552451865641642e-05,20,0.0072065360748342425,0.0046769948596273574
1997-07-25,-0.0098901101988331,0.0079769861124727,0.0098901101988331,9.781427974506307e-05,20,0.014128663603052639,-0.006151677490579939
1997-07-28,-0.0084229076251088,0.0135080600987045,0.0084229076251088,7.09453728611174e-05,20,0.012559295215652062,0.000948764883052438
1997-07-29,0.006726326584667,0.0061964366524232,0.006726326584667,4.524346932359865e-05,20,0.010748048303642415,-0.0045516116512192145
1997-07-30,0.007621852559582,0.0149475313030621,0.007621852559582,5.8092636440007885e-05,20,0.011703635632370587,0.003243895670691513
1997-07-31,0.0136118066308953,0.0124358175740155,0.0136118066308953,0.0001852812797568,20,0.018122005630062884,-0.005686188056047384
1997-08-01,0.0038003310022513,0.0135917914362485,0.0038003310022513,1.4442515726672829e-05,20,0.00763304472740781,0.00595874670884069
1997-08-04,0.0069482101832734,0.0082820486605553,0.0069482101832734,4.827762475094543e-05,20,0.010984716554295601,-0.002702667893740301
1997-08-05,0.0237044618767215,0.0170930828518719,0.0237044618767215,0.0005619015128649,20,0.02904151295148759,-0.01194843009961569
1997-08-06,0.0149737183559173,0.0134731969739209,0.0149737183559173,0.0002242122414023,20,0.019587801625262427,-0.006114604651341527
1997-08-07,-0.0050169112509849,0.0259805798598654,0.0050169112509849,2.516939850025909e-05,20,0.008926866049881431,0.01705371380998397
1997-08-08,-0.0061366660040971,0.016669789021644,0.0061366660040971,3.76586696458412e-05,20,0.010119406743523315,0.006550382278120685
1997-08-11,0.0033459371977892,0.0146990628574189,0.0033459371977892,1.119529573154995e-05,20,0.007150292485648498,0.0075487703717704024
1997-08-12,-0.0030133543239642,0.0191556619737809,0.0030133543239642,9.080304281754166e-06,20,0.006797122633922149,0.01235853933985875
1997-08-13,0.003955107003377,0.0160050199665245,0.003955107003377,1.5642871408162578e-05,20,0.007797541195513493,0.00820747877101101
1997-08-14,-0.0106802202401517,0.011935721481551,0.0106802202401517,0.0001140671043781,20,0.014974945177537835,-0.0030392236959868348
1997-08-15,0.0,0.0,0.0,0.0,20,0.0036037630753756517,-0.0036037630753756517
1997-08-18,-0.0166925974796668,0.011212490576314,0.0166925974796668,0.0002786428106181,20,0.02144121949656885,-0.01022872892025485
1997-08-19,-0.0191653070374179,0.0178164636205128,0.0191653070374179,0.0003673089938385,20,0.024114175787514486,-0.006297712167001687
1997-08-20,0.017471407928109,0.0178044115566514,0.017471407928109,0.0003052500949903,20,0.022282246732423,-0.004477835175771598
1997-08-21,-0.0093427692873679,0.0131864673017603,0.0093427692873679,8.728733795698668e-05,20,0.013542883969867489,-0.0003564166681071894
1997-08-22,-0.0193298251838297,0.0110273086265199,0.0193298251838297,0.0003736421416374,20,0.02429229772833241,-0.01326498910181251
1997-08-25,-0.0187640079172813,0.015726774311926,0.0187640079172813,0.0003520879931197,20,0.023679840642706864,-0.007953066330780863
1997-08-26,0.0050723547303979,0.0091080664919226,0.0050723547303979,2.5728782510989967e-05,20,0.008985875276085893,0.0001221912158367068
1997-08-27,0.0095464974340772,0.0171465332799034,0.0095464974340772,9.11356132588434e-05,20,0.013760874275984476,0.003385659003918925
1997-08-28,-0.0336410245464941,0.0150375839020834,0.0336410245464941,0.0011317185325378,20,0.03992088512856413,-0.024883301226480727
1997-08-29,-0.0291880029622271,0.0171492436550769,0.0291880029622271,0.0008519395169229,20,0.03502955208746488,-0.01788030843238798
1997-09-01,0.0004675725780647,0.0187167351302424,0.0004675725780647,2.186241157580843e-07,20,0.004098496471389392,0.014618238658853006
1997-09-02,0.0113350613078762,0.0251686526990186,0.0113350613078762,0.0001284836148533,20,0.015676953158143422,0.009491699540875177
1997-09-03,0.0109117459267656,0.0166418236617151,0.0109117459267656,0.0001190661991702,20,0.015223083802687987,0.001418739859027112
1997-09-04,0.0068180331170888,0.0190527383068519,0.0068180331170888,4.648557558571978e-05,20,0.01084585774610527,0.008206880560746631
1997-09-05,0.0138662388475707,0.0179173443972843,0.0138662388475707,0.0001922725797778,20,0.01839566321577123,-0.0004783188184869294
1997-09-08,0.0078343427236819,0.012987941692479,0.0078343427236819,6.137692591210803e-05,20,0.011930529444376222,0.0010574122481027785
1997-09-09,0.0029520282122151,0.0157953815245465,0.0029520282122151,8.714470565713904e-06,20,0.006732016044695459,0.009063365479851041
1997-09-10,-0.0047693064105314,0.0165808338993366,0.0047693064105314,2.274628363753596e-05,20,0.008663385493671504,0.007917448405665098
1997-09-11,0.0010785980732418,0.010053246859191,0.0010785980732418,1.1633738036011288e-06,20,0.004745442154164837,0.005307804705026163
1997-09-12,-0.005838962810533,0.010889639610958,0.005838962810533,3.409348670278832e-05,20,0.009802194029923139,0.001087445581034862
1997-09-15,-0.0045979638414806,0.0141020486651181,0.0045979638414806,2.114127148756359e-05,20,0.008481103364266503,0.0056209453008515976
1997-09-16,-0.0013483263445208,0.0111051997151639,0.0013483263445208,1.817983931328836e-06,20,0.0050311805454864265,0.006074019169677473
1997-09-17,0.0057470253256505,0.013109058594293,0.0057470253256505,3.3028300093668634e-05,20,0.009704254736989734,0.0034048038573032662
1997-09-18,-0.0219499953913839,0.0126447815076253,0.0219499953913839,0.0004818022976817,20,0.027133846404100395,-0.014489064896475095
1997-09-19,0.0046140511827876,0.0125252190610656,0.0046140511827876,2.128946831738393e-05,20,0.008498216204390894,0.004027002856674705
1997-09-22,-0.0183677739708459,0.0112801093819501,0.0183677739708459,0.000337375120644,20,0.02325119207451258,-0.01197108269256248
1997-09-23,0.0017577908538279,0.0137850027520054,0.0017577908538279,3.089828685801264e-06,20,0.005465129329844178,0.008319873422161221
1997-09-24,0.0103998851156768,0.0127820943715655,0.0103998851156768,0.0001081576104192,20,0.01467458765696679,-0.0018924932854012897
1997-09-25,0.0042049000311189,0.01191313507998,0.0042049000311189,1.7681184271704062e-05,20,0.008063087461358405,0.0038500476186215955
1997-09-26,0.0072748573037965,0.0093591545161923,0.0072748573037965,5.292354879060229e-05,20,0.011333244886540356,-0.0019740903703480556
1997-09-29,0.0093781083013234,0.0124086605884548,0.0093781083013234,8.794891531135144e-05,20,0.013580693071604932,-0.001172032483150131
1997-09-30,0.0061617213097839,0.0248395867035326,0.0061617213097839,3.796680949944607e-05,20,0.010146109241354114,0.014693477462178486
1997-10-01,-0.0141928965101906,0.0201555266031179,0.0141928965101906,0.0002014383113489,20,0.018747126527168197,0.001408400075949702
1997-10-02,0.0,0.0,0.0,0.0,20,0.0036037630753756517,-0.0036037630753756517
1997-10-03,0.0,0.0,0.0,0.0,20,0.0036037630753756517,-0.0036037630753756517
1997-10-06,0.0,0.0,0.0,0.0,20,0.0036037630753756517,-0.0036037630753756517
1997-10-07,0.0,0.0,0.0,0.0,20,0.0036037630753756517,-0.0036037630753756517
1997-10-08,0.0,0.0,0.0,0.0,20,0.0036037630753756517,-0.0036037630753756517
1997-10-09,0.0104952917998727,0.0217337034487015,0.0104952917998727,0.0001101511499644,20,0.014776797166362652,0.006956906282338847
1997-10-10,0.0188248544645118,0.0180811825082027,0.0188248544645118,0.00035437514561,20,0.023745682841020837,-0.005664500332818137
1997-10-13,-0.0072854467017747,0.0106624941315589,0.0072854467017747,5.307773364440031e-05,20,0.011344545949934056,-0.0006820518183751553
1997-10-14,-0.0141685984881331,0.0168076167051371,0.0141685984881331,0.0002007491831179,20,0.018720978615373474,-0.0019133619102363747
1997-10-15,0.0141306048984532,0.0122555730494326,0.0141306048984532,0.0001996739947961,20,0.01868009397754621,-0.00642452092811361
1997-10-16,0.0155602606394025,0.0121105809274336,0.0155602606394025,0.0002421217111661,20,0.02021982364045626,-0.00810924271302266
1997-10-17,0.0095203505316012,0.0161050701482648,0.0095203505316012,9.063707424455936e-05,20,0.013732893934069516,0.002372176214195283
1997-10-20,-0.0003565507277978,0.0138467941562662,0.0003565507277978,1.2712842149314138e-07,20,0.00398099986700364,0.00986579428926256
1997-10-21,-0.0185305148184958,0.0155469643177904,0.0185305148184958,0.0003433799794384,20,0.023427221645090437,-0.007880257327300038
1997-10-22,0.001938823408541,0.0112490908328761,0.001938823408541,3.7590362095066967e-06,20,0.00565705603081725,0.005592034802058849
1997-10-23,-0.0092571498999842,0.011990276426485,0.0092571498999842,8.569482427077902e-05,20,0.013451286751565459,-0.0014610103250804595
1997-10-24,-0.0132536570014411,0.011692266706085,0.0132536570014411,0.0001756594239118,20,0.017736935477490025,-0.006044668771405026
1997-10-27,0.0344522371117971,0.0876899621174113,0.0344522371117971,0.0011869566420074,20,0.04081470794189593,0.04687525417551537
1997-10-28,-0.0697644542619988,0.0171784895761531,0.0697644542619988,0.0048670790784745,20,0.08054813739962248,-0.06336964782346938
1997-10-29,0.0648250704242446,0.0192305384694423,0.0648250704242446,0.0042022897555082,20,0.07489327679041542,-0.055662738320973126
1997-10-30,-0.012818513349164,0.0120022874870626,0.012818513349164,0.0001643142844826,20,0.01726930730695402,-0.005267019819891418
1997-10-31,0.0,0.0,0.0,0.0,20,0.0036037630753756517,-0.0036037630753756517
1997-11-03,-0.0047929247434944,0.0109572415357831,0.0047929247434944,2.297212759680156e-05,20,0.008688514744561353,0.0022687267912217465
1997-11-04,-0.0024942777252427,0.016255479101926,0.0024942777252427,6.221421370642321e-06,20,0.006246201016573458,0.010009278085352541
1997-11-05,-0.0250649156561817,0.0460639186436131,0.0250649156561817,0.0006282499968515,20,0.030523502930607804,0.015540415713005299
1997-11-06,-0.0047000943969921,0.0097032183575262,0.0047000943969921,2.2090887340636963e-05,20,0.008589749988088818,0.0011134683694373811
1997-11-07,8.591308196899544e-05,0.0151912300084765,8.591308196899544e-05,7.3810576534113295e-09,20,0.0036946455500482763,0.011496584458428225
1997-11-10,-0.0037091779859996,0.0144650194744594,0.0037091779859996,1.3758001331824238e-05,20,0.0075361814886714855,0.006928837985787914
1997-11-11,2.851828923947455e-05,0.0104639508512183,2.851828923947455e-05,8.132928211463295e-10,20,0.0036339298633948306,0.00683002098782347
1997-11-12,-0.0184775005358098,0.0149620381048708,0.0184775005358098,0.0003414180260508,20,0.023369874679362104,-0.008407836574491304
1997-11-13,-0.0171314190585773,0.0126951759479562,0.0171314190585773,0.0002934855189605,20,0.02191500067807613,-0.009219824730119931
1997-11-14,0.0,0.0,0.0,0.0,20,0.0036037630753756517,-0.0036037630753756517
1997-11-17,-2.046441729028036e-05,0.0135502636798351,2.046441729028036e-05,4.187923750307255e-10,20,0.003625410331020861,0.009924853348814239
1997-11-18,-0.0116223207476505,0.0141143315236771,0.0116223207476505,0.0001350783395612,20,0.01598507839646259,-0.001870746872785491
1997-11-19,-0.0185248150334871,0.0190369293379547,0.0185248150334871,0.0003431687720249,20,0.023421055860935302,-0.004384126522980602
1997-11-20,0.0025405151858104,0.0117882158773866,0.0025405151858104,6.45421740933338e-06,20,0.006295260972963654,0.005492954904422947
1997-11-21,0.010782753075842,0.019190271445624,0.010782753075842,0.0001162677638945,20,0.015084826618194557,0.004105444827429444
1997-11-24,-0.0186520490317679,0.0173534092939299,0.0186520490317679,0.0003478989330834,20,0.023558702172995934,-0.006205292879066033
1997-11-25,0.0183908503571576,0.0210030004572512,0.0183908503571576,0.0003382233768593,20,0.0232761506951228,-0.002273150237871599
1997-11-26,0.0029164749491231,0.01591721126058,0.0029164749491231,8.505826128862827e-06,20,0.006694273311843745,0.009222937948736253
1997-11-27,0.0217757015830034,0.013677451708836,0.0217757015830034,0.000474181179432,20,0.026944550721904215,-0.013267099013068214
1997-11-28,-0.0189877393144421,0.0141946944031491,0.0189877393144421,0.0003605342442732,20,0.023921964511824944,-0.009727270108675844
1997-12-01,0.0025710694366293,0.0133705502638108,0.0025710694366293,6.610398047969538e-06,20,0.006327681879606348,0.007042868384204452
1997-12-02,-0.0113500580558748,0.0140900250752737,0.0113500580558748,0.0001288238178717,20,0.01569303659065821,-0.0016030115153845108
1997-12-03,0.0032083699210588,0.0123421134242098,0.0032083699210588,1.02936375503553e-05,20,0.007004192399278198,0.005337921024931601
1997-12-04,-0.0128827163203937,0.0093805493001934,0.0128827163203937,0.0001659643797917,20,0.017338287778058004,-0.007957738477864604
1997-12-05,-0.0069889145097135,0.0132753643221198,0.0069889145097135,4.884492602408458e-05,20,0.011028140024796428,0.0022472242973233716
1997-12-08,0.0030143383392091,0.011421250174323,0.0030143383392091,9.086235623226145e-06,20,0.006798167348920877,0.004623082825402122
1997-12-09,-0.0210693189028627,0.0181236711874713,0.0210693189028627,0.0004439161990305,20,0.026177770468241553,-0.008054099280770253
1997-12-10,-0.0125102482919537,0.0153421615136462,0.0125102482919537,0.0001565063123263,20,0.01693817776947398,-0.0015960162558277795
1997-12-11,-0.0055063127743774,0.0203250400859799,0.0055063127743774,3.0319480369272675e-05,20,0.00944787993113793,0.01087716015484197
1997-12-12,-0.008787433561255,0.0130635306649541,0.008787433561255,7.721898859347116e-05,20,0.012948944189349528,0.00011458647560457294
1997-12-15,0.0073010394648008,0.0134818482785827,0.0073010394648008,5.330517726657979e-05,20,0.011361186895945561,0.0021206613826371384
1997-12-16,0.0102550172168859,0.0131909376571134,0.0102550172168859,0.0001051653781186,20,0.014519412695080832,-0.0013284750379674321
1997-12-17,0.0169786059117908,0.0171642817601369,0.0169786059117908,0.0002882730587079,20,0.02174998509200818,-0.004585703331871277
1997-12-18,-0.0033065283426063,0.0113565567450929,0.0033065283426063,1.0933129680458832e-05,20,0.007108436736749363,0.004248120008343538
1997-12-19,0.0120000001716603,0.010381035006031,0.0120000001716603,0.0001440000041198,20,0.01639035395421409,-0.006009318948183089
1997-12-22,0.0168122938020717,0.0110711583733843,0.0168122938020717,0.0002826532228871,20,0.02157042695688385,-0.01049926858349955
1997-12-23,0.0027252138104791,0.0178253895948263,0.0027252138104791,7.426790312826419e-06,20,0.0064912618379868664,0.011334127756839434
1997-12-24,-0.0020920141119352,0.0150347322371649,0.0020920141119352,4.376523044536128e-06,20,0.005819498539091466,0.009215233698073432
1997-12-25,0.0,0.0,0.0,0.0,20,0.0036037630753756517,-0.0036037630753756517
1997-12-26,0.0036115847140556,0.0134726480435144,0.0036115847140556,1.3043544146800109e-05,20,0.007432486464529091,0.00604016157898531
1997-12-29,0.0142194850886143,0.0158405366362633,0.0142194850886143,0.0002021937561853,20,0.01877574025829771,-0.0029352036220344074
1997-12-30,-0.0109404014564484,0.0122532583824943,0.0109404014564484,0.0001196923840282,20,0.015253800309733969,-0.0030005419272396694
1997-12-31,0.0192794089458775,0.0090201088451975,0.0192794089458775,0.0003716956093023,20,0.02423770891505692,-0.01521760006985942
1998-01-01,0.00529088365033,0.0110162161006977,0.00529088365033,2.799344980133016e-05,20,0.009218497217051083,0.001797718883646618
1998-01-02,0.011764816232831,0.0164623265735645,0.011764816232831,0.0001384109009922,20,0.016137964007445427,0.0003243625661190734
1998-01-05,0.0113662605037054,0.0135379568622641,0.0113662605037054,0.000129191877838,20,0.015710413416641433,-0.002172456554377332
1998-01-06,-0.0170626533253779,0.0094706446887539,0.0170626533253779,0.000291134138502,20,0.02184074012303534,-0.01237009543428144
1998-01-07,0.0042723047654728,0.0085886161106124,0.0042723047654728,1.8252588009081856e-05,20,0.008134756917257775,0.0004538591933546249
1998-01-08,-0.0234710089071964,0.0098795582522251,0.0234710089071964,0.0005508882591216,20,0.028787445160436964,-0.018907886908211866
1998-01-09,-0.0224037951142536,0.0113713717929503,0.0224037951142536,0.0005019300355214,20,0.027626890108291585,-0.016255518315341284
1998-01-12,-0.0331967770939216,0.0172335127271415,0.0331967770939216,0.0011020260094235,20,0.03943175830292157,-0.022198245575780068
1998-01-13,0.0024672878966711,0.0132666317177715,0.0024672878966711,6.087509565059799e-06,20,0.006217564913265047,0.0070490668045064524
1998-01-14,-0.0057419050197719,0.0182233384960578,0.0057419050197719,3.296947325608261e-05,20,0.00969880049183995,0.008524538004217852
1998-01-15,-0.0076185635579993,0.0209798248209317,0.0076185635579993,5.8042510687276034e-05,20,0.011700124144880655,0.009279700676051043
1998-01-16,0.0050275924943594,0.0117424669731037,0.0050275924943594,2.527668628933973e-05,20,0.008938233928755684,0.0028042330443480163
1998-01-19,0.0123097967222195,0.0138684641698703,0.0123097967222195,0.0001515310953423,20,0.016722924372619213,-0.0028544602027489128
1998-01-20,-0.0089466577112042,0.0072403932974231,0.0089466577112042,8.00426842014501e-05,20,0.013119195975118177,-0.005878802677695077
1998-01-21,0.0042313957965224,0.0112611399203411,0.0042313957965224,1.790471038682756e-05,20,0.008091258922098445,0.003169880998242655
1998-01-22,-0.0180019355333318,0.0091654775958816,0.0180019355333318,0.0003240696829462,20,0.022855605924361262,-0.013690128328479663
1998-01-23,-0.0111214288662602,0.0109565003416493,0.0111214288662602,0.0001236861800272,20,0.01544787221857813,-0.004491371876928829
1998-01-26,0.0,0.0,0.0,0.0,20,0.0036037630753756517,-0.0036037630753756517
1998-01-27,-0.0195461688272975,0.0179159504952874,0.0195461688272975,0.0003820527158252,20,0.02452658385203942,-0.006610633356752018
1998-01-28,-0.016616990767422,0.0185358007602671,0.016616990767422,0.0002761243821645,20,0.021359614584084852,-0.0028238138238177515
1998-01-29,-0.0047023393030378,0.013858120053277,0.0047023393030378,2.2111994920894164e-05,20,0.008592138273767985,0.005265981779509016
1998-01-30,0.0195947891989089,0.0165281976838258,0.0195947891989089,0.0003839557637496,20,0.02457924489238692,-0.008051047208561122
1998-02-02,0.0120808252561333,0.0139980623674025,0.0120808252561333,0.0001459463388692,20,0.016477108707585262,-0.0024790463401827625
1998-02-03,-0.0075072957773994,0.0169354235135259,0.0075072957773994,5.635948988935939e-05,20,0.01158133785365978,0.00535408565986612
1998-02-04,-1.5076692105250389e-05,0.0119805334827464,1.5076692105250389e-05,2.2730664483651926e-10,20,0.0036197111440806934,0.008360822338665707
1998-02-05,0.0054512694957441,0.0089359904909725,0.0054512694957441,2.971633911523121e-05,20,0.009389265725707406,-0.00045327523473490637
1998-02-06,0.0021710580101024,0.0138196633491613,0.0021710580101024,4.713492883230054e-06,20,0.005903328092125499,0.0079163352570358
1998-02-09,-1.679835691073485e-05,0.0085503047453508,1.679835691073485e-05,2.8218479490043326e-10,20,0.003621532333402656,0.004928772411948144
1998-02-10,-0.0104553902048114,0.0099444793371488,0.0104553902048114,0.0001093151843348,20,0.014734049017438387,-0.004789569680289587
1998-02-11,-0.00504930157815,0.0126204105163675,0.00504930157815,2.549544642710872e-05,20,0.008961339019141,0.0036590714972264994
1998-02-12,-0.0110947600587207,0.0130646289845511,0.0110947600587207,0.0001230937007605,20,0.015419279043313935,-0.0023546500587628347
1998-02-13,0.0101185106876221,0.012564871330223,0.0101185106876221,0.0001023842585355,20,0.014373218844315033,-0.001808347514092033
1998-02-16,0.0,0.0,0.0,0.0,20,0.0036037630753756517,-0.0036037630753756517
1998-02-17,0.0109303015018826,0.0119273674818715,0.0109303015018826,0.000119471490922,20,0.015242973819941141,-0.0033156063380696404
1998-02-18,0.0019490185252953,0.0096966952925458,0.0019490185252953,3.7986732119445193e-06,20,0.005667865928745448,0.004028829363800352
1998-02-19,0.0084151072204638,0.0085436144951009,0.0084151072204638,7.08140295319035e-05,20,0.012550959087810397,-0.004007344592709497
1998-02-20,-0.001495466350639,0.0126857016754833,0.001495466350639,2.236419605893544e-06,20,0.005187093943124023,0.007498607732359277
1998-02-23,0.0156707105422708,0.006867031095543,0.0156707105422708,0.0002455711688996,20,0.02033888748576788,-0.013471856390224881
1998-02-24,0.0098162078223243,0.0159041248792136,0.0098162078223243,9.635793601106232e-05,20,0.014049548568167414,0.0018545763110461855
1998-02-25,0.0276856528475302,0.0147403024038962,0.0276856528475302,0.0007664953735939,20,0.03338511324631035,-0.01864481084241415
1998-02-26,0.0065130978422013,0.0129104242228166,0.0065130978422013,4.242044350208756e-05,20,0.010520671621217725,0.002389752601598875
1998-02-27,0.0120370229609686,0.0161916093224929,0.0120370229609686,0.0001448899217628,20,0.016430091842353795,-0.00023848251986089558
1998-03-02,0.0268902613189137,0.0240886768399824,0.0268902613189137,0.0007230861537994,20,0.032515677727792985,-0.008427000887810586
1998-03-03,-0.038218488241346,0.0211633698804482,0.038218488241346,0.0014606528434539,20,0.04497564952971317,-0.02381227964926497
1998-03-04,0.0309601855149617,0.0167050499466778,0.0309601855149617,0.0009585330871208,20,0.036973097441531884,-0.020268047494854082
1998-03-05,-0.0089424322660636,0.0072276840051981,0.0089424322660636,7.996709483313627e-05,20,0.01311467745804456,-0.005886993452846461
1998-03-06,-0.0048055413540083,0.0065876636424325,0.0048055413540083,2.3093227705084843e-05,20,0.00870193876378567,-0.0021142751213531694
1998-03-09,0.0157641931747567,0.0146277602669296,0.0157641931747567,0.000248509786451,20,0.020439673122715336,-0.005811912855785736
1998-03-10,-0.0140597027449647,0.0128217692496072,0.0140597027449647,0.0001976752412767,20,0.018603801657511687,-0.005782032407904487
1998-03-11,-0.000836282195613,0.0097497529212285,0.000836282195613,6.993679106994343e-07,20,0.004488823523680855,0.005260929397547645
1998-03-12,-0.0034232203357053,0.0058032962509826,0.0034232203357053,1.171843746678634e-05,20,0.007232379963357837,-0.0014290837123752372
1998-03-13,0.0,0.0,0.0,0.0,20,0.0036037630753756517,-0.0036037630753756517
1998-03-16,0.0132144405636875,0.0108908220350854,0.0132144405636875,0.0001746214394112,20,0.01769478139431412,-0.00680395935922872
1998-03-17,-0.0146738587429792,0.0136050884078706,0.0146738587429792,0.0002153221304089,20,0.019264863226337234,-0.005659774818466634
1998-03-18,0.024869853148704,0.0138635850698065,0.024869853148704,0.0006185095956381,20,0.030310867451042726,-0.016447282381236224
1998-03-19,0.0079860200536862,0.0201071885693912,0.0079860200536862,6.377651629787932e-05,20,0.01209252395541957,0.008014664613971628
1998-03-20,0.0043505039466862,0.0162340108001287,0.0043505039466862,1.8926884590132502e-05,20,0.008217911154096213,0.008016099646032487
1998-03-23,0.0058888392532443,0.0088272626659762,0.0058888392532443,3.467842775055182e-05,20,0.009855331052398785,-0.001028068386422585
1998-03-24,0.0063835848326209,0.0181168486517519,0.0063835848326209,4.075015531526825e-05,20,0.010382594009368402,0.007734254642383498
1998-03-25,0.0300554868664642,0.0260944197669975,0.0300554868664642,0.0009033322907802,20,0.03598041044723873,-0.009885990680241229
1998-03-26,-0.014806890931891,0.0142244293488393,0.014806890931891,0.0002192440190689,20,0.019408119921239426,-0.005183690572400127
1998-03-27,0.00990546276705,0.0122341161558748,0.00990546276705,9.811819262941478e-05,20,0.01414509994159593,-0.0019109837857211286
1998-03-30,-0.016668156966891,0.0105727347704883,0.016668156966891,0.0002778274566729,20,0.021414839205593672,-0.010842104435105372
1998-03-31,-0.0076602970815173,0.0197200597992808,0.0076602970815173,5.868015137710249e-05,20,0.011744681788190218,0.007975378011090582
1998-04-01,0.0368856297308688,0.0301368399819399,0.0368856297308688,0.0013605496806427,20,0.04350101381845761,-0.013364173836517713
1998-04-02,0.0094314804331336,0.0234378650043153,0.0094314804331336,8.895282316058218e-05,20,0.013637798813205829,0.009800066191109472
1998-04-03,0.010472518177062,0.0166653728962902,0.010472518177062,0.0001096736369688,20,0.014752398635768688,0.001912974260521512
1998-04-06,0.0041542945309344,0.0157957367470746,0.0041542945309344,1.725816304975204e-05,20,0.008009283996374902,0.0077864527506997
1998-04-07,0.0005802732188907,0.0177944190670244,0.0005802732188907,3.367170085617743e-07,20,0.004217786083315101,0.013576632983709298
1998-04-08,0.0,0.0,0.0,0.0,20,0.0036037630753756517,-0.0036037630753756517
1998-04-09,0.0317313113728213,0.0328189118033814,0.0317313113728213,0.0010068761214389,20,0.03782005670636881,-0.005001144902987406
1998-04-10,-0.0154670739500566,0.0094517317332551,0.0154670739500566,0.0002392303765765,20,0.02011938163514801,-0.010667649901892909
1998-04-13,-0.0300553324493004,0.0151965064648119,0.0300553324493004,0.0009033230086379,20,0.035980241102299845,-0.020783734637487946
1998-04-14,0.0,0.0,0.0,0.0,20,0.0036037630753756517,-0.0036037630753756517
1998-04-15,0.0496165674599872,0.0233415014582688,0.0496165674599872,0.0024618037665114,20,0.057680020711758186,-0.03433851925348939
1998-04-16,-0.0001214673043001,0.0215854830439198,0.0001214673043001,1.4754306013949062e-08,20,0.003732259096824885,0.017853223947094918
1998-04-17,0.0157875020719526,0.0208095505414182,0.0157875020719526,0.0002492452216719,20,0.02046480470719246,0.00034474583422574104
1998-04-20,0.0022680313231902,0.0151071521770853,0.0022680313231902,5.143966082972181e-06,20,0.006006183625145831,0.009100968551939469
1998-04-21,0.0072724866847778,0.0155464727428351,0.0072724866847778,5.288906258027062e-05,20,0.011330714968842734,0.0042157577739923655
1998-04-22,0.0020581901451086,0.0170897340618989,0.0020581901451086,4.236146673422286e-06,20,0.00578362919459049,0.011306104867308412
1998-04-23,-0.0276718616605642,0.0189965526483014,0.0276718616605642,0.0007657319277614,20,0.033370031247563645,-0.014373478599262246
1998-04-24,-0.0136915418614248,0.0165745995509699,0.0136915418614248,0.0001874583185431,20,0.018207756791247712,-0.0016331572402778112
1998-04-27,-0.003251928249027,0.0104294386394742,0.003251928249027,1.057503733682004e-05,20,0.007050449846702965,0.0033789887927712352
1998-04-28,-0.0220228672804756,0.019846412891022,0.0220228672804756,0.0004850066832534,20,0.027213002197773388,-0.007366589306751388
1998-04-29,0.0099310003097135,0.0152712326284209,0.0099310003097135,9.862476715153076e-05,20,0.014172440909022595,0.0010987917193983048
1998-04-30,0.0078460275055037,0.0096305369666248,0.0078460275055037,6.156014761712179e-05,20,0.011943007973743132,-0.002312471007118332
1998-05-01,0.0,0.0,0.0,0.0,20,0.0036037630753756517,-0.0036037630753756517
1998-05-04,0.0235765044256188,0.0206241023683517,0.0235765044256188,0.0005558515609312,20,0.02890224761847091,-0.008278145250119207
1998-05-05,0.0051678303262576,0.0171284883151152,0.0051678303262576,2.670647028098785e-05,20,0.00908750053280489,0.008040987782310308
1998-05-06,-0.0088734983601277,0.0140800437657446,0.0088734983601277,7.87389731471905e-05,20,0.013040965639396001,0.0010390781263485988
1998-05-07,0.0,0.0,0.0,0.0,20,0.0036037630753756517,-0.0036037630753756517
1998-05-08,-0.0115779805887886,0.0100540906141887,0.0115779805887886,0.0001340496345143,20,0.01593751051297594,-0.005883419898787242
1998-05-11,-0.0024109192502134,0.0146844684954963,0.0024109192502134,5.812531631049712e-06,20,0.006157761037881924,0.008526707457614375
1998-05-12,-0.0252078393869078,0.0142571900257687,0.0252078393869078,0.0006354351665561,20,0.030679333755879345,-0.016422143730110646
1998-05-13,-0.0326193487255518,0.0188209968705338,0.0326193487255518,0.0010640219112791,20,0.03879637780757154,-0.019975380937037737
1998-05-14,0.0194887859276473,0.0192812943030113,0.0194887859276473,0.0003798127769336,20,0.024464435995547776,-0.005183141692536475
1998-05-15,-0.0089571578453516,0.0128818315560758,0.0089571578453516,8.023067666654434e-05,20,0.013130424486312266,-0.0002485929302364666
1998-05-18,0.0161870605847064,0.0164776649373079,0.0161870605847064,0.0002620209303729,20,0.02089571682084434,-0.004418051883536438
1998-05-19,0.0062247896648794,0.0215507255084038,0.0062247896648794,3.874800637198964e-05,20,0.010213327447257496,0.011337398061146305
1998-05-20,0.0170923559412546,0.0155605745941938,0.0170923559412546,0.0002921486316225,20,0.021872815417295743,-0.006312240823101943
1998-05-21,-0.0163751131074791,0.0112745071627371,0.0163751131074791,0.0002681443292827,20,0.021098597422810204,-0.009824090260073104
1998-05-22,-0.0007062226432723,0.0073371666715878,0.0007062226432723,4.987504218706057e-07,20,0.004351118504657283,0.002986048166930517
1998-05-25,0.0009780104299721,0.0113522827974275,0.0009780104299721,9.565044011342592e-07,20,0.00463890807893625,0.006713374718491251
1998-05-26,-0.0192845717276861,0.0117208863232032,0.0192845717276861,0.0003718947067202,20,0.024243298830605556,-0.012522412507402356
1998-05-27,-0.0047620001067394,0.0185799943920943,0.0047620001067394,2.267664501658661e-05,20,0.008655611935340623,0.009924382456753677
1998-05-28,-0.01071157136616,0.0140211674460213,0.01071157136616,0.0001147377611323,20,0.015008541818557073,-0.0009873743725357723
1998-05-29,-0.0080635327136273,0.0182169531585519,0.0080635327136273,6.50205598237387e-05,20,0.012175320564118587,0.0060416325944333115
1998-06-01,-0.0088176129952363,0.0206422782719367,0.0088176129952363,7.775029893376036e-05,20,0.012981211288241272,0.0076610669836954266
1998-06-02,-0.0391794981105628,0.01997068990581,0.0391794981105628,0.0015350330721955,20,0.046040308797796296,-0.026069618891986297
1998-06-03,0.0194263880645862,0.0243670354410957,0.0194263880645862,0.0003773845532358,20,0.02439686157840914,-2.9826137313438555e-05
1998-06-04,-0.0042304585196724,0.0101414082239653,0.0042304585196724,1.789677928666921e-05,20,0.008090262352715637,0.0020511458712496634
1998-06-05,-0.0425469024021891,0.0218080200897236,0.0425469024021891,0.0018102389040214,20,0.04978033214524987,-0.02797231205552627
1998-06-08,-0.0293113529194365,0.0270962270358625,0.0293113529194365,0.0008591554099677,20,0.035164697913668344,-0.008068470877805843
1998-06-09,0.0248099592211945,0.0244886902904683,0.0248099592211945,0.0006155340765573,20,0.030245587622106204,-0.005756897331637905
1998-06-10,-0.0207834746534342,0.0247321671716553,0.0207834746534342,0.0004319528186699,20,0.025867669258169322,-0.0011355020865140217
1998-06-11,-0.0053862812201969,0.0146047901781126,0.0053862812201969,2.901202538304641e-05,20,0.009320066388929855,0.005284723789182745
1998-06-12,0.0095112091223752,0.0134700614400929,0.0095112091223752,9.046309896955428e-05,20,0.013723111731390283,-0.00025305029129738324
1998-06-15,-0.0505618975000572,0.0184531900846237,0.0505618975000572,0.0025565054788062,20,0.05874123987547221,-0.040288049790848504
1998-06-16,-0.0171614065653645,0.0212449197938496,0.0171614065653645,0.0002945138753017,20,0.021947386294109278,-0.0007024665002596762
1998-06-17,0.0693948076904796,0.0202722470132359,0.0693948076904796,0.0048156393343986,20,0.08012385427445831,-0.05985160726122241
1998-06-18,-0.0205198815554043,0.0195258160864565,0.0205198815554043,0.0004210655390478,20,0.025581801137167168,-0.006055985050710668
1998-06-19,-0.0408574621936459,0.0147866426066525,0.0408574621936459,0.0016693322169052,20,0.047902113642572124,-0.03311547103591962
1998-06-22,-0.035296393562441,0.0232674389949506,0.035296393562441,0.0012458353985147,20,0.041745733458900425,-0.018478294463949826
1998-06-23,-0.0032706840841519,0.0239434523145649,0.0032706840841519,1.0697374378324876e-05,20,0.007070368655121124,0.016873083659443774
1998-06-24,0.0414188004792974,0.019819626466253,0.0414188004792974,0.0017155170331438,20,0.04852576630738083,-0.028706139841127826
1998-06-25,0.0270050419456892,0.0244459028223278,0.0270050419456892,0.0007292722904884,20,0.032641092890515984,-0.008195190068188182
1998-06-26,-0.006959252662508,0.0204778167222981,0.006959252662508,4.84311976206256e-05,20,0.010996496485046695,0.009481320237251404
1998-06-29,0.0207895468797603,0.0153909733026402,0.0207895468797603,0.0004322052594657,20,0.025874255679279156,-0.010483282376638956
1998-06-30,-0.0095898441945499,0.0169474974433043,0.0095898441945499,9.196511167574384e-05,20,0.013807262490848212,0.0031402349524560867
1998-07-01,-0.0052936044619169,0.0147210017158482,0.0052936044619169,2.8022248199226705e-05,20,0.00922139388432542,0.0054996078315227796
1998-07-02,-0.0188904212165151,0.0121766409275588,0.0188904212165151,0.0003568480137373,20,0.023816638146292715,-0.011639997218733916
1998-07-03,-0.0234474295293878,0.0129745492953636,0.0234474295293878,0.0005497819515356,20,0.02876178755080449,-0.01578723825544089
1998-07-06,0.0218654484752816,0.0222897141157936,0.0218654484752816,0.0004780978370251,20,0.027042017429614443,-0.004752303313820844
1998-07-07,0.0062715615407936,0.0198978281912253,0.0062715615407936,3.93324841599617e-05,20,0.010263180201148291,0.009634647990077008
1998-07-08,0.0233123207917528,0.0166700174605023,0.0233123207917528,0.0005434643006975,20,0.028614784510988336,-0.011944767050486037
1998-07-09,0.0091978408354604,0.0175785490299479,0.0091978408354604,8.46002760344635e-05,20,0.013387842368023145,0.004190706661924755
1998-07-10,0.0215756322914372,0.0198835701180743,0.0215756322914372,0.0004655079087753,20,0.026727309451971458,-0.006843739333897158
1998-07-13,-0.0089849526480345,0.0179898786313001,0.0089849526480345,8.072937408742336e-05,20,0.013160148057322948,0.004829730573977151
1998-07-14,-0.0053604093902334,0.011295336244764,0.0053604093902334,2.8733988830902564e-05,20,0.009292519656315034,0.002002816588448966
1998-07-15,0.0079952937422482,0.015272684459767,0.0079952937422482,6.392472202483366e-05,20,0.012102429411279685,0.003170255048487315
1998-07-16,0.0225621119614957,0.0164130190997635,0.0225621119614957,0.000509048896163,20,0.02779896066989114,-0.01138594157012764
1998-07-17,-0.0045978801681671,0.009726834262679,0.0045978801681671,2.11405020408246e-05,20,0.00848101435801444,0.0012458199046645607
1998-07-20,-0.0225770325197969,0.0149278245340959,0.0225770325197969,0.0005097223973999,20,0.02781517911796142,-0.01288735458386552
1998-07-21,-0.0148568857320449,0.0137241823320098,0.0148568857320449,0.000220727053655,20,0.01946196311025295,-0.005737780778243152
1998-07-22,0.0056318578465685,0.0119869386918667,0.0056318578465685,3.1717822803955525e-05,20,0.009581584392744636,0.002405354299122064
1998-07-23,-0.0325537092848454,0.016983517369696,0.0325537092848454,0.0010597439882022,20,0.03872417793735102,-0.021740660567655022
1998-07-24,-0.0202014502973617,0.0209201726679816,0.0202014502973617,0.0004080985941167,20,0.025236580630673855,-0.004316407962692254
1998-07-27,-0.0222841688033244,0.0212255712759591,0.0222841688033244,0.000496584179255,20,0.027496892816976592,-0.006271321541017491
1998-07-28,0.0162354840778557,0.0189337887566868,0.0162354840778557,0.0002635909432423,20,0.020947954168056813,-0.0020141654113700128
1998-07-29,0.0317711622598464,0.0157863889419679,0.0317711622598464,0.0010094067513414,20,0.037863847481975785,-0.022077458540007883
1998-07-30,-0.011866265699871,0.0159442520345291,0.011866265699871,0.0001408082616599,20,0.016246826719772862,-0.00030257468524376094
1998-07-31,-0.0024862124550466,0.0155640271513591,0.0024862124550466,6.181252371628989e-06,20,0.006237643697477971,0.009326383453881128
1998-08-03,-0.0213859047904856,0.0163464723407946,0.0213859047904856,0.0004573569237077,20,0.02652134545116523,-0.010174873110370627
1998-08-04,-0.0013929465542541,0.0078820634827946,0.0013929465542541,1.9403001030084923e-06,20,0.005078458327190822,0.002803605155603777
1998-08-05,0.012436439022086,0.0173280059956014,0.012436439022086,0.00015466501555,20,0.016858912198449913,0.00046909379715148747
1998-08-06,-0.0065574101950129,0.0100689354043258,0.0065574101950129,4.299962846565939e-05,20,0.010567919300840693,-0.0004989838965148933
1998-08-07,-3.270125794159542e-05,0.0186064288361926,3.270125794159542e-05,1.0693722709627576e-09,20,0.003638354716953698,0.014968074119238901
1998-08-10,-0.0145195846507557,0.0159496117562028,0.0145195846507557,0.0002108183384304,20,0.019098760703801208,-0.003149148947598407
1998-08-11,-0.0101203323950886,0.0155781233431588,0.0101203323950886,0.000102421127787,20,0.014375169672343082,0.0012029536708157169
1998-08-12,-0.0116042966790268,0.0183106005083714,0.0116042966790268,0.0001346597014148,20,0.015965741965935424,0.0023448585424359764
1998-08-13,0.013333019012769,0.0149929004427174,0.013333019012769,0.0001777693959948,20,0.017822248467513013,-0.002829348024795614
1998-08-14,-0.0039968426999888,0.0118143476068049,0.0039968426999888,1.5974751568453878e-05,20,0.007841903343416012,0.003972444263388889
1998-08-17,-0.0083326552340531,0.0164442531140051,0.0083326552340531,6.943314324959387e-05,20,0.01246284920365773,0.00398140391034737
1998-08-18,-0.0195531533795286,0.0187345808927423,0.0195531533795286,0.0003823258070833,20,0.02453414867781391,-0.00579956778507161
1998-08-19,0.0082844174809596,0.0181259796606027,0.0082844174809596,6.863157299883008e-05,20,0.012411305429245028,0.005714674231357674
1998-08-20,0.0312215289268925,0.0155488833430741,0.0312215289268925,0.0009747838685327,20,0.037260055481935686,-0.021711172138861586
1998-08-21,-0.0112336661422542,0.0143014188366459,0.0112336661422542,0.0001261952549956,20,0.015568218396888696,-0.0012667995602427956
1998-08-24,0.0056831335036552,0.0166451079586402,0.0056831335036552,3.229800642036931e-05,20,0.009636198407779129,0.007008909550861073
1998-08-25,0.015641982399989,0.0147572267414309,0.015641982399989,0.0002446716134015,20,0.020307917328781344,-0.005550690587350445
1998-08-26,0.0,0.0,0.0,0.0,20,0.0036037630753756517,-0.0036037630753756517
1998-08-27,0.0035175400247581,0.025953379075055,0.0035175400247581,1.2373087825775347e-05,20,0.0073325735470843,0.0186208055279707
1998-08-28,-0.0344476852700549,0.0207143663051269,0.0344476852700549,0.0011866430204647,20,0.04080969018575994,-0.020095323880633037
1998-08-31,-0.0042845288278424,0.019859792117535,0.0042845288278424,1.8357187276613045e-05,20,0.008147755030083125,0.011712037087451875
1998-09-01,-0.0279142909850572,0.018323245005027,0.0279142909850572,0.0007792076411984,20,0.03363518705165564,-0.01531194204662864
1998-09-02,0.011855401203273,0.0154886481773697,0.011855401203273,0.0001405505376905,20,0.016235167682129976,-0.0007465195047602763
1998-09-03,0.0021759228893728,0.01493159422254,0.0021759228893728,4.734640420496713e-06,20,0.005908487776010134,0.009023106446529865
1998-09-04,0.0245634922597862,0.0227158398157486,0.0245634922597862,0.0006033651519965,20,0.02997700621153916,-0.007261166395790563
1998-09-07,0.0274258385611563,0.016785442203166,0.0274258385611563,0.0007521766207826,20,0.03310102250837906,-0.016315580305213063
1998-09-08,0.0125906140395931,0.0107863710780609,0.0125906140395931,0.0001585235618939,20,0.017024492516771725,-0.006238121438710826
1998-09-09,0.0099819157071853,0.0170767860057813,0.0099819157071853,9.96386411853544e-05,20,0.014226954397205479,0.0028498316085758205
1998-09-10,0.0032390083844157,0.0099785209312942,0.0032390083844157,1.0491175314315652e-05,20,0.007036729138406703,0.002941791792887496
1998-09-11,-0.0076946359926665,0.0129361114528505,0.0076946359926665,5.9207423059639855e-05,20,0.011781346113380975,0.0011547653394695257
1998-09-14,0.0220238958164103,0.0179255806874396,0.0220238958164103,0.000485051986932,20,0.027214119475812145,-0.009288538788372547
1998-09-15,0.0013994641305529,0.0122336636089469,0.0013994641305529,1.958499852704366e-06,20,0.005085364304811779,0.007148299304135121
1998-09-16,0.0002612938036333,0.0138146921529821,0.0002612938036333,6.827445181717085e-08,20,0.0038802003045985867,0.009934491848383513
1998-09-17,-0.006069030678098,0.0075928114089906,0.006069030678098,3.683313337169527e-05,20,0.01004732897455541,-0.00245451756556481
1998-09-18,-0.0066031686297508,0.0088021625976649,0.0066031686297508,4.360183595292616e-05,20,0.010616711519519973,-0.0018145489218550723
1998-09-21,-0.0080232090729776,0.0102204522899484,0.0080232090729776,6.437188382871024e-05,20,0.01213224713724873,-0.0019117948473003302
1998-09-22,-0.0022334017304241,0.0197836849025012,0.0022334017304241,4.988083289461382e-06,20,0.005969452069404165,0.013814232833097037
1998-09-23,0.0163711383119489,0.0156373533385881,0.0163711383119489,0.0002680141696289,20,0.021094308738427974,-0.0054569553998398725
1998-09-24,0.0266390425959751,0.0173396418562999,0.0266390425959751,0.0007096385904301,20,0.03224124282657078,-0.014901600970270882
1998-09-25,0.0045203963747958,0.0124568588422775,0.0045203963747958,2.043398338526723e-05,20,0.008398596004585326,0.004058262837692174
1998-09-28,-0.0020627018352844,0.0125877356022409,0.0020627018352844,4.254738861286026e-06,20,0.005788413626776764,0.006799321975464136
1998-09-29,-0.0219516753580998,0.0151476380040411,0.0219516753580998,0.0004818760510274,20,0.027135671160703045,-0.011988033156661944
1998-09-30,-0.0109081084097159,0.015317710338066,0.0109081084097159,0.0001189868290781,20,0.015219184742302732,9.852559576326893e-05
1998-10-01,0.0,0.0,0.0,0.0,20,0.0036037630753756517,-0.0036037630753756517
1998-10-02,0.0,0.0,0.0,0.0,20,0.0036037630753756517,-0.0036037630753756517
1998-10-05,-0.065345712379582,0.0148885419624773,0.065345712379582,0.004270062126395,20,0.07548784624457565,-0.06059930428209835
1998-10-06,-0.0027602345424128,0.0281430067120055,0.0027602345424128,7.618894729129074e-06,20,0.006528430566949393,0.02161457614505611
1998-10-07,0.0252390228736648,0.0128881121862311,0.0252390228736648,0.0006370082756173,20,0.030713336859642223,-0.017825224673411123
1998-10-08,-0.0268245451425367,0.0230698126666793,0.0268245451425367,0.0007195562221039,20,0.03244388055734309,-0.009374067890663789
1998-10-09,-0.0055893790163247,0.0160360316978591,0.0055893790163247,3.124115778813137e-05,20,0.009536342507922504,0.006499689189936595
1998-10-12,-0.0162736633636477,0.0175830619533808,0.0162736633636477,0.0002648321192733,20,0.020989142608868784,-0.0034060806554879856
1998-10-13,-0.028330129167343,0.0220863879985694,0.028330129167343,0.0008025962186383,20,0.03409018496140492,-0.012003796962835517
1998-10-14,0.0326136222352937,0.0300886896221854,0.0326136222352937,0.0010636483553064,20,0.03879007875296039,-0.008701389130774988
1998-10-15,-0.0094167005560207,0.0194945548400769,0.0094167005560207,8.867424936176122e-05,20,0.013621984651246675,0.005872570188830226
1998-10-16,-0.0022511807410745,0.0214687107844656,0.0022511807410745,5.067814728985115e-06,20,0.005988310044833549,0.015480400739632048
1998-10-19,-0.009798616741262,0.0103737275543216,0.009798616741262,9.601289004214132e-05,20,0.014030717752245164,-0.0036569901979235635
1998-10-20,-0.0243342679833341,0.0169211441462233,0.0243342679833341,0.0005921565982847,20,0.029727285137004594,-0.012806140990781294
1998-10-21,0.0,0.0,0.0,0.0,20,0.0036037630753756517,-0.0036037630753756517
1998-10-22,0.0029129193213438,0.0239403022151383,0.0029129193213438,8.48509897265832e-06,20,0.006690498808477756,0.017249803406660543
1998-10-23,0.0109361782709297,0.0122696031047533,0.0109361782709297,0.0001195999951735,20,0.015249273315402616,-0.002979670210649316
1998-10-26,0.0486279144495178,0.0210485317307478,0.0486279144495178,0.0023646740637096,20,0.05657140444606641,-0.03552287271531861
1998-10-27,-0.0027905320884385,0.0150476626969275,0.0027905320884385,7.787069336605356e-06,20,0.006560587693526342,0.008487075003401158
1998-10-28,-0.0086552746757575,0.0134106237379218,0.0086552746757575,7.491377971281078e-05,20,0.012807657080431748,0.0006029666574900519
1998-10-29,-0.0044885863750342,0.0099343827937716,0.0044885863750342,2.0147407646143243e-05,20,0.008364762432076964,0.0015696203616946368
1998-10-30,-0.0052503890845079,0.0085705228243916,0.0052503890845079,2.756658553872007e-05,20,0.009175386476099332,-0.0006048636517077318
1998-11-02,-0.0125867927966345,0.013482890612511,0.0125867927966345,0.0001584273529054,20,0.017020388220647473,-0.003537497608136474
1998-11-03,7.939974708059614e-06,0.0084051281292588,7.939974708059614e-06,6.304319836462635e-11,20,0.0036121619143663014,0.004792966214892498
1998-11-04,0.7998041342991689,1.3096669884347354,0.7998041342991689,0.6396866532420429,20,1.2634340478895674,0.04623294054516802
1998-11-05,-0.1146187135805897,0.2080157939842452,0.1146187135805897,0.0131374495028692,20,0.13334440566852468,0.07467138831572051
1998-11-06,0.0140677881854163,0.0162656729950038,0.0140677881854163,0.0001979026644297,20,0.018612501445667694,-0.002346828450663894
1998-11-09,0.0298230952269604,0.0181328820375807,0.0298230952269604,0.0008894170089163,20,0.03572558801766126,-0.01759270598008056
1998-11-10,0.0077184782240288,0.0125770691749965,0.0077184782240288,5.957490609480816e-05,20,0.011806803826180979,0.0007702653488155208
1998-11-11,0.0002642304105835,0.0149356201742894,0.0002642304105835,6.98177098771675e-08,20,0.0038833076061639965,0.011052312568125404
1998-11-12,0.0015387870363957,0.0088449034624032,0.0015387870363957,2.367865543379601e-06,20,0.0052330030118582045,0.0036119004505449958
1998-11-13,-0.0025723899614812,0.0111052287998108,0.0025723899614812,6.617190113929762e-06,20,0.006329083106726809,0.00477614569308399
1998-11-16,-0.0132405591916928,0.012232191802543,0.0132405591916928,0.0001753124077087,20,0.017722856308861605,-0.005490664506318604
1998-11-17,0.0086594771841878,0.0120811960502837,0.0086594771841878,7.498654510346905e-05,20,0.01281214950855353,-0.0007309534582698295
1998-11-18,0.0192358122262259,0.0120009396558176,0.0192358122262259,0.0003700164720026,20,0.024190506672047477,-0.012189567016229877
1998-11-19,-0.0098114176877482,0.0113816733483743,0.0098114176877482,9.62639170434599e-05,20,0.014044420808258917,-0.0026627474598846165
1998-11-20,-0.0077087655346968,0.0073380202308676,0.0077087655346968,5.942506606892975e-05,20,0.011796432944009375,-0.004458412713141775
1998-11-23,-0.0134265013981145,0.0099289636065766,0.0134265013981145,0.0001802709397935,20,0.01792275110347333,-0.00799378749689673
1998-11-24,-0.0057613471516298,0.0077346537518771,0.0057613471516298,3.319312100159374e-05,20,0.009719510792786237,-0.0019848570409091368
1998-11-25,0.824803842202779,1.302166519799111,0.824803842202779,0.6803013781124668,20,1.3161517472622308,-0.01398522746311981
1998-11-26,-0.1674600542857945,0.2137989237023271,0.1674600542857945,0.0280428697814012,20,0.19888146240478105,0.014917461297546036
1998-11-27,-0.0208327677046059,0.0108500450380696,0.0208327677046059,0.000434004210234,20,0.025921137812218602,-0.015071092774149001
1998-11-30,0.0061343529631531,0.0125161852031528,0.0061343529631531,3.763028627654541e-05,20,0.010116941679016668,0.002399243524136131
1998-12-01,-0.0026930910012883,0.0165348864008863,0.0026930910012883,7.252739141220476e-06,20,0.0064571701711369795,0.010077716229749319
1998-12-02,0.0119529203640982,0.0107528691148528,0.0119529203640982,0.0001428723052304,20,0.0163398240689288,-0.005586954954075999
1998-12-03,-0.0010326740844673,0.0070388454481467,0.0010326740844673,1.0664157647305514e-06,20,0.004696801656542949,0.0023420437916037507
1998-12-04,0.0075938544363392,0.0115856986911684,0.0075938544363392,5.766662520030953e-05,20,0.01167374401173023,-8.804532056182895e-05
1998-12-07,0.0219589622487043,0.0125064617145319,0.0219589622487043,0.00048219602304,20,0.02714358612272368,-0.014637124408191779
1998-12-08,0.0015858351992011,0.0143097420235291,0.0015858351992011,2.514873279025413e-06,20,0.00528286502236947,0.00902687700115963
1998-12-09,0.0009597312600531,0.0177596106334167,0.0009597312600531,9.210840915232356e-07,20,0.004619549706295771,0.013140060927120929
1998-12-10,0.0050503319258035,0.0151697506367371,0.0050503319258035,2.5505852560790087e-05,20,0.008962435638644751,0.006207314998092349
1998-12-11,0.0140622909468804,0.0158113090231381,0.0140622909468804,0.0001977480266747,20,0.01860658650690716,-0.0027952774837690583
1998-12-14,-0.0082687748429913,0.0084531368800703,0.0082687748429913,6.837263740408702e-05,20,0.012394591354283205,-0.0039414544742129055
1998-12-15,-0.0205415731727553,0.0114901977560447,0.0205415731727553,0.0004219562284116,20,0.02560532241750792,-0.01411512466146322
1998-12-16,0.0063793299045604,0.0137692863650382,0.0063793299045604,4.0695850031219365e-05,20,0.010378058074165909,0.003391228290872291
1998-12-17,-0.0311385704459333,0.0165571629240094,0.0311385704459333,0.0009696105694163,20,0.037168956552709236,-0.020611793628699835
1998-12-18,0.0106342462823937,0.0111716521840859,0.0106342462823937,0.0001130871939946,20,0.01492568064848703,-0.00375402846440113
1998-12-21,0.0307890147452985,0.0223218404851545,0.0307890147452985,0.0009479634289862,20,0.03678519788038018,-0.014463357395225678
1998-12-22,0.0002086174609996,0.0153232265327157,0.0002086174609996,4.352124503392561e-08,20,0.003824463966828687,0.011498762565887014
1998-12-23,0.0034282595066527,0.0106490206674551,0.0034282595066527,1.1752963244954684e-05,20,0.0072377326649073846,0.0034112880025477157
1998-12-24,0.0054021703987419,0.0109761836930998,0.0054021703987419,2.918344501704333e-05,20,0.009336984637804975,0.0016391990552948252
1998-12-25,0.8248040387637661,1.302166894103025,0.8248040387637661,0.6803017023610202,20,1.3161521649356263,-0.013985270832601149
1998-12-28,-0.1230678435215903,0.2182342402680766,0.1230678435215903,0.0151456941090546,20,0.14358089902416937,0.07465334124390724
1998-12-29,0.0006656760980842,0.0220770027974439,0.0006656760980842,4.431246675606326e-07,20,0.004308192931897604,0.017768809865546298
1998-12-30,0.0268664460464325,0.0224122690316526,0.0268664460464325,0.0007218059231658,20,0.03248965808250736,-0.01007738905085476
1998-12-31,-0.0195540518363596,0.0153669768242285,0.0195540518363596,0.000382360943219,20,0.02453512178262699,-0.00916814495839849
1999-01-01,0.0124397546217562,0.0100797354961299,0.0124397546217562,0.0001547474950495,20,0.016862472750421992,-0.006782737254292091
1999-01-04,0.0020569672844939,0.013532546070913,0.0020569672844939,4.231114409478434e-06,20,0.005782332413785595,0.007750213657127406
1999-01-05,0.0013413058453133,0.02026997740611,0.0013413058453133,1.799101370671679e-06,20,0.005023742141087451,0.01524623526502255
1999-01-06,0.0249164484188464,0.0175586696163266,0.0249164484188464,0.000620829401809,20,0.030361655963980955,-0.012802986347654356
1999-01-07,0.0261691421065497,0.0234857892450605,0.0261691421065497,0.0006848239985927,20,0.031728136059662536,-0.008242346814602036
1999-01-08,0.0377398444076692,0.0270869451675038,0.0377398444076692,0.001424295855915,20,0.04444582748632818,-0.01735888231882438
1999-01-11,0.0002978652270049,0.0279344961894296,0.0002978652270049,8.872369345871918e-08,20,0.003918898291680067,0.024015597897749534
1999-01-12,-0.0278148398301279,0.0177848887771994,0.0278148398301279,0.0007736653147756,20,0.03352640367338342,-0.01574151489618402
1999-01-13,-0.0072265778778013,0.0228474923194175,0.0072265778778013,5.222342782392764e-05,20,0.011281722657836214,0.011565769661581286
1999-01-14,-0.0129295307659069,0.0201164772019278,0.0129295307659069,0.0001671727658265,20,0.01738858916282361,0.00272788803910419
1999-01-15,-0.0327448209433992,0.0191812010646701,0.0327448209433992,0.0010722232986152,20,0.03893440604095679,-0.01975320497628669
1999-01-18,0.0055050406267065,0.0178633055526763,0.0055050406267065,3.030547230168997e-05,20,0.009446525208772797,0.008416780343903503
1999-01-19,-0.0349178976889438,0.0149287928011493,0.0349178976889438,0.0012192595790155,20,0.04132817393821685,-0.026399381137067548
1999-01-20,0.0,0.0,0.0,0.0,20,0.0036037630753756517,-0.0036037630753756517
1999-01-21,0.0393361671733773,0.0205776291316985,0.0393361671733773,0.0015473340478918,20,0.046213988624622324,-0.025636359492923824
1999-01-22,-0.0045394293599298,0.0154484641360242,0.0045394293599298,2.060641891379313e-05,20,0.008418840386863238,0.007029623749160961
1999-01-25,-0.0156565970390024,0.0183206523623864,0.0156565970390024,0.0002451290308417,20,0.02032367239664826,-0.002003020034261862
1999-01-26,0.0,0.0,0.0,0.0,20,0.0036037630753756517,-0.0036037630753756517
1999-01-27,0.0221274193347485,0.0142152052083251,0.0221274193347485,0.0004896226864158,20,0.027326582007391433,-0.013111376799066333
1999-01-28,-0.0135356693108566,0.0139846814748649,0.0135356693108566,0.0001832143436928,20,0.018040131514675456,-0.004055450039810556
1999-01-29,0.0050378617845186,0.0161641596149794,0.0050378617845186,2.5380051359913112e-05,20,0.008949163511496598,0.0072149961034828035
1999-02-01,-0.0200814301058019,0.0163610190158093,0.0200814301058019,0.0004032638350942,20,0.025106497322515974,-0.008745478306706675
1999-02-02,-0.0219593942897088,0.0165216600863284,0.0219593942897088,0.0004822149975708,20,0.02714405540434836,-0.01062239531801996
1999-02-03,0.0251188507668883,0.0158385602943094,0.0251188507668883,0.0006309566638492,20,0.03058230568516688,-0.014743745390857477
1999-02-04,-0.0138769809106655,0.0163927490746294,0.0138769809106655,0.0001925705991949,20,0.018407218811712422,-0.002014469737083021
1999-02-05,-0.0099007417235661,0.0191242553188433,0.0099007417235661,9.802468667676351e-05,20,0.014140045597178684,0.004984209721664615
1999-02-08,-0.0238801537337678,0.0191681399086008,0.0238801537337678,0.0005702617423483,20,0.029232765595946526,-0.010064625687345726
1999-02-09,-0.0015557800017664,0.0164127090720966,0.0015557800017664,2.4204514138965096e-06,20,0.005251011958932676,0.011161697113163924
1999-02-10,0.0327201056728123,0.0337462544927257,0.0327201056728123,0.00107060531524,20,0.03890721590022153,-0.005160961407495834
1999-02-11,0.0161418514971801,0.0206778943862999,0.0161418514971801,0.000260559369757,20,0.020846949785474824,-0.00016905539917492357
1999-02-12,0.0029926698976743,0.0137067595090231,0.0029926698976743,8.956073116446234e-06,20,0.006775162562474963,0.0069315969465481376
1999-02-15,-0.0197474370037296,0.0218247506169896,0.0197474370037296,0.0003899612682162,20,0.024744598596003198,-0.002919847979013599
1999-02-16,0.0049753970382951,0.022658836979735,0.0049753970382951,2.475457568867645e-05,20,0.008882684529738493,0.013776152449996507
1999-02-17,0.0183242750778043,0.0199541669774679,0.0183242750778043,0.000335779057127,20,0.023204147050947595,-0.003249980073479694
1999-02-18,-0.005019756118124,0.0152698515337114,0.005019756118124,2.5197951485444195e-05,20,0.00892989378269096,0.0063399577510204405
1999-02-19,0.0019777053030496,0.0144895310650933,0.0019777053030496,3.911318265710904e-06,20,0.005698283284728871,0.00879124778036443
1999-02-22,-0.0259978569191804,0.0151059084405821,0.0259978569191804,0.0006758885643901,20,0.03154117263558349,-0.016435264195001388
1999-02-23,-0.010865935026175,0.0158236812413289,0.010865935026175,0.000118068543993,20,0.015173980274343536,0.0006497009669853646
1999-02-24,0.0201560267909049,0.0188404499888747,0.0201560267909049,0.0004062654159956,20,0.025187346389415402,-0.0063468964005407025
1999-02-25,0.0025257703045401,0.015615774449198,0.0025257703045401,6.379515631296619e-06,20,0.006279615712338234,0.009336158736859767
1999-02-26,-0.0096177827738501,0.0161504999630521,0.0096177827738501,9.25017454849696e-05,20,0.013837162687577028,0.0023133372754750702
1999-03-01,0.0190940699101507,0.0852157043734451,0.0190940699101507,0.0003645835057337,20,0.024037059017857836,0.06117864535558726
1999-03-02,0.8248042171783933,1.3021672166774,0.8248042171783933,0.6803019966752621,20,1.316152544049777,-0.013985327372376899
1999-03-03,-0.1169901646558602,0.2253228889045921,0.1169901646558602,0.0136866986262052,20,0.13620819957513167,0.08911468932946043
1999-03-04,-0.0166791656804273,0.0178770174365245,0.0166791656804273,0.0002781945677951,20,0.021426721555656617,-0.003549704119132118
1999-03-05,0.0070212563358995,0.0169167149855162,0.0070212563358995,4.929804053440945e-05,20,0.011062643888745378,0.005854071096770821
1999-03-08,0.017395933569619,0.0320098133670184,0.017395933569619,0.0003026185047586,20,0.022200708618494342,0.009809104748524058
1999-03-09,0.0091662661344145,0.0263670052040872,0.0091662661344145,8.402043484691524e-05,20,0.013354067980217325,0.013012937223869876
1999-03-10,0.0245475751451652,0.0389913044899001,0.0245475751451652,0.0006025834455075,20,0.02995966362250359,0.009031640867396506
1999-03-11,-0.0221764962980526,0.0199963268335335,0.0221764962980526,0.0004917969880575,20,0.027379901496167768,-0.007383574662634267
1999-03-12,-0.0034144993050392,0.0166068051353523,0.0034144993050392,1.1658805504113518e-05,20,0.007223116399239626,0.009383688736112675
1999-03-15,-0.0128189363869031,0.0196702451748264,0.0128189363869031,0.0001643251300914,20,0.01726976180651037,0.002400483368316029
1999-03-16,-0.0238398963311494,0.0225711655114388,0.0238398963311494,0.0005683406570799,20,0.029188939123244155,-0.006617773611805353
1999-03-17,0.020342259527318,0.026026845321798,0.020342259527318,0.0004138075226767,20,0.02538921979677654,0.0006376255250214596
1999-03-18,0.0209401199144177,0.0260547731791941,0.0209401199144177,0.0004384886220301,20,0.026037594463199615,1.717871599448556e-05
1999-03-19,-0.0171207708477694,0.015892534917269,0.0171207708477694,0.0002931207944218,20,0.021903501206801453,-0.006010966289532453
1999-03-22,0.0098826982705894,0.0309185463522087,0.0098826982705894,9.76677251075108e-05,20,0.014120728560235815,0.016797817791972886
1999-03-23,0.01012198085011,0.0272218861862908,0.01012198085011,0.0001024544963299,20,0.0143769349716895,0.012844951214601299
1999-03-24,0.0049072237283838,0.0344392558711825,0.0049072237283838,2.4080844720413257e-05,20,0.008810135890296505,0.025629119980885996
1999-03-25,0.0008763189074692,0.0264971219824486,0.0008763189074692,7.679348275880811e-07,20,0.004531218173151105,0.021965903809297496
1999-03-26,-0.0176607867339547,0.0165967934202039,0.0176607867339547,0.0003119033880622,20,0.02248687304310058,-0.005890079622896678
1999-03-29,0.8248040781480006,1.3021669778380578,0.8248040781480006,0.6803017673295731,20,1.3161522486233834,-0.013985270785325632
1999-03-30,-0.1414805911196944,0.2249601350682473,0.1414805911196944,0.0200167576635781,20,0.16620870783064245,0.05875142723760485
1999-03-31,0.0337373503226321,0.024665365978412,0.0337373503226321,0.001138208806792,20,0.04002697574326357,-0.01536160976485157
1999-04-01,-0.0038412248277078,0.0185194651477615,0.0038412248277078,1.475500817699897e-05,20,0.007676503813594646,0.010842961334166854
1999-04-02,0.0,0.0,0.0,0.0,20,0.0036037630753756517,-0.0036037630753756517
1999-04-05,-0.0501993055669034,0.0228341254854141,0.0501993055669034,0.0025199702793993,20,0.058334060684128435,-0.03549993519871433
1999-04-06,0.0032112011791008,0.0250436266697259,0.0032112011791008,1.0311813012658488e-05,20,0.007007199023430529,0.018036427646295372
1999-04-07,-0.0008051122050249,0.0172488751857475,0.0008051122050249,6.482056626801052e-07,20,0.0044558192313800754,0.012793055954367426
1999-04-08,-0.0116756455071697,0.0162692220340351,0.0116756455071697,0.000136320698009,20,0.0160422882801053,0.0002269337539298026
1999-04-09,-0.0235943157973265,0.0196826067508135,0.0235943157973265,0.0005566917379439,20,0.028921631751237464,-0.009239025000423964
1999-04-12,-0.0024059168711201,0.0163857030431206,0.0024059168711201,5.78843599074045e-06,20,0.0061524540014336205,0.010233249041686978
1999-04-13,-0.0118388203650137,0.0133078220409596,0.0118388203650137,0.000140157667635,20,0.01621737455040117,-0.002909552509441568
1999-04-14,0.0,0.0,0.0,0.0,20,0.0036037630753756517,-0.0036037630753756517
1999-04-15,-0.0219339609788783,0.018386414051929,0.0219339609788783,0.0004810986442229,20,0.02711643023083374,-0.008730016178904742
1999-04-16,0.0757787929400631,0.0076364068731185,0.0757787929400631,0.0057424254594529,20,0.08747627844868906,-0.07983987157557056
1999-04-19,-0.0396280072063087,0.0255991131936522,0.0396280072063087,0.0015703789551432,20,0.04653760064605022,-0.020938487452398017
1999-04-20,0.0055584674117751,0.0266946796200026,0.0055584674117751,3.0896559967765886e-05,20,0.009503421711731264,0.017191257908271335
1999-04-21,0.0139597812497885,0.0257910138815311,0.0139597812497885,0.0001948754925419,20,0.018496294911554655,0.007294718969976445
1999-04-22,-0.0164548518022803,0.023936147192045,0.0164548518022803,0.000270762147835,20,0.021184637385411084,0.002751509806633915
1999-04-23,-0.0056419255350131,0.0180367234306365,0.0056419255350131,3.183132374263383e-05,20,0.00959230728072279,0.00844441614991371
1999-04-26,-0.0517536931856297,0.0266945880116723,0.0517536931856297,0.0026784447583522,20,0.060080786843982464,-0.033386198832310164
1999-04-27,0.8248039508539557,1.3021667166669937,0.8248039508539557,0.6803015573442946,20,1.3161519781356374,-0.013985261468643762
1999-04-28,-0.1225549251181025,0.225834800516379,0.1225549251181025,0.0150197096707037,20,0.1429568425114544,0.08287795800492459
1999-04-29,0.0393713366729022,0.0348300258214115,0.0393713366729022,0.001550102151411,20,0.04625298111145145,-0.011422955290039949
1999-04-30,0.0213782858129299,0.0286958124227821,0.0213782858129299,0.0004570311042993,20,0.02651307542941018,0.002182736993371917
1999-05-03,-0.0096469042836989,0.0212107787229348,0.0096469042836989,9.306276225884944e-05,20,0.013868329945440867,0.007342448777493932
1999-05-04,0.0361764917625642,0.0295785782667771,0.0361764917625642,0.0013087385562468,20,0.0427173810274081,-0.013138802760631
1999-05-05,0.008567051990254,0.024449692933867,0.008567051990254,7.339437980371641e-05,20,0.01271335342519938,0.01173633950866762
1999-05-06,0.0211155960145698,0.0281329886003028,0.0211155960145698,0.0004458683950505,20,0.02622798463336707,0.0019050039669357317
1999-05-07,0.0217077618630712,0.0283192278450954,0.0217077618630712,0.0004712269251038,20,0.026870773918207996,0.0014484539268874025
1999-05-10,0.0250219231430199,0.0229688586430578,0.0250219231430199,0.0006260966377751,20,0.030476633038748792,-0.007507774395690992
1999-05-11,0.0245584339768921,0.0305823502050878,0.0245584339768921,0.0006031166793973,20,0.029971494893117966,0.0006108553119698323
1999-05-12,-0.0093860302496061,0.0312031680172058,0.0093860302496061,8.809756384652205e-05,20,0.013589168961269368,0.01761399905593643
1999-05-13,0.039386434533462,0.0292744622662061,0.039386434533462,0.0015512912252586,20,0.04626972062731851,-0.01699525836111241
1999-05-14,0.0380177833348279,0.0324866817790002,0.0380177833348279,0.0014453518496939,20,0.04475344849302097,-0.012266766714020771
1999-05-17,0.0104710874103485,0.0415282865967371,0.0104710874103485,0.0001096436715551,20,0.014750865805637194,0.026777420791099907
1999-05-18,0.0188526846089682,0.0314521811787699,0.0188526846089682,0.0003554237169652,20,0.023775799505196777,0.00767638167357312
1999-05-19,0.0339891488683663,0.0369118202165647,0.0339891488683663,0.0011552622407959,20,0.040304356582512406,-0.0033925363659477042
1999-05-20,-0.0144796464599824,0.0330833077506135,0.0144796464599824,0.000209660161606,20,0.01905576540854407,0.014027542342069432
1999-05-21,-0.0313755609742301,0.0290491673196554,0.0313755609742301,0.0009844258264476,20,0.03742922581169663,-0.00838005849204123
1999-05-24,-0.011776321293525,0.0218530220853822,0.011776321293525,0.0001386817432083,20,0.01615030911124409,0.005702712974138113
1999-05-25,0.0129663795904703,0.0238419308582434,0.0129663795904703,0.0001681269996841,20,0.017428184639053598,0.006413746219189803
1999-05-26,-0.0312758680226922,0.0278506330026225,0.0312758680226922,0.0009781799205728,20,0.03731973152422997,-0.009469098521607468
1999-05-27,-0.0345950885651201,0.0228468053221776,0.0345950885651201,0.0011968201528285,20,0.04097219491086085,-0.01812538958868325
1999-05-28,-0.0162983823046639,0.0209566931027465,0.0162983823046639,0.0002656372657489,20,0.021015810814351582,-5.911771160508131e-05
1999-05-31,0.0537713060862097,0.0206283706458763,0.0537713060862097,0.0028913533582168,20,0.06235271946604271,-0.041724348820166415
1999-06-01,-0.0235900839727644,0.0186557704318847,0.0235900839727644,0.000556492061842,20,0.028917026215367955,-0.010261255783483254
1999-06-02,0.013863485486101,0.0211479329109629,0.013863485486101,0.0001921962298233,20,0.01839270135694253,0.0027552315540203716
1999-06-03,0.0192657898821205,0.0121358916670677,0.0192657898821205,0.000371170659782,20,0.024222963267304727,-0.012087071600237026
1999-06-04,0.0192749288888394,0.0230525731151021,0.0192749288888394,0.0003715228836698,20,0.024232858236266898,-0.0011802851211647966
1999-06-07,0.0016636422550789,0.0179325511832816,0.0016636422550789,2.76770555288424e-06,20,0.0053653318323760016,0.012567219350905597
1999-06-08,0.0281064836304353,0.0393712480971607,0.0281064836304353,0.0007899744220679,20,0.033845450786688984,0.005525797310471717
1999-06-09,-0.0192287465468618,0.0332182833888952,0.0192287465468618,0.0003697446937634,20,0.024182856880466938,0.009035426508428264
1999-06-10,0.0054782622006169,0.0163969740696484,0.0054782622006169,3.001135673870852e-05,20,0.009418009089612118,0.006978964980036282
1999-06-11,-0.0202539763553756,0.0120310464433941,0.0202539763553756,0.0004102235582041,20,0.025293516609262483,-0.013262470165868383
1999-06-14,-0.0161125448613257,0.0179330630830109,0.0161125448613257,0.0002596141019082,20,0.020815338134826444,-0.002882275051815545
1999-06-15,0.0001002379688178,0.0176047084965429,0.0001002379688178,1.0047650392736311e-08,20,0.0037097999472429774,0.013894908549299922
1999-06-16,0.0274624856084172,0.0230572681624122,0.0274624856084172,0.0007541881157925,20,0.03314108848120407,-0.010083820318791868
1999-06-17,0.0241074662479767,0.0181208430735652,0.0241074662479767,0.0005811699288973,20,0.029480270129002492,-0.011359427055437292
1999-06-18,0.0030387255447514,0.0192995510633944,0.0030387255447514,9.233852936325207e-06,20,0.006824059298659267,0.012475491764735131
1999-06-21,0.0147156810040264,0.0178114015717132,0.0147156810040264,0.0002165512674122,20,0.019309897369311595,-0.001498495797598396
1999-06-22,0.0019134642373717,0.0168038096969841,0.0019134642373717,3.661345387700615e-06,20,0.0056301682459952195,0.01117364145098888
1999-06-23,-0.0080447019620957,0.0297635275483738,0.0080447019620957,6.471722965894706e-05,20,0.0121552054271106,0.0176083221212632
1999-06-24,-0.0128026881928929,0.014657729358469,0.0128026881928929,0.0001639088249644,20,0.0172523053814209,-0.0025945760229519003
1999-06-25,-0.0018720854145184,0.0117715831680796,0.0018720854145184,3.504703799252811e-06,20,0.0055862969547942724,0.006185286213285327
1999-06-28,0.0121470348565683,0.0168879073829254,0.0121470348565683,0.0001475504558066,20,0.016548182020965297,0.0003397253619601033
1999-06-29,-0.0055175913022076,0.0129085850499104,0.0055175913022076,3.0443813778197013e-05,20,0.009459890636134631,0.0034486944137757693
1999-06-30,0.001881566010572,0.0121030138097606,0.001881566010572,3.540290652139888e-06,20,0.005596348422347803,0.006506665387412797
1999-07-01,-0.0049296814607065,0.0125429948544064,0.0049296814607065,2.430175930403395e-05,20,0.008834034284700691,0.0037089605697057087
1999-07-02,0.0128917059362351,0.0107600332504022,0.0128917059362351,0.0001661960819463,20,0.017347946758804685,-0.006587913508402486
1999-07-05,0.0371795637540883,0.021074374055454,0.0371795637540883,0.0013823199609443,20,0.043826016288457,-0.022751642233002998
1999-07-06,0.0057861382249231,0.0188973162107317,0.0057861382249231,3.347939555791659e-05,20,0.009745919644664813,0.009151396566066887
1999-07-07,0.0100406477149859,0.0198176416267846,0.0100406477149859,0.0001008146065364,20,0.014289841046014952,0.005527800580769649
1999-07-08,0.0050573171971154,0.0224970213641983,0.0050573171971154,2.5576457232239243e-05,20,0.008969870238076431,0.013527151126121868
1999-07-09,0.0213238527706072,0.0325076866816294,0.0213238527706072,0.0004547066969825,20,0.026453993250274522,0.006053693431354878
1999-07-12,0.054359135942344,0.0223554853048453,0.054359135942344,0.0029549156603982,20,0.06301563591565593,-0.04066015061081063
1999-07-13,0.0090860290912763,0.0287508234007329,0.0090860290912763,8.255592464752032e-05,20,0.01326824693754618,0.01548257646318672
1999-07-14,0.0113671853585115,0.0285422211005229,0.0113671853585115,0.0001292129029747,20,0.015711405316582685,0.012830815783940214
1999-07-15,-0.0102238102404542,0.0224631552581944,0.0102238102404542,0.0001045262958328,20,0.01448598895881518,0.007977166299379218
1999-07-16,0.0136572867963372,0.0222760438678568,0.0136572867963372,0.0001865214826374,20,0.018170916213423063,0.0041051276544337365
1999-07-19,0.0103566885992729,0.0284085651056144,0.0103566885992729,0.0001072609987423,20,0.014628314953214743,0.013780250152399656
1999-07-20,-0.0278745436875458,0.0290581273327765,0.0278745436875458,0.0007769901857889,20,0.03359170844175069,-0.004533581108974189
1999-07-21,0.0259282919574927,0.0177596351664907,0.0259282919574927,0.0006722763238329,20,0.03146525102696304,-0.013705615860472344
1999-07-22,-0.0008759216347464,0.0221499559199008,0.0008759216347464,7.67238710216849e-07,20,0.0045307974931076645,0.017619158426793135
1999-07-23,-0.016603097607336,0.0131736839744624,0.016603097607336,0.0002756628501587,20,0.021344620025221136,-0.008170936050758736
1999-07-26,-0.0113420213403503,0.0163507393729735,0.0113420213403503,0.0001286414480849,20,0.015684417487740694,0.0006663218852328047
1999-07-27,-0.0214665968949699,0.0281116673647831,0.0214665968949699,0.0004608147822511,20,0.026608937332924666,0.0015027300318584333
1999-07-28,0.0075631667364483,0.0253261828740469,0.0075631667364483,5.720149108331805e-05,20,0.011640982084888384,0.013685200789158516
1999-07-29,-0.0026509397954271,0.0146663476261079,0.0026509397954271,7.0274817989794186e-06,20,0.006412437476612402,0.008253910149495497
1999-07-30,-0.0146779652718127,0.0159073578234531,0.0146779652718127,0.0002154426645205,20,0.019269285029744447,-0.0033619272062913458
1999-08-02,-0.0288991900280346,0.0200281427999224,0.0288991900280346,0.0008351631842764,20,0.03471319718177446,-0.014685054381852056
1999-08-03,-0.0049449457959085,0.0248754698298655,0.0049449457959085,2.4452488924473592e-05,20,0.00885027819850433,0.01602519163136117
1999-08-04,0.041967240305002,0.0171034098043234,0.041967240305002,0.0017612492588177,20,0.04913548237787131,-0.03203207257354791
1999-08-05,0.0081115177584525,0.0232190896823556,0.0081115177584525,6.579672034569076e-05,20,0.012226580589778538,0.010992509092577063
1999-08-06,-0.0022136260310302,0.0236267647912211,0.0022136260310302,4.900140205254758e-06,20,0.0059484767114907685,0.017678288079730334
1999-08-09,0.0218931625139532,0.0218331027808162,0.0218931625139532,0.0004793105648623,20,0.027072117470190657,-0.005239014689374457
1999-08-10,-0.007052646120112,0.0194241419726665,0.007052646120112,4.9739817295532114e-05,20,0.011096133361228517,0.008328008611437981
1999-08-11,0.001666651465309,0.0172770281913473,0.001666651465309,2.777727106816756e-06,20,0.0053685214172549045,0.011908506774092394
1999-08-12,-0.002686825252636,0.0159929132897314,0.002686825252636,7.2190299382030116e-06,20,0.006450520540462537,0.009542392749268862
1999-08-13,-6.975287338701936e-05,0.0233426056060443,6.975287338701936e-05,4.865463345745553e-09,20,0.003677549871945637,0.019665055734098665
1999-08-16,0.0334062148099735,0.0268162134481426,0.0334062148099735,0.00111597518793,20,0.03966232230918114,-0.012846108861038538
1999-08-17,0.0170830614887198,0.020055066774985,0.0170830614887198,0.0002918309898273,20,0.021862778390728168,-0.0018077116157431683
1999-08-18,0.041670525167726,0.0286395709511089,0.041670525167726,0.001736432667754,20,0.04880556744849556,-0.02016599649738666
1999-08-19,-0.0104689986897831,0.0225583898278189,0.0104689986897831,0.0001095999335666,20,0.014748628091420869,0.0078097617363980295
1999-08-20,0.0101397753423891,0.0178737648386286,0.0101397753423891,0.0001028150439941,20,0.014395990981179205,0.003477773857449396
1999-08-23,0.0204978577835367,0.0233552838601203,0.0204978577835367,0.000420162173714,20,0.025557920308271413,-0.0022026364481511143
1999-08-24,0.0054826050978002,0.0143929335544632,0.0054826050978002,3.00589586584248e-05,20,0.009422633741013264,0.004970299813449935
1999-08-25,-0.0159155043464373,0.0213423837770617,0.0159155043464373,0.0002533032786014,20,0.020602828912601415,0.0007395548644602845
1999-08-26,0.0204852480718295,0.0161304974548674,0.0204852480718295,0.0004196453885643,20,0.025544247620977553,-0.009413750166110152
1999-08-27,0.0014965965719937,0.0180657003062331,0.0014965965719937,2.239801299303519e-06,20,0.005188291663627479,0.01287740864260562
1999-08-30,-0.0006708569956417,0.0190407874057803,0.0006708569956417,4.500491086014748e-07,20,0.004313677694857302,0.014727109710923
1999-08-31,-0.0045620840721689,0.0145585194192906,0.0045620840721689,2.081261108153768e-05,20,0.008442937620152751,0.006115581799137848
1999-09-01,-0.0026195717635867,0.0179964352402048,0.0026195717635867,6.862156224581152e-06,20,0.006379149847588773,0.011617285392616025
1999-09-02,-0.0288638866199389,0.0157900494156758,0.0288638866199389,0.0008331239508086,20,0.03467453454855521,-0.01888448513287941
1999-09-03,0.0019006159774653,0.011524180420576,0.0019006159774653,3.6123410937967e-06,20,0.005616545829380371,0.005907634591195628
1999-09-06,0.0108274029233313,0.0170780081503137,0.0108274029233313,0.0001172326540641,20,0.015132680804795302,0.0019453273455183988
1999-09-07,0.009303297914909,0.0264647584011742,0.009303297914909,8.655135209355163e-05,20,0.013500655580734903,0.012964102820439296
1999-09-08,0.015269630182087,0.0236692946104332,0.015269630182087,0.0002331616058977,20,0.01990660243918694,0.0037626921712462617
1999-09-09,0.0126836535753182,0.0256196529783578,0.0126836535753182,0.0001608750680186,20,0.01712442965418495,0.008495223324172851
1999-09-10,-0.0042910315927801,0.0149471707314725,0.0042910315927801,1.8412952130237265e-05,20,0.008154669641015602,0.006792501090456898
1999-09-13,0.0,0.0,0.0,0.0,20,0.0036037630753756517,-0.0036037630753756517
1999-09-14,-0.0026058319444877,0.0349741507398889,0.0026058319444877,6.790360122912883e-06,20,0.006364569607838193,0.02860958113205071
1999-09-15,-0.008560650216779,0.0206301748637648,0.008560650216779,7.328473213403966e-05,20,0.012706510785305727,0.007923664078459073
1999-09-16,-0.0222972872652599,0.0161328268992097,0.0222972872652599,0.0004971690193895,20,0.027511147677636776,-0.011378320778427077
1999-09-17,-0.0012086186863796,0.015873330536815,0.0012086186863796,1.460759129065988e-06,20,0.004883168582175254,0.010990161954639746
1999-09-20,-0.0061463039773176,0.024409777440269,0.0061463039773176,3.777705258159105e-05,20,0.010129678242655768,0.01428009919761323
1999-09-21,-0.0076019486974332,0.0204260419599805,0.0076019486974332,5.778962399840782e-05,20,0.011682385578950806,0.008743656381029695
1999-09-22,0.0190380988234101,0.0364545623093657,0.0190380988234101,0.0003624492068099,20,0.023976472895691967,0.012478089413673735
1999-09-23,0.0135197747373497,0.0281477855300889,0.0135197747373497,0.0001827843089486,20,0.018023040263006135,0.010124745267082767
1999-09-24,0.0332369007766335,0.0527438551613766,0.0332369007766335,0.0011046915732357,20,0.03947592492581107,0.01326793023556553
1999-09-27,-0.0150874135211764,0.0188406343643574,0.0150874135211764,0.0002276300467589,20,0.019710277789709,-0.000869643425351601
1999-09-28,-0.009770208870547,0.0164551784247265,0.009770208870547,9.545698137411654e-05,20,0.014000308676630003,0.002454869748096498
1999-09-29,0.0291355721464182,0.0174913737889431,0.0291355721464182,0.0008488815642991,20,0.03497211331186691,-0.017480739522923814
1999-09-30,-0.0041263117300726,0.0163971738066803,0.0041263117300726,1.7026448493734805e-05,20,0.00797953427253572,0.00841763953414458
1999-10-01,-0.0120489708487478,0.0145173290683161,0.0120489708487478,0.0001451776985139,20,0.0164429163174907,-0.0019255872491745988
1999-10-04,-0.0222641456075527,0.0147513320130204,0.0222641456075527,0.0004956921796343,20,0.02747513552289581,-0.012723803509875412
1999-10-05,-0.0011309596030033,0.0129799840028091,0.0011309596030033,1.2790696236254262e-06,20,0.004800904317182115,0.008179079685626985
1999-10-06,0.0170355016759606,0.0211811061905222,0.0170355016759606,0.0002902083173516,20,0.02181142056790496,-0.0006303143773827603
1999-10-07,0.048804665701196,0.0231039872674827,0.048804665701196,0.0023818953942054,20,0.05676950988028199,-0.03366552261279929
1999-10-08,0.018845692524961,0.0294817398250967,0.018845692524961,0.0003551601267453,20,0.02376823285855778,0.0057135069665389185
1999-10-11,0.0071387043962693,0.0249143671608118,0.0071387043962693,5.096110045731565e-05,20,0.011187954684058666,0.013726412476753136
1999-10-12,0.0043444739814579,0.0211104285726209,0.0043444739814579,1.8874454175564656e-05,20,0.008211498821344936,0.012898929751275963
1999-10-13,0.0057272063327844,0.0235824264769488,0.0057272063327844,3.280089237828619e-05,20,0.009683143365254512,0.013899283111694288
1999-10-14,0.0082345336602616,0.0297697534810711,0.0082345336602616,6.780754460198196e-05,20,0.012358005938713012,0.017411747542358087
1999-10-15,-0.0352522151336624,0.0179916444554043,0.0352522151336624,0.00124271867183,20,0.04169698592657713,-0.023705341471172835
1999-10-18,0.0025788793764704,0.019307787394661,0.0025788793764704,6.650618838384512e-06,20,0.006335969147197838,0.012971818247463164
1999-10-19,0.0,0.0,0.0,0.0,20,0.0036037630753756517,-0.0036037630753756517
1999-10-20,0.0263694873205145,0.0304718427299779,0.0263694873205145,0.0006953498615467,20,0.031946867623942776,-0.0014750248939648762
1999-10-21,-0.013429645302982,0.0209795922362821,0.013429645302982,0.0001803553729639,20,0.017926131302812013,0.003053460933470087
1999-10-22,-0.005125034294461,0.0221825834318484,0.005125034294461,2.626597651940187e-05,20,0.009041946515355602,0.013140636916492797
1999-10-25,0.0029092506594692,0.033962667925391,0.0029092506594692,8.463739399622074e-06,20,0.006686604330064091,0.02727606359532691
1999-10-26,-0.0102880253233126,0.0231569113487368,0.0102880253233126,0.0001058434650531,20,0.0145547668741742,0.008602144474562598
1999-10-27,-0.0073987422646432,0.0275008763802258,0.0073987422646432,5.4741387098618144e-05,20,0.01146546467332043,0.016035411706905367
1999-10-28,-0.0305808332477086,0.0175954977907048,0.0305808332477086,0.0009351873621241,20,0.03655672156175042,-0.01896122377104562
1999-10-29,-0.0323312955682671,0.0222742638876372,0.0323312955682671,0.0010453126731226,20,0.03847957620231362,-0.01620531231467642
1999-11-01,-0.0439258310395657,0.0290868099207889,0.0439258310395657,0.0019294786325164,20,0.05131607950917001,-0.02222926958838111
1999-11-02,0.0438843690500097,0.0287553608961376,0.0438843690500097,0.0019258378469174,20,0.05126986638005572,-0.02251450548391812
1999-11-03,-0.0228724065069117,0.0304531955442712,0.0228724065069117,0.0005231469794174,20,0.02813630599592297,0.0023168895483482305
1999-11-04,-0.0007135987621357,0.0154800358331831,0.0007135987621357,5.092231933216677e-07,20,0.004358927638507864,0.011121108194675235
1999-11-05,0.0139095992145011,0.0231651394106418,0.0139095992145011,0.000193476950308,20,0.018442308325177625,0.004722831085464174
1999-11-08,0.8248042376534324,1.3021671674527702,0.8248042376534324,0.6803020304510597,20,1.3161525875572944,-0.013985420104524193
1999-11-09,-0.1334286931221583,0.2244380507221932,0.1334286931221583,0.0178032161482871,20,0.15625959611753576,0.06817845460465743
1999-11-10,0.0171860858015946,0.016101807733741,0.0171860858015946,0.0002953615451797,20,0.02197404000845841,-0.00587223227471741
1999-11-11,0.0052540285333508,0.0230430617570758,0.0052540285333508,2.7604815829264617e-05,20,0.009179260966896053,0.013863800790179749
1999-11-12,0.0017789465119621,0.0180797336215366,0.0017789465119621,3.1646506924221555e-06,20,0.0054875559015883715,0.012592177719948229
1999-11-15,-0.008204902769929,0.0166005913628529,0.008204902769929,6.732042946398907e-05,20,0.012326347671426019,0.00427424369142688
1999-11-16,0.0045288781098552,0.0202564000021436,0.0045288781098552,2.051073693392561e-05,20,0.008407617520855693,0.011848782481287906
1999-11-17,-0.0095975473835868,0.0175671071407835,0.0095975473835868,9.211291578019556e-05,20,0.013815506433675925,0.0037516007071075764
1999-11-18,0.0030412510427468,0.0158503125328778,0.0030412510427468,9.24920790500901e-06,20,0.006826740669401122,0.009023571863476677
1999-11-19,0.0007716839411696,0.0133388342917286,0.0007716839411696,5.954961050590941e-07,20,0.004420425167118332,0.008918409124610269
1999-11-22,0.0059265469809728,0.0210365664692143,0.0059265469809728,3.5123959117678334e-05,20,0.009895505989186868,0.01114106048002743
1999-11-23,0.8248040811557302,1.302166957942038,0.8248040811557302,0.6803017722911484,20,1.3161522550145233,-0.013985297072485192
1999-11-24,-0.1211960443816308,0.225121235665457,0.1211960443816308,0.0146884811737542,20,0.14130516768355422,0.08381606798190278
1999-11-25,0.0145921565441156,0.0224099046213676,0.0145921565441156,0.0002129310326079,20,0.019176892959475746,0.0032330116618918547
1999-11-26,0.0046616439843974,0.0248784212766081,0.0046616439843974,2.173092463726912e-05,20,0.008548844802955384,0.016329576473652713
1999-11-29,-0.010869939034148,0.0236620543192311,0.010869939034148,0.000118155574606,20,0.015178271959417431,0.00848378235981367
1999-11-30,-0.0134678428924692,0.0190387128970435,0.0134678428924692,0.0001813827921762,20,0.017967200827424954,0.0010715120696185472
1999-12-01,-0.0017005178304953,0.0156868951214556,0.0017005178304953,2.891760891832714e-06,20,0.0054044185693579066,0.010282476552097693
1999-12-02,0.0164945032855066,0.0180306920976934,0.0164945032855066,0.0002720686386355,20,0.021227425348432107,-0.003196733250738708
1999-12-03,-0.0016421953040586,0.0234675501115223,0.0016421953040586,2.696805416672132e-06,20,0.0053425996719708236,0.018124950439551476
1999-12-06,0.012249599925473,0.0156670039807186,0.012249599925473,0.0001500526983341,20,0.016658292649154305,-0.000991288668435706
1999-12-07,0.0034456473253314,0.0240572524611629,0.0034456473253314,1.1872485490563496e-05,20,0.007256202583101511,0.01680104987806139
1999-12-08,-0.0071322665484983,0.0145176084554849,0.0071322665484983,5.0869226118828e-05,20,0.011181085382688864,0.003336523072796036
1999-12-09,-0.0004663083509275,0.0093613253303189,0.0004663083509275,2.1744347814477618e-07,20,0.004097158425221365,0.005264166905097534
1999-12-10,-0.0044765419898063,0.0109721237778228,0.0044765419898063,2.0039428186499707e-05,20,0.008351952192690271,0.0026201715851325285
1999-12-13,-0.014571611786148,0.0207999425757835,0.014571611786148,0.0002123318700462,20,0.0191547733979204,0.0016451691778630977
1999-12-14,-0.0054048302294034,0.0341015450286706,0.0054048302294034,2.921218980867281e-05,20,0.009339816765601028,0.02476172826306957
1999-12-15,0.0075344031013462,0.0221773389993187,0.0075344031013462,5.676723009357643e-05,20,0.011610275379424743,0.010567063619893955
1999-12-16,0.0051522515923575,0.0170527755516177,0.0051522515923575,2.65456964709506e-05,20,0.00907091755478969,0.00798185799682801
1999-12-17,-0.0001426110146098,0.0214642963189905,0.0001426110146098,2.0337901488045202e-08,20,0.0037546282405389953,0.017709668078451507
1999-12-20,0.0072150237784924,0.0231673418287266,0.0072150237784924,5.2056568124211234e-05,20,0.011269392947121988,0.01189794888160461
1999-12-21,-0.0163600436916043,0.0227292673290653,0.0163600436916043,0.0002676510295912,20,0.02108233808616456,0.0016469292429007396
1999-12-22,0.0210164195350174,0.0308122848156958,0.0210164195350174,0.0004416898900718,20,0.02612037404834742,0.00469191076734838
1999-12-23,-0.0099895576295104,0.0152952976008022,0.0099895576295104,9.979126163330976e-05,20,0.014235136648586026,0.001060160952216175
1999-12-24,-0.0266982620987877,0.0112142983463367,0.0266982620987877,0.0007127971990955,20,0.0323059276973638,-0.021091629351027097
1999-12-27,-0.0252968113949539,0.0123270293261755,0.0252968113949539,0.0006399286667518,20,0.030776353956427575,-0.018449324630252076
1999-12-28,0.003569931337649,0.0132999080508367,0.003569931337649,1.2744409755528478e-05,20,0.007388232576809745,0.005911675474026956
1999-12-29,0.0162940887303779,0.0184557708073946,0.0162940887303779,0.0002654973275534,20,0.02101117860443733,-0.0025554077970427296
1999-12-30,-0.0079107952011443,0.0117800812920378,0.0079107952011443,6.258068071444808e-05,20,0.012012178543883775,-0.00023209725184597518
