date,Rm,CSAD,abs_Rm,Rm_sq,N,CSAD_fitted,residual
1999-01-01,,,,,0,,
1999-01-04,0.0048030382751569,0.0154950868593424,0.0048030382751569,2.306917667262229e-05,22,0.007870367404240103,0.007624719455102296
1999-01-05,0.0032337968965188,0.0208239243330265,0.0032337968965188,1.0457442367934706e-05,22,0.005350424697745472,0.015473499635281027
1999-01-06,0.0234574279384348,0.0176750876275622,0.0234574279384348,0.0005502509254868,22,0.03781906218444338,-0.02014397455688118
1999-01-07,0.0227776785325727,0.0244339431144212,0.0227776785325727,0.0005188226393332,22,0.036727990755609854,-0.012294047641188653
1999-01-08,0.0388468805730962,0.0257316054550865,0.0388468805730962,0.0015090801302604,22,0.06251609626783883,-0.03678449081275233
1999-01-11,-3.255267795681388e-05,0.0268875416915254,3.255267795681388e-05,1.0596768421600364e-09,22,0.00020946421819194224,0.026678077473333457
1999-01-12,-0.0248140574455646,0.0188961367469271,0.0248140574455646,0.0006157374469117,22,0.03999654694304162,-0.021100410196114517
1999-01-13,-0.0067325833103639,0.0228629625571844,0.0067325833103639,4.532767803099082e-05,22,0.010968769899342297,0.011894192657842103
1999-01-14,-0.0135898713917877,0.0202392626260657,0.0135898713917877,0.0001846846044453,22,0.02197884035657479,-0.0017395777305090898
1999-01-15,-0.0308693142697673,0.0193219554948038,0.0308693142697673,0.0009529145634856,22,0.04971480170592184,-0.030392846211118037
1999-01-18,0.0069892291203644,0.0176905882022675,0.0069892291203644,4.884932369695111e-05,22,0.011380872964231839,0.006309715238035663
1999-01-19,-0.0331410121059526,0.0159233320366666,0.0331410121059526,0.0010983266834069,22,0.053360354644666784,-0.037437022608000185
1999-01-20,0.0,0.0,0.0,0.0,22,0.0001571850322937213,-0.0001571850322937213
1999-01-21,0.0371204229457522,0.020835602677992,0.0371204229457522,0.0013779257996715,22,0.05974592126055097,-0.03891031858255897
1999-01-22,-0.0024969599399704,0.0168548576265909,0.0024969599399704,6.234808941817028e-06,22,0.004167153809614981,0.01268770381697592
1999-01-25,-0.0184351269016323,0.0193461523375443,0.0184351269016323,0.0003398539038792,22,0.02975731009649087,-0.01041115775894657
1999-01-26,0.0,0.0,0.0,0.0,22,0.0001571850322937213,-0.0001571850322937213
1999-01-27,0.0216778171194999,0.0135763739790142,0.0216778171194999,0.0004699277550664,22,0.03496255681239006,-0.021386182833375858
1999-01-28,-0.012009529501472,0.0144807588366567,0.012009529501472,0.0001442287988467,22,0.019441600053004267,-0.004960841216347567
1999-01-29,0.0045886453950112,0.0155402243057669,0.0045886453950112,2.105566656115816e-05,22,0.007526093342399021,0.00801413096336788
1999-02-01,-0.0223419088966776,0.0167230263486087,0.0223419088966776,0.0004991608931474,22,0.03602852403869635,-0.01930549769008765
1999-02-02,-0.0225685719142299,0.0158459697925885,0.0225685719142299,0.0005093404382477,22,0.03639234844633008,-0.020546378653741582
1999-02-03,0.0254861932223753,0.0175690291618269,0.0254861932223753,0.0006495460449682,22,0.04107534569421827,-0.023506316532391373
1999-02-04,-0.0143155917990642,0.016075883620261,0.0143155917990642,0.0002049361685574,22,0.023143953275945955,-0.007068069655684954
1999-02-05,-0.0098364047979573,0.0176819121704525,0.0098364047979573,9.675485934927815e-05,22,0.015952491248727323,0.0017294209217251777
1999-02-08,-0.0234349901839083,0.0189157378287269,0.0234349901839083,0.0005491987649198,22,0.03778304743847486,-0.01886730960974796
1999-02-09,0.002051572145134,0.0180043632717596,0.002051572145134,4.208948266689778e-06,22,0.0034519049508316014,0.014552458320927998
1999-02-10,0.0358463443767412,0.0340728969752205,0.0358463443767412,0.0012849604051759,22,0.05770153505028236,-0.02362863807506186
1999-02-11,0.0178242159794848,0.0230040537203447,0.0178242159794848,0.0003177026752833,22,0.028776615956185848,-0.005772562235841147
1999-02-12,0.0013751682426577,0.0139310113065512,0.0013751682426577,1.8910876956145285e-06,22,0.002365652579379309,0.01156535872717189
1999-02-15,-0.0179279470128633,0.0215745973627264,0.0179279470128633,0.000321411284096,22,0.028943136187419827,-0.007368538824693429
1999-02-16,0.0055067683763009,0.0211833872711034,0.0055067683763009,3.0324497950227648e-05,22,0.009000411391891982,0.01218297587921142
1999-02-17,0.0184157079252406,0.021056658419631,0.0184157079252406,0.0003391382983877,22,0.029726137069164493,-0.008669478649533494
1999-02-18,-0.0056724667340011,0.0151224090031702,0.0056724667340011,3.2176878848350083e-05,22,0.009266485706399482,0.005855923296770718
1999-02-19,0.0002484002874804,0.0145107030802167,0.0002484002874804,6.170270282036145e-08,22,0.0005561117080269268,0.013954591372189773
1999-02-22,-0.0257495399406221,0.0157377115721245,0.0257495399406221,0.0006630388071536,22,0.04149802065153935,-0.02576030907941485
1999-02-23,-0.0083857462756974,0.0185764012441756,0.0083857462756974,7.03207406003741e-05,22,0.013623254120937957,0.004953147123237642
1999-02-24,0.0193414232650634,0.0178683027714025,0.0193414232650634,0.0003740906539183,22,0.0312121597653671,-0.0133438569939646
1999-02-25,0.0006439710729357,0.0158387990015016,0.0006439710729357,4.146987427780564e-07,22,0.001191386877480571,0.01464741212402103
1999-02-26,-0.0107415510317867,0.0157039164218888,0.0107415510317867,0.0001153809185684,22,0.017405790792478854,-0.0017018743705900542
1999-03-01,0.0297506576221378,0.0881253469457612,0.0297506576221378,0.0008851016289496,22,0.047919542730348576,0.04020580421541262
1999-03-02,0.7498217401435728,1.2042376031276645,0.7498217401435728,0.5622326419919357,22,1.193666207216511,0.010571395911153525
1999-03-03,-0.1075943419325224,0.2091098128041557,0.1075943419325224,0.0115765424158925,22,0.17273216777931877,0.036377645024836924
1999-03-04,-0.0182307509428299,0.0175215608439346,0.0182307509428299,0.0003323602799394,22,0.029429227339486174,-0.011907666495551573
1999-03-05,0.0070507102971742,0.0154456208113331,0.0070507102971742,4.971251569467842e-05,22,0.01147959456776985,0.00396602624356325
1999-03-08,0.0159943288989405,0.0308628558317397,0.0159943288989405,0.0002558185569274,22,0.025839016743415544,0.005023839088324156
1999-03-09,0.0065412850859037,0.0260022521394658,0.0065412850859037,4.278841057506719e-05,22,0.010661595576194957,0.015340656563270843
1999-03-10,0.0252762039170686,0.0395898641003904,0.0252762039170686,0.0006388864844572,22,0.04073830819780671,-0.0011484440974163096
1999-03-11,-0.0221747557172463,0.0190887844088194,0.0221747557172463,0.0004917197911195,22,0.0357602196148416,-0.016671435206022198
1999-03-12,-0.0015196581393657,0.0171642029492419,0.0015196581393657,2.3093608605404347e-06,22,0.002597693644377363,0.014566509304864538
1999-03-15,-0.0111903993458182,0.0190356685972104,0.0111903993458182,0.0001252250375188,22,0.01812644847294488,0.0009092201242655203
1999-03-16,-0.0200835380569432,0.0272407274683579,0.0200835380569432,0.0004033485008846,22,0.03240343053711079,-0.00516270306875289
1999-03-17,0.0200374203009948,0.0293115271719888,0.0200374203009948,0.0004014982123187,22,0.032329401179149744,-0.0030178740071609457
1999-03-18,0.0198702391367244,0.0244641220496239,0.0198702391367244,0.0003948264033506,22,0.03206103717738097,-0.0075969151277570715
1999-03-19,-0.0149914020447567,0.0159964063016024,0.0149914020447567,0.0002247421352675,22,0.02422891955783229,-0.008232513256229888
1999-03-22,0.0100690910660023,0.0305259025814312,0.0100690910660023,0.0001013865948954,22,0.016326094462045315,0.014199808119385884
1999-03-23,0.013791882477717,0.0286725988339677,0.013791882477717,0.0001902160222791,22,0.02230316248433605,0.006369436349631653
1999-03-24,0.0027312516911902,0.0328908384356293,0.0027312516911902,7.4597358006297505e-06,22,0.004543400218670141,0.02834743821695916
1999-03-25,0.0009562310920275,0.0271806251075448,0.0009562310920275,9.143779013601476e-07,22,0.0016928631759833535,0.025487761931561447
1999-03-26,-0.0161879249728025,0.0202721816024197,0.0161879249728025,0.000262048914925,22,0.026149811167591647,-0.005877629565171946
1999-03-29,0.7498219321638149,1.204237798752356,0.7498219321638149,0.5622329299538766,22,1.193666510120664,0.010571288631691989
1999-03-30,-0.1287924027763238,0.2102766241163577,0.1287924027763238,0.0165874830128988,22,0.2066806711045968,0.003595953011760883
1999-03-31,0.0308745828723648,0.0250255971393256,0.0308745828723648,0.0009532398675425,22,0.049723256829402256,-0.024697659690076656
1999-04-01,-0.0056736249992457,0.0184704349835122,0.0056736249992457,3.2190020632066275e-05,22,0.009268345616334944,0.009202089367177256
1999-04-02,0.0,0.0,0.0,0.0,22,0.0001571850322937213,-0.0001571850322937213
1999-04-05,-0.0517929609139914,0.0220206244958405,0.0517929609139914,0.0026825108002382,22,0.08328502161788294,-0.061264397122042444
1999-04-06,0.0008984151539057,0.0244489084041004,0.0008984151539057,8.071497887674186e-07,22,0.001600013520297689,0.022848894883802713
1999-04-07,0.001305255662142,0.0177267447552381,0.001305255662142,1.7036923435539305e-06,22,0.0022533773877526976,0.015473367367485403
1999-04-08,-0.0118637805984436,0.0152805712071566,0.0118637805984436,0.000140749290088,22,0.019207595274359942,-0.003927024067203341
1999-04-09,-0.0234515607076681,0.0186775886174718,0.0234515607076681,0.0005499756996254,22,0.037809644718722696,-0.019132056101250895
1999-04-12,-0.0015645174676589,0.0156611035153473,0.0015645174676589,2.4477149066099734e-06,22,0.0026697345496709255,0.012991368965676374
1999-04-13,-0.0119500048348446,0.0125959208759786,0.0119500048348446,0.0001428026155528,22,0.019346031291126248,-0.006750110415147647
1999-04-14,0.0,0.0,0.0,0.0,22,0.0001571850322937213,-0.0001571850322937213
1999-04-15,-0.0261240465208818,0.0206926088441151,0.0261240465208818,0.0006824658066251,22,0.04209910410968365,-0.02140649526556855
1999-04-16,0.0760305557215522,0.0069879470527378,0.0760305557215522,0.005780645403328,22,0.1221513677844019,-0.1151634207316641
1999-04-19,-0.0421984036657023,0.025883275274282,0.0421984036657023,0.0017807052719335,22,0.06789343446809226,-0.042010159193810265
1999-04-20,0.0075797617557836,0.0266566567044369,0.0075797617557836,5.74527882744408e-05,22,0.01232909754826414,0.014327559156172759
1999-04-21,0.0112422472328806,0.0255575750908658,0.0112422472328806,0.0001263881228452,22,0.0182096934249609,0.007347881665904901
1999-04-22,-0.0170923261064461,0.0224469532151434,0.0170923261064461,0.000292147611729,22,0.027601695840426217,-0.005154742625282819
1999-04-23,-0.0065473354674239,0.0173024240180457,0.0065473354674239,4.286760172298778e-05,22,0.010671310909059798,0.006631113108985903
1999-04-26,-0.0542936921322844,0.0260792552052899,0.0542936921322844,0.0029478050053552,22,0.08729611882110291,-0.061216863615813015
1999-04-27,0.7498216136381878,1.204237422870626,0.7498216136381878,0.5622324522789758,22,1.1936660076593901,0.010571415211235946
1999-04-28,-0.1090854580048312,0.211426802530424,0.1090854580048312,0.0118996371481237,22,0.17512073573596207,0.03630606679446194
1999-04-29,0.039144924703934,0.0318902760333544,0.039144924703934,0.0015323251300766,22,0.06299430932790638,-0.031104033294551983
1999-04-30,0.0201548281768444,0.0269767722546118,0.0201548281768444,0.0004062170988381,22,0.03251786703458439,-0.00554109477997259
1999-05-03,-0.0133773854669929,0.0233493956392925,0.0133773854669929,0.0001789544419325,22,0.02163769954542384,0.001711696093868658
1999-05-04,0.0378570185204247,0.0285701481906216,0.0378570185204247,0.0014331538512557,22,0.06092783419371003,-0.03235768600308843
1999-05-05,0.0069274286752822,0.0237697301487416,0.0069274286752822,4.798926805112266e-05,22,0.01128163856005567,0.012488091588685931
1999-05-06,0.0218131971740021,0.0288514237558849,0.0218131971740021,0.0004758155709518,22,0.035179863531745945,-0.006328439775861044
1999-05-07,0.0203890643484372,0.0265042777927791,0.0203890643484372,0.0004157139450047,22,0.032893866823056714,-0.006389589030277615
1999-05-10,0.0251623379613463,0.0213541586103773,0.0251623379613463,0.000633143251681,22,0.04055555010973777,-0.01920139149936047
1999-05-11,0.0253660134469384,0.0289550459711706,0.0253660134469384,0.0006434346381902,22,0.04088245469218731,-0.011927408721016712
1999-05-12,-0.0130671570864028,0.0313783920548945,0.0130671570864028,0.0001707505943207,22,0.021139632593519128,0.010238759461375369
1999-05-13,0.0398288251485707,0.0299432641051777,0.0398288251485707,0.0015863353127154,22,0.06409161768928101,-0.034148353584103314
1999-05-14,0.0378538951340291,0.0335288551113415,0.0378538951340291,0.001432917376818,22,0.06092282257159135,-0.02739396746024985
1999-05-17,0.0090568468110502,0.0390567442980691,0.0090568468110502,8.202647415883137e-05,22,0.014700810759444067,0.024355933538625037
1999-05-18,0.0164363802360779,0.0305621533023785,0.0164363802360779,0.0002701545952649,22,0.026548673109644243,0.0040134801927342555
1999-05-19,0.032644597187512,0.0353333310752238,0.032644597187512,0.0010656697255349,22,0.05256373955303841,-0.01723040847781461
1999-05-20,-0.0136058691271056,0.0309495576294083,0.0136058691271056,0.0001851196747039,22,0.022004524248969135,0.008945033380439164
1999-05-21,-0.0311153268883677,0.0287274119429917,0.0311153268883677,0.0009681635673699,22,0.0501096048996465,-0.0213821929566548
1999-05-24,-0.0107507773023392,0.0224022286504993,0.0107507773023392,0.0001155792126044,22,0.017420604298871097,0.004981624351628203
1999-05-25,0.0122957117465556,0.0232785856695461,0.0122957117465556,0.0001511845273543,22,0.019901072946396033,0.003377512723150067
1999-05-26,-0.0285072530767746,0.0277963665400351,0.0285072530767746,0.0008126634779832,22,0.04592402813127423,-0.018127661591239134
1999-05-27,-0.0352004415083738,0.0231207363054105,0.0352004415083738,0.0012390710823844,22,0.05666509584892335,-0.03354435954351285
1999-05-28,-0.0176321738479618,0.0206174471585644,0.0176321738479618,0.0003108935546047,22,0.028468328154620887,-0.007850880996056488
1999-05-31,0.0531159709773145,0.0196839000598616,0.0531159709773145,0.0028213063728629,22,0.08540711936693345,-0.06572321930707184
1999-06-01,-0.0231855538444098,0.0182267255124156,0.0231855538444098,0.000537569907072,22,0.03738267692286715,-0.01915595141045155
1999-06-02,0.0125376988162896,0.0201895305407667,0.0125376988162896,0.0001571938916079,22,0.020289586927203177,-0.00010005638643647771
1999-06-03,0.018414384192511,0.0117291675883266,0.018414384192511,0.0003390895451894,22,0.029724012097906295,-0.017994844509579694
1999-06-04,0.0185939731834747,0.0224020536709537,0.0185939731834747,0.0003457358387477,22,0.030012303404275093,-0.007610249733321393
1999-06-07,0.0036928078030192,0.0196619466661743,0.0036928078030192,1.363682947004019e-05,22,0.006087530164621164,0.013574416501553135
1999-06-08,0.0272465516725893,0.0366835585359087,0.0272465516725893,0.000742374578047,22,0.04390069410052555,-0.007217135564616853
1999-06-09,-0.0197178431669154,0.0319855752967119,0.0197178431669154,0.000388793339155,22,0.0318164058675043,0.00016916942920760375
1999-06-10,0.0039503539687569,0.0160898114450086,0.0039503539687569,1.5605296478474106e-05,22,0.006501108736710573,0.009588702708298025
1999-06-11,-0.0203962188684122,0.0110923069044924,0.0203962188684122,0.0004160057441281,22,0.03290535134435545,-0.021813044439863052
1999-06-14,-0.016787567121992,0.0176421357577978,0.016787567121992,0.0002818224098753,22,0.02711245302785173,-0.00947031727005393
1999-06-15,-0.0011614466195548,0.0170985629274307,0.0011614466195548,1.3489582500752825e-06,22,0.002022428557484614,0.015076134369946086
1999-06-16,0.0261274699016482,0.0227993015843193,0.0261274699016482,0.0006826446834615,22,0.04210459861482864,-0.01930529703050934
1999-06-17,0.0212337944572483,0.018919403859758,0.0212337944572483,0.0004508740270526,22,0.03424982426862789,-0.01533042040886989
1999-06-18,0.0031004083052127,0.0191351408906442,0.0031004083052127,9.612531659032168e-06,22,0.005136220310720234,0.013998920579923965
1999-06-21,0.0142478744135446,0.018406736246717,0.0142478744135446,0.0002030019253041,22,0.023035236771923064,-0.004628500525206063
1999-06-22,0.0018895747762109,0.0164723735677987,0.0018895747762109,3.5704928348925385e-06,22,0.0031917512863805274,0.013280622281418172
1999-06-23,-0.0074951253350513,0.0298428725392859,0.0074951253350513,5.6176903788128e-05,22,0.012193196754604289,0.01764967578468161
1999-06-24,-0.0129033777011442,0.0134682137879657,0.0129033777011442,0.0001664971560983,22,0.020876685801857274,-0.007408472013891575
1999-06-25,-0.0036008705068274,0.0122731181530049,0.0036008705068274,1.296626840693948e-05,22,0.005939892738170619,0.006333225414834281
1999-06-28,0.011677584662539,0.0156087489444794,0.011677584662539,0.0001363659835507,22,0.018908650244731512,-0.0032999013002521123
1999-06-29,-0.007175991019668,0.0129621369020332,0.007175991019668,5.149484711435617e-05,22,0.011680759982832162,0.001281376919201039
1999-06-30,0.0022867442293505,0.0116982948750548,0.0022867442293505,5.229199170467937e-06,22,0.0038295690576454554,0.007868725817409343
1999-07-01,-0.0050550767786638,0.0123117464332001,0.0050550767786638,2.555380123818598e-05,22,0.008275090918480835,0.004036655514719264
1999-07-02,0.0121019305327039,0.0103562326803401,0.0121019305327039,0.0001464567226183,22,0.01958995260590694,-0.00923371992556684
1999-07-05,0.0366788865515754,0.0197399623562345,0.0366788865515754,0.0013453407186633,22,0.05903743904607453,-0.03929747668984003
1999-07-06,0.0067040376003033,0.0185339918470796,0.0067040376003033,4.494412014628098e-05,22,0.010922933131728332,0.007611058715351268
1999-07-07,0.0102682912063532,0.0188843898629835,0.0102682912063532,0.0001054378042984,22,0.016645930403952864,0.0022384594590306346
1999-07-08,0.0031933955583299,0.0214685851272682,0.0031933955583299,1.0197775191961516e-05,22,0.00528554557829401,0.016183039548974192
1999-07-09,0.0225551161001309,0.0323185195752631,0.0225551161001309,0.0005087332622903,22,0.036370750122632085,-0.004052230547368987
1999-07-12,0.0528181055152934,0.0217241779519121,0.0528181055152934,0.0027897522702246,22,0.08492935131455322,-0.06320517336264111
1999-07-13,0.0056665321347056,0.029245757242044,0.0056665321347056,3.210958643365132e-05,22,0.009256956092028647,0.019988801150015355
1999-07-14,0.0120332764809521,0.0266966445904357,0.0120332764809521,0.000144799742867,22,0.019479726552767272,0.007216918037668427
1999-07-15,-0.0113819184137781,0.0214760458360625,0.0113819184137781,0.0001295480667779,22,0.01843394353478582,0.0030421023012766786
1999-07-16,0.0147145774995316,0.0214505609596255,0.0147145774995316,0.0002165187909897,22,0.023784499131354393,-0.002333938171728892
1999-07-19,0.0103314872806768,0.0261326842910349,0.0103314872806768,0.0001067396294307,22,0.01674739776779085,0.009385286523244052
1999-07-20,-0.0264139955563347,0.0277441157828781,0.0264139955563347,0.00069769916125,22,0.04256446895379248,-0.014820353170914378
1999-07-21,0.0253342357947124,0.0175717411720498,0.0253342357947124,0.000641823503302,22,0.04083145081738677,-0.023259709645336968
1999-07-22,-0.0018232677209559,0.0209114500347209,0.0018232677209559,3.3243051822799847e-06,22,0.00308526764303303,0.017826182391687873
1999-07-23,-0.0175652899904709,0.0133005911909111,0.0175652899904709,0.0003085394124493,22,0.028360958274426865,-0.015060367083515765
1999-07-26,-0.0114126518497747,0.0158621960739401,0.0114126518497747,0.0001302486222441,22,0.018483287733339043,-0.002621091659398944
1999-07-27,-0.0203486600652735,0.026368967656966,0.0203486600652735,0.000414067966452,22,0.03282900934642528,-0.0064600416894592776
1999-07-28,0.0080953292226682,0.0234591784637259,0.0080953292226682,6.553435522338727e-05,22,0.013156938908964997,0.010302239554760902
1999-07-29,0.0005565426070872,0.0166345643308329,0.0005565426070872,3.097396735034476e-07,22,0.0010509798181895541,0.015583584512643345
1999-07-30,-0.0142226536027115,0.0148334371716958,0.0142226536027115,0.0002022838755027,22,0.02299474611533745,-0.008161308943641652
1999-08-02,-0.0275716915938816,0.0195349759533743,0.0275716915938816,0.0007601981773481,22,0.044422525805190245,-0.024887549851815946
1999-08-03,-0.0047759299419563,0.0248530177542489,0.0047759299419563,2.2809506810475343e-05,22,0.00782683668965673,0.017026181064592173
1999-08-04,0.040408842197,0.0169652062877053,0.040408842197,0.001632874527702,22,0.06502223269958059,-0.04805702641187529
1999-08-05,0.0056024934283951,0.0228233693832228,0.0056024934283951,3.138793261521039e-05,22,0.009154124434582415,0.013669244948640386
1999-08-06,-0.0011394400227817,0.0228459305081534,0.0011394400227817,1.298323565516853e-06,22,0.001987087193170359,0.02085884331498304
1999-08-09,0.0248542312348305,0.0232199542254246,0.0248542312348305,0.0006177328102744,22,0.0400610276027666,-0.016841073377342
1999-08-10,-0.0068740587228274,0.0182547973817457,0.0068740587228274,4.7252683324879584e-05,22,0.011195941075967032,0.0070588563057786685
1999-08-11,0.0001853086614509,0.0167837424201181,0.0001853086614509,3.4339300008740365e-08,22,0.0004547878422341141,0.016328954577883987
1999-08-12,-0.0012085522479549,0.0181145453293737,0.0012085522479549,1.4605985360369747e-06,22,0.0020980775016983364,0.016016467827675365
1999-08-13,0.0029158839429675,0.0261675480857584,0.0029158839429675,8.5023791688562e-06,22,0.004839897541463243,0.021327650544295154
1999-08-16,0.0348971826932259,0.0271517785037838,0.0348971826932259,0.0012178133599243,22,0.05617847026423311,-0.029026691760449308
1999-08-17,0.0163285674560188,0.0199544725547867,0.0163285674560188,0.0002666221151657,22,0.026375594292163136,-0.006421121737376436
1999-08-18,0.0417511959938536,0.0294377951834311,0.0417511959938536,0.0017431623669171,22,0.06717593856532271,-0.03773814338189161
1999-08-19,-0.0102293364830518,0.0256464815197053,0.0102293364830518,0.0001046393248834,22,0.016583384780532014,0.009063096739173285
1999-08-20,0.0139350699603886,0.0206194647274389,0.0139350699603886,0.0001941861748009,22,0.022533044319214667,-0.0019135795917757659
1999-08-23,0.0226986384297448,0.0253110159563715,0.0226986384297448,0.0005152281865642,22,0.036601121687791026,-0.011290105731419527
1999-08-24,0.0101830010877782,0.0178262127486937,0.0101830010877782,0.0001036935111536,22,0.016508988690229407,0.0013172240584642912
1999-08-25,-0.0182763245695282,0.0215483797321385,0.0182763245695282,0.0003340240397707,22,0.029502386380888333,-0.007954006648749835
1999-08-26,0.0239341053831253,0.0187400202860498,0.0239341053831253,0.0005728414004905,22,0.03858417063172189,-0.01984415034567209
1999-08-27,0.0005392135259634,0.0183106244561554,0.0005392135259634,2.9075122658189695e-07,22,0.0010231498852670163,0.017287474570888382
1999-08-30,-0.0021078414255605,0.0185790034826216,0.0021078414255605,4.442995475309227e-06,22,0.0035422682804780656,0.015036735202143534
1999-08-31,-0.00484891147234,0.014957629671157,0.00484891147234,2.351194246659052e-05,22,0.007944030779717243,0.0070135988914397564
1999-09-01,-0.0032091327008121,0.0181644944157607,0.0032091327008121,1.029853269142165e-05,22,0.005310817321533561,0.012853677094227139
1999-09-02,-0.0280070457911141,0.0150555121937188,0.0280070457911141,0.0007843946139455,22,0.04512123906723002,-0.030065726873511223
1999-09-03,0.0046723533774935,0.0138198706441487,0.0046723533774935,2.183088608417544e-05,22,0.007660512599858652,0.0061593580442900475
1999-09-06,0.0104035041911323,0.0166425370590243,0.0104035041911323,0.0001082328994549,22,0.016863027645552288,-0.00022049058652798617
1999-09-07,0.010288020822461,0.0270165014942983,0.010288020822461,0.0001058433724433,22,0.016677608212873833,0.010338893281424465
1999-09-08,0.0140513696342616,0.0227858878099554,0.0140513696342616,0.0001974409885986,22,0.02271975826741549,6.612954253991041e-05
1999-09-09,0.0110383479164813,0.0244872156577747,0.0110383479164813,0.0001218451247252,22,0.017882320018817028,0.006604895638957671
1999-09-10,-0.0031849567324198,0.0147949487192919,0.0031849567324198,1.0143949387386765e-05,22,0.005271993950165715,0.009522954769126186
1999-09-13,0.0,0.0,0.0,0.0,22,0.0001571850322937213,-0.0001571850322937213
1999-09-14,-0.0022889393462639,0.032306926646497,0.0022889393462639,5.239243330875013e-06,22,0.0038330941977153515,0.028473832448781648
1999-09-15,-0.010174993153393,0.0202222273138394,0.010174993153393,0.0001035304856715,22,0.016496131146018722,0.003726096167820679
1999-09-16,-0.0211116460131235,0.0157205590024217,0.0211116460131235,0.0004457015973834,22,0.034053753745980304,-0.018333194743558604
1999-09-17,-0.0009946633496898,0.0167080722158309,0.0009946633496898,9.89355179216307e-07,22,0.0017545834894241823,0.014953488726406717
1999-09-20,-0.0065642060526466,0.0246644750230665,0.0065642060526466,4.3088801101602336e-05,22,0.010698400656377102,0.013966074366689396
1999-09-21,-0.0082019614520799,0.018982539638516,0.0082019614520799,6.727217166140588e-05,22,0.013328155917101802,0.005654383721414198
1999-09-22,0.0213019763654553,0.0349535866899784,0.0213019763654553,0.0004537741970744,22,0.034359268415202135,0.0005943182747762676
1999-09-23,0.0120409215014449,0.0262705640808743,0.0120409215014449,0.0001449837906039,23,0.019492000861751905,0.006778563219122395
1999-09-24,0.0347381476528395,0.048185055587732,0.0347381476528395,0.0012067389023504,23,0.05592327259216984,-0.007738217004437838
1999-09-27,-0.0138006400950991,0.0186563927945466,0.0138006400950991,0.0001904576670344,23,0.022317222514739745,-0.0036608297201931456
1999-09-28,-0.0110067517292226,0.0172652658176103,0.0110067517292226,0.0001211485836287,23,0.017831590175831673,-0.0005663243582213727
1999-09-29,0.0307703642588903,0.0195581890803255,0.0307703642588903,0.0009468153166247,23,0.04955600521701328,-0.029997816136687783
1999-09-30,0.0022675759612222,0.0226750805817391,0.0022675759612222,5.141900739912863e-06,23,0.0037987867121871215,0.01887629386955198
1999-10-01,-0.0102375468601262,0.014803260086902,0.0102375468601262,0.0001048073657132,23,0.016596567349837513,-0.0017933072629355128
1999-10-04,-0.0249574993968026,0.0155243730689892,0.0249574993968026,0.0006228767761414,23,0.040226777162703356,-0.024702404093714155
1999-10-05,-0.0001102704004825,0.013755387465679,0.0001102704004825,1.2159561222582405e-08,23,0.00033427772698610934,0.01342110973869289
1999-10-06,0.0217106467635819,0.0237032752530286,0.0217106467635819,0.000471352182893,23,0.035015253725165556,-0.011311978472136955
1999-10-07,0.0513467727934612,0.0223009331878144,0.0513467727934612,0.0026364910763033,23,0.08256932436043925,-0.06026839117262485
1999-10-08,0.0197324391019157,0.0301478976096681,0.0197324391019157,0.0003893691529108,23,0.0318398358081614,-0.0016919381984933021
1999-10-11,0.0093999933504106,0.0270019787639282,0.0093999933504106,8.835987498776497e-05,23,0.015251779457495836,0.011750199306432365
1999-10-12,0.0090103872593579,0.0250115860889054,0.0090103872593579,8.118707856360006e-05,23,0.014626213250999385,0.010385372837906014
1999-10-13,0.0102731234893564,0.0252758216248566,0.0102731234893564,0.0001055370662275,23,0.016653689103555025,0.008622132521301576
1999-10-14,0.0139059576372234,0.032807650991114,0.0139059576372234,0.0001933756578082,23,0.022486305700057368,0.01032134529105663
1999-10-15,-0.0325795121744732,0.0188051836476507,0.0325795121744732,0.0010614246135266,23,0.05245929456797624,-0.03365411092032554
1999-10-18,0.0050660106788412,0.0225632196182841,0.0050660106788412,2.5664464198133915e-05,23,0.008292648524388218,0.014270571093895882
1999-10-19,0.0,0.0,0.0,0.0,23,0.0001571850322937213,-0.0001571850322937213
1999-10-20,0.029896886931941,0.0290142021432695,0.029896886931941,0.0008938238482212,23,0.04815421930204918,-0.019140017158779683
1999-10-21,-0.011360416136301,0.020727787184894,0.011360416136301,0.0001290590547899,23,0.018399420440590578,0.002328366744303423
1999-10-22,-0.0041627902272791,0.0221240115523647,0.0041627902272791,1.7328822476330658e-05,23,0.006842246004446705,0.015281765547917997
1999-10-25,-0.001120568401147,0.034237251578689,0.001120568401147,1.255673541649292e-06,23,0.0019567804090171704,0.03228047116967183
1999-10-26,-0.0142281655568347,0.0237892675528481,0.0142281655568347,0.0002024406951126,23,0.02300359526357128,0.0007856722892768189
1999-10-27,-0.0096318269659476,0.0256894016616695,0.0096318269659476,9.277209070195648e-05,23,0.015624017497248208,0.010065384164421293
1999-10-28,-0.0301134397560223,0.016240279541778,0.0301134397560223,0.0009068192539395,23,0.04850175329420647,-0.03226147375242847
1999-10-29,-0.0379073687528117,0.0245531345199037,0.0379073687528117,0.0014369686057616,23,0.06100862348660386,-0.03645548896670016
1999-11-01,-0.048357278652028,0.0291462435970645,0.048357278652028,0.0023384263986298,23,0.07777390323669339,-0.048627659639628895
1999-11-02,0.0412336381084846,0.0294782504217362,0.0412336381084846,0.0017002129116614,23,0.06634556392391745,-0.036867313502181254
1999-11-03,-0.0192090072033438,0.0303368815937529,0.0192090072033438,0.0003689859577381,23,0.030999598284845806,-0.0006627166910929058
1999-11-04,1.1743703980500453e-05,0.0142659348055553,1.1743703980500453e-05,1.3791458318162214e-10,23,0.00017604527585577304,0.014089889529699527
1999-11-05,0.0148043891921218,0.0227055371023646,0.0148043891921218,0.0002191699393518,23,0.02392868518660907,-0.0012231480842444693
1999-11-08,0.7172208318040706,1.1603840297588282,0.7172208318040706,0.5144057215737229,23,1.1422193763887536,0.018164653370074557
1999-11-09,-0.1118145024426438,0.2045609759809176,0.1118145024426438,0.012502482956496,23,0.1794920798078565,0.0250688961730611
1999-11-10,0.0221678215497532,0.0204322880716056,0.0221678215497532,0.0004914123122617,23,0.035749089275239246,-0.015316801203633646
1999-11-11,0.0027544047268807,0.025169085936018,0.0027544047268807,7.586745399462935e-06,23,0.004580581297070003,0.020588504638947996
1999-11-12,-0.0016479644222703,0.0181054496623753,0.0016479644222703,2.7157867370689963e-06,23,0.0028037442472298112,0.015301705415145488
1999-11-15,-0.0100965709401683,0.0180556751487373,0.0100965709401683,0.0001019407447498,23,0.016370216264890724,0.0016854588838465766
1999-11-16,0.0036292480610149,0.0192701036701445,0.0036292480610149,1.3171441488380411e-05,23,0.005985462842984412,0.013284640827160087
1999-11-17,-0.0092169448255229,0.017168611703226,0.0092169448255229,8.495207191673457e-05,23,0.014957870574360817,0.002210741128865181
1999-11-18,0.0003064297918258,0.0166710708313461,0.0003064297918258,9.389921731845921e-08,23,0.0006493057758371793,0.01602176505550892
1999-11-19,0.0008973160964024,0.0129027219172975,0.0008973160964024,8.051761768629506e-07,23,0.00159824848481972,0.011304473432477782
1999-11-22,0.003545774207592,0.0200154991333648,0.003545774207592,1.2572514731224736e-05,23,0.005851416240259893,0.014164082893104907
1999-11-23,0.7172206985784986,1.160383854900924,0.7172206985784986,0.5144055304694295,23,1.142219166065562,0.01816468883536193
1999-11-24,-0.1017365812234138,0.2042182126603309,0.1017365812234138,0.0103503319590282,23,0.1633480018564354,0.040870210803895524
1999-11-25,0.0128683160538877,0.0216860076219854,0.0128683160538877,0.0001655935580627,23,0.020820394411074104,0.0008656132109112966
1999-11-26,0.0015142585036542,0.0241546381421046,0.0015142585036542,2.292978815889069e-06,23,0.0025890222065448687,0.021565615935559734
1999-11-29,-0.0121704490875,0.025883879713705,0.0121704490875,0.0001481198309914,23,0.019699960935991346,0.006183918777713654
1999-11-30,-0.0088348266165786,0.0207168240882569,0.0088348266165786,7.805416134500677e-05,23,0.014344324586455546,0.006372499501801354
1999-12-01,0.0017344715896731,0.0166146723864492,0.0017344715896731,3.008391695383174e-06,23,0.002942668142718267,0.013672004243730933
1999-12-02,0.0152310990749134,0.0165577358622918,0.0152310990749134,0.0002319863790298,23,0.02461373227118935,-0.00805599640889755
1999-12-03,0.0002005225763846,0.0234451381082835,0.0002005225763846,4.020930363994935e-08,23,0.0004792210934623164,0.022965917014821185
1999-12-06,0.0129965706694434,0.0190003341888862,0.0129965706694434,0.0001689108491658,23,0.021026306662115413,-0.0020259724732292136
1999-12-07,0.0075770067695445,0.0272451905389735,0.0075770067695445,5.741103158572452e-05,23,0.01232467386812772,0.01492051667084578
1999-12-08,-0.00788212171378,0.0171590176104162,0.00788212171378,6.212784271084281e-05,23,0.012814595038689517,0.004344422571726682
1999-12-09,0.0001431010414785,0.0110793518335252,0.0001431010414785,2.0477908072251087e-08,23,0.0003870031800697288,0.010692348653455471
1999-12-10,-0.0025060784033389,0.0113965981258355,0.0025060784033389,6.280428963681934e-06,23,0.004181797083362246,0.007214801042473255
1999-12-13,-0.0116682105224011,0.0218629493658659,0.0116682105224011,0.000136147136795,23,0.018893599652561682,0.0029693497133042174
1999-12-14,-0.0081922253578603,0.0318202593279955,0.0081922253578603,6.711255631397017e-05,23,0.013312522904280658,0.018507736423714845
1999-12-15,0.0079881480939732,0.0241089212685247,0.0079881480939732,6.381050997124769e-05,23,0.012984840109455258,0.011124081159069443
1999-12-16,0.0065207728389956,0.016807311372142,0.0065207728389956,4.252047841778297e-05,23,0.010628658253388872,0.006178653118753128
1999-12-17,0.000729095522543,0.0225577334462555,0.000729095522543,5.315802809923898e-07,23,0.0013280934878208896,0.02122963995843461
1999-12-20,0.0080339059547544,0.0259233160267278,0.0080339059547544,6.454364488983893e-05,23,0.013058312732249389,0.01286500329447841
1999-12-21,-0.0150662933989476,0.0225820957904884,0.0150662933989476,0.0002269931967831,23,0.02434915134157421,-0.001767055551085809
1999-12-22,0.0241977532165951,0.031823201824345,0.0241977532165951,0.0005855312607312,23,0.03900734445039815,-0.007184142626053151
1999-12-23,-0.0103057498967077,0.0162291590658482,0.0103057498967077,0.0001062084809334,23,0.016706073945506824,-0.0004769148796586256
1999-12-24,-0.0276654598125789,0.0130237203047503,0.0276654598125789,0.0007653776666414,23,0.044573017895648465,-0.03154929759089817
1999-12-27,-0.0234106222556019,0.0129818451060698,0.0234106222556019,0.0005480572343944,23,0.03774393455694579,-0.02476208945087599
1999-12-28,0.0026615714509745,0.0132517298464823,0.0026615714509745,7.083962588642716e-06,23,0.0044315017463431765,0.008820228100139122
1999-12-29,0.0156615473649709,0.0168069675129021,0.0156615473649709,0.0002452840658652,23,0.02530477403752852,-0.008497806524626422
1999-12-30,-0.007866643877891,0.0112839000719586,0.007866643877891,6.188408590156111e-05,23,0.012789742459033285,-0.001505842387074685
1999-12-31,0.0,0.0,0.0,0.0,23,0.0001571850322937213,-0.0001571850322937213
2000-01-03,0.0669461717632762,0.0135868432817442,0.0669461717632762,0.004481789913758,23,0.10758666600873162,-0.09399982272698743
2000-01-04,0.0031599426862642,0.0350400896730072,0.0031599426862642,9.98523778047496e-06,23,0.0052318247146072765,0.029808264958399926
2000-01-05,-0.0024786853855246,0.0350795399519066,0.0024786853855246,6.143881240413427e-06,23,0.004137806826534575,0.030941733125372028
2000-01-06,0.0305297433676786,0.0293578757965202,0.0305297433676786,0.0009320652300963,23,0.04916985158096817,-0.01981197578444797
2000-01-07,0.0028545480188376,0.0473625968957194,0.0028545480188376,8.14844439185007e-06,23,0.004741399524142662,0.04262119737157674
2000-01-10,0.0015153670307225,0.0343927942237102,0.0015153670307225,2.296337237800792e-06,23,0.0025908024236855447,0.03180199180002466
2000-01-11,-0.0435881703238253,0.023679777785883,0.0435881703238253,0.0018999285921788,23,0.07012311483048943,-0.04644333704460643
2000-01-12,0.0217425842849538,0.0302770462887042,0.0217425842849538,0.0004727399713883,23,0.03506651859669292,-0.004789472307988721
2000-01-13,0.00136970219974,0.0252568014000101,0.00136970219974,1.8760841159726763e-06,23,0.002356874466155778,0.02289992693385432
2000-01-14,-0.0014122516105632,0.0164674949147207,0.0014122516105632,1.994454611538512e-06,23,0.0024252060521590545,0.014042288862561647
2000-01-17,0.0068544935373784,0.0301920859214588,0.0068544935373784,4.69840816539629e-05,23,0.011164524735116421,0.019027561186342377
2000-01-18,-0.0035906615093805,0.0247134351133702,0.0035906615093805,1.289285007494682e-05,23,0.005923498608737062,0.01878993650463314
2000-01-19,0.0152935273399511,0.022867690486091,0.0152935273399511,0.0002338919784978,23,0.024713955056758868,-0.0018462645706678674
2000-01-20,-0.0163337806966222,0.0189974959646972,0.0163337806966222,0.0002667923918453,23,0.02638396345410666,-0.007386467489409458
2000-01-21,0.0053112651845561,0.0223933624347034,0.0053112651845561,2.820953786067852e-05,23,0.008686475870489528,0.01370688656421387
2000-01-24,-0.0145102868005086,0.028214839839343,0.0145102868005086,0.000210548423033,23,0.023456524322949934,0.004758315516393066
2000-01-25,-0.0209427078290062,0.0232867373115446,0.0209427078290062,0.0004385970112111,23,0.033782576224555425,-0.010495838913010824
2000-01-26,0.0,0.0,0.0,0.0,23,0.0001571850322937213,-0.0001571850322937213
2000-01-27,0.0089172086876661,0.0302193947196848,0.0089172086876661,7.951661077938939e-05,23,0.014476601372815208,0.015742793346869594
2000-01-28,-0.0037690774111647,0.0274519785112308,0.0037690774111647,1.4205944531352497e-05,23,0.006210007403911678,0.02124197110731912
2000-01-31,-0.0266908056296023,0.0268299336531777,0.0266908056296023,0.0007123991051572,23,0.043008742931265755,-0.016178809278088055
2000-02-01,0.0034407370804469,0.025131042812797,0.0034407370804469,1.183867165676246e-05,23,0.00568274184799176,0.019448300964805237
2000-02-02,0.0344809999962008,0.0282115796805291,0.0344809999962008,0.001188939360738,23,0.055510635182387975,-0.027299055501858877
2000-02-03,-0.0034197607516623,0.020212337114708,0.0034197607516623,1.169476359861025e-05,23,0.005649056855954351,0.014563280258753648
2000-02-04,-0.0122140144055734,0.0197821073787818,0.0122140144055734,0.0001491821478995,23,0.019769906099609623,1.2201279172178309e-05
2000-02-07,-0.006272496426071,0.0207207838397084,0.006272496426071,3.93442114150737e-05,23,0.010229989768422963,0.010490794071285437
2000-02-08,-0.0041894956845206,0.0266068863301385,0.0041894956845206,1.7551874090617143e-05,23,0.006885130401730247,0.019721755928408254
2000-02-09,0.0217830049794559,0.0220323855272368,0.0217830049794559,0.000474499305935,23,0.03513140027331366,-0.013099014746076856
2000-02-10,0.001560205383481,0.0293203051189629,0.001560205383481,2.4342408386432445e-06,23,0.0026628096510937518,0.02665749546786915
2000-02-11,-0.0077135405022142,0.0319432454670482,0.0077135405022142,5.949870707930032e-05,23,0.01254390567238055,0.019399339794667653
2000-02-14,-0.0135770270043136,0.0302090160140834,0.0135770270043136,0.0001843356622758,23,0.021958219064126636,0.008250796949956764
2000-02-15,-0.0216822313065348,0.0277828804003139,0.0216822313065348,0.00047011915443,23,0.03496964230216594,-0.007186761901852041
2000-02-16,0.0127628695054146,0.0235688255971984,0.0127628695054146,0.0001628908380122,23,0.02065109994793459,0.002917725649263809
2000-02-17,0.0217577472460683,0.0321580346139393,0.0217577472460683,0.0004733995652237,23,0.03509085758062807,-0.0029328229666887723
2000-02-18,-0.0114535492240169,0.0443077471478806,0.0114535492240169,0.0001311837898269,23,0.01854895063033435,0.02575879651754625
2000-02-21,0.0170529251598326,0.0310071195362978,0.0170529251598326,0.0002908022565068,23,0.027538443991237255,0.0034686755450605462
2000-02-22,-0.0139204684624626,0.0378962110892167,0.0139204684624626,0.0001937794422144,23,0.022509602228060546,0.015386608861156156
2000-02-23,-0.0019640050539391,0.0286735959328822,0.0019640050539391,3.857315851898348e-06,23,0.0033112799534913127,0.025362315979390888
2000-02-24,0.0109132158174761,0.0274798871554802,0.0109132158174761,0.0001190982794788,23,0.01768141163964785,0.00979847551583235
2000-02-25,-0.0150677801650547,0.026049323951079,0.0150677801650547,0.0002270379991024,23,0.024351538217619005,0.0016977857334599944
2000-02-28,0.0406656141628291,0.0319339070182463,0.0406656141628291,0.00165369217524,23,0.0654342093397154,-0.033500302321469104
2000-02-29,-0.0572893107026156,0.0166584858543401,0.0572893107026156,0.0032820651207808,23,0.09210068714158773,-0.07544220128724763
2000-03-01,-0.0103223000324561,0.0355893814375974,0.0103223000324561,0.00010654987796,23,0.01673264676828129,0.01885673466931611
2000-03-02,-0.0436934276567818,0.0373319241721865,0.0436934276567818,0.0019091156203984,23,0.07029198206194445,-0.032960057889757956
2000-03-03,-0.05435203652466,0.029040776485049,0.05435203652466,0.0029541438743779,23,0.0873896986206536,-0.0583489221356046
2000-03-06,-0.0113223246197747,0.0458092279498018,0.0113223246197747,0.0001281950347955,23,0.01833826236359048,0.02747096558621132
2000-03-07,-0.0247687127940324,0.0354640398445666,0.0247687127940324,0.0006134891334732,23,0.03992376675320116,-0.004459726908634561
2000-03-08,-0.009531317107209,0.0449611667098815,0.009531317107209,9.08460057981766e-05,23,0.01546263652368525,0.029498530186196248
2000-03-09,0.0058632802596459,0.0417605665112443,0.0058632802596459,3.4378055403153645e-05,23,0.00957288804077946,0.032187678470464845
2000-03-10,-0.0156755368088434,0.0352645961249707,0.0156755368088434,0.0002457224542454,23,0.025327232575092493,0.00993736354987821
2000-03-13,-0.0066328405576892,0.0388681005116359,0.0066328405576892,4.399457386372701e-05,23,0.010808609608281292,0.028059490903354613
2000-03-14,0.0353085414623499,0.0398365102685236,0.0353085414623499,0.0012466931001984,23,0.05683855806714995,-0.017002047798626352
2000-03-15,0.0309228767875876,0.0308726110991224,0.0309228767875876,0.0009562243088203,23,0.04980075949728119,-0.01892814839815879
2000-03-16,-0.0151084129633395,0.0370063485134424,0.0151084129633395,0.0002282641422708,23,0.024416770673477913,0.012589577839964488
2000-03-17,0.0,0.0,0.0,0.0,23,0.0001571850322937213,-0.0001571850322937213
2000-03-20,0.0,0.0,0.0,0.0,23,0.0001571850322937213,-0.0001571850322937213
2000-03-21,0.002610212477022,0.0433004386529892,0.002610212477022,6.81320917520139e-06,23,0.004349025007628734,0.038951413645360464
2000-03-22,0.0255310373830632,0.0317998282086699,0.0255310373830632,0.0006518338698553,23,0.04114732135018812,-0.00934749314151822
2000-03-23,-0.0094919703587657,0.032813378964473,0.0094919703587657,9.009750129168769e-05,23,0.015399460361945535,0.017413918602527466
2000-03-24,0.006240802662633,0.0216353147825606,0.006240802662633,3.894761787392752e-05,23,0.01017909751324201,0.01145621726931859
2000-03-27,-0.0135471712900112,0.0314589476169352,0.0135471712900112,0.0001835258499609,23,0.021910286554412132,0.009548661062523067
2000-03-28,-0.0003680470125315,0.0283302664201295,0.0003680470125315,1.3545860343343566e-07,23,0.0007482614945025054,0.027582004925626995
2000-03-29,-0.0019647457941048,0.0243564027940556,0.0019647457941048,3.8602260354527234e-06,23,0.0033124695178533233,0.021043933276202274
2000-03-30,-0.0071977204699711,0.0329974143232554,0.0071977204699711,5.180717996384161e-05,23,0.011715651274876521,0.021281763048378876
2000-03-31,0.0293994754057377,0.0331347266505005,0.0293994754057377,0.0008643291541325,23,0.04735594351329786,-0.014221216862797363
2000-04-03,0.0124943910399195,0.0449862635824234,0.0124943910399195,0.0001561098074584,23,0.020220055786525234,0.024766207795898165
2000-04-04,-0.0577829775320325,0.021460762285956,0.0577829775320325,0.0033388724924673,23,0.09289242941157545,-0.07143166712561945
2000-04-05,0.0070789936316868,0.0246089167949709,0.0070789936316868,5.011215083746289e-05,23,0.01152500965759057,0.01308390713738033
2000-04-06,-9.653056510686455e-05,0.0269660403576391,9.653056510686455e-05,9.318149999850615e-09,23,0.0003122117720388586,0.02665382858560024
2000-04-07,0.0594500448429464,0.0220777600489196,0.0594500448429464,0.0035343078318283,23,0.09556600144482631,-0.0734882413959067
2000-04-10,0.0120021557063839,0.0292245080072636,0.0120021557063839,0.0001440517416002,23,0.01942976119574745,0.00979474681151615
2000-04-11,-0.0088655248183245,0.0187905286963764,0.0088655248183245,7.859753030432898e-05,23,0.014393615189457778,0.0043969135069186205
2000-04-12,-0.0173448138251664,0.0217914528550164,0.0173448138251664,0.0003008425666296,23,0.02800702264699445,-0.00621556979197805
2000-04-13,-0.0305576883741194,0.0185120649207118,0.0305576883741194,0.0009337723187697,23,0.049214698447742025,-0.030702633527030225
2000-04-14,0.0,0.0,0.0,0.0,23,0.0001571850322937213,-0.0001571850322937213
2000-04-17,-0.0393179799839772,0.0322225173988174,0.0393179799839772,0.0015459035500204,23,0.06327197570086313,-0.031049458302045724
2000-04-18,-0.0161116486711136,0.0283412309834455,0.0161116486711136,0.0002595852229013,23,0.026027359219926258,0.002313871763519243
2000-04-19,-0.0143895701727483,0.0325634973176709,0.0143895701727483,0.0002070597297564,23,0.023262721249559838,0.009300776068111062
2000-04-20,-0.0118034892508716,0.025296642397172,0.0118034892508716,0.0001393223584954,23,0.01911079524641707,0.006185847150754931
2000-04-21,0.0,0.0,0.0,0.0,23,0.0001571850322937213,-0.0001571850322937213
2000-04-24,-0.0135996864930702,0.0253377622389049,0.0135996864930702,0.0001849514727097,23,0.021994598213461267,0.0033431640254436325
2000-04-25,-0.0144465992066013,0.0272239528233034,0.0144465992066013,0.0002087042286361,23,0.023354277902350975,0.0038696749209524255
2000-04-26,0.0448556166613655,0.0245103178624332,0.0448556166613655,0.0020120263460713,23,0.07215648579411378,-0.04764616793168058
2000-04-27,-0.0265353274687696,0.0189359616969682,0.0265353274687696,0.0007041236038748,23,0.04275920431885191,-0.023823242621883713
2000-04-28,-0.0233302659115313,0.0217131576929256,0.0233302659115313,0.0005443013075027,23,0.03761495469344583,-0.01590179700052023
2000-05-01,0.0,0.0,0.0,0.0,23,0.0001571850322937213,-0.0001571850322937213
2000-05-02,-0.0478886266399764,0.0380297853771687,0.0478886266399764,0.002293320561463,23,0.0770221118565972,-0.0389923264794285
2000-05-03,0.0129700839094581,0.0275825821128547,0.0129700839094581,0.0001682230766183,23,0.020983782330564995,0.006598799782289704
2000-05-04,0.0436321958394314,0.0275674727885233,0.0436321958394314,0.0019037685137704,23,0.0701937462261636,-0.042626273437640305
2000-05-05,0.0257936512635106,0.0409673396081244,0.0257936512635106,0.0006653124455036,23,0.0415688196487667,-0.0006014800406422965
2000-05-08,-0.0175130726662728,0.023079375002181,0.0175130726662728,0.0003067077142141,23,0.02827713273016958,-0.00519775772798858
2000-05-09,-0.0018292012167313,0.0148318734689036,0.0018292012167313,3.345977091291493e-06,23,0.0030947963530230035,0.011737077115880597
2000-05-10,-0.0046045700027129,0.0152189719789261,0.0046045700027129,2.120206490988354e-05,23,0.007551665284261797,0.007667306694664302
2000-05-11,-0.0239038405814452,0.0213269553988115,0.0239038405814452,0.0005713935945431,23,0.038535593269474255,-0.017208637870662756
2000-05-12,-0.0210938107201773,0.0249751383198207,0.0210938107201773,0.0004449488506986,23,0.0340251248016166,-0.009049986481795905
2000-05-15,0.0021153231908661,0.020437942794969,0.0021153231908661,4.474592201816008e-06,23,0.003554283303754657,0.016883659491214342
2000-05-16,0.014852028857963,0.0294621736820332,0.014852028857963,0.0002205827611977,23,0.024005167035525604,0.005457006646507594
2000-05-17,0.0162340122105694,0.0257532722528151,0.0162340122105694,0.0002635431524529,23,0.026223798287039485,-0.0004705260342243861
2000-05-18,0.0065240876299394,0.0299564103593911,0.0065240876299394,4.256371940312904e-05,23,0.010633980944856281,0.01932242941453482
2000-05-19,-0.0004377115389261,0.0215670396018701,0.0004377115389261,1.9159139130912706e-07,23,0.0008601408112843504,0.020706898790585748
2000-05-22,-0.0083958786084,0.0135136588032871,0.0083958786084,7.049077760698924e-05,23,0.013639523289702086,-0.00012586448641498625
2000-05-23,-0.0143849964989355,0.0201216699621513,0.0143849964989355,0.0002069281242743,23,0.0232553784884672,-0.0031337085263158995
2000-05-24,0.0157883462728132,0.0231127958692691,0.0157883462728132,0.0002492718780302,23,0.02550833568401596,-0.002395539814746859
2000-05-25,0.0147019114892157,0.0333995443637359,0.0147019114892157,0.0002161462014367,23,0.023764164760313886,0.009635379603422013
2000-05-26,0.0141289917226159,0.0281983915242457,0.0141289917226159,0.0001996284070977,23,0.0228443767878195,0.0053540147364261985
2000-05-29,0.0226297944026598,0.0170856978287962,0.0226297944026598,0.0005121075947066,23,0.036490618379509704,-0.019404920550713505
2000-05-30,0.0208564445925208,0.0211852922553781,0.0208564445925208,0.0004349912810408,23,0.033644107106207126,-0.012458814850829027
2000-05-31,0.0057220373942142,0.0328078469422783,0.0057220373942142,3.274171194078671e-05,23,0.009346084840526308,0.023461762101751993
2000-06-01,-0.0348180474715494,0.0237396197910537,0.0348180474715494,0.001212296429731,23,0.056051485008834334,-0.032311865217780636
2000-06-02,0.0171737620568759,0.0248670816877646,0.0171737620568759,0.0002949381031861,23,0.02773242790455232,-0.0028653462167877175
2000-06-05,0.0034308938436707,0.0178352985770662,0.0034308938436707,1.1771032566537576e-05,23,0.005666935015818973,0.012168363561247227
2000-06-06,0.0049920150025192,0.0119650561600166,0.0049920150025192,2.492021378537768e-05,23,0.008173826523709165,0.0037912296363074357
2000-06-07,0.0154611538062186,0.0183205916553382,0.0154611538062186,0.0002390472770195,23,0.024983063057383424,-0.006662471402045223
2000-06-08,0.0300749654828245,0.0271742738971043,0.0300749654828245,0.000904503548793,23,0.04844000813068142,-0.021265734233577117
2000-06-09,0.0089588826826682,0.0232204120414638,0.0089588826826682,8.026157892181284e-05,23,0.014543515131581407,0.008676896909882393
2000-06-12,-0.0111729021273768,0.0179885723761225,0.0111729021273768,0.0001248337419479,23,0.01809835559609207,-0.00010978321996957252
2000-06-13,-0.0033631456450408,0.0171070800135725,0.0033631456450408,1.1310748629757456e-05,23,0.005558140986535254,0.011548939027037247
2000-06-14,0.0051914095673165,0.0149843432943737,0.0051914095673165,2.6950733295626103e-05,23,0.008494013149396643,0.006490330144977057
2000-06-15,-0.0054496260449077,0.0158496330279746,0.0054496260449077,2.969842402933724e-05,23,0.008908653410677187,0.006940979617297413
2000-06-16,0.0138752386751952,0.0201075511735434,0.0138752386751952,0.0001925222482936,23,0.022436987654331976,-0.0023294364807885763
2000-06-19,0.007959429598373,0.0192053239175571,0.007959429598373,6.335251953145666e-05,23,0.012938727266323318,0.0062665966512337815
2000-06-20,0.0183423719097046,0.0282953065354836,0.0183423719097046,0.0003364426072739,23,0.029608411598827225,-0.001313105063343624
2000-06-21,-0.0146368637921426,0.0229035418520624,0.0146368637921426,0.0002142377816697,23,0.023659735252311187,-0.0007561934002487877
2000-06-22,0.009529882416898,0.0156707626579369,0.009529882416898,9.081865887990276e-05,23,0.015460332948675699,0.00021042970926120168
2000-06-23,-0.0062000380837001,0.0209827977065692,0.0062000380837001,3.844047223933214e-05,23,0.010113639741452497,0.010869157965116703
2000-06-26,-0.0200226517216426,0.0125169801089795,0.0200226517216426,0.0004009065819661,23,0.03230569427464312,-0.019788714165663617
2000-06-27,-0.009498388415073,0.0154110453140462,0.009498388415073,9.02193824835946e-05,23,0.015409765363948374,1.2799500978266654e-06
2000-06-28,0.0084605966927716,0.0167081058108546,0.0084605966927716,7.158169639773928e-05,23,0.013743438995385415,0.0029646668154691847
2000-06-29,0.0089046604990231,0.0114421785840919,0.0089046604990231,7.929297860286378e-05,23,0.014456453388270653,-0.003014274804178752
2000-06-30,-0.0124433699734683,0.0098412155412918,0.0124433699734683,0.0001548374562966,23,0.020138140776996844,-0.010296925235705044
2000-07-03,0.013999010551192,0.0150948183556072,0.013999010551192,0.0001959722964123,23,0.022635698154505123,-0.007540879798897924
2000-07-04,0.0168230624286488,0.0258765306082943,0.0168230624286488,0.0002830154294782,23,0.027169435364578765,-0.0012929047562844666
2000-07-05,0.0028835221224527,0.0199687467875181,0.0028835221224527,8.314699830674597e-06,23,0.0047879284204507865,0.015180818367067313
2000-07-06,0.0006952689761237,0.0105909284315077,0.0006952689761237,4.833989491601641e-07,23,0.001273769381035219,0.009317159050472482
2000-07-07,0.009380384042362,0.0176657854902686,0.009380384042362,8.799160478219965e-05,23,0.015220294152323876,0.0024454913379447236
2000-07-10,0.0005138972846237,0.0087171979133289,0.0005138972846237,2.640904191436386e-07,23,0.0009824928158467016,0.007734705097482198
2000-07-11,0.0082234082269335,0.0234700945673898,0.0082234082269335,6.762444286679861e-05,23,0.013362592476037067,0.010107502091352732
2000-07-12,-0.0023582887979177,0.0233419739332437,0.0023582887979177,5.561526054384289e-06,23,0.003944462445196323,0.019397511488047376
2000-07-13,-0.0046639740819791,0.010095007455065,0.0046639740819791,2.1752654237373567e-05,23,0.0076470570411108964,0.0024479504139541027
2000-07-14,-0.0053171114265527,0.012133847852312,0.0053171114265527,2.827167392237818e-05,23,0.008695863682201354,0.003437984170110646
2000-07-17,-0.0050860640771388,0.0166058198992837,0.0050860640771388,2.586804779676181e-05,23,0.008324850166021008,0.008280969733262693
2000-07-18,-0.0104197345583965,0.015273028256882,0.0104197345583965,0.0001085708682674,23,0.01688908698923515,-0.0016160587323531504
2000-07-19,-0.0152441865276961,0.0201363208510793,0.0152441865276961,0.0002323852228911,23,0.024634742974273725,-0.004498422123194425
2000-07-20,-0.0094962037190335,0.0092854577053202,0.0094962037190335,9.01778850733858e-05,23,0.015406257558024666,-0.006120799852704466
2000-07-21,-0.0177492827576097,0.016036155864208,0.0177492827576097,0.0003150370384095,23,0.028656324820101012,-0.012620168955893012
2000-07-24,-0.0546943459251197,0.0247335631374434,0.0546943459251197,0.0029914714761766,23,0.0879387332674027,-0.0632051701299593
2000-07-25,0.0261943478243664,0.020855701276524,0.0261943478243664,0.0006861438579438,23,0.042211937181393794,-0.021356235904869795
2000-07-26,-0.0056773668742133,0.0194725469440892,0.0056773668742133,3.223249462441455e-05,23,0.009274354214156497,0.010198192729932703
2000-07-27,0.0090169442724226,0.0167335721129114,0.0090169442724226,8.130528401197484e-05,23,0.014636741485794883,0.0020968306271165176
2000-07-28,-0.0057334286216512,0.0141834224052435,0.0057334286216512,3.287220375957012e-05,23,0.0093643765312538,0.004819045873989699
2000-07-31,-0.0102062041887359,0.0264228646779206,0.0102062041887359,0.0001041666039421,23,0.01654624358914786,0.009876621088772738
2000-08-01,-0.0110468718050403,0.019618376700374,0.0110468718050403,0.0001220333766769,23,0.017896005699279977,0.0017223710010940245
2000-08-02,0.0107086175230289,0.013476884070895,0.0107086175230289,0.0001146744892545,23,0.01735291341549056,-0.00387602934459556
2000-08-03,-0.0097913755151883,0.0126087143666234,0.0097913755151883,9.587103447943076e-05,24,0.015880191580027393,-0.0032714772134039925
2000-08-04,-0.0075386516247509,0.0159525668934513,0.0075386516247509,5.6831268319360544e-05,24,0.012263086999785826,0.003689479893665474
2000-08-07,-0.0076545028176592,0.0139340095097267,0.0076545028176592,5.859141338555354e-05,24,0.012449109126739412,0.0014849003829872885
2000-08-08,0.0067084990231234,0.0122406921880439,0.0067084990231234,4.500395914324768e-05,24,0.010930096984333433,0.001310595203710468
2000-08-09,0.0009449191451264,0.0150452259920802,0.0009449191451264,8.928721908264773e-07,24,0.0016746967355442505,0.01337052925653595
2000-08-10,-0.0043645414274763,0.0128470439936286,0.0043645414274763,1.904922187215711e-05,24,0.007166223257561246,0.005680820736067354
2000-08-11,-0.012674019293622,0.0168440064174823,0.012674019293622,0.0001606307650551,24,0.020508450579581488,-0.0036644441620991876
2000-08-14,-0.0027509621378713,0.0148602247491276,0.0027509621378713,7.567792684001982e-06,24,0.0045750529014124625,0.010285171847715137
2000-08-15,0.0,0.0,0.0,0.0,24,0.0001571850322937213,-0.0001571850322937213
2000-08-16,0.0196815511250157,0.0174737563098987,0.0196815511250157,0.0003873634546866,24,0.03175814848962356,-0.014284392179724856
2000-08-17,0.0030572370817613,0.0214912599392909,0.0030572370817613,9.346698574096554e-06,24,0.005066892906422312,0.01642436703286859
2000-08-18,0.0012704882396322,0.0092479339682756,0.0012704882396322,1.614140367043939e-06,24,0.0021975430323870303,0.00705039093588857
2000-08-21,0.0058424591361264,0.0119438877954956,0.0058424591361264,3.4134328757306835e-05,24,0.00953945420540884,0.00240443359008676
2000-08-22,0.0018370220589117,0.0142749036573883,0.0018370220589117,3.3746500449282123e-06,24,0.0031073559852690183,0.011167547672119282
2000-08-23,0.0052749527758638,0.0142522451010919,0.0052749527758638,2.7825126787594003e-05,24,0.008628165895284522,0.005624079205807379
2000-08-24,-0.0040963904720085,0.0119221458316029,0.0040963904720085,1.6780414899162158e-05,24,0.006735619235261415,0.005186526596341484
2000-08-25,0.0025537562508555,0.0111641543128709,0.0025537562508555,6.521670988783626e-06,24,0.004258362539067051,0.006905791773803849
2000-08-28,0.004578591009817,0.013340905554022,0.004578591009817,2.096349563517717e-05,24,0.007509947875107317,0.0058309576789146835
2000-08-29,-0.0086210118965853,0.0140264142018917,0.0086210118965853,7.4321846121066e-05,24,0.014001011740397397,2.54024614943036e-05
2000-08-30,0.0029125412160642,0.0145173199592441,0.0029125412160642,8.482896335272776e-06,24,0.004834529533221818,0.009682790426022282
2000-08-31,0.0003301731264641,0.0092827982309528,0.0003301731264641,1.0901429343910857e-07,24,0.0006874369958080442,0.008595361235144755
2000-09-01,0.0,0.0,0.0,0.0,24,0.0001571850322937213,-0.0001571850322937213
2000-09-04,0.0082537303579575,0.0142012397874824,0.0082537303579575,6.812406482187027e-05,24,0.01341127994623884,0.000789959841243559
2000-09-05,0.0111136356257897,0.0259166328898992,0.0111136356257897,0.0001235128968228,24,0.018003199440243672,0.007913433449655529
2000-09-06,0.0122132779242659,0.0189336592029805,0.0122132779242659,0.0001491641576553,24,0.019768723661796897,-0.000835064458816398
2000-09-07,-0.0007266883639481,0.0154200621072617,0.0007266883639481,5.280759782976087e-07,24,0.0013242276869711717,0.014095834420290528
2000-09-08,-0.0025641974012181,0.0141198408064745,0.0025641974012181,6.575108312414001e-06,24,0.0042751298833756295,0.009844710923098871
2000-09-11,0.0018637000033791,0.0151228796379183,0.0018637000033791,3.473377702595336e-06,24,0.00315019856244054,0.01197268107547776
2000-09-12,-0.0039985210048255,0.0165296943264054,0.0039985210048255,1.598817022603106e-05,24,0.006578457128975035,0.009951237197430365
2000-09-13,0.0003687713071782,0.0191555334651373,0.0003687713071782,1.3599227699795536e-07,24,0.0007494246927698238,0.018406108772367476
2000-09-14,-0.0102326357312394,0.0148715223324523,0.0102326357312394,0.0001047068340082,24,0.0165886820488579,-0.0017171597164056009
2000-09-15,-0.0166123233172458,0.0139047804354964,0.0166123233172458,0.0002759692859967,24,0.026831124949040178,-0.012926344513543778
2000-09-18,-0.02350142485531,0.0153697745895583,0.02350142485531,0.0005523169702297,24,0.03788968139614558,-0.022519906806587282
2000-09-19,-0.0269167098027223,0.013372374769402,0.0269167098027223,0.0007245092666039,24,0.04337131191697537,-0.029998937147573373
2000-09-20,0.0202339125895571,0.0150597369643613,0.0202339125895571,0.0004094112186818,24,0.03264481487925102,-0.01758507791488972
2000-09-21,0.0018752639505489,0.0121109647568937,0.0018752639505489,3.516614884228549e-06,24,0.003168769298847982,0.00894219545804572
2000-09-22,-0.0362027090839971,0.0137109921695751,0.0362027090839971,0.0013106361450205,24,0.05827336400782627,-0.044562371838251166
2000-09-25,0.0112290700926369,0.0221488067024034,0.0112290700926369,0.0001260920151453,24,0.018188536730506345,0.003960269971897055
2000-09-26,-0.0151462876578689,0.009237609121861,0.0151462876578689,0.0002294100298149,24,0.02447757517488928,-0.015239966053028282
2000-09-27,0.0107179443114608,0.0154297823493382,0.0107179443114608,0.0001148743302635,24,0.017367888322949467,-0.001938105973611267
2000-09-28,-0.0186607272017261,0.0164982231205772,0.0186607272017261,0.0003482227396972,24,0.030119462238695743,-0.013621239118118543
2000-09-29,-0.0139349443104763,0.0194819004577431,0.0139349443104763,0.000194182672936,24,0.0225328425935967,-0.0030509421358536
2000-10-02,0.0,0.0,0.0,0.0,24,0.0001571850322937213,-0.0001571850322937213
2000-10-03,-0.0052314677588177,0.0149751666164516,0.0052314677588177,2.7368254911549168e-05,24,0.00855833817649398,0.00641682843995762
2000-10-04,0.0203114373621177,0.0140167693227007,0.0203114373621177,0.0004125544877152,24,0.032769258928103374,-0.018752489605402677
2000-10-05,-0.0067061940804602,0.0165361546078178,0.0067061940804602,4.497303904480072e-05,24,0.010926395862573327,0.005609758745244473
2000-10-06,-0.0043401836430123,0.0158329329896399,0.0043401836430123,1.8837194055072165e-05,24,0.00712710898457935,0.008705824005060548
2000-10-09,-0.008421724960815,0.0151465155868925,0.008421724960815,7.092545131561448e-05,24,0.013681023949271382,0.0014654916376211167
2000-10-10,-0.0182021827166142,0.0127645809347798,0.0182021827166142,0.000331319455649,24,0.0293833669146694,-0.0166187859798896
2000-10-11,-0.009145420797042,0.0197979003000003,0.009145420797042,8.363872155496912e-05,24,0.014843028836382546,0.004954871463617753
2000-10-12,0.0042049818483931,0.0087100326760918,0.0042049818483931,1.768187234531615e-05,24,0.00690999852010624,0.0018000341559855602
2000-10-13,-0.0106203731702266,0.0166053669639359,0.0106203731702266,0.0001127923262748,24,0.017211229860180612,-0.0006058628962447125
2000-10-16,0.0125853840422975,0.023303174570401,0.0125853840422975,0.0001583918914921,24,0.02036614603184805,0.00293702853855295
2000-10-17,-0.0120437724511136,0.0148575306158566,0.0120437724511136,0.0001450524548542,24,0.019496578146118156,-0.0046390475302615555
2000-10-18,0.0018909798282153,0.016793495363556,0.0018909798282153,3.5758047107174946e-06,24,0.003194007681811429,0.013599487681744571
2000-10-19,0.0090534887339238,0.016840630036413,0.0090534887339238,8.19656582552869e-05,24,0.014695418885227738,0.0021452111511852615
2000-10-20,0.0090502529333716,0.0217311828732391,0.0090502529333716,8.190707815800283e-05,24,0.014690223343174085,0.007040959530065016
2000-10-23,-0.0301344320372414,0.0203618517126901,0.0301344320372414,0.0009080839942071,24,0.0485354425835739,-0.0281735908708838
2000-10-24,-0.0034578628272257,0.0168666691470776,0.0034578628272257,1.1956815331909743e-05,24,0.005710243342148192,0.011156425804929409
2000-10-25,0.0270666472531719,0.0187719770592865,0.0270666472531719,0.0007326033935276,24,0.04361195566606652,-0.02483997860678002
2000-10-26,0.0089642622659135,0.0138990350444332,0.0089642622659135,8.035799797208204e-05,24,0.014552152842817028,-0.0006531177983838277
2000-10-27,-0.0022577258447228,0.0126766715012363,0.0022577258447228,5.097325989929619e-06,24,0.0037829683924991667,0.008893703108737133
2000-10-30,-0.0083554908701776,0.0139960692522112,0.0083554908701776,6.981422768162233e-05,24,0.013574673942176645,0.0004213953100345551
2000-10-31,0.0038063361578091,0.0180170485920988,0.0038063361578091,1.4488194946245384e-05,24,0.006269839129839572,0.011747209462259229
2000-11-01,0.0331254294943127,0.0254704836659078,0.0331254294943127,0.0010972940791826,24,0.05333534880301806,-0.02786486513711026
2000-11-02,0.0160585676779051,0.0166114476558435,0.0160585676779051,0.0002578775958658,24,0.025942144273450082,-0.009330696617606583
2000-11-03,0.0179280047620761,0.019283137028284,0.0179280047620761,0.000321413354749,24,0.028943228892564357,-0.009660091864280358
2000-11-06,-0.0047534002741243,0.0134285415157989,0.0047534002741243,2.25948141660456e-05,24,0.007790658400511825,0.005637883115287076
2000-11-07,-0.0016620969593081,0.0100701471200178,0.0016620969593081,2.7625663021415366e-06,24,0.002826440040429588,0.007243707079588211
2000-11-08,0.0135392204903725,0.0262627732412696,0.0135392204903725,0.0001833104914869,24,0.021897521763465124,0.004365251477804477
2000-11-09,0.0004302697217408,0.0178405003105221,0.0004302697217408,1.8513203344695978e-07,24,0.0008481894660052693,0.01699231084451683
2000-11-10,-0.0177807019315835,0.0133522647482633,0.0177807019315835,0.0003161533611798,24,0.02870676239620507,-0.01535449764794177
2000-11-13,-0.0135292047096146,0.0135254092950495,0.0135292047096146,0.0001830393800746,24,0.021881441698493924,-0.008356032403444423
2000-11-14,0.0267886553932064,0.0179802609849671,0.0267886553932064,0.0007176320577759,24,0.04316578891629403,-0.02518552793132693
2000-11-15,0.0147448589530517,0.012795783161031,0.0147448589530517,0.0002174108655453,24,0.023833113808178954,-0.011037330647147953
2000-11-16,-0.0063977265430818,0.0157285186327806,0.0063977265430818,4.093090492005433e-05,24,0.010431077633399724,0.005297440999380875
2000-11-17,-0.0036131327372039,0.0130263745326638,0.0036131327372039,1.305472817665521e-05,24,0.005959584048651195,0.007066790484012606
2000-11-20,-0.0022052820205972,0.0134617632388598,0.0022052820205972,4.863268790369602e-06,24,0.0036987486994735927,0.009763014539386206
2000-11-21,-0.001907482707022,0.0114474901376944,0.001907482707022,3.638490277588216e-06,24,0.003220509912561816,0.008226980225132585
2000-11-22,-0.0002615650858763,0.0118321457817445,0.0002615650858763,6.841629414950693e-08,24,0.0005772540868955681,0.011254891694848931
2000-11-23,-0.0050369579655663,0.0119910858010018,0.0050369579655663,2.537094554688272e-05,24,0.008245995802904013,0.0037450899980977868
2000-11-24,0.0094282599647271,0.0106913516246102,0.0094282599647271,8.889208596247697e-05,24,0.015297165172835745,-0.004605813548225545
2000-11-27,0.025214837622556,0.013515849104517,0.025214837622556,0.0006357880363318,24,0.04063981361610986,-0.027123964511592862
2000-11-28,0.0263684204450171,0.0213560426476028,0.0263684204450171,0.0006952935967651,24,0.04249132163978741,-0.02113527899218461
2000-11-29,-0.0130768575764793,0.0197167604209108,0.0130768575764793,0.0001710042040755,24,0.02115520663842106,-0.0014384462175102593
2000-11-30,0.0015779041585471,0.0169736955763467,0.0015779041585471,2.4897815335605106e-06,24,0.002691232612655061,0.01428246296369164
2000-12-01,0.0023320294979751,0.0158578658976056,0.0023320294979751,5.4383615794263845e-06,24,0.003902292670927417,0.011955573226678184
2000-12-04,0.0120071025180233,0.0189476549069674,0.0120071025180233,0.0001441705108783,24,0.019437703455853626,-0.000490048548886228
2000-12-05,0.0126783682160799,0.0169115909131687,0.0126783682160799,0.0001607410206225,24,0.020515432798872402,-0.0036038418857037013
2000-12-06,0.0082635600147247,0.0146254682448316,0.0082635600147247,6.828642411695694e-05,24,0.01342706316717754,0.0011984050776540599
2000-12-07,0.0095465304309978,0.0150312626588047,0.0095465304309978,9.113624326996751e-05,24,0.015487063415893919,-0.0004558007570892187
2000-12-08,0.0148779941220122,0.0130337530231625,0.0148779941220122,0.0002213547090946,24,0.024046852249621567,-0.011013099226459067
2000-12-11,0.0129254798469233,0.0142883977302503,0.0129254798469233,0.0001670680292732,24,0.020912170719989853,-0.0066237729897395525
2000-12-12,0.0144638676354903,0.0314236933020769,0.0144638676354903,0.0002092034669769,24,0.023382001292513985,0.008041692009562916
2000-12-13,0.0127720468453074,0.0084955287359283,0.0127720468453074,0.0001631251806187,24,0.020665834186512817,-0.012170305450584517
2000-12-14,-0.0047132370271344,0.0176178463694592,0.0047132370271344,2.2214603273951225e-05,24,0.007726163945795178,0.009891682423664021
2000-12-15,-0.0239442091385928,0.0216418886370639,0.0239442091385928,0.0005733251512726,24,0.03860038793787722,-0.01695849930081332
2000-12-18,0.0093180530637117,0.0152107612385031,0.0093180530637117,8.6826112898147e-05,24,0.015120213528119233,9.05477103838679e-05
2000-12-19,-0.0025180285470514,0.0158285264866365,0.0025180285470514,6.3404677637661216e-06,24,0.004200987727109539,0.011627538759526962
2000-12-20,-0.0002590515951508,0.0172089346262157,0.0002590515951508,6.710772895019317e-08,24,0.0005732174761630313,0.01663571715005267
2000-12-21,-0.0060420854882507,0.0128776925819467,0.0060420854882507,3.650679704732975e-05,24,0.00986000657369005,0.003017686008256651
2000-12-22,-0.0258030421712276,0.0207171786935993,0.0258030421712276,0.0006657969852901,24,0.04158389211506931,-0.020866713421470014
2000-12-25,0.0,0.0,0.0,0.0,24,0.0001571850322937213,-0.0001571850322937213
2000-12-26,-0.03007286970295,0.020618647621594,0.03007286970295,0.0009043774921706,24,0.04843664473164772,-0.027817997110053724
2000-12-27,0.013864682576366,0.0154956457284441,0.013864682576366,0.0001922294229433,24,0.022420040258164135,-0.006924394529720034
2000-12-28,0.0198623261623362,0.0181873107070057,0.0198623261623362,0.000394512000579,24,0.03204833501749102,-0.013861024310485321
2000-12-29,0.0176737546587004,0.0161037161724811,0.0176737546587004,0.0003123616037359,24,0.02853507850510075,-0.012431362332619652
2001-01-01,0.0043369554422182,0.0134412125220977,0.0043369554422182,1.8809182507786423e-05,24,0.007121925066126018,0.006319287455971681
2001-01-02,0.0161847115633024,0.0181589619178506,0.0161847115633024,0.0002619448883872,24,0.026144652449843868,-0.007985690531993269
2001-01-03,0.0341896305841457,0.0220533472041678,0.0341896305841457,0.0011689308394803,24,0.05504308007078455,-0.03298973286661675
2001-01-04,-0.0088245046160152,0.0167963957465589,0.0088245046160152,7.787188171807476e-05,24,0.014327751046303707,0.002468644700255193
2001-01-05,0.0018391822667976,0.0102367295840888,0.0018391822667976,3.382591410502958e-06,24,0.003110825101866459,0.007125904482222341
2001-01-08,0.0033750854775733,0.0173680764672939,0.0033750854775733,1.1391201980926587e-05,24,0.005577314682297476,0.011790761784996426
2001-01-09,-0.0084538830905505,0.0134384308717613,0.0084538830905505,7.146813930869632e-05,24,0.013732659191875789,-0.0002942283201144893
2001-01-10,-0.0063765093225768,0.0182274631777471,0.0063765093225768,4.065987114090996e-05,24,0.010397008190549221,0.00783045498719788
2001-01-11,0.0033338513845392,0.0158624388225166,0.0033338513845392,1.111456505419416e-05,24,0.005511098491485879,0.01035134033103072
2001-01-12,0.0109332281672321,0.0298048332381254,0.0109332281672321,0.0001195354781567,24,0.017713542913657725,0.012091290324467676
2001-01-15,0.0120457530835155,0.0203818178271962,0.0120457530835155,0.000145100167349,24,0.019499758110082102,0.0008820597171140983
2001-01-16,0.0032139449885022,0.018968597278732,0.0032139449885022,1.0329442389118831e-05,24,0.00531854520920005,0.013650052069531949
2001-01-17,-0.0019754436016515,0.0164749861868483,0.0019754436016515,3.902377423305882e-06,24,0.0033296492651846213,0.01314533692166368
2001-01-18,0.0128277252700012,0.0174902224027922,0.0128277252700012,0.0001645505356026,24,0.020755225946243253,-0.003265003543451054
2001-01-19,0.0105245779876897,0.0154980099250093,0.0105245779876897,0.0001107667418189,24,0.01705742249225021,-0.0015594125672409084
2001-01-22,0.0222326114950132,0.0191779120341873,0.0222326114950132,0.0004942890138881,24,0.03585308641690204,-0.01667517438271474
2001-01-23,-0.0038792783278442,0.0145870236359896,0.0038792783278442,1.5048800344882049e-05,24,0.006386972705757183,0.008200050930232418
2001-01-24,0.0026217199243193,0.0132805509372425,0.0026217199243193,6.873415361573124e-06,24,0.004367504683117198,0.008913046254125302
2001-01-25,0.002623091055829,0.0249209562246143,0.002623091055829,6.880606687170612e-06,24,0.004369706566891335,0.020551249657722967
2001-01-26,0.0,0.0,0.0,0.0,24,0.0001571850322937213,-0.0001571850322937213
2001-01-29,-0.0233547768994576,0.0185116938032838,0.0233547768994576,0.0005454456040234,24,0.03765429727437093,-0.019142603471087132
2001-01-30,0.0244656028998099,0.0167941190903327,0.0244656028998099,0.0005985657252511,24,0.03943725983325277,-0.02264314074292007
2001-01-31,0.0090711815755834,0.0154851757978441,0.0090711815755834,8.228633517720398e-05,24,0.014723827274006562,0.0007613485238375378
2001-02-01,-0.0087759730792118,0.0136514554820926,0.0087759730792118,7.701770348705112e-05,24,0.014249826236112609,-0.0005983707540200087
2001-02-02,0.0225867238726513,0.0233622728013289,0.0225867238726513,0.0005101600952993,24,0.036421484678741525,-0.013059211877412626
2001-02-05,0.0253984020182959,0.0256902087853754,0.0253984020182959,0.0006450788250829,24,0.04093443906694201,-0.015244230281566611
2001-02-06,0.0092791735130935,0.0243972121224991,0.0092791735130935,8.610306108609765e-05,24,0.01505778719622342,0.009339424926275678
2001-02-07,0.0041187186460288,0.0222970340840962,0.0041187186460288,1.6963843285145693e-05,24,0.006771474522541895,0.015525559561554304
2001-02-08,0.0250714627685478,0.0209098236190729,0.0250714627685478,0.0006285782453546,24,0.0404096924942105,-0.0194998688751376
2001-02-09,0.0097107618534729,0.0220158890118443,0.0097107618534729,9.429889577486583e-05,24,0.015750756924342618,0.006265132087501683
2001-02-12,-0.0011836308763348,0.0244469132931993,0.0011836308763348,1.4009820514132746e-06,24,0.002058055215189821,0.02238885807800948
2001-02-13,-0.0063781899048452,0.0185212633046475,0.0063781899048452,4.068130646226937e-05,24,0.010399706777519533,0.008121556527127968
2001-02-14,0.0045892037129827,0.0150119939680201,0.0045892037129827,2.106079071925474e-05,24,0.0075269898968118275,0.007485004071208272
2001-02-15,0.0088924534145645,0.012868396351088,0.0088924534145645,7.907572773020064e-05,24,0.014436853091515567,-0.0015684567404275675
2001-02-16,-0.0237599375604704,0.0200625192568618,0.0237599375604704,0.0005645346328774,24,0.038304617243850224,-0.018242097986988424
2001-02-19,0.0059056826240947,0.0223173046503446,0.0059056826240947,3.48770872565351e-05,24,0.00964097623059937,0.01267632841974523
2001-02-20,0.0045821596174645,0.0200937952451944,0.0045821596174645,2.099618675992245e-05,24,0.007515678393817684,0.012578116851376716
2001-02-21,-0.004852313390277,0.0226891841164372,0.004852313390277,2.354494523746164e-05,24,0.007949493590845288,0.014739690525591913
2001-02-22,-0.0117379029317473,0.0148376278517834,0.0117379029317473,0.0001377783652351,24,0.019005493785285155,-0.004167865933501755
2001-02-23,-0.0307375526403446,0.0204938090623229,0.0307375526403446,0.0009447971423179,24,0.04950334854813213,-0.029009539485809234
2001-02-26,-0.0061799976566561,0.0238474810069407,0.0061799976566561,3.8192371036276e-05,24,0.01008145977837375,0.013766021228566952
2001-02-27,-0.0068426553923389,0.0177527378734338,0.0068426553923389,4.682193281830507e-05,24,0.011145515902364164,0.006607221971069634
2001-02-28,0.0252922912703043,0.0451541813192031,0.0252922912703043,0.0006396999977019,24,0.04076412881620218,0.004390052503000924
2001-03-01,0.0195869307603595,0.0262674517033486,0.0195869307603595,0.0003836478566111,24,0.03160626001483923,-0.005338808311490632
2001-03-02,-0.0091220606360422,0.0280066206322376,0.0091220606360422,8.321199024763179e-05,24,0.01480552081898609,0.013201099813251509
2001-03-05,-0.0315121816035829,0.019204164737177,0.0315121816035829,0.0009930175894171,24,0.05074647595088205,-0.03154231121370506
2001-03-06,0.0,0.0,0.0,0.0,24,0.0001571850322937213,-0.0001571850322937213
2001-03-07,-0.0058386919176446,0.0238240583424931,0.0058386919176446,3.409032330916868e-05,24,0.009533404935344365,0.014290653407148734
2001-03-08,0.0013836913464237,0.0171395396783131,0.0013836913464237,1.914601742168016e-06,24,0.0023793401333561705,0.014760199544956928
2001-03-09,-0.0395235858221144,0.0325891587472746,0.0395235858221144,0.001562113836238,24,0.0636018678082478,-0.03101270906097319
2001-03-12,-0.0433532828372336,0.0243078111964616,0.0433532828372336,0.0018795071327651,24,0.06974627686177161,-0.04543846566531001
2001-03-13,-0.0664938534254431,0.0335157444883856,0.0664938534254431,0.0044214325433643,24,0.10686139644801951,-0.07334565195963391
2001-03-14,0.0450949974436776,0.0521051296074003,0.0450949974436776,0.0020335587944452,24,0.07254051880643791,-0.020435389199037618
2001-03-15,0.0340654302539813,0.029864103722803,0.0340654302539813,0.0011604535383888,24,0.05484377711406832,-0.02497967339126532
2001-03-16,-0.0241664936350651,0.0246065991027444,0.0241664936350651,0.0005840194146136,24,0.038957170702038975,-0.014350571599294575
2001-03-19,0.0003681173355488,0.0192091050750018,0.0003681173355488,1.3551037273156025e-07,24,0.0007483744314307049,0.018460730643571097
2001-03-20,-0.0068533779978905,0.0169824113318894,0.0068533779978905,4.6968789981970886e-05,24,0.011162733483126389,0.005819677848763012
2001-03-21,0.0202985674421181,0.0158446781022461,0.0202985674421181,0.0004120318402022,24,0.03274859993520238,-0.016903921832956276
2001-03-22,-0.0057526295419385,0.0210502214908679,0.0057526295419385,3.309274664678412e-05,24,0.009395208780915366,0.011655012709952534
2001-03-23,-0.0275377188352728,0.0176253329588574,0.0275377188352728,0.0007583259586505,24,0.044368001582869986,-0.026742668624012585
2001-03-26,-0.0049978850155243,0.0112065969704117,0.0049978850155243,2.497885462840325e-05,24,0.008183252577863476,0.003023344392548224
2001-03-27,0.0186048900576872,0.0185043124039051,0.0186048900576872,0.0003461419340586,24,0.03002982804654916,-0.01152551564264406
2001-03-28,0.033083163598458,0.0164515677578529,0.033083163598458,0.0010944957136823,24,0.053267523521345325,-0.036815955763492426
2001-03-29,-0.0034963046218199,0.0217716188682355,0.0034963046218199,1.22241460085593e-05,24,0.005771975312562311,0.01599964355567319
2001-03-30,-0.0322320308589864,0.0197710656523878,0.0322320308589864,0.0010389038132946,24,0.05190167221208109,-0.03213060655969329
2001-04-02,-0.0365257433692119,0.0287062963739109,0.0365257433692119,0.0013341299286735,24,0.05879170622006171,-0.03008540984615081
2001-04-03,0.0190657131858406,0.018644658758987,0.0190657131858406,0.0003635014192847,24,0.030769574165152195,-0.012124915406165195
2001-04-04,-0.0070842208796636,0.0193716315344914,0.0070842208796636,5.018618547186184e-05,24,0.011533403146060864,0.007838228388430535
2001-04-05,0.0,0.0,0.0,0.0,24,0.0001571850322937213,-0.0001571850322937213
2001-04-06,-0.0055034361990135,0.0262961272014768,0.0055034361990135,3.028780999661244e-05,24,0.008995060653506366,0.017301066547970433
2001-04-09,-4.746292172157869e-05,0.0175124543319801,4.746292172157869e-05,2.252728938348706e-09,24,0.0002334098661769408,0.01727904446580316
2001-04-10,-0.0063419550290041,0.017467213983923,0.0063419550290041,4.022039358991114e-05,24,0.010341522774460895,0.007125691209462106
2001-04-11,-0.0160411982122947,0.0195594077913962,0.0160411982122947,0.0002573200400861,24,0.025914259728936104,-0.006354851937539905
2001-04-12,-0.0242018348522442,0.0215520175916257,0.0242018348522442,0.0005857288102153,24,0.03901389574968457,-0.01746187815805887
2001-04-13,0.0,0.0,0.0,0.0,24,0.0001571850322937213,-0.0001571850322937213
2001-04-16,0.0168063238207725,0.0192090283150179,0.0168063238207725,0.0002824525203686,24,0.02714256407177458,-0.00793353575675668
2001-04-17,0.0321744759108437,0.0220486696742939,0.0321744759108437,0.0010351969001374,24,0.05180931018153613,-0.029760640507242232
2001-04-18,0.0418820633476205,0.0279425914321016,0.0418820633476205,0.001754107230254,24,0.06738590173957175,-0.03944331030747015
2001-04-19,0.013600903960128,0.0312758153712424,0.013600903960128,0.0001849845885326,24,0.02199655282081586,0.009279262550426545
2001-04-20,-0.0025158952667572,0.0239456168063072,0.0025158952667572,6.329728993291657e-06,24,0.004197561909114107,0.019748054897193095
2001-04-23,0.0076145578591868,0.0145958424904856,0.0076145578591868,5.798149139090429e-05,24,0.012384969610630648,0.002210872879854952
2001-04-24,0.0024765983424134,0.0215902672009487,0.0024765983424134,6.133539349644866e-06,24,0.00413445525734434,0.01745581194360436
2001-04-25,0.0212263617754036,0.0283241457655207,0.0212263617754036,0.0004505584342203,24,0.03423789347537771,-0.005913747709857007
2001-04-26,-0.0075071308144928,0.0196533314962152,0.0075071308144928,5.6357013065908784e-05,24,0.012212473982707594,0.007440857513507607
2001-04-27,-0.0316849375003538,0.0229807795022272,0.0316849375003538,0.0010039352644013,24,0.05102371213446086,-0.028042932632233657
2001-04-30,0.0123314585923833,0.0180008012674796,0.0123314585923833,0.0001520648710156,24,0.019958465200153902,-0.0019576639326743007
2001-05-01,0.0,0.0,0.0,0.0,24,0.0001571850322937213,-0.0001571850322937213
2001-05-02,0.0039245307587884,0.0150327554788363,0.0039245307587884,1.540194167667697e-05,24,0.006459640843147956,0.008573114635688345
2001-05-03,-0.0085524841390462,0.0144817818621972,0.0085524841390462,7.314498494863755e-05,24,0.013890979380723992,0.0005908024814732082
2001-05-04,0.0071048464435609,0.0174806357804461,0.0071048464435609,5.047884298658086e-05,24,0.011566521984216094,0.005914113796230008
2001-05-07,0.0070566221490122,0.0128770849991405,0.0070566221490122,4.9795916153929847e-05,24,0.011489087343569335,0.0013879976555711653
2001-05-08,0.0076882373102438,0.0143485973431999,0.0076882373102438,5.910899293862625e-05,24,0.01250327646661306,0.0018453208765868406
2001-05-09,0.0028635637266346,0.0121331000933631,0.0028635637266346,8.199997216497794e-06,24,0.0047558776608258085,0.007377222432537291
2001-05-10,-0.002321658218714,0.0117753282242588,0.002321658218714,5.390096884522573e-06,24,0.003885637440359371,0.00788969078389943
2001-05-11,-0.0115253437235736,0.0141706575147091,0.0115253437235736,0.0001328335479465,24,0.018664220341947146,-0.004493562827238047
2001-05-14,-0.0030086636103947,0.0124886209568683,0.0030086636103947,9.052056720513566e-06,24,0.004988890105523491,0.007499730851344809
2001-05-15,-0.0006814920533171,0.0153776277001125,0.0006814920533171,4.644314187344085e-07,24,0.001251644170897861,0.014125983529214639
2001-05-16,0.0153841494518617,0.0190526637963439,0.0153841494518617,0.0002366720543572,24,0.024859440182970014,-0.005806776386626113
2001-05-17,0.0159622433437278,0.0170435292047405,0.0159622433437278,0.0002547932125643,24,0.02578750723640008,-0.00874397803165958
2001-05-18,0.0057635945955648,0.0140541262635591,0.0057635945955648,3.321902266202391e-05,24,0.009412816121869855,0.004641310141689245
2001-05-21,0.0127447965262583,0.0284562175369473,0.0127447965262583,0.0001624298384957,24,0.020622083732364422,0.00783413380458288
2001-05-22,0.0019554349066033,0.0161640543376639,0.0019554349066033,3.823725673962672e-06,24,0.003297517039794514,0.012866537297869386
2001-05-23,-0.0037243885541999,0.0131618829563745,0.0037243885541999,1.3871070102655876e-05,24,0.006138244011998418,0.007023638944376082
2001-05-24,-0.0002091692510284,0.0148811659941541,0.0002091692510284,4.375177557578688e-08,24,0.0004931074806985622,0.014388058513455537
2001-05-25,-0.0110694734778886,0.0116655602399796,0.0110694734778886,0.0001225332430776,24,0.01793229420262154,-0.006266733962641938
2001-05-28,0.0122459047499686,0.0117006324725625,0.0122459047499686,0.0001499621831453,24,0.01982110676704308,-0.00812047429448058
2001-05-29,0.0160923090187694,0.0184162727769943,0.0160923090187694,0.0002589624095555,24,0.025996311820832275,-0.007580039043837975
2001-05-30,-0.0013971569530092,0.0148789322546734,0.0013971569530092,1.9520475513420344e-06,24,0.002400965021897077,0.012477967232776322
2001-05-31,-0.0064811845576166,0.0136709841034417,0.0064811845576166,4.200575326988897e-05,24,0.01056508974539528,0.0031058943580464203
2001-06-01,-0.0104181973184695,0.0159043694385267,0.0104181973184695,0.0001085388353665,24,0.016886618809929362,-0.000982249371402663
2001-06-04,-0.0142662294018032,0.0166575912327998,0.0142662294018032,0.0002035253013448,24,0.023064704704075636,-0.006407113471275837
2001-06-05,-0.0191754227027848,0.0114421621709716,0.0191754227027848,0.0003676968358304,24,0.030945686507737543,-0.019503524336765943
2001-06-06,0.001024134301544,0.0103691570840744,0.001024134301544,1.048851067599204e-06,24,0.001801912348913497,0.008567244735160904
2001-06-07,-0.0101216271479005,0.0155412030887665,0.0101216271479005,0.0001024473361211,24,0.016410446593559457,-0.0008692435047929579
2001-06-08,0.0109982828974016,0.011141744216387,0.0109982828974016,0.0001209622266912,24,0.017817992879772638,-0.006676248663385637
2001-06-11,0.0059120702699628,0.0116982326244827,0.0059120702699628,3.495257487697871e-05,24,0.009651233276371027,0.002046999348111672
2001-06-12,-0.0031748535316675,0.0141690495466601,0.0031748535316675,1.0079694947542147e-05,24,0.005255769554612001,0.0089132799920481
2001-06-13,0.008255418250745,0.0129839779813065,0.008255418250745,6.815193049473461e-05,24,0.013413990151486761,-0.00043001217018026096
2001-06-14,-0.010526973450809,0.0135591730532006,0.010526973450809,0.000110817170034,24,0.017061268617653617,-0.0035020955644530175
2001-06-15,-0.0196995211767008,0.017933567971924,0.0196995211767008,0.0003880711345912,24,0.03178699471221309,-0.013853426740289092
2001-06-18,-0.0076956766913976,0.0114339007918023,0.0076956766913976,5.922343973852076e-05,24,0.01251522184536227,-0.0010813210535599704
2001-06-19,0.0143688482807338,0.0184046747139035,0.0143688482807338,0.0002064638009147,24,0.02322945347888094,-0.004824778764977437
2001-06-20,0.0057896052358418,0.0146436485093289,0.0057896052358418,3.351952878688787e-05,24,0.009454583178082555,0.005189065331246346
2001-06-21,-0.0109065632159274,0.0142930216118833,0.0109065632159274,0.000118953121183,24,0.017670730403642105,-0.0033777087917588045
2001-06-22,-0.0169491344559209,0.0188521653643926,0.0169491344559209,0.0002872731588048,24,0.02737182451493136,-0.008519659150538761
2001-06-25,-0.0187924205457089,0.0180037507127412,0.0187924205457089,0.0003531550699667,24,0.03033086632228846,-0.012327115609547263
2001-06-26,0.0244650979874259,0.0247487563713934,0.0244650979874259,0.0005985410195343,24,0.039436449420074515,-0.014687693048681116
2001-06-27,-0.0091897415536484,0.0172540179495557,0.0091897415536484,8.445134982285242e-05,24,0.014914191975061516,0.0023398259744941852
2001-06-28,-0.0070097806809855,0.0120662778753764,0.0070097806809855,4.913702519551756e-05,24,0.011413873048303358,0.0006524048270730425
2001-06-29,0.0064218625917368,0.0235377355272878,0.0064218625917368,4.124031914714909e-05,24,0.010469833948736478,0.013067901578551323
2001-07-02,0.0088883198390429,0.0173547244477664,0.0088883198390429,7.90022295611236e-05,24,0.014430216017540768,0.0029245084302256304
2001-07-03,-0.0187188099243764,0.0229288968597213,0.0187188099243764,0.0003503938449849,26,0.030212701085051683,-0.007283804225330384
2001-07-04,-0.0047384312593406,0.0187336329060918,0.0047384312593406,2.2452730799496145e-05,26,0.00776662104720179,0.01096701185889001
2001-07-05,0.003238424180138,0.0161301622547547,0.003238424180138,1.04873911705031e-05,26,0.005357855489397033,0.010772306765357667
2001-07-06,-0.0092731680154619,0.014066156427823,0.0092731680154619,8.599164504298693e-05,26,0.015048144559367815,-0.0009819881315448146
2001-07-09,0.0031865984483041,0.0161043101572067,0.0031865984483041,1.0154409670734488e-05,26,0.005274630326977462,0.010829679830229238
2001-07-10,0.013560797195413,0.0154597351587922,0.013560797195413,0.0001838952205751,26,0.02193216256655597,-0.00647242740776377
2001-07-11,8.629172734941559e-05,0.0121875874020192,8.629172734941559e-05,7.446262208945879e-09,26,0.0002957683583687907,0.01189181904365041
2001-07-12,0.0078589840045902,0.0143824106114515,0.0078589840045902,6.176362958440608e-05,26,0.012777443086891436,0.0016049675245600643
2001-07-13,0.005200676272307,0.0243942709382668,0.005200676272307,2.7047033689337297e-05,26,0.00850889353327612,0.01588537740499068
2001-07-16,-0.0036352402164136,0.0149781717450875,0.0036352402164136,1.3214971431031216e-05,26,0.005995085343803052,0.008983086401284448
2001-07-17,-0.0023484883073725,0.0109584272960744,0.0023484883073725,5.515397329865705e-06,26,0.003928723853750982,0.007029703442323419
2001-07-18,-0.0062919334410968,0.0097180112689321,0.0062919334410968,3.958842642719256e-05,26,0.010261200733046327,-0.0005431894641142274
2001-07-19,-0.0072626749507924,0.020504914782036,0.0072626749507924,5.274644744086865e-05,26,0.011819949515321415,0.008684965266714586
2001-07-20,-0.005591594212846,0.0128765284340422,0.005591594212846,3.126592584113297e-05,26,0.00913662274756588,0.00373990568647632
2001-07-23,-0.0036325755401273,0.019976885780274,0.0036325755401273,1.319560505473157e-05,26,0.005990806274414902,0.0139860795058591
2001-07-24,-0.000942734259497,0.0347181450693173,0.000942734259497,8.887478840295083e-07,26,0.0016711879141764014,0.0330469571551409
2001-07-25,-0.0142521580449743,0.0264156170512542,0.0142521580449743,0.0002031240089389,26,0.023042113909603874,0.003373503141650327
2001-07-26,-0.0036369668407592,0.0147661677325036,0.0036369668407592,1.32275278007821e-05,26,0.005997858042699247,0.008768309689804353
2001-07-27,-0.0057197068096519,0.0194460681763862,0.0057197068096519,3.271504598837897e-05,26,0.009342342457258688,0.010103725719127514
2001-07-30,0.0097284740880452,0.0222160773098013,0.0097284740880452,9.464320808176744e-05,26,0.015779196008277707,0.006436881301523593
2001-07-31,0.0020902091079302,0.0249155691636736,0.0020902091079302,4.368974114874639e-06,26,0.003513952400318638,0.021401616763354964
2001-08-01,-0.0057174404801261,0.0172202619922494,0.0057174404801261,3.2689125643785264e-05,26,0.009338703252616487,0.007881558739632914
2001-08-02,0.0028991916427755,0.0142948067609606,0.0028991916427755,8.405312181539569e-06,26,0.004813091756317988,0.009481715004642613
2001-08-03,0.0042356839683866,0.009792320642109,0.0042356839683866,1.7941018680048004e-05,26,0.0069593008226591715,0.0028330198194498283
2001-08-06,0.0034489300399112,0.0121234872633973,0.0034489300399112,1.1895118420202267e-05,26,0.005695898567729877,0.006427588695667423
2001-08-07,-0.000613658776204,0.0082747433133556,0.000613658776204,3.765770936122332e-07,26,0.0011427064217087483,0.007132036891646851
2001-08-08,-0.0063548477890784,0.0110490958842009,0.0063548477890784,4.0384090422355074e-05,26,0.010362225276722295,0.0006868706074786048
2001-08-09,0.0003175921267416,0.0123735454604352,0.0003175921267416,1.0086475896826196e-07,26,0.000667232217846179,0.011706313242589021
2001-08-10,-0.00346777046338,0.0103104199065592,0.00346777046338,1.2025431986690926e-05,26,0.005726153580344642,0.004584266326214559
2001-08-13,0.0042734212522265,0.0132602515297321,0.0042734212522265,1.8262129198981933e-05,26,0.007019900334267251,0.006240351195464848
2001-08-14,0.0036994849036746,0.0105211570010349,0.0036994849036746,1.3686188552516744e-05,26,0.006098252568325949,0.00442290443270895
2001-08-15,0.0,0.0,0.0,0.0,26,0.0001571850322937213,-0.0001571850322937213
2001-08-16,-0.0006293685863349,0.0159454568305703,0.0006293685863349,3.961048174652337e-07,26,0.001167935814793461,0.01477752101577684
2001-08-17,0.0031021943019289,0.0141787137738343,0.0031021943019289,9.623609486920473e-06,26,0.005139088389050604,0.009039625384783695
2001-08-20,-0.0062292074471596,0.0138651578193535,0.0062292074471596,3.880302541974869e-05,26,0.010160478488444286,0.003704679330909214
2001-08-21,-0.0023615944253435,0.0130027685595521,0.0023615944253435,5.577128229813516e-06,26,0.003949770945950236,0.009052997613601864
2001-08-22,0.0,0.0,0.0,0.0,26,0.0001571850322937213,-0.0001571850322937213
2001-08-23,-0.0008696335934342,0.0141985925965817,0.0008696335934342,7.562625868294077e-07,26,0.0015537916512424162,0.012644800945339284
2001-08-24,-0.0056794574854241,0.0105864513702205,0.0056794574854241,3.2256237328740045e-05,26,0.009277711258741826,0.0013087401114786745
2001-08-27,0.0039404350775386,0.0147610430370735,0.0039404350775386,1.552702860029739e-05,26,0.006485180606617307,0.008275862430456193
2001-08-28,-0.0013293869885485,0.0107444629774654,0.0013293869885485,1.7672697653220914e-06,26,0.002292130795877795,0.008452332181587606
2001-08-29,-0.0029015693822673,0.0113774725896768,0.0029015693822673,8.41910488011149e-06,26,0.004816910114724169,0.006560562474952631
2001-08-30,-0.0032858363440305,0.0090897286027086,0.0032858363440305,1.0796720479751924e-05,26,0.005433992965168788,0.003655735637539812
2001-08-31,-0.0052631534716841,0.0126411358655803,0.0052631534716841,2.7700784466500608e-05,26,0.00860921872127208,0.004031917144308219
2001-09-03,-0.0093698683558499,0.0174721605562651,0.0093698683558499,8.779443300595782e-05,26,0.015203409838187043,0.002268750718078057
2001-09-04,-0.0029994881845722,0.0107558969259504,0.0029994881845722,8.99692936938842e-06,26,0.004974155531627968,0.005781741394322432
2001-09-05,0.0018044825118779,0.0190388280980721,0.0018044825118779,3.2561571356734656e-06,26,0.0030551001214581953,0.015983727976613904
2001-09-06,-0.0002914498746494,0.0208952882937693,0.0002914498746494,8.494302943315103e-08,26,0.0006252483808795335,0.020270039912889764
2001-09-07,-0.0035321650908159,0.0112575470115926,0.0035321650908159,1.2476190228778712e-05,26,0.005829561996168519,0.005427985015424081
2001-09-10,-0.0028417195933243,0.0113230858380708,0.0028417195933243,8.075370247083663e-06,26,0.004720798618450666,0.006602287219620135
2001-09-11,-0.0147887551607806,0.0220173999560044,0.0147887551607806,0.0002187072792055,27,0.02390358592324557,-0.0018861859672411677
2001-09-12,-0.0390931894043654,0.0250096268833611,0.0390931894043654,0.0015282774578055,27,0.06291130006481213,-0.03790167318145103
2001-09-13,-0.0097934413264701,0.0164338496411512,0.0097934413264701,9.591149301501289e-05,27,0.01588350847823483,0.0005503411629163672
2001-09-14,-0.0533163564521905,0.0277329105115156,0.0533163564521905,0.002842633865337,27,0.08572853028734846,-0.05799561977583286
2001-09-17,-0.0650238418049906,0.0280638625536236,0.0650238418049906,0.0042281000030804,27,0.10450425346162828,-0.07644039090800468
2001-09-18,0.0432461042990462,0.0294594958038046,0.0432461042990462,0.0018702255370439,27,0.06957432599701213,-0.04011483019320753
2001-09-19,0.0251689555767493,0.0238013005973886,0.0251689555767493,0.0006334763248243,27,0.04056617158363059,-0.016764870986241992
2001-09-20,-0.0104476433347658,0.0277913380011504,0.0104476433347658,0.0001091532512504,27,0.0169338970667268,0.0108574409344236
2001-09-21,-0.017682772657767,0.0247155834030094,0.017682772657767,0.0003126804488662,27,0.02854955523671546,-0.003833971833706061
2001-09-24,0.0199274827232176,0.0230633259592295,0.0199274827232176,0.0003971045676841,27,0.03215292634461265,-0.009089600385383149
2001-09-25,0.0024015776242458,0.026670575884899,0.0024015776242458,5.767575085278386e-06,27,0.004013979855586619,0.02265659602931238
2001-09-26,0.0028811862667954,0.0239534999754215,0.0028811862667954,8.301234303970886e-06,27,0.004784177320750983,0.019169322654670518
2001-09-27,0.0167774701701685,0.0265186147888897,0.0167774701701685,0.0002814835053108,27,0.027096243892792565,-0.0005776291039028651
2001-09-28,0.0108011908369981,0.0256674123277484,0.0108011908369981,0.0001166657234972,27,0.017501547155029683,0.008165865172718716
2001-10-01,0.0025034265523246,0.019703885349552,0.0025034265523246,6.267144502884168e-06,27,0.00417753849550644,0.01552634685404556
2001-10-02,0.0,0.0,0.0,0.0,27,0.0001571850322937213,-0.0001571850322937213
2001-10-03,0.0028637042276177,0.0180215983450878,0.0028637042276177,8.200801903275917e-06,27,0.004756103288393006,0.013265495056694793
2001-10-04,0.0032934254882925,0.0174516188287241,0.0032934254882925,1.084665144693506e-05,27,0.005446180088966894,0.012005438739757204
2001-10-05,0.0020769785329225,0.017129170696992,0.0020769785329225,4.313839826220977e-06,27,0.0034927053061373885,0.013636465390854613
2001-10-08,-0.0121853332771222,0.0145870149886863,0.0121853332771222,0.0001484823470745,27,0.019723857867731658,-0.005136842879045358
2001-10-09,0.0147941189685382,0.0117451030248923,0.0147941189685382,0.0002188659560552,27,0.023912197114881607,-0.012167094089989307
2001-10-10,0.0445996952438173,0.0795302864815301,0.0445996952438173,0.0019891328158413,27,0.07174591461463779,0.007784371866892306
2001-10-11,0.0012045248161445,0.01326630315114,0.0012045248161445,1.4508800327080828e-06,27,0.0020916096799278383,0.011174693471212162
2001-10-12,-0.0005305725961619,0.0134080361377568,0.0005305725961619,2.8150727979803004e-07,27,0.001009272832639516,0.012398763305117284
2001-10-15,-0.0110984765781899,0.0372003891124071,0.0110984765781899,0.0001231761823566,27,0.01797886059908877,0.019221528513318327
2001-10-16,0.0101650711543675,0.0170006062779319,0.0101650711543675,0.0001033286715733,27,0.016480200375099112,0.0005204059028327893
2001-10-17,0.0169558585641817,0.0221793900673818,0.0169558585641817,0.0002875011396485,27,0.027382619014279706,-0.005203228946897908
2001-10-18,0.001937292992955,0.0184942490786841,0.001937292992955,3.753104140552658e-06,27,0.003268382689933252,0.01522586638875085
2001-10-19,0.0057225416631481,0.0126453655219965,0.0057225416631481,3.274748308646664e-05,27,0.009346894580532209,0.0032984709414642915
2001-10-22,0.0117422016786923,0.0274568483935173,0.0117422016786923,0.000137879300263,27,0.01901239560061953,0.00844445279289777
2001-10-23,0.009840909155407,0.0133796577679918,0.009840909155407,9.684349300497344e-05,27,0.01595972350605341,-0.0025800657380616095
2001-10-24,-0.0005879623708002,0.0172345235866325,0.0005879623708002,3.456997494770303e-07,27,0.001101438893624492,0.016133084693008008
2001-10-25,0.0014425668781689,0.0106281100897675,0.0014425668781689,2.0809991979901366e-06,27,0.0024738903579475647,0.008154219731819935
2001-10-26,0.0,0.0,0.0,0.0,27,0.0001571850322937213,-0.0001571850322937213
2001-10-29,0.0026135327818936,0.0231434930485691,0.0026135327818936,6.830553602032886e-06,27,0.004354357047039,0.0187891360015301
2001-10-30,-0.0102008194881684,0.0152678842516409,0.0102008194881684,0.0001040567182301,27,0.016537597915737102,-0.001269713664096202
2001-10-31,0.0109136896579986,0.0196710697602327,0.0109136896579986,0.0001191086219511,27,0.01768217242503166,0.0019888973352010404
2001-11-01,0.0234959240936749,0.023475330161556,0.0234959240936749,0.0005520584490157,27,0.037880852157626474,-0.014405521996070474
2001-11-02,0.0093136325405058,0.0229092547339989,0.0093136325405058,8.674375109956921e-05,27,0.015113115788259789,0.007796138945739111
2001-11-05,0.0018511371825885,0.0205177141829613,0.0018511371825885,3.426708868761756e-06,27,0.003130023712392515,0.017387690470568783
2001-11-06,0.0143705760073777,0.0157147663041558,0.0143705760073777,0.0002065134547838,27,0.023232227242332714,-0.007517460938176915
2001-11-07,-0.0049489565528475,0.0162092310031946,0.0049489565528475,2.4492170961972943e-05,27,0.008104683318521445,0.008104547684673153
2001-11-08,0.0165992830486424,0.0186103793510643,0.0165992830486424,0.0002755361977289,27,0.02681019067462207,-0.008199811323557772
2001-11-09,0.0051484888490239,0.01794186394614,0.0051484888490239,2.6506937428523865e-05,27,0.008425091438810702,0.009516772507329296
2001-11-12,0.0129160558508241,0.0152386015750154,0.0129160558508241,0.0001668244987416,27,0.02089704052932112,-0.0056584389543057195
2001-11-13,-0.0033158271734593,0.009079900651403,0.0033158271734593,1.0994709844251582e-05,27,0.00548215410711616,0.0035977465442868393
2001-11-14,0.014289291041966,0.01089268995116,0.014289291041966,0.000204183838482,27,0.02310172889088308,-0.01220903893972308
2001-11-15,0.0139036588941882,0.0229200604763559,0.0139036588941882,0.0001933117306459,27,0.02248261516273261,0.0004374453136232921
2001-11-16,0.0,0.0,0.0,0.0,27,0.0001571850322937213,-0.0001571850322937213
2001-11-19,0.0254100390806596,0.0319884259724046,0.0254100390806596,0.0006456700860806,27,0.04095311680016504,-0.008964690827760441
2001-11-20,-0.0180704611107104,0.0221138541955708,0.0180704611107104,0.0003265415647536,27,0.029171914504805812,-0.0070580603092350105
2001-11-21,0.0115705810530984,0.0156933114838761,0.0115705810530984,0.0001338783459063,27,0.018736851068951847,-0.003043539585075746
2001-11-22,0.0068662433839977,0.012797256860569,0.0068662433839977,4.714529820829311e-05,27,0.011183391779411762,0.001613865081157238
2001-11-23,-0.0046128596121465,0.0096112188974311,0.0046128596121465,2.1278473801372453e-05,27,0.0075649768429302275,0.002046242054500872
2001-11-26,0.0111068941184565,0.0178073843649748,0.0111068941184565,0.0001233630969586,27,0.01799237551092472,-0.00018499114594992122
2001-11-27,-0.0035095221920187,0.0180177902085132,0.0035095221920187,1.2316746016272366e-05,27,0.005793200808451238,0.01222458940006196
2001-11-28,-0.0047581953779977,0.0190545928616637,0.0047581953779977,2.264042325519948e-05,27,0.007798358411544049,0.011256234450119652
2001-11-29,-0.0054654908380869,0.0097172263321325,0.0054654908380869,2.9871590101212576e-05,27,0.008934128781927933,0.0007830975502045659
2001-11-30,0.0,0.0,0.0,0.0,27,0.0001571850322937213,-0.0001571850322937213
2001-12-03,0.0137933397549564,0.0230754326824638,0.0137933397549564,0.0001902562215956,27,0.022305502089181865,0.000769930593281936
2001-12-04,0.0089861867790315,0.0162835792851106,0.0089861867790315,8.075155282764144e-05,27,0.01458735585825463,0.0016962234268559709
2001-12-05,0.0220905769899081,0.0269479280019876,0.0220905769899081,0.000487993591747,27,0.03562510048464529,-0.008677172482657688
2001-12-06,-0.0096591214905853,0.0128329485172104,0.0096591214905853,9.329862796988856e-05,27,0.01566784215628519,-0.002834893639074791
2001-12-07,0.0052841621749398,0.0184649380857734,0.0052841621749398,2.7922369891065176e-05,27,0.008642954228626633,0.009821983857146766
2001-12-10,0.0200027511196873,0.0207782597387724,0.0200027511196873,0.0004001100523561,27,0.03227374930195717,-0.01149548956318477
2001-12-11,0.0024360249091428,0.0230494778440506,0.0024360249091428,5.934217357964186e-06,27,0.004069298607305431,0.01898017923674517
2001-12-12,-0.0116447988870606,0.0144796783002576,0.0116447988870606,0.00013560134112,27,0.018856011233012327,-0.004376332932754728
2001-12-13,-0.0179034344983238,0.0226483682345204,0.0179034344983238,0.0003205329668357,27,0.028903786094931445,-0.006255417860411044
2001-12-14,0.0009977132898374,0.0137836639976267,0.0009977132898374,9.954318087183604e-07,27,0.001759481540718501,0.012024182456908198
2001-12-17,0.0,0.0,0.0,0.0,27,0.0001571850322937213,-0.0001571850322937213
2001-12-18,-0.009066523692208,0.0148501811138041,0.009066523692208,8.220185186137023e-05,27,0.014716348376951746,0.00013383273685235383
2001-12-19,-0.0226358305493174,0.0185127995796404,0.0226358305493174,0.0005123808246574,27,0.03650030716007194,-0.017987507580431536
2001-12-20,-0.0105366075380973,0.0172995070909076,0.0105366075380973,0.0001110200984118,27,0.01707673698461714,0.00022277010629045968
2001-12-21,-0.0113366654646821,0.0151848356472458,0.0113366654646821,0.0001285199838581,27,0.018361287404961586,-0.0031764517577157862
2001-12-24,-0.0083318266755995,0.0124334983977396,0.0083318266755995,6.941933575223272e-05,27,0.01353667704484567,-0.00110317864710607
2001-12-25,0.0,0.0,0.0,0.0,27,0.0001571850322937213,-0.0001571850322937213
2001-12-26,-0.0079587930835787,0.0140058361577449,0.0079587930835787,6.334238734722164e-05,27,0.012937705224031228,0.001068130933713671
2001-12-27,-0.0176791022164417,0.016671749239781,0.0176791022164417,0.0003125506551793,27,0.028543663021578354,-0.011871913781797354
2001-12-28,0.0108618005494709,0.0160092624753016,0.0108618005494709,0.0001179787111764,27,0.01759886064074808,-0.0015895981654464805
2001-12-31,0.0359277093987262,0.0198056577361551,0.0359277093987262,0.0012908003026393,27,0.057832095193988395,-0.038026437457833295
2002-01-01,-0.0057104718445013,0.0124259390669686,0.0057104718445013,3.260948868684221e-05,27,0.009327513223275453,0.0030984258436931467
2002-01-02,0.0075114140978146,0.0151579375787,0.0075114140978146,5.642134174884819e-05,27,0.012219351660029307,0.002938585918670692
2002-01-03,0.0116059873529716,0.0165055087909456,0.0116059873529716,0.0001346989424373,27,0.01879369754663239,-0.002288188755686791
2002-01-04,0.0082765460025446,0.0163280562680251,0.0082765460025446,6.85012137322381e-05,27,0.013447914420107286,0.0028801418479178133
2002-01-07,0.0153161614410104,0.0267623675110116,0.0153161614410104,0.000234584801287,27,0.02475029196871943,0.002012075542292168
2002-01-08,0.0030202631876574,0.0157271177035125,0.0030202631876574,9.121989722718645e-06,27,0.005007517555581682,0.01071960014793082
2002-01-09,0.0045687935121277,0.0193907025807638,0.0045687935121277,2.087387415646037e-05,27,0.007494214917534138,0.011896487663229663
2002-01-10,0.0036814921314128,0.0123740727236736,0.0036814921314128,1.355338431365496e-05,27,0.006069358920651962,0.006304713803021638
2002-01-11,0.0061247488693944,0.0181316797023188,0.0061247488693944,3.7512548713148536e-05,27,0.009992743828552168,0.008138935873766634
2002-01-14,0.039677132297484,0.037047364343574,0.039677132297484,0.001574274827352,27,0.06384823024184218,-0.026800865898268175
2002-01-15,-0.0092560767641982,0.010667660220606,0.0092560767641982,8.567495706473091e-05,27,0.015020702241586336,-0.004353042020980337
2002-01-16,0.0066260844187873,0.0150200596226952,0.0066260844187873,4.390499472489594e-05,27,0.010797761035234969,0.004222298587460231
2002-01-17,0.0112866948766614,0.0200939708806689,0.0112866948766614,0.0001273894812388,27,0.018281056752606717,0.0018129141280621847
2002-01-18,0.0013311549718814,0.019010226420391,0.0013311549718814,1.7719735591646868e-06,27,0.0022949700661890862,0.016715256354201916
2002-01-21,0.0035482189158166,0.0192809888762517,0.0035482189158166,1.25898574745593e-05,27,0.0058553420821048025,0.013425646794146897
2002-01-22,0.000730355345235,0.0131598363920798,0.000730355345235,5.334189303134739e-07,27,0.0013301167128098854,0.011829719679269915
2002-01-23,-0.0007751344542554,0.0141782002118432,0.0007751344542554,6.008334221738681e-07,27,0.0014020301364385732,0.012776170075404627
2002-01-24,-0.0116578261127964,0.0161126571691773,0.0116578261127964,0.0001359049096761,27,0.018876927024653933,-0.0027642698554766337
2002-01-25,-0.0064565110773654,0.015116537868579,0.0064565110773654,4.16865352921434e-05,27,0.010525470507933132,0.004591067360645868
2002-01-28,-0.0044673008103175,0.0139847900036598,0.0044673008103175,1.9956776529863564e-05,27,0.0073312363155056005,0.0066535536881542
2002-01-29,0.002139321142873,0.014244639812019,0.002139321142873,4.576694952343609e-06,27,0.0035928217813269766,0.010651818030692024
2002-01-30,-0.006747316941418,0.012937342781423,0.006747316941418,4.5526285907946783e-05,27,0.010992428153946177,0.001944914627476823
2002-01-31,0.014949662196119,0.0229106605805555,0.014949662196119,0.000223492399778,27,0.024161909641338134,-0.0012512490607826353
2002-02-01,0.0233439592923408,0.0214846609063655,0.0233439592923408,0.0005449404354424,27,0.03763693393856342,-0.01615227303219792
2002-02-04,0.0064044295062487,0.0229963279477332,0.0064044295062487,4.101671730050976e-05,27,0.010441840878517166,0.012554487069216035
2002-02-05,0.0077704299004159,0.0252318805742873,0.0077704299004159,6.0379580837278095e-05,27,0.012635252598787044,0.012596627975500256
2002-02-06,0.0487551925321204,0.0436927154257123,0.0487551925321204,0.0023770687988441,27,0.07841221299146793,-0.03471949756575563
2002-02-07,-0.0012832462899219,0.0312893090660094,0.0012832462899219,1.6467210405985267e-06,27,0.002218031686648507,0.029071277379360893
2002-02-08,-0.0003221354283856,0.0218760333720717,0.0003221354283856,1.0377123422119989e-07,27,0.0006745286499020949,0.021201504722169605
2002-02-11,0.0180974634580324,0.0231491312050369,0.0180974634580324,0.0003275181836148,27,0.029215261368515787,-0.006066130163478886
2002-02-12,-0.0066211035415945,0.0133456654131074,0.0066211035415945,4.383901210851527e-05,27,0.010789763062079127,0.002555902351028273
2002-02-13,0.0105906933085971,0.0216546322598558,0.0105906933085971,0.0001121627847567,27,0.017163576338355337,0.0044910559215004635
2002-02-14,0.0243300789546207,0.0284657207016993,0.0243300789546207,0.000591952741938,27,0.039219735822378796,-0.010754015120679496
2002-02-15,0.0170491157506597,0.0232465273600348,0.0170491157506597,0.0002906723478793,27,0.027532328597608628,-0.0042858012375738275
2002-02-18,0.0024018754358477,0.0176545262124467,0.0024018754358477,5.769005609328935e-06,27,0.004014458110194442,0.013640068102252257
2002-02-19,-0.0200528952402692,0.0184188615194876,0.0200528952402692,0.0004021186075172,27,0.03235424194191957,-0.013935380422431969
2002-02-20,-0.0028169733457116,0.0218934351272922,0.0028169733457116,7.935338830450084e-06,27,0.00468105910874322,0.01721237601854898
2002-02-21,0.00935718612037,0.0204771570198631,0.00935718612037,8.755693209124657e-05,27,0.01518304683987905,0.00529411017998405
2002-02-22,0.0158026317691929,0.0160856168726002,0.0158026317691929,0.0002497231708327,27,0.025531269432829958,-0.009445652560229757
2002-02-25,0.0013765538448459,0.0188795126705978,0.0013765538448459,1.8949004877600389e-06,27,0.002367877767158978,0.01651163490343882
2002-02-26,0.0310200052535363,0.0280698511271423,0.0310200052535363,0.0009622407259294,27,0.04995663218283035,-0.02188678105568805
2002-02-27,-0.011481112739913,0.0165520992966667,0.011481112739913,0.0001318159497465,27,0.018593205276764103,-0.002041105980097404
2002-02-28,-0.0436032274085688,0.0288103936991196,0.0436032274085688,0.0019012414404433,27,0.070147271351109,-0.0413368776519894
2002-03-01,0.03116195154701,0.0239934540142247,0.03116195154701,0.0009710672242181,27,0.05018442829849687,-0.02619097428427217
2002-03-04,0.0198061889085538,0.0310986244933456,0.0198061889085538,0.0003922851190813,27,0.03195822163160118,-0.0008595971382555842
2002-03-05,0.0014720687215454,0.0223406443975072,0.0014720687215454,2.166986320952353e-06,27,0.002521268324892635,0.019819376072614567
2002-03-06,-0.0110408242441155,0.0170055379028761,0.0110408242441155,0.0001218997999894,27,0.01788629593085729,-0.0008807580279811891
2002-03-07,0.0023797126336088,0.0115343363425327,0.0023797126336088,5.6630322185573845e-06,27,0.003978866934528957,0.007555469408003742
2002-03-08,-0.0040595596957568,0.0118029277767771,0.0040595596957568,1.6480024923413635e-05,27,0.006676475169671404,0.0051264526071056965
2002-03-11,-0.0127308449494822,0.0118443161304265,0.0127308449494822,0.0001620744131277,27,0.020599684430656042,-0.008755368300229542
2002-03-12,-0.0138172777632949,0.0120741028107201,0.0138172777632949,0.000190917164788,27,0.022343933666880984,-0.010269830856160884
2002-03-13,0.0082050294897486,0.0081715111942817,0.0082050294897486,6.732250892764577e-05,27,0.013333082190805904,-0.005161570996524204
2002-03-14,0.0036722197972653,0.0098466942507854,0.0036722197972653,1.348519823942785e-05,27,0.006054468961583482,0.003792225289201919
2002-03-15,0.0086072163898585,0.0118191667715644,0.0086072163898585,7.408417398184898e-05,27,0.013978860845223956,-0.002159694073659556
2002-03-18,0.0046465465421561,0.0130970576611971,0.0046465465421561,2.159039476842292e-05,27,0.007619071710219333,0.0054779859509777665
2002-03-19,-0.0128831140772389,0.0119262568185468,0.0128831140772389,0.0001659746283271,27,0.020844152607863677,-0.008917895789316878
2002-03-20,-0.0003694151186565,0.0121467199194469,0.0003694151186565,1.3646752989202674e-07,27,0.0007504586371560126,0.011396261282290888
2002-03-21,-0.005657782477327,0.0118047622489934,0.005657782477327,3.201050256074916e-05,27,0.009242906133295389,0.0025618561156980114
2002-03-22,-0.002337041398889,0.0089798846221364,0.002337041398889,5.461762500121073e-06,27,0.003910341277853551,0.005069543344282849
2002-03-25,0.0,0.0,0.0,0.0,27,0.0001571850322937213,-0.0001571850322937213
2002-03-26,-0.0068545552636408,0.0117764186179001,0.0068545552636408,4.69849278623068e-05,27,0.011164623850647532,0.0006117947672525676
2002-03-27,0.0081871925478374,0.0135446977440297,0.0081871925478374,6.703012181536543e-05,27,0.013304441840600855,0.0002402559034288456
2002-03-28,0.0091527441117902,0.0124417744988238,0.0091527441117902,8.377272477591086e-05,27,0.014854787441861372,-0.0024130129430375725
2002-03-29,0.0,0.0,0.0,0.0,27,0.0001571850322937213,-0.0001571850322937213
2002-04-01,0.030079072439992,0.0376174223746679,0.030079072439992,0.0009047505988502,27,0.048446599154348055,-0.010829176779680157
2002-04-02,0.0034842912277754,0.0166299900893015,0.0034842912277754,1.2140285359953295e-05,27,0.005752683542722364,0.010877306546579136
2002-04-03,0.0016207611094704,0.0190676731746061,0.0016207611094704,2.62686657397194e-06,27,0.0027600577483147364,0.016307615426291364
2002-04-04,0.0008123826623866,0.0151514373807866,0.0008123826623866,6.599655901464308e-07,27,0.0014618491821190554,0.013689588198667545
2002-04-05,0.0051138412246951,0.0150199965051923,0.0051138412246951,2.6151372071391767e-05,27,0.008369454538361095,0.006650541966831205
2002-04-08,0.0003789081392352,0.0128451356933454,0.0003789081392352,1.4357137797868453e-07,27,0.0007657041779510783,0.012079431515394323
2002-04-09,-0.0084917812459653,0.0140253407618898,0.0084917812459653,7.211034872932925e-05,27,0.013793510952876111,0.00023182980901368874
2002-04-10,5.017774965167049e-06,0.0142711501316345,5.017774965167049e-06,2.5178065601057168e-11,27,0.00016524351756204168,0.014105906614072457
2002-04-11,0.0125074756354319,0.0128347181128091,0.0125074756354319,0.0001564369467709,27,0.020241063264935463,-0.007406345152126362
2002-04-12,0.0072666307990442,0.0155331709843766,0.0072666307990442,5.280392316961792e-05,27,0.011826301466258042,0.0037068695181185583
2002-04-15,-0.0152905042648087,0.01475079847368,0.0152905042648087,0.0002337995206721,27,0.02470910179360479,-0.00995830331992479
2002-04-16,0.0019849908274688,0.0209034578227806,0.0019849908274688,3.940188585135597e-06,27,0.003344981274776776,0.017558476548003826
2002-04-17,-0.0044850479620626,0.0161802491602551,0.0044850479620626,2.011565522200272e-05,27,0.007359735003582377,0.008820514156672725
2002-04-18,0.0048396747431167,0.01818113469161,0.0048396747431167,2.342245161916224e-05,27,0.007929198407015389,0.010251936284594611
2002-04-19,-0.0150973820722733,0.013878799724351,0.0150973820722733,0.0002279309454362,27,0.024399061534739478,-0.010520261810388478
2002-04-22,-0.0058194658256832,0.0101592556927368,0.0058194658256832,3.386618249629548e-05,27,0.009502532328724361,0.0006567233640124379
2002-04-23,0.0060394768900183,0.010310869240875,0.0060394768900183,3.647528110506513e-05,27,0.009855817796103008,0.00045505144477199326
2002-04-24,0.0105081215274235,0.0153522440975416,0.0105081215274235,0.0001104206180351,27,0.01703100020108342,-0.0016787561035418175
2002-04-25,-0.0079454450391323,0.0186534791968613,0.0079454450391323,6.313009686987248e-05,27,0.012916272465007504,0.0057372067318537945
2002-04-26,0.0020463484088288,0.0140975370212383,0.0020463484088288,4.187541810316345e-06,27,0.0034435161008942302,0.010654020920344068
2002-04-29,-0.0071425348502753,0.015711336100815,0.0071425348502753,5.101580408739857e-05,27,0.011627038893532326,0.004084297207282676
2002-04-30,0.0141000420674404,0.0180561798408331,0.0141000420674404,0.0001988111863035,27,0.022797899539010485,-0.004741719698177386
2002-05-01,0.0,0.0,0.0,0.0,27,0.0001571850322937213,-0.0001571850322937213
2002-05-02,0.0092882440677002,0.0136061043402596,0.0092882440677002,8.627147786116968e-05,27,0.015072351193063296,-0.001466246852803695
2002-05-03,-0.0039120561018983,0.0118005231182047,0.0039120561018983,1.530418294440033e-05,27,0.006439608555160748,0.005360914563043951
2002-05-06,0.0046842709661509,0.0126402093006132,0.0046842709661509,2.194239448432485e-05,27,0.007679649981453282,0.004960559319159919
2002-05-07,0.0068311472514095,0.0122824247056455,0.0068311472514095,4.666457277043962e-05,27,0.011127036961111792,0.001155387744533708
2002-05-08,-0.0015681840274241,0.0055105743911468,0.0015681840274241,2.459201143868146e-06,27,0.002675622781684471,0.0028349516094623287
2002-05-09,0.0058808666373926,0.0127928994537829,0.0058808666373926,3.458459240679839e-05,27,0.009601127621139271,0.003191771832643629
2002-05-10,-0.0046881200652146,0.0124049293623745,0.0046881200652146,2.197846974586857e-05,27,0.007685830901598829,0.004719098460775672
2002-05-13,0.0008764921431971,0.0096003102272596,0.0008764921431971,7.68238477086415e-07,27,0.0015648061711705328,0.008035504056089068
2002-05-14,0.0028243228915628,0.012975122601402,0.0028243228915628,7.976799795806194e-06,27,0.004692861601527596,0.008282260999874403
2002-05-15,-0.0098649612056356,0.0187637969040524,0.0098649612056356,9.73174595886958e-05,27,0.015998341790583768,0.002765455113468634
2002-05-16,-0.00719153598558,0.0135064252325065,0.00719153598558,5.171818983189268e-05,27,0.011705720760837583,0.001800704471668916
2002-05-17,-0.0127259644853941,0.0140437500594445,0.0127259644853941,0.0001619501720835,27,0.020591848828004536,-0.0065480987685600355
2002-05-20,-0.0276545425269725,0.0231830174958763,0.0276545425269725,0.0007647737223761,27,0.044555496356448863,-0.021372478860572565
2002-05-21,-0.0242731249008988,0.0239502723853949,0.0242731249008988,0.0005891845924546,27,0.03912832096247089,-0.015178048577075987
2002-05-22,-0.0028508378001172,0.0178375133020885,0.0028508378001172,8.127276162577243e-06,27,0.004735441360561296,0.013102071941527203
2002-05-23,-0.0118955379807141,0.0134554327937049,0.0118955379807141,0.0001415038238506,27,0.019258582891359444,-0.005803150097654544
2002-05-24,0.0389848054026855,0.0261666921404833,0.0389848054026855,0.0015198150522852,27,0.06273739765648431,-0.036570705516001015
2002-05-27,-0.0081857864821891,0.01704720964597,0.0081857864821891,6.700710033199119e-05,27,0.01330218415416783,0.003745025491802171
2002-05-28,-0.0205446023178353,0.016250134770473,0.0205446023178353,0.000422080684398,27,0.03314353779852211,-0.01689340302804911
2002-05-29,0.0105353435924611,0.0141982026288757,0.0105353435924611,0.0001109934646112,27,0.017074707609918874,-0.002876504981043174
2002-05-30,-0.006880274949577,0.0133430698238398,0.006880274949577,4.733818338177755e-05,27,0.011205922634242046,0.002137147189597753
2002-05-31,-0.0026534499816124,0.0140837565434522,0.0026534499816124,7.040796804919359e-06,27,0.004418459586192341,0.009665296957259858
2002-06-03,0.0189887771040689,0.0146866814135735,0.0189887771040689,0.000360573655908,27,0.030646071446908875,-0.015959390033335373
2002-06-04,0.0049406667077075,0.0170256128018752,0.0049406667077075,2.4410187516649843e-05,27,0.008091371487358593,0.008934241314516608
2002-06-05,0.0247260101750424,0.0164470916825771,0.0247260101750424,0.0006113755791763,27,0.03985522707200284,-0.02340813538942574
2002-06-06,0.0043398834084776,0.0147902669369009,0.0043398834084776,1.8834587999179152e-05,27,0.007126626861133492,0.007663640075767408
2002-06-07,-0.0118655318771766,0.0141293181018695,0.0118655318771766,0.0001407908467282,27,0.01921040701621838,-0.005081088914348879
2002-06-10,0.0306568503509888,0.026552046724267,0.0306568503509888,0.0009398424734429,27,0.049373835904897564,-0.022821789180630565
2002-06-11,0.0290777836606316,0.0181396443152997,0.0290777836606316,0.0008455175026144,27,0.046839668333928657,-0.028700024018628957
2002-06-12,0.0051677612625057,0.0191732489696063,0.0051677612625057,2.670575646625497e-05,27,0.008456038918938083,0.010717210050668216
2002-06-13,0.0016271333164641,0.0208505078159116,0.0016271333164641,2.6475628295476894e-06,27,0.0027702910417616664,0.018080216774149935
2002-06-14,0.0035325756249001,0.0127782385182426,0.0035325756249001,1.2479090545638352e-05,27,0.005830221253755499,0.006948017264487101
2002-06-17,0.0063231083190227,0.0132153534410979,0.0063231083190227,3.9981698814094816e-05,27,0.01031125972756676,0.0029040937135311404
2002-06-18,-0.0119250784549232,0.0103630293867786,0.0119250784549232,0.000142207496156,27,0.019306011148455083,-0.008942981761676483
2002-06-19,-0.0096011066216001,0.0137789665080735,0.0096011066216001,9.218124835933444e-05,27,0.015574692236603458,-0.0017957257285299583
2002-06-20,0.0047050029264843,0.0167209382863275,0.0047050029264843,2.213705253822638e-05,27,0.007712941555281742,0.00900799673104576
2002-06-21,-0.0024941907319136,0.0089550255782976,0.0024941907319136,6.220987407163976e-06,27,0.004162706757989013,0.004792318820308586
2002-06-24,0.005922884936,0.0180352673717793,0.005922884936,3.508056596509611e-05,27,0.009668599064054468,0.00836666830772483
2002-06-25,0.002637415466586,0.0167258753496739,0.002637415466586,6.955960343387367e-06,27,0.004392709963379879,0.01233316538629402
2002-06-26,-0.0102986086734849,0.0116599727801785,0.0102986086734849,0.0001060613406095,27,0.016694608026722617,-0.0050346352465441176
2002-06-27,0.0082787665753913,0.0132536828504915,0.0082787665753913,6.853797600981644e-05,27,0.01345147993382683,-0.00019779708333533125
2002-06-28,0.0132495112863193,0.0170205932572409,0.0132495112863193,0.0001755495493263,27,0.02143239993467204,-0.00441180667743114
2002-07-01,0.0137126488292724,0.0136555413484132,0.0137126488292724,0.0001880367379149,27,0.02217595566322994,-0.00852041431481674
2002-07-02,0.0023835895802006,0.0128410678399779,0.0023835895802006,5.681499286841297e-06,44,0.003985092912435388,0.00885597492754251
2002-07-03,-0.0028931920916348,0.0116221357908566,0.0028931920916348,8.370560479098172e-06,44,0.004803457211035036,0.006818678579821563
2002-07-04,0.022355360996329,0.0335035589900928,0.022355360996329,0.0004997621652761,44,0.03605011650934768,-0.00254655751925488
2002-07-05,0.0061965623153464,0.0112572594205634,0.0061965623153464,3.83973845279714e-05,44,0.010108058519301041,0.0011492009012623594
2002-07-08,0.0143767806229452,0.021005459088436,0.0143767806229452,0.0002066918210802,44,0.023242188386554567,-0.002236729298118568
2002-07-09,0.0009097093841098,0.0134533895511766,0.0009097093841098,8.275711635374658e-07,44,0.0016181515285640451,0.011835238022612556
2002-07-10,-0.0089483865517286,0.0120348656540137,0.0089483865517286,8.007362187915756e-05,44,0.014526662048160928,-0.002491796394147228
2002-07-11,-0.0129600418047956,0.0142576126318277,0.0129600418047956,0.000167962683582,44,0.020967659785821817,-0.006710047153994116
2002-07-12,0.0009623799263883,0.0120918682550895,0.0009623799263883,9.261751227153208e-07,44,0.0017027379049807771,0.010389130350108723
2002-07-15,-0.0132928829112398,0.0194926335889356,0.0132928829112398,0.0001767007360919,44,0.021502032338824965,-0.002009398749889365
2002-07-16,-0.0093487398762752,0.012370075147181,0.0093487398762752,8.739893727425989e-05,44,0.015169485279889228,-0.0027994101327082285
2002-07-17,-0.0094285419528787,0.0133398553200557,0.0094285419528787,8.889740335719428e-05,44,0.015297617941232607,-0.001957762621176907
2002-07-18,0.0145615795981307,0.0132682407039481,0.0145615795981307,0.0002120396003926,44,0.02353887156661627,-0.01027063086266817
2002-07-19,-0.001469505707311,0.0129157955881815,0.001469505707311,2.1594470238196963e-06,44,0.0025171522985353053,0.010398643289646195
2002-07-22,-0.03332148379599,0.0241152425797645,0.03332148379599,0.0011103212823664,44,0.05364996181186739,-0.02953471923210289
2002-07-23,0.0115972504651783,0.0156018346324671,0.0115972504651783,0.000134496218352,44,0.01877967006729183,-0.0031778354348247304
2002-07-24,-0.0121632839831247,0.0148895419083194,0.0121632839831247,0.0001479454772541,44,0.019688457182058597,-0.004798915273739197
2002-07-25,-0.0062444998986008,0.0166230066905598,0.0062444998986008,3.899377898362662e-05,44,0.010185034351229527,0.006437972339330272
2002-07-26,-0.0274922644101794,0.023335435903285,0.0274922644101794,0.0007558246023992,44,0.0442950499117666,-0.020959614008481602
2002-07-29,-0.012479828600101,0.0141122855735885,0.012479828600101,0.0001557461218878,44,0.020196675603315725,-0.0060843900297272244
2002-07-30,-0.0137906950162998,0.0149415031188852,0.0137906950162998,0.0001901832690325,44,0.022301256058778952,-0.007359752939893752
2002-07-31,0.0034386587698709,0.0175449052356591,0.0034386587698709,1.1824374135610588e-05,44,0.005679404378396867,0.011865500857262233
2002-08-01,-0.000567541381013,0.0147697927984406,0.000567541381013,3.2210321916221055e-07,44,0.0010686434805433794,0.013701149317897222
2002-08-02,0.0010356641035468,0.0162746847444858,0.0010356641035468,1.0726001353754023e-06,44,0.0018204286193277898,0.014454256125158011
2002-08-05,0.0129041462584375,0.0181506099471635,0.0129041462584375,0.0001665169906591,44,0.02087791971822899,-0.00272730977106549
2002-08-06,0.0034560015989019,0.0121224256781923,0.0034560015989019,1.1943947051612897e-05,44,0.00570725447682886,0.00641517120136344
2002-08-07,0.0043769167311993,0.011518927621907,0.0043769167311993,1.915740007185263e-05,44,0.007186095787352739,0.00433283183455426
2002-08-08,-0.0195095626892358,0.0163363612620129,0.0195095626892358,0.0003806230363252,44,0.03148206537329147,-0.015145704111278569
2002-08-09,0.0070193136645528,0.0100713395869561,0.0070193136645528,4.927076432137797e-05,44,0.011429180360134674,-0.001357840773178574
2002-08-12,0.005099226870921,0.0103823164078047,0.005099226870921,2.6002114681123697e-05,44,0.008345986902806394,0.002036329504998307
2002-08-13,0.0030907496566646,0.0091957326227364,0.0030907496566646,9.552733440172768e-06,49,0.005120709775843054,0.0040750228468933464
2002-08-14,-0.0012194639512588,0.0120104980734496,0.0012194639512588,1.487092328419869e-06,49,0.0021156010608833027,0.009894897012566298
2002-08-15,0.0,0.0,0.0,0.0,49,0.0001571850322937213,-0.0001571850322937213
2002-08-16,0.0043719145998125,0.0091961154473338,0.0043719145998125,1.9113637268053707e-05,49,0.007178063257521759,0.0020180521898120404
2002-08-19,0.002589067032588,0.0113032869879699,0.002589067032588,6.703268099234176e-06,49,0.0043150677717402166,0.006988219216229683
2002-08-20,0.0040763914951659,0.011144612168883,0.0040763914951659,1.6616967621861646e-05,49,0.00670350423029445,0.0044411079385885495
2002-08-21,0.0006233094576253,0.0086485365004932,0.0006233094576253,3.885146799651711e-07,49,0.001158205071950857,0.007490331428542343
2002-08-22,-0.0011912092322895,0.0118778468088908,0.0011912092322895,1.4189794350919644e-06,49,0.0020702256205838926,0.009807621188306907
2002-08-23,0.0029713420994878,0.0106841634579094,0.0029713420994878,8.828873872189128e-06,49,0.004928956457282699,0.005755207000626701
2002-08-26,0.0087046691552932,0.0156496846348541,0.0087046691552932,7.577126510311323e-05,49,0.014135336710496231,0.001514347924357869
2002-08-27,-0.0102197843403249,0.013439526223699,0.0102197843403249,0.0001044439919627,49,0.016568047871048684,-0.003128521647349683
2002-08-28,-0.0397778933446149,0.078689459973089,0.0397778933446149,0.0015822807989355,49,0.06400989896054657,0.014679561012542433
2002-08-29,0.0009979579973049,0.0200912069992415,0.0009979579973049,9.959201643849849e-07,49,0.0017598745286537178,0.018331332470587783
2002-08-30,0.0102845289913627,0.0146968891450629,0.0102845289913627,0.0001057715365741,49,0.016672001741038237,-0.001975112595975336
2002-09-02,0.0054708151653828,0.018093061546964,0.0054708151653828,2.992981857378313e-05,49,0.008942678479295094,0.009150383067668905
2002-09-03,-0.0088056750293303,0.0166096014107383,0.0088056750293303,7.753991272217242e-05,49,0.014297517273612809,0.0023120841371254905
2002-09-04,0.0019287369516126,0.0086210710889269,0.0019287369516126,3.720026228515904e-06,49,0.0032546424205457396,0.005366428668381161
2002-09-05,0.0051047730893374,0.0114103296484923,0.0051047730893374,2.6058708293623704e-05,49,0.008354892985723037,0.003055436662769263
2002-09-06,-0.0112030337363651,0.0121448791935608,0.0112030337363651,0.0001255079648981,49,0.018146733768702954,-0.0060018545751421536
2002-09-09,-0.0218673040636595,0.0233468923906016,0.0218673040636595,0.0004781789870125,49,0.03526671358011439,-0.011919821189512791
2002-09-10,0.0,0.0,0.0,0.0,49,0.0001571850322937213,-0.0001571850322937213
2002-09-11,0.0033249450228958,0.0126729675773739,0.0033249450228958,1.105525940527967e-05,49,0.005496796110884858,0.007176171466489043
2002-09-12,0.0317215134894246,0.0481536038473741,0.0317215134894246,0.0010062544180597,49,0.05108240861109445,-0.002928804763720351
2002-09-13,-0.0078068591687604,0.0111170771063868,0.0078068591687604,6.094705008085943e-05,49,0.012693746766779958,-0.0015766696603931579
2002-09-16,-0.0086737533576911,0.0085329083315748,0.0086737533576911,7.523399731005781e-05,49,0.014085696535122386,-0.005552788203547586
2002-09-17,-0.0003793987160434,0.0099467702009758,0.0003793987160434,1.4394338573543032e-07,49,0.0007664920312793256,0.009180278169696476
2002-09-18,-0.0123155123798735,0.0099535846833355,0.0123155123798735,0.0001516718451788,49,0.019932863252934977,-0.009979278569599476
2002-09-19,-0.0099339583863081,0.0136757234067236,0.0099339583863081,9.868352922090132e-05,49,0.016109124438720944,-0.002433401031997344
2002-09-20,-0.0014998062388633,0.0132641155182084,0.0014998062388633,2.2494187541335e-06,49,0.0025658128732046763,0.010698302645003724
2002-09-23,-0.0018375243392446,0.0100351153422768,0.0018375243392446,3.376495697316388e-06,49,0.003108162606282221,0.006926952735994579
2002-09-24,-0.0040437345792652,0.0118958145539245,0.0040437345792652,1.635178934754562e-05,49,0.00665106266396714,0.005244751889957359
2002-09-25,-0.0003421936319402,0.0093068260747937,0.0003421936319402,1.1709648174043053e-07,49,0.0007067416280880373,0.008600084446705663
2002-09-26,0.0001849645274537,0.0076051395869764,0.0001849645274537,3.4211876416184195e-08,49,0.00045423516963169914,0.007150904417344701
2002-09-27,0.0044719482054955,0.0116418128567602,0.0044719482054955,1.9998320752634475e-05,49,0.007338699185491913,0.004303113671268287
2002-09-30,-0.01264628730852,0.0142566723561597,0.01264628730852,0.0001599285826896,49,0.02046392670571789,-0.00620725434955819
2002-10-01,-0.0026134873404186,0.0115224274741221,0.0026134873404186,6.830316078528649e-06,49,0.0043542840730997,0.007168143401022399
2002-10-02,0.0,0.0,0.0,0.0,49,0.0001571850322937213,-0.0001571850322937213
2002-10-03,-0.0044057749619106,0.0140637733856642,0.0044057749619106,1.9410853014998587e-05,49,0.007232436934385814,0.0068313364512783865
2002-10-04,0.0014927028977611,0.0114427609237461,0.0014927028977611,2.228161940984525e-06,49,0.0025544053979091406,0.00888835552583696
2002-10-07,0.015736180114528,0.018353959529057,0.015736180114528,0.0002476273645968,49,0.025424588750695153,-0.007070629221638154
2002-10-08,0.0038116074771493,0.0118423104824762,0.0038116074771493,1.452835155986086e-05,49,0.006278304040861624,0.0055640064416145755
2002-10-09,-0.0034351889067358,0.0102504604121117,0.0034351889067358,1.1800522824961315e-05,49,0.005673832274012324,0.004576628138099376
2002-10-10,0.0003605484385003,0.0095061161076206,0.0003605484385003,1.2999517650505017e-07,49,0.0007362189794711222,0.008769897128149478
2002-10-11,0.0039727359925562,0.011268829640616,0.0039727359925562,1.5782631266551987e-05,49,0.006537050622004336,0.0047317790186116645
2002-10-14,-0.002167854638212,0.0145592510110846,0.002167854638212,4.699593732417618e-06,49,0.0036386438908794848,0.010920607120205116
2002-10-15,0.0,0.0,0.0,0.0,49,0.0001571850322937213,-0.0001571850322937213
2002-10-16,-0.0027667247728356,0.0124878807405342,0.0027667247728356,7.654765968622586e-06,49,0.004600365847492347,0.007887514893041854
2002-10-17,0.0011891429678091,0.0116961171789677,0.0011891429678091,1.4140609978900152e-06,49,0.002066907318450002,0.009629209860517698
2002-10-18,0.0048043082381671,0.0115612129465283,0.0048043082381671,2.308137764732099e-05,49,0.007872406717330072,0.0036888062291982274
2002-10-21,-0.0026087496353626,0.0090180797184801,0.0026087496353626,6.805574660004672e-06,49,0.004346675846897268,0.004671403871582832
2002-10-22,-0.0132919997586172,0.0182859144781495,0.0132919997586172,0.000176677257583,49,0.021500614453064445,-0.0032146999749149453
2002-10-23,-0.0028609364412001,0.009201045094754,0.0028609364412001,8.184957320587076e-06,49,0.004751658558387692,0.004449386536366308
2002-10-24,-0.0050977384248508,0.0118350507134602,0.0050977384248508,2.598693704820076e-05,49,0.008343596765197732,0.003491453948262469
2002-10-25,-0.0065599585796435,0.0144914130670824,0.0065599585796435,4.303305656663956e-05,49,0.010691580326692937,0.003799832740389463
2002-10-28,-0.0029351616121829,0.01382525556493,0.0029351616121829,8.61517368963263e-06,49,0.004870855098717446,0.008954400466212554
2002-10-29,0.0087084101315301,0.0146943481613826,0.0087084101315301,7.583640701893765e-05,49,0.014141343433745257,0.000553004727637342
2002-10-30,0.0025767950333894,0.0176567791175392,0.0025767950333894,6.639872644100487e-06,49,0.004295360295840277,0.013361418821698924
2002-10-31,0.0110019383458087,0.0254708291971265,0.0110019383458087,0.0001210426473649,49,0.01782386195570957,0.007646967241416929
2002-11-01,0.0026088311123688,0.0193233000563347,0.0026088311123688,6.805999772863475e-06,49,0.004346806689894105,0.014976493366440594
2002-11-04,0.0095509686301902,0.0097088469743413,0.0095509686301902,9.122100177487896e-05,49,0.015494189497579736,-0.005785342523238436
2002-11-05,-0.006380482130075,0.0087535895798699,0.006380482130075,4.071055221220643e-05,49,0.010403387507087684,-0.001649797927217785
2002-11-06,0.0,0.0,0.0,0.0,49,0.0001571850322937213,-0.0001571850322937213
2002-11-07,-0.0027970450130992,0.0120834898611745,0.0027970450130992,7.823460805303516e-06,49,0.004649056576528637,0.007434433284645864
2002-11-08,-0.0007042630684596,0.009463957228703,0.0007042630684596,4.959864695961942e-07,49,0.0012882135448041517,0.008175743683898848
2002-11-11,-0.0015495025277674,0.0092901929351808,0.0015495025277674,2.40095808355765e-06,49,0.0026456216277557076,0.0066445713074250925
2002-11-12,2.056281330472644e-05,0.0104140877920016,2.056281330472644e-05,4.2282929100503454e-10,49,0.0001902086530677485,0.010223879138933852
2002-11-13,0.0034782017685856,0.0112717690812437,0.0034782017685856,1.209788754299254e-05,49,0.00574290475165822,0.00552886432958548
2002-11-14,0.0025476945046889,0.0124381697366216,0.0025476945046889,6.490747289222486e-06,49,0.004248628036504907,0.008189541700116692
2002-11-15,0.0070404183675064,0.0148234836582224,0.0070404183675064,4.956749078952237e-05,49,0.011463068612398665,0.0033604150458237357
2002-11-18,0.010316047768866,0.013033333498595,0.010316047768866,0.0001064208415695,49,0.016722608163488334,-0.003689274664893334
2002-11-19,0.0,0.0,0.0,0.0,49,0.0001571850322937213,-0.0001571850322937213
2002-11-20,0.0016936400349869,0.0138501579648445,0.0016936400349869,2.868416568110728e-06,49,0.0028770958238343246,0.010973062141010174
2002-11-21,-0.0004982771783019,0.0121516907440902,0.0004982771783019,2.4828014641658885e-07,49,0.0009574074152729179,0.011194283328817283
2002-11-22,0.0076213868641106,0.0152770967208922,0.0076213868641106,5.8085537732437656e-05,49,0.012395934930408564,0.002881161790483637
2002-11-25,0.0136436001506917,0.0161006545491704,0.0136436001506917,0.0001861478250719,49,0.022065100256354078,-0.0059644457071836784
2002-11-26,0.0111431634127441,0.0176763773117213,0.0111431634127441,0.0001241700908431,49,0.018050608205939064,-0.00037423089421776204
2002-11-27,-0.0034823320781382,0.0120762467508649,0.0034823320781382,1.2126636702430986e-05,49,0.005749537431806591,0.006326709319058309
2002-11-28,0.0108433081839583,0.0144006005476224,0.0108433081839583,0.0001175773323722,49,0.017569169761584118,-0.0031685692139617177
2002-11-29,0.0069645191692539,0.0133298018671341,0.0069645191692539,4.850452725890589e-05,49,0.01134119564160226,0.00198860622553184
2002-12-02,0.0215436275860778,0.0189875268716987,0.0215436275860778,0.0004641278895676,49,0.0347471603823332,-0.0157596335106345
2002-12-03,-0.0133297160553288,0.014044378600885,0.0133297160553288,0.0001776813301156,49,0.021561167267310825,-0.007516788666425826
2002-12-04,-0.0064728072037408,0.0122442857558088,0.0064728072037408,4.189723309679933e-05,49,0.010551637881083783,0.0016926478747250166
2002-12-05,0.0098017891883475,0.0139549122927602,0.0098017891883475,9.607507129280756e-05,49,0.015896911931359874,-0.0019419996385996747
2002-12-06,0.0220253411677249,0.0217266030392795,0.0220253411677249,0.0004851156535546,49,0.0355203872935744,-0.013793784254294901
2002-12-09,-0.0096760414711892,0.0159223191520854,0.0096760414711892,9.36257785521746e-05,49,0.015695009216429166,0.00022730993565623497
2002-12-10,-0.0086823730612098,0.0196539238591894,0.0086823730612098,7.538360197402322e-05,49,0.014099536828453161,0.005554387030736239
2002-12-11,0.010179193298657,0.0208931930548833,0.010179193298657,0.0001036159762114,49,0.016502874902056403,0.004390318152826898
2002-12-12,0.0026514752294194,0.0097668033969555,0.0026514752294194,7.030320892224904e-06,49,0.004415288357404627,0.005351515039550874
2002-12-13,0.0124220860808491,0.0134586619642391,0.0124220860808491,0.0001543082226,49,0.020103969171390533,-0.006645307207151433
2002-12-16,-0.0019273682750267,0.0136282969232615,0.0019273682750267,3.714748467579736e-06,49,0.003252444442946869,0.010375852480314631
2002-12-17,-0.0046161866140818,0.0132858295899158,0.0046161866140818,2.1309178856028687e-05,49,0.007570319383578461,0.005715510206337338
2002-12-18,0.0104046593834052,0.016705591399614,0.0104046593834052,0.0001082569368846,49,0.016864882413059775,-0.00015929101344577465
2002-12-19,0.0021149211555936,0.0139651810916177,0.0021149211555936,4.472891494377739e-06,49,0.0035536376723355094,0.010411543419282191
2002-12-20,0.0005536864396863,0.0108622916133346,0.0005536864396863,3.065686734925789e-07,49,0.0010463929083016266,0.009815898705032973
2002-12-23,0.0020920821607356,0.0107062470931363,0.0020920821607356,4.376807767268386e-06,49,0.0035169603513879838,0.007189286741748315
2002-12-24,0.0057677554790832,0.0101506108203006,0.0057677554790832,3.326700326649519e-05,49,0.009419497537588278,0.0007311132827123208
2002-12-25,0.0,0.0,0.0,0.0,49,0.0001571850322937213,-0.0001571850322937213
2002-12-26,0.0076046609947067,0.0123845429022147,0.0076046609947067,5.783086884441461e-05,49,0.012369078231646655,1.546467056804529e-05
2002-12-27,0.0087403193507226,0.0148374862233242,0.0087403193507226,7.639318235261724e-05,49,0.01419257866104625,0.00064490756227795
2002-12-30,-0.0037704204951196,0.0088625549804791,0.0037704204951196,1.4216070710018464e-05,49,0.006212164187821912,0.002650390792657189
2002-12-31,0.0075148755069474,0.0109783028769728,0.0075148755069474,5.647335388491808e-05,49,0.012224909651672843,-0.0012466067747000428
2003-01-01,0.0016431973013759,0.0119501485154163,0.0016431973013759,2.7000973712491053e-06,49,0.0027960886073464153,0.009154059908069886
2003-01-02,-0.0025768695501797,0.0108194979576154,0.0025768695501797,6.640256678643708e-06,49,0.004295479961596231,0.006524017996019168
2003-01-03,-0.0044885385889793,0.0125050898253544,0.0044885385889793,2.014697866475681e-05,49,0.00736534031220271,0.00513974951315169
2003-01-06,-0.008931981442143,0.0132074413405254,0.008931981442143,7.978029248278724e-05,49,0.01450032122123353,-0.00129287988070813
2003-01-07,0.0027510603752048,0.0124495219370366,0.0027510603752048,7.568333188022285e-06,49,0.004575210659096567,0.007874311277940032
2003-01-08,0.0148572878150149,0.0153385428391517,0.0148572878150149,0.0002207390012181,49,0.024013609884556617,-0.008675067045404918
2003-01-09,0.0123172349601744,0.0172869250431457,0.0123172349601744,0.0001517142770641,49,0.01993562888880929,-0.00264870384566359
2003-01-10,-0.0036556745379372,0.0122113974000344,0.0036556745379372,1.3363956327322764e-05,49,0.0060278997821728705,0.00618349761786153
2003-01-13,-0.0005614995586991,0.0114635017045055,0.0005614995586991,3.152817544192841e-07,49,0.0010589405169396063,0.010404561187565893
2003-01-14,0.0028983393725161,0.0137669549490197,0.0028983393725161,8.40037111827721e-06,49,0.0048117231146122584,0.00895523183440744
2003-01-15,0.0049446553732146,0.0122300382251682,0.0049446553732146,2.444961675986005e-05,49,0.00809777648571555,0.00413226173945265
2003-01-16,0.0036787430793943,0.0121355005267042,0.0036787430793943,1.3533150644191697e-05,49,0.006064944361359961,0.006070556165344239
2003-01-17,0.0030023464370388,0.0169756560948338,0.0030023464370388,9.01408412799962e-06,49,0.004978745524086908,0.01199691057074689
2003-01-20,-0.0060335595566175,0.0147029720606891,0.0060335595566175,3.640384092325108e-05,49,0.009846315989454499,0.004856656071234601
2003-01-21,0.0045299456917452,0.0124120233027169,0.0045299456917452,2.0520407970161383e-05,49,0.007431832513221434,0.004980190789495465
2003-01-22,0.0007646066651058,0.0114627602138044,0.0007646066651058,5.846233523242416e-07,49,0.0013851229430981782,0.010077637270706222
2003-01-23,-0.0030635727876108,0.0121600099394473,0.0030635727876108,9.385478224989544e-06,49,0.00507706723546586,0.007082942703981441
2003-01-24,-0.0133255223927818,0.0204340238448567,0.0133255223927818,0.0001775695470405,49,0.021554434422612543,-0.001120410577755842
2003-01-27,-0.0166882262209463,0.0153942384416963,0.0166882262209463,0.0002784968944014,49,0.02695297600815456,-0.01155873756645826
2003-01-28,0.004564537885534,0.0167273069303479,0.004564537885534,2.083500610847536e-05,49,0.007487381172233472,0.009239925758114428
2003-01-29,-0.0054977243487447,0.0143167897407086,0.0054977243487447,3.022497301478104e-05,49,0.008985888686613633,0.005330901054094967
2003-01-30,-0.0042498644302141,0.0110018610499365,0.0042498644302141,1.806134767519919e-05,49,0.006982072183326754,0.004019788866609746
2003-01-31,0.0015319465940467,0.010680833064318,0.0015319465940467,2.3468603670113645e-06,49,0.002617428040212567,0.008063405024105432
2003-02-03,0.0132609160287855,0.0148183424628248,0.0132609160287855,0.0001758518939225,49,0.021450710061141222,-0.006632367598316423
2003-02-04,0.0008842114352211,0.0116699250117723,0.0008842114352211,7.818298621759128e-07,49,0.001577203002000133,0.010092722009772166
2003-02-05,-0.0043643271302597,0.0113943419083516,0.0043643271302597,1.904735129992116e-05,49,0.007165879134414729,0.00422846277393687
2003-02-06,0.0141991253182339,0.0166911110275499,0.0141991253182339,0.0002016151598029,49,0.022956972697050368,-0.0062658616695004665
2003-02-07,-0.00022632542013,0.0112252304969719,0.00022632542013,5.122319579706143e-08,49,0.0005206599381037084,0.010704570558868191
2003-02-10,-0.0091739610703955,0.0124161783154457,0.0091739610703955,8.41615617211337e-05,49,0.014888854223082452,-0.002472675907636751
2003-02-11,-0.0036714112310184,0.0152224826384158,0.0036714112310184,1.3479260427248676e-05,49,0.006053170526953457,0.009169312111462343
2003-02-12,-0.002051321343039,0.0095803123362057,0.002051321343039,4.207919252407496e-06,49,0.003451502185283712,0.006128810150921987
2003-02-13,-0.0008679156450972,0.0017004061618232,0.0008679156450972,7.53277567004602e-07,49,0.0015510327038308063,0.00014937345799239375
2003-02-14,-0.011244993624299,0.0122388084405602,0.011244993624299,0.0001264498816105,49,0.018214102921411155,-0.005975294480850955
2003-02-17,0.0215894162693886,0.0171839078656228,0.0215894162693886,0.0004661028948529,49,0.034820658881087416,-0.017636751015464615
2003-02-18,0.0065358306933328,0.0165056585633449,0.0065358306933328,4.271708285191176e-05,49,0.010652837244766181,0.00585282131857872
2003-02-19,0.0107849347999427,0.0135205061842569,0.0107849347999427,0.000116314818639,49,0.017475446832061547,-0.003954940647804647
2003-02-20,-0.0032549255261508,0.0086581871342979,0.0032549255261508,1.0594540180788328e-05,49,0.0053843544126512734,0.003273832721646627
2003-02-21,-0.0038176692203302,0.012765170451815,0.0038176692203302,1.4574598275856954e-05,49,0.00628803824713226,0.0064771322046827395
2003-02-24,0.0070553248995313,0.0132554033427234,0.0070553248995313,4.97776094379464e-05,49,0.01148700432489052,0.0017683990178328814
2003-02-25,-0.0106732484795245,0.0113362709860593,0.0106732484795245,0.0001139182331056,49,0.017296125547111015,-0.005959854561051716
2003-02-26,-0.0021027419851155,0.0137371731172667,0.0021027419851155,4.421523855967724e-06,49,0.0035340790494245576,0.010203094067842143
2003-02-27,0.0110357030056692,0.0114531048432655,0.0110357030056692,0.0001217867408293,49,0.01787807343478828,-0.00642496859152278
2003-02-28,-0.0014463921716976,0.0158335180523323,0.0014463921716976,2.0920503143482803e-06,49,0.0024800335227379445,0.013353484529594355
2003-03-03,0.001391409995355,0.0136550422399897,0.001391409995355,1.9360217751740327e-06,49,0.0023917357824588645,0.011263306457530835
2003-03-04,-0.0105734490212071,0.0098376035121642,0.0105734490212071,0.000111797824204,49,0.017135889164721287,-0.007298285652557086
2003-03-05,-0.0104518989710527,0.0153381108890099,0.0104518989710527,0.000109242192101,49,0.01694072987503758,-0.001602618986027678
2003-03-06,-0.0067572886831867,0.0099652477620292,0.0067572886831867,4.566095034792318e-05,49,0.011008440088525792,-0.001043192326496592
2003-03-07,-0.0154907722620298,0.0137042712196379,0.0154907722620298,0.000239964025274,49,0.025030612498548484,-0.011326341278910584
2003-03-10,-0.0141035736445961,0.0140896299030159,0.0141035736445961,0.0001989107895485,49,0.02280356931430123,-0.00871393941128533
2003-03-11,0.0085691640969923,0.0133504853581834,0.0085691640969923,7.343057332118329e-05,49,0.013917761758046389,-0.0005672763998629884
2003-03-12,0.0008639958150949,0.015287445188307,0.0008639958150949,7.464887685015107e-07,49,0.001544737633526242,0.01374270755478076
2003-03-13,-0.0065598284514092,0.0121847245347957,0.0065598284514092,4.303134931191816e-05,50,0.010691371374804479,0.001493353159991221
2003-03-14,0.0007261013310223,0.0014231586088038,0.0007261013310223,5.272231429124979e-07,50,0.0013232849354347057,9.987367336909431e-05
2003-03-17,-0.0039534927435471,0.0134580137947199,0.0039534927435471,1.5630104873279746e-05,50,0.0065061490990210285,0.006951864695698872
2003-03-18,0.0013062418906627,0.0025602341056989,0.0013062418906627,1.7062678769221747e-06,50,0.0022549612098021845,0.0003052728958967154
2003-03-19,0.0061005845778522,0.0151143055984474,0.0061005845778522,3.721713219152896e-05,50,0.009953941889196512,0.005160363709250888
2003-03-20,0.0159748895067997,0.0125526574642618,0.0159748895067997,0.0002551970947544,50,0.025807809137713734,-0.013255151673451935
2003-03-21,0.0026774318142226,0.0074908214152853,0.0026774318142226,7.168641119811697e-06,50,0.004456971686515875,0.003033849728769425
2003-03-24,-0.0092139813681259,0.0146286730454886,0.0092139813681259,8.489745265217233e-05,50,0.014953112336763249,-0.0003244392912746478
2003-03-25,0.0006791983002164,0.010229667010553,0.0006791983002164,4.613103310169481e-07,50,0.001247960490606578,0.008981706519946423
2003-03-26,0.0044142327292961,0.0109765365738005,0.0044142327292961,1.9485450588389057e-05,50,0.007246018587143374,0.0037305179866571267
2003-03-27,-0.004448526140365,0.0125671326022544,0.004448526140365,1.9789384821511547e-05,50,0.007301087607594546,0.005266044994659855
2003-03-28,-0.0033107738092765,0.0133263577131543,0.0033107738092765,1.096122321619165e-05,50,0.005474039102547832,0.007852318610606469
2003-03-31,-0.0153971373615904,0.0166389147790519,0.0153971373615904,0.0002370718389316,50,0.024880291003221144,-0.008241376224169244
2003-04-01,0.0066610373337857,0.0098801229690002,0.0066610373337857,4.4369418362087474e-05,49,0.010853886157938766,-0.0009737631889385669
2003-04-02,0.3930162444034139,0.7442792892863629,0.3930162444034139,0.1544617683649639,50,0.6283981132664114,0.11588117601995152
2003-04-03,-0.0083265243111962,0.0379731346368817,0.0083265243111962,6.933100710494293e-05,50,0.013528163192226621,0.02444497144465508
2003-04-04,0.0083656658430759,0.0122203574608701,0.0083656658430759,6.998436499800838e-05,50,0.013591011588669768,-0.0013706541277996673
2003-04-07,0.0168168539587913,0.0154845825182472,0.0168168539587913,0.0002828065770713,50,0.027159468610364657,-0.011674886092117457
2003-04-08,-0.0014254284934616,0.0150532190138727,0.0014254284934616,2.031846389972338e-06,50,0.0024463672549874635,0.012606851758885236
2003-04-09,-0.0073736132346025,0.012605380648277,0.0073736132346025,5.437017213350586e-05,50,0.011998084165023468,0.0006072964832535312
2003-04-10,-0.0078820355082328,0.0189105504166244,0.0078820355082328,6.212648375304354e-05,50,0.01281445661947812,0.00609609379714628
2003-04-11,0.0008007012562587,0.0131824475182062,0.0008007012562587,6.411225017743249e-07,50,0.0014430893439896268,0.011739358174216574
2003-04-14,0.1942789645235384,0.4835710406676746,0.1942789645235384,0.0377443160563383,24,0.31144881938168895,0.17212222128598564
2003-04-15,0.2334973405617964,0.4865061256774206,0.2334973405617964,0.0545210080494315,50,0.3741139053031479,0.11239222037427266
2003-04-16,0.0011491476038364,0.0131798168279212,0.0011491476038364,1.3205402154031233e-06,50,0.0020026770279905617,0.011177139799930638
2003-04-17,-0.0050827966277095,0.0109994036000931,0.0050827966277095,2.583482155865595e-05,50,0.008319603313936852,0.0026798002861562475
2003-04-18,0.0026818123914071,0.005256352287158,0.0026818123914071,7.19211770270498e-06,50,0.004464006393748824,0.0007923458934091764
2003-04-21,0.0065873138390193,0.0192111725534941,0.0065873138390193,4.339270361373537e-05,50,0.010735505699809238,0.008475666853684862
2003-04-22,-0.0013029419114323,0.0106407312140315,0.0013029419114323,1.6976576245671155e-06,50,0.002249661646971151,0.008391069567060348
2003-04-23,-0.0050781200207288,0.0102403265262532,0.0050781200207288,2.578730294492729e-05,50,0.008312093643803108,0.0019282328824500924
2003-04-24,-0.0013418143575789,0.0104437057485375,0.0013418143575789,1.800465770204984e-06,50,0.002312088368341038,0.008131617380196462
2003-04-25,-0.0001271172937989,0.0155355000161795,0.0001271172937989,1.6158806382765514e-08,50,0.00036133355728329815,0.015174166458896202
2003-04-28,0.0057708785337083,0.0191737266076054,0.0057708785337083,3.330303905081578e-05,50,0.009424512439920619,0.00974921416768478
2003-04-29,0.0082566798256594,0.0195480302153811,0.0082566798256594,6.817276174345173e-05,50,0.013416015829219072,0.006132014386162028
2003-04-30,0.0059549709637264,0.0145811318005408,0.0059549709637264,3.54616791788253e-05,50,0.009720121585415006,0.004861010215125793
2003-05-01,0.0036902606942618,0.0072329109607531,0.0036902606942618,1.3618023991613728e-05,50,0.006083439896588567,0.001149471064164533
2003-05-02,0.0043536993962028,0.0151787103428572,0.0043536993962028,1.895469843249716e-05,50,0.00714881288497028,0.00802989745788692
2003-05-05,0.0135984272904372,0.0179322000232638,0.0135984272904372,0.0001849172247733,50,0.021992576600815696,-0.004060376577551896
2003-05-06,0.0060120101899491,0.0151997773330143,0.0060120101899491,3.614426652405285e-05,50,0.009811712905896414,0.005388064427117886
2003-05-07,0.0016666522486542,0.0145760806902117,0.0016666522486542,2.777729717944128e-06,50,0.002833755491420515,0.011742325198791186
2003-05-08,-0.006656162262538,0.0141224770410602,0.006656162262538,4.430449606523562e-05,50,0.010846058087676802,0.003276418953383398
2003-05-09,0.0009179697230736,0.0123386592699094,0.0009179697230736,8.426684124799044e-07,51,0.0016314172455713836,0.010707242024338016
2003-05-12,0.0177894390801117,0.0246302509620857,0.0177894390801117,0.000316464142785,51,0.02872078823865677,-0.00409053727657107
2003-05-13,0.0032615983906463,0.0147299389794455,0.0032615983906463,1.0638024061867111e-05,51,0.00539507012490118,0.00933486885454432
2003-05-14,0.0146128725434434,0.0215899809584145,0.0146128725434434,0.0002135360439709,51,0.023621218947290308,-0.0020312379888758093
2003-05-15,0.0118567220557513,0.0172051767404576,0.0118567220557513,0.0001405818579073,51,0.019196262525526073,-0.001991085785068472
2003-05-16,0.0101027429024746,0.0189476814511661,0.0101027429024746,0.0001020654141535,51,0.016380125989870768,0.002567555461295331
2003-05-19,0.0001346899507473,0.016361033255464,0.0001346899507473,1.814138283232235e-08,51,0.0003734951147991136,0.01598753814066489
2003-05-20,0.0102289028776989,0.0189853217164841,0.0102289028776989,0.0001046304540813,51,0.016582688584346448,0.0024026331321376528
2003-05-21,0.0096838191525598,0.0216251279585523,0.0096838191525598,9.377635337948474e-05,51,0.015707497213944814,0.005917630744607487
2003-05-22,0.0056587840151458,0.0172925936988246,0.0056587840151458,3.202183653007008e-05,51,0.009244514375276383,0.008048079323548217
2003-05-23,0.0115508211277672,0.0160808425313323,0.0115508211277672,0.0001334214687256,51,0.018705125559860095,-0.0026242830285277963
2003-05-26,0.0146758031916252,0.0178346889161634,0.0146758031916252,0.0002153791993193,51,0.023722249741999303,-0.005887560825835903
2003-05-27,-0.0048901567031239,0.015976518210001,0.0048901567031239,2.391363258110772e-05,51,0.008010262478677916,0.007966255731323086
2003-05-28,0.0106342061910705,0.0164740331167415,0.0106342061910705,0.0001130863413142,51,0.017233439930735325,-0.0007594068139938244
2003-05-29,0.0157728843762307,0.0187603488591212,0.0157728843762307,0.0002487838815459,51,0.025483513348971934,-0.006723164489850733
2003-05-30,0.0130495002238744,0.0226650055218078,0.0130495002238744,0.0001702894560928,51,0.021111284658846204,0.001553720862961596
2003-06-02,0.0016845622536712,0.0227345108330151,0.0016845622536712,2.8377499864938547e-06,51,0.0028625176005046354,0.019871993232510467
2003-06-03,0.0009409096091665,0.0187004743587772,0.0009409096091665,8.853108926219226e-07,51,0.00166825761325518,0.017032216745522022
2003-06-04,0.0102499448174075,0.0165002469313245,0.0102499448174075,0.0001050613687599,51,0.016616473486878437,-0.00011622655555393671
2003-06-05,-0.0003640251748576,0.0191742441208934,0.0003640251748576,1.3251432793015598e-07,51,0.0007418025279782613,0.018432441592915138
2003-06-06,0.0064824210321735,0.0124634581468979,0.0064824210321735,4.202178243836561e-05,51,0.010567075203609914,0.0018963829432879862
2003-06-09,0.0135493085008085,0.0204754457532709,0.0135493085008085,0.00018358376085,51,0.021913717787371827,-0.0014382720341009278
2003-06-10,0.0021201908284683,0.0391438984001345,0.0021201908284683,4.495209149121176e-06,51,0.0035621002785123307,0.03558179812162217
2003-06-11,0.006895562967654,0.0121912554861178,0.006895562967654,4.754878864088188e-05,51,0.011230470999450572,0.0009607844866672283
2003-06-12,0.0119770845175771,0.0159283597698131,0.0119770845175771,0.0001434505535411,51,0.01938950860720916,-0.0034611488373960594
2003-06-13,0.0016810010597636,0.0124997926453081,0.0016810010597636,2.8257645629264907e-06,51,0.0028567985942769443,0.009642994051031155
2003-06-16,-0.0036207628655359,0.0147769787188214,0.0036207628655359,1.31099237284441e-05,51,0.005971836892218217,0.008805141826603182
2003-06-17,0.0235212780671901,0.016856851521582,0.0235212780671901,0.000553250521914,51,0.037921547654313964,-0.021064696132731965
2003-06-18,0.0115909340161984,0.0239825358351543,0.0115909340161984,0.0001343497513678,51,0.018769528713131065,0.005213007122023234
2003-06-19,0.0058048510350751,0.0130556144068114,0.0058048510350751,3.3696295539412696e-05,51,0.009479064384064914,0.0035765500227464865
2003-06-20,0.0018054333817684,0.0138202018960404,0.0018054333817684,3.2595896960037168e-06,51,0.0030566271416727466,0.010763574754367653
2003-06-23,-0.0078279796494319,0.0148797207932003,0.0078279796494319,6.127726539192045e-05,51,0.012727659720794515,0.0021520610724057847
2003-06-24,0.0021883751179699,0.0208157049752747,0.0021883751179699,4.788985656949968e-06,51,0.0036715978319922468,0.01714410714328245
2003-06-25,0.0193558294468525,0.0177158144707953,0.0193558294468525,0.0003746481335756,51,0.031235285313445677,-0.013519470842650379
2003-06-26,0.005726448724388,0.0185328570053024,0.005726448724388,3.279221499304501e-05,51,0.009353168422550686,0.009179688582751715
2003-06-27,0.0192353482202092,0.0237245277886426,0.0192353482202092,0.0003699986211527,51,0.03104188237417047,-0.007317354585527867
2003-06-30,0.025262687932441,0.0373451484104746,0.025262687932441,0.0006382034015719,51,0.04071661468498046,-0.003371466274505859
2003-07-01,0.0033178522606121,0.0198694552037155,0.0033178522606121,1.1008143623249189e-05,51,0.005485406116970142,0.014384049086745359
2003-07-02,0.0160182616230297,0.0231609045672595,0.0160182616230297,0.0002565847054238,51,0.02587743783330738,-0.002716533266047882
2003-07-03,0.0073481904288108,0.0238762814463556,0.0073481904288108,5.39959025780668e-05,51,0.01195726256710027,0.011919018879255332
2003-07-04,0.0024503929722662,0.0130524508307412,0.0024503929722662,6.0044257185316216e-06,51,0.004092372206846304,0.008960078623894896
2003-07-07,0.0030936944226667,0.0140945185269697,0.0030936944226667,9.570945180839323e-06,51,0.005125438687883486,0.008969079839086215
2003-07-08,-0.0006584869605304,0.0167247100527309,0.0006584869605304,4.336050771885873e-07,51,0.001214698857270909,0.01551001119545999
2003-07-09,-0.0090202117925346,0.0147574046546099,0.0090202117925346,8.1364220782182e-05,51,0.014641987962291787,0.00011541669231811269
2003-07-10,0.004655554811551,0.0178784865988061,0.004655554811551,2.167419060335603e-05,52,0.007633537287545875,0.010244949311260226
2003-07-11,0.0076430535381857,0.0151179606176478,0.0076430535381857,5.841626738757321e-05,52,0.012430725054621432,0.002687235563026368
2003-07-14,0.0183995100643629,0.017650192993133,0.0183995100643629,0.0003385419706085,52,0.02970013484522095,-0.012049941852087947
2003-07-15,-0.0065146275311936,0.0111423517631675,0.0065146275311936,4.244037187018664e-05,52,0.010618790487480613,0.000523561275686887
2003-07-16,0.0133706403942569,0.0138495240549025,0.0133706403942569,0.0001787740245525,52,0.02162687047256176,-0.0077773464176592606
2003-07-17,-0.0111879444534387,0.0160643090302286,0.0111879444534387,0.0001251701010932,52,0.018122506990631927,-0.0020581979604033275
2003-07-18,-0.0093385906830671,0.0122447639527229,0.0093385906830671,8.720927594586888e-05,52,0.015153189406679864,-0.002908425453956965
2003-07-21,-0.0151560606569922,0.0159769576328751,0.0151560606569922,0.0002297061746384,52,0.024493264859277705,-0.008516307226402606
2003-07-22,-0.0121951069825427,0.0208161385121096,0.0121951069825427,0.0001487206343156,52,0.01973954978707517,0.0010765887250344282
2003-07-23,0.0066123117339814,0.0198952908340096,0.0066123117339814,4.372266646734838e-05,52,0.010775645738958636,0.009119645095050965
2003-07-24,0.0140539885065556,0.0162808555185594,0.0140539885065556,0.0001975145929423,52,0.022723962744354613,-0.006443107225795212
2003-07-25,0.0260550608868068,0.0199168478920051,0.0260550608868068,0.0006788661978152,52,0.04198838249484467,-0.02207153460283957
2003-07-28,0.0196569417476117,0.0221555317851551,0.0196569417476117,0.000386395358869,52,0.031718644544446534,-0.009563112759291434
2003-07-29,0.0050743800924178,0.0132380870536518,0.0050743800924178,2.574933332232641e-05,52,0.008306088086599835,0.004931998967051966
2003-07-30,0.0167322400600241,0.0180796694380913,0.0167322400600241,0.0002799678574262,52,0.027023633717211396,-0.008943964279120097
2003-07-31,-0.0010881286124948,0.020753286146702,0.0010881286124948,1.184023877329895e-06,52,0.0019046838648377575,0.018848602281864243
2003-08-01,0.0094343342054363,0.0194870062416307,0.0094343342054363,8.900666189986586e-05,52,0.015306918150128314,0.004180088091502386
2003-08-04,0.0175790263568392,0.0243832060763338,0.0175790263568392,0.0003090221676544,52,0.028383009528578258,-0.003999803452244457
2003-08-05,-0.0160627520499012,0.0194560602950729,0.0160627520499012,0.0002580120034166,52,0.025948861767240875,-0.006492801472167974
2003-08-06,-0.006266230374676,0.0172613595405891,0.006266230374676,3.926564310851329e-05,52,0.01021992806050587,0.007041431480083231
2003-08-07,0.0232428572217498,0.0149383654002648,0.0232428572217498,0.0005402304118306,52,0.037474654840042906,-0.022536289439778104
2003-08-08,0.0196874211589699,0.0150629927996043,0.0196874211589699,0.0003875945518906,52,0.03176757129670832,-0.01670457849710402
2003-08-11,0.009461890652316,0.0193249164673335,0.009461890652316,8.952737471638596e-05,52,0.01535116356391093,0.00397375290342257
2003-08-12,0.0021659208323565,0.0204609791617432,0.0021659208323565,4.691213052036162e-06,52,0.0036355383815547394,0.01682544078018846
2003-08-13,0.014102988655815,0.0187691779647805,0.014102988655815,0.000198894289026,52,0.022802630143309233,-0.004033452178528733
2003-08-14,0.0044689905802509,0.0204811002590783,0.0044689905802509,1.997187680637203e-05,52,0.007333949778268846,0.013147150480809453
2003-08-15,-0.0007206161774959,0.0013858003413384,0.0007206161774959,5.192876752689354e-07,52,0.0013144759963455257,7.132434499287433e-05
2003-08-18,0.015781536718357,0.0234581828345442,0.015781536718357,0.0002490569011928,52,0.025497403711732983,-0.0020392208771887847
2003-08-19,-0.0103246007314946,0.0159651341298902,0.0103246007314946,0.0001065973802647,52,0.01673634075938095,-0.0007712066294907477
2003-08-20,0.0074057309129761,0.0183856141137056,0.0074057309129761,5.484485035541016e-05,52,0.012049655737011111,0.006335958376694487
2003-08-21,0.0105886690086749,0.0182314633955211,0.0105886690086749,0.0001121199113752,52,0.01716032615282672,0.0010711372426943783
2003-08-22,0.0096125625375782,0.0202452651680598,0.0096125625375782,9.240135853885252e-05,52,0.015593086111493858,0.004652179056565942
2003-08-25,-0.0343939568995465,0.0197126413668717,0.0343939568995465,0.0011829442712078,52,0.055370959071904015,-0.03565831770503232
2003-08-26,0.0377073568404075,0.0180277463372429,0.0377073568404075,0.0014218447598898,52,0.06068769448827833,-0.04265994815103542
2003-08-27,0.01679191086754,0.021836097791937,0.01679191086754,0.0002819682705834,52,0.0271194262557558,-0.0052833284638188
2003-08-28,-0.004075824801836,0.0199554456242427,0.004075824801836,1.6612347815261597e-05,52,0.006702594215563114,0.013252851408679586
2003-08-29,0.0205553553492194,0.0224330434791271,0.0205553553492194,0.0004225226335326,52,0.03316079862913744,-0.010727755150010343
2003-09-01,0.0106000934974331,0.0216322162242544,0.0106000934974331,0.0001123619821543,52,0.017178669138216862,0.004453547086037537
2003-09-02,0.000363738792355,0.0164693330716147,0.000363738792355,1.3230590906390825e-07,52,0.0007413426051166741,0.015727990466498025
2003-09-03,-0.0193591067968764,0.0131260169485421,0.0193591067968764,0.0003747750159728,52,0.031240546284102208,-0.018114529335560108
2003-09-04,0.0042603428322195,0.0216763506241532,0.0042603428322195,1.8150521048044308e-05,52,0.006998898673499293,0.014677451950653906
2003-09-05,0.0244701073496479,0.0211012832789078,0.0244701073496479,0.0005987861537032,52,0.03944448973176269,-0.01834320645285489
2003-09-08,0.0236768266271919,0.024729471798716,0.0236768266271919,0.0005605921191341,52,0.038171217093009316,-0.013441745294293317
2003-09-09,7.565742671542786e-05,0.0267905979981376,7.565742671542786e-05,5.724046217200337e-09,52,0.0002786898332672083,0.026511908164870392
2003-09-10,0.0050946870510428,0.016604488972456,0.0050946870510428,2.595583614806356e-05,52,0.00833869688750995,0.008265792084946051
2003-09-11,0.0061827165909865,0.0161466398789203,0.0061827165909865,3.822598444445985e-05,52,0.010085825714495195,0.006060814164425103
2003-09-12,-0.0184894943567068,0.0121689736756203,0.0184894943567068,0.0003418614015666,52,0.029844585380551982,-0.017675611704931683
2003-09-15,-0.0313745201016379,0.0235518955142503,0.0313745201016379,0.000984360511608,52,0.05052555793549157,-0.026973662421241273
2003-09-16,0.0181487439327838,0.0210360031950205,0.0181487439327838,0.0003293769063377,52,0.029297581829823362,-0.008261578634802862
2003-09-17,-0.0122374684222317,0.0191410470676498,0.0122374684222317,0.0001497556333851,52,0.019807562056285942,-0.0006665149886361417
2003-09-18,-0.032968893585496,0.0166683393194893,0.032968893585496,0.0010869479442517,52,0.05308415085074721,-0.03641581153125791
2003-09-19,0.0079405608683292,0.0170149197998661,0.0079405608683292,6.305250690364122e-05,52,0.01290843002195258,0.00410648977791352
2003-09-22,-0.0066280969121463,0.019339268894489,0.0066280969121463,4.393166867680397e-05,52,0.010800992567735163,0.008538276326753837
2003-09-23,0.0209218213280264,0.0169242671926582,0.0209218213280264,0.0004377226076818,52,0.033749049391421364,-0.016824782198763162
2003-09-24,0.0221438500463038,0.0188939553759992,0.0221438500463038,0.0004903500948731,52,0.03571061153841453,-0.01681665616241533
2003-09-25,-0.0011073270439633,0.0180151979852487,0.0011073270439633,1.2261731822925903e-06,52,0.0019355155111464492,0.01607968247410225
2003-09-26,0.0086930560597867,0.0259994081590004,0.0086930560597867,7.556922365859431e-05,52,0.014116690063459695,0.011882718095540706
2003-09-29,0.0146619767631519,0.0204027229762665,0.0146619767631519,0.0002149735626032,52,0.023700052382140308,-0.0032973294058738084
2003-09-30,0.0127447141748536,0.0158367343798634,0.0127447141748536,0.0001624277393987,52,0.020621951516939133,-0.004785217137075734
2003-10-01,0.0081282493459813,0.0170938561565004,0.0081282493459813,6.606843743044568e-05,52,0.013209798067726578,0.0038840580887738226
2003-10-02,-0.0051169500086502,0.0098402884781735,0.0051169500086502,2.618317739102584e-05,52,0.008374446602648461,0.0014658418755250386
2003-10-03,0.026448998332225,0.0245538468924222,0.026448998332225,0.000699549512778,52,0.04262064778736542,-0.01806680089494322
2003-10-06,0.0212694499253336,0.0204356000973214,0.0212694499253336,0.0004523895001262,52,0.0343070576884921,-0.0138714575911707
2003-10-07,0.0019760420423947,0.0165180960068691,0.0019760420423947,3.904742153311456e-06,52,0.0033306103087760584,0.01318748569809304
2003-10-08,0.0076682930329595,0.0154446579211437,0.0076682930329595,5.880271803933637e-05,52,0.012471252025546381,0.0029734058955973187
2003-10-09,0.0175357433618858,0.01955716386919,0.0175357433618858,0.0003075022952539,52,0.028313526476747473,-0.008756362607557473
2003-10-10,-0.0005681222803091,0.0188157877062872,0.0005681222803091,3.227629253836813e-07,52,0.001069576385218906,0.017746211321068295
2003-10-13,0.0187214401050035,0.0179693173928698,0.0187214401050035,0.0003504923196052,52,0.030216923249918384,-0.012247605857048583
2003-10-14,-0.0170306699628225,0.0225965435344447,0.0170306699628225,0.0002900437193825,52,0.027502716844697857,-0.004906173310253156
2003-10-15,0.0094528784875895,0.0163940982170162,0.0094528784875895,8.935691170113408e-05,52,0.015336693379437133,0.0010574048375790665
2003-10-16,0.0148642485502383,0.0206275551486332,0.0148642485502383,0.0002209458849632,52,0.02402478480527693,-0.0033972296566437306
2003-10-17,0.0054689557152002,0.0184322949982697,0.0054689557152002,2.990947661482145e-05,52,0.008939692611824056,0.009492602386445646
2003-10-20,-0.0182915560223476,0.0201235252589879,0.0182915560223476,0.0003345810217186,52,0.029526837313702283,-0.009403312054714383
2003-10-21,-0.0213147502729016,0.016116963562437,0.0213147502729016,0.0004543185791961,52,0.03437977279963974,-0.018262809237202738
2003-10-22,-0.0045350624780922,0.0159208080185794,0.0045350624780922,2.0566791680200586e-05,52,0.007440049127669506,0.008480758890909894
2003-10-23,0.0631501730275282,0.1528700768656505,0.0631501730275282,0.0039879443534067,52,0.10149973271262262,0.051370344153027866
2003-10-24,0.0131024465008521,0.0206079412561908,0.0131024465008521,0.0001716741043076,52,0.021196289396858126,-0.0005883481406673274
2003-10-27,0.005032989719202,0.027138156731141,0.005032989719202,2.533098551359345e-05,52,0.008239623607540238,0.01889853312360076
2003-10-28,-0.0096998380094084,0.0140289531678222,0.0096998380094084,9.408685740876464e-05,52,0.015733217396939756,-0.0017042642291175553
2003-10-29,0.0092943594895853,0.016929840987394,0.0092943594895853,8.638511832164454e-05,52,0.015082170324620977,0.0018476706627730249
2003-10-30,0.0166198562173938,0.0182311177058084,0.0166198562173938,0.0002762196206868,52,0.026843217933104666,-0.008612100227296266
2003-10-31,0.0277976883427557,0.0218002926158769,0.0277976883427557,0.0007727114772009,52,0.04478523579735833,-0.02298494318148143
2003-11-03,0.0240977126882861,0.0286626104853977,0.0240977126882861,0.0005806997568071,52,0.03884677248688366,-0.01018416200148596
2003-11-04,0.0145783478629605,0.026330605877877,0.0145783478629605,0.0002125282264134,52,0.023565791901248166,0.0027648139766288347
2003-11-05,0.0009334633495558,0.0197732197624576,0.0009334633495558,8.713538249640704e-07,52,0.001656299276127023,0.018116920486330575
2003-11-06,-0.001691443487776,0.0142035472718483,0.001691443487776,2.860981072339872e-06,52,0.0028735683370982082,0.01132997893475009
2003-11-07,-0.0072030391430409,0.0159394191851703,0.0072030391430409,5.188377289618017e-05,52,0.011724191542269901,0.004215227642900398
2003-11-10,0.0036355854427474,0.0133235214379584,0.0036355854427474,1.3217481511517162e-05,52,0.005995639725358466,0.007327881712599934
2003-11-11,0.0132518507162425,0.0182536494991966,0.0132518507162425,0.0001756115474055,52,0.021436155851343345,-0.003182506352146744
2003-11-12,0.0013823247479094,0.0152770707876998,0.0013823247479094,1.910821708682883e-06,52,0.002377145464623159,0.012899925323076641
2003-11-13,-0.0123937169679409,0.0160107713770932,0.0123937169679409,0.0001536042202814,52,0.020058422112617914,-0.004047650735524714
2003-11-14,-0.0206422860088822,0.0134065220434601,0.0206422860088822,0.0004261039716724,52,0.03330034008503568,-0.019893818041575577
2003-11-17,0.0195465909329864,0.0202945911005178,0.0195465909329864,0.0003820692171015,52,0.031541504772405526,-0.011246913671887727
2003-11-18,-0.0057138345582947,0.0154353539844048,0.0057138345582947,3.264790535956367e-05,52,0.009332912970033224,0.006102441014371575
2003-11-19,-0.0180035883355491,0.0161116561463135,0.0180035883355491,0.0003241291929559,52,0.029064563530426954,-0.012952907384113452
2003-11-20,-0.00952452995333,0.0126950220120695,0.00952452995333,9.071667083188088e-05,52,0.01545173889725447,-0.00275671688518497
2003-11-21,0.0031917080428298,0.0128573481222078,0.0031917080428298,1.0187000230664725e-05,52,0.005282835653840925,0.007574512468366876
2003-11-24,0.0092279148526268,0.0127144072653973,0.0092279148526268,8.515441252733042e-05,52,0.014975484455649614,-0.002261077190252314
2003-11-25,0.0156269857660762,0.0145384905220461,0.0156269857660762,0.0002442026841331,52,0.02524928910040851,-0.010710798578362409
2003-11-26,0.1331689360425102,0.33580954429352,0.1331689360425102,0.0177339655266941,52,0.2136875204157607,0.1221220238777593
2003-11-27,0.3076954584268873,0.606403814507062,0.3076954584268873,0.0946764951365323,52,0.4925112872768761,0.11389252723018595
2003-11-28,0.0102992465895316,0.0118341725111682,0.0102992465895316,0.0001060744803119,52,0.01669563226219573,-0.004861459751027529
2003-12-01,0.0278441704421498,0.0190122917326208,0.0278441704421498,0.0007752978276114,52,0.04485983628404536,-0.025847544551424555
2003-12-02,0.0084397294919525,0.0190220737548191,0.0084397294919525,7.122903389733347e-05,52,0.013709933232765278,0.005312140522053822
2003-12-03,0.0124334701788418,0.020429779745321,0.0124334701788418,0.0001545911806881,52,0.020122246511883723,0.00030753323343727865
2003-12-04,0.0051615240086337,0.0191200082233499,0.0051615240086337,2.664133009170245e-05,52,0.008446023190465503,0.010673985032884395
2003-12-05,-0.0089695763790416,0.0193832243924644,0.0089695763790416,8.045330041946159e-05,52,0.014560685431079957,0.004822538961384442
2003-12-08,0.0076485236395738,0.0176849988465183,0.0076485236395738,5.849991386512018e-05,52,0.012439508379875036,0.005245490466643264
2003-12-09,0.0185496632964402,0.0167914984840884,0.0185496632964402,0.0003440900084113,52,0.029941173572367873,-0.013149675088279474
2003-12-10,0.0021113946029835,0.0149115206696308,0.0021113946029835,4.457987169508187e-06,52,0.0035479743551390837,0.011363546314491716
2003-12-11,0.0043144004040404,0.0157605873369482,0.0043144004040404,1.8614050846384345e-05,52,0.0070857056603961825,0.008674881676552018
2003-12-12,0.003529661904628,0.0143542900102612,0.003529661904628,1.2458513160982611e-05,52,0.00582554224578367,0.00852874776447753
2003-12-15,0.0111245677658856,0.0168091243909039,0.0111245677658856,0.0001237560079777,52,0.018020751699860973,-0.0012116273089570716
2003-12-16,0.001190136988171,0.0136191220458458,0.001190136988171,1.4164260506127842e-06,52,0.002068503658106037,0.011550618387739763
2003-12-17,0.0078265217934875,0.0155707873467091,0.0078265217934875,6.125444338393603e-05,52,0.012725318855979266,0.002845468490729834
2003-12-18,0.0152129455244407,0.0195267268760661,0.0152129455244407,0.0002314337115296,52,0.02458458840290263,-0.0050578615268365296
2003-12-19,0.0106034432352315,0.0200515128816943,0.0106034432352315,0.0001124330084427,52,0.017184047425336885,0.0028674654563574167
2003-12-22,0.0077439313945961,0.0173382055893329,0.0077439313945961,5.996847344421213e-05,52,0.012592704140445379,0.004745501448887522
2003-12-23,-0.0028874418696224,0.0131961537174388,0.0028874418696224,8.337320550448835e-06,52,0.0047942230565495665,0.008401930660889234
2003-12-24,0.0058755903634253,0.0141640117134788,0.0058755903634253,3.4522562118776384e-05,52,0.009592655169158752,0.004571356544320048
2003-12-25,0.1351411019397978,0.3356545276998176,0.1351411019397978,0.0182631174335028,52,0.21684472864131624,0.11880979905850134
2003-12-26,0.2992121243109577,0.5821571656185488,0.2992121243109577,0.089527895334676,52,0.47898509964655633,0.10317206597199247
2003-12-29,0.0206412341908092,0.0175893612459381,0.0206412341908092,0.0004260605489198,52,0.033298651704015254,-0.015709290458077153
2003-12-30,-0.0032908543068579,0.0192074993919937,0.0032908543068579,1.0829722068965449e-05,52,0.005442051124816737,0.013765448267176964
2003-12-31,0.0044615630821527,0.0180927475650566,0.0044615630821527,1.9905545136028003e-05,52,0.007322022568247466,0.010770724996809136
2004-01-01,0.0171896807943565,0.0149495625645861,0.0171896807943565,0.0002954851258118,52,0.02775798279765856,-0.012808420233072462
2004-01-02,0.023317172101818,0.0200930818878053,0.023317172101818,0.0005436905148258,52,0.03759393781320396,-0.017500855925398663
2004-01-05,-0.0023332468578209,0.019147155194445,0.0023332468578209,5.444040899531103e-06,52,0.003904247628037553,0.015242907566407449
2004-01-06,-0.0169163709533136,0.017505810912942,0.0169163709533136,0.0002861636062301,52,0.027319227834551145,-0.009813416921609145
2004-01-07,-0.0035039146973958,0.0197616498621428,0.0035039146973958,1.227741820662692e-05,52,0.005784195988235009,0.01397745387390779
2004-01-08,0.0311955009955739,0.0220496267161391,0.0311955009955739,0.0009731592823648,52,0.050238268507915206,-0.028188641791776107
2004-01-09,0.0121282195249222,0.022003096245747,0.0121282195249222,0.0001470937088447,52,0.019632160290952362,0.002370935954794637
2004-01-12,-0.0138770817966966,0.0203498469548292,0.0138770817966966,0.0001925733991922,52,0.02243994671204694,-0.0020900997572177414
2004-01-13,0.0078359859684036,0.0188398352426465,0.0078359859684036,6.140267609701871e-05,52,0.012740515386233234,0.006099319856413266
2004-01-14,0.0123553415277371,0.0188396034441059,0.0123553415277371,0.000152654464267,52,0.01999680968862887,-0.0011572062445229687
2004-01-15,-0.0164897048108571,0.0160796535239168,0.0164897048108571,0.0002719103647492,52,0.026634278329334158,-0.010554624805417356
2004-01-16,-0.0271340234670716,0.0172085852743784,0.0271340234670716,0.0007362552295115,52,0.04372009157807958,-0.02651150630370118
2004-01-19,0.0156474437863142,0.0176993949388515,0.0156474437863142,0.0002448424970458,52,0.02528213226138806,-0.007582737322536559
2004-01-20,-0.0165607601582466,0.0184923828883791,0.0165607601582466,0.0002742587770189,52,0.026748347680722977,-0.008255964792343876
2004-01-21,-0.0471058437595885,0.0260113103097971,0.0471058437595885,0.0022189605163027,52,0.07576638662690481,-0.04975507631710771
2004-01-22,-0.0235357688828215,0.0194251952199398,0.0235357688828215,0.0005539324169055,52,0.03794480675650911,-0.01851961153656931
2004-01-23,0.0443771879483919,0.0311925082669606,0.0443771879483919,0.0019693348102069,52,0.07138894722257111,-0.04019643895561051
2004-01-26,0.0,0.0,0.0,0.0,52,0.0001571850322937213,-0.0001571850322937213
2004-01-27,0.0305851981004519,0.0200348641047723,0.0305851981004519,0.0009354543428438,52,0.049258846736755214,-0.029223982631982913
2004-01-28,-0.0178189566116316,0.0200820576604512,0.0178189566116316,0.0003175152147272,52,0.02876817304133497,-0.00868611538088377
2004-01-29,-0.0008893974353311,0.0153899630391805,0.0008893974353311,7.91027797973579e-07,52,0.001585531480313693,0.013804431558866808
2004-01-30,-0.0245231249482351,0.0224280667768853,0.0245231249482351,0.0006013836572267,52,0.03952958593873218,-0.017101519161846882
2004-02-02,0.0,0.0,0.0,0.0,52,0.0001571850322937213,-0.0001571850322937213
2004-02-03,-0.0309959583081364,0.0295171712361649,0.0309959583081364,0.0009607494314397,52,0.049918041449671234,-0.020400870213506336
2004-02-04,0.0266593703159351,0.0257216930265253,0.0266593703159351,0.0007107220256421,52,0.04295829010253314,-0.017236597076007838
2004-02-05,-0.0064486503523721,0.016069996452168,0.0064486503523721,4.1585091367149085e-05,52,0.010512848208727566,0.005557148243440434
2004-02-06,0.0169358193202542,0.0213369309892075,0.0169358193202542,0.0002868219760482,52,0.027350449151562158,-0.0060135181623546564
2004-02-09,0.0229227001578092,0.0165910844816378,0.0229227001578092,0.0005254501825248,52,0.036960767648489594,-0.020369683166851792
2004-02-10,-0.0024600208978768,0.013152356909616,0.0024600208978768,6.051702817990993e-06,52,0.004107833639253201,0.009044523270362799
2004-02-11,0.0102093622329525,0.0165306136844387,0.0102093622329525,0.0001042310772036,52,0.016551314143361164,-2.07004589224645e-05
2004-02-12,-0.000171588742833,0.0150776842222238,0.000171588742833,2.9442696667026323e-08,52,0.0004327539124550988,0.0146449303097687
2004-02-13,0.0151549341230784,0.0162586613562597,0.0151549341230784,0.0002296720282748,52,0.024491456309054128,-0.008232794952794428
2004-02-16,0.007585055394163,0.0175207144816095,0.007585055394163,5.753306533252188e-05,52,0.012337597540163562,0.005183116941445937
2004-02-17,0.0061752973356156,0.0130638158846312,0.0061752973356156,3.813429718326183e-05,52,0.01007391222454451,0.002989903660086689
2004-02-18,-0.0006636848438016,0.0132532510660568,0.0006636848438016,4.404775718920714e-07,52,0.001223046464035151,0.012030204602021649
2004-02-19,-0.0245740371684443,0.0153491676202444,0.0245740371684443,0.000603883302756,52,0.0396113027951528,-0.024262135174908397
2004-02-20,0.0002961476897882,0.0121881170889229,0.0002961476897882,8.770345416691866e-08,52,0.0006327929625128136,0.011555324126410086
2004-02-23,-0.0294201959356174,0.0165816910929436,0.0294201959356174,0.0008655479288901,52,0.04738919724773174,-0.03080750615478814
2004-02-24,0.0061827625884173,0.0174300691181523,0.0061827625884173,3.822655322473303e-05,52,0.010085899574991125,0.007344169543161175
2004-02-25,-0.0174581324784644,0.01714000684253,0.0174581324784644,0.0003047863896356,52,0.0281889360049738,-0.0110489291624438
2004-02-26,-0.0071714110303653,0.0143220952628388,0.0071714110303653,5.142913616644606e-05,52,0.011673405825598488,0.002648689437240311
2004-02-27,0.015190580133809,0.0171763512535413,0.015190580133809,0.0002307537248016,52,0.02454868279244428,-0.007372331538902981
2004-03-01,0.0191486684470446,0.0215205612319197,0.0191486684470446,0.0003666715032948,52,0.030902739002801275,-0.009382177770881576
2004-03-02,0.0,0.0,0.0,0.0,52,0.0001571850322937213,-0.0001571850322937213
2004-03-03,0.0057822210468067,0.015914770004721,0.0057822210468067,3.3434080234135307e-05,52,0.009442725885560237,0.006472044119160763
2004-03-04,-0.0082075199526615,0.0168577031872581,0.0082075199526615,6.736338377333754e-05,52,0.013337081066463809,0.0035206221207942905
2004-03-05,0.0132739229144055,0.0186566458753767,0.0132739229144055,0.0001761970295375,52,0.021471592396054975,-0.0028149465206782735
2004-03-08,0.0168243029144016,0.0199939355814142,0.0168243029144016,0.0002830571685555,52,0.02717142677563442,-0.007177491194220221
2004-03-09,-0.006835355252841,0.0125414551368269,0.006835355252841,4.672208143254107e-05,52,0.011133793866370843,0.0014076612704560579
2004-03-10,-0.0131666834240999,0.0117842098541702,0.0131666834240999,0.0001733615523904,52,0.02129942101557102,-0.009515211161400819
2004-03-11,-0.0185836832171721,0.015719757104247,0.0185836832171721,0.0003453532819162,52,0.029995785120719393,-0.014276028016472393
2004-03-12,-0.0003318499050966,0.0114860873682391,0.0003318499050966,1.1012435951265293e-07,52,0.0006901298608415348,0.010795957507397565
2004-03-15,-0.0297582149553579,0.0151458535667212,0.0297582149553579,0.0008855513573292,52,0.04793167116047632,-0.03278581759375512
2004-03-16,-0.0138019299406964,0.0188580535620782,0.0138019299406964,0.0001904932700878,52,0.022319293313835413,-0.0034612397517572134
2004-03-17,0.0052306136974506,0.0154812495799724,0.0052306136974506,2.7359319651958623e-05,52,0.008556966734274364,0.006924282845698036
2004-03-18,-0.0150924396130927,0.0146081058568738,0.0150924396130927,0.0002277817334748,52,0.02439112684375397,-0.009783020986880168
2004-03-19,0.0031352919759908,0.012612111461013,0.0031352919759908,9.830055774712296e-06,52,0.005192238924924589,0.007419872536088412
2004-03-22,-0.0203180238671337,0.0217867169739769,0.0203180238671337,0.0004128220938654,52,0.03277983168449947,-0.010993114710522573
2004-03-23,-0.0004053843087196,0.0141008433839685,0.0004053843087196,1.6433643775612764e-07,52,0.0008082241900636219,0.013292619193904877
2004-03-24,0.0017945644276363,0.0145959951454594,0.0017945644276363,3.2204614849377607e-06,52,0.003039172477489433,0.011556822667969967
2004-03-25,0.0298689713545081,0.049391314351724,0.0298689713545081,0.0008921554497764,52,0.04810941896188384,0.0012818953898401653
2004-03-26,0.0231986969122745,0.0190701220846199,0.0231986969122745,0.0005381795384275,52,0.03740377293319517,-0.01833365084857527
2004-03-29,0.0078163635851669,0.0142402024229162,0.0078163635851669,6.109553969552412e-05,53,0.012709007919492374,0.0015311945034238265
2004-03-30,-4.021322034981245e-07,0.0132811268824173,4.021322034981245e-07,1.6171030909025709e-13,53,0.0001578308517331097,0.01312329603068419
2004-03-31,0.0105047185212406,0.0168543106730987,0.0105047185212406,0.0001103491112104,53,0.017025536374725286,-0.00017122570162658723
2004-04-01,0.0240925116921042,0.0151997304233716,0.0240925116921042,0.0005804491196341,53,0.03883842451806577,-0.023638694094694167
2004-04-02,0.0141261488895878,0.0193534897848848,0.0141261488895878,0.0001995480824508,53,0.02283981276050051,-0.0034863229756157098
2004-04-05,0.0077581456938581,0.0190223022678628,0.0077581456938581,6.018882460713015e-05,53,0.012615527940856552,0.006406774327006247
2004-04-06,-0.005411330888824,0.0151425564461392,0.005411330888824,2.928250198834088e-05,53,0.008847159766651938,0.006295396679487262
2004-04-07,0.001529691942994,0.0130524629430828,0.001529691942994,2.339957440461047e-06,53,0.002613807229279802,0.010438655713802997
2004-04-08,0.0089099956951305,0.0145022178732777,0.0089099956951305,7.938802328724414e-05,54,0.014465019840446219,3.719803283148103e-05
2004-04-09,0.0,0.0,0.0,0.0,54,0.0001571850322937213,-0.0001571850322937213
2004-04-12,0.0047193183742725,0.0182890837106112,0.0047193183742725,2.227196591774683e-05,54,0.0077359294243201475,0.010553154286291052
2004-04-13,0.0118312543282632,0.0139889873625627,0.0118312543282632,0.00013997857898,54,0.019155373140449652,-0.005166385777886952
2004-04-14,0.0,0.0,0.0,0.0,54,0.0001571850322937213,-0.0001571850322937213
2004-04-15,0.0033775185976723,0.0200308435813802,0.0033775185976723,1.140763187762267e-05,54,0.005581221931118679,0.014449621650261521
2004-04-16,0.0044683149684561,0.009720222202014,0.0044683149684561,1.996583865732949e-05,54,0.007332864868785409,0.002387357333228591
2004-04-19,-0.0108221644417518,0.0217507593969693,0.0108221644417518,0.0001171192432043,54,0.017535221882427305,0.004215537514541994
2004-04-20,0.0021290799589626,0.0117386739022,0.0021290799589626,4.532981471656289e-06,54,0.003576375395734829,0.00816229850646517
2004-04-21,0.0170937101258013,0.0137922474975028,0.0170937101258013,0.0002921949258649,54,0.027603917658649998,-0.013811670161147198
2004-04-22,0.015550408714174,0.0174877377654592,0.015550408714174,0.0002418152111778,54,0.02512635270159851,-0.00763861493613931
2004-04-23,8.397407178592755e-05,0.0135859520068246,8.397407178592755e-05,7.051644732308113e-09,54,0.0002920462391452688,0.013293905767679332
2004-04-26,0.3350108595860024,0.6939472579536944,0.3350108595860024,0.1122322760405522,24,0.536045518928227,0.15790173902546734
2004-04-27,0.1510558772235498,0.4354388315028348,0.1510558772235498,0.0228178780437761,54,0.24231701753701132,0.19312181396582348
2004-04-28,0.0018030172631011,0.013748137419315,0.0018030172631011,3.250871251040901e-06,54,0.003052747050246338,0.010695390369068662
2004-04-29,0.0008473677796087,0.016881357373489,0.0008473677796087,7.180321539191316e-07,54,0.0015180337515137753,0.015363323621975225
2004-04-30,-0.0036447884291747,0.0172459161486675,0.0036447884291747,1.3284482693446304e-05,54,0.006010418335369961,0.011235497813297537
2004-05-03,-0.0228844161267468,0.0193032917888677,0.0228844161267468,0.0005236965014621,54,0.03689931731989459,-0.01759602553102689
2004-05-04,0.0178580195094983,0.0157550846113068,0.0178580195094983,0.0003189088608016,54,0.028830881069677614,-0.013075796458370814
2004-05-05,0.0074669286726288,0.0123094098557398,0.0074669286726288,5.57550238021268e-05,54,0.012147921282282747,0.00016148857345705397
2004-05-06,0.0153976534674272,0.0155655206516088,0.0153976534674272,0.0002370877323029,54,0.024881119560589995,-0.009315598908981195
2004-05-07,-0.0096094649772641,0.0128370630675781,0.0096094649772641,9.234181714926704e-05,54,0.015588112599873347,-0.0027510495322952463
2004-05-10,-0.0217675904575301,0.0158387832657707,0.0217675904575301,0.0004738279943267,54,0.03510665750867841,-0.019267874242907712
2004-05-11,0.027415702810485,0.1419909194823063,0.027415702810485,0.0007516207605928,54,0.04417217288260215,0.09781874659970416
2004-05-12,-0.0051929184350439,0.0343661378744074,0.0051929184350439,2.6966401873019216e-05,54,0.008496436074599675,0.025869701799807722
2004-05-13,-0.0005829224213739,0.0194097421420964,0.0005829224213739,3.397985493404624e-07,54,0.001093344908222649,0.018316397233873752
2004-05-14,-0.0749465262881854,0.0416515813772848,0.0749465262881854,0.0056169818026656,54,0.12041354310460876,-0.07876196172732397
2004-05-17,-0.0944942980619044,0.040431630354625,0.0944942980619044,0.008929172366212,54,0.151744018267603,-0.11131238791297801
2004-05-18,0.0703137732923212,0.0381097537916418,0.0703137732923212,0.0049440267146039,54,0.1129861998931228,-0.074876446101481
2004-05-19,0.0372040388911658,0.0424537808126365,0.0372040388911658,0.0013841405098153,54,0.05988008922976088,-0.017426308417124378
2004-05-20,0.0002635569034318,0.0221860849029147,0.0002635569034318,6.946224134657579e-08,54,0.0005804529018389195,0.02160563200107578
2004-05-21,0.004595148232593,0.018404211450497,0.004595148232593,2.1115387279502698e-05,54,0.007536535684606784,0.010867675765890216
2004-05-24,0.0267107985556456,0.0240194038315442,0.0267107985556456,0.0007134667594802,54,0.04304083101759227,-0.01902142718604807
2004-05-25,-0.0093651250142224,0.0177681953535533,0.0093651250142224,8.770556653201576e-05,54,0.015195793779598395,0.002572401573954903
2004-05-26,0.003121919998644,0.0157778657504113,0.003121919998644,9.74638447793354e-06,54,0.005170765283173538,0.010607100467237764
2004-05-27,-0.0074996822573552,0.0144490415699084,0.0074996822573552,5.624523396128978e-05,54,0.012200513816690926,0.002248527753217473
2004-05-28,-0.0413358879542549,0.023364069798976,0.0413358879542549,0.0017086556329667,54,0.06650961532670024,-0.04314554552772425
2004-05-31,-0.0309636732113285,0.027440614305244,0.0309636732113285,0.0009587490587379,54,0.04986623002966847,-0.022425615724424468
2004-06-01,0.0227928501409828,0.0201117305254942,0.0227928501409828,0.0005195140175493,54,0.03675234302234856,-0.01664061249685436
2004-06-02,0.0099454769448304,0.019708740423882,0.0099454769448304,9.891251166015388e-05,54,0.016127618747996793,0.0035811216758852085
2004-06-03,-0.0220357760854388,0.0172157123756247,0.0220357760854388,0.0004855754276875,54,0.03553713689840008,-0.01832142452277538
2004-06-04,0.0109329318341468,0.0169001141524584,0.0109329318341468,0.0001195289984901,54,0.017713067129581702,-0.0008129529771233011
2004-06-07,0.006998925099408,0.0131129087020134,0.006998925099408,4.898495254712372e-05,54,0.011396442008872508,0.0017164666931408917
2004-06-08,0.0033027442623366,0.0124250622573955,0.0033027442623366,1.090811966239753e-05,54,0.005461144757742967,0.006963917499652533
2004-06-09,0.0066138473898326,0.014802286930851,0.0066138473898326,4.374297729599652e-05,54,0.010778111597252059,0.0040241753335989415
2004-06-10,-0.0013736389545198,0.0146269251040765,0.0013736389545198,1.8868839773744528e-06,54,0.002363196641143552,0.012263728462932947
2004-06-11,-0.0179923166565948,0.0131412164655207,0.0179923166565948,0.0003237234586711,54,0.02904646906917205,-0.015905252603651346
2004-06-14,-0.0199020501912626,0.0192265568138654,0.0199020501912626,0.0003960916018155,54,0.03211210127679129,-0.012885544462925887
2004-06-15,0.0103955292731804,0.0164154937289284,0.0103955292731804,0.0001080670288695,54,0.016850223179456773,-0.0004347294505283733
2004-06-16,-0.0052986454468924,0.01347578054839,0.0052986454468924,2.8075643571873607e-05,54,0.008666211271961863,0.004809569276428137
2004-06-17,0.0067190812589103,0.0153363456332621,0.0067190812589103,4.514605296384036e-05,54,0.01094708922357089,0.004389256409691211
2004-06-18,-0.0095913170751153,0.0113393902695337,0.0095913170751153,9.199336323540004e-05,54,0.01555897391788103,-0.00421958364834733
2004-06-21,-0.0085609683245898,0.0135348113761327,0.0085609683245898,7.329017865463142e-05,54,0.013904602117741685,-0.00036979074160898434
2004-06-22,-0.0045833310839238,0.0118241471570036,0.0045833310839238,2.1006923824862456e-05,54,0.007517559550489899,0.0043065876065137
2004-06-23,-0.0130923723670662,0.0206220982448242,0.0130923723670662,0.0001714102141979,54,0.02118011548025753,-0.00055801723543333
2004-06-24,0.0076303387809426,0.0182607693515638,0.0076303387809426,5.82220699119576e-05,54,0.012410309002975649,0.00585046034858815
2004-06-25,0.0190578438365613,0.0203897019222757,0.0190578438365613,0.0003632014116987,54,0.030756941792812156,-0.010367239870536456
2004-06-28,0.0335270451967539,0.0289220691555046,0.0335270451967539,0.0011240627596251,54,0.05397982951861307,-0.02505776036310847
2004-06-29,0.008450305149807,0.0163497108820676,0.008450305149807,7.140765712485556e-05,54,0.013726914213008017,0.002622796669059582
2004-06-30,0.0010186314836264,0.0148037946999537,0.0010186314836264,1.0376100994350077e-06,54,0.0017930751039082493,0.01301071959604545
2004-07-01,0.0134245435955635,0.0128843767043116,0.0134245435955635,0.0001802183707491,54,0.021713410883780912,-0.008829034179469312
2004-07-02,0.0003189065915196,0.0131673373887222,0.0003189065915196,1.0170141411465589e-07,54,0.0006693432164240655,0.012497994172298134
2004-07-05,-0.0050725645402711,0.0158400430744023,0.0050725645402711,2.573091101521657e-05,54,0.00830317268232375,0.007536870392078548
2004-07-06,0.014200862221598,0.0129701287439466,0.014200862221598,0.0002016644878368,54,0.022959761204402015,-0.009989632460455415
2004-07-07,0.0051091644495484,0.0136822091246621,0.0051091644495484,2.6103561372529697e-05,54,0.00836194460371126,0.005320264520950841
2004-07-08,-0.0281677738636585,0.0276023196525913,0.0281677738636585,0.0007934234844342,54,0.04537919464251586,-0.017776874989924557
2004-07-09,0.0238639652257026,0.0247196972387597,0.0238639652257026,0.0005694888362935,54,0.03847159016674772,-0.013751892927988021
2004-07-12,0.007327391991667,0.0174724385896751,0.007327391991667,5.369067339954687e-05,54,0.011923866335763778,0.005548572253911322
2004-07-13,-0.0123074455129555,0.0160808706737317,0.0123074455129555,0.0001514732150543,54,0.01991991174111409,-0.0038390410673823892
2004-07-14,-0.0073754396417883,0.0137264217974801,0.0073754396417883,5.439710990966376e-05,54,0.012001016840367184,0.0017254049571129165
2004-07-15,0.0157014307975522,0.0169687794158965,0.0157014307975522,0.0002465349290903,54,0.02536880255089404,-0.00840002313499754
2004-07-16,0.0171554462068303,0.0146086513830146,0.0171554462068303,0.0002943093345554,54,0.027703024832825034,-0.013094373449810435
2004-07-19,0.0061232498217925,0.0133138195725888,0.0061232498217925,3.7494188380081984e-05,54,0.009990336725558064,0.0033234828470307363
2004-07-20,-0.0032620928785614,0.0113437722733754,0.0032620928785614,1.0641249948361086e-05,54,0.005395864205129085,0.005947908068246316
2004-07-21,0.0068940393514685,0.0142233950154691,0.0068940393514685,4.752777857959682e-05,54,0.011228024490016081,0.0029953705254530186
2004-07-22,0.0043962631942302,0.0160889941455726,0.0043962631942302,1.9327130072943484e-05,54,0.007217162743531626,0.008871831402040975
2004-07-23,0.0052849066328388,0.0156681704496591,0.0052849066328388,2.7930238117824536e-05,54,0.008644149669304192,0.007024020780354908
2004-07-26,0.0088971774067389,0.0130174000087692,0.0088971774067389,7.915976580698657e-05,54,0.014444438166969905,-0.0014270381582007045
2004-07-27,-0.0078333370350905,0.0153267300607355,0.0078333370350905,6.136116910532088e-05,54,0.012736262021059847,0.0025904680396756537
2004-07-28,-0.0066564776781404,0.0156303532120734,0.0066564776781404,4.4308695079581535e-05,54,0.010846564561429744,0.004783788650643656
2004-07-29,0.011554860308602,0.0177010770141897,0.011554860308602,0.0001335147967513,54,0.01871161065988042,-0.0010105336456907206
2004-07-30,0.009705831005242,0.0164325760932028,0.009705831005242,9.42031555023179e-05,54,0.01574283986318597,0.0006897362300168318
2004-08-02,0.0060037715045,0.0146692874533124,0.0060037715045,3.6045272278246734e-05,54,0.00979848356018075,0.00487080389313165
2004-08-03,0.0046828515477651,0.0170287478767394,0.0046828515477651,2.1929098618406487e-05,54,0.007677370665671033,0.009351377211068367
2004-08-04,-0.0013963786117658,0.0139227874556356,0.0013963786117658,1.949873227396999e-06,54,0.0023997150566616573,0.011523072398973943
2004-08-05,0.0153003383334591,0.0134808818422481,0.0153003383334591,0.0002341003531183,54,0.024724889465738472,-0.011244007623490372
2004-08-06,-0.0072388530844045,0.014647460639081,0.0072388530844045,5.240099397759313e-05,54,0.011781698458486083,0.0028657621805949166
2004-08-09,0.0092815263006181,0.0154974076395149,0.0092815263006181,8.614673046906616e-05,54,0.015061564913715485,0.0004358427257994159
2004-08-10,0.0045348255039086,0.0106246581416427,0.0045348255039086,2.056464235090061e-05,54,0.007439668590891892,0.003184989550750808
2004-08-11,-0.0165711400878761,0.0152678862839266,0.0165711400878761,0.000274602683812,54,0.026765011179547514,-0.011497124895620913
2004-08-12,-0.0073034841955201,0.0126689091970068,0.0073034841955201,5.334088139421295e-05,54,0.0118854773593115,0.0007834318376953014
2004-08-13,-0.0011137220995125,0.012629785806918,0.0011137220995125,1.240376914942539e-06,54,0.0019457856226065772,0.010684000184311423
2004-08-16,-0.0029756234863468,0.0132358276841599,0.0029756234863468,8.854335132498838e-06,54,0.004935831828300305,0.008299995855859594
2004-08-17,0.0087402912483587,0.0136545737009902,0.0087402912483587,7.639269110613655e-05,54,0.014192533538335803,-0.0005379598373456036
2004-08-18,-0.0105405383987199,0.0134587720017355,0.0105405383987199,0.0001111029497348,54,0.01708304832299314,-0.0036242763212576395
2004-08-19,0.0156758464405171,0.0135963392465198,0.0156758464405171,0.0002457321616266,54,0.025327729655137986,-0.011731390408618186
2004-08-20,-0.0099998922761928,0.010819048147078,0.0099998922761928,9.9997845535462e-05,54,0.016214988463525357,-0.005395940316447356
2004-08-23,-0.0087733580203895,0.0137165776806562,0.0087733580203895,7.697181095393361e-05,54,0.014245627356388771,-0.0005290496757325708
2004-08-24,-0.0041538200738074,0.030250364987099,0.0041538200738074,1.7254221205565497e-05,54,0.006827841465918362,0.02342252352118064
2004-08-25,0.0065377404949226,0.0141744955875262,0.0065377404949226,4.274205077895109e-05,54,0.010655903887984767,0.003518591699541433
2004-08-26,0.0110131110962558,0.0153294510364794,0.0110131110962558,0.0001212886160184,54,0.017841800578273736,-0.0025123495417943356
2004-08-27,-0.0021493979772815,0.012330669903428,0.0021493979772815,4.619911664741884e-06,54,0.0036090042330622586,0.008721665670365742
2004-08-30,0.0181322216365142,0.0133967314110733,0.0181322216365142,0.0003287774614756,54,0.02927105862587225,-0.01587432721479895
2004-08-31,0.0017516526810774,0.0080108597949408,0.0017516526810774,3.0682871151259287e-06,54,0.0029702596277544294,0.00504060016718637
2004-09-01,0.0054113675382297,0.0123270876039112,0.0054113675382297,2.92828986338062e-05,54,0.008847218617607507,0.003479868986303692
2004-09-02,-0.001019004488454,0.0102716157083223,0.001019004488454,1.0383701474895231e-06,54,0.001793674130679497,0.008477941577642803
2004-09-03,0.0054600581725549,0.0113660306503467,0.0054600581725549,2.981223524768373e-05,54,0.008925405116094973,0.0024406255342517263
2004-09-06,0.008670875546712,0.0115907188624753,0.008670875546712,7.518408274656918e-05,54,0.014081075755133784,-0.0024903568926584845
2004-09-07,0.005712511431153,0.0125892596145839,0.005712511431153,3.2632786851054394e-05,54,0.009330788331494285,0.003258471283089615
2004-09-08,0.0071169147550129,0.0110553290474262,0.0071169147550129,5.065047563012055e-05,54,0.0115859002810211,-0.0005305712335949009
2004-09-09,-0.0078940946759114,0.0123988425004652,0.0078940946759114,6.231673075225381e-05,54,0.012833819877384812,-0.00043497737691961143
2004-09-10,0.010173213769691,0.0115468924003603,0.010173213769691,0.0001034942784038,54,0.016493274166157403,-0.0049463817657971025
2004-09-13,0.000294207912919,0.0132318093420717,0.000294207912919,8.65582960241889e-08,54,0.0006296777261679356,0.012602131615903765
2004-09-14,-0.0003597994306461,0.014199912803616,0.0003597994306461,1.2945563029332298e-07,54,0.0007350160922039551,0.013464896711412046
2004-09-15,-0.000841129836609,0.0095079601429617,0.000841129836609,7.07499402033895e-07,54,0.00150801589106827,0.007999944251893432
2004-09-16,0.0135385838032221,0.013061677121098,0.0135385838032221,0.0001832932513968,54,0.021896499579588058,-0.008834822458490058
2004-09-17,0.0077712456482729,0.0106248580675623,0.0077712456482729,6.039225892580134e-05,54,0.012636562438772548,-0.002011704371210248
2004-09-20,-0.0003249506644664,0.0099822995909942,0.0003249506644664,1.0559293433721752e-07,54,0.0006790498502546134,0.009303249740739587
2004-09-21,0.0107723481201231,0.0147708773510613,0.0107723481201231,0.0001160434840211,54,0.017455237938618744,-0.002684360587557444
2004-09-22,0.0071441291242584,0.0130140487460559,0.0071441291242584,5.103858094407727e-05,54,0.01162959884492242,0.0013844499011334797
2004-09-23,-0.0097419718013014,0.0157816698542537,0.0097419718013014,9.490601457735288e-05,54,0.01580086817260651,-1.919831835281091e-05
2004-09-24,0.0053338731716583,0.0132816315003802,0.0053338731716583,2.84502030113368e-05,54,0.008722779445346196,0.004558852055034004
2004-09-27,0.0031039706452818,0.0145469419818966,0.0031039706452818,9.634633766771523e-06,54,0.005141940965215241,0.009405001016681357
2004-09-28,-0.0076318461584981,0.0121696641122574,0.0076318461584981,5.82450757869834e-05,54,0.01241272939540003,-0.00024306528314262978
2004-09-29,0.0093634113680917,0.0122611206801732,0.0093634113680917,8.767347244810992e-05,54,0.015193042295232525,-0.002931921615059325
2004-09-30,0.0052064058895874,0.0116575685263025,0.0052064058895874,2.710666228713063e-05,54,0.008518094094808542,0.0031394744314939584
2004-10-01,0.0105281256907085,0.0151236964602613,0.0105281256907085,0.0001108414305593,54,0.017063118639441183,-0.0019394221791798824
2004-10-04,0.0107201671002403,0.0108134878647565,0.0107201671002403,0.000114921982657,54,0.017371457188262728,-0.006557969323506229
2004-10-05,0.0027915898818896,0.0123901563536245,0.0027915898818896,7.792974068668795e-06,54,0.004640296281918934,0.007749860071705567
2004-10-06,-0.0051419234006782,0.0166580583470314,0.0051419234006782,2.643937625844276e-05,54,0.008414548693627729,0.008243509653403671
2004-10-07,0.0068027676449584,0.013428536755363,0.0068027676449584,4.627764763129382e-05,54,0.011081467017937247,0.0023470697374257526
2004-10-08,0.0004833012866328,0.0101488972924412,0.0004833012866328,2.335801336610148e-07,54,0.0009333565944985,0.0092155406979427
2004-10-11,-0.0065356130324863,0.0132507687142787,0.0065356130324863,4.271423771040534e-05,54,0.010652487738210493,0.002598280976068207
2004-10-12,-0.0154830100800747,0.011073389591073,0.0154830100800747,0.0002397236011396,54,0.025018151102149243,-0.013944761511076242
2004-10-13,0.0974299705306916,0.263870002679028,0.0974299705306916,0.0094925991576114,22,0.15644795433699743,0.10742204834203056
2004-10-14,0.1047582394175225,0.2377947221909199,0.1047582394175225,0.0109742887258589,54,0.16818887846954514,0.06960584372137477
2004-10-15,-0.002053577689617,0.0091502865114517,0.002053577689617,4.217181327292712e-06,54,0.0034551256743304273,0.005695160837121272
2004-10-18,-0.0016941209334084,0.0127622087487478,0.0016941209334084,2.870045737012746e-06,54,0.002877868109875362,0.00988434063887244
2004-10-19,0.0075649688250841,0.0106341836443481,0.0075649688250841,5.722875332449458e-05,54,0.012305344542859274,-0.0016711608985111748
2004-10-20,-0.0081346007818439,0.0119068675555743,0.0081346007818439,6.617172987997569e-05,54,0.013219996431724947,-0.001313128876150647
2004-10-21,-0.0024435087395725,0.0098420556966826,0.0024435087395725,5.970734960367366e-06,54,0.004081316853534288,0.005760738843148311
2004-10-22,-0.0001076497749065,0.0002113125211129,0.0001076497749065,1.1588474037438456e-08,54,0.00033006904495344277,-0.00011875652384054277
2004-10-25,-0.0213340715356591,0.0132961752223993,0.0213340715356591,0.0004551426082886,54,0.03441078683746442,-0.021114611615065122
2004-10-26,0.0076790597419612,0.0150337873383619,0.0076790597419612,5.896795852061023e-05,54,0.012488540086200685,0.002545247252161216
2004-10-27,0.0085991453202557,0.01355254615503,0.0085991453202557,7.394530023887586e-05,54,0.013965901447170193,-0.0004133552921401929
2004-10-28,0.0061781826425078,0.0130714280016035,0.0061781826425078,3.8169940764185296e-05,54,0.010078545314361862,0.0029928826872416374
2004-10-29,-0.004083615752524,0.011779791863554,0.004083615752524,1.6675917614262185e-05,54,0.0067151051785766976,0.005064686684977303
2004-11-01,0.0069885656533031,0.0120791324517645,0.0069885656533031,4.884004989052792e-05,54,0.011379807620596472,0.0006993248311680279
2004-11-02,0.0100401531384377,0.011779348205269,0.0100401531384377,0.0001008046750432,54,0.016279631571403406,-0.0045002833661344065
2004-11-03,0.0124056523877908,0.017010704970539,0.0124056523877908,0.0001539002111666,54,0.02007758462139965,-0.003066879650860648
2004-11-04,0.0017961557673556,0.0121029942572556,0.0017961557673556,3.2261755406048844e-06,54,0.0030417280410806494,0.00906126621617495
2004-11-05,0.0040913858146612,0.0165067056293295,0.0040913858146612,1.6739437884411473e-05,54,0.006727582595773205,0.009779123033556297
2004-11-08,0.0007517706238304,0.0088506547740678,0.0007517706238304,5.6515907085442e-07,55,0.001364508786740483,0.007486145987327318
2004-11-09,-0.0039359398564282,0.0084474684581714,0.0039359398564282,1.549162255342004e-05,55,0.006477962009569028,0.0019695064486023716
2004-11-10,0.0086283572559763,0.0090574594475197,0.0086283572559763,7.444854893675996e-05,55,0.014012805888184078,-0.004955346440664378
2004-11-11,0.001814702670901,0.0113396078376292,0.001814702670901,3.2931457837753782e-06,55,0.003071512869265754,0.008268094968363445
2004-11-12,0.0044523927714626,0.0063778195347186,0.0044523927714626,1.9823801391373177e-05,55,0.007307296715527963,-0.0009294771808093629
2004-11-15,0.0,0.0,0.0,0.0,55,0.0001571850322937213,-0.0001571850322937213
2004-11-16,0.004095162870325,0.013488081967622,0.004095162870325,1.6770358934488682e-05,55,0.006733647913142971,0.00675443405447903
2004-11-17,0.0062857141503783,0.0135877716614663,0.0062857141503783,3.9510202380266624e-05,55,0.010251214115659659,0.0033365575458066416
2004-11-18,0.0050248515568811,0.0130413309972907,0.0050248515568811,2.5249133168690767e-05,55,0.008226555374651542,0.0048147756226391576
2004-11-19,-0.0047723981723627,0.0147073456851538,0.0047723981723627,2.27757843155716e-05,55,0.007821165352034427,0.006886180333119373
2004-11-22,0.0027519157950545,0.0113510404527294,0.0027519157950545,7.573040543070845e-06,55,0.00457658436345206,0.006774456089277341
2004-11-23,0.0135648578798969,0.012687240664667,0.0135648578798969,0.0001840053693018,55,0.021938681881188367,-0.009251441216521368
2004-11-24,0.0117746770201168,0.0122892313922625,0.0117746770201168,0.000138643018928,55,0.01906453607658576,-0.006775304684323259
2004-11-25,-0.0018370143266627,0.013352753515451,0.0018370143266627,3.374621636364088e-06,55,0.0031073435679113163,0.010245409947539683
2004-11-26,0.0,0.0,0.0,0.0,55,0.0001571850322937213,-0.0001571850322937213
2004-11-29,0.0143739806637061,0.0149837912476318,0.0143739806637061,0.0002066113201205,55,0.02323769321737489,-0.008253901969743089
2004-11-30,0.0010558541629315,0.0147043754895369,0.0010558541629315,1.1148280133798392e-06,55,0.001852852806550447,0.012851522682986453
2004-12-01,0.0024011887920784,0.0121810914477893,0.0024011887920784,5.76570761520339e-06,55,0.004013355431366557,0.008167736016422743
2004-12-02,0.0232464262581027,0.0173080641214487,0.0232464262581027,0.0005403963337734,55,0.03748038351274023,-0.02017231939129153
2004-12-03,0.003070074959839,0.015317872466758,0.003070074959839,9.425360259030809e-06,55,0.005087508886523865,0.010230363580234134
2004-12-06,0.0054951084177015,0.0137712678184783,0.0054951084177015,3.01962165222944e-05,55,0.008981688080127137,0.004789579738351162
2004-12-07,-2.15078432032982e-05,0.0142736036906325,2.15078432032982e-05,4.6258731925766067e-10,55,0.00019172635886885694,0.014081877331763644
2004-12-08,-0.0051873522251895,0.012186344182493,0.0051873522251895,2.6908623108178736e-05,55,0.008487497908221703,0.003698846274271297
2004-12-09,0.0043786701359304,0.0116111569501767,0.0043786701359304,1.917275215928913e-05,55,0.00718891144203913,0.00442224550813757
2004-12-10,-0.0063048271319528,0.0106212048996399,0.0063048271319528,3.9750845163808334e-05,55,0.010281904754445629,0.0003393001451942705
2004-12-13,0.0074369095772317,0.0101884775335609,0.0074369095772317,5.530762405992159e-05,55,0.012099719490176858,-0.0019112419566159576
2004-12-14,0.0092127468427077,0.0104314618623381,0.0092127468427077,8.48747043878212e-05,55,0.014951130136662058,-0.004519668274323959
2004-12-15,0.0136183401223622,0.0183431526601025,0.0136183401223622,0.0001854591876883,55,0.022024546057419388,-0.0036813933973168893
2004-12-16,0.0059978424371998,0.0139236127678653,0.0059978424371998,3.597411390147513e-05,55,0.009788962903671187,0.004134649864194113
2004-12-17,0.0008879504003048,0.0131001188930718,0.0008879504003048,7.884559134014831e-07,55,0.0015832076085346518,0.011516911284537149
2004-12-20,0.0139612622707104,0.0168800127203237,0.0139612622707104,0.0001949168441915,55,0.022575094952130472,-0.005695082231806772
2004-12-21,0.0102287156074715,0.0132603626530352,0.0102287156074715,0.0001046266229785,55,0.01658238790351289,-0.00332202525047769
2004-12-22,-0.005305880732346,0.0118475867912827,0.005305880732346,2.815237034588109e-05,55,0.008677829593056182,0.0031697571982265173
2004-12-23,0.0062159920512119,0.0098589916867254,0.0062159920512119,3.863855718072957e-05,55,0.010139257851557379,-0.00028026616483197916
2004-12-24,0.0068167813963382,0.0118442727859121,0.0068167813963382,4.646850860546337e-05,55,0.011103969301886393,0.0007403034840257079
2004-12-27,0.0046445192290067,0.0111817988679263,0.0046445192290067,2.157155886861375e-05,55,0.007615816228208734,0.003565982639717566
2004-12-28,0.0125868087539838,0.016171234945153,0.0125868087539838,0.0001584277546093,55,0.020368433419299923,-0.004197198474146922
2004-12-29,-0.0018090153198624,0.0095007304601193,0.0018090153198624,3.2725364274970403e-06,55,0.003062379444524861,0.006438351015594438
2004-12-30,-0.0013253599765316,0.016495922463459,0.0013253599765316,1.756579067391848e-06,55,0.002285663666785055,0.014210258796673945
2004-12-31,0.0169007228223873,0.018896601719302,0.0169007228223873,0.0002856344319191,55,0.02729410719275329,-0.008397505473451292
2005-01-03,0.0179930095681109,0.0190905876590456,0.0179930095681109,0.0003237483933181,55,0.029047581402321682,-0.009956993743276084
2005-01-04,0.0019562433074185,0.0141571991045826,0.0019562433074185,3.826887877819892e-06,55,0.0032988152615448575,0.010858383843037743
2005-01-05,-0.0338060871757252,0.0170925661420641,0.0338060871757252,0.0011428515301327,55,0.054427610126026815,-0.037335043983962715
2005-01-06,-0.0189704400852463,0.0126528390211011,0.0189704400852463,0.0003598775970279,55,0.030616635658474566,-0.017963796637373464
2005-01-07,0.014791191754775,0.017914707944599,0.014791191754775,0.0002187793535265,55,0.023907497692552186,-0.005992789747953184
2005-01-10,-0.0078414190195582,0.0174106097301125,0.0078414190195582,6.148785224028945e-05,55,0.012749239180161607,0.004661370549950892
2005-01-11,-0.020706401909459,0.0161932377258055,0.020706401909459,0.000428755080036,55,0.0334032590106712,-0.017210021284865696
2005-01-12,-0.0269628431453148,0.0165364449572992,0.0269628431453148,0.0007269949104788,55,0.04344535422025306,-0.02690890926295386
2005-01-13,0.0241633979765365,0.0203179806962802,0.0241633979765365,0.0005838698017724,55,0.03895220195813194,-0.01863422126185174
2005-01-14,-0.0135765202233198,0.0144078996109164,0.0135765202233198,0.0001843219013742,55,0.02195740544177565,-0.007549505830859249
2005-01-17,-0.0062343522750653,0.0136118658548063,0.0062343522750653,3.886714828961292e-05,55,0.010168739799835716,0.003443126054970583
2005-01-18,0.0083545846228228,0.0161433807456751,0.0083545846228228,6.979908421990803e-05,55,0.013573218807994976,0.002570161937680124
2005-01-19,-0.0063208026407655,0.0133708788164585,0.0063208026407655,3.995254602350861e-05,55,0.010307557390831333,0.003063321425627168
2005-01-20,-0.0073902285254762,0.0182367100405923,0.0073902285254762,5.461547765876221e-05,55,0.012024763454130163,0.006211946586462137
2005-01-24,-0.0058686906519772,0.0211671413051239,0.0058686906519772,3.4441529968605734e-05,55,0.009581575857751086,0.011585565447372813
2005-01-25,0.0096297438572158,0.015517744622333,0.0096297438572158,9.273196675558604e-05,55,0.015620672813180784,-0.00010292819084778415
2005-01-27,0.0147176899758392,0.0179106165822103,0.0147176899758392,0.0002166103982249,55,0.023789495987876844,-0.005878879405666542
2005-01-28,0.0206577570692324,0.0207593589033176,0.0206577570692324,0.0004267429271314,55,0.033325174265220234,-0.012565815361902634
2005-01-31,0.0187339181944961,0.0186201526174683,0.0187339181944961,0.000350959690918,55,0.03023695401932015,-0.01161680140185185
2005-02-01,0.0045237920489822,0.0195661729463465,0.0045237920489822,2.046469450243525e-05,55,0.007421950897426544,0.012144222048919958
2005-02-02,0.0022570498625383,0.0116780778438844,0.0022570498625383,5.094274081984347e-06,55,0.0037818828313657777,0.007896195012518623
2005-02-03,0.0125416279907534,0.0109627375460756,0.0125416279907534,0.0001572924326584,55,0.020295895259155972,-0.009333157713080372
2005-02-04,0.0008256122700402,0.0118109100727144,0.0008256122700402,6.816356204410908e-07,55,0.0014830953593467234,0.010327814713367677
2005-02-07,-0.0052732301107572,0.0115893942165184,0.0052732301107572,2.78069558009967e-05,55,0.008625399661687485,0.002963994554830915
2005-02-08,0.0018080368049322,0.012378049429153,0.0018080368049322,3.2689970879897674e-06,55,0.0030608080287430894,0.00931724140040991
2005-02-09,0.0111850891098774,0.0132147225968089,0.0111850891098774,0.0001251062183958,55,0.018117922558765848,-0.004903199961956947
2005-02-10,0.0075674313807451,0.0146038146005343,0.0075674313807451,5.726601770228585e-05,55,0.012309298668492565,0.002294515932041736
2005-02-11,0.0024930211175898,0.012095382736698,0.0024930211175898,6.215154292748959e-06,55,0.004160828482533932,0.007934554254164068
2005-02-14,0.0030551078345427,0.0116108097876765,0.0030551078345427,9.333683880684574e-06,55,0.005063473608793275,0.006547336178883225
2005-02-15,-0.0050600804727262,0.009707947620424,0.0050600804727262,2.560441439046552e-05,55,0.008283125827632678,0.001424821792791322
2005-02-16,-0.0061589381390303,0.0129206812530952,0.0061589381390303,3.793251900040251e-05,55,0.01004764339171966,0.0028730378613755388
2005-02-17,-0.0057120834676707,0.0081900068584649,0.0057120834676707,3.2627897541637934e-05,55,0.009330101120342792,-0.0011400942618778921
2005-02-18,-0.0062388037817714,0.0104361394804427,0.0062388037817714,3.892267262744569e-05,55,0.010175887809361645,0.00026025167108105485
2005-02-21,-0.0073888268277878,0.0087725006261164,0.0073888268277878,5.459476189103718e-05,55,0.012022512738725124,-0.0032500121126087227
2005-02-22,0.0084862118859862,0.0114085776066724,0.0084862118859862,7.201579217385449e-05,55,0.013784568427076227,-0.002375990820403828
2005-02-23,-0.0004216345118674,0.0095896086656614,0.0004216345118674,1.77775661597722e-07,55,0.0008343215636047645,0.008755287102056636
2005-02-24,0.0225540291791655,0.0487489263406048,0.0225540291791655,0.0005086842322146,55,0.03636900547346272,0.012379920867142076
2005-02-25,-0.0015991288342392,0.0130163401663906,0.0015991288342392,2.557213028495433e-06,55,0.0027253179016618516,0.01029102226472875
2005-02-28,0.0104482926392097,0.0160946097231542,0.0104482926392097,0.0001091668190745,55,0.01693493958368337,-0.0008403298605291695
2005-03-01,-0.0054064900272512,0.016822805913695,0.0054064900272512,2.9230134414766823e-05,55,0.008839386397878981,0.00798341951581602
2005-03-02,0.0072943998368947,0.0133688264065348,0.0072943998368947,5.320826898049052e-05,55,0.011870890512262798,0.0014979358942720008
2005-03-03,0.014228355734019,0.0117393872356631,0.014228355734019,0.0002024461068937,55,0.023003900582872428,-0.011264513347209328
2005-03-04,0.0114160072897937,0.0173879535645986,0.0114160072897937,0.0001303252224406,55,0.01848867507212129,-0.0011007215075226895
2005-03-07,-0.0003389018622165,0.0120562318907731,0.0003389018622165,1.148544722138668e-07,55,0.0007014551284793164,0.011354776762293784
2005-03-08,0.0028645830408594,0.0133583571107128,0.0028645830408594,8.20583599797944e-06,55,0.004757514556036665,0.008600842554676136
2005-03-09,-0.0055125234974837,0.0135671705069469,0.0055125234974837,3.038791531031067e-05,55,0.009009652840307095,0.004557517666639805
2005-03-10,0.0037068316670918,0.009180731951859,0.0037068316670918,1.3740601008155018e-05,55,0.00611005034617314,0.0030706816056858604
2005-03-11,-0.004743044695979,0.0091991893947077,0.004743044695979,2.2496472988055e-05,55,0.007774029338372422,0.0014251600563352784
2005-03-14,-0.0059845707367199,0.0110628886028274,0.0059845707367199,3.581508690280481e-05,55,0.00976765173887721,0.0012952368639501909
2005-03-15,-0.005149274463513,0.0109916152265869,0.005149274463513,2.6515027500587425e-05,55,0.008426352972252627,0.002565262254334273
2005-03-16,-0.0007750452846655,0.0090933531074957,0.0007750452846655,6.006951932823165e-07,55,0.0014018869337880753,0.007691466173707625
2005-03-17,-0.0130445804325806,0.0111256541406846,0.0130445804325806,0.000170161078662,55,0.021103385975867542,-0.009977731835182942
2005-03-18,-0.0028292159535546,0.0092786429966776,0.0028292159535546,8.004462911848175e-06,55,0.004700719273504283,0.004577923723173317
2005-03-21,-0.0087354619069554,0.0092888253028882,0.0087354619069554,7.630829472786938e-05,55,0.014184779280113469,-0.004895953977225269
2005-03-22,-0.0195952905673343,0.0136571072659828,0.0195952905673343,0.0003839754124182,55,0.031619679532228856,-0.017962572266246056
2005-03-23,-0.0182746341686125,0.0165036089413635,0.0182746341686125,0.0003339622539966,55,0.029499672792894012,-0.012996063851530511
2005-03-24,-0.0013974994544917,0.0130266812103227,0.0013974994544917,1.953004725304782e-06,55,0.0024015150569159723,0.010625166153406728
2005-03-28,0.0065176058939361,0.0162828665534596,0.0065176058939361,4.2479186588671866e-05,55,0.010623572963539173,0.005659293589920428
2005-03-29,-0.0189114562411281,0.013590838554174,0.0189114562411281,0.0003576431771601,55,0.03052195082642963,-0.01693111227225563
2005-03-30,0.0103588944324517,0.0162160661557158,0.0103588944324517,0.0001073066938626,55,0.016791402533678286,-0.0005753363779624869
2005-03-31,0.0114923532796501,0.0128118228110404,0.0114923532796501,0.0001320741839042,55,0.018611252534773873,-0.0057994297237334725
2005-04-01,0.0199234044305975,0.0171550083341974,0.0199234044305975,0.0003969420441051,55,0.032146379747876985,-0.014991371413679587
2005-04-04,0.0010708149316726,0.0158426311222059,0.0010708149316726,1.146644617893174e-06,55,0.0018768790144693933,0.013965752107736509
2005-04-05,-0.0103969308069946,0.0148725894405286,0.0103969308069946,0.0001080961702054,55,0.016852473471398528,-0.0019798840308699276
2005-04-06,0.0054320386899973,0.0121952030599159,0.0054320386899973,2.9507044329627667e-05,55,0.008880411972660231,0.003314791087255669
2005-04-07,-0.0029278166815935,0.0123973671694611,0.0029278166815935,8.572110521017536e-06,55,0.004859060048466975,0.0075383071209941255
2005-04-08,-0.0051072762185828,0.0098978403167007,0.0051072762185828,2.608427037290169e-05,55,0.008358912494658867,0.0015389278220418329
2005-04-11,-0.0082766172870894,0.0096373316215809,0.0082766172870894,6.850239371694726e-05,55,0.013448028879774454,-0.0038106972581935534
2005-04-12,0.0092346242986739,0.0103654286524421,0.0092346242986739,8.527828593765977e-05,55,0.014986257388142259,-0.004620828735700159
2005-04-13,0.0027192290545343,0.0117966416390165,0.0027192290545343,7.394206651023936e-06,55,0.00452409325658016,0.00727254838243634
2005-04-15,-0.0214137240127364,0.0146876253712929,0.0214137240127364,0.0004585475760936,55,0.034538642975558184,-0.019851017604265282
2005-04-18,-0.0067070833704713,0.0117187825732341,0.0067070833704713,4.49849673384534e-05,55,0.010927823824630204,0.0007909587486038955
2005-04-19,-0.0080911125274626,0.013593926585787,0.0080911125274626,6.54661019320626e-05,55,0.013150168246009999,0.00044375833977700063
2005-04-20,0.011354654771812,0.0120535362382317,0.011354654771812,0.000128928184987,55,0.01839017024867904,-0.00633663401044734
2005-04-21,0.0108080627530241,0.0094710919456014,0.0108080627530241,0.0001168142204733,55,0.01751258054391332,-0.00804148859831192
2005-04-22,0.006592917510286,0.0134665225148675,0.006592917510286,4.346656129743671e-05,55,0.01074450372288472,0.0027220187919827794
2005-04-25,0.0012712681028977,0.0098468442122734,0.0012712681028977,1.6161225894451173e-06,55,0.002198795445625918,0.007648048766647483
2005-04-26,-0.0019098228841921,0.011188857097377,0.0019098228841921,3.647423448984131e-06,55,0.0032242680387797704,0.00796458905859723
2005-04-27,-0.0095795707840962,0.012341696435634,0.0095795707840962,9.176817640751008e-05,55,0.015540113800771273,-0.003198417365137273
2005-04-28,-0.0028729671551395,0.0155079430474918,0.0028729671551395,8.253940274510675e-06,55,0.004770978426793781,0.010736964620698019
2005-04-29,-0.01569583708228,0.0141477308099073,0.01569583708228,0.0002463593017134,55,0.025359822453034832,-0.011212091643127533
2005-05-02,0.0025818115940217,0.0150274095708119,0.0025818115940217,6.665751107025145e-06,55,0.004303416339086278,0.010723993231725622
2005-05-03,0.0023984742416077,0.0101385000276285,0.0023984742416077,5.7526786876558494e-06,55,0.00400899614408296,0.00612950388354554
2005-05-04,0.0128330855764909,0.01292653180158,0.0128330855764909,0.0001646880854135,55,0.020763831916794494,-0.007837300115214494
2005-05-05,0.0118469732257776,0.0133887734976262,0.0118469732257776,0.0001403507746122,55,0.019180610418804627,-0.005791836921178427
2005-05-06,0.0086593664066178,0.0127673136344243,0.0086593664066178,7.498462656406105e-05,55,0.01406259601004823,-0.0012952823756239296
2005-05-09,0.009404456375085,0.0107992625637307,0.009404456375085,8.84437997108779e-05,55,0.015258945424466104,-0.004459682860735404
2005-05-10,0.000624771004961,0.0099609551344453,0.000624771004961,3.903388086400162e-07,55,0.0011605522645477056,0.008800402869897594
2005-05-11,-0.0011120748189046,0.0109159614094526,0.0011120748189046,1.236710402841772e-06,55,0.0019431401796752964,0.008972821229777304
2005-05-12,0.0071717345842984,0.0087247146838439,0.0071717345842984,5.143377694762267e-05,55,0.011673925361007923,-0.0029492106771640235
2005-05-13,0.0019586650966628,0.0074356610947369,0.0019586650966628,3.8363689608853225e-06,55,0.0033027044453411633,0.004132956649395737
2005-05-16,0.0050783852296212,0.0107517896108063,0.0050783852296212,2.5789996540435323e-05,55,0.008312519514826857,0.0024392700959794435
2005-05-17,-0.0107673187735418,0.0085755477914636,0.0107673187735418,0.000115935153571,55,0.01744716292981428,-0.00887161513835068
2005-05-18,-0.0029737816470098,0.0097903818178327,0.0029737816470098,8.843377284092783e-06,55,0.004932874065115669,0.004857507752717031
2005-05-19,0.0031488590893089,0.008421068088141,0.0031488590893089,9.915313564323757e-06,55,0.005214025922498727,0.0032070421656422727
2005-05-20,9.198035441173651e-05,0.0088100261750604,9.198035441173651e-05,8.46038559770866e-09,55,0.0003049042051570801,0.00850512196990332
2005-05-23,0.0056279004507244,0.0118127103197143,0.0056279004507244,3.16732634832647e-05,55,0.009194922376376341,0.0026177879433379597
2005-05-24,0.0024702048192524,0.0099585515942051,0.0024702048192524,6.101911849057799e-06,55,0.004124187938341114,0.005834363655863986
2005-05-25,0.0066323521431652,0.0103183886233244,0.0066323521431652,4.398809495094848e-05,55,0.010807825343729606,-0.0004894367204052053
2005-05-26,0.0053309751030438,0.0139838133545526,0.0053309751030438,2.8419295549273704e-05,55,0.008718125770260304,0.005265687584292297
2005-05-27,0.0015145451668192,0.0147010904631591,0.0015145451668192,2.2938470623355616e-06,55,0.002589482567594675,0.012111607895564425
2005-05-30,-0.0040993922753078,0.0124026836100195,0.0040993922753078,1.680501702685351e-05,55,0.006740439626942347,0.005662243983077153
2005-05-31,0.0100120254229001,0.016558111611833,0.0100120254229001,0.0001002406530687,55,0.016234469530972795,0.0003236420808602064
2005-06-01,0.0049599815060529,0.0123980692943258,0.0049599815060529,2.4601416540387334e-05,55,0.008122387181451135,0.004275682112874664
2005-06-02,-0.003538268758291,0.0131329576418536,0.003538268758291,1.2519345805898402e-05,55,0.005839363591151356,0.007293594050702244
2005-06-03,0.004449896277065,0.0097214667715107,0.004449896277065,1.980157687663762e-05,55,0.007303287798585282,0.002418178972925418
2005-06-06,0.0058105340884679,0.011604950484596,0.0058105340884679,3.376230639324849e-05,55,0.009488190043146019,0.0021167604414499813
2005-06-07,0.0054318433065227,0.0101030290558958,0.0054318433065227,2.950492170661548e-05,55,0.00888009822954889,0.0012229308263469098
2005-06-08,0.0009640689912551,0.0116132653127904,0.0009640689912551,9.294290198997516e-07,55,0.0017054504607745213,0.009907814852015879
2005-06-09,0.0012025306177021,0.0100112023038749,0.0012025306177021,1.4460798865111502e-06,55,0.0020884071127267832,0.007922795191148116
2005-06-10,-0.0073433714491205,0.0101157816680437,0.0073433714491205,5.392510423975895e-05,55,0.011949524690981839,-0.0018337430229381398
2005-06-13,0.0034804326126576,0.0107243418902607,0.0034804326126576,1.211341117125128e-05,54,0.005746487164873253,0.0049778547253874475
2005-06-14,2.827969455966705e-05,0.0087672087992906,2.827969455966705e-05,7.99741124388062e-10,55,0.00020260186361623647,0.008564606935674363
2005-06-15,0.0074326575097604,0.0100915773593672,0.0074326575097604,5.524439765739789e-05,55,0.012092891924163348,-0.002001314564796148
2005-06-16,-0.0090637972604182,0.0101087790033863,0.0090637972604182,8.215242077796603e-05,55,0.014711970700908046,-0.0046031916975217465
2005-06-17,-0.0051827056245012,0.0081424597006159,0.0051827056245012,2.686043759023653e-05,55,0.008480036440516505,-0.0003375767399006052
2005-06-20,-0.0025185165016571,0.011177379899584,0.0025185165016571,6.342925369119175e-06,55,0.004201771329537124,0.006975608570046876
2005-06-21,0.0086722602541477,0.0126721211548583,0.0086722602541477,7.520809791567133e-05,55,0.014083299121633046,-0.0014111779667747466
2005-06-22,0.0109357177582092,0.0121337703003276,0.0109357177582092,0.0001195899228872,55,0.017717540130851393,-0.005583769830523793
2005-06-23,0.0070379161382118,0.0123422330194609,0.0070379161382118,4.95322635685024e-05,55,0.01145905073263717,0.0008831822868237294
2005-06-24,0.0085997907199391,0.0150240801902827,0.0085997907199391,7.395640042675228e-05,55,0.013966937740071678,0.0010571424502110217
2005-06-27,0.0008603489778156,0.0123560502776154,0.0008603489778156,7.402003636284081e-07,55,0.0015388809767052296,0.01081716930091017
2005-06-28,-0.0152043638655812,0.0123101468341652,0.0152043638655812,0.0002311726805569,55,0.024570811328545092,-0.012260664494379892
2005-06-29,0.0085915066268719,0.0123270670213272,0.0085915066268719,7.381398611958515e-05,55,0.013953636296270984,-0.0016265692749437843
2005-06-30,0.0007098471845333,0.0136368446437283,0.0007098471845333,5.038830253898741e-07,55,0.0012971814172844892,0.01233966322644381
2005-07-01,0.0114236351258715,0.015325634376199,0.0114236351258715,0.000130499439489,55,0.01850092197015735,-0.00317528759395835
2005-07-04,0.0123715657195044,0.0113196990781416,0.0123715657195044,0.000153055638352,55,0.020022857912156772,-0.008703158834015172
2005-07-05,-0.0032918793107426,0.0115118681284133,0.0032918793107426,1.083646939649538e-05,55,0.005443697140268725,0.006068170988144575
2005-07-06,0.0115582254048478,0.0105981704949995,0.0115582254048478,0.0001335925745092,55,0.01871701348404454,-0.008118842989045041
2005-07-07,-0.0127545941951375,0.0114420574295079,0.0127545941951375,0.0001626796730826,55,0.020637813917061758,-0.009195756487553858
2005-07-08,0.0104369231963332,0.0097436564278556,0.0104369231963332,0.0001089293658061,55,0.01691668491347079,-0.00717302848561519
2005-07-11,0.0102865948177449,0.0140632480985523,0.0102865948177449,0.0001058140329444,55,0.016675318624730106,-0.0026120705261778055
2005-07-12,0.0047427007912868,0.0124971179010169,0.0047427007912868,2.249321079567293e-05,55,0.007773477093665148,0.004723640807351753
2005-07-13,0.0002088519753572,0.0142358194683472,0.0002088519753572,4.361914761063287e-08,56,0.0004925979423410177,0.013743221526006183
2005-07-14,-0.0035022793734214,0.012367850433466,0.0035022793734214,1.226596080949321e-05,56,0.005781569895721589,0.006586280537744411
2005-07-15,0.0097624837426929,0.0105539748511861,0.0097624837426929,9.53060888263438e-05,56,0.015833802490959243,-0.005279827639773143
2005-07-18,0.0133305047871643,0.0165076555783755,0.0133305047871643,0.0001777023578806,56,0.021562433561053817,-0.005054777982678317
2005-07-19,0.0055697277894567,0.0125929344388354,0.0055697277894567,3.102186764864634e-05,56,0.009101510179587081,0.003491424259248319
2005-07-20,0.0052972029845259,0.0133846265276274,0.0052972029845259,2.8060359459270345e-05,56,0.008663894985649342,0.0047207315419780585
2005-07-21,-0.003930400232142,0.0151982630356715,0.003930400232142,1.5448045984822566e-05,56,0.006469066269116545,0.008729196766554956
2005-07-22,0.0098407051650086,0.0139708893273168,0.0098407051650086,9.683947814462792e-05,56,0.01595939597632368,-0.0019885066490068787
2005-07-25,0.0103938873084858,0.0171720777058314,0.0103938873084858,0.0001080328933815,56,0.01684758685344258,0.00032449085238881945
2005-07-26,0.0045171229557558,0.0146496493237935,0.0045171229557558,2.0404399797416564e-05,56,0.0074112415615888135,0.007238407762204686
2005-07-27,0.0052825545453514,0.0120688932083406,0.0052825545453514,2.790538252461336e-05,56,0.00864037271816035,0.0034285204901802514
2005-07-28,3.434931917894158,5.283680636639014,3.434931917894158,11.798757280568044,56,5.292163219449206,-0.008482582810191985
2005-07-29,-0.2217962669901688,0.2999509387632565,0.2217962669901688,0.0491935840507742,56,0.3554234689777787,-0.0554725302145222
2005-08-01,0.0040316000869304,0.0159436599285413,0.0040316000869304,1.6253799260937706e-05,56,0.006631576680531982,0.009312083248009317
2005-08-02,0.0164982312119005,0.016142732261746,0.0164982312119005,0.0002721916331213,56,0.026647966275324116,-0.010505234013578117
2005-08-03,-0.0003136342211632,0.0149902342443513,0.0003136342211632,9.8366424684702e-08,56,0.0006608759170087148,0.014329358327342584
2005-08-04,0.008532780661866,0.0135954353865068,0.008532780661866,7.280834582351517e-05,56,0.013859342239336579,-0.00026390685282977853
2005-08-05,0.0004785694634275,0.014264469893017,0.0004785694634275,2.29028731325341e-07,56,0.0009257574303933694,0.013338712462623631
2005-08-08,-0.01174991261611,0.0148080834749764,0.01174991261611,0.0001380604464862,56,0.01902477582658301,-0.004216692351606611
2005-08-09,-0.0056840329020659,0.0087854349567032,0.0056840329020659,3.2308230031767726e-05,56,0.009285058333305774,-0.0004996233766025749
2005-08-10,0.0153543245647775,0.0123605815029326,0.0153543245647775,0.0002357552828405,56,0.02481155921612628,-0.01245097771319368
2005-08-11,0.0103077753761436,0.0131978210479524,0.0103077753761436,0.000106250233205,56,0.016709326046647512,-0.003511504998695113
2005-08-12,0.0016008671033663,0.0162407251482534,0.0016008671033663,2.5627754826405594e-06,56,0.002728109434984276,0.013512615713269125
2005-08-16,0.0029418504506652,0.0158548043887739,0.0029418504506652,8.65448407407953e-06,56,0.004881596544390719,0.01097320784438318
2005-08-17,0.0089338578322148,0.0122976782954083,0.0089338578322148,7.98138157662258e-05,56,0.014503334043207045,-0.0022056557477987456
2005-08-18,-0.0057256498595665,0.0100686998370443,0.0057256498595665,3.2783066314354474e-05,56,0.009351885629373943,0.000716814207670358
2005-08-19,0.0012731397130231,0.0108695120975354,0.0012731397130231,1.620884728876671e-06,56,0.002201801138199426,0.008667710959335974
2005-08-22,-0.0042309615094284,0.0102801462375495,0.0042309615094284,1.7901035294265025e-05,56,0.006951717371459607,0.003328428866089893
2005-08-23,-0.0170634629967111,0.0107082876079131,0.0170634629967111,0.0002911617694401,56,0.02755536079030637,-0.01684707318239327
2005-08-24,-0.0072673257181297,0.0148279099523808,0.0072673257181297,5.2814023093389566e-05,56,0.011827417305747283,0.0030004926466335163
2005-08-25,0.0098468638173632,0.0149091064389539,0.0098468638173632,9.696072703769693e-05,56,0.01596928439075258,-0.0010601779517986805
2005-08-26,0.0116562646481213,0.0145119481861211,0.0116562646481213,0.000135868505547,56,0.018874420023852253,-0.004362471837731153
2005-08-29,-0.0082137662044529,0.0104423762990696,0.0082137662044529,6.746595526141274e-05,56,0.013347110519834485,-0.0029047342207648846
2005-08-30,0.0116021542000724,0.0117407356058791,0.0116021542000724,0.0001346099820822,56,0.01878754324189016,-0.00704680763601106
2005-08-31,0.0064804344968172,0.0108151473971905,0.0064804344968172,4.199603126753928e-05,56,0.01056388534179281,0.00025126205539769027
2005-09-01,0.0088044690424734,0.0125038634560429,0.0088044690424734,7.751867511987366e-05,56,0.01429558087735701,-0.0017917174213141103
2005-09-02,0.0093784580353775,0.0157554797306609,0.0093784580353775,8.79554751213373e-05,56,0.015217201695772505,0.0005382780348883939
2005-09-05,0.0031177437772062,0.0141014367730709,0.0031177437772062,9.720326260308488e-06,56,0.005164058817903301,0.008937377955167598
2005-09-06,0.0025378293119586,0.0100974470615382,0.0025378293119586,6.440577616636559e-06,56,0.004232785611007628,0.005864661450530572
2005-09-08,0.0098072992559256,0.0132099586193992,0.0098072992559256,9.618311869528076e-05,56,0.0159057589776404,-0.0026958003582412023
2005-09-09,-0.0003733534328067,0.0123969825798055,0.0003733534328067,1.3939278578858457e-07,56,0.0007567834662758394,0.01164019911352966
2005-09-12,0.012637274664836,0.0121067478920801,0.012637274664836,0.0001597007109545,56,0.0204494568441556,-0.0083427089520755
2005-09-13,0.007025593406647,0.0116128766829364,0.007025593406647,4.9358962715522906e-05,56,0.01143926387195125,0.0001736128109851489
2005-09-14,-0.0018561861021628,0.012247726725729,0.0018561861021628,3.4454268458625607e-06,56,0.003138131859924061,0.009109594865804939
2005-09-15,0.013373355114871,0.0130271525034232,0.013373355114871,0.0001788466270284,56,0.02163122889979966,-0.008604076396376462
2005-09-16,0.0089771610472363,0.0134380636673137,0.0089771610472363,8.058942046801822e-05,56,0.014572863726755281,-0.001134800059441582
2005-09-19,0.0090264290857173,0.0171285111020946,0.0090264290857173,8.147642203948416e-05,56,0.014651970725296695,0.0024765403767979047
2005-09-20,-0.0006201234930729,0.0148283761592583,0.0006201234930729,3.845531466609486e-07,56,0.001153088526875485,0.013675287632382816
2005-09-21,-0.0113634635088325,0.0154133235739152,0.0113634635088325,0.0001291283029165,56,0.018404313166585275,-0.0029909895926700757
2005-09-22,-0.0347743304729013,0.0174010610169956,0.0347743304729013,0.0012092540598385,56,0.05598133391547518,-0.03858027289847958
2005-09-23,0.0085049669389372,0.0144235709739074,0.0085049669389372,7.23344626324153e-05,56,0.013814682752478248,0.0006088882214291512
2005-09-26,0.0268626204769018,0.0134522909894987,0.0268626204769018,0.000721600378886,56,0.04328450045266434,-0.02983220946316564
2005-09-27,0.0084279535261621,0.0112829977306405,0.0084279535261621,7.103040063914931e-05,56,0.013691024953192367,-0.002408027222551866
2005-09-28,0.005842184481295,0.0112712743592988,0.005842184481295,3.413111951348472e-05,56,0.009539013174131007,0.0017322611851677931
2005-09-29,0.0038581690935484,0.0148259518905996,0.0038581690935484,1.4885468754412702e-05,56,0.00635307463858287,0.00847287725201673
2005-09-30,-0.0020506086846734,0.0139825126545094,0.0020506086846734,4.204995977658155e-06,56,0.0034503577202011754,0.010532154934308225
2005-10-03,0.015855513541694,0.015213943348058,0.015855513541694,0.0002513973096708,56,0.02561616507032662,-0.01040222172226862
2005-10-04,0.0125340496193621,0.014771349395529,0.0125340496193621,0.0001571023998606,56,0.0202837281016766,-0.005512378706147599
2005-10-05,-0.0061219769689445,0.0129269931559279,0.0061219769689445,3.74786020082874e-05,56,0.009988292835825537,0.0029387003201023637
2005-10-06,-0.0149393531487434,0.0168157210770335,0.0149393531487434,0.0002231842725028,56,0.024145359297904248,-0.007329638220870748
2005-10-07,-0.0030307669555764,0.0128867467001355,0.0030307669555764,9.185548339014424e-06,56,0.0050243852703847,0.0078623614297508
2005-10-10,-0.0086543723755985,0.0124351326509209,0.0086543723755985,7.489816121552408e-05,56,0.014054577301658603,-0.0016194446507377027
2005-10-11,0.0035628208251736,0.0151009234703225,0.0035628208251736,1.2693692232291249e-05,56,0.005878790596171352,0.009222132874151148
2005-10-13,-0.014231070967868,0.0126900335210255,0.014231070967868,0.0002025233808924,56,0.02300825974549091,-0.010318226224465411
2005-10-14,-0.0228183749067593,0.0136808312198733,0.0228183749067593,0.0005206782333854,56,0.03679331333927383,-0.023112482119400535
2005-10-17,-0.0033466896496699,0.0162134892657087,0.0033466896496699,1.1200331611208206e-05,56,0.0055317149580307355,0.010681774307677964
2005-10-18,-0.0025456182787398,0.0147915282190486,0.0025456182787398,6.480172421054583e-06,56,0.004245293843977863,0.010546234375070736
2005-10-19,-0.0232559469504264,0.0138405305209987,0.0232559469504264,0.000540839068561,56,0.03749566520682237,-0.02365513468582367
2005-10-20,-0.0150514208554479,0.0186044246565328,0.0150514208554479,0.0002265452697678,56,0.024325274738175306,-0.005720850081642505
2005-10-21,0.0118788017585651,0.0219805466942624,0.0118788017585651,0.0001411059312192,56,0.019231712290822996,0.0027488344034394055
2005-10-24,-0.0066297833223843,0.0210152837513944,0.0066297833223843,4.395402690176557e-05,56,0.010803700496797176,0.010211583254597225
2005-10-25,0.0034102018874909,0.0135093894800742,0.0034102018874909,1.1629476913446556e-05,56,0.005633706677985661,0.007875682802088538
2005-10-26,-0.0034119825064315,0.01320718955115,0.0034119825064315,1.1641624624195134e-05,56,0.0056365660993207755,0.0075706234518292245
2005-10-27,-0.02324386025288,0.016956185421197,0.02324386025288,0.0005402770394554,56,0.037476264808857095,-0.020520079387660095
2005-10-28,-0.0152718476942024,0.01711660737223,0.0152718476942024,0.0002332293319949,56,0.024679150414396344,-0.007562543042166345
2005-10-31,0.0199783937896993,0.0156643678420616,0.0199783937896993,0.0003991362184162,56,0.0322346502510327,-0.0165702824089711
2005-11-02,0.021503264595674,0.0192527277142843,0.021503264595674,0.0004623903882715,56,0.03468237096245103,-0.015429643248166734
2005-11-04,0.0,0.0,0.0,0.0,56,0.0001571850322937213,-0.0001571850322937213
2005-11-07,0.0179493223489619,0.0186148335346886,0.0179493223489619,0.0003221781727869,56,0.028977450129129226,-0.010362616594440627
2005-11-08,0.0169328565733612,0.014810332314307,0.0169328565733612,0.000286721631734,56,0.027345692924873214,-0.012535360610566215
2005-11-09,-1.77019552906161e-05,0.0131967354539262,1.77019552906161e-05,3.1335922111097127e-10,56,0.00018561415187104765,0.013011121302055152
2005-11-10,0.0036073200100881,0.0118702964722391,0.0036073200100881,1.3012757655182344e-05,56,0.005950249677813542,0.0059200467944255574
2005-11-11,0.0216808561431243,0.0127825157574622,0.0216808561431243,0.0004700595230988,56,0.0349674349407974,-0.0221849191833352
2005-11-14,0.0020967333335753,0.0134654679337319,0.0020967333335753,4.396290672125956e-06,56,0.0035244297079353774,0.009941038225796521
2005-11-16,0.0061752148391591,0.010769716387036,0.0061752148391591,3.813327830977128e-05,56,0.010073779755618227,0.0006959366314177734
2005-11-17,0.0075712549325322,0.0095423185409273,0.0075712549325322,5.732390125339404e-05,56,0.012315438145152957,-0.0027731196042256566
2005-11-18,0.0056781791204163,0.0132009679708313,0.0056781791204163,3.2241718123532094e-05,56,0.009275658496246321,0.003925309474584979
2005-11-21,-0.0023268961944698,0.0137239931359215,0.0023268961944698,5.414445899838113e-06,56,0.0038940491027041357,0.009829944033217365
2005-11-22,-0.0070960436516403,0.0101172900666693,0.0070960436516403,5.035383550598481e-05,56,0.011552387185208951,-0.0014350971185396518
2005-11-23,0.0050861623605804,0.0137997525716632,0.0050861623605804,2.586904755818573e-05,56,0.008325007989017507,0.005474744582645692
2005-11-24,0.0086191522950987,0.0127733030430364,0.0086191522950987,7.428978628610576e-05,56,0.013998025852848305,-0.0012247228098119043
2005-11-25,0.01029864471111,0.0116785020840213,0.01029864471111,0.0001060620828856,56,0.01669466588859088,-0.005016163804569578
2005-11-28,0.0168318612405472,0.0153091916893582,0.0168318612405472,0.000283311552821,56,0.02718356051650587,-0.011874368827147668
2005-11-29,-0.0024497013206952,0.0125226324702621,0.0024497013206952,6.001036560615821e-06,56,0.004091261487283864,0.008431370982978238
2005-11-30,-0.0112375912505644,0.0104854613276609,0.0112375912505644,0.0001262834571147,56,0.018202217964923096,-0.007716756637262196
2005-12-01,0.0159349448641451,0.0129656408627024,0.0159349448641451,0.0002539224678233,56,0.025743682773780228,-0.012778041911077828
2005-12-02,0.0017574968892541,0.0119809269123977,0.0017574968892541,3.088795315738126e-06,56,0.0029796449650813525,0.009001281947316347
2005-12-05,-0.0108962144331369,0.0114572175325185,0.0108962144331369,0.0001187274889729,56,0.017654114676273654,-0.0061968971437551534
2005-12-06,-0.0050906490290506,0.0102559243984898,0.0050906490290506,2.5914707536974413e-05,56,0.00833221265556426,0.0019237117429255404
2005-12-07,0.0054989766291325,0.0095393530777469,0.0054989766291325,3.023874396774649e-05,56,0.00898789957176006,0.0005514535059868396
2005-12-08,0.0102760002009176,0.0154678787115113,0.0102760002009176,0.0001055961801292,56,0.016658307942888737,-0.001190429231377436
2005-12-09,0.0091112390654349,0.0119910599617825,0.0091112390654349,8.301467730750765e-05,56,0.014788145261387014,-0.0027970852996045143
2005-12-12,0.0052288369959214,0.0131438372282719,0.0052288369959214,2.734073632991659e-05,56,0.008554113726681934,0.004589723501589966
2005-12-13,0.0118860213354117,0.0122103468401352,0.0118860213354117,0.0001412775031858,56,0.01924330357980296,-0.007032956739667759
2005-12-14,0.0053587265501895,0.0159947446458216,0.0053587265501895,2.8715950239706103e-05,56,0.008762688614462222,0.0072320560313593775
2005-12-15,-0.0101210530767488,0.0109453360469809,0.0101210530767488,0.0001024357153823,56,0.016409524863317603,-0.005464188816336703
2005-12-16,0.0087222274627717,0.0104412058527563,0.0087222274627717,7.60772519123297e-05,56,0.014163529318468112,-0.0037223234657118125
2005-12-19,0.0102812753052596,0.0125889756193438,0.0102812753052596,0.0001057046219025,56,0.01666677763355902,-0.004077802014215218
2005-12-20,-0.0039083935559782,0.010977634731143,0.0039083935559782,1.527554018841229e-05,56,0.006433727095709795,0.004543907635433205
2005-12-21,-0.0018123453777229,0.0093351484590713,0.0018123453777229,3.2845957681536536e-06,56,0.0030677272476575634,0.006267421211413736
2005-12-22,0.0004700553088553,0.0089152401213219,0.0004700553088553,2.2095199338313405e-07,56,0.000912083955042488,0.008003156166279411
2005-12-23,-0.0115174983125762,0.0105093524910386,0.0115174983125762,0.0001326527673801,56,0.018651624146089278,-0.008142271655050678
2005-12-26,-0.021034701132134,0.014040067756483,0.021034701132134,0.0004424586517182,56,0.03393024289215183,-0.019890175135668833
2005-12-27,0.0192262741541621,0.0102492025805673,0.0192262741541621,0.000369649617851,56,0.031027316173377176,-0.02077811359280988
2005-12-28,-0.0004265254773413,0.0109574048453384,0.0004265254773413,1.819239828213032e-07,56,0.0008421763159314587,0.010115228529406942
2005-12-29,0.0048544216516262,0.0104720359218887,0.0048544216516262,2.3565409571777608e-05,56,0.007952879043704736,0.0025191568781839646
2005-12-30,0.0113726629564596,0.0093045899878559,0.0113726629564596,0.0001293374627212,56,0.018419083388980267,-0.009114493401124368
2006-01-02,0.0002312646226691,0.0088540779017574,0.0002312646226691,5.34833256983134e-08,56,0.0005285921944920771,0.008325485707265323
2006-01-03,0.0134256069940894,0.0103801652573641,0.0134256069940894,0.0001802469231597,56,0.021715118145753356,-0.011334952888389255
2006-01-04,0.0097399282884955,0.0117547959879671,0.0097399282884955,9.486620306503643e-05,56,0.015797587073172362,-0.004042791085205262
2006-01-05,0.0045213282493706,0.0130919566867055,0.0045213282493706,2.044240913855737e-05,56,0.0074179944890712755,0.005673962197634224
2006-01-06,0.0045987694809669,0.0100960863924878,0.0045987694809669,2.114868073907289e-05,56,0.007542350732226933,0.0025537356602608665
2006-01-09,0.000632254570291,0.0108105741568422,0.000632254570291,3.997458416539294e-07,56,0.0011725706007659996,0.009638003556076202
2006-01-10,-0.0102662163032109,0.0087912533323307,0.0102662163032109,0.0001053951971843,56,0.01664259894520107,-0.007851345612870372
2006-01-12,-0.0035088341835308,0.0102677112943591,0.0035088341835308,1.2311917327514482e-05,56,0.00579209596702091,0.00447561532733819
2006-01-13,0.0032673479752364,0.0120067825989889,0.0032673479752364,1.067556279128172e-05,56,0.0054043031739161775,0.006602479425072723
2006-01-16,-0.005030517392321,0.0108664395644656,0.005030517392321,2.5306105234444224e-05,56,0.008235653553857936,0.0026307860106076636
2006-01-17,-0.0078874116966814,0.0095963308974567,0.0078874116966814,6.221126327294707e-05,56,0.01282308910013533,-0.0032267582026786305
2006-01-18,-0.0010746181894959,0.0134606411529763,0.0010746181894959,1.154804253195449e-06,56,0.0018829868451900324,0.011577654307786268
2006-01-19,0.0131084426399288,0.0107088707816744,0.0131084426399288,0.0001718312684443,56,0.021205916133701846,-0.010497045352027447
2006-01-20,0.0054946216175273,0.0144067265397485,0.0054946216175273,3.019086671979868e-05,56,0.008980906386722087,0.005425820153026412
2006-01-23,-0.0043198432168311,0.0113435684898988,0.0043198432168311,1.866104541800192e-05,56,0.007094445857738671,0.004249122632160129
2006-01-24,0.005700566015499,0.0121237185378144,0.005700566015499,3.24964528970629e-05,56,0.009311606732348033,0.0028121118054663663
2006-01-25,0.0091394986147589,0.019715068835,0.0091394986147589,8.353043492918156e-05,56,0.014833519943434044,0.004881548891565954
2006-01-27,0.0165524476330243,0.0165112084536039,0.0165524476330243,0.000273983522644,56,0.026735003102301265,-0.010223794648697365
2006-01-30,-0.0054560240482384,0.0170159754220317,0.0054560240482384,2.9768198414955924e-05,56,0.008918927199093573,0.008097048222938127
2006-01-31,0.0057569423564456,0.0149095713720307,0.0057569423564456,3.3142385295438447e-05,56,0.009402134164417583,0.005507437207613116
2006-02-01,-0.0045950748401541,0.0172261491272134,0.0045950748401541,2.111471278661754e-05,56,0.007536417830071062,0.009689731297142337
2006-02-02,0.0035195013208662,0.0179152607127695,0.0035195013208662,1.2386889547579051e-05,56,0.005809225833999582,0.012106034878769916
2006-02-03,0.0018749991487734,0.0149436861501662,0.0018749991487734,3.515621807901216e-06,56,0.00316834404929931,0.01177534210086689
2006-02-06,0.0148585121537006,0.014319105143986,0.0148585121537006,0.0002207753834216,56,0.024015575465524488,-0.009696470321538487
2006-02-07,0.0097525949714681,0.0136930987673353,0.0097525949714681,9.511310867750582e-05,56,0.015817924915432505,-0.0021248261480972044
2006-02-08,7.247983035661445e-05,0.0135586176951073,7.247983035661445e-05,5.2533258085236094e-09,56,0.00027358666100198566,0.013285031034105315
2006-02-10,0.0067194802307991,0.0145700945629909,0.0067194802307991,4.515141457210057e-05,56,0.01094772986559003,0.003622364697400869
2006-02-13,0.0119965501645291,0.0162882655754496,0.0119965501645291,0.00014391721585,56,0.019420761322645592,-0.0031324957471959916
2006-02-14,-0.0069027264240177,0.0143264186552675,0.0069027264240177,4.7647632084833225e-05,56,0.011241973543162346,0.003084445112105155
2006-02-15,0.0014447786656028,0.0136103774866261,0.0014447786656028,2.087385392581017e-06,56,0.002477442340258332,0.011132935146367769
2006-02-16,0.0053148394030346,0.0153313800751983,0.0053148394030346,2.8247517880049245e-05,56,0.008692215299513466,0.0066391647756848336
2006-02-17,-0.0142335702542653,0.0122559431898792,0.0142335702542653,0.0002025945221831,56,0.023012272215785817,-0.010756329025906617
2006-02-20,0.0008256334838987,0.0149612162931705,0.0008256334838987,6.81670649734723e-07,56,0.001483129427879852,0.013478086865290648
2006-02-21,0.0075666753936296,0.0101482351626711,0.0075666753936296,5.72545765125598e-05,56,0.012308084780003165,-0.002159849617332064
2006-02-22,0.004740241216282,0.013352190454191,0.004740241216282,2.246988678853896e-05,56,0.007769527489735739,0.005582662964455262
2006-02-23,0.0006751516281327,0.0130818880990235,0.0006751516281327,4.5582972097036265e-07,56,0.0012414616885711557,0.011840426410452343
2006-02-24,0.0029261444357763,0.0148223007077061,0.0029261444357763,8.562321259024701e-06,56,0.004856374628188069,0.009965926079518031
2006-02-27,0.0058631051831795,0.0100589754841055,0.0058631051831795,3.437600238902744e-05,56,0.009572606909152835,0.0004863685749526645
2006-02-28,0.0025558237586388,0.0178592611299371,0.0025558237586388,6.532235085222953e-06,56,0.004261682730530452,0.01359757839940665
2006-03-01,0.0176225182454605,0.0209922962909694,0.0176225182454605,0.0003105531493115,56,0.028452827849770292,-0.007460531558800894
2006-03-02,0.0112119022201818,0.01708436732936,0.0112119022201818,0.0001257067513949,56,0.018160972664567815,-0.0010766053352078142
2006-03-03,0.0033534142854353,0.0133245241065121,0.0033534142854353,1.124538736976206e-05,56,0.005542513784409791,0.007782010322102309
2006-03-06,0.0157915550091197,0.0165995242443229,0.0157915550091197,0.000249373209606,56,0.025513486947938938,-0.008913962703616038
2006-03-07,0.003428110909492,0.0167564288698751,0.003428110909492,1.1751944407778698e-05,56,0.005662466020396999,0.011093962849478101
2006-03-08,-0.021292387622809,0.0142245244808063,0.021292387622809,0.0004533657706799,56,0.03434387678046338,-0.020119352299657077
2006-03-09,0.009348193577372,0.0177278104381911,0.009348193577372,8.738872316001912e-05,56,0.015168608124782853,0.002559202313408249
2006-03-10,0.012672159669163,0.0116002757679624,0.012672159669163,0.0001605836306807,56,0.02050546494190862,-0.008905189173946221
2006-03-13,-0.0013115928096918,0.0112452197303747,0.0013115928096918,1.7202756984353538e-06,56,0.0022635544543993906,0.00898166527597531
2006-03-14,-0.0022150431175295,0.0108575740081615,0.0022150431175295,4.906416012515084e-06,56,0.0037144240819727502,0.007143149926188749
2006-03-16,0.008299372040686,0.0153677283119146,0.008299372040686,6.887957626972077e-05,56,0.013484565562810538,0.0018831627491040625
2006-03-17,-0.0008140835319262,0.0123736270370959,0.0008140835319262,6.627319969534935e-07,56,0.0014645807053479145,0.010909046331747985
2006-03-20,0.0082305122751168,0.0124615170671083,0.0082305122751168,6.774133231084949e-05,56,0.013373999267634485,-0.0009124822005261851
2006-03-21,-0.0004970290466544,0.009830694891548,0.0004970290466544,2.4703787321821494e-07,56,0.000955402954614494,0.008875291936933505
2006-03-22,-0.0019724308178937,0.0137868118499222,0.0019724308178937,3.890483331377127e-06,56,0.0033248109972699126,0.010462000852652288
2006-03-23,0.0041689642260276,0.0132725745702427,0.0041689642260276,1.738026271789826e-05,56,0.006852160392998937,0.006420414177243764
2006-03-24,0.0101535485104533,0.0121825599238711,0.0101535485104533,0.0001030945473541,56,0.016461699602547765,-0.004279139678676665
2006-03-27,0.0100879054752444,0.0181685350109537,0.0100879054752444,0.0001017658368774,56,0.016356302960652224,0.0018122320503014752
2006-03-28,-0.0045066217416759,0.010300755757272,0.0045066217416759,2.0309639522546e-05,56,0.007394378541783358,0.0029063772154886425
2006-03-29,0.006362562700186,0.0127232760872683,0.006362562700186,4.048220411379891e-05,56,0.010374613463948103,0.002348662623320197
2006-03-30,0.0095554201190876,0.0205511939748913,0.0095554201190876,9.130605365226486e-05,56,0.01550133691678968,0.005049857058101619
2006-03-31,0.0081731348409997,0.0178611136445457,0.0081731348409997,6.680013312916376e-05,56,0.01328186970906309,0.00457924393548261
2006-04-03,0.023875839803835,0.0163490522736153,0.023875839803835,0.0005700557263383,56,0.038490649811034526,-0.022141597537419226
2006-04-04,0.0056764586448474,0.013792872646652,0.0056764586448474,3.222218274666299e-05,56,0.00927289580497568,0.004519976841676321
2006-04-05,0.0143969958658441,0.0160703675700512,0.0143969958658441,0.0002072734899611,56,0.023274642756171107,-0.007204275186119907
2006-04-07,-0.0114536178859316,0.0172396493054774,0.0114536178859316,0.0001311853626769,56,0.018549060870615728,-0.0013094115651383284
2006-04-10,0.0068344440912767,0.0202974071059683,0.0068344440912767,4.670962603678796e-05,56,0.011132330788892038,0.009165076317076262
2006-04-12,-0.0235222468117193,0.0153723624599571,0.0235222468117193,0.0005532960950714,56,0.03792310257932232,-0.02255074011936522
2006-04-13,-0.0160826129990897,0.0185819223991762,0.0160826129990897,0.0002586504408784,56,0.025980746065520963,-0.007398823666344763
2006-04-17,0.0252086246923864,0.02067685363397,0.0252086246923864,0.0006354747588815,56,0.04062984168521234,-0.019952988051242338
2006-04-18,0.0123333908908071,0.0160694106929986,0.0123333908908071,0.0001521125308654,56,0.01996156754133662,-0.003892156848338022
2006-04-19,-0.0022197956572195,0.0151125338605526,0.0022197956572195,4.927492759810782e-06,56,0.0037220562021321574,0.011390477658420443
2006-04-20,0.0041530946701967,0.0132702416175092,0.0041530946701967,1.7248195339616415e-05,56,0.006826676591148709,0.006443565026360491
2006-04-21,0.003142128559231,0.0160289720316508,0.003142128559231,9.872971882735256e-06,56,0.005203217578294188,0.01082575445335661
2006-04-24,-0.0023537585485122,0.0116561052800408,0.0023537585485122,5.5401793046942776e-06,56,0.003937187325674652,0.007718917954366147
2006-04-25,-0.0197060801864856,0.0153838723898258,0.0197060801864856,0.0003883295963162,56,0.031797523485559726,-0.016413651095733926
2006-04-26,0.0183018972801156,0.0174742589028247,0.0183018972801156,0.0003349594440519,56,0.029543438049381823,-0.012069179146557123
2006-04-27,-0.0041178398187117,0.0213401689795003,0.0041178398187117,1.6956604772567954e-05,56,0.006770063274228929,0.01457010570527137
2006-04-28,0.003271214737141,0.0164434774223703,0.003271214737141,1.0700845856488695e-05,56,0.0054105126656747455,0.011032964756695554
2006-05-02,0.032955216938402,0.0297047541661573,0.032955216938402,0.0010860463234571,56,0.05306220347329135,-0.023357449307134053
2006-05-03,0.0066124462330816,0.016623788012545,0.0066124462330816,4.37244451853961e-05,56,0.010775861709045249,0.005847926303499751
2006-05-04,0.0044583583334584,0.0188671053244253,0.0044583583334584,1.987695902951819e-05,56,0.0073168763245121185,0.011550228999913183
2006-05-05,0.0022365676233489,0.0130776645572644,0.0022365676233489,5.002234733812762e-06,56,0.0037489903545054218,0.009328674202758978
2006-05-08,0.0067727992881523,0.0146240120162493,0.0067727992881523,4.587081019759694e-05,56,0.01103334593975852,0.00359066607649078
2006-05-09,0.006893761825953,0.0152241445703503,0.006893761825953,4.7523952112967134e-05,56,0.011227578860196093,0.003996565710154207
2006-05-10,0.0037962158022856,0.0162142591091337,0.0037962158022856,1.4411254417523009e-05,56,0.006253587425264407,0.009960671683869294
2006-05-11,-0.0147967508564851,0.0120868770212309,0.0147967508564851,0.0002189438359088,56,0.023916422413466552,-0.011829545392235652
2006-05-12,-0.0118572954944906,0.0161156523702856,0.0118572954944906,0.0001405954564436,56,0.019197183202496765,-0.003081530832211167
2006-05-15,-0.0359335435124773,0.0175845285620121,0.0359335435124773,0.0012912195493631,56,0.05784145673441111,-0.04025692817239901
2006-05-16,0.0016752284901888,0.0188692015730091,0.0016752284901888,2.8063904943403065e-06,56,0.002847528286100871,0.01602167328690823
2006-05-17,0.024820700285265,0.0200269573786478,0.024820700285265,0.0006160671626509,56,0.04000720899071958,-0.01998025161207178
2006-05-18,-0.0669793404653787,0.0239813277467584,0.0669793404653787,0.0044862320491771,56,0.10763985003739168,-0.08365852229063328
2006-05-19,-0.0413163061347351,0.0196524239016732,0.0413163061347351,0.0017070371526191,56,0.06647819795107214,-0.046825774049398944
2006-05-22,-0.0487999022899359,0.0256640961053813,0.0487999022899359,0.0023814304635072,56,0.07848393334648415,-0.052819837241102854
2006-05-23,0.0377135114039915,0.0291136786217087,0.0377135114039915,0.0014223089424189,56,0.060697569812413144,-0.03158389119070444
2006-05-24,-0.0162962469483467,0.0216939693890105,0.0162962469483467,0.0002655676646015,56,0.026323708008047092,-0.004629738619036591
2006-05-25,0.0025407422618938,0.0262762654801804,0.0025407422618938,6.455371241373412e-06,56,0.004237463491854758,0.02203880198832564
2006-05-26,0.0186220474282197,0.0248325211551239,0.0186220474282197,0.0003467806504188,56,0.030057370424986355,-0.0052248492698624555
2006-05-29,0.004520121863473,0.0187164948121032,0.004520121863473,2.0431501660647456e-05,56,0.007416057255446431,0.01130043755665677
2006-05-30,-0.0097891797565678,0.0150468498260395,0.0097891797565678,9.582804030639869e-05,56,0.015876666036206324,-0.0008298162101668238
2006-05-31,-0.0279092119760266,0.017826454417896,0.0279092119760266,0.0007789241131227,56,0.044964223214310456,-0.027137768796414455
2006-06-01,-0.0325775795266732,0.0184267904292015,0.0325775795266732,0.0010612986878167,56,0.05245619315458562,-0.03402940272538412
2006-06-02,0.0252503707284546,0.0235715805605346,0.0252503707284546,0.0006375812219244,56,0.040696845240738064,-0.017125264680203464
2006-06-05,-0.0178768693332206,0.0204889320483806,0.0178768693332206,0.000319582457157,56,0.028861140843876972,-0.008372208795496373
2006-06-06,-0.0278718272754472,0.0196871057728334,0.0278718272754472,0.0007768387556723,56,0.044904223509192126,-0.025217117736358725
2006-06-07,-0.0418963439924554,0.0226498003381993,0.0418963439924554,0.0017553036399341,56,0.06740881352217604,-0.04475901318397674
2006-06-08,-0.0583164270746303,0.0349416772650709,0.0583164270746303,0.0034008056667506,56,0.09374796472610923,-0.05880628746103833
2006-06-09,0.0563630127925541,0.03788922328864,0.0563630127925541,0.0031767892110536,56,0.09061506664068933,-0.05272584335204933
2006-06-12,-0.0267820899967153,0.0211092855327682,0.0267820899967153,0.0007172803445921,56,0.043155251659938214,-0.022045966127170014
2006-06-13,-0.0473036960431625,0.0253048968206046,0.0473036960431625,0.0022376396593439,56,0.0760837796535283,-0.05077888283292371
2006-06-14,-0.0170320504772975,0.0236378685066571,0.0170320504772975,0.0002900907434612,56,0.027504933039644425,-0.0038670645329873243
2006-06-15,0.0630489830286352,0.0287095314437003,0.0630489830286352,0.0039751742609451,56,0.1013374657325663,-0.072627934288866
2006-06-16,0.0331894297739932,0.0243169760776611,0.0331894297739932,0.0011015382487228,56,0.05343805173738953,-0.02912107565972843
2006-06-19,0.0226260996094384,0.0272876917574977,0.0226260996094384,0.0005119403835362,56,0.036484687767332075,-0.009196996009834375
2006-06-20,-0.0084067675621799,0.015680235754446,0.0084067675621799,7.067374084452123e-05,56,0.013657007336839987,0.0020232284176060124
2006-06-21,0.0181169111290102,0.0172983249977461,0.0181169111290102,0.0003282224688564,56,0.029246480694349597,-0.011948155696603496
2006-06-22,0.0217676051669388,0.0165902127418878,0.0217676051669388,0.0004738286347037,56,0.03510668111962824,-0.018516468377740437
2006-06-23,0.0041848510552529,0.014034484624919,0.0041848510552529,1.7512978354651465e-05,56,0.006877671923379001,0.007156812701539999
2006-06-26,-0.0309065326944725,0.0166758855506094,0.0309065326944725,0.0009552137631944,56,0.04977453030598674,-0.03309864475537734
2006-06-27,0.0023152924363078,0.0175871933683785,0.0023152924363078,5.360579065624218e-06,56,0.0038754146325385565,0.013711778735839942
2006-06-28,-0.0043997331795339,0.012838679596966,0.0043997331795339,1.9357652051092253e-05,56,0.007222734917218403,0.005615944679747596
2006-06-29,0.0058668114018713,0.0206003087286659,0.0058668114018713,3.4419476025127563e-05,56,0.009578558224411166,0.011021750504254734
2006-06-30,0.0373722096244959,0.0206251719823457,0.0373722096244959,0.0013966820522172,56,0.0601499308049072,-0.0395247588225615
2006-07-03,0.0022963670177804,0.0124021761560298,0.0022963670177804,5.273301480350069e-06,56,0.0038450223001978657,0.008557153855831934
2006-07-04,0.0015334771034141,0.0149384755464525,0.0015334771034141,2.351552026695312e-06,56,0.002619885930445766,0.012318589616006733
2006-07-05,0.0151440960381265,0.0142160635207363,0.0151440960381265,0.0002293436448119,56,0.02447405672303035,-0.010257993202294048
2006-07-06,-0.0040727578394479,0.014515908074873,0.0040727578394479,1.6587356418784557e-05,56,0.006697669186580937,0.007818238888292063
2006-07-07,-0.0177936287935506,0.015180658812143,0.0177936287935506,0.0003166132256426,56,0.028727514031565083,-0.013546855219422083
2006-07-10,0.0095208046462183,0.0143802978110479,0.0095208046462183,9.064572111145296e-05,56,0.015445757448914943,-0.0010654596378670434
2006-07-11,-0.0017446290398309,0.0150007944118629,0.0017446290398309,3.043730486621625e-06,56,0.0029589802122345337,0.012041814199628366
2006-07-12,0.0112979647804054,0.0166493468169408,0.0112979647804054,0.0001276440081792,56,0.018299151239379533,-0.0016498044224387345
2006-07-13,-0.0016202975677315,0.0143990283829039,0.0016202975677315,2.625364207996769e-06,56,0.0027593133344832547,0.011639715048420646
2006-07-14,-0.0103296354806245,0.0143128470215255,0.0103296354806245,0.0001067013691625,56,0.016744424527204222,-0.002431577505678722
2006-07-17,-0.0291701415894859,0.0152451296864656,0.0291701415894859,0.0008508971603506,56,0.04698789170810781,-0.03174276202164221
2006-07-18,-0.0099457080295345,0.0142015789670458,0.0099457080295345,9.891710820874856e-05,56,0.016127989779787213,-0.0019264108127414123
2006-07-19,-0.0208558378726924,0.0146567340335159,0.0208558378726924,0.000434965973372,56,0.03364313320295891,-0.018986399169443013
2006-07-20,0.0286607801720996,0.0179482412308978,0.0286607801720996,0.0008214403200734,56,0.0461704238189141,-0.028222182588016297
2006-07-21,-0.0205925892243164,0.0150366403632353,0.0205925892243164,0.0004240547309614,56,0.03322056663526983,-0.01818392627203453
2006-07-24,0.0030582655252624,0.0161378825804193,0.0030582655252624,9.35298802300855e-06,56,0.005068544454566956,0.011069338125852344
2006-07-25,0.0219815850973843,0.0166315403392515,0.0219815850973843,0.0004831900833935,56,0.03545015220617615,-0.018818611866924653
2006-07-26,0.0172619894605088,0.0161386163133863,0.0172619894605088,0.0002979762801347,56,0.02787406224833724,-0.01173544593495094
2006-07-27,0.009670690880232,0.0164905009831168,0.009670690880232,9.352226210100364e-05,56,0.01568641820147366,0.0008040827816431402
2006-07-28,0.007166272810832,0.0168420879570814,0.007166272810832,5.135546599927021e-05,56,0.011665155308795454,0.005176932648285944
2006-07-31,0.0094520162421323,0.0179498664032208,0.0094520162421323,8.934061104153364e-05,56,0.015335308933783319,0.00261455746943748
2006-08-01,-0.0040263602137125,0.0124628430127697,0.0040263602137125,1.6211576570567428e-05,56,0.00662316231090491,0.00583968070186479
2006-08-02,0.0135135604136557,0.0125394403686519,0.0135135604136557,0.0001826163150535,56,0.021856325197043308,-0.009316884828391409
2006-08-03,-0.0026146130670085,0.00944010408558,0.0026146130670085,6.8362014901717164e-06,56,0.004356091864391457,0.005084012221188542
2006-08-04,-0.0061531158681408,0.0126768222900894,0.0061531158681408,3.786083488676665e-05,56,0.010038294258951965,0.002638528031137434
2006-08-07,-0.0016209714898107,0.0113102270869928,0.0016209714898107,2.6275485707793864e-06,56,0.002760395603616208,0.008549831483376591
2006-08-08,0.0140437811811687,0.0122209713051144,0.0140437811811687,0.0001972277898645,56,0.022707575359541442,-0.010486604054427043
2006-08-09,0.0134886357044757,0.0120824774392906,0.0134886357044757,0.000181943293168,56,0.021816309219536027,-0.009733831780245427
2006-08-10,0.0068155763388447,0.0130417013213685,0.0068155763388447,4.645208083061996e-05,56,0.01110203430667747,0.0019396670146910305
2006-08-11,0.0062762306269457,0.0123049191575242,0.0062762306269457,3.939107088261214e-05,56,0.010235985958317541,0.0020689331992066583
2006-08-14,0.0123780999523329,0.0129773604041225,0.0123780999523329,0.0001532173584299,56,0.020033348734371143,-0.0070559883302486436
2006-08-16,0.0188384636109886,0.0182944994366281,0.0188384636109886,0.0003548877112225,56,0.03040477796599805,-0.01211027852936995
2006-08-17,0.0004998835993967,0.0154154830071406,0.0004998835993967,2.498836129458701e-07,56,0.00095998727756786,0.01445549572957274
2006-08-18,0.0049234975709889,0.015365213327893,0.0049234975709889,2.424082833153429e-05,56,0.008063801283780272,0.0073014120441127275
2006-08-21,0.005278667689167,0.0113541396186624,0.005278667689167,2.786433257265618e-05,56,0.008634131255172543,0.0027200083634898575
2006-08-22,-0.0052494739719386,0.0128218444768159,0.0052494739719386,2.75569769820618e-05,56,0.008587252346275076,0.0042345921305408235
2006-08-23,-0.010959170347344,0.0111398432263838,0.010959170347344,0.0001201034147021,56,0.017755194936228385,-0.006615351709844584
2006-08-24,0.0049250735310568,0.0108451412774129,0.0049250735310568,2.425634928631694e-05,56,0.008066331961276865,0.002778809316136036
2006-08-25,0.0105989021345387,0.0119668632284929,0.0105989021345387,0.0001123367264575,56,0.017176756304305492,-0.0052098930758125925
2006-08-28,0.0048306080997996,0.010179201202293,0.0048306080997996,2.3334774613850148e-05,56,0.007914639155710869,0.0022645620465821317
2006-08-29,0.0026083341014158,0.011100449028212,0.0026083341014158,6.803406784608642e-06,57,0.004346008545658025,0.0067544404825539755
2006-08-30,0.0018551293823179,0.0115684680302428,0.0018551293823179,3.441505025139232e-06,57,0.003136434855273723,0.008432033174969076
2006-08-31,-0.0056616376260225,0.0111541366439242,0.0056616376260225,3.205414060839433e-05,57,0.009249096625206028,0.001905040018718173
2006-09-01,0.0099620602914247,0.0133497014970281,0.0099620602914247,9.924264524998162e-05,57,0.01615424512125638,-0.0028045436242282815
2006-09-04,0.0140706075680372,0.0161930620268712,0.0140706075680372,0.0001979819973337,57,0.022750643863927014,-0.006557581837055813
2006-09-05,0.0033149107370478,0.0125171766945145,0.0033149107370478,1.0988633194595208e-05,57,0.005480682436951013,0.007036494257563486
2006-09-06,0.004285694077948,0.0106026246225387,0.004285694077948,1.836717372975939e-05,57,0.007039608345244178,0.003563016277294521
2006-09-07,-0.004186515200233,0.0112450722514134,0.004186515200233,1.7526909521782302e-05,57,0.006880344255018466,0.004364727996394935
2006-09-08,0.0024206175380119,0.0095960364285865,0.0024206175380119,5.859389265330843e-06,57,0.004044555979590618,0.005551480448995882
2006-09-11,-0.0278980433677161,0.016755306812643,0.0278980433677161,0.0007783008237469,57,0.04494629842190626,-0.028190991609263263
2006-09-12,0.0055537890100436,0.0145682631937169,0.0055537890100436,3.084457236808128e-05,57,0.009075916065893634,0.005492347127823266
2006-09-13,0.0182919634616465,0.0154590850405072,0.0182919634616465,0.0003345959272822,57,0.029527491372720486,-0.014068406332213287
2006-09-14,0.0057757718643376,0.0098554500093866,0.0057757718643376,3.3359540628874334e-05,57,0.009432369994719067,0.00042308001466753384
2006-09-15,0.0019034851957819,0.0105346245319608,0.0019034851957819,3.6232558905610255e-06,57,0.0032140902477954883,0.007320534284165311
2006-09-18,0.0061815684449881,0.0104813971621577,0.0061815684449881,3.821178844007267e-05,57,0.010083982076001327,0.0003974150861563736
2006-09-19,-0.0119052612471999,0.0110896396092284,0.0119052612471999,0.000141735245364,57,0.019274193936995237,-0.008184554327766836
2006-09-20,0.0076191615078758,0.0085493356769337,0.0076191615078758,5.8051622083096336e-05,57,0.012392361680473068,-0.003843026003539368
2006-09-21,0.0107924403975827,0.0097793287762615,0.0107924403975827,0.0001164767697353,57,0.017487497649989414,-0.007708168873727914
2006-09-22,-0.0024985363236016,0.0116477151676467,0.0024985363236016,6.242683760356904e-06,57,0.004169685312804923,0.007478029854841777
2006-09-25,-0.0032699741743005,0.0103434570716417,0.0032699741743005,1.069273110059244e-05,57,0.005408520491166857,0.004934936580474843
2006-09-26,0.0060180971874405,0.010242054753686,0.0060180971874405,3.621749375748013e-05,57,0.009821487157021169,0.00042056759666483055
2006-09-27,-0.0031405093425272,0.0211389110755237,0.0031405093425272,9.862798930500764e-06,57,0.005200617329427467,0.015938293746096233
2006-09-28,0.0195159302373858,0.0395116485940401,0.0195159302373858,0.0003808715330305,57,0.03149228685114331,0.008019361742896788
2006-09-29,0.0087577750923322,0.0130829977906117,0.0087577750923322,7.669862456787522e-05,57,0.014220606559836467,-0.0011376087692247672
2006-10-03,-0.0012132248079516,0.0117334049655834,0.0012132248079516,1.471914434629376e-06,57,0.0021055813611250943,0.009627823604458307
2006-10-04,-0.0058332222695365,0.0119942228408144,0.0058332222695365,3.4026482045816935e-05,57,0.009524621961289606,0.002469600879524794
2006-10-05,0.0170923975983461,0.0145707267872941,0.0170923975983461,0.0002921500556599,57,0.02760181060905871,-0.01303108382176461
2006-10-06,0.0055609817980317,0.0116480258763714,0.0055609817980317,3.0924518558040506e-05,57,0.009087466075329325,0.002560559801042075
2006-10-09,0.0013253987455992,0.010531074956019,0.0013253987455992,1.756681834836021e-06,57,0.0022857259274825068,0.008245349028536493
2006-10-10,0.0005774517546706,0.0104405209692552,0.0005774517546706,3.334505289722321e-07,57,0.0010845592045969858,0.009355961764658215
2006-10-11,-0.0095269748443878,0.0101609625091904,0.0095269748443878,9.07632496855993e-05,57,0.015455664476555836,-0.005294701967365435
2006-10-12,0.0147484628712777,0.0133948270544466,0.0147484628712777,0.0002175171570654,57,0.023838899635117365,-0.010444072580670765
2006-10-13,0.0043444718384437,0.0126504246291728,0.0043444718384437,1.88744355550304e-05,57,0.007133995065980966,0.005516429563191833
2006-10-16,0.0030022250090495,0.0113607936095294,0.0030022250090495,9.013355004962704e-06,57,0.004978550526078988,0.0063822430834504125
2006-10-17,-0.0046639988275702,0.0115127469004214,0.0046639988275702,2.175288506357701e-05,57,0.007647096777839022,0.0038656501225823774
2006-10-18,0.0040016117478939,0.0159406099840049,0.0040016117478939,1.601289658088285e-05,57,0.006583420354483407,0.009357189629521492
2006-10-19,-0.003635285107041,0.0126777525858833,0.003635285107041,1.3215297809474777e-05,57,0.00599515743139746,0.00668259515448584
2006-10-20,0.0013599966056589,0.0101815179436135,0.0013599966056589,1.8495907674038248e-06,57,0.002341287903748611,0.007840230039864888
2006-10-23,-0.0010260290154746,0.0115741847629778,0.0010260290154746,1.052735540595931e-06,57,0.0018049551626142307,0.009769229600363569
2006-10-26,0.0009493064558275,0.0144182691603325,0.0009493064558275,9.011827470758552e-07,57,0.001681742545233233,0.012736526615099266
2006-10-27,0.0138488786225185,0.0152051428722164,0.0138488786225185,0.0001917914391012,57,0.0223946676318878,-0.0071895247596714
2006-10-30,0.0044026207562426,0.0137961196986043,0.0044026207562426,1.938306952329843e-05,57,0.0072273718468693115,0.006568747851734989
2006-10-31,-0.003159565604783,0.0153481907448455,0.003159565604783,9.98285481092786e-06,57,0.005231219171653335,0.010116971573192166
2006-11-01,0.0048084367552199,0.0114562806308983,0.0048084367552199,2.3121064028949742e-05,57,0.007879036310681889,0.003577244320216411
2006-11-02,0.0068884095079477,0.0120379852890468,0.0068884095079477,4.7450185549185616e-05,57,0.011218984505677033,0.0008190007833697669
2006-11-03,0.0010442611301466,0.0134057675237849,0.0010442611301466,1.090481307935066e-06,57,0.0018342349996359787,0.011571532524148921
2006-11-06,0.0016998321090455,0.0139217082213551,0.0016998321090455,2.889429198942074e-06,57,0.0028870398199532738,0.011034668401401826
2006-11-07,-0.0045389585412041,0.0147918185290611,0.0045389585412041,2.060214463877018e-05,57,0.007446305485247653,0.007345513043813447
2006-11-08,-0.0071586813547351,0.0118166016303013,0.0071586813547351,5.124671873863261e-05,57,0.011652965591106873,0.0001636360391944272
2006-11-09,0.0029968241928235,0.0122347406343404,0.0029968241928235,8.980955242692667e-06,57,0.0049698774970666415,0.007264863137273759
2006-11-10,0.0067365177242375,0.0118236550568063,0.0067365177242375,4.5380671048967176e-05,57,0.01097508751220404,0.0008485675446022606
2006-11-13,0.0100234860961411,0.0130375280345543,0.0100234860961411,0.0001004702735195,57,0.016252870865051627,-0.0032153428304973267
2006-11-14,-0.0020119890810801,0.0149674723211078,0.0020119890810801,4.048100062385562e-06,57,0.0033883380898413976,0.011579134231266403
2006-11-15,0.0077030343544434,0.0170917067294548,0.0077030343544434,5.9336738265736775e-05,57,0.012527036007665061,0.004564670721789739
2006-11-16,-3.695185172138075e-05,0.0132975602957922,3.695185172138075e-05,1.365439345638909e-09,57,0.0002165292320957262,0.013081031063696473
2006-11-17,-0.0100679414905771,0.0141516363729316,0.0100679414905771,0.0001013634458576,57,0.01632424869822685,-0.0021726123252952517
2006-11-20,-0.0099613190802315,0.0147424492503047,0.0099613190802315,9.922787781818524e-05,57,0.01615305502599559,-0.0014106057756908905
2006-11-21,0.0130420045688502,0.0125124300275416,0.0130420045688502,0.0001700938831739,57,0.021099250448241534,-0.008586820420699933
2006-11-22,0.0040141674198731,0.0119992993465511,0.0040141674198731,1.6113540074770756e-05,57,0.006603582696843205,0.005395716649707895
2006-11-23,0.0016985420201245,0.0145556835945387,0.0016985420201245,2.8850449941288137e-06,57,0.002884968036192746,0.011670715558345953
2006-11-24,0.0079473595587576,0.0122721568890192,0.0079473595587576,6.316052395617701e-05,57,0.012919346581481894,-0.0006471896924626942
2006-11-27,0.0045697450198931,0.0137350133524965,0.0045697450198931,2.0882569546838424e-05,57,0.007495742862050902,0.006239270490445598
2006-11-28,-0.0072167741901397,0.0115103654273951,0.0072167741901397,5.208182971146787e-05,57,0.01174624609363373,-0.0002358806662386293
2006-11-29,0.003193626073677,0.0120913229514751,0.003193626073677,1.0199247498469896e-05,57,0.00528591575513783,0.00680540719633727
2006-11-30,-0.0033379472810171,0.0140419639571265,0.0033379472810171,1.1141892050849896e-05,57,0.005517675931708014,0.008524288025418486
2006-12-01,0.011892003820032,0.0129484145821276,0.011892003820032,0.0001414197548556,57,0.019252908671441724,-0.006304494089314125
2006-12-04,0.0092367218988672,0.0149460554933248,0.0092367218988672,8.531703143701332e-05,57,0.014989625371543934,-4.3569878219134814e-05
2006-12-05,-0.0001800343148471,0.0127707469524741,0.0001800343148471,3.241235452248829e-08,57,0.0004463173422035615,0.012324429610270539
2006-12-06,-0.0044892966712351,0.0126126755261794,0.0044892966712351,2.0153784602362625e-05,57,0.007366557653640476,0.005246117872538925
2006-12-07,0.0046590502681043,0.0120120162755061,0.0046590502681043,2.17067494007228e-05,57,0.007639150329003326,0.004372865946502773
2006-12-08,-0.0104869835484628,0.0107542241721838,0.0104869835484628,0.0001099768239457,57,0.016997061305687875,-0.006242837133504075
2006-12-11,-0.0318332668654257,0.0183963517056108,0.0318332668654257,0.0010133568793254,57,0.05126174806454469,-0.03286539635893389
2006-12-12,-0.0332547598108103,0.0166925530996486,0.0332547598108103,0.0011058790500746,57,0.053542888407327766,-0.036850335307679165
2006-12-13,0.0189130587070261,0.0226430758739385,0.0189130587070261,0.0003577037896554,57,0.030524523214171647,-0.007881447340233147
2006-12-14,0.0211702125119994,0.0139208468347789,0.0211702125119994,0.0004481778978032,57,0.034147763725226314,-0.020226916890447415
2006-12-15,0.0139740358196268,0.017845863760033,0.0139740358196268,0.0001952736770882,57,0.022595602328605184,-0.004749738568572186
2006-12-18,0.0035086856504068,0.0178939777152392,0.0035086856504068,1.2310874993371202e-05,57,0.005791857444453699,0.0121021202707855
2006-12-19,-0.0184486356810871,0.0123835428004258,0.0184486356810871,0.0003403521584934,57,0.029778995553966847,-0.017395452753541048
2006-12-20,-0.0011442109387916,0.0141633783980095,0.0011442109387916,1.3092186724504397e-06,57,0.0019947490191665317,0.012168629378842968
2006-12-21,0.009955827889629,0.0186791705419984,0.009955827889629,9.911850896791596e-05,57,0.016144238321047458,0.0025349322209509417
2006-12-22,0.0109672209631468,0.011447715067848,0.0109672209631468,0.0001202799356544,57,0.017768120769547882,-0.006320405701699882
2006-12-26,0.0107168678234022,0.0120144889921445,0.0107168678234022,0.0001148512559442,57,0.017366159935134087,-0.005351670942989587
2006-12-27,0.0093743114656743,0.0137534084991364,0.0093743114656743,8.787771545547442e-05,57,0.01521054383436796,-0.0014571353352315596
2006-12-28,0.0034586551186538,0.0129519282968152,0.0034586551186538,1.1962295229790412e-05,57,0.005711515648327683,0.007240412648487518
2006-12-29,0.0036436412055499,0.011034660224954,0.0036436412055499,1.327612123478136e-05,57,0.0060085760672037684,0.005026084157750231
2007-01-02,0.0084306527156588,0.0125692642411906,0.0084306527156588,7.107590521204533e-05,57,0.01369535895313944,-0.0011260947119488395
2007-01-03,0.0001885930197891,0.0104134158881504,0.0001885930197891,3.55673271131851e-08,57,0.00046006245853703,0.009953353429613369
2007-01-04,-0.0019540194281997,0.0122208004275365,0.0019540194281997,3.818191925782115e-06,57,0.0032952439039137054,0.008925556523622794
2007-01-05,-0.0018813331162036,0.0135676055934694,0.0018813331162036,3.5394142941246383e-06,57,0.003178515871569998,0.010389089721899402
2007-01-08,-0.010519346026468,0.01058807739084,0.010519346026468,0.0001106566408245,57,0.017049022120472063,-0.006460944729632063
2007-01-09,-0.0070923038845577,0.0110806933394589,0.0070923038845577,5.0300774390913376e-05,57,0.01154638217402866,-0.0004656888345697611
2007-01-10,-0.0092186208889767,0.0121743804536801,0.0092186208889767,8.498297109467855e-05,57,0.014960561724134552,-0.002786181270454451
2007-01-11,0.0183418359298908,0.0143693115903356,0.0183418359298908,0.000336422945279,57,0.029607551195784506,-0.015238239605448905
2007-01-12,0.0234116396712169,0.0190721965646975,0.0234116396712169,0.0005481048720949,57,0.03774556760785302,-0.01867337104315552
2007-01-15,0.0077762020552627,0.0159168321532933,0.0077762020552627,6.046931840427206e-05,57,0.012644520902359058,0.003272311250934242
2007-01-16,0.0024112930309543,0.0135790065932769,0.0024112930309543,5.814334081128831e-06,57,0.004029581791432038,0.009549424801844862
2007-01-17,0.0095923934705386,0.0141193877701638,0.0095923934705386,9.20140124936326e-05,57,0.015560702203058257,-0.0014413144328944572
2007-01-18,0.0056335161221744,0.0142348558397848,0.0056335161221744,3.173650389879938e-05,57,0.009203939873577672,0.005030915966207129
2007-01-19,-0.0041093586151894,0.0136733198573966,0.0041093586151894,1.6886828228231356e-05,57,0.006756443891607294,0.006916875965789306
2007-01-22,0.0050712776492145,0.013431193934423,0.0050712776492145,2.5717856995423256e-05,57,0.008301106199224393,0.005130087735198607
2007-01-23,-0.0153927771162123,0.0159171631446214,0.0153927771162123,0.0002369375873493,57,0.024873291055944484,-0.008956127911323084
2007-01-24,0.004829637843185,0.0158064034623136,0.004829637843185,2.332540169632523e-05,57,0.00791308111365854,0.007893322348655061
2007-01-25,0.0108718685048608,0.0142302365679091,0.0108718685048608,0.0001181975247869,57,0.01761502549242978,-0.00338478892452068
2007-01-29,-0.0027194118642149,0.0167979867554334,0.0027194118642149,7.395200887232757e-06,57,0.004524386827796614,0.012273599927636786
2007-01-31,-0.0075677570818817,0.0134078775195681,0.0075677570818817,5.727094725037142e-05,57,0.012309821646791442,0.0010980558727766588
2007-02-01,0.0090108455467374,0.0136490300112637,0.0090108455467374,8.119533746715826e-05,57,0.014626949097860787,-0.0009779190865970878
2007-02-02,0.0048857408894573,0.0133090711757057,0.0048857408894573,2.387046403891532e-05,57,0.008003171556690843,0.005305899619014858
2007-02-05,0.005679888244939,0.0135901078208519,0.005679888244939,3.226113047499697e-05,57,0.009278402960214776,0.004311704860637124
2007-02-06,0.0035961885667034,0.0122936206468929,0.0035961885667034,1.2932572207288556e-05,57,0.005932374240123518,0.006361246406769382
2007-02-07,0.0072871739391847,0.0162026643710724,0.0072871739391847,5.3102904019934006e-05,57,0.011859287812567733,0.004343376558504667
2007-02-08,-0.0028135567004024,0.0109315605690563,0.0028135567004024,7.916101306379564e-06,57,0.004675572383771641,0.00625598818528466
2007-02-09,-0.0099957892215702,0.0163178313277472,0.0099957892215702,9.991580216205987e-05,57,0.016208400568303447,0.00010943075944375158
2007-02-12,-0.0334622058393576,0.0206524584052986,0.0334622058393576,0.0011197192196355,57,0.053875780925972845,-0.033223322520674246
2007-02-13,-0.0033822388728753,0.012958372077092,0.0033822388728753,1.1439539793189442e-05,57,0.005588802028857111,0.00736957004823489
2007-02-14,-0.0032618507034927,0.0178740589997928,0.0032618507034927,1.0639670011875927e-05,57,0.005395475304961256,0.012478583694831543
2007-02-15,0.0216608265741432,0.0181976203913847,0.0216608265741432,0.0004691914078751,57,0.034935284210436665,-0.016737663819051965
2007-02-19,0.0013131242657988,0.0143121927201342,0.0013131242657988,1.724295337429789e-06,57,0.0022660138778690534,0.012046178842265148
2007-02-20,-0.0088431603237673,0.0128022404128942,0.0088431603237673,7.820148451185264e-05,57,0.014357705616550335,-0.001555465203656136
2007-02-21,0.0016877360300247,0.0139154071979138,0.0016877360300247,2.8484529070436653e-06,57,0.0028676144432359827,0.011047792754677817
2007-02-22,-0.018467436959036,0.0160384543566781,0.018467436959036,0.0003410462278359,57,0.029809176974776124,-0.013770722618098023
2007-02-23,-0.0224784517087985,0.0148949382389403,0.0224784517087985,0.0005052807912247,57,0.0362476937176859,-0.0213527554787456
2007-02-26,0.0041509564911198,0.0140532163709145,0.0041509564911198,1.723043979117039e-05,57,0.006823243039250933,0.007229973331663568
2007-02-27,-0.0042552655470965,0.0147835799738671,0.0042552655470965,1.8107284876306523e-05,57,0.006990745437660952,0.007792834536206147
2007-02-28,-0.0353758091324051,0.0193804381201592,0.0353758091324051,0.0012514478717723,57,0.05694649867743391,-0.03756606055727471
2007-03-01,0.0027746827390748,0.0189339825053295,0.0027746827390748,7.698864302519674e-06,57,0.004613145405870171,0.014320837099459329
2007-03-02,-0.0113836068029379,0.0182763086973046,0.0113836068029379,0.0001295865038438,57,0.01843665433609735,-0.00016034563879275057
2007-03-05,-0.0452848658827952,0.0238577619323107,0.0452848658827952,0.0020507190780227,57,0.07284511876961315,-0.04898735683730245
2007-03-06,0.0092099253260613,0.0235399516033565,0.0092099253260613,8.482272451162633e-05,57,0.014946599803978491,0.008593351799378009
2007-03-07,-0.0147527995760021,0.0213961198646376,0.0147527995760021,0.0002176450953296,57,0.023845861896490683,-0.002449742031853084
2007-03-08,0.0344422322240604,0.0217054176574919,0.0344422322240604,0.0011862673605761,57,0.05544842544107764,-0.03374300778358574
2007-03-09,-0.0103464155797594,0.0193689353687108,0.0103464155797594,0.000107048315349,57,0.01677136656282469,0.0025975688058861093
2007-03-12,0.0082658847657075,0.0158791213397801,0.0082658847657075,6.832485095995565e-05,57,0.013430795958054607,0.0024483253817254927
2007-03-13,0.0119702846686295,0.0120123225038568,0.0119702846686295,0.000143287715048,57,0.019378591230004547,-0.007366268726147747
2007-03-14,-0.0216627167603427,0.0144106118339433,0.0216627167603427,0.0004692732974388,57,0.034938318268730846,-0.020527706434787546
2007-03-15,0.0023199434628729,0.0131149280307745,0.0023199434628729,5.38213767092702e-06,57,0.003882883714683749,0.009232044316090753
2007-03-16,-0.0080311188669144,0.01250632943812,0.0080311188669144,6.449887025450872e-05,57,0.013053837554742929,-0.0005475081166229287
2007-03-19,0.016129685972225,0.014275443309106,0.016129685972225,0.0002601667695625,57,0.026056315843767358,-0.011780872534661358
2007-03-20,0.0107674671379548,0.0166769722767043,0.0107674671379548,0.0001159383485669,57,0.017447401140482634,-0.0007704288637783337
2007-03-21,0.0091911172721357,0.0164475565200329,0.0091911172721357,8.447663671015297e-05,57,0.014916400881226194,0.0015311556388067065
2007-03-22,0.0160984509716975,0.0175171023058103,0.0160984509716975,0.0002591601236881,57,0.026006171961552686,-0.008489069655742386
2007-03-23,0.0016575744411002,0.0157722308216246,0.0016575744411002,2.7475530277888487e-06,57,0.002819177216633012,0.012953053604991587
2007-03-26,-0.0050957771325473,0.0104282406067766,0.0050957771325473,2.5966944584592325e-05,57,0.008340447333866888,0.0020877932729097114
2007-03-28,-0.0136370926142412,0.0138091070245676,0.0136370926142412,0.0001859702949693,57,0.022054652608960133,-0.008245545584392533
2007-03-29,0.0033473285706067,0.0152858638612601,0.0033473285706067,1.1204608559600377e-05,57,0.005532740975945247,0.009753122885314852
2007-03-30,0.0110666074710485,0.0141482233708675,0.0110666074710485,0.0001224698009182,57,0.017927692637278465,-0.003779469266410965
2007-04-02,-0.0386609214893491,0.0204149838948012,0.0386609214893491,0.0014946668504056,57,0.06221772242451726,-0.041802738529716055
2007-04-03,0.0109586156962683,0.0106682243426168,0.0109586156962683,0.0001200912579784,57,0.01775430440458937,-0.007086080061972571
2007-04-04,0.0082256935083428,0.0157433848132276,0.0082256935083428,6.766203369319327e-05,57,0.013366261895161621,0.002377122918065978
2007-04-05,0.0120700272150105,0.01362873190707,0.0120700272150105,0.000145685556971,57,0.0195387309347836,-0.005909999027713598
2007-04-09,0.0220112222692318,0.0163625763942487,0.0220112222692318,0.0004844939057855,57,0.03549772434158621,-0.019135147947337512
2007-04-10,0.0045274778835017,0.0126505181275088,0.0045274778835017,2.0498055985597417e-05,57,0.007427869668319298,0.005222648459189502
2007-04-11,-0.0009485626646613,0.0113104438887092,0.0009485626646613,8.997711287894487e-07,57,0.0016805480524935475,0.009629895836215652
2007-04-12,-0.0066409222867218,0.0119110587723778,0.0066409222867218,4.410184881827937e-05,57,0.010821586726367769,0.0010894720460100302
2007-04-13,0.0168384537907976,0.014080268012589,0.0168384537907976,0.0002835335260648,57,0.027194143849570043,-0.013113875836981044
2007-04-16,0.0218872241556232,0.0134310462179975,0.0218872241556232,0.0004790505812384,57,0.035298688425530134,-0.021867642207532633
2007-04-17,-0.0011597724242178,0.0148159022322297,0.0011597724242178,1.3450720759760817e-06,57,0.0020197398940035006,0.012796162338226199
2007-04-18,0.0034603307862503,0.0136145433404188,0.0034603307862503,1.1973889150271618e-05,57,0.005714206529611835,0.007900336810806966
2007-04-19,-0.0007501176945973,0.0109026202176493,0.0007501176945973,5.626765557480285e-07,57,0.0013618542496619298,0.00954076596798737
2007-04-20,0.0104632615969168,0.0109965088367022,0.0104632615969168,0.0001094798432455,57,0.016958973593446624,-0.005962464756744425
2007-04-23,-0.0054648742860422,0.0131221699924132,0.0054648742860422,2.986485096224544e-05,57,0.008933138735022224,0.004189031257390976
2007-04-24,0.01482007598487,0.0164155565403335,0.01482007598487,0.0002196346521973,57,0.023953869145103012,-0.007538312604769511
2007-04-25,0.0103753868883774,0.0171095528063884,0.0103753868883774,0.0001076486530835,57,0.016817882712662064,0.00029167009372633654
2007-04-26,0.0056120079753923,0.0123775614261257,0.0056120079753923,3.149463351586696e-05,57,0.00916940265186582,0.0032081587742598793
2007-04-27,-0.0160749763118705,0.0135371939154386,0.0160749763118705,0.0002584048634272,57,0.025968486310179624,-0.012431292394741025
2007-04-30,0.0070608513572342,0.0161169142139412,0.0070608513572342,4.985562188895713e-05,57,0.011495878264880875,0.004621035949060326
2007-05-03,0.0166312856534712,0.0136104399425805,0.0166312856534712,0.0002765996624873,57,0.026861566239145745,-0.013251126296565245
2007-05-04,-0.0043665999282389,0.0112782382532796,0.0043665999282389,1.9067194933296537e-05,57,0.007169528842914617,0.004108709410364983
2007-05-07,-0.0034006286890133,0.0107174212243848,0.0034006286890133,1.1564275480540733e-05,57,0.005618333477673245,0.005099087746711555
2007-05-08,-0.0099486910112496,0.0113021011391049,0.0099486910112496,9.897645283731931e-05,57,0.016132779283310205,-0.004830678144205305
2007-05-09,0.0054925685012534,0.0145334635702914,0.0054925685012534,3.0168308740961816e-05,57,0.008977609536013188,0.005555854034278213
2007-05-10,-0.0002150464249685,0.0119318075508194,0.0002150464249685,4.6244964891771246e-08,57,0.0005025461033492747,0.011429261447470125
2007-05-11,0.0001549598534423,0.0133559185628641,0.0001549598534423,2.401255617886192e-08,57,0.00040604822103956946,0.012949870341824531
2007-05-14,0.012148558777123,0.0146125077132938,0.012148558777123,0.0001475874803612,57,0.019664815490114382,-0.0050523077768205825
2007-05-15,0.00817962822164,0.0156796815448936,0.00817962822164,6.690631784425057e-05,57,0.013292295979632338,0.002387385565261262
2007-05-16,0.008171174814468,0.0138635576615314,0.008171174814468,6.67680978485962e-05,57,0.013278722539642235,0.0005848351218891643
2007-05-17,0.0092873476607036,0.0161027128391854,0.0092873476607036,8.625482657077719e-05,57,0.015070911891061661,0.0010318009481237386
2007-05-18,-0.0058752565663223,0.0109051939229136,0.0058752565663223,3.451863972011375e-05,57,0.009592119169676564,0.0013130747532370361
2007-05-21,0.0044177477135137,0.0153322666555124,0.0044177477135137,1.9516494860256384e-05,57,0.007251663018604383,0.008080603636908018
2007-05-22,0.008587675871797,0.0194013575285216,0.008587675871797,7.374817687904452e-05,57,0.013947485401991623,0.005453872126529976
2007-05-23,-0.0042355279401246,0.0124152196593365,0.0042355279401246,1.7939696931576576e-05,57,0.006959050268306641,0.005456169391029859
2007-05-24,-0.0044003359468261,0.0182941870306513,0.0044003359468261,1.936295644493076e-05,57,0.007223702853272546,0.011070484177378756
2007-05-25,0.0092926873077815,0.0160224803035948,0.0092926873077815,8.63540374002043e-05,57,0.015079485412187463,0.0009429948914073377
2007-05-28,0.0069565238932802,0.0109214057408635,0.0069565238932802,4.839322467777893e-05,57,0.011328357442699345,-0.00040695170183584553
2007-05-29,0.0054841985784258,0.0136355105180333,0.0054841985784258,3.0076434047607706e-05,57,0.008964169289220678,0.004671341228812622
2007-05-30,-0.0097084138738229,0.0164241391810039,0.0097084138738229,9.42532999454382e-05,57,0.0157469869648865,0.0006771522161173986
2007-05-31,0.0081745286164195,0.0144097000498143,0.0081745286164195,6.682291810066166e-05,57,0.013284107662037447,0.0011255923877768522
2007-06-01,0.0082237724301438,0.014995943898311,0.0082237724301438,6.76304329827947e-05,57,0.013363177268023768,0.0016327666302872312
2007-06-04,-0.0058852752824424,0.0164341720861463,0.0058852752824424,3.463646515012847e-05,57,0.009608206864830828,0.006825965221315471
2007-06-05,0.0037404788025915,0.0140924423108015,0.0037404788025915,1.3991181672636645e-05,57,0.006164082470865581,0.007928359839935919
2007-06-06,-0.0190805410838837,0.0122957096767564,0.0190805410838837,0.0003640670480537,57,0.030793376829396715,-0.018497667152640316
2007-06-07,-0.0088467310281543,0.0114351693338327,0.0088467310281543,7.826464988450844e-05,57,0.014363438922873832,-0.0029282695890411325
2007-06-08,-0.0106365559808268,0.0119919641264098,0.0106365559808268,0.0001131363231332,57,0.01723721271376359,-0.005245248587353792
2007-06-11,0.0009132253203904,0.0132992681512175,0.0009132253203904,8.339804858022872e-07,57,0.0016237979576682175,0.011675470193549283
2007-06-12,-0.0014454559141758,0.0157455049793776,0.0014454559141758,2.089342799825848e-06,57,0.002478529956017466,0.013266975023360134
2007-06-13,-0.0066022090842597,0.0095207126426887,0.0066022090842597,4.3589164792281714e-05,57,0.010759423545674135,-0.0012387109029854352
2007-06-14,0.0134205494110963,0.0138417895503608,0.0134205494110963,0.0001801111464956,57,0.021706998311735396,-0.007865208761374596
2007-06-15,0.0008181023470164,0.0091884837892718,0.0008181023470164,6.692914501937679e-07,57,0.0014710347488662654,0.007717449040405534
2007-06-18,-0.0036788985235968,0.0098662031776532,0.0036788985235968,1.353429434692296e-05,57,0.006065193981107059,0.0038010091965461406
2007-06-19,0.012903413939259,0.0137410323234897,0.012903413939259,0.0001664980912878,57,0.020876743982039685,-0.007135711658549985
2007-06-20,0.0108094553580749,0.0130253623073941,0.0108094553580749,0.0001168443251382,57,0.017514816478043493,-0.0044894541706493925
2007-06-21,0.008239742192181,0.0144780449076226,0.008239742192181,6.789335139360926e-05,57,0.01338881951058918,0.0010892253970334193
2007-06-22,-0.001164818096787,0.0101245543631582,0.001164818096787,1.356801198602602e-06,57,0.0020278429598362966,0.008096711403321903
2007-06-25,-0.0001480007514533,0.0123519693950017,0.0001480007514533,2.1904222430745665e-08,57,0.00039487202774076975,0.011957097367260932
2007-06-26,-0.0013722335699159,0.0079177132753737,0.0013722335699159,1.8830249704042488e-06,57,0.00236093968392332,0.005556773591450379
2007-06-27,-0.0036749595187641,0.0102969297124336,0.0036749595187641,1.3505327464555055e-05,57,0.006058868538160879,0.004238061174272721
2007-06-28,0.0070501902644886,0.0172330926963301,0.0070501902644886,4.970518276549061e-05,57,0.011478759541080371,0.005754333155249728
2007-06-29,0.0129476961422124,0.0185162184183759,0.0129476961422124,0.000167642835391,57,0.020947838886033174,-0.002431620467657273
2007-07-02,0.0034839142815822,0.014690493124089,0.0034839142815822,1.2137658721412953e-05,57,0.005752078221674733,0.008938414902414267
2007-07-03,0.0062313046157347,0.0116308377358678,0.0062313046157347,3.882915721407664e-05,57,0.010163846018628448,0.001466991717239352
2007-07-04,0.0072990598885403,0.0167987985604504,0.0072990598885403,5.327627525649868e-05,57,0.011878373204983268,0.004920425355467134
2007-07-05,5.654509805618629e-05,0.013182844494699,5.654509805618629e-05,3.197348114183722e-09,57,0.0002479957132677248,0.012934848781431274
2007-07-06,0.0014615519066681,0.0095287071251497,0.0014615519066681,2.1361339758853123e-06,57,0.0025043790346469482,0.007024328090502753
2007-07-09,0.0065687389909694,0.011539460271407,0.0065687389909694,4.314833193148175e-05,57,0.010705679367874721,0.0008337809035322795
2007-07-10,-0.0028068823832373,0.0114554078534401,0.0028068823832373,7.8785887133282e-06,57,0.004664854224957522,0.006790553628482579
2007-07-11,0.0010160761377647,0.0088947051698129,0.0010160761377647,1.0324107177348687e-06,57,0.0017889713483512423,0.007105733821461659
2007-07-12,0.0119137436438465,0.0133727212324917,0.0119137436438465,0.0001419372876112,57,0.019287812719611122,-0.005915091487119422
2007-07-13,0.0098589586589751,0.0151004699155034,0.0098589586589751,9.71990658393809e-05,57,0.015988704025691955,-0.0008882341101885544
2007-07-16,0.0069665005021768,0.0163573594028805,0.0069665005021768,4.853212924683045e-05,57,0.011344377113165497,0.005012982289715005
2007-07-17,-0.002905993066204,0.0113504661633603,0.002905993066204,8.444795700826288e-06,57,0.004824014008756005,0.006526452154604294
2007-07-18,0.0001127234984125,0.0136644753496571,0.0001127234984125,1.2706587094369162e-08,57,0.00033821736210851004,0.01332625798754859
2007-07-19,0.00976428689858,0.0155189031337069,0.00976428689858,9.534129863778194e-05,57,0.01583669766763662,-0.0003177945339297196
2007-07-20,-0.0032029145551206,0.012721345413899,0.0032029145551206,1.0258661647403428e-05,57,0.0053008318134402516,0.007420513600458749
2007-07-23,0.0050076804962928,0.0158287714885331,0.0050076804962928,2.507686395295164e-05,57,0.008198982136720611,0.00762978935181249
2007-07-24,-0.0046637534414348,0.0125356775655491,0.0046637534414348,2.175059616249572e-05,57,0.007646702734223959,0.00488897483132514
2007-07-25,-0.0107235128796154,0.0169089171606435,0.0107235128796154,0.0001149937284792,57,0.017376829104514928,-0.00046791194387142687
2007-07-26,0.0040592136647462,0.0157615508935979,0.0040592136647462,1.6477215576062865e-05,57,0.006675919501507892,0.009085631392090007
2007-07-27,-0.0303852099764663,0.0163702360162921,0.0303852099764663,0.0009232609853139,57,0.04893790019436696,-0.03256766417807486
2007-07-30,0.0026384055544999,0.0167632447100559,0.0026384055544999,6.961183870016249e-06,57,0.004394299933194099,0.0123689447768618
2007-07-31,0.015764437517229,0.0151219612023992,0.015764437517229,0.0002485174902346,57,0.02546995286352349,-0.01034799166112429
2007-08-01,-0.0373870608941795,0.0142254549980528,0.0373870608941795,0.001397792322305,57,0.060173760642770496,-0.0459483056447177
2007-08-02,0.0053738715789228,0.0119223478794072,0.0053738715789228,2.8878495746754527e-05,57,0.008787008254780586,0.0031353396246266135
2007-08-03,0.0080007918078807,0.0088001823436287,0.0080007918078807,6.401266955305111e-05,57,0.013005141914898896,-0.0042049595712701955
2007-08-06,-0.0123668270069621,0.0113297727916032,0.0123668270069621,0.0001529384102201,57,0.020015249827359173,-0.008685477035755973
2007-08-07,0.0072383221606514,0.0120675110999978,0.0072383221606514,5.239330770137751e-05,57,0.011780845947596146,0.000286665152401654
2007-08-08,0.0158927806031849,0.011515528979072,0.0158927806031849,0.0002525804753009,57,0.025675993011288967,-0.014160464032216968
2007-08-09,-0.0119572537094174,0.0129223457789118,0.0119572537094174,0.0001429759162713,57,0.019357669599012403,-0.0064353238201006035
2007-08-10,-0.0127943023606055,0.0123408020924227,0.0127943023606055,0.0001636941728945,57,0.020701565450014288,-0.008360763357591589
2007-08-13,0.0137200781267465,0.0140915832542849,0.0137200781267465,0.000188240543804,57,0.022187883147794393,-0.008096299893509493
2007-08-14,-0.0007426699982417,0.0091481051758476,0.0007426699982417,5.515587262883342e-07,57,0.0013498935511268026,0.007798211624720798
2007-08-16,-0.0338866728587451,0.0156905334005664,0.0338866728587451,0.0011483065974356,57,0.05455692598159955,-0.03886639258103315
2007-08-17,-0.0158737823994173,0.0158186958385294,0.0158737823994173,0.000251976967664,57,0.02564549360720749,-0.009826797768678092
2007-08-20,0.0151851378801413,0.0126333051888825,0.0151851378801413,0.0002305884124389,57,0.024539945743858167,-0.011906640554975666
2007-08-21,-0.0306303653883627,0.0160736703182142,0.0306303653883627,0.0009382192838246,57,0.04933133225473646,-0.033257661936522256
2007-08-22,0.0053570346407941,0.0153989799453291,0.0053570346407941,2.869782014266842e-05,57,0.008759971773386565,0.006639008171942535
2007-08-23,-0.0081606072841054,0.0167324959535953,0.0081606072841054,6.65955112453952e-05,57,0.013261754497215561,0.003470741456379739
2007-08-24,0.0168832304538871,0.0164309390372919,0.0168832304538871,0.000285043470559,57,0.027266025903177765,-0.010835086865885864
2007-08-27,0.0267045835606976,0.0170213042389222,0.0267045835606976,0.0007131347831502,57,0.04303085612640274,-0.026009551887480543
2007-08-28,0.0035733416099847,0.0097612004361684,0.0035733416099847,1.2768770261648362e-05,57,0.005895685420757848,0.0038655150154105512
2007-08-29,0.007591927156441,0.0147988317291076,0.007591927156441,5.763735794870642e-05,57,0.012348631523048843,0.002450200206058758
2007-08-30,0.0054941164841726,0.0107121519743635,0.0054941164841726,3.0185315941657595e-05,57,0.008980095254274711,0.0017320567200887881
2007-08-31,0.0215414859420716,0.0209700265314578,0.0215414859420716,0.0004640356165924,57,0.03474372268337892,-0.01377369615192112
2007-09-03,0.015597453769755,0.0150376878662208,0.015597453769755,0.0002432805640996,57,0.025201878614325688,-0.010164190748104889
2007-09-04,0.0042067665297621,0.0139282342811464,0.0042067665297621,1.769688463592721e-05,57,0.006912864411157936,0.0070153698699884645
2007-09-05,-0.0006732929498234,0.0102522553033451,0.0006732929498234,4.533233962819378e-07,57,0.001238476721424129,0.009013778581920972
2007-09-06,0.0089146360988863,0.0109108959745808,0.0089146360988863,7.947073677556818e-05,57,0.014472470699112129,-0.0035615747245313287
2007-09-07,-0.0041066472668698,0.0115163240659647,0.0041066472668698,1.686455177448967e-05,57,0.006752089922859311,0.0047642341431053895
2007-09-10,0.0255138997653618,0.0430168080846186,0.0255138997653618,0.0006509590812369,57,0.04111981518546502,0.001896992899153578
2007-09-11,-0.0012534281389643,0.0115439338315406,0.0012534281389643,1.5710820995477106e-06,57,0.0021701455367057762,0.009373788294834824
2007-09-12,-0.002836521500625,0.0106104850719314,0.002836521500625,8.045854223507964e-06,57,0.004712451106105289,0.0058980339658261105
2007-09-13,0.0077296076260546,0.0110611798409208,0.0077296076260546,5.974683405276272e-05,57,0.012569704558205318,-0.0015085247172845172
2007-09-14,-0.0094438898464298,0.0099843187445491,0.0094438898464298,8.918705543150167e-05,57,0.015322260961983978,-0.005337942217434877
2007-09-17,0.0016091986960939,0.0082460281947402,0.0016091986960939,2.5895204435104217e-06,57,0.002741489363092666,0.0055045388316475345
2007-09-18,0.0090385949762178,0.0107135296697986,0.0090385949762178,8.169619914411056e-05,57,0.014671504816996972,-0.003957975147198372
2007-09-19,0.0224883777769888,0.0173661152935329,0.0224883777769888,0.0005057271350405,57,0.03626362637183798,-0.018897511078305076
2007-09-20,0.0056444412253968,0.0176971488688043,0.0056444412253968,3.185971674695948e-05,57,0.009221483112939926,0.008475665755864373
2007-09-21,0.00481373909709,0.0171885013171375,0.00481373909709,2.317208409485365e-05,57,0.007887550836850523,0.009300950480286976
2007-09-24,0.0169175313888301,0.0185554539064099,0.0169175313888301,0.000286202868292,57,0.027321090733019363,-0.008765636826609462
2007-09-25,0.0052142580644788,0.0180191698105083,0.0052142580644788,2.718848716298264e-05,57,0.008530703035875971,0.00948846677463233
2007-09-26,0.0060070042025068,0.0177466407163926,0.0060070042025068,3.608409948893471e-05,57,0.009803674495352,0.007942966221040598
2007-09-27,0.0026520123951437,0.0177313051418862,0.0026520123951437,7.0331697439959895e-06,57,0.004416150984849083,0.013315154157037117
2007-09-28,0.0149702685376645,0.016647246166647,0.0149702685376645,0.0002241089400897,57,0.02419499144726392,-0.00754774528061692
2007-10-01,0.0093423353495605,0.0200652715521488,0.0093423353495605,8.727922978364791e-05,57,0.01515920196489676,0.004906069587252041
2007-10-03,0.0089376596627794,0.0210460013984696,0.0089376596627794,7.988176024767469e-05,57,0.014509438444453975,0.006536562954015624
2007-10-04,0.0042983018317351,0.0196732267268746,0.0042983018317351,1.8475398636698024e-05,57,0.007059854186131337,0.012613372540743264
2007-10-05,-0.0105120005306476,0.0206389251201103,0.0105120005306476,0.0001105021551563,57,0.017037228282106902,0.0036016968380033973
2007-10-08,-0.0286065852523086,0.0209874969076289,0.0286065852523086,0.0008183367197976,57,0.04608344647606993,-0.025095949568441026
2007-10-09,0.0293719217606905,0.0209661503375389,0.0293719217606905,0.0008627097879161,57,0.04731172349939331,-0.026345573161854412
2007-10-10,0.0180745680954883,0.0237962119861207,0.0180745680954883,0.0003266900118384,57,0.029178507448582337,-0.005382295462461637
2007-10-11,0.0139433127943399,0.0204938244823438,0.0139433127943399,0.0001944159716808,57,0.02254627783905826,-0.0020524533567144593
2007-10-12,-0.0139682686897522,0.0168705057839783,0.0139682686897522,0.0001951125301891,57,0.022586343453528862,-0.005715837669550562
2007-10-15,0.0229911390914786,0.0222170692785626,0.0229911390914786,0.0005285924767237,57,0.037070619968804494,-0.014853550690241895
2007-10-16,0.0035120605041589,0.0251780020540149,0.0035120605041589,1.2334568984873397e-05,57,0.005797276967914,0.019380725086100902
2007-10-17,-0.0268681972215367,0.0214058882546883,0.0268681972215367,0.0007219000219353,57,0.0432934509366809,-0.021887562681992597
2007-10-18,-0.0297125789507357,0.026106454012607,0.0297125789507357,0.0008828373479037,57,0.04785843192024686,-0.021751977907639858
2007-10-19,-0.0277267514261786,0.0223533338730518,0.0277267514261786,0.000768772744649,57,0.0446713868977835,-0.0223180530247317
2007-10-22,0.0086504192240331,0.0176730621486774,0.0086504192240331,7.482975275152309e-05,57,0.014048229889545887,0.003624832259131513
2007-10-23,0.0415149895619098,0.0275039126333378,0.0415149895619098,0.0017234943583254,57,0.06679696805313537,-0.039293055419797565
2007-10-24,0.0065846203157184,0.0202762852816477,0.0065846203157184,4.335722470217267e-05,57,0.01073118060898132,0.00954510467266638
2007-10-25,0.0078427869580782,0.0223163146202307,0.0078427869580782,6.150930726980206e-05,57,0.012751435664688265,0.009564878955542436
2007-10-26,0.0202161125278117,0.0241139371906343,0.0202161125278117,0.0004086912057371,57,0.03261624189306017,-0.008502304702425873
2007-10-29,0.0183137407858318,0.0213738206255446,0.0183137407858318,0.0003353931015706,57,0.029562450326286217,-0.008188629700741617
2007-10-30,-0.0077339465233168,0.0205119969803301,0.0077339465233168,5.981392882552407e-05,57,0.012576671498220372,0.007935325482109727
2007-10-31,0.0077070153358397,0.0212772041727687,0.0077070153358397,5.939808538686922e-05,57,0.012533428248479778,0.008743775924288922
2007-11-01,-0.0068529440852032,0.0227536834160993,0.0068529440852032,4.696284263492216e-05,57,0.011162036737751329,0.011591646678347972
2007-11-02,0.0073087666412491,0.0184120595446618,0.0073087666412491,5.3418069816236426e-05,57,0.011893959434706591,0.006518100109955209
2007-11-05,-0.0028112809051326,0.0184897593733429,0.0028112809051326,7.903300327563419e-06,57,0.0046719177276838665,0.013817841645659034
2007-11-06,-0.0044872815507074,0.0157767032492611,0.0044872815507074,2.0135695715319386e-05,57,0.007363321738621724,0.008413381510639377
2007-11-07,-0.0007838946198119,0.0168141343786179,0.0007838946198119,6.144907749701878e-07,57,0.001416098596284549,0.01539803578233335
2007-11-08,-0.0056866127025676,0.0159311159262035,0.0056866127025676,3.233756402900343e-05,57,0.009289200903594622,0.0066419150226088765
2007-11-12,-0.0088880527926471,0.0208325679479092,0.0088880527926471,7.899748244488243e-05,57,0.014429787234573874,0.006402780713335325
2007-11-13,0.0136059918729555,0.0192021963313039,0.0136059918729555,0.0001851230148469,57,0.022004721313774612,-0.002802524982470713
2007-11-14,0.024581824091644,0.0183736861414341,0.024581824091644,0.0006042660756725,57,0.03962380121772708,-0.02125011507629298
2007-11-15,0.0095140669424948,0.0278969051509438,0.0095140669424948,9.051746978627332e-05,57,0.01543493921821967,0.012461965932724129
2007-11-16,0.0030000912268727,0.0180990572404207,0.0030000912268727,9.000547369559113e-06,57,0.004975123941423118,0.013123933298997581
2007-11-19,0.0170255409660546,0.0195062296440045,0.0170255409660546,0.0002898690451868,57,0.02749448306098848,-0.00798825341698398
2007-11-20,-0.0144143542874814,0.0180134039335213,0.0144143542874814,0.000207773609525,57,0.023302510656832715,-0.005289106723311416
2007-11-21,-0.040257800275985,0.021386607885622,0.040257800275985,0.0016206904830611,57,0.0647798929884663,-0.0433932851028443
2007-11-22,-0.0007772603249925,0.01741431724099,0.0007772603249925,6.041336128074818e-07,57,0.0014054441962825437,0.016008873044707456
2007-11-23,0.009292398262277,0.0199612481270608,0.009292398262277,8.634866546477007e-05,57,0.015079021310804974,0.004882226816255827
2007-11-26,0.0162014385352595,0.0132766892310159,0.0162014385352595,0.0002624866106117,57,0.026171505458550393,-0.012894816227534493
2007-11-27,0.0059161615935707,0.0192874307987591,0.0059161615935707,3.500096800124174e-05,57,0.009657802971869143,0.009629627826889956
2007-11-28,-0.0114425982148812,0.0151891658330543,0.0114425982148812,0.0001309330539072,57,0.018531368212317212,-0.0033422023792629117
2007-11-29,-0.0059990597052866,0.0147207423286603,0.0059990597052866,3.5988717347593546e-05,57,0.00979091754364989,0.00492982478501041
2007-11-30,0.0198793300890945,0.0184000725445683,0.0198793300890945,0.0003951877647911,57,0.0320756302623099,-0.013675557717741597
2007-12-03,0.0155651086853092,0.0163929691927143,0.0155651086853092,0.0002422726083854,57,0.025149951975717028,-0.008756982783002729
2007-12-04,0.0144556097078028,0.01776287841194,0.0144556097078028,0.0002089646520243,57,0.02336874370386787,-0.005605865291927872
2007-12-05,0.01858954651449,0.0179682991120123,0.01858954651449,0.0003455712396143,57,0.030005197358806576,-0.012036898246794277
2007-12-06,-0.002966045578644,0.0141284102899863,0.002966045578644,8.797426374593956e-06,57,0.004920450907274102,0.009207959382712197
2007-12-07,0.0006221339863329,0.0136287013824143,0.0006221339863329,3.870506969504741e-07,57,0.0011563173071593102,0.01247238407525499
2007-12-10,0.0004577144047939,0.014856571529403,0.0004577144047939,2.0950247635590133e-07,57,0.0008922648305779167,0.013964306698825082
2007-12-11,0.0139039139380591,0.0128132682637512,0.0139039139380591,0.0001933188227969,57,0.022483024625179426,-0.009669756361428226
2007-12-12,0.0177437440332573,0.0205419694367364,0.0177437440332573,0.0003148404523177,57,0.028647433435699064,-0.008105463998962663
2007-12-13,-0.0009911683342402,0.0211074656177358,0.0009911683342402,9.824146668005132e-07,57,0.0017489706690259697,0.01935849494870983
2007-12-14,0.0088426153370034,0.0210041856375801,0.0088426153370034,7.819184599820847e-05,57,0.014356830557773858,0.006647355079806244
2007-12-17,-0.0400494354707276,0.0225792466048035,0.0400494354707276,0.0016039572815239,57,0.06444557996099164,-0.04186633335618814
2007-12-18,0.0025932780957269,0.0169595330289847,0.0025932780957269,6.725091281777232e-06,57,0.004321830272924866,0.012637702756059833
2007-12-19,-0.0014267256413803,0.0144253985619077,0.0014267256413803,2.035546055772169e-06,57,0.002448450388434986,0.011976948173472713
2007-12-20,-0.0003239273968546,0.0125368616660325,0.0003239273968546,1.0492895843303009e-07,57,0.0006774065075095626,0.011859455158522937
2007-12-24,0.0196055715493143,0.0169964392508044,0.0196055715493143,0.0003843784357752,57,0.03163618299772765,-0.01463974374692325
2007-12-26,0.0135213413925947,0.0161056088492704,0.0135213413925947,0.000182826673055,57,0.021868817353132085,-0.005763208503861684
2007-12-27,-0.0005365071553855,0.0147071592199701,0.0005365071553855,2.878399277799347e-07,57,0.0010188035423199426,0.013688355677650157
2007-12-28,0.0132965408305731,0.0193904233155944,0.0132965408305731,0.0001767979980591,57,0.021507905062660048,-0.0021174817470656464
