date,Rm,CSAD,abs_Rm,Rm_sq,N,CSAD_fitted,residual
2015-01-02,0.0068975148873104,0.0112709462908935,0.0068975148873104,4.757571162066957e-05,30,0.01288639741586354,-0.00161545112497004
2015-01-05,-0.0010884578799476,0.0086034624919484,0.0010884578799476,1.1847405564200595e-06,30,0.011194566588737003,-0.0025911040967886035
2015-01-06,-0.0262545641704065,0.0101948279343776,0.0262545641704065,0.0006893021397779,30,0.018515072419554305,-0.008320244485176705
2015-01-07,-0.0003069959981082,0.0120084489717224,0.0003069959981082,9.42465428544682e-08,30,0.010966879651249286,0.0010415693204731142
2015-01-08,0.0173295897319969,0.0131486352116155,0.0173295897319969,0.0003003146802793,30,0.01592154986377515,-0.002772914652159649
2015-01-09,0.0067955845244669,0.0159689198045929,0.0067955845244669,4.617996902917447e-05,30,0.012856721797254184,0.0031121980073387165
2015-01-12,0.0095179082153617,0.0129206748141322,0.0095179082153617,9.059057679605008e-05,30,0.01364915880329024,-0.0007284839891580405
2015-01-13,-0.0018373952626765,0.0117006937790177,0.0018373952626765,3.376021351306069e-06,30,0.01141275629675114,0.00028793748226655855
2015-01-14,0.0009403210763511,0.0138331933863659,0.0009403210763511,8.842037266300985e-07,30,0.011151407120397002,0.002681786265968898
2015-01-15,0.016650424068816,0.0137247226723005,0.016650424068816,0.0002772366216714,30,0.01572407118702675,-0.001999348514726251
2015-01-16,0.003585001087499,0.0094133340310617,0.003585001087499,1.2852232797369354e-05,30,0.011921810963847758,-0.0025084769327860575
2015-01-19,0.0047695611628619,0.0134507053432951,0.0047695611628619,2.2748713686280656e-05,30,0.012266794502202577,0.0011839108410925218
2015-01-20,0.0092715024186923,0.0140257591321267,0.0092715024186923,8.596075709981753e-05,30,0.01357744403532198,0.00044831509680471997
2015-01-21,0.0030766509298461,0.017390120185078,0.0030766509298461,9.46578094412338e-06,30,0.011773746704949814,0.005616373480128186
2015-01-22,0.0056709766030243,0.010991304066381,0.0056709766030243,3.215997563204994e-05,30,0.012529282587539712,-0.0015379785211587123
2015-01-23,0.0138916074065803,0.0208595368508241,0.0138916074065803,0.0001929767563385,30,0.01492172669328602,0.00593781015753808
2015-01-27,0.0119634610128996,0.0220968709914377,0.0119634610128996,0.0001431243994071,30,0.014360800730310715,0.007736070261126986
2015-01-28,0.0050946213402719,0.0172599186562729,0.0050946213402719,2.595516660075405e-05,30,0.012361453964128338,0.004898464692144562
2015-01-29,0.0080607907201467,0.0158891934843285,0.0080607907201467,6.497634703400334e-05,30,0.013225042307134536,0.0026641511771939644
2015-01-30,-0.0098534960642067,0.0168262038923156,0.0098534960642067,9.709138468733762e-05,30,0.013746825855792412,0.0030793780365231897
2015-02-02,0.0034154825796052,0.019159434297592,0.0034154825796052,1.1665521251586876e-05,30,0.011872437318791213,0.007286996978800786
2015-02-03,-0.0088302110609409,0.0155128478294541,0.0088302110609409,7.797262738076429e-05,30,0.013449003592005975,0.002063844237448126
2015-02-04,-0.0038788372491422,0.0138120842049906,0.0038788372491422,1.5045378405333265e-05,30,0.01200739065670302,0.0018046935482875798
2015-02-05,-0.0062860190778798,0.017881662652283,0.0062860190778798,3.95140358474691e-05,30,0.012708363171743009,0.0051732994805399925
2015-02-06,-0.0097802409500763,0.0129711204885511,0.0097802409500763,9.565311304154974e-05,30,0.013725506569047058,-0.0007543860804959581
2015-02-09,-0.012705109798476,0.0136885862314567,0.012705109798476,0.0001614198149913,30,0.014576573232847277,-0.0008879870013905767
2015-02-10,0.0100530177526522,0.0163729827027557,0.0100530177526522,0.0001010631659351,30,0.013804891255023698,0.0025680914477320006
2015-02-11,0.0131588796725435,0.0137811516421895,0.0131588796725435,0.0001731561142364,30,0.014708581446644596,-0.0009274298044550967
2015-02-12,0.0154691253060066,0.0167668778644768,0.0154691253060066,0.0002392938377329,30,0.015380548943861651,0.0013863289206151475
2015-02-13,0.0098897707962204,0.013894569110212,0.0098897707962204,9.780756640177548e-05,30,0.013757382744818657,0.00013718636539334327
2015-02-16,-0.0025911109412066,0.0127252396746818,0.0025911109412066,6.71385590964088e-06,30,0.01163231744188933,0.001092922232792469
2015-02-18,0.0097009030880048,0.0097205199734566,0.0097009030880048,9.41075207228625e-05,30,0.01370241681197555,-0.003981896838518949
2015-02-19,0.0033576615823649,0.0132741507859601,0.0033576615823649,1.127389130168928e-05,30,0.011855596243268731,0.0014185545426913682
2015-02-20,-0.0060984199317855,0.01024970479122,0.0060984199317855,3.719072566439875e-05,30,0.012653741796026956,-0.0024040370048069564
2015-02-23,-0.0111964405119624,0.0093849629217946,0.0111964405119624,0.0001253602801379,30,0.014137625593044089,-0.0047526626712494895
2015-02-24,0.0039325272218519,0.0125651923747205,0.0039325272218519,1.546477035060643e-05,30,0.012023027504996307,0.0005421648697241932
2015-02-25,-0.0050355783955317,0.0111444633298741,0.0050355783955317,2.535704977754612e-05,30,0.012344260592726338,-0.0011997972628522372
2015-02-26,-0.0094946894241878,0.0092464579850414,0.0094946894241878,9.014912726178413e-05,30,0.013642401222993154,-0.004395943237951753
2015-02-27,0.0180115382708817,0.0165601273969701,0.0180115382708817,0.0003244155108834,30,0.016119820796062518,0.00044030660090758206
2015-03-02,0.0168635347811621,0.0305188716200738,0.0168635347811621,0.0002843788053154,30,0.015786038469500132,0.014732833150573669
2015-03-03,0.0086059075904819,0.0123052916297107,0.0086059075904819,7.40616454559142e-05,30,0.013383716028494178,-0.0010784243987834782
2015-03-04,-0.0097069352122725,0.0106344943280007,0.0097069352122725,9.422459121525752e-05,30,0.013704172353649095,-0.003069678025648394
2015-03-05,0.0071194796980363,0.013732755797119,0.0071194796980363,5.068699117075231e-05,30,0.012951018097748516,0.0007817376993704845
2015-03-09,-0.0199715303331346,0.0163739102666251,0.0199715303331346,0.0003988620238473,30,0.016689578032705665,-0.0003156677660805657
2015-03-10,-0.0071291596698,0.0097007774899881,0.0071291596698,5.082491759750404e-05,30,0.012953836189975526,-0.003253058699987427
2015-03-11,-0.0064951189773595,0.0076975329192153,0.0064951189773595,4.2186570530055605e-05,30,0.012769243196450812,-0.0050717102772355116
2015-03-12,0.0101764079945656,0.0088833650856561,0.0101764079945656,0.0001035592796718,30,0.013840799926763313,-0.0049574348411072135
2015-03-13,-0.0155344026347847,0.0104859631427866,0.0155344026347847,0.0002413176652196,30,0.015399532949499748,-0.004913569806713149
2015-03-16,-0.0031149672668767,0.0139977847683022,0.0031149672668767,9.703021073713733e-06,30,0.011784907214627873,0.002212877553674327
2015-03-17,0.0103167383585836,0.0081465244088634,0.0103167383585836,0.0001064350903594,30,0.013881637789624458,-0.005735113380761058
2015-03-18,-0.0016860158856409,0.0084863761953696,0.0016860158856409,2.842649566633692e-06,30,0.01136865623111191,-0.002882280035742311
2015-03-19,-0.0065227033586267,0.0146901924389489,0.0065227033586267,4.254565910464068e-05,30,0.012777274347801402,0.001912918091147497
2015-03-20,-0.0126433052369735,0.0117839013519376,0.0126433052369735,0.0001598531673152,30,0.01455859281219989,-0.0027746914602622894
2015-03-23,-0.0060345342344765,0.0085534591844803,0.0060345342344765,3.64156034270698e-05,30,0.01263514054083561,-0.00408168135635531
2015-03-24,-0.0015287587183161,0.0111106229370078,0.0015287587183161,2.3371032188274856e-06,30,0.011322842954549989,-0.000212220017542189
2015-03-25,0.0013258291757578,0.0097532119762575,0.0013258291757578,1.7578230032907585e-06,30,0.011263722745041211,-0.0015105107687837117
2015-03-26,-0.0153343454758651,0.0105731135417085,0.0153343454758651,0.0002351421511731,30,0.01534135167320114,-0.004768238131492641
2015-03-27,-0.000731726779405,0.0134714153690754,0.000731726779405,5.354240796984286e-07,30,0.011090632082896335,0.002380783286179064
2015-03-30,0.0179177196015441,0.01211167974108,0.0179177196015441,0.0003210446757195,30,0.01609254479443027,-0.003980865053350269
2015-03-31,0.0073554397924846,0.0133858719118169,0.0073554397924846,5.410249454086667e-05,30,0.01301971126210321,0.0003661606497136899
2015-04-01,0.0092189308445996,0.0101563773292255,0.0092189308445996,8.498868591750997e-05,30,0.013562143142029356,-0.0034057658128038553
2015-04-06,0.0134927343161419,0.0189007228885537,0.0134927343161419,0.0001820538793259,30,0.014805699796092758,0.004095023092460943
2015-04-07,0.0058281719648912,0.0120307184836197,0.0058281719648912,3.396758845234444e-05,30,0.012575054131607588,-0.0005443356479878873
2015-04-08,0.0071320794302769,0.012347972783311,0.0071320794302769,5.0866556999778986e-05,30,0.012954686207725304,-0.0006067134244143041
2015-04-09,0.0025682902859094,0.0145987640535423,0.0025682902859094,6.59611499269691e-06,30,0.011625669974811674,0.0029730940787306252
2015-04-10,0.0045782481928312,0.0107014413236172,0.0045782481928312,2.096035651516257e-05,30,0.012211081224667159,-0.0015096399010499587
2015-04-13,0.0116735099861639,0.0184039963666946,0.0116735099861639,0.000136270835397,30,0.014276438021606113,0.004127558345088487
2015-04-15,-0.0055250590045267,0.0189411456721076,0.0055250590045267,3.05262770035018e-05,30,0.012486794053614298,0.006454351618493304
2015-04-16,-0.0083921387727706,0.0115672882725029,0.0083921387727706,7.042799318144035e-05,30,0.013321493059127866,-0.0017542047866249653
2015-04-17,-0.0120478001477797,0.0121024883133158,0.0120478001477797,0.0001451494884008,30,0.014385339050398427,-0.002282850737082627
2015-04-20,-0.0187953673630758,0.0131492344166281,0.0187953673630758,0.0003532658343129,30,0.016347691728830677,-0.003198457312202578
2015-04-21,-0.0129181625794074,0.0156277358832984,0.0129181625794074,0.000166878924428,30,0.014638554300052946,0.000989181583245454
2015-04-22,0.0063510781027433,0.0115702996369658,0.0063510781027433,4.033619306714628e-05,30,0.012727305460824342,-0.0011570058238585413
2015-04-23,-0.0033661661435433,0.0093306398584015,0.0033661661435433,1.1331074505937712e-05,30,0.011858073308794624,-0.0025274334503931246
2015-04-24,-0.0136783676781719,0.0130918490689219,0.0136783676781719,0.0001870977423392,30,0.014859698802799335,-0.0017678497338774347
2015-04-27,-0.0163001837134156,0.0107554121214805,0.0163001837134156,0.0002656959890911,30,0.015622226427984911,-0.004866814306504411
2015-04-28,0.0092473608408725,0.0154163683285286,0.0092473608408725,8.55136825213023e-05,30,0.013570417670692355,0.0018459506578362445
2015-04-29,0.0028906382673891,0.0127406392120787,0.0028906382673891,8.355789592894568e-06,30,0.011719565501543197,0.0010210737105355028
2015-04-30,-0.0003115676099617,0.0137388212793815,0.0003115676099617,9.707437557729408e-08,30,0.010968211701979818,0.0027706095774016823
2015-05-04,0.0206293866011477,0.0164099561179605,0.0206293866011477,0.0004255715915396,30,0.016880781291712065,-0.0004708251737515663
2015-05-05,-0.0031235168439403,0.009102770542112,0.0031235168439403,9.756357474378857e-06,30,0.011787397467225954,-0.002684626925113953
2015-05-06,-0.0288881088059094,0.0135241621479006,0.0288881088059094,0.000834522830382,30,0.019279803749622907,-0.005755641601722306
2015-05-07,-0.0118508493319575,0.0155331533569335,0.0118508493319575,0.0001404426298887,30,0.014328036159539929,0.0012051171973935706
2015-05-08,0.0215112377883589,0.0151102083086278,0.0215112377883589,0.0004627333511873,30,0.017137063027885917,-0.0020268547192581164
2015-05-11,0.0165019270137914,0.013446073043953,0.0165019270137914,0.0002723135951685,30,0.015680890966980394,-0.002234817923027394
2015-05-12,-0.0198078797884829,0.0135158746365801,0.0198078797884829,0.0003923521017149,30,0.016642011215471625,-0.003126136578891525
2015-05-13,0.0167232433930279,0.0146729942177671,0.0167232433930279,0.0002796668695824,30,0.01574524541731213,-0.0010722511995450313
2015-05-14,0.0017670319605658,0.0143644821926912,0.0017670319605658,3.122401949661096e-06,30,0.011392258058617261,0.0029722241340739385
2015-05-15,0.0074140586591689,0.0130976399586153,0.0074140586591689,5.496826580159828e-05,30,0.013036776186645112,6.086377197018697e-05
2015-05-18,0.0124552603663577,0.011367985365152,0.0124552603663577,0.0001551335107937,30,0.014503885219464486,-0.0031358998543124864
2015-05-19,0.0015735954121233,0.00718227202537,0.0015735954121233,2.47620252105554e-06,30,0.011335905190952759,-0.004153633165582759
2015-05-20,0.002289856900966,0.009023853043739,0.002289856900966,5.243444626901782e-06,30,0.01154456311738863,-0.0025207100736496305
2015-05-21,0.00668037094174,0.0165325366817008,0.00668037094174,4.462735591924547e-05,30,0.012823178496650968,0.0037093581850498325
2015-05-22,-0.0012680520105026,0.0104662913833806,0.0012680520105026,1.6079559013398973e-06,30,0.011246890036683728,-0.0007805986533031273
2015-05-25,-0.0084448298886493,0.0087561794165225,0.0084448298886493,7.131515184822595e-05,30,0.013336830332266797,-0.004580650915744297
2015-05-26,-0.001392928775943,0.0055150744837995,0.001392928775943,1.940250574850213e-06,30,0.01128327128424716,-0.00576819680044766
2015-05-27,-0.0013949411847789,0.0132148200601977,0.0013949411847789,1.945860908992464e-06,30,0.011283857569156255,0.001930962491041445
2015-05-28,-0.0058592481990191,0.0138355041844663,0.0058592481990191,3.433078945770865e-05,30,0.012584102683969646,0.0012514015004966537
2015-05-29,0.00612363370736,0.0134203084293262,0.00612363370736,3.749888978191638e-05,30,0.012661083114641862,0.0007592253146843381
2015-06-01,-0.004060765855957,0.0233015798774135,0.004060765855957,1.6489819336906404e-05,30,0.012060375731184538,0.01124120414622896
2015-06-02,-0.0183335090071427,0.0123816360740476,0.0183335090071427,0.0003361175525149,30,0.016213425251933065,-0.0038317891778854654
2015-06-03,-0.0301571145062448,0.0334873385952534,0.0301571145062448,0.0009094515553427,30,0.019648208665911614,0.013839129929341786
2015-06-04,0.0040057968805933,0.0136999721752652,0.0040057968805933,1.6046408648571496e-05,30,0.012044366637440865,0.0016556055378243346
2015-06-05,-0.0014377254516145,0.0108911193696067,0.0014377254516145,2.067054474220367e-06,30,0.011296322083956662,-0.00040520271434996147
2015-06-08,-0.016084418486672,0.0147572062613118,0.016084418486672,0.0002587085180543,30,0.015559482839196481,-0.0008022765778846804
2015-06-09,0.0021864922246862,0.0146710670287921,0.0021864922246862,4.780748248613237e-06,30,0.011514452560548012,0.003156614468244088
2015-06-10,0.0086572897654829,0.0099360933424085,0.0086572897654829,7.494866608353514e-05,30,0.013398671897513488,-0.003462578555104987
2015-06-11,-0.0187216795545383,0.0121627546983498,0.0187216795545383,0.0003505012853428,30,0.016326270525511936,-0.004163515827162137
2015-06-12,0.0005224006347001,0.0123094525328219,0.0005224006347001,2.729024231351575e-07,30,0.011029642223839717,0.0012798103089821829
2015-06-15,0.0057400993685129,0.0101498976042107,0.0057400993685129,3.294874076040257e-05,30,0.012549409600862017,-0.002399511996651317
2015-06-16,0.0037040996182662,0.0089877824123213,0.0037040996182662,1.372035398204008e-05,30,0.011956498753939662,-0.002968716341618362
2015-06-17,0.0081524927145443,0.0120470595642377,0.0081524927145443,6.64631374606995e-05,30,0.013251735866730091,-0.0012046763024923905
2015-06-18,0.0078471397737624,0.0114587156170116,0.0078471397737624,6.157760262896494e-05,30,0.013162849403833294,-0.0017041337868216946
2015-06-19,0.0026474854320588,0.0101685016655185,0.0026474854320588,7.009179112963958e-06,30,0.01164873878083725,-0.00148023711531875
2015-06-22,0.0149420706924782,0.009846025348615,0.0149420706924782,0.000223265476579,30,0.01522726480614137,-0.00538123945752637
2015-06-23,0.0043632352705801,0.0116691515839193,0.0043632352705801,1.9037822026434858e-05,30,0.01214846456498393,-0.0004793129810646314
2015-06-24,-0.0047810461074785,0.0087460438253361,0.0047810461074785,2.2858401881836085e-05,30,0.01227013905217353,-0.0035240952268374304
2015-06-25,0.0029769950627055,0.0120987578761527,0.0029769950627055,8.862499603372964e-06,30,0.011744719403418518,0.0003540384727341826
2015-06-26,-0.0011733093051316,0.0094790043691547,0.0011733093051316,1.376654725508439e-06,30,0.011219287582792363,-0.0017402832136376618
2015-06-29,-0.0057527884500966,0.0099012250390133,0.0057527884500966,3.309457495156551e-05,30,0.0125531043605389,-0.0026518793215256006
2015-06-30,0.0102754177782931,0.0119687489361162,0.0102754177782931,0.0001055842105184,30,0.013869613066800474,-0.0019008641306842745
2015-07-01,0.0101179647499041,0.0107905484809848,0.0101179647499041,0.0001023732106803,30,0.013823792011695372,-0.0030332435307105724
2015-07-02,-0.0003487186057411,0.0087118421247666,0.0003487186057411,1.2160466599006085e-07,30,0.010979036523409537,-0.0022671943986429365
2015-07-03,0.0070124024973047,0.0093584270206564,0.0070124024973047,4.917378878420538e-05,30,0.01291984490433699,-0.0035614178836805913
2015-07-06,0.0107838251040913,0.0102458400287502,0.0107838251040913,0.0001162908838756,30,0.014017560611393845,-0.003771720582643646
2015-07-07,0.003338969266938,0.0125299718484539,0.003338969266938,1.1148715765556751e-05,30,0.01185015185078987,0.0006798199976640294
2015-07-08,-0.0181243805874115,0.0096299240572623,0.0181243805874115,0.0003284931716773,30,0.016152627138013412,-0.006522703080751112
2015-07-09,-0.0056572603107544,0.0115848693667042,0.0056572603107544,3.200459422363701e-05,30,0.012525288687320587,-0.0009404193206163872
2015-07-10,0.0052531135809472,0.012622731675316,0.0052531135809472,2.759520229433251e-05,30,0.012407606453322522,0.00021512522199347746
2015-07-13,0.0073784356935419,0.0070184454207766,0.0073784356935419,5.4441313283734e-05,30,0.013026405765313772,-0.006007960344537172
2015-07-14,-0.000619828623031,0.0101863347137048,0.000619828623031,3.8418752192855734e-07,30,0.011058029317404192,-0.0008716946036993918
2015-07-15,0.0088072845099528,0.0108426652276352,0.0088072845099528,7.756826043925614e-05,30,0.013442330490681761,-0.0025996652630465612
2015-07-16,0.0112121133371413,0.0110384180477721,0.0112121133371413,0.0001257114854849,30,0.014142186031091105,-0.0031037679833190047
2015-07-17,0.0017411481928605,0.009299416314373,0.0017411481928605,3.031597029501556e-06,30,0.011384717553665507,-0.002085301239292507
2015-07-20,-0.001364487957127,0.0095731210548241,0.001364487957127,1.861827385144622e-06,30,0.011274985465613702,-0.001701864410789601
2015-07-21,-0.0178747388921493,0.0193061273061885,0.0178747388921493,0.0003195062904625,30,0.01608004885989612,0.003226078446292382
2015-07-22,0.0083628928430941,0.0140932441480776,0.0083628928430941,6.993797670507591e-05,30,0.013312980141823269,0.0007802640062543314
2015-07-23,-0.0020649296199515,0.013064862649177,0.0020649296199515,4.26393433535318e-06,30,0.011479040373859278,0.0015858222753177224
2015-07-24,-0.0075288235093895,0.0117039313863242,0.0075288235093895,5.668318343553745e-05,30,0.013070185775878755,-0.0013662543895545543
2015-07-27,-0.0113543429377771,0.0186401328337761,0.0113543429377771,0.0001289211035486,30,0.014183571222443398,0.004456561611332703
2015-07-28,-0.0042534036847013,0.0116195999959897,0.0042534036847013,1.809144290503093e-05,30,0.012116478455815483,-0.0004968784598257826
2015-07-29,0.0044660174525001,0.0147638790134231,0.0044660174525001,1.9945311886036264e-05,30,0.012178397287299872,0.002585481726123228
2015-07-30,0.0115013777247691,0.014714899652502,0.0115013777247691,0.0001322816895678,30,0.014226353825723273,0.000488545826778727
2015-07-31,0.0114701848735814,0.0146299913778027,0.0114701848735814,0.0001315651410341,30,0.014217277730707415,0.00041271364709528566
2015-08-03,0.0071384647137487,0.0178272044722448,0.0071384647137487,5.095767846943587e-05,30,0.012956545127719118,0.004870659344525683
2015-08-04,0.0074536438982742,0.0171810497727711,0.0074536438982742,5.555680736228072e-05,30,0.013048300035614979,0.004132749737156122
2015-08-05,0.0044947897798959,0.0113669183105031,0.0044947897798959,2.0203135165457385e-05,30,0.012186776434171143,-0.0008198581236680425
2015-08-06,0.0032843353682936,0.0129219345152828,0.0032843353682936,1.0786858811424563e-05,30,0.011834238907720613,0.0010876956075621877
2015-08-07,-0.0004206602520649,0.0175637142433565,0.0004206602520649,1.769550476673365e-07,30,0.010999998280856833,0.006563715962499666
2015-08-10,-0.0037206717382735,0.0099938881050474,0.0037206717382735,1.3843398183987836e-05,30,0.011961325390655517,-0.001967437285608116
2015-08-11,-0.0082668209853739,0.0140449956823804,0.0082668209853739,6.834032920421933e-05,30,0.013285015286392131,0.0007599803959882686
2015-08-12,-0.0139416178204282,0.0182387879267753,0.0139416178204282,0.0001943687074508,30,0.014936273651056691,0.0033025142757186106
2015-08-13,-0.0020464634007649,0.0135964407352846,0.0020464634007649,4.188012450670608e-06,30,0.011473660965201287,0.002122779770083313
2015-08-14,0.0228272191225117,0.0144536405931566,0.0228272191225117,0.0005210819328671,30,0.017519458056762728,-0.0030658174636061276
2015-08-17,-0.0044381026193999,0.0122765299980806,0.0044381026193999,1.969675486032442e-05,30,0.012170267833163141,0.00010626216491745923
2015-08-18,-0.0001429647873835,0.0116528264807817,0.0001429647873835,2.0438930431625212e-08,30,0.010919084649256264,0.0007337418315254366
2015-08-19,0.0053503518343384,0.0125545155706549,0.0053503518343384,2.862626475120836e-05,30,0.012435921502768505,0.0001185940678863958
2015-08-20,-0.010761534773652,0.0163490539439545,0.010761534773652,0.0001158106306845,30,0.014011074278255398,0.002337979665699102
2015-08-21,-0.0059385715822868,0.0100807492031583,0.0059385715822868,3.526663243794482e-05,30,0.012607199331578679,-0.0025264501284203798
2015-08-24,-0.0773271096426291,0.0264404711206461,0.0773271096426291,0.0059794818856831,30,0.03330049556176259,-0.006860024441116486
2015-08-25,0.0124912243243286,0.0189139074153163,0.0124912243243286,0.0001560306851206,30,0.014514348255751108,0.004399559159565192
2015-08-26,-0.0037828243616851,0.0130764686779288,0.0037828243616851,1.4309760151358632e-05,30,0.011979427278442955,0.0010970413994858454
2015-08-27,0.0283117746112363,0.0177153535599638,0.0283117746112363,0.0008015565816374,30,0.019112468850712373,-0.001397115290748572
2015-08-28,-0.0022366740198221,0.0144914680315226,0.0022366740198221,5.002710670947446e-06,30,0.011529070773222707,0.002962397258299892
2015-08-31,0.0022989994590556,0.0168002540106602,0.0022989994590556,5.285398512737941e-06,30,0.01154722636355541,0.0052530276471047885
2015-09-01,-0.0229184498624348,0.0125725825844912,0.0229184498624348,0.0005252553440969,30,0.017545965350109077,-0.0049733827656178765
2015-09-02,-0.0097526054280873,0.0142180332876344,0.0097526054280873,9.511331263595792e-05,30,0.013717463808538635,0.0005005694790957659
2015-09-03,0.0130977377807711,0.0123908714188944,0.0130977377807711,0.0001715507349738,30,0.014690794824148756,-0.0022999234052543567
2015-09-04,-0.0243644707205188,0.0127601090754511,0.0243644707205188,0.000593627433491,30,0.017966069409417616,-0.005205960333966515
2015-09-07,-0.0184073352757168,0.0130154609997127,0.0184073352757168,0.0003388299919526,30,0.01623488774994482,-0.003219426750232122
2015-09-08,0.0090746677913292,0.0173203004952509,0.0090746677913292,8.234959552298934e-05,30,0.013520155036841218,0.0038001454584096813
2015-09-09,0.0178075862650881,0.0117213884344325,0.0178075862650881,0.0003171101285885,30,0.016060525203005754,-0.004339136768573254
2015-09-10,-0.0024870840506825,0.0120317740103807,0.0024870840506825,6.185587075159373e-06,30,0.011602015120008203,0.0004297588903724968
2015-09-11,0.0004803835265039,0.0076344482512097,0.0004803835265039,2.3076833253639325e-07,30,0.011017399807644794,-0.0033829515564350937
2015-09-14,0.0188084049007876,0.0144267169182337,0.0188084049007876,0.0003537560949119,30,0.016351481748287346,-0.0019247648300536463
2015-09-15,-0.0069994185153313,0.0111817130842236,0.0069994185153313,4.8991859552763614e-05,30,0.012916064872548986,-0.0017343517883253862
2015-09-16,0.0048011360840032,0.0086136866812055,0.0048011360840032,2.3050907697117937e-05,30,0.012275989476351288,-0.003662302795145787
2015-09-18,0.0066201906175148,0.0200357142829771,0.0066201906175148,4.382692381223136e-05,30,0.01280565739527329,0.00723005688770381
2015-09-21,0.0045737578123126,0.0154088552178179,0.0045737578123126,2.09192605256913e-05,30,0.012209773540819377,0.0031990816769985227
2015-09-22,-0.0183964992336478,0.0141320998447403,0.0183964992336478,0.0003384311840536,30,0.016231737548563385,-0.0020996377038230846
2015-09-23,0.0064318669945584,0.0111491018720864,0.0064318669945584,4.136891303569004e-05,30,0.012750827371575508,-0.001601725499489108
2015-09-24,0.0029487563788193,0.0124733464841323,0.0029487563788193,8.695164181627985e-06,30,0.01173649410396483,0.0007368523801674701
2015-09-28,-0.00701217035456,0.0159507520849317,0.00701217035456,4.917053308137119e-05,30,0.01291977732058219,0.0030309747643495095
2015-09-29,0.0025644342204941,0.0149549445822833,0.0025644342204941,6.576322871241297e-06,30,0.011624546733154746,0.0033303978491285528
2015-09-30,0.0107241144764078,0.0140366347898419,0.0107241144764078,0.000115006631303,30,0.014000185187931495,3.644960191040436e-05
2015-10-01,0.006334012977718,0.0113609733706331,0.006334012977718,4.01197204019013e-05,30,0.012722336871742599,-0.0013613635011094985
2015-10-05,0.0221461528261105,0.0153741425619466,0.0221461528261105,0.0004904520849974,30,0.017321563154081183,-0.0019474205921345827
2015-10-06,0.0081348208397631,0.0177544792861354,0.0081348208397631,6.61753100950444e-05,30,0.01324659177951659,0.00450788750661881
2015-10-07,0.0020397988864434,0.0148748859868415,0.0020397988864434,4.1607794971361e-06,30,0.011471719517304997,0.0034031664695365026
2015-10-08,-0.0058778784138923,0.0097183573065769,0.0058778784138923,3.4549454648501644e-05,30,0.012589527277882089,-0.002871169971305189
2015-10-09,0.0056277842055614,0.0107386639273867,0.0056277842055614,3.1671955064366353e-05,30,0.012516705832796925,-0.0017780419054102253
2015-10-12,0.0018571195358726,0.0134683822383019,0.0018571195358726,3.448892970519673e-06,30,0.01141850233991376,0.002049879898388139
2015-10-13,-0.0022834260359133,0.0078127150066801,0.0022834260359133,5.214034461486773e-06,30,0.011542689791212807,-0.0037299747845327066
2015-10-14,-0.0018672021899885,0.0106770022580687,0.0018672021899885,3.4864440182978807e-06,30,0.011421439596823816,-0.0007444373387551165
2015-10-15,0.011557612872996,0.0168498403824268,0.011557612872996,0.000133578415322,30,0.014242716316964749,0.0026071240654620513
2015-10-16,0.0069913348161467,0.0088967529727827,0.0069913348161467,4.8878762511465503e-05,30,0.012913711458917246,-0.004016958486134545
2015-10-19,0.0046145431126923,0.0155454188999923,0.0046145431126923,2.1294008138896312e-05,30,0.012221650965728949,0.0033237679342633508
2015-10-20,0.0045933385815691,0.0159245323814174,0.0045933385815691,2.10987593249316e-05,30,0.012215475826272344,0.0037090565551450554
2015-10-21,-0.0053021043260398,0.0109180542862807,0.0053021043260398,2.8112310284210795e-05,30,0.01242187223359866,-0.0015038179473179595
2015-10-23,0.0022217753895335,0.0089562697290371,0.0022217753895335,4.936285881536971e-06,30,0.011524730735866311,-0.00256846100682921
2015-10-26,-0.0057353402463517,0.0127155924483673,0.0057353402463517,3.289412774142211e-05,30,0.012548023855822847,0.00016756859254445262
2015-10-27,-0.0004782919814055,0.0094413105212868,0.0004782919814055,2.2876321947688534e-07,30,0.01101679039787555,-0.0015754798765887507
2015-10-28,-0.0043924708312024,0.0165067879782167,0.0043924708312024,1.9293800002964315e-05,30,0.012156978725007228,0.004349809253209472
2015-10-29,-0.0047459636657143,0.0103567987370458,0.0047459636657143,2.2524171116280508e-05,30,0.012259922620424699,-0.0019031238833788992
2015-10-30,-0.0010358503938115,0.0116839896188366,0.0010358503938115,1.0729860383595063e-06,30,0.011179239556472298,0.000504750062364303
2015-11-02,-0.0003064584826773,0.0095998536694224,0.0003064584826773,9.391680160491584e-08,30,0.010966723032954886,-0.0013668693635324868
2015-11-03,-0.0023281878374501,0.012186612057712,0.0023281878374501,5.420458606450884e-06,30,0.011555728978441203,0.000630883079270797
2015-11-04,-0.0026230774148806,0.0100425163122326,0.0026230774148806,6.880535124457126e-06,30,0.011641628977880852,-0.0015991126656482516
2015-11-05,-0.0147717649752721,0.0126506343506457,0.0147717649752721,0.0002182050404846,30,0.015177732357682355,-0.0025270980070366544
2015-11-06,-0.0061224513128018,0.0189335732619191,0.0061224513128018,3.748441007762869e-05,30,0.012660738845609193,0.006272834416309906
2015-11-09,-0.0015196019595208,0.0169929042255723,0.0015196019595208,2.309190115379588e-06,30,0.011320175314681921,0.005672728910890379
2015-11-10,-0.0175856305502042,0.0122868795278717,0.0175856305502042,0.0003092544018482,30,0.015995993613951945,-0.003709114086080245
2015-11-13,0.0009159052775981,0.0138534175965916,0.0009159052775981,8.388824775321866e-07,30,0.011144293531885282,0.0027091240647063187
2015-11-16,0.0062276263782236,0.0136433656045498,0.0062276263782236,3.878333030674696e-05,30,0.012691361688177869,0.0009520039163719313
2015-11-17,0.0043743299800842,0.0109641427680503,0.0043743299800842,1.913476277466429e-05,30,0.012151695638283947,-0.001187552870233647
2015-11-18,-0.0104270238290342,0.0120375913445021,0.0104270238290342,0.0001087228259312,30,0.013913731715139717,-0.0018761403706376162
2015-11-19,0.0115145626160823,0.0111380679436274,0.0115145626160823,0.0001325851522396,30,0.014230190185313381,-0.0030921222416859812
2015-11-20,0.0054293292634009,0.0100311016066253,0.0054293292634009,2.947761625042224e-05,30,0.01245891888368432,-0.0024278172770590203
2015-11-23,0.0032914433546154,0.0103095830227013,0.0032914433546154,1.0833599356642495e-05,30,0.011836309221587031,-0.0015267261988857316
2015-11-24,0.0003569257685362,0.0112507758981346,0.0003569257685362,1.2739600424521392e-07,30,0.010981427867648398,0.00026934803048620296
2015-11-26,0.0067840620982576,0.0168528415913294,0.0067840620982576,4.6023498553016304e-05,30,0.012853367178043055,0.003999474413286344
2015-11-27,0.002936572042593,0.0104938004621211,0.002936572042593,8.623455361339017e-06,30,0.011732945069317347,-0.0012391446071962475
2015-11-30,-0.0005678243470112,0.0096545489332131,0.0005678243470112,3.224244890587373e-07,30,0.011042877141102437,-0.0013883282078893371
2015-12-01,0.0022293787410538,0.0123265445242792,0.0022293787410538,4.970129571062775e-06,30,0.011526945627037483,0.000799598897241717
2015-12-02,0.0054930031867839,0.0150692845037733,0.0054930031867839,3.0173084010019004e-05,30,0.012477459882266277,0.0025918246215070224
2015-12-03,-0.0104536704994628,0.0070353841381046,0.0104536704994628,0.0001092792269113,30,0.013921486036000977,-0.0068861018978963765
2015-12-04,-0.008261886352296,0.007548824745782,0.008261886352296,6.825876609825586e-05,30,0.013283578891006884,-0.005734754145224883
2015-12-07,-0.0015072821507349,0.0121318612267675,0.0015072821507349,2.271899481924207e-06,30,0.011316586178180574,0.0008152750485869251
2015-12-08,-0.0119570957417874,0.0111408488575479,0.0119570957417874,0.0001429721385782,30,0.014358948755573168,-0.0032180998980252673
2015-12-09,-0.0171762947530701,0.0123627591243336,0.0171762947530701,0.0002950251014443,30,0.015876978275860317,-0.0035142191515267172
2015-12-10,0.0073529662806514,0.0108280695228823,0.0073529662806514,5.406611312439652e-05,30,0.013018991179021333,-0.002190921656139034
2015-12-11,-0.0121230900329429,0.0118835871556598,0.0121230900329429,0.0001469693119468,30,0.01440724428853213,-0.00252365713287233
2015-12-14,0.0051858002019063,0.0117829477985889,0.0051858002019063,2.689252373409164e-05,30,0.01238800510083827,-0.0006050573022493705
2015-12-15,0.0101945489377664,0.0129646105704753,0.0101945489377664,0.0001039288280445,30,0.013846079204866983,-0.0008814686343916831
2015-12-16,0.0035444724092267,0.0086218674961655,0.0035444724092267,1.2563284659770004e-05,30,0.011910006751705593,-0.0032881392555400932
2015-12-17,0.0155332766444226,0.011479392007982,0.0155332766444226,0.0002412826833121,30,0.015399205489386529,-0.0039198134814045285
2015-12-18,-0.0057573225536047,0.0113130720876218,0.0057573225536047,3.314676298624578e-05,30,0.012554424582546136,-0.0012413524949243353
2015-12-21,0.0096262635522149,0.0131855314999704,0.0096262635522149,9.266494997670206e-05,30,0.013680694202904558,-0.0004951627029341574
2015-12-22,0.000329823679813,0.0112066511351693,0.000329823679813,1.0878365976544389e-07,30,0.010973531046064432,0.00023312008910486917
2015-12-23,0.006412992116378,0.0076024755623182,0.006412992116378,4.112646788472689e-05,30,0.012745331919541516,-0.005142856357223316
2015-12-24,0.00627136256831,0.0137310294952046,0.00627136256831,3.932998846320082e-05,30,0.012704095827947282,0.0010269336672573178
2015-12-28,0.0087432241238579,0.0097154698361546,0.0087432241238579,7.644396808001169e-05,30,0.013423684695455794,-0.003708214859301194
2015-12-29,-0.0023886107202589,0.0063054161065078,0.0023886107202589,5.7054611729360375e-06,30,0.011573330148892688,-0.0052679140423848875
2015-12-30,-0.0009765366972297,0.0070716890427767,0.0009765366972297,9.536239210363626e-07,30,0.011161958569089393,-0.004090269526312694
2015-12-31,0.0029181601612067,0.0083391262270502,0.0029181601612067,8.51565872645409e-06,30,0.011727582074665113,-0.0033884558476149126
2016-01-01,0.0091398035057648,0.0122610052755395,0.0091398035057648,8.353600812399171e-05,30,0.01353911303554011,-0.0012781077600006099
2016-01-04,-0.0172387986015744,0.0133798098693425,0.0172387986015744,0.0002971761772256,30,0.015895151810621674,-0.0025153419412791735
2016-01-05,0.0007837060628226,0.0099496251074371,0.0007837060628226,6.141951929050539e-07,30,0.011105776666829348,-0.001156151559392249
2016-01-06,-0.0072288288973103,0.0128469987948594,0.0072288288973103,5.225596722658853e-05,30,0.01298285230283244,-0.00013585350797303865
2016-01-07,-0.026246830519604,0.0165789190266627,0.026246830519604,0.0006888961123248,30,0.018512826342116248,-0.0019339073154535473
2016-01-08,0.0129529625331239,0.018148661127047,0.0129529625331239,0.0001677792383845,30,0.01464867810495909,0.0034999830220879113
2016-01-11,-0.0095937801711055,0.0129877729194654,0.0095937801711055,9.204061797149706e-05,30,0.013671240385785039,-0.0006834674663196393
2016-01-12,-0.0044900140191334,0.0095054998362294,0.0044900140191334,2.01602258920152e-05,30,0.012185385627642925,-0.002679885791413525
2016-01-13,-0.0059622073849864,0.0171766923455409,0.0059622073849864,3.554791690158754e-05,30,0.012614081341225453,0.004562611004315445
2016-01-14,-0.0070823173161396,0.0164538460537358,0.0070823173161396,5.015921856649185e-05,30,0.012940199127494216,0.0035136469262415856
2016-01-15,-0.0215532512610756,0.0158890843193535,0.0215532512610756,0.000464542639923,30,0.017149272187716037,-0.0012601878683625375
2016-01-18,-0.0245065056445412,0.0218650458979964,0.0245065056445412,0.0006005688189059,30,0.018007329883087446,0.003857716014908953
2016-01-19,0.0168925619860512,0.0150080599143958,0.0168925619860512,0.0002853586504525,30,0.015794478728998466,-0.0007864188146026671
2016-01-20,-0.0190549427702347,0.0134290701703575,0.0190549427702347,0.0003630908439769,30,0.016423149277942525,-0.0029940791075850244
2016-01-21,-0.0043111193969475,0.0156573681384173,0.0043111193969475,1.858575045473769e-05,30,0.012133286982042127,0.0035240811563751733
2016-01-22,0.0216810116017035,0.0129157442625987,0.0216810116017035,0.0004700662640732,30,0.017186399083314673,-0.004270654820715973
2016-01-25,0.0068626263534269,0.0119733669174689,0.0068626263534269,4.7095640466750505e-05,30,0.012876240143264413,-0.0009028732257955127
2016-01-27,0.0037283619081939,0.012921658496538,0.0037283619081939,1.3900682518471748e-05,30,0.011963565152384037,0.0009580933441539641
2016-01-28,-0.006670045160255,0.0129915062311634,0.006670045160255,4.448950243984116e-05,30,0.012820172223386673,0.0001713340077767276
2016-01-29,0.0179844113915762,0.0163486132131671,0.0179844113915762,0.0003234390531014,30,0.016111934202520023,0.00023667901064707703
2016-02-01,0.006472437161121,0.0219885186309911,0.006472437161121,4.189244280466024e-05,30,0.012762639398803214,0.009225879232187888
2016-02-02,-0.0200947651477893,0.0132877892609363,0.0200947651477893,0.0004037995863448,30,0.016725396932688315,-0.0034376076717520156
2016-02-03,-0.0094305446880077,0.0165351162056608,0.0094305446880077,8.893517311251205e-05,30,0.013623732482971263,0.0029113837226895367
2016-02-04,0.003749438334921,0.0145074953099319,0.003749438334921,1.405828782737552e-05,30,0.01196970364990699,0.0025377916600249108
2016-02-05,0.0180260988761688,0.0163424478453773,0.0180260988761688,0.0003249402406934,30,0.01612405398758947,0.00021839385778782763
2016-02-08,-0.0087584670929593,0.0160605226102786,0.0087584670929593,7.671074581845195e-05,30,0.0134281214178413,0.0026324011924373
2016-02-09,-0.0121399028441676,0.0153657575903368,0.0121399028441676,0.0001473772410658,30,0.014412135868703872,0.000953621721632927
2016-02-10,-0.0166110249789304,0.0158025318599579,0.0166110249789304,0.0002759261508506,30,0.015712614732613712,8.991712734418913e-05
2016-02-11,-0.0386087896514981,0.0157164292767659,0.0386087896514981,0.0014906386383536,30,0.022100316762170374,-0.006383887485404475
2016-02-12,-0.0075521320950705,0.0223520358160578,0.0075521320950705,5.703469918139413e-05,30,0.013076971159577011,0.00927506465648079
2016-02-15,0.0375334884151014,0.0294814755245439,0.0375334884151014,0.0014087627526065,30,0.021788481129077403,0.007692994395466498
2016-02-16,-0.0189755132534364,0.017223195263084,0.0189755132534364,0.0003600701032313,30,0.016400059690766303,0.0008231355723176959
2016-02-17,0.0095550461374918,0.0158033603608926,0.0095550461374918,9.129890668959814e-05,30,0.013659967356617956,0.0021433930042746435
2016-02-18,0.0086401764978454,0.0138231165042714,0.0086401764978454,7.465264991392054e-05,30,0.013393690729622963,0.00042942577464843805
2016-02-19,0.0006901412363117,0.0091218647908197,0.0006901412363117,4.762949260579295e-07,30,0.011078515728239719,-0.001956650937420019
2016-02-22,0.0031571840597093,0.0110037060339145,0.0031571840597093,9.967811186883108e-06,30,0.011797203759340145,-0.0007934977254256455
2016-02-23,-0.0167600330194358,0.0087894458995071,0.0167600330194358,0.0002808987068125,30,0.01575594294410238,-0.006966497044595281
2016-02-24,-0.0105900379148505,0.0114380223907515,0.0105900379148505,0.0001121489030379,30,0.013961169264129608,-0.002523146873378108
2016-02-25,-0.0111353983299081,0.0105349714996881,0.0111353983299081,0.0001239970959657,30,0.01411986361180944,-0.0035848921121213392
2016-02-26,0.0080053662135102,0.0085997160307847,0.0080053662135102,6.408588821241201e-05,30,0.013208908623184327,-0.004609192592399627
2016-02-29,-0.0051676837107154,0.017906479562424,0.0051676837107154,2.6704954933994144e-05,30,0.012382729632085948,0.005523749930338051
2016-03-01,0.0314066845638844,0.020843151817257,0.0314066845638844,0.0009863798352953,30,0.02001091388283024,0.0008322379344267578
2016-03-02,0.022552215071003,0.0184489410583175,0.022552215071003,0.0005086024046087,30,0.01743955318609232,0.0010093878722251814
2016-03-03,0.0139278486636757,0.0179070088428292,0.0139278486636757,0.0001939849683982,30,0.01493226850749322,0.0029747403353359812
2016-03-04,0.0036548867458686,0.0126145307958942,0.0036548867458686,1.3358197125126284e-05,30,0.011942165425782443,0.0006723653701117566
2016-03-08,-0.0003872447647375,0.012447947268851,0.0003872447647375,1.499585078166637e-07,30,0.010990261978051646,0.0014576852907993536
2016-03-09,0.004152660920799,0.0098707245011425,0.004152660920799,1.724459272313123e-05,30,0.01208713888587912,-0.002216414384736621
2016-03-10,-0.0050910867140073,0.0102145008656919,0.0050910867140073,2.5919163929542152e-05,30,0.012360424680590067,-0.0021459238148981673
2016-03-11,0.0044012996587515,0.0082388544212666,0.0044012996587515,1.937143868612646e-05,30,0.01215954990441895,-0.00392069548315235
2016-03-14,0.0060112974464929,0.0080830531200798,0.0060112974464929,3.613569699021321e-05,30,0.012628374773258054,-0.004545321653178254
2016-03-15,-0.0088116276992603,0.0160602912699368,0.0088116276992603,7.764478271037307e-05,30,0.013443594639661187,0.002616696630275613
2016-03-16,0.0026168564324185,0.0072359998772266,0.0026168564324185,6.84793758789038e-06,30,0.011639816866560487,-0.004403816989333887
2016-03-17,0.0037898208477765,0.0092965867670809,0.0037898208477765,1.4362742058242042e-05,30,0.011981464989022556,-0.002684878221941656
2016-03-18,0.0111454059984582,0.0150548931581503,0.0111454059984582,0.0001242200748704,30,0.014122775640557977,0.0009321175175923228
2016-03-21,0.012407625131446,0.0103816117160012,0.012407625131446,0.0001539491614024,30,0.0144900265723935,-0.0041084148563923
2016-03-22,0.000935482544106,0.0120967106639047,0.000935482544106,8.751275903270907e-07,30,0.011149997406727499,0.0009467132571772015
2016-03-23,0.0029468278987589,0.011276776621645,0.0029468278987589,8.683794664904285e-06,30,0.011735932379630115,-0.00045915575798511493
2016-03-28,-0.0162951516965115,0.0185965457444688,0.0162951516965115,0.0002655319688123,30,0.015620763158692179,0.002975782585776623
2016-03-29,-9.260310957110267e-05,0.0163907134855857,9.260310957110267e-05,8.575335902237648e-09,30,0.010904410193405732,0.005486303292179969
2016-03-30,0.0250288319019286,0.0173319424703887,0.0250288319019286,0.0006264424263749,30,0.01815905686801978,-0.0008271143976310812
2016-03-31,0.0072091239133569,0.0104492265146264,0.0072091239133569,5.197146759813497e-05,30,0.012977115736079133,-0.002527889221452733
2016-04-01,0.0018144393822088,0.011914626615077,0.0018144393822088,3.2921902717103595e-06,30,0.011406068809167242,0.0005085578059097588
2016-04-04,0.0057994039446336,0.0114285912809313,0.0057994039446336,3.363308611303239e-05,30,0.012566677636844664,-0.0011380863559133647
2016-04-05,-0.0158432933830682,0.0215753895174999,0.0158432933830682,0.0002510099452219,30,0.015489362701375926,0.006086026816123975
2016-04-06,0.0042068274020828,0.0091956739056442,0.0042068274020828,1.7697396790915334e-05,30,0.012102913973190771,-0.002907240067546571
2016-04-07,-0.0077149444667059,0.0124806656802473,0.0077149444667059,5.952036812435733e-05,30,0.013124367065902347,-0.0006437013856550478
2016-04-08,0.004239781255838,0.0101337743984563,0.004239781255838,1.7975745097355247e-05,30,0.012112511183025873,-0.0019787367845695725
2016-04-11,0.0133212643403022,0.0117817483169334,0.0133212643403022,0.0001774560836242,30,0.014755819670161992,-0.002974071353228592
2016-04-12,0.0075823864643395,0.009749959737657,0.0075823864643395,5.749258449459983e-05,30,0.013085778507163692,-0.003335818769506692
2016-04-13,0.0164171462176864,0.0129356646458714,0.0164171462176864,0.0002695226899328,30,0.01565623790608079,-0.002720573260209391
2016-04-18,0.005369494452813,0.0132542982942442,0.005369494452813,2.883147067878976e-05,30,0.012441495648979305,0.000812802645264895
2016-04-20,0.0054526697486489,0.0130319960482177,0.0054526697486489,2.9731607387831644e-05,30,0.012465715339329463,0.0005662807088882369
2016-04-21,0.000533497194509,0.0154288908594426,0.000533497194509,2.846192565490076e-07,30,0.011032875389046739,0.004396015470395861
2016-04-22,0.0003784081634818,0.011765439921311,0.0003784081634818,1.431927381897392e-07,30,0.01098768724220945,0.0007777526791015506
2016-04-25,-0.0017615916761773,0.0114119626198159,0.0017615916761773,3.1032052335773097e-06,30,0.011390673187381066,2.1289432434833458e-05
2016-04-26,0.011437890635476,0.0101669276412145,0.011437890635476,0.0001308253421891,30,0.014207881130923609,-0.004040953489709108
2016-04-27,0.001720216464199,0.0139929165816425,0.001720216464199,2.959144683701609e-06,30,0.011378619667625604,0.0026142969140168972
2016-04-28,-0.0151256635706237,0.0125954105036561,0.0151256635706237,0.0002287856984516,30,0.015280660565934565,-0.0026852500622784638
2016-04-29,-0.0003400538282573,0.0130554091849534,0.0003400538282573,1.156366061124612e-07,30,0.01097651184002083,0.00207889734493257
2016-05-02,0.003011243730177,0.0147791784525649,0.003011243730177,9.067588802530514e-06,30,0.011754695238195067,0.0030244832143698323
2016-05-03,-0.0095402523225274,0.0098543945777509,0.0095402523225274,9.10164143774896e-05,30,0.013655661797633372,-0.003801267219882472
2016-05-04,-0.0144308046919578,0.020165818334796,0.0144308046919578,0.0002082481240574,30,0.015078562823962149,0.00508725551083385
2016-05-05,0.0014303904879079,0.0102920144902858,0.0014303904879079,2.046016947897438e-06,30,0.011294185163827979,-0.0010021706735421788
2016-05-06,-0.0007173023003949,0.0124548525507454,0.0007173023003949,5.145225901518291e-07,30,0.011086429377014016,0.001368423173731384
2016-05-09,0.0152445307915572,0.0129320371968542,0.0152445307915572,0.0002323957190547,30,0.015315230999050735,-0.0023831938021965354
2016-05-10,0.0019994450518155,0.0128379941283401,0.0019994450518155,3.997780515229596e-06,30,0.011459963957341385,0.0013780301709987158
2016-05-11,-0.0040468796482879,0.010007725499536,0.0040468796482879,1.6377234887726934e-05,30,0.01205633154030236,-0.0020486060407663605
2016-05-12,0.0090339271551588,0.009604903996596,0.0090339271551588,8.161183984471706e-05,30,0.01350829724034311,-0.003903393243747111
2016-05-13,-0.0081517167018026,0.0128705540511931,0.0081517167018026,6.64504851864487e-05,30,0.013251509978246274,-0.00038095592705317434
2016-05-16,0.0048208881540226,0.0138179506621614,0.0048208881540226,2.324096259359557e-05,30,0.012281741484065451,0.001536209178095948
2016-05-17,0.0003813790259601,0.0089713953168272,0.0003813790259601,1.4544996144233822e-07,30,0.010988552867882648,-0.002017157551055448
2016-05-18,0.0023339291242278,0.0107517387842253,0.0023339291242278,5.447225156919056e-06,30,0.01155740141954469,-0.0008056626353193912
2016-05-19,-0.0112726285596155,0.0153698633040086,0.0112726285596155,0.000127072154643,30,0.014159794509670202,0.0012100687943383988
2016-05-20,-0.0060142169860539,0.0152878029643829,0.0060142169860539,3.617080595533934e-05,30,0.012629224845618747,0.002658578118764153
2016-05-23,0.0017554618217118,0.015609534408521,0.0017554618217118,3.081646207487757e-06,30,0.011388887428336023,0.004220646980184976
2016-05-24,-0.0013700381763596,0.0097323494463057,0.0013700381763596,1.877004604682944e-06,30,0.011276602443523827,-0.001544252997218127
2016-05-25,0.0137088627600109,0.0148254821868924,0.0137088627600109,0.0001879329181728,30,0.014868569416460819,-4.3087229568418775e-05
2016-05-26,0.018877444518953,0.0211119365026923,0.018877444518953,0.0003563579115661,30,0.016371551500404112,0.004740385002288187
2016-05-27,0.0088989097679582,0.0191805876946236,0.0088989097679582,7.91905950582632e-05,30,0.013468999220815752,0.005711588473807849
2016-05-30,0.0063155923304144,0.0175031869427922,0.0063155923304144,3.988670648398987e-05,30,0.01271697360424963,0.004786213338542568
2016-05-31,-0.0026946733023939,0.0152282328505633,0.0026946733023939,7.261264206634957e-06,30,0.011662484057855938,0.003565748792707362
2016-06-01,0.0046598798715918,0.017716543965872,0.0046598798715918,2.171448041766728e-05,30,0.012234853787408415,0.005481690178463587
2016-06-02,0.0054383780668934,0.0089705158012859,0.0054383780668934,2.9575955998468e-05,30,0.01246155378376974,-0.0034910379824838397
2016-06-03,-0.0023553775941973,0.0115062582230088,0.0023553775941973,5.547803611247003e-06,30,0.011563649364155314,-5.7391141146513266e-05
2016-06-06,0.0017212050567659,0.0104049084657743,0.0017212050567659,2.9625468474366203e-06,30,0.011378907667361758,-0.0009739992015874582
2016-06-07,0.0129321320911052,0.0139371098881281,0.0129321320911052,0.0001672400404217,30,0.014642618236364938,-0.0007055083482368375
2016-06-08,0.0031926007835312,0.0113964423297535,0.0031926007835312,1.0192699763004525e-05,30,0.011807519588277984,-0.0004110772585244841
2016-06-09,-0.0087831381015177,0.0121616585667231,0.0087831381015177,7.714351491033338e-05,30,0.013435302311651265,-0.0012736437449281657
2016-06-10,-0.0059572982468639,0.0073881197887091,0.0059572982468639,3.548940240208878e-05,30,0.012612651954766423,-0.005224532166057323
2016-06-13,-0.0031522596113601,0.0119068199520689,0.0031522596113601,9.936740657412398e-06,30,0.011795769411679148,0.00011105054038975173
2016-06-14,0.0108960758369721,0.0155976938316888,0.0108960758369721,0.000118724468645,30,0.014050224528919601,0.0015474693027691996
2016-06-15,0.0105972612799978,0.0080162730528718,0.0105972612799978,0.0001123019466365,30,0.013963271260923784,-0.005946998208051984
2016-06-16,-0.0011822357882362,0.0091316602309293,0.0011822357882362,1.397681458986493e-06,30,0.011221888249088128,-0.002090228018158828
2016-06-17,-0.0001589873915675,0.0088693974465606,0.0001589873915675,2.5276990677459805e-08,30,0.01092375331860852,-0.002054355872047919
2016-06-20,0.0045778149686235,0.0112299127959016,0.0045778149686235,2.095638988695411e-05,30,0.012210955061605314,-0.000981042265703714
2016-06-21,-0.0028053991867968,0.0070284372467733,0.0028053991867968,7.870264597280598e-06,30,0.011694736899753973,-0.0046662996529806735
2016-06-22,-0.0009026976841777,0.0074742153345117,0.0009026976841777,8.148631090197883e-07,30,0.011140445465851275,-0.003666230131339575
2016-06-23,0.0062774671416994,0.011623974273666,0.0062774671416994,3.940659371511679e-05,30,0.01270587321752259,-0.0010818989438565896
2016-06-24,-0.0174543935983273,0.0177116715931016,0.0174543935983273,0.0003046558558853,30,0.01595783682894942,0.0017538347641521818
2016-06-27,0.010638187158106,0.014603232993445,0.010638187158106,0.0001131710260108,30,0.013975180641591747,0.0006280523518532536
2016-06-28,0.0082091543123231,0.0137787224964202,0.0082091543123231,6.739021452353379e-05,30,0.013268229354156974,0.0005104931422632263
2016-06-29,0.0109399931567596,0.0102063097380659,0.0109399931567596,0.0001196834502699,30,0.014063003934878717,-0.003856694196812817
2016-06-30,0.014459678530953,0.0124305858312961,0.014459678530953,0.0002090823032185,30,0.01508696104882565,-0.002656375217529549
2016-07-01,0.0058690927184292,0.0147323165902072,0.0058690927184292,3.444624933751913e-05,30,0.012586969132359245,0.0021453474578479546
2016-07-04,0.0085602800673383,0.0113455089783694,0.0085602800673383,7.327839483127104e-05,30,0.013370435091990996,-0.0020249261136215963
2016-07-05,-0.0038900765989062,0.0062941272568463,0.0038900765989062,1.5132695945357809e-05,30,0.012010664051436313,-0.005716536794590012
2016-07-07,-0.0011894188666708,0.013406371454214,0.0011894188666708,1.4147172403926022e-06,30,0.011223980984933359,0.0021823904692806415
2016-07-08,-0.0030780695461467,0.0093392054231833,0.0030780695461467,9.474512130916282e-06,30,0.01177415991035307,-0.0024349544871697694
2016-07-11,0.0191439108734125,0.0100969024900013,0.0191439108734125,0.0003664893235291,30,0.016449011390357628,-0.006352108900356328
2016-07-12,0.0037937730783522,0.0093931044898718,0.0037937730783522,1.439271417003011e-05,30,0.011982616066354215,-0.002589511576482415
2016-07-13,-0.0047162279857052,0.007761373028514,0.0047162279857052,2.224280641314896e-05,30,0.012251263195309848,-0.004489890166795848
2016-07-14,0.0028030996369387,0.0120555946584356,0.0028030996369387,7.857367574606303e-06,30,0.011694067078822675,0.00036152757961292574
2016-07-15,-0.0008583821272444,0.0146796750278968,0.0008583821272444,7.368198763726896e-07,30,0.011127533968849997,0.003552141059046804
2016-07-18,-0.0037016448160818,0.0094785983504535,0.0037016448160818,1.3702174344425566e-05,30,0.01195578379095056,-0.0024771854404970588
2016-07-19,0.002790517034218,0.0090226430823443,0.002790517034218,7.786985318260918e-06,30,0.011690401970850186,-0.002667758888505886
2016-07-20,0.0092486324060766,0.0100298011511985,0.0092486324060766,8.553720138273206e-05,30,0.013570787758084003,-0.003540986606885503
2016-07-21,-0.0072939371112062,0.0096402969718688,0.0072939371112062,5.320151858223119e-05,30,0.013001806676688803,-0.003361509704820003
2016-07-22,0.010214656949942,0.0126561587903759,0.010214656949942,0.0001043392166049,30,0.013851930914615675,-0.0011957721242397742
2016-07-25,0.0060295761442804,0.0093104328478234,0.0060295761442804,3.635578847967585e-05,30,0.012633696914136846,-0.0033232640663134454
2016-07-26,0.0024803591684327,0.0164314452911547,0.0024803591684327,6.152181604428322e-06,30,0.011600056194223204,0.004831389096931496
2016-07-27,-0.0005621243023662,0.0148551852709879,0.0005621243023662,3.1598373131078495e-07,30,0.01104121634703608,0.0038139689239518205
2016-07-28,0.0122884414819333,0.017272859019147,0.0122884414819333,0.0001510057940548,30,0.014455351790292606,0.002817507228854396
2016-07-29,0.0043830329186959,0.0137044233412334,0.0043830329186959,1.921097756637257e-05,30,0.012154230161404258,0.0015501931798291412
2016-08-01,0.0034599593685396,0.0194291883744243,0.0034599593685396,1.1971318831945025e-05,30,0.011885391646872363,0.007543796727551937
2016-08-02,-0.0024788938601049,0.01088531918957,0.0024788938601049,6.144914769666036e-06,30,0.01159962935675154,-0.0007143101671815404
2016-08-03,-0.015128839165248,0.0155981519880837,0.015128839165248,0.0002288817744879,30,0.015281584138273236,0.00031656784981046356
2016-08-04,-7.15464108419398e-05,0.0111863754632345,7.15464108419398e-05,5.11888890436364e-09,30,0.01089827463579203,0.0002881008274424699
2016-08-05,0.0129208946914191,0.0128120022245351,0.0129208946914191,0.0001669495196267,30,0.014639349112159998,-0.0018273468876248977
2016-08-08,0.012253384414655,0.0163959583761571,0.012253384414655,0.0001501454296133,30,0.014445152338306639,0.0019508060378504617
2016-08-09,-0.004762240809752,0.0105925513470938,0.004762240809752,2.2678937530067484e-05,30,0.012264662727396135,-0.0016721113803023352
2016-08-10,-0.004272933986721,0.0201773211922531,0.004272933986721,1.825796485487576e-05,30,0.01212216627227245,0.00805515491998065
2016-08-11,-0.0002685320678052,0.0129780973666568,0.0002685320678052,7.210947143978132e-08,30,0.010955672215889918,0.002022425150766881
2016-08-12,0.0058512671390624,0.0128961817872742,0.0058512671390624,3.423732713267191e-05,30,0.012581778820200906,0.0003144029670732948
2016-08-16,0.0052001673826135,0.0164042513913445,0.0052001673826135,2.7041740807198108e-05,30,0.012392188772943123,0.004012062618401377
2016-08-17,-0.0002028030960652,0.0103308312811251,0.0002028030960652,4.112909577365383e-08,30,0.010936520298869367,-0.0006056890177442674
2016-08-18,0.002561485285362,0.0089013135874375,0.002561485285362,6.561206867126425e-06,30,0.011623687731079555,-0.0027223741436420545
2016-08-19,0.0032385432613881,0.011833967444524,0.0032385432613881,1.0488162455882724e-05,30,0.011820901185428851,1.3066259095148927e-05
2016-08-22,-0.0036364033446845,0.0113991779609945,0.0036364033446845,1.322342928523291e-05,30,0.01193678208269234,-0.0005376041216978416
2016-08-23,-0.0001269864482047,0.010567742759919,0.0001269864482047,1.612555802765859e-08,30,0.010914428868533225,-0.0003466861086142241
2016-08-24,0.0022099959306165,0.0084844392370575,0.0022099959306165,4.884082013341698e-06,30,0.011521299321296563,-0.0030368600842390625
2016-08-25,-0.0082843097623,0.0088856255026764,0.0082843097623,6.86297882377399e-05,30,0.01329010599178314,-0.00440448048910674
2016-08-26,0.0020318493628399,0.0141269267801398,0.0020318493628399,4.1284118332729625e-06,30,0.01146940372965138,0.002657523050488419
2016-08-29,0.0029567923466157,0.011089967620808,0.0029567923466157,8.74262098100554e-06,30,0.011738834805299223,-0.0006488671844912235
2016-08-30,0.0125140954703888,0.0085590507906634,0.0125140954703888,0.000156602585442,30,0.014521002160463509,-0.005961951369800109
2016-08-31,0.0110768623728988,0.0170599223495763,0.0110768623728988,0.0001226968800281,30,0.014102830761414298,0.002957091588162002
2016-09-01,-0.0020954001926375,0.0121908610116683,0.0020954001926375,4.390701967305606e-06,30,0.011487916752893592,0.0007029442587747087
2016-09-02,0.006685237141828,0.0085218549722874,0.006685237141828,4.469239564247784e-05,30,0.012824595252693735,-0.004302740280406335
2016-09-06,0.0100563320437859,0.016069122718666,0.0100563320437859,0.0001011298141748,30,0.01380585577770561,0.0022632669409603894
2016-09-07,0.0012847450934684,0.0111362105685492,0.0012847450934684,1.650569955191265e-06,30,0.011251753385687794,-0.00011554281713859436
2016-09-08,0.009642928762706,0.0127432007919206,0.009642928762706,9.298607512262436e-05,30,0.013685544355878262,-0.0009423435639576618
2016-09-09,-0.0095785347513737,0.0104779490166479,0.0095785347513737,9.174832798327516e-05,30,0.013666803414146606,-0.0031888543974987055
2016-09-12,-0.0271120571563696,0.0144755867927211,0.0271120571563696,0.0007350636432502,30,0.01876409983976075,-0.004288513047039651
2016-09-14,0.0072908371183771,0.0126724866850179,0.0072908371183771,5.315630588670635e-05,30,0.013000904206915923,-0.0003284175218980223
2016-09-15,0.001805962843937,0.0103641943452513,0.001805962843937,3.261501793681173e-06,30,0.011403599426389072,-0.001039405081137772
2016-09-16,0.0006764215052262,0.01185803555685,0.0006764215052262,4.575460527325767e-07,30,0.011074518336594332,0.0007835172202556671
2016-09-19,0.0068977595875663,0.01150864094022,0.0068977595875663,4.757908732786346e-05,30,0.012886468656510905,-0.001377827716290905
2016-09-20,-0.0030431398677321,0.010145100993937,0.0030431398677321,9.260700254580929e-06,30,0.011763985797660791,-0.0016188848037237916
2016-09-21,0.000589408253095,0.0072586112517866,0.000589408253095,3.474020888165471e-07,30,0.011049165927283383,-0.0037905546754967833
2016-09-22,0.014140414648249,0.0123648521376945,0.014140414648249,0.0001999513264244,30,0.014994098487288308,-0.002629246349593807
2016-09-23,-0.0055777948527186,0.0102029449176315,0.0055777948527186,3.111179541901446e-05,30,0.012502149856905665,-0.0022992049392741645
2016-09-26,-0.0111274024506248,0.0095489324960079,0.0111274024506248,0.0001238190852981,30,0.014117536970347008,-0.004568604474339108
2016-09-27,-0.0021879621644846,0.0086021313936082,0.0021879621644846,4.787178433216224e-06,30,0.011514880762807432,-0.002912749369199231
2016-09-28,0.0034646459994496,0.0090083909998382,0.0034646459994496,1.2003771901502217e-05,30,0.011886756672746392,-0.0028783656729081918
2016-09-29,-0.034688376194278,0.0202384008052921,0.034688376194278,0.0012032834429957,30,0.020963199927498146,-0.0007247991222060456
2016-09-30,0.0059294566454308,0.0124674740131083,0.0059294566454308,3.515845611004368e-05,30,0.012604545340397406,-0.0001370713272891063
2016-10-03,0.0171948489424612,0.0095297411254844,0.0171948489424612,0.000295662830154,30,0.015882373081821437,-0.0063526319563370365
2016-10-04,0.0033229158354235,0.0080445129359526,0.0033229158354235,1.1041769649308498e-05,30,0.011845476059173554,-0.0038009631232209535
2016-10-05,0.0006894378537124,0.0108669969585963,0.0006894378537124,4.75324554131694e-07,30,0.011078310790298892,-0.00021131383170259165
2016-10-06,-0.0054334998583569,0.0094631265495822,0.0054334998583569,2.952292071076551e-05,30,0.012460133309919694,-0.0029970067603374943
2016-10-07,0.0002794215483953,0.0115102153410667,0.0002794215483953,7.807640170765308e-08,30,0.010958845145938406,0.0005513701951282944
2016-10-10,0.0022207358558201,0.0088305783321292,0.0022207358558201,4.931667741325337e-06,30,0.011524427914764006,-0.0026938495826348066
2016-10-13,-0.0174699269054328,0.01199839786931,0.0174699269054328,0.0003051983460811,30,0.015962353128273297,-0.003963955258963297
2016-10-14,0.0060803888579812,0.0101162562559854,0.0060803888579812,3.697112866426209e-05,30,0.012648491800222754,-0.002532235544237354
2016-10-17,-0.0002260005808041,0.0126004348428521,0.0002260005808041,5.107626252379952e-08,30,0.01094327953262257,0.00165715531022953
2016-10-18,0.0184088172301694,0.0111471680654299,0.0184088172301694,0.0003388845518137,30,0.016235318576193928,-0.005088150510764028
2016-10-19,0.007294781901485,0.0140138496193447,0.007294781901485,5.321384299023455e-05,30,0.013002052611936028,0.0010117970074086727
2016-10-20,0.0084039492832631,0.0155105099928757,0.0084039492832631,7.062636355565933e-05,30,0.013324930858571452,0.0021855791343042483
2016-10-21,-0.0001715618509055,0.0124752299540383,0.0001715618509055,2.9433468686149733e-08,30,0.01092741726033007,0.0015478126937082306
2016-10-24,0.0002720334960866,0.012769758385857,0.0002720334960866,7.400222299310927e-08,30,0.010956692447483813,0.0018130659383731873
2016-10-25,-0.0041771323494881,0.0202753570317585,0.0041771323494881,1.7448434665140134e-05,30,0.01209426579595747,0.00818109123580103
2016-10-26,-0.0137063702208669,0.016880704309185,0.0137063702208669,0.0001878645846314,30,0.014867844371251267,0.002012859937933733
2016-10-27,-0.0064281575216469,0.0166153157286948,0.0064281575216469,4.1321209123105646e-05,30,0.012749747353420387,0.0038655683752744138
2016-10-28,0.002373150239835,0.0102395151099428,0.002373150239835,5.631842060829124e-06,30,0.011568826527528032,-0.0013293114175852317
2016-11-01,-0.0026405474887143,0.0076156647280083,0.0026405474887143,6.972491040155822e-06,30,0.011646717831907207,-0.004031053103898907
2016-11-02,-0.0164830704754772,0.0095882878861856,0.0164830704754772,0.0002716916122995,30,0.01567540777398653,-0.00608711988780093
2016-11-03,-0.0063069289804972,0.0100789150187618,0.0063069289804972,3.977735316503646e-05,30,0.012714451220482419,-0.0026355362017206185
2016-11-04,-0.0155498928690938,0.0176452048503963,0.0155498928690938,0.0002417991682402,30,0.015404037809195732,0.0022411670412005678
2016-11-07,0.0079858561379051,0.0141970867417192,0.0079858561379051,6.377389825531709e-05,30,0.013203229350799367,0.000993857390919832
2016-11-08,0.0017730493616729,0.0122131502700538,0.0017730493616729,3.143704038928962e-06,30,0.011394011055044714,0.0008191392150090852
2016-11-09,-0.0143703636836854,0.0213534796947024,0.0143703636836854,0.0002065073524013,30,0.01506098289569487,0.006292496799007532
2016-11-10,0.016168601573529,0.0211570924462974,0.016168601573529,0.0002614236768435,30,0.01558396311625524,0.00557312933004216
2016-11-11,-0.0312119327872038,0.0160800559877655,0.0312119327872038,0.0009741847483129,30,0.0199543881938203,-0.0038743322060547994
2016-11-15,-0.0299892033749082,0.0246805534959637,0.0299892033749082,0.0008993523190616,30,0.01959946577095524,0.005081087725008461
2016-11-16,0.0021350127354661,0.02280170712042,0.0021350127354661,4.55827938060247e-06,30,0.01149945622762059,0.01130225089279941
2016-11-17,0.0007930424316536,0.0108198087953115,0.0007930424316536,6.289162984030704e-07,30,0.011108496882845079,-0.00028868808753357983
2016-11-18,-0.003060242470534,0.0111383700267439,0.003060242470534,9.365083978460158e-06,30,0.01176896734945771,-0.0006305973227138089
2016-11-21,-0.0201590300035763,0.0135546386057808,0.0201590300035763,0.000406386490685,30,0.016744075659095328,-0.003189437053314528
2016-11-22,0.0089433118742009,0.0089205490889849,0.0089433118742009,7.998282727922411e-05,30,0.013481922924733453,-0.004561373835748554
2016-11-23,0.011747974192791,0.0100376254243642,0.011747974192791,0.0001380148976344,30,0.014298104049182515,-0.004260478624818315
2016-11-24,-0.0110770637360209,0.0141931890966776,0.0110770637360209,0.0001227013410118,30,0.014102889354467811,9.02997422097887e-05
2016-11-25,0.0197951396299212,0.0139427710558574,0.0197951396299212,0.000391847552968,30,0.016638308108368253,-0.002695537052510853
2016-11-28,0.0054448524434779,0.0158747786216075,0.0054448524434779,2.964641813124763e-05,30,0.012463439040628299,0.0034113395809792016
2016-11-29,0.0084146068162016,0.0164287122846389,0.0084146068162016,7.080560787126726e-05,30,0.013328033045331505,0.0031006792393073954
2016-11-30,0.0096540948726118,0.0105049302387723,0.0096540948726118,9.32015478093905e-05,30,0.013688794074616184,-0.003183863835843884
2016-12-01,-0.0053280111078019,0.0104026951415403,0.0053280111078019,2.838770236486089e-05,30,0.012429416081393328,-0.002026720939853028
2016-12-02,-0.014170415182611,0.0116500995979709,0.014170415182611,0.0002008006664475,30,0.015002824738826928,-0.0033527251408560273
2016-12-05,0.0086609628197233,0.0136083610143432,0.0086609628197233,7.501227696463018e-05,30,0.013399741013968881,0.00020862000037431827
2016-12-06,0.0058878801604083,0.0109648970189811,0.0058878801604083,3.4667132783330174e-05,30,0.012592439499583732,-0.0016275424806026333
2016-12-07,-0.0067563618938824,0.0084195978511403,0.0067563618938824,4.564842604110725e-05,30,0.012845302568719408,-0.004425704717579108
2016-12-08,0.015138882844132,0.0072084754041632,0.015138882844132,0.0002291857737683,30,0.015284505183750168,-0.008076029779586968
2016-12-09,0.0073709900936763,0.0112505087247001,0.0073709900936763,5.433149496107551e-05,30,0.013024238224952092,-0.0017737295002519925
2016-12-12,-0.0130998354359694,0.0092372269077,0.0130998354359694,0.0001716056884494,30,0.014691405049610045,-0.005454178141910045
2016-12-13,0.0034246298989142,0.0114821515274976,0.0034246298989142,1.1728089944537677e-05,30,0.011875101576713445,-0.0003929500492158445
2016-12-14,-0.0039985046533248,0.0116860361584446,0.0039985046533248,1.598803946266027e-05,30,0.012042242850270347,-0.00035620669182574727
2016-12-15,-0.0019589722600749,0.014251304349658,0.0019589722600749,3.837572315743288e-06,30,0.011448173684130732,0.002803130665527268
2016-12-16,0.0011292594621165,0.0116161706957867,0.0011292594621165,1.2752269327796963e-06,30,0.011206453937083041,0.00040971675870365813
2016-12-19,-0.0072913070649636,0.0102192466374972,0.0072913070649636,5.3163158715588536e-05,30,0.013001041017767551,-0.0027817943802703506
2016-12-20,-0.0088258764123293,0.0098510642127637,0.0088258764123293,7.789609444571144e-05,31,0.013447741931857368,-0.003596677719093668
2016-12-21,-0.004211836546098,0.0088467779173088,0.004211836546098,1.7739567091047434e-05,31,0.012104372797721885,-0.0032575948804130853
2016-12-22,-0.0139550080038017,0.0116062153082572,0.0139550080038017,0.0001947422483861,31,0.014940168553009116,-0.0033339532447519155
2016-12-23,-0.0058318556880576,0.0206489951425802,0.0058318556880576,3.401054076632978e-05,31,0.012576126733228317,0.008072868409351884
2016-12-26,-0.0185546936861008,0.0157723191498213,0.0185546936861008,0.000344276657785,31,0.01627772664468763,-0.0005054074948663279
2016-12-27,0.0214785601710262,0.0098929270025863,0.0214785601710262,0.0004613285470203,31,0.017127566833084702,-0.007234639830498402
2016-12-28,0.0050571439419249,0.0083535253298478,0.0050571439419249,2.5574704849348568e-05,31,0.01235054051862936,-0.003997015188781559
2016-12-29,0.0077578623990161,0.0123109761766444,0.0077578623990161,6.018442900206825e-05,31,0.013136860638025832,-0.000825884461381432
2016-12-30,0.0126067812167012,0.0087342021482004,0.0126067812167012,0.0001589309326457,31,0.014547967038367842,-0.005813764890167442
2017-01-02,0.0071545964192952,0.0105267541741601,0.0071545964192952,5.118824992299199e-05,31,0.012961241474850586,-0.0024344873006904855
2017-01-03,0.0054601893188658,0.0108790277952844,0.0054601893188658,2.9813667397856548e-05,31,0.012467904939340945,-0.0015888771440565452
2017-01-04,0.0002760037775832,0.0115189790603664,0.0002760037775832,7.617808524020205e-08,31,0.010957849291034924,0.0005611297693314758
2017-01-05,0.012304742370123,0.0093150708684996,0.012304742370123,0.0001514066847951,31,0.01446009433165717,-0.00514502346315757
2017-01-06,-0.0059975289696622,0.0100816163504309,0.0059975289696622,3.5970353741938034e-05,31,0.012624365848706713,-0.0025427494982758134
2017-01-09,-0.0020342303963798,0.0096623280383507,0.0020342303963798,4.138093305555913e-06,31,0.011470097352347525,-0.001807769313996824
2017-01-10,0.0077418750740151,0.0096824736678812,0.0077418750740151,5.993662966165736e-05,31,0.013132206675205588,-0.0034497330073243876
2017-01-11,0.0091622078403546,0.0085079081237861,0.0091622078403546,8.394605250985691e-05,31,0.013545633867039867,-0.005037725743253767
2017-01-12,0.0026110275761165,0.0104885428732406,0.0026110275761165,6.817465003240817e-06,31,0.011638118976474003,-0.0011495761032334038
2017-01-13,-7.614796963596737e-05,0.0114829021995586,7.614796963596737e-05,5.798513279680209e-09,31,0.010899615451772074,0.000583286747786526
2017-01-16,0.0036241893778285,0.0112267687999534,0.0036241893778285,1.3134748646365327e-05,31,0.011933224723325062,-0.000706455923371662
2017-01-17,0.0007078587243884,0.0097076081504132,0.0007078587243884,5.0106397369281e-07,31,0.011083677899359805,-0.001376069748946605
2017-01-18,0.0058948909899086,0.0093278465850124,0.0058948909899086,3.4749739782906045e-05,31,0.012594480849866885,-0.0032666342648544847
2017-01-19,0.0027775140617094,0.0087150815699609,0.0027775140617094,7.714584362993522e-06,31,0.011686614409919076,-0.0029715328399581766
2017-01-20,-0.021398941355295,0.01629410726878,0.021398941355295,0.0004579146911273,31,0.017104429249351613,-0.0008103219805716128
2017-01-23,0.0021947297357337,0.0104821447764158,0.0021947297357337,4.816838612914072e-06,31,0.011516852195793847,-0.0010347074193780472
2017-01-24,0.0113595868826025,0.0100202458204213,0.0113595868826025,0.0001290402141433,31,0.014185097062739953,-0.004164851242318654
2017-01-25,0.015450094616738,0.0137716879482134,0.015450094616738,0.0002387054236661,31,0.015375014394158885,-0.0016033264459454858
2017-01-27,0.0097228065597317,0.0207230842650584,0.0097228065597317,9.45329673979628e-05,31,0.013708791418581586,0.007014292846476816
2017-01-30,-0.0013846157688975,0.0098487445703451,0.0013846157688975,1.9171608274796675e-06,31,0.011280849413680794,-0.001432104843335693
2017-01-31,-0.0104514580365243,0.0135830531139542,0.0104514580365243,0.0001092329750892,31,0.013920842198666064,-0.00033778908471186406
2017-02-01,0.0151551625048926,0.0169178182267086,0.0151551625048926,0.0002296789505497,31,0.01528923985832122,0.0016285783683873817
2017-02-02,0.016193612778204,0.0183008254304191,0.016193612778204,0.0002622330948104,31,0.015591236275912003,0.0027095891545070964
2017-02-03,0.0037027503248866,0.0119783159072261,0.0037027503248866,1.371035996844818e-05,31,0.011956105771251578,2.221013597452151e-05
2017-02-06,0.0190631756069454,0.0206908835998311,0.0190631756069454,0.0003634046642212,31,0.01642554249099676,0.004265341108834343
2017-02-07,-0.0077567835306958,0.0109067550379829,0.0077567835306958,6.016769074207486e-05,31,0.013136546576207159,-0.0022297915382242586
2017-02-08,0.000908156536143,0.0113931506861359,0.000908156536143,8.24748294139427e-07,31,0.011142035917066915,0.00025111476906898404
2017-02-09,0.0010182207050901,0.0090469937578533,0.0010182207050901,1.0367734042742788e-06,31,0.011174103177326304,-0.0021271094194730035
2017-02-10,-0.0018436304648699,0.0112117959912264,0.0018436304648699,3.3989732909966065e-06,31,0.011414572727237594,-0.0002027767360111947
2017-02-13,-0.0041045860356268,0.0097507168073472,0.0041045860356268,1.6847626523863344e-05,31,0.012073137785125414,-0.002322420977778213
2017-02-14,-0.0064884487647585,0.0086509471920689,0.0064884487647585,4.209996737289648e-05,31,0.012767301169865101,-0.004116353977796201
2017-02-15,-0.0134384520543508,0.0154318840745101,0.0134384520543508,0.000180591993617,31,0.01478990935716949,0.0006419747173406088
2017-02-16,0.0142960352434358,0.0144068331874419,0.0142960352434358,0.0002043766236815,31,0.01503936347344705,-0.0006325302860051511
2017-02-17,0.004702727509931,0.0111219221299547,0.004702727509931,2.211564603266261e-05,31,0.012247331666749387,-0.0011254095367946877
2017-02-20,0.0073711961779964,0.009651570325123,0.0073711961779964,5.43345330945088e-05,31,0.013024298219619035,-0.0033727278944960352
2017-02-21,0.0067381403652311,0.0096767398323051,0.0067381403652311,4.540253558155795e-05,31,0.012839997556158196,-0.0031632577238530964
2017-02-22,0.0026086766807165,0.0174871398505495,0.0026086766807165,6.805194024514088e-06,31,0.011637434182780454,0.005849705667769047
2017-02-23,0.0016900458163605,0.0109374196053808,0.0016900458163605,2.85625486139786e-06,31,0.011369830247351843,-0.0004324106419710434
2017-02-27,-0.000304166176229,0.0125241466585046,0.000304166176229,9.25170627618221e-08,31,0.010966055113172384,0.0015580915453322162
2017-02-28,0.0019995439928903,0.0074038589117683,0.0019995439928903,3.998176179503761e-06,31,0.011459992780145381,-0.004056133868377081
2017-03-01,0.0059478776813448,0.0105164967453062,0.0059478776813448,3.5377248912240364e-05,31,0.012609908980230431,-0.0020934122349242305
2017-03-02,-0.0089370048691819,0.0160635451349647,0.0089370048691819,7.987005603178233e-05,31,0.013480087208412837,0.002583457926551864
2017-03-03,0.0032654530226928,0.0104433418933441,0.0032654530226928,1.0663183443413732e-05,31,0.01182873911583668,-0.00138539722249258
2017-03-06,0.0069362905447787,0.0091629183936431,0.0069362905447787,4.811212652158764e-05,31,0.012897686314065729,-0.0037347679204226287
2017-03-07,0.0026660022072552,0.0094514308173283,0.0026660022072552,7.107567769089668e-06,31,0.01165413251145483,-0.0022027016941265284
2017-03-08,-0.0024957935377268,0.0090562396971504,0.0024957935377268,6.228985382959322e-06,31,0.011604552149154724,-0.0025483124520043234
2017-03-09,-0.0031271519727799,0.0080223927814341,0.0031271519727799,9.779079460861364e-06,31,0.011788456277746086,-0.0037660634963119863
2017-03-10,-0.0007915993376711,0.0076022786492194,0.0007915993376711,6.266295114013444e-07,31,0.011108076427580636,-0.0035057977783612354
2017-03-14,0.0207343251772638,0.0135660564329418,0.0207343251772638,0.0004299122405565,31,0.016911279805278043,-0.003345223372336243
2017-03-15,0.0011115419158178,0.0093205811875553,0.0011115419158178,1.2355254306200402e-06,31,0.01120129202106283,-0.0018807108335075293
2017-03-16,0.0102769974245994,0.0092991811293075,0.0102769974245994,0.0001056166760652,31,0.013870072761609235,-0.004570891632301734
2017-03-17,-0.0006901048171988,0.0081122861148444,0.0006901048171988,4.762446587210961e-07,31,0.011078505117147405,-0.002966219002303006
2017-03-20,-0.0011399692485917,0.0086880551829553,0.0011399692485917,1.2995298877348052e-06,31,0.011209574172761737,-0.002521518989806437
2017-03-21,-0.0070860441348895,0.0187985982164735,0.0070860441348895,5.021202148160228e-05,31,0.012941284107076019,0.0058573141093974795
2017-03-22,-0.0086622387937166,0.0084707499859052,0.0086622387937166,7.503438091936883e-05,32,0.013400112411797777,-0.004929362425892578
2017-03-23,0.0055147502472524,0.0080251938692504,0.0055147502472524,3.041247028957132e-05,32,0.012483792302836305,-0.004458598433585904
2017-03-24,0.0007755795326396,0.0095541427459658,0.0007755795326396,6.015236114496153e-07,32,0.011103408943135431,-0.0015492661971696318
2017-03-27,-0.0029423467009889,0.0097643104284518,0.0029423467009889,8.657404108820783e-06,32,0.011734627103575156,-0.0019703166751233563
2017-03-28,0.0083095410793642,0.0078561261187225,0.0083095410793642,6.904847294964132e-05,32,0.013297450408084305,-0.0054413242893618045
2017-03-29,0.0059527211673884,0.0092394815606929,0.0059527211673884,3.543488929667455e-05,32,0.01261131925253958,-0.0033718376918466814
2017-03-30,0.0036215274221256,0.0083276110408405,0.0036215274221256,1.31154608692081e-05,32,0.011932449418955991,-0.003604838378115491
2017-03-31,0.0021925174892434,0.0110164253338848,0.0021925174892434,4.807132940638564e-06,32,0.011516207755668738,-0.0004997824217839383
2017-04-03,0.00914788855926,0.0132731456592376,0.00914788855926,8.368386509264055e-05,32,0.013541466210482916,-0.00026832055124531573
2017-04-05,0.0104198192532364,0.015864488068507,0.0104198192532364,0.0001085726332701,32,0.01391163514134978,0.0019528529271572222
2017-04-06,-0.0015090097597143,0.0124746118122949,0.0015090097597143,2.2771104549132453e-06,32,0.011317089483764555,0.0011575223285303447
2017-04-07,-0.003114865280335,0.0152982836270631,0.003114865280335,9.70238571463648e-06,32,0.011784877508785586,0.0035134061182775147
2017-04-10,0.0060110149065782,0.0141220539810463,0.0060110149065782,3.613230020710533e-05,32,0.012628292507059777,0.0014937614739865233
2017-04-11,-0.0011184011388388,0.0162689603756513,0.0011184011388388,1.2508211073559723e-06,32,0.01120329042178063,0.00506566995387067
2017-04-12,-0.0081568966390098,0.0135039736001953,0.0081568966390098,6.653496277949005e-05,32,0.013253017798642245,0.00025095580155305545
2017-04-13,-0.0030029472017629,0.0120814397734118,0.0030029472017629,9.01769189657576e-06,32,0.011752278657684552,0.0003291611157272469
2017-04-17,-0.0023559211768497,0.0112011613415872,0.0023559211768497,5.5503645915289766e-06,32,0.011563807709698688,-0.00036264636811148693
2017-04-18,0.0001141304353558,0.0159538533064892,0.0001141304353558,1.3025756274522202e-08,32,0.010910682866896624,0.0050431704395925755
2017-04-19,0.0024249440127142,0.0074427042135713,0.0024249440127142,5.880353464798915e-06,32,0.011583913963727488,-0.004141209750156188
2017-04-20,0.0043464217265474,0.0086081827566264,0.0043464217265474,1.889138182500409e-05,32,0.012143568007031222,-0.003535385250404822
2017-04-21,-0.0058484806165543,0.0091492572344279,0.0058484806165543,3.420472552221187e-05,32,0.012580967461422064,-0.003431710226994164
2017-04-24,0.0048198305580433,0.0127138513885861,0.0048198305580433,2.3230766608248764e-05,32,0.012281433501504119,0.0004324178870819817
2017-04-25,0.0117534252659048,0.0135694231399949,0.0117534252659048,0.0001381430054812,32,0.014299690079770042,-0.0007302669397751416
2017-04-26,-0.0084238845012944,0.0187715512114018,0.0084238845012944,7.096183009114919e-05,32,0.013330733583637261,0.005440817627764539
2017-04-27,-0.0046316975107813,0.0096975819725869,0.0046316975107813,2.145262183137778e-05,32,0.012226646621877007,-0.002529064649290107
2017-04-28,-0.002415132336398,0.0109644280896784,0.002415132336398,5.832864202315686e-06,32,0.011581055846940648,-0.0006166277572622475
2017-05-02,-0.0010622097721864,0.0104877315483135,0.0010622097721864,1.128289600128337e-06,32,0.01118691929438926,-0.0006991877460757589
2017-05-03,-0.0038897204562091,0.0110863576242358,0.0038897204562091,1.5129925227452286e-05,32,0.012010560327034122,-0.000924202702798322
2017-05-04,0.011869089221038,0.0146842694983066,0.011869089221038,0.0001408752789369,32,0.014333343119380804,0.00035092637892579666
2017-05-05,-0.0073423468031947,0.0114167743886724,0.0073423468031947,5.391005657838401e-05,32,0.013015899658609576,-0.0015991252699371766
2017-05-08,0.0016314868648307,0.0104958672368499,0.0016314868648307,2.661749390115148e-06,32,0.011352770550962954,-0.0008569033141130541
2017-05-09,0.0014528277899974,0.0096300942467136,0.0014528277899974,2.110708587388838e-06,32,0.011300721893810742,-0.0016706276470971424
2017-05-10,0.0059130168789464,0.0127369643727185,0.0059130168789464,3.496376861070521e-05,32,0.012599758574923339,0.00013720579779516115
2017-05-11,0.0007353169823387,0.0105387970311141,0.0007353169823387,5.406910645157841e-07,32,0.011091678120675588,-0.0005528810895614883
2017-05-12,-0.0071712695338987,0.0121125657533941,0.0071712695338987,5.1427106727824055e-05,32,0.012966095429874489,-0.0008535296764803895
2017-05-15,0.0084245973189608,0.0126145798526805,0.0084245973189608,7.097383998664254e-05,32,0.013330941069684707,-0.0007163612170042067
2017-05-16,0.0103686296959888,0.011847791215506,0.0103686296959888,0.0001075084817725,32,0.01389673862565892,-0.002048947410152919
2017-05-17,2.278226063810604e-05,0.0091696723073177,2.278226063810604e-05,5.190313997825959e-10,32,0.010884065544275337,-0.0017143932369576374
2017-05-18,-0.0140736719616735,0.0117713587561072,0.0140736719616735,0.0001980682424847,32,0.01497468493305817,-0.003203326176950969
2017-05-19,0.0002693025300354,0.0116216860268144,0.0002693025300354,7.252385268349104e-08,32,0.01095589671000495,0.0006657893168094502
2017-05-22,-0.0046225888586191,0.0182264062457767,0.0046225888586191,2.136832775583024e-05,32,0.012223994026837928,0.006002412218938774
2017-05-23,-0.016588420963123,0.0159690338820765,0.016588420963123,0.0002751757100497,32,0.015706041918788136,0.0002629919632883629
2017-05-24,-0.0119499241484584,0.0177265954390757,0.0119499241484584,0.0001428006871539,32,0.014356862179730919,0.0033697332593447815
2017-05-25,0.0120908619282987,0.0201361489969976,0.0120908619282987,0.0001461889421691,32,0.014397867698282702,0.005738281298714896
2017-05-26,0.0039464919017234,0.0144289777192753,0.0039464919017234,1.5574798330368396e-05,32,0.01202709460813308,0.002401883111142219
2017-05-29,-0.0085254787061473,0.0218336318899173,0.0085254787061473,7.268378716897168e-05,32,0.013360305307088122,0.008473326582829177
2017-05-30,0.010105527181954,0.0141120630614318,0.010105527181954,0.0001021216796252,32,0.013820172465256764,0.00029189059617503593
2017-05-31,0.0045028425174303,0.01166597206691,0.0045028425174303,2.0275590736778526e-05,32,0.012189121566496857,-0.0005231494995868568
2017-06-01,0.003560288521816,0.0123772084878765,0.003560288521816,1.2675654358574802e-05,32,0.011914613293168176,0.0004625951947083238
2017-06-02,0.0101513702356322,0.0103263950348627,0.0101513702356322,0.0001030503176608,32,0.013833513555356584,-0.003507118520493884
2017-06-05,0.0095864669488404,0.0140460917897374,0.0095864669488404,9.190034856121116e-05,32,0.013669111973171059,0.00037697981656634183
2017-06-06,-0.0013215317215005,0.016605006524108,0.0013215317215005,1.7464460909320944e-06,32,0.011262470735671442,0.005342535788436556
2017-06-07,0.0052775937261869,0.0096087494337794,0.0052775937261869,2.785299553868828e-05,32,0.012414734920302074,-0.002805985486522675
2017-06-08,0.00055448946515,0.0123120424431583,0.00055448946515,3.074585669623371e-07,32,0.011038991820087746,0.0012730506230705547
2017-06-09,0.0035939664516987,0.0091704970846279,0.0035939664516987,1.2916594855936173e-05,32,0.011924422169981179,-0.002753925085353279
2017-06-12,-0.0032316173954144,0.0099481033453164,0.0032316173954144,1.0443350990345208e-05,32,0.011818883903677604,-0.0018707805583612035
2017-06-13,-1.899794173998117e-05,0.0076902238230064,1.899794173998117e-05,3.609217903557188e-10,32,0.01088296285080056,-0.0031927390277941593
2017-06-14,0.0010358503679463,0.0085051226411409,0.0010358503679463,1.0729859847745616e-06,32,0.011179239548936525,-0.002674116907795626
2017-06-15,-0.0001629743980186,0.0097782847975635,0.0001629743980186,2.6560654409527097e-08,32,0.010924915051827555,-0.0011466302542640552
2017-06-16,-0.0009183392811315,0.0125596810475992,0.0009183392811315,8.433470352691426e-07,32,0.011145002684329932,0.001414678363269268
2017-06-19,0.0050210426101646,0.012729230256489,0.0050210426101646,2.5210868893089376e-05,32,0.01234002773631865,0.00038920252017034945
2017-06-20,0.0052382965883623,0.0103643136228705,0.0052382965883623,2.74397511476491e-05,32,0.012403291826058422,-0.0020389782031879217
2017-06-21,-0.0023038879574699,0.0090315079399482,0.0023038879574699,5.307899720575073e-06,32,0.01154865039205051,-0.0025171424521023104
2017-06-22,-0.0059464385448678,0.0086518303458911,0.0059464385448678,3.536013136788948e-05,32,0.01260948994833848,-0.003957659602447381
2017-06-23,-0.0072484024738025,0.0088041171599044,0.0072484024738025,5.253933842222653e-05,32,0.012988550599892323,-0.004184433439987922
2017-06-27,-0.0063259532942029,0.0127259430950149,0.0063259532942029,4.001768508043701e-05,32,0.012719990254391888,5.952840623012212e-06
2017-06-28,0.002957179780334,0.0106323201763542,0.002957179780334,8.744912253216335e-06,32,0.011738947656192428,-0.0011066274798382288
2017-06-29,0.0042236581033554,0.010134502283755,0.0042236581033554,1.7839287774039973e-05,32,0.012107815613403005,-0.001973313329648004
2017-06-30,0.0045895852926388,0.0106998944561304,0.0045895852926388,2.106429315840672e-05,32,0.012214382799568718,-0.0015144883434383173
2017-07-03,0.0120685411726252,0.0147614969547784,0.0120685411726252,0.0001456496860353,32,0.014391373574682807,0.00037012338009559213
2017-07-04,-0.0037817544736592,0.0099182455741367,0.0037817544736592,1.4301666899041818e-05,32,0.011979115675844022,-0.0020608701017073225
2017-07-05,0.0069168713267293,0.0092420192218692,0.0069168713267293,4.784310895052994e-05,32,0.012892032733327658,-0.0036500135114584577
2017-07-06,0.0060848467389759,0.0109562594793836,0.0060848467389759,3.702535983682623e-05,32,0.012649789774855315,-0.0016935302954717152
2017-07-07,0.0016384919740113,0.0112111432860251,0.0016384919740113,2.6846559488994657e-06,32,0.01135481132215131,-0.00014366803612621097
2017-07-10,0.0147395830918664,0.0145968243132817,0.0147395830918664,0.000217255309722,32,0.01516837232134754,-0.0005715480080658395
2017-07-11,-0.0047544350702537,0.0095753574777776,0.0047544350702537,2.260465283725846e-05,32,0.012262389600088488,-0.0026870321223108878
2017-07-12,0.0106671928481735,0.0159929319437205,0.0106671928481735,0.0001137890032601,32,0.01398362122510558,0.0020093107186149196
2017-07-13,0.0090417443678929,0.0090466814992783,0.0090417443678929,8.175314121432313e-05,32,0.013510572489763282,-0.004463890990484982
2017-07-14,0.0012971381776581,0.0120564535822754,0.0012971381776581,1.6825674519381923e-06,32,0.011255363970032288,0.0008010896122431117
2017-07-17,0.0068134008465572,0.0120411786926984,0.0068134008465572,4.642243109586772e-05,32,0.012861908800888245,-0.0008207301081898447
2017-07-18,-0.0033319507999721,0.0131084402522393,0.0033319507999721,1.110189613343499e-05,32,0.011848107623023258,0.0012603326292160415
2017-07-19,0.0076167996892868,0.0086713042874438,0.0076167996892868,5.801563750671973e-05,32,0.0130957964984259,-0.0044244922109821
2017-07-20,-0.0008160626656965,0.0091219078016751,0.0008160626656965,6.659582743438e-07,32,0.011115203974623301,-0.001993296172948201
2017-07-21,0.0051043830850415,0.0146466677428946,0.0051043830850415,2.6054726678858253e-05,32,0.012364296582862304,0.0022823711600322965
2017-07-24,0.001414798085435,0.0105172625407573,0.001414798085435,2.001653622550824e-06,32,0.011289642569234835,-0.0007723800284775359
2017-07-25,-7.167692894083166e-05,0.0092678262389937,7.167692894083166e-05,5.13758214238903e-09,32,0.010898312666557133,-0.001630486427563433
2017-07-26,0.0065276482641199,0.012156801643782,0.0065276482641199,4.26101918600686e-05,32,0.012778714046709402,-0.000621912402927402
2017-07-27,-0.0120018272018009,0.0117155505548702,0.0120018272018009,0.0001440438561818,32,0.01437196333632357,-0.0026564127814533694
2017-07-28,-0.0042085653895756,0.0136682006611823,0.0042085653895756,1.7712022638334017e-05,32,0.012103420131388744,0.0015647805297935562
2017-07-31,0.0019337690823975,0.0142495096543203,0.0019337690823975,3.739462864036759e-06,32,0.011440831626457076,0.002808678027863224
2017-08-01,0.0002892161438783,0.0090561640137226,0.0002892161438783,8.364597787984985e-08,32,0.01096169904937932,-0.0019055350356567205
2017-08-02,-0.0025931446554972,0.0093124345875112,0.0025931446554972,6.724399204334197e-06,32,0.011632909845025852,-0.002320475257514651
2017-08-03,-0.0100477006322871,0.0117371268742488,0.0100477006322871,0.000100956287996,32,0.013803343869546974,-0.002066216995298173
2017-08-04,0.006564403421085,0.0145512283828107,0.006564403421085,4.309139227475327e-05,32,0.012789415205979543,0.0017618131768311566
2017-08-07,0.0024710225274615,0.0114478200688458,0.0024710225274615,6.105952331222498e-06,32,0.011597336472979268,-0.0001495164041334686
2017-08-08,-0.0094862987662287,0.0117046079673733,0.0094862987662287,8.99898642821531e-05,32,0.013639959207098372,-0.0019353512397250715
2017-08-09,-0.0230249906617329,0.0174472778859771,0.0230249906617329,0.0005301501949728,32,0.017576920631179986,-0.00012964274520288477
2017-08-10,-0.0231199665838456,0.020827365920202,0.0231199665838456,0.0005345328548381,32,0.01760451540455657,0.0032228505156454285
2017-08-11,-0.0033132864073168,0.01493429299289,0.0033132864073168,1.0977866816910766e-05,32,0.011842671345956549,0.0030916216469334505
2017-08-14,0.0200055870710377,0.015383892860355,0.0200055870710377,0.0004002235140568,32,0.01669947687266695,-0.00131558401231195
2017-08-16,0.0090257461406518,0.0144502073875629,0.0090257461406518,8.146409339549212e-05,32,0.013505916101721489,0.0009442912858414112
2017-08-17,-0.0030091691541687,0.010379756958833,0.0030091691541687,9.05509899840058e-06,32,0.01175409096400376,-0.001374334005170761
2017-08-18,-0.0067068478844624,0.0125654869028365,0.0067068478844624,4.4981808545318726e-05,32,0.012830887040727885,-0.0002654001378913848
2017-08-21,-0.0112030808224647,0.0110721473007411,0.0112030808224647,0.0001255090199146,32,0.014139557774475337,-0.003067410473734237
2017-08-22,0.0007128402014024,0.0090008863292822,0.0007128402014024,5.081411527354583e-07,32,0.011085129301509167,-0.0020842429722269674
2017-08-23,0.0116040386189794,0.010996132684799,0.0116040386189794,0.0001346537122707,32,0.014256224523178953,-0.0032600918383799537
2017-08-24,0.0084811415995533,0.0136855619137025,0.0084811415995533,7.192976283167449e-05,32,0.01334739984700119,0.0003381620667013089
2017-08-28,0.0146376688183945,0.0180799400852107,0.0146376688183945,0.000214261348437,32,0.015138730510025495,0.0029412095751852035
2017-08-29,-0.0123975214970929,0.0072643494673031,0.0123975214970929,0.0001536985392708,32,0.014487087084235158,-0.007222737616932058
2017-08-30,0.0134684716338267,0.0123842164919162,0.0134684716338267,0.0001813997281511,32,0.014798641916221456,-0.0024144254243052554
2017-08-31,0.0057588313565838,0.0126130274043874,0.0057588313565838,3.31641385935739e-05,32,0.01255486390955771,5.816349482968934e-05
2017-09-01,0.0111160805271469,0.0143407641051586,0.0111160805271469,0.000123567246286,32,0.014114242512348357,0.00022652159281024223
2017-09-04,-0.0110424479864304,0.0114439741585577,0.0110424479864304,0.000121935657533,32,0.014092816771079429,-0.002648842612521728
2017-09-05,0.0063351006950565,0.009299973458935,0.0063351006950565,4.013350081650559e-05,32,0.012722653565929578,-0.0034226801069945773
2017-09-06,-0.0026470193599617,0.0137326315336639,0.0026470193599617,7.00671149201218e-06,32,0.01164860301905917,0.0020840285146047303
2017-09-07,0.0040253446762541,0.0112596720752721,0.0040253446762541,1.6203399762647732e-05,32,0.012050059724943458,-0.0007903876496713584
2017-09-08,-0.0040423274170039,0.009772558733556,0.0040423274170039,1.634041094626221e-05,32,0.012055005756191459,-0.0022824470226354594
2017-09-11,0.0091313007110654,0.0132356914936264,0.0091313007110654,8.33806526759047e-05,32,0.013536638273410333,-0.00030094677978393346
2017-09-12,0.0143533202911889,0.0153327682495842,0.0143533202911889,0.0002060178033814,32,0.015056025614531827,0.0002767426350523735
2017-09-13,-0.0014189060977992,0.0156473842287488,0.0014189060977992,2.0132945143717675e-06,32,0.011290839373139133,0.004356544855609669
2017-09-14,0.013818997942653,0.0155517566717066,0.013818997942653,0.000190964704139,32,0.01490060599388056,0.0006511506778260397
2017-09-15,-0.0006323552099705,0.0085475975863412,0.0006323552099705,3.998731115768552e-07,32,0.011061679099737076,-0.0025140815133958758
2017-09-18,0.0053091255859612,0.0102591039014486,0.0053091255859612,2.818681448750796e-05,32,0.012423916770787777,-0.0021648128693391774
2017-09-19,0.0021168589514186,0.0093183113981572,0.0021168589514186,4.481091820201377e-06,33,0.011494167881149956,-0.0021758564829927572
2017-09-20,0.0002909424379945,0.0132071686732393,0.0002909424379945,8.464750222620127e-08,33,0.010962202048525905,0.002244966624713395
2017-09-21,0.0009367411843098,0.0161584897964238,0.0009367411843098,8.774840463821947e-07,33,0.011150364113531881,0.005008125682891919
2017-09-22,-0.0231885639996551,0.0119089247904549,0.0231885639996551,0.0005377095003661,33,0.017624445832023734,-0.005715521041568833
2017-09-25,-0.0121475576164305,0.012685219026541,0.0121475576164305,0.0001475631560444,33,0.014414362972449185,-0.0017291439459081858
2017-09-26,0.0059281058639133,0.014299492544991,0.0059281058639133,3.514243913376407e-05,33,0.01260415203382385,0.0016953405111671503
2017-09-27,-0.022024653211879,0.0121205584728198,0.022024653211879,0.0004850853491035,33,0.01728625768607607,-0.00516569921325627
2017-09-28,0.0011832489944369,0.0123133745057769,0.0011832489944369,1.4000781828359489e-06,34,0.011222183439203655,0.0010911910665732452
2017-09-29,0.0050539747971034,0.0091767226067061,0.0050539747971034,2.554266124975688e-05,34,0.012349617659018727,-0.0031728950523126267
2017-10-03,0.0059857366662121,0.010948195459316,0.0059857366662121,3.582904343723689e-05,34,0.012620932314916962,-0.0016727368556009627
2017-10-04,0.0087131572973934,0.0114801897434591,0.0087131572973934,7.591911008912105e-05,34,0.013414933215380223,-0.001934743471921123
2017-10-05,0.0070630879009057,0.0163062361216879,0.0070630879009057,4.988721069592173e-05,34,0.012934600907061989,0.003371635214625912
2017-10-06,0.0114551651582958,0.0098255183578081,0.0114551651582958,0.0001312208088038,34,0.014212907474308062,-0.004387389116499963
2017-10-09,0.0013668678761564,0.0107693811088564,0.0013668678761564,1.868327790868485e-06,34,0.011275678821515539,-0.0005062977126591393
2017-10-10,0.0094606514756799,0.0120369648219946,0.0094606514756799,8.950392634428497e-05,34,0.01363249480741234,-0.0015955299854177405
2017-10-11,-0.0073336066061254,0.0088118335279012,0.0073336066061254,5.3781785853406273e-05,34,0.013013355227351866,-0.0042015216994506655
2017-10-12,0.0162656483245331,0.0093012819747676,0.0162656483245331,0.0002645713154173,34,0.015612183801252316,-0.0063109018264847164
2017-10-13,0.0013065219758375,0.0083400268104067,0.0013065219758375,1.7069996733463883e-06,34,0.011258097829347526,-0.002918071018940826
2017-10-16,0.0033746615534147,0.0107718980280155,0.0033746615534147,1.1388340600095752e-05,34,0.011860547706250424,-0.0010886496782349236
2017-10-17,0.0023601217258819,0.0105545451563394,0.0023601217258819,5.570174560980175e-06,34,0.011565031328625212,-0.001010486172285812
2017-10-18,-0.008417667866078,0.0162590089571929,0.008417667866078,7.085713230360374e-05,34,0.013328924052687438,0.0029300849045054613
2017-10-19,-0.0031775151401861,0.0062785690231679,0.0031775151401861,1.0096602466112232e-05,34,0.011803125598618324,-0.005524556575450424
2017-10-23,-0.0008014096903221,0.0132546876500875,0.0008014096903221,6.422574917422911e-07,34,0.01111093473917358,0.002143752910913921
2017-10-24,0.0038167167931542,0.0117062981956638,0.0038167167931542,1.4567327079145458e-05,34,0.01198929835501903,-0.00028300015935523067
2017-10-25,0.0099043312905157,0.0317392778619436,0.0099043312905157,9.809577831228868e-05,34,0.01376162021329078,0.017977657648652823
2017-10-26,0.0050358819902122,0.0127951078695577,0.0050358819902122,2.536010741934375e-05,34,0.01234434900016103,0.00045075886939667
2017-10-27,0.0042431631321491,0.014901772743152,0.0042431631321491,1.8004433366029605e-05,34,0.012113496090680529,0.002788276652471472
2017-10-30,0.0082114738318567,0.0136580929258799,0.0082114738318567,6.742830249126822e-05,34,0.013268904534994241,0.0003891883908856593
2017-10-31,0.0047170827485604,0.0169436157085678,0.0047170827485604,2.225086965676691e-05,34,0.012251512114060243,0.004692103594507557
2017-11-01,0.0067366675135194,0.0127578197664134,0.0067366675135194,4.538268918770816e-05,34,0.012839568749848311,-8.174898343491117e-05
2017-11-02,0.0080931510348389,0.0180808552513262,0.0080931510348389,6.549909367271544e-05,34,0.013234462115317255,0.004846393136008945
2017-11-03,0.0066450950274921,0.0153014730334229,0.0066450950274921,4.415728792440127e-05,34,0.012812908164704274,0.002488564868718625
2017-11-06,0.0130301637533747,0.0223149207140373,0.0130301637533747,0.0001697851674397,34,0.014671136887989447,0.007643783826047853
2017-11-07,-0.0217757199974541,0.0195086198310137,0.0217757199974541,0.0004741819814075,34,0.017213920766953338,0.002294699064060362
2017-11-08,-0.0006970047030633,0.0117746652467591,0.0006970047030633,4.858155560924283e-07,34,0.011080515470739521,0.0006941497760195783
2017-11-09,0.0060451329609351,0.0117620472673861,0.0060451329609351,3.6543632515385126e-05,34,0.012638226525355603,-0.0008761792579695029
2017-11-10,0.0030269228690938,0.0137905853400344,0.0030269228690938,9.16226205544331e-06,34,0.011759262189914266,0.002031323150120133
2017-11-13,-0.0087049628772616,0.0100205692755228,0.0087049628772616,7.577637869450373e-05,34,0.013412548079178611,-0.0033919788036558107
2017-11-14,-0.0037737510070826,0.0106247535575325,0.0037737510070826,1.4241196663457673e-05,34,0.011976784682000816,-0.001352031124468316
2017-11-15,-0.0095337841972899,0.0147526211972177,0.0095337841972899,9.089304112049472e-05,34,0.013653779326352974,0.0010988418708647255
2017-11-16,0.009993375914479,0.0144897880061209,0.009993375914479,9.98675621680904e-05,34,0.013787534260684773,0.0007022537454361277
2017-11-17,0.0159181969965097,0.0189773331146223,0.0159181969965097,0.0002533889956196,34,0.015511145196510458,0.0034661879181118425
2017-11-20,0.0084792238690875,0.0165556498931677,0.0084792238690875,7.189723742210386e-05,35,0.01334684164039861,0.003208808252769091
2017-11-21,0.0060210745779911,0.013934530986038,0.0060210745779911,3.625333907373153e-05,35,0.012631221546015654,0.0013033094400223457
2017-11-22,0.0021585644098036,0.0111294991438336,0.0021585644098036,4.65940031127099e-06,35,0.011506317005993529,-0.0003768178621599283
2017-11-23,0.0004503142371876,0.012729749461358,0.0004503142371876,2.0278291221392658e-07,35,0.0110086385570573,0.0017211109043007
2017-11-24,0.0032175701267431,0.0083271621964017,0.0032175701267431,1.0352757520509956e-05,35,0.011814792381255747,-0.0034876301848540472
2017-11-27,0.0020056476452884,0.0090817493672226,0.0020056476452884,4.022622477051027e-06,35,0.011461770851677822,-0.002380021484455222
2017-11-28,-0.0031929737089251,0.009917956733153,0.0031929737089251,1.019508110588731e-05,35,0.011807628210012081,-0.0018896714768590808
2017-11-29,-0.001088555566563,0.0091384120059504,0.001088555566563,1.1849532214954735e-06,35,0.01119459504934368,-0.00205618304339328
2017-11-30,-0.009529644945316,0.0082134691566446,0.009529644945316,9.081413278378789e-05,35,0.013652574645266667,-0.005439105488622068
2017-12-01,-0.012749683826979,0.0113363331855853,0.012749683826979,0.0001625544376879,35,0.014589540794196805,-0.003253207608611506
2017-12-04,0.0039132573587699,0.01511238395738,0.0039132573587699,1.5313583155967336e-05,35,0.012017415297322948,0.0030949686600570524
2017-12-05,0.0001562038741876,0.0078004455046882,0.0001562038741876,2.4399650311222733e-08,35,0.010922942257474142,-0.0031224967527859427
2017-12-06,-0.0079917057720071,0.0102760039876267,0.0079917057720071,6.386736114633174e-05,35,0.013204932147574478,-0.002928928159947778
2017-12-07,0.0136293148491006,0.0128149504332007,0.0136293148491006,0.0001857582232559,35,0.014845429916228866,-0.002030479483028166
2017-12-08,0.0083042193661718,0.0114259052762502,0.0083042193661718,6.89600592815031e-05,35,0.01329590134790986,-0.0018699960716596596
2017-12-11,0.0049184808027931,0.0091883832511092,0.0049184808027931,2.4191453407444893e-05,35,0.012310161267243547,-0.003121778016134346
2017-12-12,-0.0039129087332347,0.011917258055644,0.0039129087332347,1.5310854754624397e-05,35,0.012017313762543134,-0.00010005570689913465
2017-12-13,-0.0111844559510946,0.0096390824852814,0.0111844559510946,0.0001250920549219,35,0.0141341383505473,-0.0044950558652659
2017-12-14,0.0056205062711118,0.0076341822455208,0.0056205062711118,3.1590090743607826e-05,35,0.012514586638423687,-0.004880404392902887
2017-12-15,0.0092471024948186,0.010677877347308,0.0092471024948186,8.550890454968095e-05,35,0.013570342479403636,-0.002892465132095635
2017-12-18,0.0121483239254434,0.0107606552652182,0.0121483239254434,0.0001475817741975,35,0.014414585924708777,-0.0036539306594905764
2017-12-19,0.0076635863077383,0.0094328463330191,0.0076635863077383,5.873055509615495e-05,35,0.013109416423717504,-0.003676570090698404
2017-12-20,0.0024615960295869,0.0087140710318113,0.0024615960295869,6.059455012877991e-06,35,0.01159459057360366,-0.002880519541792359
2017-12-21,0.0066674877894214,0.0111352155651492,0.0066674877894214,4.445539342208414e-05,35,0.012819427663590057,-0.001684212098440857
2017-12-22,0.0055843432033366,0.0099951936705938,0.0055843432033366,3.1184889012651755e-05,35,0.012504056620794223,-0.0025088629502004224
2017-12-26,0.0057053162627801,0.0091435097905648,0.0057053162627801,3.255063365834359e-05,35,0.012539281555155901,-0.003395771764591101
2017-12-27,-0.0004707973442695,0.0123005673070506,0.0004707973442695,2.2165013937126339e-07,35,0.011014606697495903,0.0012859606095546976
2017-12-28,-0.0024223705762078,0.0070151301708544,0.0024223705762078,5.867879208477642e-06,35,0.011583164328444803,-0.004568034157590403
2017-12-29,0.0062741733954067,0.0106569541288526,0.0062741733954067,3.936525179563025e-05,35,0.012704914220239536,-0.002047960091386936
2018-01-01,-0.0029120656964078,0.0089928516947514,0.0029120656964078,8.480126620195327e-06,35,0.011725806882247738,-0.0027329551874963384
2018-01-02,-0.0014412508835786,0.00939033504084,0.0014412508835786,2.077204109416244e-06,35,0.011297349159442097,-0.0019070141186020972
2018-01-03,0.0066271834212317,0.012994755482717,0.0066271834212317,4.391956009864924e-05,35,0.012807693310370533,0.00018706217234646695
2018-01-04,0.008281795499423,0.0124402380842876,0.008281795499423,6.858813669426362e-05,35,0.013289374130450603,-0.0008491360461630026
2018-01-05,0.0146817606744911,0.0154165215305694,0.0146817606744911,0.000215554096503,35,0.015151554692240212,0.0002649668383291875
2018-01-08,0.0176851598442198,0.0172365136563981,0.0176851598442198,0.0003127648787156,35,0.016024931065638646,0.0012115825907594545
2018-01-09,-0.0052510951468203,0.0106401367103941,0.0052510951468203,2.757400024096018e-05,35,0.01240701869680642,-0.0017668819864123213
2018-01-10,-0.0039249456629575,0.0092165320832293,0.0039249456629575,1.5405198457169473e-05,35,0.012020819432644679,-0.0028042873494153794
2018-01-11,0.0037260393810073,0.0101401969138781,0.0037260393810073,1.3883369468817471e-05,35,0.011962888716646839,-0.0018226918027687382
2018-01-12,-0.0027398910007979,0.0072213552405179,0.0027398910007979,7.507002696253584e-06,35,0.011675655370609602,-0.004454300130091702
2018-01-15,0.0009440508094717,0.0106516986714154,0.0009440508094717,8.912319308642856e-07,35,0.011152493783186482,-0.000500795111771082
2018-01-16,-0.0085818227692744,0.0188662788104485,0.0085818227692744,7.364768204323689e-05,35,0.013376705598653215,0.0054895732117952855
2018-01-17,0.0100418094573382,0.0142817575050886,0.0100418094573382,0.0001008379371774,35,0.013801629421814444,0.00048012808327415647
2018-01-18,-0.0094964295749992,0.0159928494396967,0.0094964295749992,9.018217467291956e-05,35,0.013642907675915725,0.0023499417637809737
2018-01-19,0.0113851966531123,0.0121408302835692,0.0113851966531123,0.00012962270283,35,0.01419254877049745,-0.0020517184869282504
2018-01-22,0.0117478104570341,0.0170383072864832,0.0117478104570341,0.0001380110505344,35,0.014298056409019816,0.0027402508774633846
2018-01-23,0.0074514021798993,0.013344691271248,0.0074514021798993,5.552339444660942e-05,35,0.01304764743974358,0.00029704383150441944
2018-01-24,-0.001455558085823,0.0137123204610735,0.001455558085823,2.1186493412049973e-06,35,0.011301517318252728,0.002410803142820772
2018-01-25,-0.0033049064792481,0.0157797465546068,0.0033049064792481,1.0922406836576695e-05,35,0.011840230565338105,0.003939515989268694
2018-01-29,-0.0065334528787837,0.0143665526221405,0.0065334528787837,4.268600651928749e-05,35,0.012780404047010259,0.001586148575130241
2018-01-30,-0.0106772923625722,0.0118549845016738,0.0106772923625722,0.0001140045721958,35,0.013986560151427107,-0.002131575649753307
2018-01-31,-0.0108493576581429,0.0124619469772995,0.0108493576581429,0.0001177085615943,35,0.014036630029893738,-0.0015746830525942383
2018-02-01,0.0041394343410353,0.0187769465996723,0.0041394343410353,1.7134916663742476e-05,35,0.012083286848136185,0.006693659751536116
2018-02-02,-0.0318964845643375,0.0214522857909346,0.0318964845643375,0.001017385727563,35,0.020153069673375625,0.0012992161175589753
2018-02-05,-0.0030879847129226,0.0108300343819826,0.0030879847129226,9.535649587243829e-06,35,0.011777047934112354,-0.0009470135521297534
2018-02-06,-0.0174410352813171,0.0134132018549281,0.0174410352813171,0.0003041897116841,35,0.01595395289960338,-0.002540751044675278
2018-02-07,0.007109674406617,0.0110672369201452,0.007109674406617,5.054747016810573e-05,35,0.012948163518220483,-0.0018809265980752818
2018-02-08,0.0174679654296309,0.0190695602328402,0.0174679654296309,0.0003051298162507,35,0.015961782830895943,0.003107777401944258
2018-02-09,-0.0035668518581654,0.0108186880129645,0.0035668518581654,1.272243217809823e-05,35,0.011916524903150018,-0.0010978368901855187
2018-02-12,0.0093382105807481,0.0098317060117723,0.0093382105807481,8.720217685039636e-05,35,0.013596859220534174,-0.0037651532087618744
2018-02-14,-0.0026183261073312,0.0142620004340638,0.0026183261073312,6.855631604332496e-06,35,0.01164024496860936,0.002621755465454439
2018-02-15,-0.0040697523765723,0.0094059383875426,0.0040697523765723,1.6562884406616516e-05,35,0.012062992943428314,-0.002657054555885715
2018-02-16,-0.0072687928959538,0.0103109256268228,0.0072687928959538,5.283535016426848e-05,35,0.012994486683777322,-0.002683561056954522
2018-02-19,-0.0107388905548767,0.011815955682084,0.0107388905548767,0.0001153237703496,35,0.014004484947501863,-0.002188529265417863
2018-02-20,-0.0017020411832765,0.0094741278544099,0.0017020411832765,2.896944189569577e-06,35,0.011373324784213374,-0.0018991969298034744
2018-02-21,0.0010706489604568,0.0122118762863085,0.0010706489604568,1.146289196527252e-06,35,0.011189378025099369,0.0010224982612091309
2018-02-22,-0.000235106368251,0.0117440906865212,0.000235106368251,5.52750043921775e-08,35,0.01094593275223805,0.0007981579342831498
2018-02-23,0.0149280510025842,0.0107139894412294,0.0149280510025842,0.0002228467067357,35,0.01522318729905748,-0.004509197857828079
2018-02-26,0.0066255390654516,0.0118778956872392,0.0066255390654516,4.389776790782574e-05,35,0.012807214565681999,-0.0009293188784427978
2018-02-27,0.0007054922112358,0.0115036233808952,0.0007054922112358,4.977192601144706e-07,35,0.011082988392242784,0.00042063498865241647
2018-02-28,-0.0066029028726392,0.0090997513402513,0.0066029028726392,4.359832634550774e-05,35,0.012800624158864227,-0.0037008728186129266
2018-03-01,-0.0076892665533347,0.0077956996435495,0.0076892665533347,5.912482012823183e-05,35,0.013116892096286059,-0.005321192452736559
2018-03-05,-0.0078567170645781,0.0101918865232101,0.0078567170645781,6.172800303283322e-05,35,0.01316563734902971,-0.0029737508258196113
2018-03-06,-0.0092591330180243,0.0128571690768447,0.0092591330180243,8.573154424546788e-05,35,0.013573843945222526,-0.000716674868377825
2018-03-07,-0.0204218577830866,0.0176726525318891,0.0204218577830866,0.0004170522753126,35,0.01682046558428094,0.0008521869476081599
2018-03-08,0.0043809381053378,0.0133747302510205,0.0043809381053378,1.919261868280148e-05,35,0.012153620097271814,0.0012211101537486866
2018-03-09,-0.0060001721773727,0.0132981703166669,0.0060001721773727,3.600206615811759e-05,35,0.0126251354638059,0.000673034852861
2018-03-12,0.0134310031368789,0.0093423969879054,0.0134310031368789,0.0001803918452628,35,0.014787742495891444,-0.005445345507986045
2018-03-13,0.008773175055057,0.0124284664046351,0.008773175055057,7.696860054667553e-05,35,0.013432402409419019,-0.0010039360047839185
2018-03-14,0.0038267593632575,0.0088965148144903,0.0038267593632575,1.4644087224279192e-05,35,0.011992223217643379,-0.0030957084031530795
2018-03-15,0.0022530166902979,0.013132662606677,0.0022530166902979,5.076084206761087e-06,35,0.01153383145661452,0.00159883115006248
2018-03-16,-0.0159430134984827,0.0107999928259464,0.0159430134984827,0.0002541796794128,35,0.015518361963918106,-0.004718369137971707
2018-03-19,-0.0108289091361697,0.0095063450714038,0.0108289091361697,0.0001172652730794,35,0.014030679699891824,-0.004524334628488023
2018-03-20,0.0019980318619253,0.0089598185082839,0.0019980318619253,3.992131321268817e-06,35,0.011459552276963436,-0.0024997337686795355
2018-03-21,0.0010500454865651,0.0093698344226593,0.0010500454865651,1.1025955238557851e-06,35,0.011183375263825944,-0.001813540841166644
2018-03-22,-0.0053514186657556,0.0093905247697694,0.0053514186657556,2.8637681736198503e-05,35,0.012436232154157985,-0.003045707384388585
2018-03-23,-0.011488316749123,0.0134748883572025,0.011488316749123,0.0001319814217281,35,0.014222553515175838,-0.0007476651579733391
2018-03-26,0.0152373639143049,0.0139300516848597,0.0152373639143049,0.0002321772590569,35,0.015313146653888119,-0.001383094969028418
2018-03-27,0.0118989908852393,0.0127719567299528,0.0118989908852393,0.000141585984087,35,0.014342043087456523,-0.0015700863575037229
2018-03-28,-0.0110118543251724,0.0102052151535171,0.0110118543251724,0.0001212609356788,35,0.014083914509362052,-0.003878699355844952
2018-04-02,0.018712392142504,0.0179186919797686,0.018712392142504,0.0003501536196948,35,0.016323570640957644,0.0015951213388109564
2018-04-03,0.0077942547044523,0.0099611011629657,0.0077942547044523,6.075040639787707e-05,35,0.013147454522942892,-0.0031863533599771916
2018-04-04,-0.0091602262427914,0.0115336911857033,0.0091602262427914,8.39097448191246e-05,35,0.013545057119391397,-0.0020113659336880967
2018-04-05,0.0232197047578618,0.015947729218406,0.0232197047578618,0.0005391546890422,35,0.017633493472281436,-0.0016857642538754374
2018-04-06,0.0050576616477146,0.0092083468631269,0.0050576616477146,2.5579941342763684e-05,35,0.012350691275278299,-0.003142344412151398
2018-04-09,0.0026343889056813,0.0120275682448422,0.0026343889056813,6.940004906377047e-06,35,0.011644923900857525,0.00038264434398467377
2018-04-10,0.0074118633539077,0.0136643973022075,0.0074118633539077,5.493571837700133e-05,35,0.013036137099121662,0.0006282602030858384
2018-04-11,-0.0011209779619595,0.0105479049741002,0.0011209779619595,1.2565915911990763e-06,35,0.011204041166015007,-0.0006561361919148068
2018-04-12,-0.0010065989738392,0.0124626859938945,0.0010065989738392,1.0132414941342114e-06,35,0.011170717199945985,0.0012919687939485155
2018-04-13,0.002746414428323,0.0079497286851076,0.002746414428323,7.542792212100986e-06,35,0.011677555551934988,-0.0037278268668273877
2018-04-16,0.0041225348695073,0.0116676760519458,0.0041225348695073,1.699529375030415e-05,35,0.012078365127932391,-0.0004106890759865908
2018-04-17,-0.0013779980582785,0.0089501689449839,0.0013779980582785,1.898878648619536e-06,35,0.011278921440632948,-0.0023287524956490478
2018-04-18,-0.0034329266832107,0.0075272501421605,0.0034329266832107,1.1784985612300092e-05,35,0.011877518104269047,-0.004350267962108547
2018-04-19,0.0030232874806211,0.0078585866810987,0.0030232874806211,9.140267190480728e-06,35,0.011758203290492826,-0.0038996166093941253
2018-04-20,-0.0020512364722454,0.0126501450066517,0.0020512364722454,4.207571065070024e-06,35,0.01147505141355337,0.0011750935930983294
2018-04-23,0.0033587709370402,0.0087396121182129,0.0033587709370402,1.1281342207505996e-05,35,0.01185591935758771,-0.0031163072393748104
2018-04-24,0.0045184153979176,0.0111128965525455,0.0045184153979176,2.0416077708139063e-05,35,0.012193656721318278,-0.0010807601687727788
2018-04-25,-0.0043190470373325,0.0084318305053314,0.0043190470373325,1.8654167310690646e-05,35,0.012135595736433443,-0.0037037652311020432
2018-04-26,0.004127676031149,0.0129700160465164,0.004127676031149,1.703770941812253e-05,35,0.012079862416039549,0.0008901536304768507
2018-04-27,0.0116657248995679,0.0137060485985561,0.0116657248995679,0.0001360891374323,35,0.014274172869296794,-0.0005681242707406935
2018-04-30,0.0078455992696021,0.0104887089235456,0.0078455992696021,6.155342789918208e-05,35,0.013162400963429324,-0.002673692039883723
2018-05-02,-0.0103451296131918,0.0138108411915193,0.0103451296131918,0.0001070217067137,35,0.013889899906827203,-7.90587153079031e-05
2018-05-03,-0.0075708527244087,0.0105875635130086,0.0075708527244087,5.731781097468669e-05,35,0.013082420924772147,-0.0024948574117635465
2018-05-04,-0.0020287461651884,0.0110471679913036,0.0020287461651884,4.115811002766952e-06,35,0.011468499731860534,-0.00042133174055693397
2018-05-07,0.0043193641695127,0.0125728720723123,0.0043193641695127,1.865690682887021e-05,35,0.01213568809429788,0.00043718397801442016
2018-05-08,0.0022361787572827,0.0103266141716092,0.0022361787572827,5.000495434522566e-06,35,0.01152892650116922,-0.0012023123295600204
2018-05-09,-0.0006841925883135,0.0087553562028117,0.0006841925883135,4.68119497903199e-07,35,0.011076782526320111,-0.0023214263235084107
2018-05-10,-0.007307501206333,0.0081863738263307,0.007307501206333,5.3399573880559205e-05,35,0.01300575545133336,-0.00481938162500266
2018-05-11,0.0029867387969346,0.0110858837297845,0.0029867387969346,8.920608641114648e-06,35,0.011747557529364567,-0.0006616737995800669
2018-05-14,-0.0051407826760959,0.0129304821322349,0.0051407826760959,2.642764652284813e-05,35,0.012374896108156053,0.0005555860240788468
2018-05-15,-0.0061195526336982,0.0126106412219063,0.0061195526336982,3.744892443660345e-05,35,0.0126598948585501,-4.9253636643801016e-05
2018-05-16,-0.003124123643446,0.0124401361203434,0.003124123643446,9.760148539538831e-06,35,0.011787574210843664,0.0006525619094997354
2018-05-17,0.0018708227731898,0.0118033064421159,0.0018708227731898,3.4999778486856665e-06,35,0.011422494336358667,0.00038081210575723404
2018-05-18,-0.0101107434722705,0.0172223177037356,0.0101107434722705,0.000102227133562,35,0.013821690496245584,0.0034006272074900146
2018-05-21,-0.0148612701720981,0.0162262970376104,0.0148612701720981,0.000220857351128,35,0.015203764566476362,0.0010225324711340394
2018-05-22,0.005629305866384,0.0161461585506593,0.005629305866384,3.16890845373058e-05,35,0.012517148910884537,0.0036290096397747634
2018-05-23,-0.0068864314534977,0.0118995033479355,0.0068864314534977,4.74229381637235e-05,35,0.01288317064539413,-0.0009836672974586295
2018-05-24,0.007650422196428,0.0142765811361218,0.007650422196428,5.852895978359925e-05,35,0.013105584263129444,0.001170996872992356
2018-05-25,0.0154551965699323,0.014701928961133,0.0154551965699323,0.0002388631010152,35,0.01537649815745178,-0.0006745691963187788
2018-05-28,0.0103331946004082,0.0143890396061077,0.0103331946004082,0.0001067749106499,35,0.013886426711500033,0.000502612894607667
2018-05-29,-0.0092031426059025,0.0121926736644242,0.0092031426059025,8.469783382457839e-05,35,0.0135575479745167,-0.0013648743100924988
2018-05-30,-0.003997206390986,0.0086715826523207,0.003997206390986,1.5977658932140026e-05,35,0.012041864744339284,-0.003370282092018584
2018-05-31,2.568936897158817e-05,0.0146531206913851,2.568936897158817e-05,6.599436781583972e-10,35,0.010884912631461923,0.003768208059923178
2018-06-01,-0.0097512473383046,0.0105932692328355,0.0097512473383046,9.5086824652793e-05,35,0.013717068563219883,-0.003123799330384383
2018-06-04,-0.0100679021295852,0.0142954184154257,0.0100679021295852,0.0001013626532909,35,0.013809222892824864,0.0004861955226008359
2018-06-05,-0.0106861975254178,0.0154009803836528,0.0106861975254178,0.0001141948175522,35,0.01398915152219103,0.0014118288614617704
2018-06-06,0.0150447448763882,0.0154962003981948,0.0150447448763882,0.0002263443483956,35,0.015257126497442255,0.00023907390075254484
2018-06-07,0.0147134480177741,0.0146643879129961,0.0147134480177741,0.0002164855525717,35,0.015160770959622021,-0.0004963830466259214
2018-06-08,0.0086275565676515,0.0144935672448867,0.0086275565676515,7.443473232802747e-05,35,0.01339001743300945,0.00110354981187725
2018-06-11,0.0059510554341351,0.0081012901429488,0.0059510554341351,3.54150607801489e-05,35,0.012610834242983798,-0.004509544100034998
2018-06-12,0.010750845810448,0.0129931645548552,0.010750845810448,0.00011558068564,35,0.014007963856918267,-0.0010147993020630675
2018-06-13,-0.0011804911305479,0.0120384795378125,0.0011804911305479,1.3935593093024276e-06,35,0.01122137995591638,0.0008170995818961198
2018-06-14,-0.0004438021401491,0.0126162475084753,0.0004438021401491,1.9696033960092898e-07,35,0.01100674113128462,0.0016095063771906799
2018-06-15,0.0020490446365762,0.0145554215737662,0.0020490446365762,4.198583922682065e-06,35,0.011474412907757948,0.0030810086660082517
2018-06-18,-0.00117499117226,0.008901438109616,0.00117499117226,1.3806042548890898e-06,35,0.011219777582838876,-0.0023183394732228767
2018-06-19,-0.0098324399600763,0.0098023398443755,0.0098324399600763,9.667687556850554e-05,36,0.013740697960695115,-0.003938358116319615
2018-06-20,0.0033524942220492,0.0092596910644134,0.0033524942220492,1.123921750887327e-05,36,0.011854091180188311,-0.0025944001157749107
2018-06-21,-0.0065596116006761,0.0098799297263762,0.0065596116006761,4.3028504351725045e-05,36,0.012788020083905375,-0.002908090357529175
2018-06-22,0.0071251327036487,0.0111757090885941,0.0071251327036487,5.07675160446051e-05,36,0.012952663835523306,-0.0017769547469292067
2018-06-25,-0.009048575425041,0.0112662038203805,0.009048575425041,8.187671722265598e-05,36,0.013512560710513096,-0.002246356890132596
2018-06-26,-0.0034329299673501,0.0119538856206306,0.0034329299673501,1.1785008160730794e-05,36,0.01187751906080943,7.636655982116991e-05
2018-06-27,-0.0161728495781758,0.0149566155764568,0.0161728495781758,0.0002615610634783,36,0.015585198420856268,-0.0006285828443994678
2018-06-28,-0.0156733844221395,0.0137891974861802,0.0156733844221395,0.0002456549792441,36,0.015439951228264581,-0.0016507537420843814
2018-06-29,0.0162741051378047,0.0134885553730602,0.0162741051378047,0.0002648464980363,36,0.015614642981836414,-0.002126087608776214
2018-07-02,-0.0062436967340103,0.0168451213614238,0.0062436967340103,3.8983748906292e-05,36,0.012696040708243674,0.0041490806531801275
2018-07-03,0.0116163572126843,0.0103616777657485,0.0116163572126843,0.0001349397548926,36,0.014259808773434988,-0.0038981310076864877
2018-07-04,0.0072186143684467,0.0144349495363063,0.0072186143684467,5.210839340034567e-05,36,0.012979878624091331,0.0014550709122149695
2018-07-05,-0.005670579770414,0.013109421882511,0.005670579770414,3.215547493262948e-05,36,0.012529167038199035,0.0005802548443119646
2018-07-06,0.0045387236690613,0.0131764277397283,0.0045387236690613,2.0600012544097853e-05,36,0.01219957090958391,0.0009768568301443906
2018-07-09,0.0099225840220851,0.0093883415861016,0.0099225840220851,9.845767367533996e-05,36,0.013766932204360427,-0.004378590618258828
2018-07-10,0.0086140033014943,0.0101173920194105,0.0086140033014943,7.420105287815477e-05,36,0.013386072462833189,-0.0032686804434226887
2018-07-11,0.0050841963902483,0.0225221046602412,0.0050841963902483,2.584905293461428e-05,36,0.012358418216281395,0.010163686443959805
2018-07-12,-0.0003704142037614,0.0153235476638219,0.0003704142037614,1.3720668234821292e-07,36,0.010985358025842315,0.004338189637979585
2018-07-13,-0.0004456079823743,0.014599637468949,0.0004456079823743,1.985664739557213e-07,36,0.011007267298595642,0.0035923701703533574
2018-07-16,-0.0171322839363968,0.0168345774704823,0.0171322839363968,0.0002935151528773,36,0.015864181664702763,0.0009703958057795357
2018-07-17,0.0130968037539912,0.0143455379438209,0.0130968037539912,0.0001715262685705,36,0.014690523107886091,-0.00034498516406519103
2018-07-18,-0.0053661454628788,0.0122497027226344,0.0053661454628788,2.8795517128774865e-05,36,0.012440520456315409,-0.00019081773368100942
2018-07-19,-0.0005090640343724,0.0151548469521971,0.0005090640343724,2.5914619109159977e-07,36,0.01102575638004829,0.004129090572148809
2018-07-20,0.0213595132695487,0.0257705429863733,0.0213595132695487,0.000456228807112,36,0.017092971185877874,0.008677571800495425
2018-07-23,0.0166068787373449,0.0198971977162723,0.0166068787373449,0.0002757884213968,36,0.0157114090865581,0.0041857886297142
2018-07-24,0.0154207944763423,0.0217897986491147,0.0154207944763423,0.0002378009022815,36,0.015366493232784294,0.006423305416330405
2018-07-25,0.0022460152316692,0.0157512762644033,0.0022460152316692,5.04458442089014e-06,36,0.011531791905710803,0.004219484358692497
2018-07-26,0.0047047401071075,0.0144828318734727,0.0047047401071075,2.213457947542616e-05,36,0.012247917763795114,0.0022349141096775858
2018-07-27,0.0095883139831058,0.0135490943447246,0.0095883139831058,9.193576503862352e-05,36,0.013669649527238432,-0.0001205551825138318
2018-07-30,0.0106529477306962,0.0217253616340433,0.0106529477306962,0.0001134852953529,36,0.013979475935256199,0.0077458856987871
2018-07-31,0.0089953528663175,0.0143198502464978,0.0089953528663175,8.091637318956731e-05,36,0.0134970699159525,0.0008227803305452999
2018-08-01,0.0010341937714921,0.0100730900258989,0.0010341937714921,1.0695567569930885e-06,36,0.01117875690292299,-0.0011056668770240904
2018-08-02,-2.395389125875861e-05,0.0137877430030809,2.395389125875861e-05,5.73788906436432e-10,36,0.010884406939668976,0.0029033360634119244
2018-08-03,0.012381578629268,0.0136561843242573,0.012381578629268,0.0001533034893527,36,0.014482448758461875,-0.0008262644342045752
2018-08-06,0.0011127713585393,0.0168933953232613,0.0011127713585393,1.2382600963854226e-06,36,0.011201650213247953,0.005691745110013349
2018-08-07,-0.0105197152983739,0.0191732435826093,0.0105197152983739,0.0001106644099588,36,0.013940705307363648,0.005232538275245653
2018-08-08,0.002562967753724,0.013085392862605,0.002562967753724,6.568803706629074e-06,36,0.011624119562726954,0.0014612732998780468
2018-08-09,0.004318012121695,0.0134633161070039,0.004318012121695,1.864522868310521e-05,36,0.012135294339690357,0.001328021767313543
2018-08-10,-0.0065145656522314,0.0130075747247712,0.0065145656522314,4.243956563723436e-05,36,0.012774905069638503,0.00023266965513269768
2018-08-13,-0.0087118282353034,0.0121281136762771,0.0087118282353034,7.589595120143063e-05,36,0.01341454636766046,-0.0012864326913833608
2018-08-14,0.0117752059764044,0.0133503666097491,0.0117752059764044,0.0001386554757867,36,0.014306027329966768,-0.0009556607202176673
2018-08-16,0.0001255349830914,0.0118936061461243,0.0001255349830914,1.5759031979772727e-08,36,0.010914005939054509,0.0009796002070697907
2018-08-17,0.0085577841664788,0.0119344611159772,0.0085577841664788,7.323566984003596e-05,36,0.013369708600645415,-0.0014352474846682142
2018-08-20,0.0078970257945949,0.0162053318928786,0.0078970257945949,6.236301640049763e-05,36,0.013177371166191965,0.003027960726686636
2018-08-21,0.0050500842333141,0.0095073755531007,0.0050500842333141,2.550335076356781e-05,36,0.012348484720648317,-0.002841109167547616
2018-08-23,-0.0010503496040999,0.0127511616013942,0.0010503496040999,1.103234290833004e-06,36,0.011183463867684084,0.0015676977337101168
2018-08-24,-0.0044008585928536,0.0101939253925808,0.0044008585928536,1.936755635429379e-05,36,0.012159421454864977,-0.0019654960622841767
2018-08-27,0.0133112360382376,0.0120633348508254,0.0133112360382376,0.0001771890048656,36,0.014752902432589062,-0.002689567581763662
2018-08-28,0.0068657981578137,0.0155860081534327,0.0068657981578137,4.713918434383897e-05,36,0.012877163568302628,0.002708844585130073
2018-08-29,0.0012769859485184,0.0112411171566368,0.0012769859485184,1.6306931127136309e-06,36,0.011249492844069498,-8.375687432699008e-06
2018-08-30,-0.00144394472446,0.0111556598676814,0.00144394472446,2.084976367295993e-06,36,0.01129813396450513,-0.00014247409682372966
2018-08-31,0.0069500187471671,0.0142642794337498,0.0069500187471671,4.830276058597508e-05,36,0.012901683042429866,0.0013625963913199337
2018-09-03,-0.0108508290838714,0.0155084504466307,0.0108508290838714,0.0001177404918073,36,0.014037058200528899,0.0014713922461018006
2018-09-04,-0.016440579393459,0.0151840934524906,0.016440579393459,0.0002702926507926,36,0.015663051969601306,-0.0004789585171107065
2018-09-05,0.0019513184629945,0.0144114424090791,0.0019513184629945,3.807643744023488e-06,36,0.011445944022513165,0.002965498386565936
2018-09-06,0.014031527988533,0.0201185792503976,0.014031527988533,0.0001968837776929,36,0.014962426363164057,0.0051561528872335425
2018-09-07,0.006928974729708,0.0127634931387889,0.006928974729708,4.801069080493325e-05,36,0.01289555643840683,-0.00013206329961793113
2018-09-10,-0.0159954607490187,0.0126871164563663,0.0159954607490187,0.0002558547645733,36,0.015533613822397959,-0.002846497366031658
2018-09-11,-0.0144223203049075,0.0108472407860575,0.0144223203049075,0.0002080033229773,36,0.015076095055230939,-0.004228854269173439
2018-09-12,0.0063845934437242,0.0113713649018495,0.0063845934437242,4.0763033441647e-05,36,0.01273706357451766,-0.001365698672668161
2018-09-14,0.0162121412131086,0.0149498879516717,0.0162121412131086,0.0002628335227137,36,0.015596624256994157,-0.0006467363053224567
2018-09-17,-0.0112336793049414,0.011392115818823,0.0112336793049414,0.0001261955507262,36,0.014148461225871097,-0.002756345407048097
2018-09-18,-0.0069626390801192,0.0131319497181216,0.0069626390801192,4.8478342960003854e-05,36,0.012905357227736471,0.0002265924903851295
2018-09-19,-0.0040435440245319,0.0129438433093799,0.0040435440245319,1.635024827832789e-05,36,0.012055360078976438,0.0008884832304034626
2018-09-21,-0.0158202476645988,0.0176291803469118,0.0158202476645988,0.0002502802361692,36,0.015482660803991128,0.0021465195429206715
2018-09-24,-0.025147189197351,0.017315900566842,0.025147189197351,0.0006323811245273,36,0.018193436288321096,-0.0008775357214790974
2018-09-25,0.0108237527231642,0.0159971980703741,0.0108237527231642,0.0001171536230122,36,0.014029179229185978,0.001968018841188121
2018-09-26,0.003934041527445,0.0143119422140442,0.003934041527445,1.5476682739661802e-05,36,0.012023468534929067,0.002288473679115133
2018-09-27,-0.0099156473147797,0.0177076139995995,0.0099156473147797,9.832006167109903e-05,36,0.013764913454398845,0.003942700545200656
2018-09-28,-0.0141315452589879,0.0188506444473997,0.0141315452589879,0.0001997005714068,36,0.014991518642903058,0.0038591258044966426
2018-10-01,0.0043722339707914,0.0220897183871526,0.0043722339707914,1.911642989534282e-05,36,0.012151085225199462,0.009938633161953137
2018-10-03,-0.0170666784955309,0.0139456664287838,0.0170666784955309,0.0002912715148698,36,0.01584510605678218,-0.00189943962799838
2018-10-04,-0.0229981245655311,0.0191914326988451,0.0229981245655311,0.0005289137335316,36,0.017569114763291108,0.0016223179355539935
2018-10-05,-0.0204452622003697,0.0188186044886714,0.0204452622003697,0.0004180087464418,36,0.01682726786982701,0.001991336618844392
2018-10-08,-0.0036837451042745,0.0172356564448839,0.0036837451042745,1.3569977993266968e-05,36,0.011950570479737745,0.005285085965146154
2018-10-09,-0.0080364276335728,0.0237857156331548,0.0080364276335728,6.458416910965308e-05,36,0.013217950397823898,0.0105677652353309
2018-10-10,0.0386394342137381,0.0317245377061595,0.0386394342137381,0.0014930058763577,36,0.02210920301855859,0.009615334687600913
2018-10-11,-0.0227952877158125,0.0150176521255344,0.0227952877158125,0.0005196251420466,36,0.01751018024423987,-0.0024925281187054716
2018-10-12,0.0246133419195443,0.019466136875631,0.0246133419195443,0.0006058166004483,36,0.01803836483125616,0.0014277720443748414
2018-10-15,0.008311406663198,0.0214105142375896,0.008311406663198,6.907948072105371e-05,36,0.013297993447555705,0.008112520790033894
2018-10-16,0.0136643900215521,0.0138072675016311,0.0136643900215521,0.000186715554661,36,0.014855632877093563,-0.001048365375462464
2018-10-17,-0.0108212865937024,0.0153430888858651,0.0108212865937024,0.000117100243543,36,0.014028461606920973,0.001314627278944127
2018-10-19,-0.0098253024309733,0.0205962193908654,0.0098253024309733,9.653656786009093e-05,36,0.013738620743251358,0.0068575986476140435
2018-10-22,-0.0100374262736888,0.0173435543551571,0.0100374262736888,0.0001007499261997,36,0.013800353828377151,0.0035432005267799476
2018-10-23,-0.0164961127401772,0.0139845612867535,0.0164961127401772,0.0002721217355366,36,0.015679200266504947,-0.0016946389797514467
2018-10-24,0.0089862839153096,0.0182100759285579,0.0089862839153096,8.075329860655291e-05,36,0.01349443032461916,0.00471564560393874
2018-10-25,-0.0128663499349756,0.0153629844163652,0.0128663499349756,0.0001655429606492,36,0.014623481178015776,0.0007395032383494243
2018-10-26,-0.0012876362868096,0.0136207826150312,0.0012876362868096,1.6580072071090214e-06,36,0.011252595702536283,0.002368186912494916
2018-10-29,0.0427399517985223,0.0292898291467863,0.0427399517985223,0.00182670347974,36,0.02329795527281447,0.005991873873971831
2018-10-30,-8.285591025690284e-05,0.0161308725381948,8.285591025690284e-05,6.865101864499937e-09,36,0.010901570030213864,0.005229302507980935
2018-10-31,0.0144671556444802,0.0138111343691263,0.0144671556444802,0.0002092985924416,36,0.015089135831948706,-0.0012780014628224062
2018-11-01,0.0062841266170772,0.0208431021820298,0.0062841266170772,3.949024733945839e-05,36,0.012707812169174782,0.008135290012855017
2018-11-02,0.0129645707378577,0.0193550101703953,0.0129645707378577,0.0001680800944169,36,0.014652055088141977,0.004702955082253324
2018-11-05,-0.0036784423117049,0.0149503749971047,0.0036784423117049,1.3530937840541569e-05,36,0.011949026033191005,0.0030013489639136946
2018-11-06,-0.0024411193127931,0.0127314633309914,0.0024411193127931,5.959063499291742e-06,36,0.011588625780552067,0.001142837550439332
2018-11-07,0.0075421529371579,0.0047813051113869,0.0075421529371579,5.688407092747977e-05,36,0.013074066120212533,-0.008292761008825634
2018-11-09,0.0036912241095445,0.0130875095671058,0.0036912241095445,1.3625135426883196e-05,36,0.011952748749861408,0.0011347608172443922
2018-11-12,-0.0108284616670997,0.0151058033194803,0.0108284616670997,0.0001172555820758,36,0.014030549490377454,0.0010752538291028471
2018-11-13,0.0019311582978945,0.0127080566504563,0.0019311582978945,3.729372371527085e-06,36,0.01144007106507133,0.0012679855853849707
2018-11-14,0.0018233646296181,0.0147384558419135,0.0018233646296181,3.324658572542673e-06,36,0.011408668906937092,0.0033297869349764083
2018-11-15,0.0055348211449545,0.0120636639362408,0.0055348211449545,3.063424510663653e-05,36,0.012489636634445654,-0.00042597269820485346
2018-11-16,0.002784163836296,0.0134667706514279,0.002784163836296,7.751568267338472e-06,36,0.011688551385208155,0.0017782192662197452
2018-11-19,0.0045981554252382,0.0104843492523797,0.0045981554252382,2.114303331464777e-05,36,0.012216878578906725,-0.001732529326527026
2018-11-20,-0.0068593384444596,0.0087498692736419,0.0068593384444596,4.705052389564256e-05,36,0.012875282915667466,-0.004125413642025566
2018-11-21,0.0045110087248653,0.0133343542616554,0.0045110087248653,2.034919971581129e-05,36,0.01219149974131257,0.00114285452034283
2018-11-22,-0.0044636096803141,0.011492726376178,0.0044636096803141,1.992381137819392e-05,36,0.012177696088684364,-0.0006849697125063635
2018-11-26,0.0057790297917189,0.0142540580322529,0.0057790297917189,3.339718533357566e-05,36,0.012560745198378255,0.0016933128338746453
2018-11-27,0.0041569229537437,0.0108901385373101,0.0041569229537437,1.7280008443361814e-05,36,0.012088380136005432,-0.001198241598695332
2018-11-28,-0.0020668985730269,0.0171273600137326,0.0020668985730269,4.2720697111806925e-06,36,0.011479613950376303,0.005647746063356296
2018-11-29,0.0092157404014105,0.0124658119477155,0.0092157404014105,8.49298711461909e-05,36,0.013561214564142162,-0.001095402616426662
2018-11-30,0.0054202938212252,0.0151031640222618,0.0054202938212252,2.9379585108412328e-05,36,0.012456287871272639,0.0026468761509891615
2018-12-03,0.004631623758415,0.0177282609750225,0.004631623758415,2.1451938639514376e-05,36,0.012226625143940767,0.0055016358310817325
2018-12-04,-0.0019996624217876,0.0125904604159737,0.0019996624217876,3.998649801109759e-06,36,0.011460027280001533,0.001130433135972166
2018-12-05,-0.0117116092335176,0.013972139856145,0.0117116092335176,0.0001371617908386,36,0.014287523363959099,-0.00031538350781409874
2018-12-06,-0.0182197442732416,0.0120371260068932,0.0182197442732416,0.0003319590813823,36,0.01618035160310493,-0.00414322559621173
2018-12-07,0.0067672177503698,0.0154357005966151,0.0067672177503698,4.579523608092025e-05,36,0.012848463135065635,0.0025872374615494645
2018-12-10,-0.024329519924096,0.0128552554433853,0.024329519924096,0.0005919255397369,36,0.017955916255654382,-0.005100660812269082
2018-12-11,0.0196813619901761,0.0149950761064669,0.0196813619901761,0.0003873560097883,36,0.0166052367674367,-0.001610160660969799
2018-12-12,0.0162826679741711,0.0133747978146797,0.0162826679741711,0.000265125276357,36,0.015617132990520019,-0.0022423351758403195
2018-12-13,0.0018023045301423,0.0112852592723675,0.0018023045301423,3.248301619371729e-06,36,0.01140253368662029,-0.00011727441425278887
2018-12-14,-0.0004816589832559,0.0080261941993233,0.0004816589832559,2.319953761511075e-07,36,0.011017771435128158,-0.0029915772358048588
2018-12-17,0.0045611694586497,0.0104279189602111,0.0045611694586497,2.0804266830519044e-05,36,0.012206107569911957,-0.0017781886097008575
2018-12-18,0.0065545374549822,0.0090500765655362,0.0065545374549822,4.29619612487648e-05,36,0.01278654276288087,-0.003736466197344669
2018-12-19,0.0063265769298585,0.0156637270201166,0.0063265769298585,4.002557564941894e-05,36,0.01272017182913092,0.002943555190985681
2018-12-20,-0.0015660557194817,0.0076663004045471,0.0015660557194817,2.4525305165215444e-06,36,0.011333708663742472,-0.0036674082591953722
2018-12-21,-0.0161571245407048,0.0120031410091818,0.0161571245407048,0.0002610526734238,36,0.0155806256327539,-0.0035774846235721008
2018-12-24,-0.0111437232151476,0.012682251488093,0.0111437232151476,0.0001241825670958,36,0.014122285984970449,-0.0014400344968774487
2018-12-26,0.0012125349450427,0.0107763588675311,0.0012125349450427,1.4702409929499063e-06,36,0.011230715667644532,-0.0004543568001134316
2018-12-27,0.0053466208572225,0.0092080892457991,0.0053466208572225,2.85863545908867e-05,36,0.012434835076596174,-0.003226745830797073
2018-12-28,0.0087884167369347,0.0105686777094575,0.0087884167369347,7.723626874203495e-05,36,0.013436838740502102,-0.002868161031044602
2018-12-31,0.0021419839101135,0.0067650777772951,0.0021419839101135,4.588095071185224e-06,36,0.011501486984889385,-0.004736409207594285
2019-01-01,0.0009374839796906,0.0065022349701645,0.0009374839796906,8.788762121766194e-07,36,0.011150580528108092,-0.004648345557943592
2019-01-02,-0.0082186565273515,0.0083074658691707,0.0082186565273515,6.754631511457811e-05,36,0.013270995319487921,-0.0049635294503172205
2019-01-03,-0.0069388672077297,0.0061835394223662,0.0069388672077297,4.8147878126507135e-05,36,0.012898436465381736,-0.006714897043015536
2019-01-04,0.0033278249136758,0.0077693846558932,0.0033278249136758,1.107441865608177e-05,36,0.011846905899448939,-0.004077521243555739
2019-01-07,0.002602404923905,0.0082928666958244,0.002602404923905,6.772511387965376e-06,36,0.01163560727809199,-0.0033427405822675903
2019-01-08,0.0066063532413502,0.0104720787054388,0.0066063532413502,4.364390314949897e-05,36,0.012801628716519617,-0.0023295500110808165
2019-01-09,0.0024691477386735,0.0088102997421195,0.0024691477386735,6.096690555396487e-06,36,0.011596790355110334,-0.0027864906129908343
2019-01-10,0.0030194081506527,0.007906148128968,0.0030194081506527,9.116825580227976e-06,36,0.011757073336370763,-0.003850925207402763
2019-01-11,-0.0037850980577788,0.0087427243095979,0.0037850980577788,1.4326967307001062e-05,36,0.011980089487428043,-0.0032373651778301437
2019-01-14,-0.0076719619929622,0.0124562329768774,0.0076719619929622,5.88590008214568e-05,36,0.013111854638252892,-0.0006556216613754929
2019-01-15,0.0110417868196875,0.0101690558304138,0.0110417868196875,0.0001219210561714,36,0.014092624382587474,-0.003923568552173674
2019-01-16,0.0030193885553601,0.0098768211158592,0.0030193885553601,9.116707248239635e-06,36,0.011757067628738975,-0.0018802465128797755
2019-01-17,-0.0009225677151959,0.0100169968247602,0.0009225677151959,8.511311891217841e-07,36,0.011146234647662498,-0.0011292378229022983
2019-01-18,-0.0055347997833315,0.0110501190384394,0.0055347997833315,3.0634008641566675e-05,36,0.012489630414282821,-0.0014395113758434216
2019-01-21,0.0029578328145833,0.0127946090621267,0.0029578328145833,8.748774959026194e-06,36,0.011739137870647315,0.001055471191479385
2019-01-22,0.0015693134571703,0.0080450746466426,0.0015693134571703,2.46274472685606e-06,36,0.01133465773577145,-0.0032895830891288506
2019-01-23,-0.0036097082345438,0.0111762003754268,0.0036097082345438,1.3029993538533676e-05,36,0.01192900703407253,-0.0007528066586457299
2019-01-24,-0.0031647767463991,0.0108188871526861,0.0031647767463991,1.0015811854548769e-05,36,0.011799415284996393,-0.0009805281323102925
2019-01-25,-0.0100316397853416,0.01221080565768,0.0100316397853416,0.0001006337967828,36,0.013798669844348513,-0.0015878641866685118
2019-01-28,-0.0254359322449778,0.0247478272665223,0.0254359322449778,0.0006469866491711,36,0.01827730577076145,0.006470521495760852
2019-01-29,0.0083553649666981,0.0188959953075241,0.0083553649666981,6.981212372672604e-05,36,0.013310788919405105,0.005585206388118994
2019-01-30,0.0069122368466146,0.0159843219129855,0.0069122368466146,4.77790182236966e-05,36,0.012890683479877674,0.003093638433107825
2019-01-31,0.013695368880583,0.0166065878377299,0.013695368880583,0.0001875631287752,36,0.014864644230610607,0.0017419436071192916
2019-02-01,0.0069270632937876,0.0173380262377314,0.0069270632937876,4.79842058761399e-05,36,0.012894999955888893,0.004443026281842507
2019-02-04,-0.009583131577556,0.0207564063500993,0.009583131577556,9.18364108327514e-05,36,0.013668141258650273,0.007088265091449025
2019-02-05,-0.004832228468947,0.0123813305355922,0.004832228468947,2.335043197610249e-05,36,0.01228504389500114,9.628664059106035e-05
2019-02-06,0.0042474893945347,0.0162734975990524,0.0042474893945347,1.804116615668525e-05,36,0.012114756032349855,0.004158741566702545
2019-02-07,0.0062795441751273,0.0149267056759775,0.0062795441751273,3.9432675047376034e-05,36,0.012706477960137142,0.0022202277158403574
2019-02-08,-0.0125537290989396,0.0127016740045625,0.0125537290989396,0.0001575961142895,36,0.014532532730675807,-0.0018308587261133078
2019-02-11,-0.0148006342148803,0.0121412414798955,0.0148006342148803,0.0002190587731626,36,0.015186128886090994,-0.0030448874061954935
2019-02-12,-0.0042371344710239,0.0096567222412562,0.0042371344710239,1.7953308525539483e-05,36,0.012111740356606743,-0.002455018115350543
2019-02-14,0.0047555441847749,0.0174565753940299,0.0047555441847749,2.261520049334719e-05,36,0.012262712588008122,0.005193862806021779
2019-02-15,-0.0066863576672186,0.0137156082667886,0.0066863576672186,4.4707378853973926e-05,36,0.012824921484762851,0.0008906867820257496
2019-02-18,-0.0112826433825015,0.012458219781872,0.0112826433825015,0.0001272980416967,36,0.014162708570104189,-0.0017044887882321884
2019-02-19,0.0003201700712014,0.0090297819832338,0.0003201700712014,1.025088744931558e-07,36,0.010970718237028358,-0.0019409362537945573
2019-02-20,0.0088989864952581,0.0117757326566276,0.0088989864952581,7.919196064278678e-05,36,0.013469021553172065,-0.0016932888965444648
2019-02-21,0.009167335365676,0.010096372192183,0.009167335365676,8.404003770677396e-05,36,0.01354712624213683,-0.0034507540499538296
2019-02-22,0.0069242259683555,0.0111026918566465,0.0069242259683555,4.794490526084985e-05,36,0.012894173915919127,-0.0017914820592726272
2019-02-25,0.005031289630452,0.0139967232867499,0.005031289630452,2.531387534549393e-05,36,0.012343011694599998,0.0016537115921499024
2019-02-26,0.0022423439013057,0.0145635198563917,0.0022423439013057,5.028106171723029e-06,36,0.011530722432825762,0.003032797423565938
2019-02-27,-0.002133610512315,0.0093428832042686,0.002133610512315,4.5522938182611935e-06,36,0.011499047748921963,-0.0021561645446533627
2019-02-28,0.0016163122382474,0.0078868686529883,0.0016163122382474,2.612465251508356e-06,36,0.01134834977993947,-0.003461481126951169
2019-03-01,0.0114098385069501,0.0104982513914347,0.0114098385069501,0.0001301844147546,36,0.01419971881973867,-0.0037014674283039686
2019-03-05,0.0202326733571591,0.0180898224605467,0.0202326733571591,0.0004093610711774,36,0.01676548008216404,0.0013243423783826612
2019-03-06,0.0061432060791232,0.0136343081197624,0.0061432060791232,3.7738980930577146e-05,36,0.012666781849210693,0.0009675262705517058
2019-03-07,-0.0004296868325021,0.0110973232496693,0.0004296868325021,1.846307740257665e-07,36,0.011002628357333876,9.469489233542364e-05
2019-03-08,0.0010727769085279,0.0122280045150539,0.0010727769085279,1.150850295470775e-06,36,0.011189997995604446,0.0010380065194494532
2019-03-11,0.0149129618614012,0.0112674876624056,0.0149129618614012,0.0002223964314796,36,0.015218798743196222,-0.0039513110807906215
2019-03-12,0.0132403516428429,0.0159623380723028,0.0132403516428429,0.0001753069116261,36,0.014732282025646104,0.0012300560466566943
2019-03-13,-0.0042210783576964,0.0123829869408634,0.0042210783576964,1.7817502501813003e-05,36,0.012107064309367538,0.00027592263149586217
2019-03-14,-0.0012910678670216,0.009287217830811,0.0012910678670216,1.6668562372559255e-06,36,0.011253595454661258,-0.001966377623850258
2019-03-15,0.0042154029772147,0.0113470677640938,0.0042154029772147,1.7769622260311358e-05,36,0.012105411457100519,-0.0007583436930067196
2019-03-18,0.003361849237239,0.0102739361454856,0.003361849237239,1.1302030293925085e-05,36,0.011856815953269815,-0.001582879807784215
2019-03-19,0.0025159424681733,0.0067409366688894,0.0025159424681733,6.329966503158292e-06,36,0.011610421419214421,-0.004869484750325021
2019-03-20,-0.0049295179124941,0.0091531831601446,0.0049295179124941,2.430014684960052e-05,36,0.012313375342654833,-0.0031601921825102335
2019-03-22,-0.0032219854022567,0.0085439245795171,0.0032219854022567,1.0381189932355663e-05,36,0.011816078411306837,-0.003272153831789736
2019-03-25,-0.0098943353206905,0.0099323247575438,0.0098943353206905,9.789787143826548e-05,36,0.013758711136578184,-0.003826386379034385
2019-03-26,0.0126348079733594,0.0120129125277774,0.0126348079733594,0.0001596383725236,36,0.01455612074471656,-0.0025432082169391593
2019-03-27,-0.0021164182136189,0.0106303081912414,0.0021164182136189,4.47922605493799e-06,36,0.01149403949045785,-0.0008637312992164515
2019-03-28,0.0090292081646378,0.0099110857534069,0.0090292081646378,8.152660008036267e-05,36,0.013506923747099718,-0.0035958379936928183
2019-04-01,0.0174880280419582,0.0214610866349402,0.0174880280419582,0.0003058311247963,36,0.01596761601130212,0.005493470623638079
2019-04-02,0.0042567282001574,0.0141162329336987,0.0042567282001574,1.8119734970015743e-05,36,0.01211744665655681,0.00199878627714189
2019-04-03,-0.0096354655490568,0.0078552181488892,0.0096354655490568,9.284219634706152e-05,36,0.013683372303683614,-0.005828154154794414
2019-04-04,-0.0021721991119814,0.0100449678517973,0.0021721991119814,4.718448982092951e-06,36,0.011510288887181913,-0.001465321035384614
2019-04-05,0.0070700031180286,0.0106594109638073,0.0070700031180286,4.998494408893508e-05,36,0.01293661412166859,-0.0022772031578612885
2019-04-08,-0.0052086629217174,0.0109333054265362,0.0052086629217174,2.713016943207467e-05,36,0.012394662640283275,-0.0014613572137470755
2019-04-09,0.0062146524912814,0.0100385139897229,0.0062146524912814,3.862190558739031e-05,36,0.012687584224351268,-0.0026490702346283687
2019-04-10,-0.0014540788415138,0.0115367049652648,0.0014540788415138,2.114345277338317e-06,36,0.01130108636605476,0.0002356185992100409
2019-04-11,0.001398472084736,0.0129559922933396,0.001398472084736,1.955724171785924e-06,36,0.011284886243154197,0.001671106050185403
2019-04-12,0.0067996474871094,0.0104871385947459,0.0067996474871094,4.623520594895366e-05,36,0.012857904680007639,-0.0023707660852617385
2019-04-15,0.0023734596373325,0.0121620042156294,0.0023734596373325,5.633310650046551e-06,36,0.011568916654772604,0.0005930875608567959
2019-04-16,0.0090295892217195,0.0145762476477956,0.0090295892217195,8.153348151299318e-05,36,0.013507034656300924,0.0010692129914946762
2019-04-18,-0.004202298765415,0.0102731012768033,0.004202298765415,1.7659314913808445e-05,36,0.012101595087132497,-0.0018284938103291966
2019-04-22,-0.0143940937771287,0.010708304457746,0.0143940937771287,0.0002071899356647,36,0.015067885068768461,-0.004359580611022462
2019-04-23,-0.0010416704899241,0.0103308360119064,0.0010416704899241,1.0850774095788993e-06,36,0.011180935228865294,-0.0008500992169588936
2019-04-24,0.0084633726219597,0.010661431634385,0.0084633726219597,7.162867613813806e-05,36,0.013342227706999213,-0.0026807960726142124
2019-04-25,-0.0054517893688077,0.0081330976133313,0.0054517893688077,2.972200732184488e-05,36,0.0124654589841565,-0.0043323613708252
2019-04-26,0.003461862914902,0.0113730019346649,0.003461862914902,1.1984494841574447e-05,36,0.011885946072970633,-0.0005129441383057327
2019-04-30,-0.0061748319093186,0.0147162835657177,0.0061748319093186,3.812854910833966e-05,36,0.012675990065597387,0.0020402935001203135
2019-05-02,-0.0030865719225432,0.0169007338307983,0.0030865719225432,9.526926233032368e-06,36,0.011776636426156431,0.005124097404641868
2019-05-03,-0.0028051909347752,0.0101070445202474,0.0028051909347752,7.869096180545348e-06,36,0.011694676239384156,-0.0015876317191367562
2019-05-06,-0.0079904543562618,0.015485448378331,0.0079904543562618,6.384736081950382e-05,36,0.013204567867340027,0.0022808805109909742
2019-05-07,-0.0114902901800011,0.0116537151816161,0.0114902901800011,0.0001320267684206,36,0.01422312771848122,-0.00256941253686512
2019-05-08,-0.0124003016525956,0.0096080433427428,0.0124003016525956,0.0001537674810753,36,0.014487895925652115,-0.004879852582909315
2019-05-09,0.0002806040836079,0.0101719273512016,0.0002806040836079,7.873865173748397e-08,36,0.010959189707705708,-0.0007872623565041079
2019-05-10,0.0014523128396471,0.01059779918823,0.0014523128396471,2.1092125842040337e-06,36,0.011300571871906768,-0.0007027726836767671
2019-05-13,-0.0182493375361314,0.0142220658779869,0.0182493375361314,0.0003330383205076,36,0.016188954992872467,-0.0019668891148855675
2019-05-14,0.0067680347529184,0.0158371899811426,0.0067680347529184,4.5806294416712216e-05,36,0.012848700996433517,0.0029884889847090826
2019-05-15,-0.0076540608017073,0.0170773071524037,0.0076540608017073,5.858464675623331e-05,36,0.013106643486021982,0.003970663666381718
2019-05-16,0.0089480342992801,0.0143109108230401,0.0089480342992801,8.006731782109363e-05,36,0.013483297432408555,0.0008276133906315441
2019-05-17,0.0073778092280464,0.0147996878833293,0.0073778092280464,5.443206900544676e-05,36,0.01302622339066409,0.0017734644926652096
2019-05-20,0.047608434012535,0.0370205510021355,0.047608434012535,0.0022665629891259,36,0.024708547188119444,0.012312003814016054
2019-05-21,-0.0090357720001159,0.015094050280825,0.0090357720001159,8.164517563808011e-05,36,0.013508834194386834,0.001585216086438166
2019-05-22,0.0039296589752998,0.0090726953151143,0.0039296589752998,1.5442219662154425e-05,36,0.012022192149876057,-0.0029494968347617573
2019-05-23,-0.0032927171866745,0.0131989093186935,0.0032927171866745,1.0841986471421764e-05,36,0.011836680245203752,0.0013622290734897485
2019-05-24,0.0170798136225345,0.0155702068529712,0.0170798136225345,0.0002917200333805,36,0.015848925272890092,-0.00027871841991889204
2019-05-27,0.0059974159325063,0.0178402195241656,0.0059974159325063,3.596899786748123e-05,36,0.01262433293600121,0.00521588658816439
2019-05-28,0.0011407392810227,0.0105709100578737,0.0011407392810227,1.3012861072683392e-06,36,0.011209798517191536,-0.0006388884593178362
2019-05-29,-0.0079499978006001,0.0097329427475981,0.0079499978006001,6.320246502954749e-05,36,0.013192791155955758,-0.003459848408357658
2019-05-30,0.0090417507631031,0.009536658610257,0.0090417507631031,8.175325686207676e-05,36,0.013510574351128922,-0.003973915740871923
2019-05-31,-0.0018941604125091,0.0104630672494279,0.0018941604125091,3.5878436683166635e-06,36,0.011429292989495379,-0.0009662257400674789
2019-06-03,0.0120511334865254,0.0103313555318597,0.0120511334865254,0.00014522981831,36,0.014386308874005818,-0.004054953342146117
2019-06-04,-0.0038939817675354,0.0094574552765627,0.0038939817675354,1.5163094005898537e-05,36,0.01201180140782978,-0.0025543461312670795
2019-06-06,-0.0130150866534866,0.0120694239683753,0.0130150866534866,0.0001693924805977,36,0.01466675079154518,-0.00259732682316988
2019-06-07,-0.0039516256724312,0.0108383238230124,0.0039516256724312,1.561534545501774e-05,36,0.012028589776672205,-0.001190265953659805
2019-06-10,0.0021298364792079,0.0112138160724703,0.0021298364792079,4.536203428164847e-06,36,0.01149794834286092,-0.00028413227039061906
2019-06-11,-0.0005596145553971,0.0105340167986697,0.0005596145553971,3.1316845061233773e-07,36,0.01104048509398917,-0.0005064682953194698
2019-06-12,-0.0044843055779281,0.0084654454024248,0.0044843055779281,2.0108996516237426e-05,36,0.012183723202974546,-0.0037182778005497453
2019-06-13,0.0010599661534251,0.0069295223896167,0.0010599661534251,1.1235282464068315e-06,36,0.011186265622749433,-0.004256743233132733
2019-06-14,-0.0069950698485964,0.0077367540400779,0.0069950698485964,4.8931002186742855e-05,36,0.012914798842115657,-0.005178044802037756
2019-06-17,-0.0151347160569004,0.0093318829275016,0.0151347160569004,0.0002290596301229,36,0.015283293339897365,-0.005951410412395766
2019-06-18,0.000997553234727,0.0078003987805401,0.000997553234727,9.951124561144516e-07,36,0.011168081731361563,-0.0033676829508214635
2019-06-19,-0.0061849317919586,0.01078956961786,0.0061849317919586,3.825338127118127e-05,36,0.012678930752416486,-0.0018893611345564866
2019-06-20,0.0148769014471569,0.0108690258657826,0.0148769014471569,0.0002213221966684,36,0.015208310826922245,-0.004339284961139646
2019-06-21,-0.004699935302548,0.0084784482049545,0.004699935302548,2.208939184813781e-05,36,0.012246518535831143,-0.003768070330876642
2019-06-24,0.0031521154947976,0.0086636706569308,0.0031521154947976,9.935832092543472e-06,36,0.011795727434729609,-0.003132056777798809
2019-06-25,0.0048870671766112,0.0104377277882045,0.0048870671766112,2.3883425588711447e-05,36,0.012301013398427381,-0.0018632856102228802
2019-06-26,0.0089534662268293,0.0105799601584847,0.0089534662268293,8.016455747497397e-05,36,0.013484878446662019,-0.002904918288177318
2019-06-27,0.0043664948645628,0.0097538530444478,0.0043664948645628,1.9066277402253867e-05,36,0.012149413845561766,-0.0023955608011139665
2019-06-28,0.0010150295045401,0.0094256327155418,0.0010150295045401,1.0302848950869846e-06,36,0.011173173425385874,-0.0017475407098440747
2019-07-01,0.0131702166619564,0.0170315444929037,0.0131702166619564,0.0001734546069228,36,0.01471187944462481,0.00231966504827889
2019-07-02,0.0080313554434216,0.0140541290785396,0.0080313554434216,6.450267025857869e-05,36,0.013216473919105874,0.0008376551594337263
2019-07-03,0.0011343474188276,0.0084361633807096,0.0011343474188276,1.286744066600934e-06,36,0.011207936284997241,-0.0027717729042876418
2019-07-04,-0.0004300157684379,0.0074617793477508,0.0004300157684379,1.849135611052616e-07,36,0.011002724199404647,-0.003540944851653847
2019-07-05,-0.0178990785690717,0.0140041972434637,0.0178990785690717,0.0003203770136218,36,0.016087125229015915,-0.0020829279855522145
2019-07-08,-0.0242157188060771,0.0174714812715284,0.0242157188060771,0.000586401037295,36,0.017922856893704008,-0.00045137562217560656
2019-07-09,0.0084928360095032,0.0222609176368645,0.0084928360095032,7.212826348431539e-05,36,0.013350803814034974,0.008910113822829526
2019-07-10,-0.0077407350633817,0.0126485815857212,0.0077407350633817,5.991897932146829e-05,36,0.013131874814009946,-0.0004832932282887465
2019-07-11,0.006790022093913,0.0102376939402787,0.006790022093913,4.610440003582744e-05,36,0.012855102361460199,-0.0026174084211814993
2019-07-12,0.0024797178291036,0.0098404883546335,0.0024797178291036,6.149000511974285e-06,36,0.01159986937508186,-0.0017593810204483609
2019-07-15,-0.0001189198947454,0.0139278410022527,0.0001189198947454,1.4141941366261706e-08,36,0.010912078426466467,0.003015762575786233
2019-07-16,0.0138584683115018,0.0103532535232377,0.0138584683115018,0.0001920571439409,36,0.0149120871904242,-0.0045588336671865005
2019-07-17,0.0017019199240067,0.0090342925863522,0.0017019199240067,2.8965314277311604e-06,36,0.011373289458518343,-0.0023389968721661426
2019-07-18,-0.012662229684409,0.011659482087278,0.012662229684409,0.0001603320605807,36,0.014564098399990113,-0.0029046163127121136
2019-07-19,-0.0193364687925665,0.0123264386193299,0.0193364687925665,0.0003738990253659,36,0.016504985008999273,-0.004178546389669373
2019-07-22,-0.0028339935523765,0.0178452772453329,0.0028339935523765,8.031519454911682e-06,36,0.011703065950547759,0.006142211294785141
2019-07-23,0.0027285618397379,0.0126443483624049,0.0027285618397379,7.445049713274285e-06,36,0.011672355344015504,0.000971993018389395
2019-07-24,-0.0129471295674556,0.0140239837015191,0.0129471295674556,0.0001676281640364,36,0.014646981214790767,-0.0006229975132716666
2019-07-25,-0.0004148180031986,0.017746838489645,0.0004148180031986,1.72073975777699e-07,36,0.010998296022098982,0.006748542467546017
2019-07-26,0.0128659537863091,0.0143049210722783,0.0128659537863091,0.0001655327668314,36,0.014623365931693475,-0.0003184448594151755
2019-07-29,-0.0112806410747945,0.0126880621923458,0.0112806410747945,0.0001272528630583,36,0.014162125949442333,-0.0014740637570965325
2019-07-30,-0.0136434578760818,0.0164553556079503,0.0136434578760818,0.0001861439428164,36,0.014849543964140866,0.0016058116438094332
2019-07-31,0.0073454876015791,0.0129739804178726,0.0073454876015791,5.3956188104953085e-05,36,0.013016814001796322,-4.283358392372094e-05
2019-08-01,-0.0155866759700969,0.0122765803650886,0.0155866759700969,0.0002429444677967,36,0.015414735011267406,-0.0031381546461788055
2019-08-02,0.0051929691367861,0.0117818372566742,0.0051929691367861,2.696692845561384e-05,36,0.012390092670208871,-0.0006082554135346703
2019-08-05,-0.0169170150261597,0.0107826624530515,0.0169170150261597,0.0002861853973953,36,0.015801588931761666,-0.005018926478710167
2019-08-06,0.0109914390314079,0.0167143179007672,0.0109914390314079,0.0001208117319811,36,0.014077973969357392,0.002636343931409808
2019-08-07,-0.002442628655968,0.0145111195368035,0.002442628655968,5.966434750956322e-06,36,0.011589065447245386,0.0029220540895581147
2019-08-08,0.0119546832701313,0.0135034450086339,0.0119546832701313,0.0001429144520891,36,0.014358246846897283,-0.0008548018382633828
2019-08-09,0.0040784770810955,0.0151292138442888,0.0040784770810955,1.6633975301021495e-05,37,0.012065533902179565,0.003063679942109234
2019-08-13,-0.0186153649842413,0.0207155657691741,0.0186153649842413,0.0003465318134965,37,0.016295364304199672,0.004420201464974429
2019-08-14,0.0117843422375357,0.0165773048063532,0.0117843422375357,0.0001388707219713,37,0.0143086855839553,0.0022686192223979
2019-08-16,0.0022851250585944,0.0121420584425417,0.0022851250585944,5.221796533416221e-06,37,0.011543184720678395,0.000598873721863305
2019-08-19,0.000865589598262,0.0120216377067555,0.000865589598262,7.492453526194269e-07,37,0.011129633896343147,0.0008920038104123524
2019-08-20,-0.0041154699985836,0.0119827547057027,0.0041154699985836,1.6937093309242485e-05,37,0.012076307586071727,-9.35528803690279e-05
2019-08-21,-0.0156279611740055,0.0155602391307881,0.0156279611740055,0.0002442331704562,37,0.015426741448917067,0.00013349768187103338
2019-08-22,-0.0109969577645971,0.0164084600820492,0.0109969577645971,0.0001209330800763,37,0.014079579838283042,0.0023288802437661585
2019-08-23,0.0127664018796896,0.0152159643359323,0.0127664018796896,0.0001629810169537,37,0.014594404423293789,0.0006215599126385106
2019-08-26,0.0174945066801284,0.0157562296661588,0.0174945066801284,0.000306057763981,37,0.015969499664425776,-0.00021326999826697807
2019-08-27,0.0134421988826114,0.0190794318119385,0.0134421988826114,0.0001806927107996,37,0.014790999294252415,0.004288432517686085
2019-08-28,-0.0051228250013569,0.0110579144331668,0.0051228250013569,2.624333599452828e-05,37,0.01236966685687965,-0.0013117524237128506
2019-08-29,-0.0050531906947561,0.01271434750671,0.0050531906947561,2.553473619757049e-05,37,0.01234938932721104,0.0003649581794989594
2019-08-30,0.0123285167598768,0.0123442196224311,0.0123285167598768,0.0001519923254985,37,0.014467011178306495,-0.002122791555875395
2019-09-03,-0.0205204992499032,0.0133491399820625,0.0205204992499032,0.0004210908894652,37,0.016849134713324772,-0.0034999947312622723
2019-09-04,-0.0007892761570995,0.0128713464767197,0.0007892761570995,6.22956852165784e-07,37,0.011107399552932499,0.0017639469237872019
2019-09-05,0.0073358965395234,0.0142914776044487,0.0073358965395234,5.38153780385922e-05,37,0.013014021869124573,0.0012774557353241265
2019-09-06,0.0099953378908882,0.0113893022742187,0.0099953378908882,9.990677955302672e-05,37,0.013788105237996066,-0.0023988029637773654
2019-09-09,0.0093810584664069,0.0110097489419788,0.0093810584664069,8.800425795014586e-05,37,0.013609329867378266,-0.002599580925399466
2019-09-11,0.0101749995429315,0.018511809595024,0.0101749995429315,0.0001035306156986,37,0.01384039004636788,0.00467141954865612
2019-09-12,-0.0029503255327059,0.0125427958499662,0.0029503255327059,8.704420748936443e-06,37,0.011736951164293468,0.0008058446856727321
2019-09-13,0.0090279347909905,0.0112175649042544,0.0090279347909905,8.150360659037756e-05,37,0.013506553123181497,-0.0022889882189270974
2019-09-16,0.0023043034856819,0.0128072626347008,0.0023043034856819,5.309814554126165e-06,37,0.011548771436135617,0.0012584911985651839
2019-09-17,-0.0147757263315761,0.0104584823505277,0.0147757263315761,0.0002183220886256,37,0.015178884507620956,-0.004720402157093255
2019-09-18,0.0054352886840609,0.0089469714472759,0.0054352886840609,2.954236307908057e-05,37,0.012460654193889083,-0.0035136827466131833
2019-09-19,-0.012062128347786,0.0104086242773701,0.012062128347786,0.0001454949402784,37,0.014389507788744588,-0.003980883511374487
2019-09-20,0.0500870450336616,0.0290497633626108,0.0500870450336616,0.002508712080204,37,0.025426367073827342,0.0036233962887834564
2019-09-23,0.0262328916919974,0.0365353879045953,0.0262328916919974,0.000688164606524,37,0.018508778095102596,0.0180266098094927
2019-09-24,0.0022039106593831,0.0166227750512738,0.0022039106593831,4.857222194542832e-06,37,0.011519526649746042,0.005103248401527758
2019-09-25,-0.0080152939141399,0.0173057114846529,0.0080152939141399,6.424493653004852e-05,37,0.01321179851522208,0.0040939129694308185
2019-09-26,0.0179507402321086,0.019795134687284,0.0179507402321086,0.0003222290748806,37,0.016102144954091506,0.0036929897331924935
2019-09-27,-0.0052859221158834,0.0127655287509147,0.0052859221158834,2.794097261518612e-05,37,0.012417160090924684,0.0003483686599900157
2019-09-30,-0.0072656667484612,0.0188248611905176,0.0072656667484612,5.2789913299694897e-05,37,0.012993576596994186,0.0058312845935234135
2019-10-01,-0.0157828241837022,0.0130558349367427,0.0157828241837022,0.0002490975392136,37,0.015471777685754957,-0.0024159427490122575
2019-10-03,0.00415564997761,0.014059774372652,0.00415564997761,1.72694267364103e-05,37,0.012088009401777945,0.0019717649708740556
2019-10-04,-0.0095215919474606,0.014858051856022,0.0095215919474606,9.066071321394742e-05,37,0.013650230912227388,0.001207820943794612
2019-10-07,-0.0069954869978864,0.0134447280994231,0.0069954869978864,4.893683833759813e-05,37,0.012914920287114438,0.0005298078123086615
2019-10-09,0.0183682038720005,0.0175681456849486,0.0183682038720005,0.0003373909134833,37,0.016223511638643214,0.0013446340463053874
2019-10-10,-0.0016405952290899,0.0147359919407472,0.0016405952290899,2.6915527057128524e-06,37,0.011355424054916845,0.0033805678858303545
2019-10-11,0.0092611828666663,0.0133951701485458,0.0092611828666663,8.576950808983428e-05,37,0.013574440550083734,-0.00017927040153793358
2019-10-14,0.0037474494673501,0.0131257469814955,0.0037474494673501,1.4043377510342811e-05,37,0.011969124394028485,0.0011566225874670155
2019-10-15,0.0048185755754753,0.0109182084701151,0.0048185755754753,2.321867057656804e-05,38,0.012281068037934656,-0.0013628595678195563
2019-10-16,0.0002451995745025,0.012631490166166,0.0002451995745025,6.012283133623159e-08,38,0.010948873679732438,0.0016826164864335615
2019-10-17,0.0176288455663293,0.0169028743050165,0.0176288455663293,0.0003107761960014,38,0.016008558124398303,0.0008943161806181966
2019-10-18,0.0128677149160871,0.0141451661373473,0.0128677149160871,0.0001655780871616,38,0.01462387827397763,-0.00047871213663033124
2019-10-22,0.0043612334647291,0.0242627673357487,0.0043612334647291,1.9020357333873744e-05,38,0.012147881585615783,0.012114885750132918
2019-10-23,0.0103270431009373,0.0193817058020793,0.0103270431009373,0.0001066478192086,38,0.013884636568179839,0.0054970692338994626
2019-10-24,-0.0031241435189966,0.0131334660822439,0.0031241435189966,9.760272727288623e-06,38,0.011787580000031932,0.0013458860822119691
2019-10-25,0.0007730076137121,0.0152449371213318,0.0007730076137121,5.975407708569366e-07,38,0.011102659595342415,0.0041422775259893855
2019-10-27,0.0114334258034058,0.0123054153285818,0.0114334258034058,0.0001307232256019,38,0.014206582003305327,-0.0019011666747235263
2019-10-29,0.0154352579504068,0.0193994203585073,0.0154352579504068,0.0002382471879955,38,0.015370699550891749,0.004028720807615552
2019-10-30,0.0027422231318877,0.0122964129223329,0.0027422231318877,7.519787705060075e-06,38,0.011676334687286287,0.0006200782350466137
2019-10-31,0.0051357289223854,0.0133234037555276,0.0051357289223854,2.637571156422624e-05,38,0.012373424462907508,0.0009499792926200915
2019-11-01,0.0004266117941342,0.0113692599951502,0.0004266117941342,1.819976228944347e-07,38,0.01100173238314699,0.0003675276120032097
2019-11-04,0.0043871017478174,0.0131299064259541,0.0043871017478174,1.924666174570328e-05,38,0.012155415109810897,0.0009744913161432028
2019-11-05,-0.0021713011751012,0.0125643588985354,0.0021713011751012,4.714548792996204e-06,38,0.011510027312289029,0.0010543315862463713
2019-11-06,-2.040329502764776e-05,0.0150404213661874,2.040329502764776e-05,4.1629444798523565e-10,38,0.010883372349622488,0.004157049016564912
2019-11-07,0.0037634515104656,0.0155041091216009,0.0037634515104656,1.4163567271626525e-05,38,0.011973784970505623,0.0035303241510952765
2019-11-08,-0.0102458039297788,0.0096063188403588,0.0102458039297788,0.0001049764981674,38,0.013860995087597429,-0.004254676247238628
2019-11-11,0.0085714161085332,0.0173188294769613,0.0085714161085332,7.346917410562317e-05,38,0.013373676499043701,0.0039451529779176
2019-11-13,-0.0085553665281085,0.0216160279637521,0.0085553665281085,7.319429643028053e-05,38,0.013369004889243462,0.008247023074508636
2019-11-14,0.003799933370297,0.0160905895375557,0.003799933370297,1.443949361869689e-05,38,0.011984410234936337,0.004106179302619363
2019-11-15,0.0003505872299604,0.0125242388307689,0.0003505872299604,1.229114058113566e-07,38,0.010979580989949812,0.0015446578408190876
2019-11-18,-0.0017457761200048,0.0101988942197457,0.0017457761200048,3.0477342611793268e-06,38,0.011386065771372305,-0.0011871715516266045
2019-11-19,-4.42928378624394e-05,0.0104253220003897,4.42928378624394e-05,1.961855485908345e-09,38,0.01089033339227301,-0.0004650113918833101
2019-11-20,0.0044540788529285,0.0132617955832561,0.0044540788529285,1.983881842810556e-05,38,0.012174920490561791,0.0010868750926943081
2019-11-21,0.0003146950291899,0.0123402259593994,0.0003146950291899,9.903296139686376e-08,38,0.01096912295148996,0.0013711030079094407
2019-11-22,-0.0027804849199133,0.0107716575966262,0.0027804849199133,7.731096389865812e-06,38,0.011687479774628445,-0.000915822178002245
2019-11-25,0.0130853300334978,0.0124081843657818,0.0130853300334978,0.0001712258620855,38,0.014687185303295132,-0.0022790009375133324
2019-11-26,-0.0020120328166334,0.0098324664327165,0.0020120328166334,4.048276055209966e-06,38,0.011463630931805227,-0.0016311644990887279
2019-11-27,0.0097558143745543,0.0141027989019475,0.0097558143745543,9.517591411076067e-05,38,0.013718397709023515,0.0003844011929239853
2019-11-28,0.0038573540714996,0.0110335977912164,0.0038573540714996,1.4879180432914802e-05,38,0.012001133794341614,-0.0009675360031252134
2019-11-29,-0.0040542729989029,0.0115045258845818,0.0040542729989029,1.643712954963388e-05,38,0.012058484765574772,-0.0005539588809929715
2019-12-02,-0.0091758514377378,0.0113600806078245,0.0091758514377378,8.419624960743552e-05,38,0.013549604857495633,-0.0021895242496711327
2019-12-03,-0.0053011574507192,0.0107306865496936,0.0053011574507192,2.810227031731616e-05,38,0.012421596510609726,-0.001690909960916127
2019-12-04,0.0081604253860467,0.0138016504286927,0.0081604253860467,6.659254248123555e-05,38,0.013254044975930569,0.0005476054527621312
2019-12-05,-0.000766395759701,0.0093756989831994,0.000766395759701,5.873624604877213e-07,38,0.011100733181176173,-0.0017250341979767724
2019-12-06,-0.0111908044736547,0.0089343298313419,0.0111908044736547,0.0001252341047675,38,0.01413598563103763,-0.005201655799695731
2019-12-09,-0.0017912157615396,0.0104503826579481,0.0017912157615396,3.208453904388097e-06,38,0.01139930330419562,-0.0009489206462475197
2019-12-10,-0.0071127399536077,0.0099650435223528,0.0071127399536077,5.059106964764797e-05,38,0.012949055980361456,-0.0029840124580086565
2019-12-11,0.0071191555108129,0.0099123014704099,0.0071191555108129,5.068237518713776e-05,38,0.012950923718334126,-0.003038622247924226
2019-12-12,0.0109089504761645,0.0103570648910697,0.0109089504761645,0.0001190052004914,38,0.014053970899631833,-0.0036969060085621334
2019-12-13,0.0099429068409378,0.0090851981860881,0.0099429068409378,9.88613964475682e-05,38,0.01377284662714863,-0.004687648441060529
2019-12-16,-0.0023623526027202,0.0101483198484942,0.0023623526027202,5.580709819579177e-06,38,0.011565681182252225,-0.0014173613337580254
2019-12-17,0.0079211774008911,0.0104112765077319,0.0079211774008911,6.274505141638884e-05,38,0.013184401637977766,-0.0027731251302458657
2019-12-18,0.0011401065060205,0.0109920289139552,0.0011401065060205,1.29984284507047e-06,38,0.011209614161909699,-0.00021758524795449825
2019-12-19,0.0050616141064159,0.010074252511969,0.0050616141064159,2.561993736226858e-05,38,0.012351842236449842,-0.0022775897244808416
2019-12-20,0.0021255168891592,0.0113294837476132,0.0021255168891592,4.517822046101406e-06,38,0.011496690011057784,-0.00016720626344458346
2019-12-23,0.0004241392166159,0.0101755955718987,0.0004241392166159,1.7989407507154952e-07,38,0.01100101194777841,-0.00082541637587971
2019-12-24,0.0046553638623535,0.0128767944238796,0.0046553638623535,2.1672412690907213e-05,38,0.012233538653423349,0.0006432557704562514
2019-12-26,0.0003850044381931,0.0131983826000477,0.0003850044381931,1.48228417428397e-07,38,0.01098960921048797,0.0022087733895597306
2019-12-27,0.0056056151180535,0.0097145395375775,0.0056056151180535,3.1422920851750834e-05,38,0.012510250615371315,-0.002795711077793816
2019-12-30,0.0064991386924087,0.0145095136819435,0.0064991386924087,4.223880374316421e-05,38,0.012770413532201307,0.001739100149742193
2019-12-31,-0.002368291703756,0.0075080124842829,0.002368291703756,5.60880559407984e-06,38,0.011567411239380798,-0.004059398755097898
2020-01-01,0.0057612547082591,0.0103767768162621,0.0057612547082591,3.319205581343792e-05,38,0.01255556953090278,-0.002178792714640679
2020-01-02,0.0082107352193505,0.0108787568320727,0.0082107352193505,6.741617284228404e-05,38,0.013268689534881596,-0.0023899327028088953
2020-01-03,-0.0008849464405911,0.0116205103716118,0.0008849464405911,7.831302027148732e-07,38,0.011135273585738261,0.0004852367858735381
2020-01-06,-0.0180409407906866,0.0149870640953996,0.0180409407906866,0.000325475544613,38,0.016128368955942215,-0.0011413048605426156
2020-01-07,0.0090381956322197,0.0107992222787592,0.0090381956322197,8.168898028627644e-05,38,0.01350953960798048,-0.002710317329221279
2020-01-08,-0.0013511610014644,0.0095086431795202,0.0013511610014644,1.8256360518784432e-06,38,0.011271102840900575,-0.001762459661380375
2020-01-09,0.0166354168605736,0.0126814408580295,0.0166354168605736,0.000276737094125,38,0.015719707402613785,-0.003038266544584285
2020-01-10,0.0028659142670488,0.0081103428301607,0.0028659142670488,8.21346458607426e-06,38,0.011712363874880703,-0.0036020210447200024
2020-01-13,0.0041469714290813,0.0103092264839972,0.0041469714290813,1.7197372033616816e-05,38,0.012085481909783084,-0.0017762554257858849
2020-01-14,0.0040216786602433,0.0105638140687399,0.0040216786602433,1.6173899246256783e-05,38,0.0120489920378466,-0.0014851779691067001
2020-01-15,0.0007839332741811,0.0081286716872743,0.0007839332741811,6.145513783683909e-07,38,0.011105842866477155,-0.0029771711792028546
2020-01-16,0.0045397641193036,0.0120049056468772,0.0045397641193036,2.060945825891705e-05,38,0.012199873909792625,-0.00019496826291542403
2020-01-17,0.0065416315948525,0.0114103538981678,0.0065416315948525,4.279294392277341e-05,38,0.012782785259428707,-0.001372431361260907
2020-01-20,-0.008706156716593,0.0133236455108212,0.008706156716593,7.579716477387889e-05,38,0.013412895568154061,-8.925005733286147e-05
2020-01-21,-0.004206610453971,0.0090211419482743,0.004206610453971,1.7695571511458397e-05,38,0.012102850790872595,-0.0030817088425982957
2020-01-22,-0.0029175640215158,0.0078995341671697,0.0029175640215158,8.512179819643787e-06,38,0.011727408431477411,-0.0038278742643077113
2020-01-23,0.0078577464673097,0.0097044952030386,0.0078577464673097,6.174417954451914e-05,38,0.01316593700751881,-0.003461441804480209
2020-01-24,0.0028613471437002,0.0077258935493183,0.0028613471437002,8.187307476761596e-06,38,0.011711033557088808,-0.003985140007770508
2020-01-27,0.0003946696424456,0.0121846576631097,0.0003946696424456,1.557641266681858e-07,38,0.010992425375354149,0.0011922322877555517
2020-01-28,-0.0022272006810811,0.0103606965260229,0.0022272006810811,4.960422873808478e-06,38,0.011526311148392905,-0.001165614622370005
2020-01-29,0.0114473302957434,0.0162579963758407,0.0114473302957434,0.0001310413708998,38,0.014210627776819933,0.002047368599020766
2020-01-30,-0.0056060648084816,0.0137729478644182,0.0056060648084816,3.142796263689675e-05,38,0.012510381556865032,0.0012625663075531667
2020-01-31,-0.0069829801159229,0.0186057990383668,0.0069829801159229,4.876201129937471e-05,38,0.012911279146039898,0.0056945198923269
2020-02-03,-0.0083242591680475,0.0303448351160204,0.0083242591680475,6.929329069682427e-05,38,0.013301734587934074,0.017043100528086323
2020-02-04,0.0196947125250825,0.0170233144023072,0.0196947125250825,0.0003878817014456,38,0.016609117344251943,0.0004141970580552566
2020-02-05,0.0106784985038485,0.0167863410602424,0.0106784985038485,0.0001140303302966,38,0.013986911134424436,0.002799429925817965
2020-02-06,0.0015911138513186,0.0143812195113603,0.0015911138513186,2.531643287858052e-06,38,0.011341008803248427,0.0030402107081118727
2020-02-07,0.0033699397492945,0.0107533132505253,0.0033699397492945,1.1356493913875148e-05,38,0.011859172420358314,-0.001105859169833013
2020-02-10,-0.0007357044166903,0.0125667214071389,0.0007357044166903,5.412609887377386e-07,38,0.011091791003115782,0.001474930404023118
2020-02-11,0.0014993043056245,0.0115983430871251,0.0014993043056245,2.247913400864417e-06,38,0.011314261985335285,0.0002840811017898147
2020-02-12,0.0054863312890269,0.0134107922293832,0.0054863312890269,3.009983101295557e-05,38,0.012475517121414237,0.0009352751079689629
2020-02-13,0.0050704336055987,0.0144407274405576,0.0050704336055987,2.5709296948784746e-05,38,0.012354410484157743,0.0020863169563998564
2020-02-14,-0.0017953745301062,0.0145186871852097,0.0017953745301062,3.2233697033542696e-06,38,0.01140051483806289,0.00311817234714681
2020-02-17,-0.0046405923869342,0.0163585883408285,0.0046405923869342,2.1535097701671904e-05,38,0.012229236958774283,0.004129351382054218
2020-02-18,-5.115552282910842e-05,0.0129853562233914,5.115552282910842e-05,2.616887515919433e-09,38,0.010892333068500463,0.002093023154890938
2020-02-19,0.0177600759342363,0.0164390268422782,0.0177600759342363,0.0003154202971898,38,0.016046712160923432,0.000392314681354769
2020-02-20,-0.0010761936711049,0.0125929786670118,0.0010761936711049,1.1581928177262472e-06,38,0.011190993457530824,0.0014019852094809757
2020-02-24,-0.0195280728433968,0.0122314897813695,0.0195280728433968,0.000381345628977,38,0.01656068001172626,-0.00432919023035676
2020-02-25,-0.0025013157311863,0.0140808841144889,0.0025013157311863,6.256580387080328e-06,38,0.011606160734507364,0.0024747233799815357
2020-02-26,-0.0104870338778773,0.0143601569454122,0.0104870338778773,0.0001099778795557,38,0.0139311949176381,0.0004289620277741005
2020-02-27,-0.0055650173490202,0.0115273021929969,0.0055650173490202,3.096941809489597e-05,38,0.012498429269307196,-0.0009711270763102971
2020-02-28,-0.0466329216614372,0.0216716429361542,0.0466329216614372,0.0021746293826817,38,0.024425971856467936,-0.0027543289203137353
2020-03-02,-0.0085635214921646,0.0164902278906688,0.0085635214921646,7.333390034676535e-05,38,0.01337137858549115,0.0031188493051776487
2020-03-03,0.0212207065146301,0.0147481245745404,0.0212207065146301,0.00045031838498,38,0.01705263257062666,-0.0023045079960862594
2020-03-04,-0.0086975261619577,0.0212838847884679,0.0086975261619577,7.564696133793993e-05,38,0.013410383484739665,0.007873501303728237
2020-03-05,0.0050533925987939,0.0142375005916881,0.0050533925987939,2.553677675754585e-05,38,0.012349448121979054,0.0018880524697090454
2020-03-06,-0.0202888119694555,0.0173263307393025,0.0202888119694555,0.0004116358911319,38,0.01678179662362847,0.0005445341156740287
2020-03-09,-0.0469278133323027,0.0165722341779342,0.0469278133323027,0.0022022196641514,38,0.024511396381252243,-0.007939162203318043
2020-03-11,-0.0118725155632413,0.0173828796704139,0.0118725155632413,0.0001409566257994,38,0.014334340024335831,0.003048539646078067
2020-03-12,-0.0870541821356295,0.0317834654014581,0.0870541821356295,0.0075784306273033,38,0.0361056928699988,-0.004322227468540697
2020-03-13,0.0336580604601534,0.0270383307111596,0.0336580604601534,0.0011328650339393,38,0.020664263673955886,0.006374067037203713
2020-03-16,-0.0627899159258022,0.0226060242454428,0.0627899159258022,0.0039425735419693,38,0.02910167727958872,-0.006495653034145919
2020-03-17,-0.0236675319926466,0.0288488332116143,0.0236675319926466,0.0005601520706229,38,0.017763601351861398,0.011085231859752902
2020-03-18,-0.0464887403940208,0.0281730873377608,0.0464887403940208,0.0021612029834226,38,0.024384204124103123,0.003788883213657678
2020-03-19,-0.02401929069209,0.0330216515174978,0.02401929069209,0.0005769263253511,38,0.017865793179565784,0.015155858337932017
2020-03-20,0.0522443284693917,0.040824955451463,0.0522443284693917,0.0027294698572177,38,0.026050946444315326,0.014774009007147676
2020-03-23,-0.1225630613932939,0.0426416100312546,0.1225630613932939,0.0150217040180963,38,0.04631685773341498,-0.003675247702160378
2020-03-24,0.0292347360238061,0.0356400457553219,0.0292347360238061,0.0008546697903816,38,0.01938043888736173,0.01625960686796017
2020-03-25,0.0454415513327165,0.0382461715357627,0.0454415513327165,0.0020649345875239,38,0.024080822203718242,0.014165349332044459
2020-03-26,0.0375024297753447,0.0300722198534501,0.0375024297753447,0.0014064322390546,38,0.021779473547319492,0.008292746306130607
2020-03-27,-0.0081141063710754,0.0315079120046346,0.0081141063710754,6.583872220112711e-05,38,0.013240562012395075,0.018267349992239522
2020-03-30,-0.0175866867511846,0.0283125892032866,0.0175866867511846,0.0003092915508842,38,0.01599630069895391,0.012316288504332688
2020-03-31,0.0354162698728249,0.023625283323261,0.0354162698728249,0.0012543121717047,38,0.02117436799740464,0.0024509153258563607
2020-04-01,-0.0236592536631524,0.0205154509933202,0.0236592536631524,0.0005597602838973,38,0.017761196303387634,0.002754254689932567
2020-04-03,-0.0072047755893303,0.0357761192682411,0.0072047755893303,5.1908791292610285e-05,38,0.012975849838646638,0.022800269429594462
2020-04-07,0.085508188519713,0.0327050579028993,0.085508188519713,0.0073116503039227,38,0.03566007311983308,-0.0029550152169337818
2020-04-08,0.010846137825723,0.0215375170687696,0.010846137825723,0.0001176387057345,38,0.014035693089570775,0.007501823979198826
2020-04-09,0.0444075429162698,0.0296151302518118,0.0444075429162698,0.0019720298678603,38,0.023781219649375622,0.0058339106024361785
2020-04-13,-0.0026529590535154,0.0284694845751594,0.0026529590535154,7.038191739629398e-06,38,0.011650333187174872,0.016819151387984527
2020-04-15,-0.0032870740816093,0.022099911325875,0.0032870740816093,1.0804856017987912e-05,38,0.011835036601673109,0.010264874724201891
2020-04-16,0.020674627873038,0.021432244988622,0.020674627873038,0.0004274402376886,38,0.016893929904541746,0.004538315084080254
2020-04-17,0.022230626132938,0.0229002899974601,0.022230626132938,0.0004942007382624,38,0.017346109167119414,0.005554180830340687
2020-04-20,0.0060667662462138,0.0241812861183527,0.0060667662462138,3.680565268619955e-05,38,0.012644525381081137,0.011536760737271562
2020-04-21,-0.0201622586539152,0.031041628790526,0.0201622586539152,0.0004065166740273,38,0.016745014069684667,0.014296614720841334
2020-04-22,0.0196197646633213,0.0198538305531763,0.0196197646633213,0.0003849351654441,38,0.016587332295211317,0.0032664982579649823
2020-04-23,0.0075790760387341,0.0223593089409383,0.0075790760387341,5.744239360091455e-05,38,0.013084814810993385,0.009274494129944915
2020-04-24,-0.0140873068550439,0.0296222474657919,0.0140873068550439,0.0001984522144281,38,0.014978650949950836,0.014643596515841063
2020-04-27,0.017720054952269,0.0187669069925724,0.017720054952269,0.0003140003475114,38,0.016035076490732592,0.002731830501839807
2020-04-28,0.0072468204010373,0.0210133968608494,0.0072468204010373,5.251640592489181e-05,38,0.012988090024358816,0.008025306836490583
2020-04-29,0.0090774652635376,0.0204439733166025,0.0090774652635376,8.24003756107329e-05,38,0.013520969254999474,0.006923004061603025
2020-04-30,0.0180471739586573,0.0247381651271103,0.0180471739586573,0.000325700487894,38,0.016130181113462438,0.008607984013647863
2020-05-04,-0.0442502668116305,0.0274615198570433,0.0442502668116305,0.0019580861129004,38,0.023735645694961623,0.0037258741620816785
2020-05-05,-0.0112361494445345,0.0152321940204721,0.0112361494445345,0.0001262510543399,38,0.01414917997792967,0.0010830140425424298
2020-05-06,0.0043597078049392,0.0180743894862989,0.0043597078049392,1.900705214444789e-05,38,0.012147437272609023,0.0059269522136898775
2020-05-07,-0.003719091661928,0.011863388439734,0.003719091661928,1.3831642789822565e-05,38,0.011960865193206596,-9.747675347259593e-05
2020-05-08,0.0009042589974915,0.0224263786868756,0.0009042589974915,8.176843345443426e-07,38,0.01114090035879927,0.011285478328076328
2020-05-11,0.0021171960495027,0.0193220638924757,0.0021171960495027,4.482519112030007e-06,38,0.011494266080701365,0.007827797811774336
2020-05-12,0.0026260383902007,0.0170857347980319,0.0026260383902007,6.896077626807978e-06,38,0.011642491480523804,0.005443243317508095
2020-05-13,0.0217625444926509,0.0239540805329271,0.0217625444926509,0.0004736083427946,38,0.017210092064984098,0.006743988467943003
2020-05-14,-0.0127400758395817,0.0170307799209668,0.0127400758395817,0.0001623095323982,38,0.01458674562630716,0.002444034294659638
2020-05-15,-0.0039053125457983,0.0116109589203009,0.0039053125457983,1.525146608037026e-05,38,0.01201510142430557,-0.0004041425040046693
2020-05-18,-0.0298740744372815,0.0246066824584189,0.0298740744372815,0.0008924603234842,38,0.019566044416701418,0.005040638041717484
2020-05-19,0.0116886811528274,0.0208425245410136,0.0116886811528274,0.0001366252670924,38,0.01428085222475972,0.00656167231625388
2020-05-20,0.0240540911472579,0.014328307343633,0.0240540911472579,0.0005785993009205,38,0.017875903052920254,-0.003547595709287253
2020-05-21,0.0055600933772745,0.0189891202367958,0.0055600933772745,3.0914638364012546e-05,38,0.012496995492496317,0.006492124744299483
2020-05-22,-0.0035614759835584,0.0215588493708699,0.0035614759835584,1.2684111181463835e-05,38,0.011914959148440915,0.009643890222428984
2020-05-26,0.0076005074296602,0.0224926540684911,0.0076005074296602,5.77677131883211e-05,38,0.013091053684297872,0.009401600384193227
2020-05-27,0.0161939288395175,0.0255085643291516,0.0161939288395175,0.0002622433312593,38,0.01559132818514934,0.00991723614400226
2020-05-28,0.0096303837064435,0.014604912498878,0.0096303837064435,9.274429033333436e-05,38,0.013681893311309989,0.0009230191875680121
2020-05-29,0.0118905456120315,0.0180632370058269,0.0118905456120315,0.0001413850749518,38,0.014339585916240785,0.003723651089586116
2020-06-01,0.0252058044937265,0.0258358108342051,0.0252058044937265,0.0006353325801759,38,0.018210462171969734,0.007625348662235368
2020-06-02,0.0153270606432758,0.0215552398714185,0.0153270606432758,0.0002349187879626,38,0.015339233046876915,0.006216006824541586
2020-06-03,0.0024409587404567,0.0127532464188165,0.0024409587404567,5.958279572611982e-06,38,0.0115885790063547,0.0011646674124618003
2020-06-04,0.0005966005431908,0.0201023067838855,0.0005966005431908,3.5593220813556815e-07,38,0.011051261502245488,0.00905104528164001
2020-06-05,0.0136172517717807,0.0188025118216911,0.0136172517717807,0.000185429545816,38,0.014841920896583625,0.003960590925107477
2020-06-08,0.0058718788971277,0.018607982034948,0.0058718788971277,3.447896178253459e-05,38,0.012587780388937517,0.006020201646010484
2020-06-09,-0.0036566331029999,0.0170976333567511,0.0036566331029999,1.3370965649954929e-05,38,0.011942674056613142,0.005154959300137957
2020-06-10,0.0038789058658604,0.0108935090077285,0.0038789058658604,1.5045910716206554e-05,38,0.012007410640933927,-0.0011139016332054278
2020-06-11,-0.0164349318537033,0.0121622672561706,0.0164349318537033,0.0002701069850358,38,0.015661409740134895,-0.003499142483964296
2020-06-12,0.0063143665064711,0.0125859337158762,0.0063143665064711,3.987122437804426e-05,38,0.012716616698779284,-0.00013068298290308533
2020-06-15,-0.007825401224431,0.0200714375813974,0.007825401224431,6.123690432332637e-05,38,0.013156521309162117,0.006914916272235283
2020-06-16,0.0021774967300448,0.0172312672076107,0.0021774967300448,4.741492009355923e-06,38,0.011511832117414541,0.00571943509019616
2020-06-17,0.0002323583424088,0.0114479925815012,0.0002323583424088,5.399039928700673e-08,38,0.010945132040249952,0.0005028605412512478
2020-06-18,0.0186445276166853,0.0230986169330556,0.0186445276166853,0.0003476184100493,38,0.016303842080369488,0.006794774852686113
2020-06-19,0.0179271443530182,0.0202720548403364,0.0179271443530182,0.0003213825046539,38,0.01609528487695337,0.00417676996338303
2020-06-22,0.0112959233430297,0.0151184115612849,0.0112959233430297,0.0001275978841716,38,0.014166572697461584,0.0009518388638233167
2020-06-23,0.0183869803370421,0.0146928175027644,0.0183869803370421,0.0003380810459147,38,0.016228970257766682,-0.0015361527550022819
2020-06-24,-0.0149560828221316,0.017113590902734,0.0149560828221316,0.0002236844133824,38,0.015231340107237406,0.0018822507954965942
2020-06-25,0.0004261682703751,0.0160790595946922,0.0004261682703751,1.816193946745066e-07,38,0.01100160315356371,0.005077456441128491
2020-06-26,0.0029902336525885,0.0198779934534181,0.0029902336525885,8.941497297072873e-06,38,0.0117485754996891,0.008129417953729002
2020-06-29,-0.0122696869736057,0.0114748292540627,0.0122696869736057,0.0001505452184302,38,0.014449895386583762,-0.002975066132521062
2020-06-30,-0.0060209087100894,0.0122520326123326,0.0060209087100894,3.625134169523103e-05,38,0.0126311732508751,-0.0003791406385424984
2020-07-01,0.0090888959415478,0.0203963893879036,0.0090888959415478,8.260802943628444e-05,38,0.013524296207553155,0.006872093180350444
2020-07-02,0.0102635186737583,0.0141204979788554,0.0102635186737583,0.0001053398155665,38,0.013866150290875436,0.0002543476879799649
2020-07-03,0.0094551312679515,0.0126886054028858,0.0094551312679515,8.939950729419418e-05,38,0.01363088820038485,-0.0009422827974990503
2020-07-06,0.0154304447582476,0.017809428533915,0.0154304447582476,0.0002380986254373,38,0.015369299762362142,0.0024401287715528595
2020-07-07,0.006979594932214,0.0182012744471726,0.006979594932214,4.871474541778837e-05,38,0.012910293613135513,0.005290980834037088
2020-07-08,-0.0071435708220965,0.0168966022576588,0.0071435708220965,5.10306040903093e-05,38,0.012958031645915835,0.003938570611742966
2020-07-09,0.0086257854877286,0.0137378063281758,0.0086257854877286,7.440417528031087e-05,38,0.013389501922412837,0.00034830440576296383
2020-07-10,-0.0058205207772235,0.0152245204152165,0.0058205207772235,3.387846211809097e-05,38,0.012572826308901358,0.002651694106315142
2020-07-13,0.0039698786175967,0.0166318974142105,0.0039698786175967,1.575993623845157e-05,38,0.012033905789206255,0.004597991625004244
2020-07-14,-0.0115659529358657,0.015491846600909,0.0115659529358657,0.0001337712673146,38,0.01424514297819279,0.0012467036227162102
2020-07-15,-0.0026507550124563,0.0160695895590225,0.0026507550124563,7.026502136062228e-06,38,0.011649691174141597,0.004419898384880903
2020-07-16,0.0047154304159881,0.0177706443530143,0.0047154304159881,2.223528400802611e-05,38,0.012251030931967275,0.005519613421047025
2020-07-17,0.0170308846416205,0.0144489715906097,0.0170308846416205,0.0002900510316761,38,0.0158346984769763,-0.0013857268863666002
2020-07-20,0.0080213125253265,0.0171434813163003,0.0080213125253265,6.434145462896005e-05,38,0.013213550493835798,0.003929930822464503
2020-07-21,0.0044726600640707,0.016972316275364,0.0044726600640707,2.000468804873304e-05,38,0.012180331767408261,0.004791984507955739
2020-07-22,0.002118397888356,0.0206007053795102,0.002118397888356,4.487609613391509e-06,38,0.011494616186591802,0.0091060891929184
2020-07-23,0.0083958764409859,0.016185143597446,0.0083958764409859,7.049074121230355e-05,38,0.013322581018891494,0.002862562578554507
2020-07-24,-0.0053214980319947,0.015819470646491,0.0053214980319947,2.8318341304523745e-05,38,0.012427519528074027,0.0033919511184169714
2020-07-27,-0.0067158116858778,0.0183175867200989,0.0067158116858778,4.510212660017314e-05,38,0.012833496771986532,0.005484089948112369
2020-07-28,0.0083902355509004,0.0139347054024059,0.0083902355509004,7.039605259959296e-05,38,0.013320939069466969,0.0006137663329389316
2020-07-29,0.0057506351403907,0.0148405183207487,0.0057506351403907,3.306980451789663e-05,38,0.012552477368224624,0.002288040952524077
2020-07-30,-0.0011991252333212,0.0186643167347672,0.0011991252333212,1.4379013251877032e-06,38,0.011226808858824256,0.007437507875942943
2020-07-31,0.0121770980847341,0.0208403137890507,0.0121770980847341,0.0001482817177652,38,0.01442295755006632,0.006417356238984378
2020-08-03,0.0037075752153679,0.0208094107082306,0.0037075752153679,1.3746113977610709e-05,38,0.011957511023843386,0.008851899684387213
2020-08-04,0.0121497365897247,0.0144764703387645,0.0121497365897247,0.0001476160991996,38,0.014414996929467022,6.147340929747898e-05
2020-08-05,0.0013510494482324,0.011823540827722,0.0013510494482324,1.8253346115691087e-06,38,0.011271070341377776,0.0005524704863442247
2020-08-06,0.0063093764634961,0.0108087245559043,0.0063093764634961,3.980823135811882e-05,38,0.01271516381940169,-0.00190643926349739
2020-08-07,0.0035743930699439,0.0178981858070539,0.0035743930699439,1.2776285818463257e-05,38,0.011918721323114521,0.0059794644839393785
2020-08-10,0.0219699593616454,0.0282573040322298,0.0219699593616454,0.0004826791143523,38,0.017270364521934353,0.010986939510295446
2020-08-11,-4.8410044300760806e-05,0.0144449580128096,4.8410044300760806e-05,2.3435323892016236e-09,38,0.010891533080338479,0.0035534249324711206
2020-08-12,-0.0012257548715966,0.0136650053797396,0.0012257548715966,1.5024750052429514e-06,38,0.011234567177708701,0.002430438202030899
2020-08-13,0.006498822908622,0.0138238269577726,0.006498822908622,4.223469919763098e-05,38,0.01277032159210983,0.0010535053656627706
2020-08-14,-0.0069893506881333,0.0173167774685705,0.0069893506881333,4.8851023041709474e-05,38,0.01291313381782134,0.00440364365074916
2020-08-17,0.0091899561760075,0.0149586111414029,0.0091899561760075,8.445529451693924e-05,38,0.013553710056600094,0.0014049010848028055
2020-08-18,0.0096719367226851,0.0110345355327515,0.0096719367226851,9.354635996762464e-05,38,0.013693986651950487,-0.002659451119198986
2020-08-19,0.0079869614611202,0.0134110172053473,0.0079869614611202,6.379155338142005e-05,38,0.013203551104490658,0.00020746610085664238
2020-08-20,-0.0026157276742669,0.0140402965369255,0.0026157276742669,6.842031265925878e-06,38,0.011639488070204406,0.002400808466721093
2020-08-21,0.010289712441605,0.0146989866440287,0.010289712441605,0.0001058781821309,38,0.01387377297098925,0.0008252136730394505
2020-08-24,0.0182275161065033,0.027969371242809,0.0182275161065033,0.0003322423434128,38,0.01618261104311493,0.011786760199694067
2020-08-25,0.0139692081729666,0.0266673009832144,0.0139692081729666,0.0001951387769796,38,0.014944299054398067,0.011723001928816333
2020-08-26,0.0077182933312559,0.0168007284076125,0.0077182933312559,5.9572051947310174e-05,38,0.013125341935430133,0.003675386472182367
2020-08-27,0.0036762177232439,0.0142504662763696,0.0036762177232439,1.3514576748693242e-05,38,0.011948378118052091,0.002302088158317509
2020-08-28,0.0006795611710665,0.0181853569250983,0.0006795611710665,4.618033852213033e-07,38,0.011075433112709443,0.0071099238123888565
2020-08-31,-0.0343553580489205,0.0169749714380674,0.0343553580489205,0.0011802906266695,38,0.020866582129352957,-0.003891610691285557
2020-09-01,0.017547499899267,0.0196305377374827,0.017547499899267,0.0003079147527147,38,0.015984907296111416,0.0036456304413712837
2020-09-02,0.0125856542386785,0.015864755084582,0.0125856542386785,0.0001583986926155,38,0.014541820636655463,0.0013229344479265357
2020-09-03,0.0090527777705967,0.0155247575039552,0.0090527777705967,8.195278536381062e-05,38,0.013513783827913501,0.0020109736760416993
2020-09-04,-0.0183051230893914,0.0098817152636205,0.0183051230893914,0.0003350775313177,38,0.016205172950716967,-0.006323457687096468
2020-09-07,0.0017045568349958,0.0144507400559472,0.0017045568349958,2.905514003730909e-06,38,0.01137405765297406,0.00307668240297314
2020-09-08,-0.0067801119626198,0.0150749950974674,0.0067801119626198,4.596991822566109e-05,38,0.012852217141281059,0.0022227779561863406
2020-09-09,-0.0046321404275309,0.0173391019692707,0.0046321404275309,2.1456724940366657e-05,38,0.012226775606720176,0.005112326362550525
2020-09-10,0.0145207705636994,0.013822071599682,0.0145207705636994,0.0002108527777636,38,0.01510473013512752,-0.0012826585354455203
2020-09-11,0.0067544771762739,0.0115937493214672,0.0067544771762739,4.562296192480504e-05,38,0.012844753852936189,-0.0012510045314689886
2020-09-14,0.00827502614153,0.0233466104511615,0.00827502614153,6.847605764300567e-05,38,0.01328740367850934,0.01005920677265216
2020-09-15,0.0090995436283021,0.0126126665703289,0.0090995436283021,8.280169424337504e-05,38,0.013527395262538962,-0.0009147286922100619
2020-09-16,0.0061976558727911,0.0097835784946176,0.0061976558727911,3.8410938317543246e-05,38,0.012682635496786488,-0.0028990570021688884
2020-09-17,-0.0054085308359595,0.0112641004501968,0.0054085308359595,2.925220580352528e-05,38,0.012452862626563421,-0.0011887621763666204
2020-09-18,0.0075101089649332,0.021269702338981,0.0075101089649332,5.64017366651715e-05,38,0.013064737753394872,0.008204964585586129
2020-09-21,-0.032717611068159,0.016032130958674,0.032717611068159,0.0010704420740073,38,0.02039136751136726,-0.004359236552693262
2020-09-22,-0.0090034500328901,0.0177988320464358,0.0090034500328901,8.106211249474887e-05,39,0.01349942665905587,0.004299405387379929
2020-09-23,0.0047260960962893,0.0202877030636676,0.0047260960962893,2.2335984311361617e-05,39,0.012254136923801005,0.008033566139866595
2020-09-24,-0.0278267822340953,0.020447839478525,0.0278267822340953,0.0007743298095037,39,0.018971645078322566,0.0014761944002024338
2020-09-25,0.02983804038854,0.0150821304330248,0.02983804038854,0.0008903086542281,39,0.019555583813496372,-0.004473453380471573
2020-09-28,0.0236501280918996,0.019031915428384,0.0236501280918996,0.0005593285587632,39,0.017758545108459495,0.001273370319924503
2020-09-29,-0.0040851882183869,0.0153181910923281,0.0040851882183869,1.6688762779647862e-05,39,0.012067488433306543,0.0032507026590215572
2020-09-30,0.0010769150129287,0.0126772098344885,0.0010769150129287,1.159745945071322e-06,39,0.011191203617914956,0.0014860062165735436
2020-10-01,0.0105164070151726,0.0139721165900418,0.0105164070151726,0.0001105948165087,39,0.013939742588968105,3.23740010736949e-05
2020-10-05,0.0052580416053377,0.0172990161180135,0.0052580416053377,2.764700152346264e-05,39,0.012409041465319948,0.00488997465269355
2020-10-06,0.0064801817106982,0.0153395659164877,0.0064801817106982,4.199275500366803e-05,39,0.012764894222030256,0.0025746716944574435
2020-10-07,-0.0014805899914138,0.0147339899552577,0.0014805899914138,2.1921467226748714e-06,39,0.011308809918116745,0.003425180037140955
2020-10-08,0.0033162593849239,0.0171327510827035,0.0033162593849239,1.0997576308096268e-05,39,0.011843537269972811,0.0052892138127306875
2020-10-09,-0.0012285388176636,0.0144775336753531,0.0012285388176636,1.5093076265063396e-06,39,0.011235378255252894,0.0032421554201002064
2020-10-12,-0.0027223965420007,0.0127622067021796,0.0027223965420007,7.411442931897441e-06,39,0.01167055947681501,0.001091647225364591
2020-10-13,-0.0018464909584563,0.0154645110686833,0.0018464909584563,3.409528859661134e-06,39,0.01141540604180218,0.004049105026881121
2020-10-14,0.0070666412893351,0.0155095378932389,0.0070666412893351,4.993741911213565e-05,39,0.01293563539880201,0.00257390249443689
2020-10-15,-0.0201325672328477,0.0129895679134793,0.0201325672328477,0.0004053202633851,39,0.016736384212859844,-0.0037468162993805447
2020-10-16,0.0079386843286131,0.0132708360143524,0.0079386843286131,6.302270886936813e-05,39,0.013189497847272205,8.133816708019541e-05
2020-10-19,0.0058730207220287,0.0164029594540986,0.0058730207220287,3.4492372401378914e-05,39,0.012588112856031244,0.0038148465980673563
2020-10-20,0.0037744705408942,0.0076052463116795,0.0037744705408942,1.4246627864078524e-05,39,0.011976994244898719,-0.0043717479332192185
2020-10-21,-0.0014329805017327,0.0110119834610409,0.0014329805017327,2.0534331183463507e-06,39,0.011294939721660784,-0.0002829562606198842
2020-10-22,0.0034347937151268,0.0141139773217129,0.0034347937151268,1.179780786547494e-05,39,0.011878061897025696,0.0022359154246872036
2020-10-23,0.0026937672689444,0.0094375668299855,0.0026937672689444,7.256382099236472e-06,39,0.01166222014162892,-0.0022246533116434195
2020-10-26,-0.0149972488891877,0.012668728841454,0.0149972488891877,0.0002249174742442,39,0.015243312843890853,-0.0025745840024368524
2020-10-27,0.0147555914955059,0.0167014843141468,0.0147555914955059,0.0002177274803822,39,0.015173028338201822,0.001528455975944979
2020-10-28,-0.0061861757656469,0.0153848282175246,0.0061861757656469,3.826877060347743e-05,39,0.012679292948153023,0.0027055352693715774
2020-10-29,0.0008127124548552,0.0178942234174851,0.0008127124548552,6.605015342767769e-07,39,0.011114227870561641,0.006779995546923458
2020-10-30,0.000155105561716,0.0152707004980006,0.000155105561716,2.4057735275238272e-08,39,0.010922622231171535,0.004348078266829066
2020-11-02,0.0018899095818491,0.0202233761746838,0.0018899095818491,3.571758227565056e-06,39,0.011428054651362462,0.008795321523321338
2020-11-03,0.0045941536693905,0.0167223803647566,0.0045941536693905,2.110624793797472e-05,39,0.012215713194755427,0.004506667170001172
2020-11-04,0.0055960252620431,0.0139236833340472,0.0055960252620431,3.13154987334251e-05,39,0.012507458225805306,0.0014162251082418947
2020-11-05,0.019387863508898,0.0153717413062574,0.019387863508898,0.0003758892514396,39,0.01651992443230386,-0.001148183126046462
2020-11-06,0.007357097391184,0.012129206066983,0.007357097391184,5.412688202336728e-05,39,0.01302019381830341,-0.0008909877513204097
2020-11-09,0.0092271674908065,0.0161810346072071,0.0092271674908065,8.514061990339806e-05,39,0.01356454041463629,0.0026164941925708105
2020-11-10,0.0007776681659235,0.0330293327580254,0.0007776681659235,6.047677762908453e-07,39,0.01110401748186845,0.021925315276156952
2020-11-11,0.01702601627175,0.0184176643209275,0.01702601627175,0.0002898852300858,39,0.015833282924541572,0.0025843813963859277
2020-11-12,0.0052898033891545,0.0145636830861288,0.0052898033891545,2.79820198959106e-05,39,0.012418290290527195,0.002145392795601605
2020-11-13,0.0083431338134791,0.0141678838730277,0.0083431338134791,6.960788182961841e-05,39,0.013307228657669815,0.0008606552153578844
2020-11-14,0.004127292607642,0.0057765432003841,0.004127292607642,1.703454426909646e-05,39,0.01207975074958629,-0.006303207549202191
2020-11-17,0.0097058011088608,0.0204650694505216,0.0097058011088608,9.420257516476448e-05,39,0.013703842293275256,0.006761227157246346
2020-11-18,0.009276128728702,0.0214412082668043,0.009276128728702,8.604656419145093e-05,39,0.01357879051245454,0.007862417754349761
2020-11-19,-0.0076030674446765,0.0155501840865331,0.0076030674446765,5.780663456829987e-05,39,0.013091798926891647,0.0024583851596414533
2020-11-20,0.0139294906413149,0.0200387762975328,0.0139294906413149,0.0001940307095264,39,0.014932746122882938,0.005106030174649863
2020-11-23,0.0128834451081268,0.0203849489891381,0.0128834451081268,0.0001659831578541,40,0.014628454446495933,0.005756494542642168
2020-11-24,0.0081071287043217,0.0123117422170601,0.0081071287043217,6.572553582843749e-05,40,0.013238530882408756,-0.000926788665348656
2020-11-25,-0.0145782735828467,0.0125605615105567,0.0145782735828467,0.0002125260606563,40,0.015121455205045634,-0.0025608936944889332
2020-11-26,0.0136124551814604,0.012273946584109,0.0136124551814604,0.0001852989360672,40,0.014840525618497313,-0.0025665790343883128
2020-11-27,0.0110433555339616,0.0202851788271471,0.0110433555339616,0.0001219557014494,40,0.014093080852244477,0.006192097974902621
2020-12-01,0.0157674504848033,0.0189668002375763,0.0157674504848033,0.0002486124947907,40,0.015467306847332643,0.003499493390243658
2020-12-02,0.010605037576515,0.0175275430445994,0.010605037576515,0.0001124668219992,40,0.013965534158432833,0.0035620088861665674
2020-12-03,0.0134041419759416,0.0196874780701104,0.0134041419759416,0.0001796710221112,40,0.014779928671289947,0.004907549398820455
2020-12-04,0.0163450128592742,0.0225551266618266,0.0163450128592742,0.0002671594453698,40,0.015635262335628737,0.006919864326197862
2020-12-07,0.0107143594745557,0.017787208178031,0.0107143594745557,0.00011479749895,40,0.013997346530361802,0.0037898616476691963
2020-12-08,-0.0037872400923337,0.013468700063236,0.0037872400923337,1.4343187516980118e-05,40,0.01198071335010728,0.0014879867131287194
2020-12-09,0.0020309259934411,0.011482466811587,0.0020309259934411,4.124660390834799e-06,40,0.011469134741376513,1.333207021048631e-05
2020-12-10,-0.0064999837020946,0.014598791247037,0.0064999837020946,4.224978812749544e-05,40,0.012770659555795457,0.0018281316912415434
2020-12-11,0.0009027377618038,0.0109169577636321,0.0009027377618038,8.149354665865621e-07,40,0.011140457142579488,-0.00022349937894738763
2020-12-14,0.0067522896191064,0.0127314852648062,0.0067522896191064,4.559341510029323e-05,40,0.01284411696842628,-0.00011263170362007906
2020-12-15,0.0057963573742067,0.0194068344939314,0.0057963573742067,3.359775880952125e-05,41,0.01256579055348612,0.0068410439404452805
2020-12-16,0.0139974567385546,0.0161874796563206,0.0139974567385546,0.0001959287951477,41,0.014952515888141626,0.001234963768178974
2020-12-17,2.002458516777325e-05,0.0133817805646997,2.002458516777325e-05,4.0098401114140437e-10,41,0.010883261999269395,0.002498518565430305
2020-12-18,0.000138064799187,0.015516964889715,0.000138064799187,1.9061888774572292e-08,41,0.010917656887927006,0.004599308001787995
2020-12-21,-0.0351981789776774,0.019442534165537,0.0351981789776774,0.0012389118033446,41,0.02111110002265055,-0.0016685658571135471
2020-12-22,0.0164687419367193,0.0143268640759265,0.0164687419367193,0.0002712194609782,41,0.015671241245359617,-0.0013443771694331176
2020-12-23,0.0174873179210566,0.0131647914232924,0.0174873179210566,0.0003058062880721,41,0.015967409544754382,-0.0028026181214619826
2020-12-24,0.007490419157385,0.0118663287302424,0.007490419157385,5.610637915332137e-05,41,0.01305900580665624,-0.0011926770764138402
2020-12-28,0.0111787835664878,0.0141288210261724,0.0111787835664878,0.0001249652020263,41,0.014132487810093883,-3.6667839214826747e-06
2020-12-29,-0.0018135533022557,0.0075589764797359,0.0018135533022557,3.288975580122774e-06,41,0.011405810676723622,-0.0038468341969877225
2020-12-30,0.0017615949183019,0.0073584115529477,0.0017615949183019,3.103216656187271e-06,41,0.011390674131881648,-0.004032262578933948
2020-12-31,0.0019481154613787,0.0082545433538859,0.0019481154613787,3.795153850862896e-06,41,0.01144501094125454,-0.0031904675873686405
2021-01-01,0.0086141029096013,0.0095931502065285,0.0086141029096013,7.42027689372024e-05,41,0.013386101455943617,-0.0037929512494151163
2021-01-04,0.0138409816833241,0.0146627906702869,0.0138409816833241,0.0001915727739581,41,0.014907000662367914,-0.00024420999208101327
2021-01-05,0.00823729454883,0.0133819834858567,0.00823729454883,6.785302148418489e-05,41,0.013276420584049006,0.00010556290180769451
2021-01-06,0.0017996048804366,0.0164348242839023,0.0017996048804366,3.238577725691265e-06,41,0.011401747224507236,0.005033077059395066
2021-01-07,0.0015246620091843,0.0167941612550132,0.0015246620091843,2.3245942422499143e-06,41,0.01132164946006206,0.005472511794951141
2021-01-08,0.0084841459271028,0.0123900169259014,0.0084841459271028,7.198073211237638e-05,41,0.01334827433639773,-0.0009582574104963302
2021-01-11,0.0004620720250749,0.0195259106673339,0.0004620720250749,2.1351055635684579e-07,41,0.011012064412683818,0.008513846254650083
2021-01-12,0.0006050137866586,0.018263142890923,0.0006050137866586,3.660416820469993e-07,41,0.011053712816767224,0.007209430074155778
2021-01-13,-0.0048927530258998,0.0156952184432687,0.0048927530258998,2.393903217245177e-05,41,0.012302669160383188,0.003392549282885512
2021-01-14,0.0054995830723811,0.01299517170089,0.0054995830723811,3.024541397002161e-05,41,0.012479375848909543,0.0005157958519804579
2021-01-15,-0.0082502973611721,0.0120356747421679,0.0082502973611721,6.80674065477648e-05,41,0.013280205511401176,-0.0012445307692332767
2021-01-18,-0.0173996457448707,0.015116430105099,0.0173996457448707,0.000302747672047,41,0.015941918854700348,-0.0008254887496013472
2021-01-19,0.0196354988332684,0.0136296473011279,0.0196354988332684,0.0003855528144312,41,0.016591905753720864,-0.0029622584525929637
2021-01-20,0.0099006539678744,0.0126581225650161,0.0099006539678744,9.802294899158844e-05,41,0.013760550021041722,-0.0011024274560256214
2021-01-21,-0.0073601741028706,0.0141995942746623,0.0073601741028706,5.417216282456789e-05,41,0.013021089503043764,0.001178504771618535
2021-01-22,-0.0133553850005517,0.0167266286012386,0.0133553850005517,0.0001783663085129,41,0.01476574535810147,0.0019608832431371303
2021-01-25,-0.0062669471606065,0.0145689447427327,0.0062669471606065,3.92746267138339e-05,41,0.012702810250022558,0.001866134492710142
2021-01-27,-0.0144041139659219,0.0172802373457248,0.0144041139659219,0.0002074784991432,41,0.015070799550804958,0.0022094377949198416
2021-01-28,-0.0067913789009664,0.0140946424881398,0.0067913789009664,4.6122827376492354e-05,41,0.01285549737987253,0.0012391451082672707
2021-01-29,-0.0142163393675028,0.0142910670589491,0.0142163393675028,0.000202104305012,41,0.01501618263700163,-0.0007251155780525296
2021-02-01,0.0360777659914105,0.0301682655914595,0.0360777659914105,0.0013016051989309,41,0.02136625683218298,0.00880200875927652
2021-02-02,0.0194564412926817,0.0211820420339849,0.0194564412926817,0.0003785531077755,41,0.016539858482148062,0.004642183551836838
2021-02-03,0.0121988905212654,0.0131070760343527,0.0121988905212654,0.0001488129299498,41,0.014429297875589305,-0.0013222218412366048
2021-02-04,0.0152918261440112,0.0184934925542451,0.0152918261440112,0.0002338399468186,41,0.015328985874331316,0.003164506679913786
2021-02-05,0.0055674507098071,0.0203815660693852,0.0055674507098071,3.099650740613213e-05,41,0.012499137822248358,0.00788242824713684
2021-02-08,0.0183596918988033,0.0145620319497706,0.0183596918988033,0.0003370782866189,41,0.01622103706746954,-0.0016590051176989407
2021-02-09,0.0054102271964912,0.0186253009468766,0.0054102271964912,2.927055831765379e-05,41,0.012453356587362038,0.006171944359514561
2021-02-10,0.0096644870733587,0.0166367940933417,0.0096644870733587,9.340231039111868e-05,41,0.013691818555317276,0.0029449755380244226
2021-02-11,0.0144187388590426,0.0252547193099059,0.0144187388590426,0.0002079000302852,41,0.01507505335513575,0.010179665954770151
2021-02-12,0.0049990456825177,0.0204691422639974,0.0049990456825177,2.499045773589968e-05,41,0.012333622162308464,0.008135520101688935
2021-02-15,0.0091686470243199,0.0225642836416299,0.0091686470243199,8.406408825657048e-05,41,0.013547508002495703,0.009016775639134196
2021-02-16,0.0037413501495786,0.0152754407137987,0.0037413501495786,1.3997700941752356e-05,41,0.011967347972353484,0.0033080927414452163
2021-02-17,0.0016007124091274,0.0168282975695618,0.0016007124091274,2.562280216734459e-06,41,0.011343805127397506,0.0054844924421642936
2021-02-18,0.002944809770004,0.0160769080671836,0.002944809770004,8.671904581511352e-06,41,0.011735344542433688,0.004341563524749912
2021-02-19,-0.0102341413427633,0.0137493891730903,0.0102341413427633,0.0001047376490236,41,0.01385760112844884,-0.00010821195535854096
2021-02-22,-0.0138106260127046,0.0170806463124546,0.0138106260127046,0.0001907333908627,41,0.014898170747795236,0.0021824755646593624
2021-02-23,0.0094707924189128,0.0142770428079719,0.0094707924189128,8.969590904213714e-05,41,0.013635446235237434,0.0006415965727344652
2021-02-24,0.0073365273512753,0.0162182579906561,0.0073365273512753,5.382463357601088e-05,41,0.013014205510006017,0.003204052480650081
2021-02-25,0.0127432978979314,0.0179432500490709,0.0127432978979314,0.0001623916413154,41,0.014587682991987101,0.0033555670570837998
2021-02-26,-0.0238128637637216,0.0141329797488331,0.0238128637637216,0.0005670524806295,41,0.017805823226128843,-0.003672843477295743
2021-03-01,0.0171877537390863,0.017052571305523,0.0171877537390863,0.0002954188785954,41,0.01588031008584945,0.0011722612196735475
2021-03-02,0.0183710961349117,0.0186652903079395,0.0183710961349117,0.0003374971731981,41,0.016224352466632872,0.002440937841306629
2021-03-03,0.0205629604770241,0.0163111689527326,0.0205629604770241,0.0004228353435796,41,0.016861475523646544,-0.000550306570913945
2021-03-04,0.0019964156308174,0.0192675113226019,0.0019964156308174,3.985675370972133e-06,41,0.01145908144797999,0.007808429874621912
2021-03-05,-0.011119013768048,0.0120082696688478,0.011119013768048,0.000123632467174,41,0.014115096028453043,-0.0021068263596052423
2021-03-08,0.0005546163227313,0.0124405375669802,0.0005546163227313,3.075992654400146e-07,41,0.011039028782007522,0.001401508784972678
2021-03-09,-0.0006026195067215,0.0132527146920536,0.0006026195067215,3.6315026988138203e-07,41,0.011053015210547655,0.0021996994815059456
2021-03-10,0.0083987675055289,0.0127273803096353,0.0083987675055289,7.053929561192925e-05,41,0.013323422549067687,-0.0005960422394323869
2021-03-12,-0.0053728590677597,0.0110530020305338,0.0053728590677597,2.8867614562008467e-05,41,0.01244247539108036,-0.00138947336054656
2021-03-15,-0.0050441486267792,0.0120367055983328,0.0050441486267792,2.5443435369039448e-05,41,0.012346756261511405,-0.000310050663178605
2021-03-16,0.0026978480213899,0.0141928364228748,0.0026978480213899,7.278383946517428e-06,41,0.011663408813609564,0.0025294276092652362
2021-03-17,-0.0199392802090256,0.014735199140785,0.0199392802090256,0.000397574895254,41,0.016680204259296037,-0.0019450051185110374
2021-03-18,-0.0125688120375683,0.0146530318439582,0.0125688120375683,0.0001579750360357,41,0.014536920779241505,0.00011611106471669588
2021-03-19,0.014401293257189,0.0158832714351661,0.014401293257189,0.0002073972474795,41,0.015069979117039245,0.0008132923181268532
2021-03-22,0.0056209813605836,0.0183541996982358,0.0056209813605836,3.1595431456029234e-05,41,0.012514724975388792,0.005839474722847009
2021-03-23,0.010790741346866,0.0160752479359306,0.010790741346866,0.0001164400988149,41,0.014019573186882059,0.0020556747490485423
2021-03-24,-0.0184766515148231,0.0135255637677783,0.0184766515148231,0.0003413866512002,41,0.016255038928198687,-0.0027294751604203873
2021-03-25,-0.019846005851874,0.0108139058993905,0.019846005851874,0.0003938639482726,41,0.01665309305918044,-0.005839187159789939
2021-03-26,0.0115228599206045,0.0151405443184979,0.0115228599206045,0.0001327763007498,41,0.014232604418407985,0.0009079399000899158
2021-03-30,0.0149617603369417,0.0161062667043057,0.0149617603369417,0.00022385427238,41,0.015232991359000093,0.0008732753453056085
2021-03-31,-0.0013767357645461,0.0121208419258786,0.0013767357645461,1.895401365380454e-06,41,0.011278553689663772,0.0008422882362148273
2021-04-01,0.0143153898285414,0.0139993740793246,0.0143153898285414,0.0002049303859431,41,0.015044993033105946,-0.0010456189537813472
2021-04-05,-0.0119762763805074,0.0179282912784768,0.0119762763805074,0.0001434311959422,41,0.014364529355240683,0.0035637619232361164
2021-04-06,0.018118708464847,0.0204891070572041,0.018118708464847,0.0003282875964341,41,0.016150978108213396,0.004338128948990702
2021-04-07,0.0101706722667063,0.0129963867205342,0.0101706722667063,0.0001034425743567,41,0.013839130744106925,-0.0008427440235727248
2021-04-08,0.0049253655851259,0.0114351054531119,0.0049253655851259,2.4259226147142875e-05,41,0.01231216615946227,-0.0008770607063503695
2021-04-09,0.0021433953668424,0.0124542246849021,0.0021433953668424,4.594143698601768e-06,41,0.011501898152971379,0.0009523265319307216
2021-04-12,-0.0443108630071594,0.0258601908676464,0.0443108630071594,0.0019634525804392,41,0.023753204783460897,0.002106986084185504
2021-04-13,0.0112378930966792,0.0205347605783909,0.0112378930966792,0.0001262902412523,41,0.014149687339230738,0.006385073239160162
2021-04-15,0.0027958905772067,0.0132497502381148,0.0027958905772067,7.817004119713256e-06,41,0.011691967197422649,0.0015577830406921511
2021-04-16,0.0088641940936889,0.0132012874494302,0.0088641940936889,7.857393693059057e-05,41,0.013458894805608274,-0.0002576073561780731
2021-04-19,-0.0167071102859427,0.0148897553050776,0.0167071102859427,0.0002791275341066,41,0.01574055428738206,-0.0008507989823044598
2021-04-20,0.0035139974236272,0.0136227031908989,0.0035139974236272,1.2348177893259266e-05,41,0.011901130696324515,0.001721572494574386
2021-04-22,0.0043815918074663,0.0134528891081813,0.0043815918074663,1.9198346767256628e-05,41,0.012153810472350488,0.001299078635830812
2021-04-23,0.0011238129697527,0.0114963215246471,0.0011238129697527,1.2629555909845357e-06,41,0.01120486713075343,0.00029145439389367117
2021-04-26,0.0107991384100769,0.0140257264888828,0.0107991384100769,0.0001166213903999,41,0.014022016667820813,3.7098210619868066e-06
2021-04-27,0.0187865819366753,0.0181001958574897,0.0187865819366753,0.0003529356608634,41,0.01634513779700159,0.0017550580604881114
2021-04-28,0.0084816230893439,0.0156677492514385,0.0084816230893439,7.193793022969155e-05,41,0.013347539997426196,0.0023202092540123044
2021-04-29,0.0032959770587169,0.0109441402585549,0.0032959770587169,1.086346477158872e-05,41,0.011837629733924472,-0.0008934894753695726
2021-04-30,-0.0056368177142366,0.0166638880470967,0.0056368177142366,3.177371394353252e-05,41,0.012519336213895962,0.004144551833200737
2021-05-03,0.0049215260579451,0.0138058533210725,0.0049215260579451,2.4221418739033608e-05,41,0.012311048065043363,0.0014948052560291372
2021-05-04,-0.0112595900804028,0.0140994958568951,0.0112595900804028,0.0001267783687787,41,0.014156000636161745,-5.650477926664489e-05
2021-05-05,0.0077409206472308,0.0148896898325596,0.0077409206472308,5.992185246672473e-05,41,0.013131928838139134,0.0017577609944204667
2021-05-06,0.0032508215501859,0.0101814105089471,0.0032508215501859,1.0567840751153565e-05,41,0.011824477451309275,-0.0016430669423621747
2021-05-07,-5.576642028006361e-06,0.0101660775484456,5.576642028006361e-06,3.10989363085269e-11,41,0.010879052082195775,-0.0007129745337501742
2021-05-10,0.0098851934460781,0.0142649436921027,0.0098851934460781,9.771704946638556e-05,41,0.013756050619702581,0.0005088930724001187
2021-05-11,-0.0013791299026295,0.0108122745159596,0.0013791299026295,1.901999288326948e-06,41,0.011279251187017666,-0.0004669766710580659
2021-05-12,-0.0043745610919072,0.011120243337001,0.0043745610919072,1.913678474682877e-05,41,0.012151762944121132,-0.0010315196071201318
2021-05-14,-0.0060338161860424,0.0167329420069568,0.0060338161860424,3.640693776694837e-05,41,0.012634931469686349,0.004098010537270451
2021-05-17,0.0125859073202727,0.0157886324162126,0.0125859073202727,0.0001584050630744,41,0.014541894264941336,0.0012467381512712636
2021-05-18,0.0227133589757886,0.0211327566470356,0.0227133589757886,0.000515896675963,41,0.01748637531373896,0.003646381333296641
2021-05-19,0.0008599912434396,0.0142373741630865,0.0008599912434396,7.395849387929402e-07,41,0.011128002791896623,0.003109371371189877
2021-05-20,-0.0042112833147021,0.0093144026144532,0.0042112833147021,1.7734907156688306e-05,41,0.012104211678915101,-0.002789809064461902
2021-05-21,0.0109247997948629,0.0092529078339392,0.0109247997948629,0.0001193512505578,41,0.014058582859291674,-0.004805675025352474
2021-05-24,0.0049451619338094,0.0121507422078528,0.0049451619338094,2.4454626551597924e-05,41,0.012317930971951734,-0.00016718876409893384
2021-05-25,0.0055595824797267,0.0150190977093938,0.0055595824797267,3.0908957348885004e-05,41,0.012496846727770662,0.002522250981623137
2021-05-26,0.0048221585575403,0.0112978609591649,0.0048221585575403,2.3253213154059503e-05,41,0.012282111438263441,-0.000984250479098541
2021-05-27,0.0001434840052524,0.0115486860706703,0.0001434840052524,2.058765976329456e-08,41,0.010919235939201005,0.0006294501314692957
2021-05-28,-0.0031161552600584,0.0142573676478005,0.0031161552600584,9.710423604789707e-06,41,0.011785253243963303,0.0024721144038371973
2021-05-31,0.0064467855623908,0.0101909314276946,0.0064467855623908,4.156104408745152e-05,41,0.012755170928115624,-0.0025642395004210235
2021-06-01,0.001648851250011,0.0120345483818651,0.001648851250011,2.718710444663016e-06,41,0.011357829246424693,0.0006767191354404064
2021-06-02,0.009521939726373,0.0148903364790836,0.009521939726373,9.06673361526818e-05,41,0.01365033212935611,0.0012400043497274894
2021-06-03,0.011978698523186,0.0136965784849286,0.011978698523186,0.0001434892183093,41,0.014365234075794488,-0.0006686555908658881
2021-06-04,0.0039864408625509,0.0134711299828895,0.0039864408625509,1.5891710750616023e-05,41,0.012038729389409308,0.0014324005934801924
2021-06-07,0.0112566045619453,0.0230304942888916,0.0112566045619453,0.000126711146264,41,0.014155131923594515,0.008875362365297085
2021-06-08,0.0121200897134527,0.018411044391735,0.0121200897134527,0.0001468965746621,41,0.014406371363633333,0.004004673028101667
2021-06-09,-0.0077942967274396,0.0117109203363255,0.0077942967274396,6.075106147537697e-05,41,0.013147466755904525,-0.0014365464195790247
2021-06-10,0.0114350570842262,0.0083451716434298,0.0114350570842262,0.0001307605305195,41,0.014207056655500448,-0.005861885012070649
2021-06-11,-0.001222358337288,0.0081176451230032,0.001222358337288,1.4941599047376211e-06,41,0.011233577627730265,-0.0031159325047270658
2021-06-14,-0.0045900588559373,0.0132550902179083,0.0045900588559373,2.1068640300968973e-05,41,0.012214520709931318,0.0010405695079769815
2021-06-15,0.0014823516413142,0.0103708698652854,0.0014823516413142,2.1973663885071847e-06,41,0.011309323142579436,-0.0009384532772940355
2021-06-16,-0.0084087821516469,0.0107923743113193,0.0084087821516469,7.07076172738571e-05,41,0.013326337606818525,-0.0025339632954992242
2021-06-17,-0.0105051907338904,0.0134548064271939,0.0105051907338904,0.0001103590323554,41,0.013936478621078238,-0.0004816721938843381
2021-06-18,-0.00270721239186,0.0182627457702553,0.00270721239186,7.328998934640374e-06,41,0.0116661365349261,0.0065966092353292
2021-06-21,0.0092531849104138,0.0134848298260071,0.0092531849104138,8.562143098630995e-05,41,0.013572112758041469,-8.728293203436911e-05
2021-06-22,0.0047497505360417,0.0113682923134027,0.0047497505360417,2.2560130154629063e-05,41,0.01226102540506705,-0.0008927330916643494
2021-06-23,-0.0056260192113424,0.0065359600723913,0.0056260192113424,3.165209216639472e-05,41,0.01251619190064305,-0.005980231828251749
2021-06-24,-0.0011321004579362,0.0110008362772834,0.0011321004579362,1.2816514468594591e-06,41,0.011207281645544114,-0.00020644536826071487
2021-06-25,0.0076437576881134,0.0116455200363589,0.0076437576881134,5.842703159459418e-05,41,0.013103644177908708,-0.0014581241415498082
2021-06-28,0.0015100325633037,0.0102944976834955,0.0015100325633037,2.28019834223769e-06,41,0.01131738745782897,-0.0010228897743334714
2021-06-29,-0.0005926948649887,0.0085903092622946,0.0005926948649887,3.512872029840283e-07,41,0.011050123528156675,-0.002459814265862075
2021-06-30,-0.0032148553708928,0.0095236346767485,0.0032148553708928,1.033529505575839e-05,41,0.011814001658422885,-0.0022903669816743844
2021-07-01,-0.0015982221220061,0.0121939843873085,0.0015982221220061,2.554313951269925e-06,41,0.011343079638521112,0.0008509047487873875
2021-07-02,0.0100379771836708,0.0171571327049358,0.0100379771836708,0.0001007609859398,41,0.013800514154154576,0.003356618550781223
2021-07-05,0.0064706804586474,0.0121412089955628,0.0064706804586474,4.18697055979216e-05,41,0.012762127935114316,-0.0006209189395515163
2021-07-06,-0.0043544440477507,0.0152735333434485,0.0043544440477507,1.896118296499185e-05,41,0.012145904324836414,0.0031276290186120857
2021-07-07,0.0063671707080264,0.0075267615001016,0.0063671707080264,4.054086282515009e-05,41,0.012731990886620043,-0.005205229386518444
2021-07-08,-0.0063721046335361,0.0079814546401786,0.0063721046335361,4.060371746073244e-05,41,0.012733427416692877,-0.004751972776514277
2021-07-09,0.002181776743821,0.0075795018286192,0.002181776743821,4.7601497598784224e-06,41,0.011513078912223043,-0.003933577083603843
2021-07-12,0.0008352829206231,0.0078758215498393,0.0008352829206231,6.976975574847115e-07,41,0.011120803903496136,-0.003244982353656835
2021-07-13,0.0027671899835012,0.0086445084785643,0.0027671899835012,7.657340404789549e-06,41,0.011683607164283478,-0.003039098685719178
2021-07-14,0.0010838084046582,0.0116889043175186,0.0010838084046582,1.1746406580078802e-06,41,0.011193211982210741,0.0004956923353078586
2021-07-15,0.0014624184628737,0.0077073655350926,0.0014624184628737,2.1386677605541606e-06,41,0.011303515969191283,-0.0035961504340986826
2021-07-16,0.0054669965703944,0.0108455259680288,0.0054669965703944,2.988805150070469e-05,41,0.012469887119736064,-0.0016243611517072643
2021-07-19,-0.0076959129889207,0.0107887117283441,0.0076959129889207,5.9227076733039086e-05,41,0.013118826909388747,-0.002330115181044647
2021-07-20,-0.0105328848625176,0.0112454259812039,0.0105328848625176,0.000110941663527,41,0.01394453767835813,-0.0026991116971542307
2021-07-22,0.0189139809430584,0.0210943574620198,0.0189139809430584,0.0003577386751143,41,0.016382172534274195,0.004712184927745604
2021-07-23,-0.0019376261217444,0.0128786053337123,0.0019376261217444,3.754394987666482e-06,41,0.011441955240451461,0.0014366500932608394
2021-07-26,0.0014082936888538,0.0135292599029482,0.0014082936888538,1.983291114065564e-06,42,0.011287747615739129,0.002241512287209072
2021-07-27,-0.0107790065830754,0.0183400598849613,0.0107790065830754,0.0001161869829179,42,0.014016158456390447,0.004323901428570854
2021-07-28,-0.0013172325714237,0.0119648225178652,0.0013172325714237,1.7351016472197312e-06,42,0.011261218231572577,0.0007036042862926233
2021-07-29,0.0017535996414124,0.0165342919580451,0.0017535996414124,3.075111702361986e-06,42,0.011388344934710111,0.00514594702333499
2021-07-30,0.0046159778273713,0.0183338339558245,0.0046159778273713,2.1307251302783573e-05,42,0.012222068779762332,0.006111765176062168
2021-08-02,0.0106684678078235,0.012401739245211,0.0106684678078235,0.0001138162053665,42,0.01398399223448253,-0.0015822529892715303
2021-08-03,0.0090721113658342,0.0109675667876682,0.0090721113658342,8.230320463409817e-05,42,0.013519410976274822,-0.0025518441886066227
2021-08-04,-0.0010137972571705,0.0099136514661522,0.0010137972571705,1.0277848786464436e-06,42,0.0111728144116912,-0.0012591629455390007
2021-08-05,-0.0011356517967537,0.0114298898402612,0.0011356517967537,1.289705003469924e-06,42,0.011208316308105717,0.0002215735321554821
2021-08-06,0.0020006561147676,0.0136035107692455,0.0020006561147676,4.00262488955717e-06,42,0.011460316755486536,0.0021431940137589638
2021-08-09,0.0011969614684639,0.0122070488288405,0.0011969614684639,1.432716756987279e-06,42,0.011226178463179814,0.0009808703656606858
2021-08-10,-0.0063714885273678,0.0115238218713069,0.0063714885273678,4.059586605437965e-05,42,0.012733248035225131,-0.001209426163918231
2021-08-11,-0.0051795436570578,0.0114500759627285,0.0051795436570578,2.6827672495368023e-05,42,0.012386183214800544,-0.000936107252072044
2021-08-12,0.0096091899283967,0.0130667844665269,0.0096091899283967,9.233653108000178e-05,42,0.013675725177023649,-0.0006089407104967488
2021-08-13,0.0030513428836791,0.0078217592595674,0.0030513428836791,9.310693393779667e-06,42,0.011766375128223656,-0.003944615868656257
2021-08-16,-0.0038227127963737,0.0091855305459825,0.0038227127963737,1.4613133123559792e-05,42,0.011991044669953486,-0.0028055141239709865
2021-08-17,0.0013438804284549,0.0111777550084678,0.0013438804284549,1.806014605984343e-06,42,0.01126898174364187,-9.1226735174069e-05
2021-08-18,0.0012312698173414,0.008970832638612,0.0012312698173414,1.5160253630960696e-06,42,0.011236173907070351,-0.0022653412684583516
2021-08-20,-0.0125410234232748,0.0146803891175225,0.0125410234232748,0.0001572772685031,42,0.014528836287941634,0.00015155282958086679
2021-08-23,-0.0150331926442044,0.020910722884469,0.0150331926442044,0.0002259968810777,42,0.015253766673103127,0.005656956211365874
2021-08-24,0.0166774028049098,0.0188679824935904,0.0166774028049098,0.0002781357643172,42,0.015731916022417036,0.003136066471173364
2021-08-25,0.0070734664629522,0.0156520662374732,0.0070734664629522,5.003392780251057e-05,42,0.012937622398333688,0.0027144438391395118
2021-08-26,0.0068369252680634,0.013947542260106,0.0068369252680634,4.674354712108418e-05,42,0.012868757629930313,0.001078784630175687
2021-08-27,0.0095787534918133,0.0106010503292578,0.0095787534918133,9.175251845692588e-05,42,0.013666867075630302,-0.003065816746372501
2021-08-30,0.0193273956556402,0.0151110647455931,0.0193273956556402,0.0003735482228296,42,0.01650234761829735,-0.0013912828727042515
2021-08-31,0.0135985047356468,0.0111427369136436,0.0135985047356468,0.0001849193310454,42,0.01483646757457571,-0.0036937306609321104
2021-09-01,0.0023075924226391,0.0123105109756394,0.0023075924226391,5.324982789021499e-06,42,0.011549729508923986,0.0007607814667154131
2021-09-02,0.0096254510075786,0.013016772967346,0.0096254510075786,9.264930709929684e-05,42,0.013680457724037507,-0.0006636847566915075
2021-09-03,0.0023647643489433,0.0114102238783147,0.0023647643489433,5.592110426033486e-06,42,0.01156638372286249,-0.00015615984454779054
2021-09-06,0.0015067408581812,0.0106936476069563,0.0015067408581812,2.270268013712821e-06,42,0.011316428483003743,-0.0006227808760474428
2021-09-07,-0.0014220105914351,0.0121806589896544,0.0014220105914351,2.022114122153737e-06,42,0.011291743817454047,0.0008889151722003535
2021-09-08,0.0042510000546602,0.0099051074968048,0.0042510000546602,1.8071001464721675e-05,42,0.012115778444865805,-0.0022106709480610044
2021-09-09,0.0032606040112884,0.0085224465907947,0.0032606040112884,1.0631538518430045e-05,42,0.01182732675988686,-0.0033048801690921583
2021-09-13,0.0015544028311518,0.0114754035870007,0.0015544028311518,2.416168161492767e-06,42,0.01133031384140227,0.0001450897455984295
2021-09-14,0.0047321825447932,0.0109095054148064,0.0047321825447932,2.239355163724609e-05,42,0.012255909378909545,-0.0013464039641031458
2021-09-15,0.0079920232846043,0.0110118400584699,0.0079920232846043,6.387243618165879e-05,42,0.013205024573734549,-0.0021931845152646495
2021-09-16,0.0048572262221664,0.0133659228286371,0.0048572262221664,2.3592646573301813e-05,42,0.012292323469374939,0.0010735993592621614
2021-09-17,-0.0056992215615431,0.0117847283181311,0.0056992215615431,3.24811264075585e-05,42,0.012537506912860994,-0.0007527785947298929
2021-09-20,-0.0166487450042868,0.0143922138663766,0.0166487450042868,0.0002771807102177,42,0.01572358295034851,-0.0013313690839719117
2021-09-21,0.007481075856066,0.0114559637007322,0.007481075856066,5.596649596421511e-05,42,0.013056285851029113,-0.0016003221502969133
2021-09-22,0.0035995035492312,0.0095552723772615,0.0035995035492312,1.295642580092852e-05,42,0.011926034875232097,-0.0023707624979705973
2021-09-23,0.0132904823610507,0.0136950437923433,0.0132904823610507,0.0001766369213894,42,0.014746865166938296,-0.0010518213745949953
2021-09-24,-0.0033162591901061,0.0111565665770598,0.0033162591901061,1.099757501596372e-05,42,0.011843537213229236,-0.0006869706361694351
2021-09-27,0.0023709655061582,0.0150481512611489,0.0023709655061582,5.621477431392242e-06,42,0.011568190116248942,0.0034799611448999585
2021-09-28,-0.0082515906256837,0.0117211493093449,0.0082515906256837,6.808874785387178e-05,42,0.013280581961334827,-0.0015594326519899268
2021-09-29,0.0054923484468208,0.0131187490028678,0.0054923484468208,3.0165891461295912e-05,42,0.012477269231459566,0.0006414797714082345
2021-09-30,-0.0005588146743679,0.0111593319445351,0.0005588146743679,3.1227384028892525e-07,42,0.011040252036406862,0.0001190799081282369
2021-10-01,0.0030597777516167,0.01166256343834,0.0030597777516167,9.362239889288826e-06,42,0.011768831988835993,-0.00010626855049599218
2021-10-04,0.0175892143083607,0.017295946629663,0.0175892143083607,0.0003093804599854,42,0.015997035573036087,0.0012989110566269113
2021-10-05,0.0064985124516557,0.0137827124043963,0.0064985124516557,4.223066408432433e-05,42,0.012770231202912529,0.0010124812014837715
2021-10-06,-0.0094863819066223,0.0148485520926291,0.0094863819066223,8.999144167829127e-05,42,0.013639983404279243,0.0012085686883498564
2021-10-07,0.0144807825939436,0.0178398966407711,0.0144807825939436,0.000209693064533,42,0.01509309934279098,0.0027467972979801202
2021-10-08,0.0053586129864368,0.0133561301278849,0.0053586129864368,2.8714733138409204e-05,42,0.012438327072365979,0.0009178030555189211
2021-10-11,0.0090793446054609,0.0178342507041245,0.0090793446054609,8.243449846471326e-05,42,0.01352151624662532,0.004312734457499181
2021-10-12,0.0065667484250381,0.0113606556520319,0.0065667484250381,4.312218487774121e-05,42,0.01279009794553125,-0.001429442293499351
2021-10-13,0.0191381282643241,0.0281905794388528,0.0191381282643241,0.0003662679534617,42,0.016447330454143188,0.011743248984709614
2021-10-14,0.0092837940520544,0.0185586916532244,0.0092837940520544,8.618883200096227e-05,42,0.013581021485874886,0.0049776701673495145
2021-10-18,0.0098671015023041,0.0234950431263426,0.0098671015023041,9.73596920567726e-05,42,0.013750785397214705,0.009744257729127894
2021-10-19,-0.015190048155276,0.0208574914949266,0.015190048155276,0.0002307375629596,42,0.015299385749858094,0.005558105745068504
2021-10-20,-0.0239793182181985,0.0259890708528845,0.0239793182181985,0.0005750077022096,42,0.017854180729617752,0.008134890123266746
2021-10-21,-0.0073716102986807,0.0176539561329915,0.0073716102986807,5.434063839561643e-05,42,0.01302441877722163,0.0046295373557698714
2021-10-22,-0.0114535503264367,0.0175493533747929,0.0114535503264367,0.0001311838150802,42,0.014212437609434938,0.0033369157653579604
2021-10-25,-0.0104191981950588,0.0219381949769027,0.0104191981950588,0.0001085596910279,42,0.013911454409690941,0.008026740567211758
2021-10-26,0.0150544186944076,0.0167150658250187,0.0150544186944076,0.0002266355222265,42,0.015259940004433615,0.0014551258205850858
2021-10-27,-0.001987510974631,0.0150691742982304,0.001987510974631,3.9501998742787146e-06,42,0.011456487404987961,0.0036126868932424387
2021-10-28,-0.0261511253972061,0.0252358175176358,0.0261511253972061,0.0006838813595404,42,0.01848503060676201,0.006750786910873788
2021-10-29,-0.0050125542743676,0.0159790244088998,0.0050125542743676,2.5125700353481068e-05,42,0.01233755590852122,0.0036414685003785807
2021-11-01,0.0119542307978744,0.0130383814341933,0.0119542307978744,0.0001429036339688,42,0.014358115200061602,-0.0013197337658683028
2021-11-02,0.0032111348017814,0.0086377301089449,0.0032111348017814,1.031138671521188e-05,42,0.011812917973445625,-0.0031751878645007257
2021-11-03,0.0003264649466977,0.0120340540517849,0.0003264649466977,1.0657936142235709e-07,42,0.01097255239947559,0.0010615016523093102
2021-11-04,0.0067060895872699,0.0054587014530155,0.0067060895872699,4.497163755248992e-05,42,0.012830666269093294,-0.007371964816077794
2021-11-08,0.0064604124471558,0.0158418372473419,0.0064604124471558,4.173692898736637e-05,42,0.012759138402700076,0.0030826988446418253
2021-11-09,0.0064542266229447,0.0122024468968904,0.0064542266229447,4.165704130032932e-05,42,0.01275733739760341,-0.0005548905007130116
2021-11-10,-0.000751160871077,0.0087928084075509,0.000751160871077,5.642426542372618e-07,42,0.011096294373950221,-0.002303485966399321
2021-11-11,-0.006008306912201,0.0114108333134606,0.006008306912201,3.609975195120303e-05,43,0.012627504029282068,-0.0012166707158214676
2021-11-12,0.0120047537164134,0.0132259994832065,0.0120047537164134,0.0001441141117917,43,0.014372814800752889,-0.0011468153175463892
2021-11-15,0.0096941714478579,0.0161613371074126,0.0096941714478579,9.39769600604645e-05,43,0.013700457687175104,0.0024608794202374967
2021-11-16,-0.0001029931093226,0.0146049890230656,0.0001029931093226,1.0607580567950173e-08,44,0.010907437653576588,0.0036975513694890126
2021-11-17,-0.004475365404553,0.0135688500883477,0.004475365404553,2.002889550427013e-05,44,0.012181119623845918,0.001387730464501781
2021-11-18,-0.0132725075484642,0.0118834118546761,0.0132725075484642,0.000176159456624,44,0.014741636263122472,-0.0028582244084463717
2021-11-22,-0.0288465090371847,0.0182140188217467,0.0288465090371847,0.0008321210836323,45,0.01926772593162484,-0.0010537071098781388
2021-11-23,0.0124229471766138,0.0142964507771608,0.0124229471766138,0.0001543296165529,45,0.014494484265243775,-0.00019803348808297531
2021-11-24,0.0067276558051965,0.0207624809390962,0.0067276558051965,4.526135263319488e-05,45,0.012836945077759359,0.007925535861336841
2021-11-25,0.0077145399892902,0.0137654393463176,0.0077145399892902,5.9514127246358313e-05,45,0.013124249320680353,0.0006411900256372473
2021-11-26,-0.0223125855307523,0.0204246748725235,0.0223125855307523,0.0004978514730671,45,0.017369924447102635,0.003054750425420867
2021-11-29,-0.0096200594932,0.0162381492830253,0.0096200594932,9.254554465270892e-05,45,0.01367888860444682,0.0025592606785784823
2021-11-30,0.0021486949153356,0.0121847160279914,0.0021486949153356,4.616889839189445e-06,45,0.011503441951112806,0.0006812740768785946
2021-12-01,0.0064369547126669,0.0156306169444194,0.0064369547126669,4.143438597292548e-05,45,0.01275230866690545,0.0028783082775139506
2021-12-02,0.009755114731635,0.0102783504119712,0.009755114731635,9.516226342736373e-05,45,0.013718194091803455,-0.0034398436798322544
2021-12-03,-0.0044223231138069,0.0119271808815508,0.0044223231138069,1.955694172291087e-05,45,0.012165672458466644,-0.00023849157691584362
2021-12-06,-0.0223721851647289,0.0075889419581868,0.0223721851647289,0.0005005146690449,45,0.017387242404644183,-0.009798300446457384
2021-12-07,0.0122002351304892,0.0101961995943556,0.0122002351304892,0.0001488457372392,45,0.014429689077730262,-0.0042334894833746615
2021-12-08,0.020096733741286,0.0132133432804391,0.020096733741286,0.0004038787070681,45,0.01672596911109709,-0.0035126258306579904
2021-12-09,0.0030595697593148,0.0121429894915518,0.0030595697593148,9.360967112114194e-06,45,0.011768771406046194,0.0003742180855056069
2021-12-10,-0.0004446689320687,0.0088795663800589,0.0004446689320687,1.977304591471222e-07,45,0.011006993688010764,-0.002127427307951865
2021-12-13,-0.0049036929726731,0.0091299714822373,0.0049036929726731,2.404620477024446e-05,45,0.012305854951617541,-0.003175883469380242
2021-12-14,-0.0005600699804076,0.0126284058178189,0.0005600699804076,3.136783829538166e-07,45,0.011040617789027134,0.0015877880287917655
2021-12-15,-0.0073441917100567,0.0120891206374045,0.0073441917100567,5.393715187406691e-05,45,0.013016436744391536,-0.0009273161069870348
2021-12-16,-0.0029772989556408,0.0097714076840737,0.0029772989556408,8.864309071260154e-06,45,0.011744807920501754,-0.0019734002364280544
2021-12-17,-0.0205712389669266,0.0110426930116144,0.0205712389669266,0.0004231758726343,45,0.016863881552760685,-0.0058211885411462855
2021-12-20,-0.0277476767223829,0.0175238133256058,0.0277476767223829,0.0007699335634898,45,0.01894867496289195,-0.0014248616372861504
2021-12-21,0.0108925258418658,0.0099328032332331,0.0108925258418658,0.0001186471192157,45,0.014049191520446636,-0.004116388287213536
2021-12-22,0.0157374079288561,0.0126394508628741,0.0157374079288561,0.0002476660083192,45,0.015458570121285355,-0.0028191192584112543
2021-12-23,0.0086323037740228,0.0112918791600619,0.0086323037740228,7.451666844700843e-05,45,0.013391399208139166,-0.002099520048077265
2021-12-24,-0.0074512160094625,0.0087962611087555,0.0074512160094625,5.552062001967155e-05,45,0.013047593242892517,-0.004251332134137016
2021-12-27,0.0078541875740103,0.0080542407260748,0.0078541875740103,6.168826244773799e-05,45,0.013164901015748954,-0.005110660289674154
2021-12-28,0.0101246899254852,0.0097250075749449,0.0101246899254852,0.0001025093460872,45,0.013825749151243676,-0.004100741576298776
2021-12-29,0.0019319670254005,0.0107800836581223,0.0019319670254005,3.732496587235146e-06,45,0.011440306659767589,-0.0006602230016452878
2021-12-30,-0.0055802381902275,0.0094410030304862,0.0055802381902275,3.113905825967451e-05,45,0.01250286131375915,-0.003061858283272949
2021-12-31,0.0113606454021045,0.0087709028734563,0.0113606454021045,0.0001290642639523,45,0.014185405061989986,-0.005414502188533687
2022-01-03,0.0131301456901058,0.0137387638148527,0.0131301456901058,0.0001724007258434,45,0.014700222538435314,-0.0009614587235826141
2022-01-04,0.0054403660552767,0.0122548019177196,0.0054403660552767,2.9597582815407227e-05,45,0.012462132661092912,-0.00020733074337331292
2022-01-05,0.0012288457480338,0.0141788984994717,0.0012288457480338,1.5100618724608595e-06,45,0.011235467676627012,0.0029434308228446886
2022-01-06,-0.0063865962961283,0.0097504210985436,0.0063865962961283,4.078861224972047e-05,45,0.012737646710999603,-0.002987225612456002
2022-01-07,0.0016779461624699,0.0106095344403119,0.0016779461624699,2.815503324147486e-06,45,0.011366305323892182,-0.0007567708835802822
2022-01-10,0.0081662148529419,0.013034047553521,0.0081662148529419,6.66870650244094e-05,45,0.013255730221536345,-0.00022168266801534525
2022-01-11,0.0034210921228278,0.0144679281262506,0.0034210921228278,1.1703871312874794e-05,45,0.011874071160660455,0.0025938569655901446
2022-01-12,0.007544256574137,0.0141583855411554,0.007544256574137,5.691580725641012e-05,45,0.013074678511688706,0.0010837070294666944
2022-01-13,0.0057432639910029,0.0112818552303038,0.0057432639910029,3.298508127035138e-05,45,0.012550331064441544,-0.001268475834137743
2022-01-14,0.0025324059726123,0.012823715585913,0.0025324059726123,6.413080010122945e-06,45,0.011615217134434,0.0012084984514790006
2022-01-17,0.0049038384355917,0.0119856282739421,0.0049038384355917,2.4047631402386456e-05,45,0.012305897311436942,-0.00032026903749484206
2022-01-18,-0.013380821414549,0.012425554139123,0.013380821414549,0.000179046381728,45,0.014773144774291355,-0.0023475906351683555
2022-01-19,-0.0058469004717857,0.0165474970179267,0.0058469004717857,3.418624512696795e-05,45,0.012580507366563177,0.003966989651363523
2022-01-20,-0.00872852535076,0.010483007857564,0.00872852535076,7.618715479886059e-05,45,0.013419406362446217,-0.0029363985048822174
2022-01-21,-0.020902977663307,0.0146998997939878,0.020902977663307,0.0004369344751927,45,0.016960294782449023,-0.0022603949884612232
2022-01-24,-0.0439249418652921,0.0271437221114282,0.0439249418652921,0.0019294005178692,45,0.023641373305639098,0.003502348805789101
2022-01-25,0.0095041755419387,0.0177624201724606,0.0095041755419387,9.03293527319866e-05,45,0.01364516205825966,0.004117258114200939
2022-01-27,-0.0185168604889278,0.0175540570600226,0.0185168604889278,0.0003428741223664,45,0.016266728146385655,0.0012873289136369447
2022-01-28,0.0105553494860568,0.015889618341822,0.0105553494860568,0.0001114154027728,45,0.013951074916693104,0.0019385434251288948
2022-01-31,0.0158883417832075,0.0132857880792047,0.0158883417832075,0.00025243940462,45,0.015502463115991754,-0.002216675036787054
2022-02-01,0.0178394982812588,0.0145057585549583,0.0178394982812588,0.000318247698927,45,0.016069803181509513,-0.0015640446265512125
2022-02-02,0.0144625695784082,0.0144968005890954,0.0144625695784082,0.0002091659188102,45,0.015087801935218088,-0.0005910013461226885
2022-02-03,-0.0041737439841343,0.0138111545594761,0.0041737439841343,1.7420138845097338e-05,45,0.01209327899033836,0.0017178755691377393
2022-02-04,-0.0028772637224892,0.0095342406321718,0.0028772637224892,8.278646528752973e-06,45,0.011715669756136044,-0.0021814291239642437
2022-02-07,-0.0132899116688822,0.0141894049690462,0.0132899116688822,0.0001766217521666,45,0.01474669915178847,-0.0005572941827422691
2022-02-08,-0.0040270864521664,0.0142479490214433,0.0040270864521664,1.6217425293222854e-05,45,0.01205056699797024,0.0021973820234730598
2022-02-09,0.009207890922385,0.0104337063805275,0.009207890922385,8.478525523854011e-05,45,0.013558929973176467,-0.003125223592648968
2022-02-10,0.0028955787501502,0.0138319101398264,0.0028955787501502,8.384376298321758e-06,45,0.011721004566656836,0.0021109055731695636
2022-02-11,-0.0186464323818028,0.014782084181808,0.0186464323818028,0.0003476894405691,45,0.016304395807503376,-0.0015223116256953759
2022-02-14,-0.0369493700355446,0.0153377010420136,0.0369493700355446,0.0013652559460236,44,0.02161907007598516,-0.00628136903397156
2022-02-15,0.0235273440818912,0.01805693417924,0.0235273440818912,0.0005535359195477,45,0.01772287314574406,0.0003340610334959422
2022-02-16,0.0043552984004599,0.0141494507606145,0.0043552984004599,1.8968624157049387e-05,45,0.012146153135409732,0.0020032976252047675
2022-02-17,-0.0025186040728914,0.0132948604448735,0.0025186040728914,6.343366475985518e-06,45,0.011611196728585613,0.0016836637162878868
2022-02-18,-0.0098915722240315,0.0102907803381827,0.0098915722240315,9.784320106323208e-05,45,0.013757907005842838,-0.003467126667660138
2022-02-21,-0.0154228298696361,0.016014007489457,0.0154228298696361,0.0002378636811877,45,0.015367085173440827,0.0006469223160161727
2022-02-22,-0.0089531432807554,0.0123508838565265,0.0089531432807554,8.015877460573734e-05,45,0.01348478445016114,-0.00113390059363464
2022-02-23,0.0063103664393241,0.0122313307655736,0.0063103664393241,3.982072459854822e-05,45,0.012715452056563584,-0.0004841212909899844
2022-02-24,-0.0557256309718563,0.0180097343340059,0.0557256309718563,0.0031053459472115,45,0.027058499807841162,-0.009048765473835263
2022-02-25,0.0390713763323656,0.0237468392800298,0.0390713763323656,0.0015265724485053,45,0.022234453195724167,0.001512386084305633
2022-02-28,0.0015838552976707,0.0181342901315454,0.0015838552976707,2.508597603959735e-06,45,0.011338894184505103,0.006795395947040298
2022-03-02,-0.004217233175951,0.0181022083177124,0.004217233175951,1.7785055660342285e-05,45,0.0121059444696215,0.0059962638480908995
2022-03-03,-0.0022257421153553,0.0167399937898477,0.0022257421153553,4.9539279640664924e-06,45,0.011525886261554697,0.005214107528293002
2022-03-04,-0.0190701161655144,0.0150138394940425,0.0190701161655144,0.0003636693305662,45,0.01642756004826869,-0.0014137205542261878
2022-03-07,-0.0265886148551072,0.0181618030938506,0.0265886148551072,0.0007069544399132,45,0.018612088387518568,-0.0004502852936679666
2022-03-08,0.0134353048678482,0.0119849517719123,0.0134353048678482,0.000180507416892,45,0.014788993853036761,-0.002804042081124461
2022-03-09,0.0257755135290323,0.0118010551404224,0.0257755135290323,0.0006643770976853,45,0.018375938047068045,-0.006574882906645645
2022-03-10,0.0155859147557732,0.0114251989450045,0.0155859147557732,0.0002429207387742,45,0.015414513636645857,-0.003989314691641358
2022-03-11,0.0036789852478571,0.0116900500539384,0.0036789852478571,1.353493245395071e-05,45,0.0119491841642331,-0.00025913411029469986
2022-03-14,-0.0016109945280164,0.019463601990534,0.0016109945280164,2.5953033692990693e-06,45,0.011346800587984084,0.008116801402549915
2022-03-15,-0.0097509717784094,0.0134078733562638,0.0097509717784094,9.508145062333736e-05,45,0.01371698836692422,-0.00030911501066041916
2022-03-16,0.0163309780777778,0.0111918843881768,0.0163309780777778,0.0002667008449768,45,0.01563118115676885,-0.004439296768592048
2022-03-17,0.0161799958323429,0.0152762331184904,0.0161799958323429,0.0002617922651346,45,0.0155872765245978,-0.0003110434061073999
2022-03-21,-0.0087713528992095,0.010688975196593,0.0087713528992095,7.693663168247102e-05,45,0.013431872041751997,-0.0027428968451589965
2022-03-22,0.0043458759342828,0.0115239974025755,0.0043458759342828,1.888663763617901e-05,45,0.012143409057415901,-0.0006194116548404009
2022-03-23,-0.0013590823750866,0.0119614324025991,0.0013590823750866,1.8471049022710512e-06,45,0.011273410624625776,0.0006880217779733234
2022-03-24,0.0035381319025396,0.0143693133992367,0.0035381319025396,1.2518377359769112e-05,45,0.011908160037017286,0.002461153362219413
2022-03-25,-0.00295737893956,0.0122961747579624,0.00295737893956,8.746090192153419e-06,45,0.011739005666878279,0.0005571690910841209
2022-03-28,-0.001477563088092,0.0120726691037134,0.001477563088092,2.1831926792920743e-06,45,0.011307928084958053,0.0007647410187553473
2022-03-29,0.0085360874127189,0.0128846991793525,0.0085360874127189,7.286478831757902e-05,45,0.013363393234534815,-0.0004786940551823153
2022-03-30,0.013509297403116,0.0171717564390463,0.013509297403116,0.0001825011163258,45,0.014810517894014573,0.0023612385450317262
2022-03-31,-0.0014566374346775,0.0118508305657245,0.0014566374346775,2.1217926161040564e-06,45,0.01130183176778882,0.0005489987979356795
2022-04-01,0.0205329906644648,0.0148542607921214,0.0205329906644648,0.000421603705627,45,0.016852765189357344,-0.0019985043972359437
2022-04-04,0.0218034918581046,0.0182172100793116,0.0218034918581046,0.0004753922572064,45,0.017221991038731517,0.000995219040580083
2022-04-05,0.010603201345846,0.0199148177396856,0.010603201345846,0.0001124278787805,45,0.013964999816634991,0.005949817923050608
2022-04-06,-0.0023059686147802,0.0126312477607481,0.0023059686147802,5.3174912523516325e-06,45,0.011549256491051837,0.0010819912696962627
2022-04-07,-0.0091222993297656,0.0136658557029302,0.0091222993297656,8.321634506184303e-05,45,0.013534018393388155,0.000131837309542044
2022-04-08,0.0094583222801468,0.0121629233324169,0.0094583222801468,8.945986035512313e-05,45,0.01363181691604512,-0.0014688935836282193
2022-04-11,0.0044504185826803,0.0169436249718236,0.0044504185826803,1.980622556106675e-05,45,0.012173854534039628,0.004769770437783974
2022-04-12,-0.0104654891098947,0.010801272369049,0.0104654891098947,0.0001095264623093,45,0.013924925305344588,-0.0031236529362955873
2022-04-13,0.0011796423568846,0.0100995577179053,0.0011796423568846,1.391556090156333e-06,45,0.01122113267191891,-0.0011215749540136096
2022-04-18,-0.0076261398501085,0.0166684613574102,0.0076261398501085,5.815800901341405e-05,45,0.013098515493620658,0.003569945863789543
2022-04-19,-0.0153283956814619,0.0120889868105161,0.0153283956814619,0.0002349597141674,45,0.015339621312230238,-0.0032506345017141378
2022-04-20,0.0061971656782533,0.012521697180795,0.0061971656782533,3.840486244372079e-05,45,0.0126824927718158,-0.00016079559102080004
2022-04-21,0.0186598421092156,0.0126771818671846,0.0186598421092156,0.0003481897075408,45,0.01630829409539796,-0.003631112228213362
2022-04-22,-0.0105941177356931,0.0154487648206441,0.0105941177356931,0.0001122353305977,45,0.013962356490836962,0.001486408329807138
2022-04-25,-0.0175907491286948,0.01374690068624,0.0175907491286948,0.0003094344549086,45,0.01599748181393931,-0.0022505811276993092
2022-04-26,0.0153651524709885,0.0140640862448138,0.0153651524709885,0.0002360879104567,45,0.015350311159130802,-0.001286224914317003
2022-04-27,-0.0134243727630268,0.013945204332716,0.0134243727630268,0.0001802137840806,45,0.014785813744085212,-0.0008406094113692121
2022-04-28,0.0099307423895506,0.0113526437378449,0.0099307423895506,9.861964440761726e-05,45,0.013769306484796087,-0.0024166627469511866
2022-04-29,-0.0087383116304173,0.0119624962959107,0.0087383116304173,7.635809015028717e-05,45,0.013422254829858753,-0.0014597585339480527
2022-05-02,-0.0010359104360341,0.0133709986060232,0.0010359104360341,1.0731104314845088e-06,44,0.01117925704965007,0.0021917415563731304
2022-05-04,-0.0286897580761375,0.0119079868606015,0.0286897580761375,0.0008231022184673,45,0.01922221526649208,-0.007314228405890579
2022-05-05,-0.0028304992996137,0.0153020526145097,0.0028304992996137,8.011726285114056e-06,45,0.011702048135937625,0.0036000044785720747
2022-05-06,-0.0184506351289798,0.016170187920988,0.0184506351289798,0.0003404259366627,45,0.016247475629717397,-7.728770872939689e-05
2022-05-09,-0.0170281814769411,0.0160405586527897,0.0170281814769411,0.0002899589644116,45,0.015833912490922235,0.00020664616186746518
2022-05-10,-0.0202300969291006,0.0163144277471806,0.0202300969291006,0.0004092568217608,45,0.01676473124730234,-0.0004503035001217383
2022-05-11,-0.0041260521255065,0.0201522771861174,0.0041260521255065,1.7024306142396964e-05,45,0.012079389477384805,0.008072887708732594
2022-05-12,-0.0268292944969924,0.0144645927708706,0.0268292944969924,0.0007198110432063,45,0.01868198474637237,-0.004217391975501769
2022-05-13,0.0138826316661853,0.0265333141213543,0.0138826316661853,0.0001927274619789,45,0.014919115833089977,0.011614198288264323
2022-05-16,0.0124533026890281,0.0224053001687473,0.0124533026890281,0.0001550847478645,45,0.014503315668760456,0.007901984499986844
2022-05-17,0.0292765703044829,0.0166491758593053,0.0292765703044829,0.0008571175687933,45,0.019392584200102318,-0.0027434083407970183
2022-05-18,-0.0018325658790018,0.0169909240120523,0.0018325658790018,3.358297700881684e-06,45,0.011411349406399257,0.005579574605653044
2022-05-19,-0.0276518529415259,0.0146244280054438,0.0276518529415259,0.0007646249710997,45,0.01892085000583252,-0.0042964220003887214
2022-05-20,0.0270793451210744,0.0193729231049625,0.0270793451210744,0.0007332909321862,45,0.018754600319213454,0.0006183227857490467
2022-05-23,-0.0034695295938755,0.0162226896046213,0.0034695295938755,1.2037635602778024e-05,45,0.01188817906526818,0.004334510539353119
2022-05-24,-0.0083676582152146,0.0184816514050279,0.0083676582152146,7.001770400664896e-05,45,0.013314367250436266,0.005167284154591632
2022-05-25,-0.0221126249175777,0.0208543816390653,0.0221126249175777,0.0004889681807454,46,0.017311820637776223,0.003542561001289076
2022-05-26,0.0048440965428637,0.014851081665412,0.0048440965428637,2.346527131658426e-05,46,0.012288499989513412,0.0025625816758985884
2022-05-27,0.0174833134043761,0.0134121366538314,0.0174833134043761,0.0003056662475956,46,0.01596624523741349,-0.0025541085835820883
2022-05-30,0.0307680660307243,0.0257374411110241,0.0307680660307243,0.000946673887271,46,0.019825553014606322,0.005911888096417777
2022-05-31,0.0007414106836552,0.0198058012761827,0.0007414106836552,5.496898018381687e-07,46,0.011093453574055301,0.008712347702127398
2022-06-01,-0.0064519143256018,0.0109651065883462,0.0064519143256018,4.162719846490698e-05,46,0.012756664170985244,-0.0017915575826390438
2022-06-02,0.0049475648792013,0.0145824229478697,0.0049475648792013,2.4478398233907017e-05,46,0.012318630722728405,0.002263792225141295
2022-06-03,-0.0114879444525423,0.0118146598040104,0.0114879444525423,0.0001319728677446,46,0.014222445189132604,-0.002407785385122204
2022-06-06,-0.006105293233791,0.0114265263348254,0.006105293233791,3.727460547057524e-05,46,0.012655743049576626,-0.001229216714751227
2022-06-07,-0.0131372697297696,0.0144697763012776,0.0131372697297696,0.0001725878559527,46,0.014702294972159208,-0.00023251867088160821
2022-06-08,-0.0033664487362375,0.0114715775609202,0.0033664487362375,1.133297709371518e-05,46,0.011858155617595892,-0.0003865780566756922
2022-06-09,0.0077424462461564,0.0083105960617477,0.0077424462461564,5.994547387462199e-05,46,0.01313237294545244,-0.004821776883704739
2022-06-10,-0.008129665818604,0.0111061001744719,0.008129665818604,6.60914663221796e-05,46,0.013245091207752352,-0.002138991033280453
2022-06-13,-0.0259218729603831,0.0134847512027665,0.0259218729603831,0.0006719434977742,46,0.018418447232685688,-0.004933696029919188
2022-06-14,0.0003728197886713,0.0124807875651896,0.0003728197886713,1.3899459482492654e-07,46,0.01098605894627457,0.0014947286189150293
2022-06-15,0.0049432925242187,0.0103646101425214,0.0049432925242187,2.443614097999681e-05,46,0.01231738658955874,-0.0019527764470373393
2022-06-16,-0.0212367292058008,0.0108439443727274,0.0212367292058008,0.0004509986673605,46,0.01705728895892865,-0.006213344586201248
2022-06-17,-0.0148165547642157,0.0190671366066701,0.0148165547642157,0.000219530295081,46,0.015190759315278555,0.0038763772913915466
2022-06-20,-0.0051986169363345,0.0190048548025166,0.0051986169363345,2.70256180507444e-05,46,0.012391737288843494,0.006613117513673106
2022-06-21,0.0254064222861012,0.0135265602493455,0.0254064222861012,0.0006454862933797,46,0.018268734327212738,-0.004742174077867237
2022-06-22,-0.0157525111142762,0.0113222652662957,0.0157525111142762,0.0002481416064053,46,0.015462962308061746,-0.004140697041766046
2022-06-23,0.0149536723937549,0.0136059448503432,0.0149536723937549,0.0002236123180597,46,0.015230639056468603,-0.0016246942061254026
2022-06-24,0.011589976497883,0.0114853823679672,0.011589976497883,0.0001343275552214,46,0.014252132964872195,-0.0027667505969049943
2022-06-27,0.0109517204271459,0.0140126525619242,0.0109517204271459,0.0001199401803143,46,0.01406641641605088,-5.376385412667918e-05
2022-06-28,-0.0041481190598475,0.0135462952739681,0.0041481190598475,1.7206891734670342e-05,46,0.012085816139514202,0.0014604791344538983
2022-06-29,-0.0101259881186778,0.0122248411012143,0.0101259881186778,0.0001025356353796,46,0.013826126947173561,-0.0016012858459592619
2022-06-30,-0.0064877986125204,0.013910794532367,0.0064877986125204,4.209153083662185e-05,46,0.01276711187852087,0.00114368265384613
2022-07-01,0.0100350495071618,0.0170744290677431,0.0100350495071618,0.0001007022186111,46,0.013799662141852145,0.003274766925890956
2022-07-04,0.0028769138676791,0.0120202210126794,0.0028769138676791,8.27663340204443e-06,46,0.011715567850131028,0.00030465316254837255
2022-07-05,-0.0004021482957271,0.0095061714509962,0.0004021482957271,1.617232517562369e-07,46,0.01099460443929212,-0.0014884329882959204
2022-07-06,0.0136109387756728,0.0130132896483899,0.0136109387756728,0.0001852576543551,46,0.014840084511698373,-0.001826794863308473
2022-07-07,0.0133183918056588,0.0166651308103387,0.0133183918056588,0.000177379560289,46,0.014754984048919074,0.001910146761419625
2022-07-08,0.0047054137754171,0.0107908744757964,0.0047054137754171,2.2140918797885567e-05,46,0.012248113945596573,-0.0014572394698001735
2022-07-11,0.0103376233911502,0.0148580980644084,0.0103376233911502,0.0001068664573772,46,0.01388771552977094,0.0009703825346374598
2022-07-12,-0.0027661998796669,0.0130100026451708,0.0027661998796669,7.651861774269338e-06,46,0.011683318762018249,0.0013266838831525515
2022-07-13,-0.00124010150719,0.0120887720057173,0.00124010150719,1.5378517481350452e-06,46,0.011238746937398838,0.000850025068318461
2022-07-14,-0.0034318211639465,0.0114224797366548,0.0034318211639465,1.1777396501311375e-05,46,0.01187719611005202,-0.0004547163733972185
2022-07-15,0.0039050803198203,0.010673727966099,0.0039050803198203,1.5249652304248056e-05,46,0.012015033790026296,-0.0013413058239272954
2022-07-18,0.0109519403147396,0.0129506345345887,0.0109519403147396,0.0001199449966576,46,0.014066480400395697,-0.0011158458658069963
2022-07-19,0.003905745790365,0.0081849655109804,0.003905745790365,1.5254850178954443e-05,46,0.012015227603913256,-0.003830262092932857
2022-07-20,0.0055919756967021,0.012489238146274,0.0055919756967021,3.127019219250785e-05,46,0.012506279065905146,-1.7040919631146692e-05
2022-07-21,0.0082203183543791,0.0118599554967436,0.0082203183543791,6.757363384734299e-05,46,0.013271479054355915,-0.0014115235576123153
2022-07-22,-0.0004456402478509,0.0110947389591913,0.0004456402478509,1.9859523050462133e-07,46,0.011007276699769716,8.746225942158486e-05
2022-07-25,-0.0061877729007504,0.0141543577343584,0.0061877729007504,3.82885334712619e-05,46,0.012679757970386018,0.001474599763972382
2022-07-26,-0.017719381029538,0.0175833931176081,0.017719381029538,0.0003139764640699,46,0.01603488055444507,0.0015485125631630285
2022-07-27,0.0112248239941721,0.0146918223147466,0.0112248239941721,0.0001259966737001,46,0.014145884538555075,0.0005459377761915258
2022-07-28,0.0128769310496605,0.0177304574338802,0.0128769310496605,0.0001658153532577,46,0.014626559400456124,0.0031038980334240768
2022-07-29,0.0134800308632537,0.0165623554996957,0.0134800308632537,0.0001817112320742,46,0.014802004434699569,0.0017603510649961303
2022-08-01,0.0166610705278118,0.0186774190638356,0.0166610705278118,0.0002775912711327,46,0.015727166951168232,0.002950252112667369
2022-08-02,0.0105960280632515,0.0167073541237568,0.0105960280632515,0.0001122758107172,46,0.013962912395405817,0.002744441728350984
2022-08-03,-2.552775443995085e-05,0.0108298990250385,2.552775443995085e-05,6.516662467464308e-10,46,0.01088486553945168,-5.49665144131805e-05
2022-08-04,0.0055271291627073,0.0136637550887583,0.0055271291627073,3.05491567812502e-05,46,0.012487396851211587,0.0011763582375467138
2022-08-05,-0.0001973583143262,0.0131955771346339,0.0001973583143262,3.8950304233681526e-08,46,0.010934933807108032,0.0022606433275258672
2022-08-08,0.0061772477422436,0.0123043857210808,0.0061772477422436,3.815838966905368e-05,46,0.012676693461043541,-0.00037230773996274093
2022-08-10,0.003814695039206,0.0128953826751825,0.003814695039206,1.4551898242142938e-05,46,0.01198870952596822,0.00090667314921428
2022-08-11,0.0092241193831439,0.0127403537008067,0.0092241193831439,8.508437839449135e-05,46,0.013563653264399941,-0.0008232995635932411
2022-08-12,-0.0016596884987595,0.0133355872885478,0.0016596884987595,2.754565912914857e-06,46,0.011360986412301845,0.0019746008762459542
2022-08-16,0.0100676704948817,0.0147640700326543,0.0100676704948817,0.0001013579891935,46,0.01380915548276653,0.0009549145498877702
2022-08-17,0.0118839409246934,0.0127672074216473,0.0118839409246934,0.0001412280519016,46,0.014337664265808455,-0.0015704568441611555
2022-08-18,0.0048108498146601,0.0125768419792178,0.0048108498146601,2.314427593921529e-05,46,0.01227881821727355,0.00029802376194425044
2022-08-19,-0.00842098453447,0.0167832223471262,0.00842098453447,7.091298052978302e-05,46,0.013329889464841461,0.0034533328822847383
2022-08-22,-0.0141668709321953,0.016982037119667,0.0141668709321953,0.0002007002320094,46,0.015001793824876644,0.0019802432947903566
2022-08-23,0.0021237612804018,0.014314956010359,0.0021237612804018,4.51036197613413e-06,46,0.011496178587717188,0.002818777422641812
2022-08-24,-0.0017040308893221,0.0101860479168586,0.0017040308893221,2.903721271764052e-06,46,0.011373904432596551,-0.0011878565157379516
2022-08-25,-0.0019177583302514,0.0092298206017971,0.0019177583302514,3.6777970132489136e-06,46,0.011436167446004643,-0.002206346844207544
2022-08-26,0.0035863530646996,0.0097648954146518,0.0035863530646996,1.2861928304680476e-05,46,0.011922204734001558,-0.002157309319349758
2022-08-29,-0.0101624324524811,0.0139572562427473,0.0101624324524811,0.0001032750333512,46,0.013836732832740116,0.00012052341000718357
2022-08-30,0.0207258213101457,0.0115523073190621,0.0207258213101457,0.00042955966898,46,0.01690880832388069,-0.005356501004818591
2022-09-01,-0.0033533609172085,0.013973751043349,0.0033533609172085,1.1245029441061929e-05,46,0.011854343616859546,0.0021194074264894534
2022-09-02,-0.0040559669839817,0.0098001472560118,0.0040559669839817,1.6450868175150382e-05,46,0.012058978118264112,-0.002258830862252311
2022-09-05,0.00136221725356,0.0086198795450206,0.00136221725356,1.8556358458966733e-06,46,0.011274323927906766,-0.002654444382886166
2022-09-06,0.0004618041859242,0.0087822478836077,0.0004618041859242,2.132631061371712e-07,46,0.011011986372697813,-0.0022297384890901124
2022-09-07,0.0028250648123447,0.0086998743776119,0.0028250648123447,7.980991193948426e-06,46,0.011700465164124874,-0.0030005907865129737
2022-09-08,0.0061736265879149,0.0110329120871327,0.0061736265879149,3.811366524701055e-05,46,0.012675639123373751,-0.001642727036241052
2022-09-09,0.0015272528895313,0.0097825323059417,0.0015272528895313,2.3325013885819058e-06,46,0.011322404261441595,-0.0015398719554998944
2022-09-12,0.0082444917961283,0.0107759315981877,0.0082444917961283,6.797164497642836e-05,46,0.013278515597600068,-0.002502583999412368
2022-09-13,0.0100691726068129,0.0131935924816217,0.0100691726068129,0.0001013882369857,46,0.013809592625575105,-0.000616000143953405
2022-09-14,-0.0054673776078691,0.0120553388644103,0.0054673776078691,2.9892217907029e-05,46,0.012469998072691052,-0.00041465920828075153
2022-09-15,-0.0039829145821118,0.0135860983337821,0.0039829145821118,1.586360856839885e-05,46,0.012037702393780533,0.0015483959400015672
2022-09-16,-0.0221532379515163,0.0126732034701971,0.0221532379515163,0.0004907659517365,46,0.017323621939643204,-0.004650418469446105
2022-09-19,0.0010281040975859,0.0113505056581206,0.0010281040975859,1.056998035473119e-06,46,0.011176982687934852,0.00017352297018574832
2022-09-20,0.014133379038203,0.0120218819527069,0.014133379038203,0.0001997524030375,46,0.014992052035559245,-0.002970170082852346
2022-09-21,-0.0100876256385787,0.0096021788153043,0.0100876256385787,0.0001017601910241,46,0.013814962797988637,-0.004212783982684338
2022-09-22,0.0031188590677792,0.0104251121765405,0.0031188590677792,9.727281884669071e-06,46,0.011786040787676021,-0.0013609286111355215
2022-09-23,-0.0150306576286133,0.0105358410203322,0.0150306576286133,0.0002259206687485,46,0.015253029394414126,-0.004717188374081926
2022-09-26,-0.0265278335334781,0.0159051471442016,0.0265278335334781,0.0007037259519799,46,0.01859443640256384,-0.002689289258362239
2022-09-27,0.0038635739377597,0.0121259573433559,0.0038635739377597,1.4927203572536672e-05,46,0.012002945299366742,0.00012301204398915827
2022-09-28,-0.0030354921892022,0.0137906333038815,0.0030354921892022,9.214212830708046e-06,46,0.011761758220598672,0.002028875083282828
2022-09-29,-0.0006180716440769,0.0147309131575415,0.0006180716440769,3.820125572119811e-07,46,0.01105751739851483,0.003673395759026671
2022-09-30,0.014780033950168,0.0140524238648009,0.014780033950168,0.0002184494035681,46,0.015180137366375503,-0.001127713501574602
2022-10-03,-0.0097707049932888,0.016757856711891,0.0097707049932888,9.546667606587904e-05,46,0.013722731324570522,0.0030351253873204774
2022-10-04,0.0205175922687216,0.0110287179371167,0.0205175922687216,0.0004209715925055,46,0.01684828983417658,-0.00581957189705988
2022-10-06,0.0060264426524519,0.0126191562796121,0.0060264426524519,3.631801104329205e-05,46,0.012632784547766831,-1.3628268154730963e-05
2022-10-07,0.0005686981889556,0.0106392255391721,0.0005686981889556,3.234176301214921e-07,46,0.011043131748041503,-0.0004039062088694034
2022-10-10,-0.0086120385674044,0.0103621717709005,0.0086120385674044,7.41672082864617e-05,46,0.013385500584082501,-0.0030233288131820014
2022-10-11,-0.0140047571084957,0.0115031351225917,0.0140047571084957,0.0001961332216679,46,0.014954639386848689,-0.003451504264256989
2022-10-12,0.0013032446680173,0.0097955987218446,0.0013032446680173,1.6984466647156471e-06,46,0.011257143024595732,-0.0014615443027511318
2022-10-13,-0.007635715981653,0.0092483582866559,0.007635715981653,5.8304158552472064e-05,46,0.013101303178471545,-0.0038529448918156444
2022-10-14,0.0008808167040282,0.0105815855282774,0.0008808167040282,7.758380660951211e-07,46,0.011134070372480397,-0.0005524848442029964
2022-10-17,0.0028076869740734,0.011540309654587,0.0028076869740734,7.88310614438166e-06,46,0.011695403294248152,-0.00015509363966115242
2022-10-18,0.0090412949079826,0.0087089459122519,0.0090412949079826,8.174501361311383e-05,46,0.013510441671661814,-0.0048014957594099145
2022-10-19,-0.0019149683991977,0.0102528848066272,0.0019149683991977,3.667103969925909e-06,46,0.011435354694856755,-0.001182469888229556
2022-10-20,-0.0020576648903992,0.0147152121083439,0.0020576648903992,4.233984801181871e-06,46,0.011476924081331939,0.003238288027011961
2022-10-21,-0.0116573554203872,0.0184930870887358,0.0116573554203872,0.0001358939353972,46,0.014271737679393895,0.004221349409341903
2022-10-24,0.0076645702457281,0.006674494536893,0.0076645702457281,5.874563705170116e-05,46,0.013109702854374149,-0.0064352083174811486
2022-10-25,-0.0022004334133153,0.012863339676161,0.0022004334133153,4.841907206434539e-06,46,0.011518513709052235,0.0013448259671087655
2022-10-27,-0.0015513757931014,0.0158133154814182,0.0015513757931014,2.406766851421282e-06,46,0.01132943197713466,0.004483883504283538
2022-10-28,-0.0064535403814446,0.0122008785139312,0.0064535403814446,4.1648183454937214e-05,46,0.01275713759804097,-0.0005562590841097694
2022-10-31,0.0103149349332561,0.0140841580626422,0.0103149349332561,0.0001063978826773,46,0.013881112975212564,0.00020304508742963537
2022-11-01,0.0137245408709201,0.0141509781633781,0.0137245408709201,0.0001883630221175,46,0.014873129957184728,-0.0007221517938066271
2022-11-02,-0.0009331624212592,0.0092452689374421,0.0009331624212592,8.70792104450407e-07,46,0.011149321435133105,-0.0019040524976910046
2022-11-03,-0.0017206810417968,0.0080485094971772,0.0017206810417968,2.960743247599049e-06,46,0.011378755009761946,-0.0033302455125847463
2022-11-04,0.0031772263813133,0.0131767005743858,0.0031772263813133,1.0094767478113836e-05,46,0.011803041491849232,0.0013736590825365689
2022-11-07,0.002080436215491,0.0121489431060627,0.002080436215491,4.328214846726929e-06,46,0.011483557602655056,0.0006653855034076429
2022-11-09,-0.0033925093488831,0.0133896146665656,0.0033925093488831,1.150911968225957e-05,46,0.011865746097804535,0.0015238685687610654
2022-11-10,-0.0132845822816508,0.0151745354247819,0.0132845822816508,0.0001764801263979,46,0.01474514882501774,0.00042938659976416056
2022-11-11,0.0176204521270779,0.0211412855948821,0.0176204521270779,0.0003104803331626,46,0.016006117786884034,0.005135167807998067
2022-11-14,-0.0033173096573431,0.0124180980812748,0.0033173096573431,1.100454336270213e-05,46,0.011843843177383736,0.0005742549038910642
2022-11-15,-0.0003824199996145,0.0106855088167792,0.0003824199996145,1.4624505610516548e-07,46,0.010988856178217913,-0.000303347361438713
2022-11-16,-0.0092194938169119,0.0113730915666424,0.0092194938169119,8.499906624007838e-05,46,0.013562306994975949,-0.0021892154283335487
2022-11-17,-0.0082255071373522,0.0105571766237168,0.0082255071373522,6.765896766663237e-05,46,0.013272989436681253,-0.0027158128129644524
2022-11-18,-0.0019336112683822,0.0113858293182233,0.0019336112683822,3.7388525372146873e-06,46,0.011440785652832056,-5.4956334608755736e-05
2022-11-21,-0.0068418792646951,0.0108207328672946,0.0068418792646951,4.681131187266523e-05,46,0.012870199918979914,-0.0020494670516853133
2022-11-22,-0.0024099617502824,0.0115126546984991,0.0024099617502824,5.80791563782452e-06,46,0.01157954966671751,-6.689496821841133e-05
2022-11-23,-0.0030531445647664,0.008792404213811,0.0030531445647664,9.321691733362687e-06,46,0.01176689991191544,-0.0029744956981044395
2022-11-24,0.0069494756031807,0.0127868942911728,0.0069494756031807,4.829521115920403e-05,46,0.012901524915595515,-0.0001146306244227159
2022-11-25,0.0063731908287002,0.0104332601312891,0.0063731908287002,4.061756133902844e-05,46,0.012733743666183735,-0.0023004835348946363
2022-11-28,0.0023897621028162,0.0084945089939741,0.0023897621028162,5.71096290805689e-06,46,0.011573665545048182,-0.0030791565510740818
2022-11-29,0.004935804021715,0.0156555633257772,0.004935804021715,2.436216134077856e-05,46,0.012315205895012178,0.003340357430765023
2022-11-30,0.0063374102407533,0.0106847788011227,0.0063374102407533,4.016276855960503e-05,46,0.012723326001235475,-0.0020385472001127752
2022-12-01,0.0049134509320614,0.0092906932702616,0.0049134509320614,2.414200006177536e-05,46,0.012308696535938888,-0.0030180032656772875
2022-12-02,0.0004516257382612,0.0130179849255809,0.0004516257382612,2.0396580746005282e-07,46,0.011009020688144387,0.0020089642374365134
2022-12-05,-0.0024623987968556,0.0083126307633953,0.0024623987968556,6.063407834756177e-06,46,0.011594824416475127,-0.0032821936530798273
2022-12-06,-0.0050356171552134,0.0091865694281675,0.0050356171552134,2.535744013387999e-05,46,0.012344271879630572,-0.003157702451463072
2022-12-07,-0.0052356204807307,0.0088284225266599,0.0052356204807307,2.7411721818247726e-05,46,0.012402512557288418,-0.0035740900306285173
2022-12-08,0.0004488340869984,0.0099600011282945,0.0004488340869984,2.0145203765176705e-07,46,0.011008207286728232,-0.0010482061584337326
2022-12-09,-0.0026211951032634,0.0112659819390536,0.0026211951032634,6.870663769372189e-06,46,0.011641080679073532,-0.00037509874001993154
2022-12-12,-0.0039410168114025,0.0087028255123264,0.0039410168114025,1.5531613507757703e-05,46,0.01202550003200267,-0.00332267451967627
2022-12-13,0.0057506762235953,0.0077259551409499,0.0057506762235953,3.307027702862433e-05,46,0.012552489330673341,-0.004826534189723441
2022-12-14,0.0048838482001931,0.007867243928828,0.0048838482001931,2.3851973242530108e-05,46,0.012300076007830358,-0.004432832079002358
2022-12-15,-0.0110310623018738,0.0074179810691838,0.0110310623018738,0.0001216843355078,46,0.014089503724595819,-0.006671522655412019
2022-12-16,-0.0132936550251252,0.0119279472571127,0.0132936550251252,0.000176721263927,46,0.0147477880991376,-0.0028198408420249
2022-12-19,0.0041399331302222,0.0113960622974341,0.0041399331302222,1.7139046322711488e-05,46,0.012083432112924055,-0.0006873698154899553
2022-12-20,-0.0035582035211558,0.0067812167400876,0.0035582035211558,1.2660812297966208e-05,46,0.011914006024239955,-0.005132789284152355
2022-12-21,-0.0105717743313292,0.0167945147420107,0.0105717743313292,0.0001117624125125,46,0.013955854559073147,0.002838660182937552
2022-12-22,-0.0094256458752011,0.011780735431621,0.0094256458752011,8.88428001646967e-05,46,0.013622306722052455,-0.001841571290431455
2022-12-23,-0.0317908756656376,0.0195776185512285,0.0317908756656376,0.001010659775588,46,0.02012241929692285,-0.0005448007456943516
2022-12-26,0.0180478338934246,0.0158255389731868,0.0180478338934246,0.0003257243082446,46,0.01613037297500707,-0.00030483400182027
2022-12-27,0.0085794738784711,0.0086948793536554,0.0085794738784711,7.360737203136896e-05,46,0.01337602189993339,-0.004681142546277991
2022-12-28,0.0019416078355763,0.0094425161614031,0.0019416078355763,3.7698409871716216e-06,46,0.01144311517344343,-0.0020005990120403293
2022-12-29,0.0010941783968219,0.0090821331941164,0.0010941783968219,1.197226364071838e-06,46,0.01119623323797889,-0.0021141000438624907
2022-12-30,-0.0009210490163977,0.0083208714014161,0.0009210490163977,8.483312906072111e-07,46,0.011145792171585761,-0.0028249207701696605
2023-01-02,0.0014752695737467,0.0073350273232833,0.0014752695737467,2.176420315222776e-06,46,0.011307259911099305,-0.003972232587816005
2023-01-03,0.0029195388727027,0.007454515113538,0.0029195388727027,8.523707229222611e-06,46,0.011727983664817837,-0.004273468551279837
2023-01-04,-0.0102351899970166,0.008672637638198,0.0102351899970166,0.000104759114275,46,0.0138579063001965,-0.005185268661998499
2023-01-05,-0.0009362266867823,0.0113499842636873,0.0009362266867823,8.765204090435455e-07,46,0.011150214213874438,0.00019977004981286232
2023-01-06,-0.0071886533951124,0.0070306674779611,0.0071886533951124,5.167673763506206e-05,46,0.012971156289985493,-0.005940488812024393
2023-01-09,0.0078778910049683,0.0086793126591101,0.0078778910049683,6.206116668616064e-05,46,0.013171801062016786,-0.0044924884029066865
2023-01-10,-0.0060627684850552,0.0105766381199042,0.0060627684850552,3.675716170337933e-05,46,0.012643361374197764,-0.002066723254293563
2023-01-11,-0.0025290877564391,0.0087186344225701,0.0025290877564391,6.396284879770285e-06,46,0.011614250559742766,-0.0028956161371726657
2023-01-12,-0.0045902973742014,0.0117975130883126,0.0045902973742014,2.1070829983600667e-05,46,0.012214590170843784,-0.0004170770825311851
2023-01-13,0.0021030006306761,0.0086857536789401,0.0021030006306761,4.422611652624278e-06,46,0.01149013083035489,-0.0028043771514147907
2023-01-16,-0.0036329245729707,0.0115227754026615,0.0036329245729707,1.3198140952894504e-05,46,0.011935768879158528,-0.000412993476497028
2023-01-17,-0.0006436975737241,0.0128270149780202,0.0006436975737241,4.143465664183622e-07,46,0.011064983838470138,0.0017620311395500632
2023-01-18,-0.0011626014440878,0.0106954173375675,0.0011626014440878,1.3516421177952448e-06,46,0.01121616792108648,-0.00052075058351898
2023-01-19,-0.0077835952537188,0.0096057820202406,0.0077835952537188,6.058435507371474e-05,46,0.013144351536992402,-0.003538569516751803
2023-01-20,-0.0056277420854318,0.0101727545744081,0.0056277420854318,3.1671480980141324e-05,46,0.012516693568231771,-0.002343938993823671
2023-01-23,0.0008965942927268,0.0110883418081629,0.0008965942927268,8.038813257504082e-07,46,0.011138667225035622,-5.0325416872722475e-05
2023-01-24,0.0013770483186883,0.0121908548715475,0.0013770483186883,1.8962620720023368e-06,46,0.011278644747784866,0.0009122101237626339
2023-01-25,-0.0185398201905093,0.0130927705704989,0.0185398201905093,0.0003437249326964,46,0.016273402773250956,-0.0031806322027520557
2023-01-27,-0.0236515870699249,0.0326192176945498,0.0236515870699249,0.0005593975709262,46,0.017758968976389896,0.014860248718159903
2023-01-30,-0.0013920692739472,0.0200226469367981,0.0013920692739472,1.937856863467935e-06,46,0.011283020881281823,0.008739626055516276
2023-01-31,0.0077270238258617,0.0182327103248089,0.0077270238258617,5.970689720543532e-05,46,0.013127883419742808,0.005104826905066093
2023-02-01,-0.022132954274363,0.0330898645519177,0.022132954274363,0.000489867664911,46,0.01731772793299756,0.015772136618920143
2023-02-02,-0.0097172008372643,0.0250269166355973,0.0097172008372643,9.442399211173028e-05,46,0.013707159976796552,0.011319756658800749
2023-02-03,0.0001479859314143,0.0219483046554233,0.0001479859314143,2.189983589656301e-08,46,0.010920547712133353,0.011027756943289948
2023-02-06,0.0023546102867191,0.0175239063215716,0.0023546102867191,5.544189602323549e-06,46,0.01156342584758613,0.005960480473985471
2023-02-07,0.0014954172791763,0.0198142049273318,0.0014954172791763,2.236272838859116e-06,46,0.011313129573557552,0.008501075353774248
2023-02-08,0.0221004101478543,0.0263267657079104,0.0221004101478543,0.0004884281287033,46,0.017308271268319148,0.00901849443959125
2023-02-09,-0.0004317665482708,0.0180099570532008,0.0004317665482708,1.8642235220574698e-07,46,0.01100323432409632,0.007006722729104482
2023-02-10,-0.0042122815884477,0.013100353544285,0.0042122815884477,1.774331618037592e-05,46,0.012104502408384631,0.000995851135900368
2023-02-13,-0.0118953158555848,0.0150388168124781,0.0118953158555848,0.0001414985393041,46,0.01434097382964042,0.0006978429828376799
2023-02-14,-0.0034723395952104,0.0130669304030449,0.0034723395952104,1.205714226446629e-05,46,0.011888997504027174,0.0011779328990177262
2023-02-15,0.0011691645630907,0.0098661191819863,0.0011691645630907,1.3669457755872917e-06,46,0.011218080041186637,-0.0013519608592003369
2023-02-16,0.0052746465501521,0.0113706077836686,0.0052746465501521,2.7821896229031635e-05,46,0.012413876722013781,-0.001043268938345181
2023-02-17,-0.0048875024176565,0.0108150674171771,0.0048875024176565,2.388767988259845e-05,46,0.012301140143925646,-0.0014860727267485465
2023-02-20,-0.0017120939276296,0.0133425434094925,0.0017120939276296,2.931265617026232e-06,46,0.01137625338468943,0.00196629002480307
2023-02-21,-0.0001175373860943,0.0105730174466247,0.0001175373860943,1.3815037129885698e-08,46,0.010911675589191847,-0.0003386581425671477
2023-02-22,-0.0188197978660799,0.0139027082501593,0.0188197978660799,0.0003541847917201,46,0.016354793684556716,-0.002452085434397417
2023-02-23,-0.0040509661170433,0.0120739833308929,0.0040509661170433,1.6410326481433062e-05,46,0.012057521675881961,1.646165501093845e-05
2023-02-24,0.0006562693696897,0.014228495309062,0.0006562693696897,4.3068948559292633e-07,46,0.011068646782089723,0.003159848526972278
2023-02-27,-0.0104667933911601,0.0137720883573101,0.0104667933911601,0.0001095537638932,46,0.013925304856808086,-0.0001532164994979858
2023-02-28,0.0060873129559204,0.0204577806082703,0.0060873129559204,3.7055379023316845e-05,46,0.01265050784822901,0.007807272760041291
2023-03-01,0.0120489765811136,0.0140426820407443,0.0120489765811136,0.0001451778366522,46,0.014385681329734818,-0.0003429992889905191
2023-03-02,-0.0021479271285954,0.0118120332634845,0.0021479271285954,4.613590949756465e-06,46,0.011503218289152153,0.0003088149743323467
2023-03-03,0.0168841452363163,0.0186733850887497,0.0168841452363163,0.000285074360361,46,0.015792031388290936,0.0028813537004587636
2023-03-06,0.0088942675043634,0.0104604544322979,0.0088942675043634,7.910799443917544e-05,46,0.01346764803661588,-0.0030071936043179794
2023-03-08,-8.592464018689338e-05,0.0121295835633841,8.592464018689338e-05,7.383043791247092e-09,46,0.010902464204750736,0.0012271193586333648
2023-03-09,-0.0064920935227543,0.0118959121460459,0.0064920935227543,4.21472783081896e-05,46,0.012768362338180092,-0.0008724501921341925
2023-03-10,-0.0036705182358009,0.0117512347168788,0.0036705182358009,1.3472704119347278e-05,46,0.011946718131904704,-0.00019548341502590404
2023-03-13,-0.0122334556378871,0.0117385620792819,0.0122334556378871,0.0001496574368441,46,0.014439354269115919,-0.0027007921898340188
2023-03-14,-0.0089991058458861,0.0109512362371324,0.0089991058458861,8.098390602546295e-05,46,0.01349816225004756,-0.00254692601291516
2023-03-15,0.0007785062841331,0.0134288935064276,0.0007785062841331,6.060720344347982e-07,46,0.01110426167375411,0.00232463183267349
2023-03-16,0.0039035956458708,0.0112654231469982,0.0039035956458708,1.523805896646223e-05,46,0.012014601388517294,-0.0007491782415190943
2023-03-17,0.0027143650938119,0.0128428380240901,0.0027143650938119,7.367777862504724e-06,46,0.011668220023345369,0.0011746180007447312
2023-03-20,-0.0052773262690577,0.0147531617442671,0.0052773262690577,2.7850172550086696e-05,46,0.012414657038557219,0.002338504705709881
2023-03-21,0.0094234190393437,0.013726214682151,0.0094234190393437,8.880082639106664e-05,46,0.013621658618709934,0.00010455606344106534
2023-03-22,0.0064099831191609,0.0103670584624425,0.0064099831191609,4.108788358792803e-05,46,0.012744455843819918,-0.002377397381377419
2023-03-23,8.258032668000454e-05,0.0089840753323553,8.258032668000454e-05,6.819510354576269e-09,46,0.010901489729935118,-0.0019174143975798173
2023-03-24,-0.0118037695926775,0.0112956801789232,0.0118037695926775,0.000139328976597,46,0.014314338087882112,-0.0030186579089589126
2023-03-27,-0.0040147931273646,0.0126160822777348,0.0040147931273646,1.6118563855534777e-05,46,0.012046986700324702,0.0005690955774100975
2023-03-28,-0.0106771035546612,0.0153363296068129,0.0106771035546612,0.0001140005403169,46,0.013986505208964222,0.001349824397848677
2023-03-29,0.0113067293375664,0.0136546326283965,0.0113067293375664,0.0001278421283129,46,0.014169716959528454,-0.0005150843311319542
2023-03-31,0.012178990196695,0.0121560958411415,0.012178990196695,0.0001483278022111,46,0.014423508044761639,-0.002267412203620138
2023-04-03,0.0046704414152602,0.0129321261158496,0.0046704414152602,2.181302301337781e-05,46,0.012237929474630831,0.0006941966412187684
2023-04-05,0.0058361470731022,0.0123890021088968,0.0058361470731022,3.406061265887979e-05,46,0.012577376269105218,-0.00018837416020841928
2023-04-06,0.0029336372361692,0.0125372501629857,0.0029336372361692,8.606227433438617e-06,46,0.011732090222624135,0.0008051599403615644
2023-04-10,0.0056167517644063,0.01321970062416,0.0056167517644063,3.1547900382961664e-05,46,0.012513493397610344,0.0007062072265496561
2023-04-11,0.0027769351424588,0.0086349463036963,0.0027769351424588,7.711368785422689e-06,46,0.01168644577972339,-0.00305149947602709
2023-04-12,0.0093550643241952,0.014580062055824,0.0093550643241952,8.751722850983002e-05,46,0.0136017644199696,0.0009782976358543999
2023-04-13,0.0008526353875465,0.0097648764518516,0.0008526353875465,7.269871040966294e-07,46,0.01112585963031516,-0.0013609831784635595
2023-04-17,-0.004377410051919,0.0126300070433678,0.004377410051919,1.916171876264219e-05,46,0.012152592635996098,0.00047741440737170127
2023-04-18,0.0032288498718153,0.0122003634890793,0.0032288498718153,1.042547149472223e-05,46,0.011818077812676277,0.00038228567640302344
2023-04-19,-0.0018062789739468,0.0128802793050225,0.0018062789739468,3.2626437317223614e-06,46,0.011403691521342843,0.0014765877836796573
2023-04-20,-0.0014099839273997,0.0106642945015592,0.0014099839273997,1.988054675525763e-06,46,0.011288240040265442,-0.0006239455387062418
2023-04-21,-0.0010954409365403,0.0116338051988454,0.0010954409365403,1.199990845448434e-06,46,0.011196601073611905,0.0004372041252334955
2023-04-24,0.0026576901884692,0.01001846385207,0.0026576901884692,7.063317137885508e-06,46,0.011651711314398216,-0.0016332474623282165
2023-04-25,0.0045671067229959,0.0113348624019585,0.0045671067229959,2.0858463819234616e-05,46,0.012207836616299024,-0.0008729742143405231
2023-04-26,0.0014571808635508,0.0068765157935796,0.0014571808635508,2.123376069098788e-06,46,0.011301990086333426,-0.004425474292753826
2023-04-27,0.0044770789517946,0.0106498814287427,0.0044770789517946,2.004423594060296e-05,46,0.012181618647484948,-0.0015317372187422483
2023-04-28,0.0140283710265252,0.0138240202405741,0.0140283710265252,0.0001967951936578,46,0.014961508083601058,-0.0011374878430269585
2023-05-02,0.0071170259297945,0.0113588422145243,0.0071170259297945,5.065205808536745e-05,46,0.01295030374127838,-0.0015914615267540802
2023-05-03,-0.0022707471282531,0.0103928412228689,0.0022707471282531,5.156292520470104e-06,46,0.011538996391056697,-0.0011461551681877964
2023-05-04,0.008824184299693,0.0105776707293256,0.008824184299693,7.786622855494911e-05,46,0.013447249418605001,-0.0028695786892794003
2023-05-05,-0.0006957543972016,0.0124323677869827,0.0006957543972016,4.840741812254436e-07,46,0.011080151181236526,0.0013522166057461735
2023-05-08,0.0113817627166274,0.0137859620048292,0.0113817627166274,0.0001295445225376,46,0.014191549594983498,-0.0004055875901542976
2023-05-09,8.829043816752948e-05,0.0088324686016504,8.829043816752948e-05,7.795201471814346e-09,46,0.01090315355690719,-0.00207068495525679
2023-05-10,0.0027542088595635,0.00621451115017,0.0027542088595635,7.5856664420981085e-06,46,0.011679825956467582,-0.005465314806297581
2023-05-11,-0.0007736322071045,0.0145820819281117,0.0007736322071045,5.985067918694462e-07,46,0.01110284157531547,0.0034792403527962312
2023-05-12,-0.0035140046196196,0.0080313077708949,0.0035140046196196,1.2348228466707967e-05,46,0.01190113279221226,-0.0038698250213173597
2023-05-15,0.0035394710779714,0.0111085171408511,0.0035394710779714,1.2527855511796656e-05,46,0.011908550080879063,-0.0008000329400279626
2023-05-16,0.000325298187535,0.0088782470270489,0.000325298187535,1.0581891081357157e-07,46,0.010972212436412585,-0.002093965409363685
2023-05-17,-0.0036927416857902,0.0076707150887194,0.0036927416857902,1.363634115797276e-05,46,0.011953190745690616,-0.004282475656971216
2023-05-18,-0.0035912402833891,0.0118262146691521,0.0035912402833891,1.2897006773036832e-05,45,0.01192362816044918,-9.741349129708046e-05
2023-05-19,-0.0016031552635609,0.016922617905784,0.0016031552635609,2.5701067990831367e-06,46,0.011344516797612647,0.005578101108171354
2023-05-22,0.0080984242532616,0.0249466369327189,0.0080984242532616,6.55844753858167e-05,46,0.013235997100051328,0.011710639832667572
2023-05-23,0.0107100368977149,0.0144563085462567,0.0107100368977149,0.0001147048903504,46,0.013996088680648283,0.00046021986560841784
2023-05-24,0.0014841050110642,0.0147819981413055,0.0014841050110642,2.2025676838658693e-06,46,0.011309833954659535,0.003472164186645964
2023-05-25,0.0026951067472642,0.0103559833952508,0.0026951067472642,7.263600379149334e-06,46,0.011662610314922127,-0.001306626919671327
2023-05-26,0.0057146385491192,0.0083216067545257,0.0057146385491192,3.265709374707941e-05,46,0.012541995996277774,-0.004220389241752075
2023-05-29,0.0071319309524835,0.0101220978414625,0.0071319309524835,5.086443911099288e-05,45,0.012954642982009034,-0.0028325451405465333
2023-05-30,-0.0024837727866575,0.0061778642907532,0.0024837727866575,6.169127255740525e-06,46,0.011601050564964173,-0.0054231862742109725
2023-05-31,0.0007132979662059,0.0105891295677841,0.0007132979662059,5.08793988593613e-07,46,0.01108526267572566,-0.0004961331079415595
2023-06-01,0.0056358204569197,0.0088259560873901,0.0056358204569197,3.176247222263465e-05,46,0.012519045832210116,-0.0036930897448200165
2023-06-02,0.0055035237375638,0.0100645912487747,0.0055035237375638,3.028877352992924e-05,46,0.012480523312335868,-0.0024159320635611676
2023-06-05,0.0047473868049017,0.0078369491000731,0.0047473868049017,2.2537681475354813e-05,46,0.012260337056657314,-0.004423387956584214
2023-06-06,0.0023598338286158,0.0088686539957328,0.0023598338286158,5.568815698679677e-06,46,0.011564947464241106,-0.0026962934685083057
2023-06-07,0.0082700336746083,0.0081826643590944,0.0082700336746083,6.839345697915674e-05,46,0.013285950450073882,-0.005103286090979483
2023-06-08,-0.0024981064134489,0.0103280947061506,0.0024981064134489,6.240535652914861e-06,46,0.011605225877589477,-0.0012771311714388778
2023-06-09,-0.0028092938014053,0.0113728334921304,0.0028092938014053,7.892131662614268e-06,46,0.011695871336289111,-0.00032303784415871166
2023-06-12,0.0045748538727571,0.0082911373142111,0.0045748538727571,2.092928795708086e-05,46,0.012210092734446266,-0.003918955420235166
2023-06-13,0.0095284036445231,0.0106811971334894,0.0095284036445231,9.079047601296284e-05,46,0.013652213379003885,-0.0029710162455144854
2023-06-14,0.0017293265009886,0.0076988594725404,0.0017293265009886,2.990570147021745e-06,46,0.01138127362937586,-0.0036824141568354597
2023-06-15,0.0061641841690434,0.0126535480580958,0.0061641841690434,3.799716646988544e-05,46,0.012672889860253552,-1.9341802157752525e-05
2023-06-16,0.0105629767610788,0.0095043858082073,0.0105629767610788,0.000111576478055,46,0.013953294460708,-0.004448908652500699
2023-06-19,0.0026919752428176,0.0128214133789568,0.0026919752428176,7.246730707942962e-06,46,0.011661698146713416,0.0011597152322433846
2023-06-20,0.0054669618173848,0.0108155487006332,0.0054669618173848,2.9887671512743693e-05,46,0.012469877000129815,-0.001654328299496615
2023-06-21,0.0017954624600649,0.010116117444594,0.0017954624600649,3.2236854455023458e-06,46,0.011400540453841434,-0.0012844230092474342
2023-06-22,-0.0097359162176344,0.0089478571495299,0.0097359162176344,9.478806459679696e-05,46,0.013712606737437516,-0.004764749587907615
2023-06-23,-0.0137510235525902,0.0120250185958486,0.0137510235525902,0.0001890906487438,46,0.014880833374388275,-0.0028558147785396754
2023-06-26,0.0113123446593477,0.0110362108921111,0.0113123446593477,0.0001279691416918,46,0.0141713508697674,-0.0031351399776563
2023-06-27,0.0065133057801181,0.0098744098503539,0.0065133057801181,4.242315218532095e-05,46,0.01277453825998766,-0.0029001284096337593
2023-06-28,0.0050914470331295,0.0117221753645774,0.0050914470331295,2.592283289116415e-05,46,0.01236052960557701,-0.0006383542409996099
2023-06-30,0.0066900454791139,0.010541614603879,0.0066900454791139,4.475670851261331e-05,46,0.012825995161587306,-0.0022843805577083057
2023-07-03,-0.0007517615774343,0.0089054849291225,0.0007517615774343,5.651454693065737e-07,45,0.011096469394734776,-0.002190984465612276
2023-07-04,0.0022546110432021,0.0103049167777574,0.0022546110432021,5.083270956129092e-06,45,0.011534295897287643,-0.0012293791195302443
2023-07-05,0.0021947713826191,0.0103066865401972,0.0021947713826191,4.817021421963853e-06,45,0.011516864327769364,-0.0012101777875721635
2023-07-06,0.0056971451071884,0.0078818823345024,0.0056971451071884,3.245746237236102e-05,45,0.012536902294937641,-0.004655019960435242
2023-07-07,-0.0083165105589799,0.0082827399475832,0.0083165105589799,6.916434787762566e-05,46,0.013299479103471122,-0.005016739155887922
2023-07-10,-0.0053621458062534,0.0116714307985439,0.0053621458062534,2.8752607647521627e-05,46,0.012439355795426824,-0.0007679249968829249
2023-07-11,0.0073665406123427,0.0116903655677152,0.0073665406123427,5.42659205932952e-05,45,0.013022942904530217,-0.0013325773368150166
2023-07-12,0.0003747801372291,0.0098564584035626,0.0003747801372291,1.4046015126146961e-07,45,0.010986630137080485,-0.0011301717335178846
2023-07-13,-0.0013410543840478,0.0098832504382473,0.0013410543840478,1.7984268609739543e-06,45,0.01126815841300213,-0.0013849079747548301
2023-07-14,0.0112155887090415,0.013020224524214,0.0112155887090415,0.0001257894300903,46,0.014143197284586087,-0.0011229727603720863
2023-07-17,0.0016841942355305,0.0108133614478067,0.0016841942355305,2.8365102229943115e-06,46,0.011368125540203168,-0.0005547640923964682
2023-07-18,-0.0031249284201537,0.0076575415089271,0.0031249284201537,9.7651776310844e-06,45,0.011787808619627574,-0.004130267110700474
2023-07-19,0.0042101260255308,0.0065541906139355,0.0042101260255308,1.7725161150852344e-05,46,0.012103874638986203,-0.005549684025050703
2023-07-20,0.0060588922580218,0.0110385651527441,0.0060588922580218,3.6710175394316935e-05,46,0.012642232753204032,-0.0016036676004599314
2023-07-21,-0.0072010542799141,0.0110921313661647,0.0072010542799141,5.185518274226937e-05,46,0.012974766479084248,-0.0018826351129195475
2023-07-24,-0.0035773024931664,0.0105989861805938,0.0035773024931664,1.2797093127614743e-05,46,0.011919568708290952,-0.0013205825276971523
2023-07-25,0.0041115718670992,0.0154558279152313,0.0041115718670992,1.6905023218322337e-05,45,0.012075172310665423,0.003380655604565878
2023-07-26,0.0040232806937612,0.0125625938297343,0.0040232806937612,1.6186787540791827e-05,46,0.012049458612660133,0.0005131352170741673
2023-07-27,0.0016260219799365,0.0133463472446002,0.0016260219799365,2.643947479236701e-06,45,0.011351178486078606,0.001995168758521593
2023-07-28,0.0049167245838695,0.0138522386672043,0.0049167245838695,2.417418063362712e-05,46,0.012309649844893834,0.0015425888223104655
2023-07-31,0.0091962707911561,0.0105576735793806,0.0091962707911561,8.457139646427097e-05,45,0.013555547929719166,-0.0029978743503385648
2023-08-01,0.0027198833958091,0.0115262684341295,0.0027198833958091,7.39776568679812e-06,45,0.01166982743118512,-0.00014355899705561885
2023-08-02,-0.0089942334812345,0.0089629434691104,0.0089942334812345,8.089623591496084e-05,45,0.013496744110058209,-0.004533800640947808
2023-08-03,0.0010290617671389,0.015709655604475,0.0010290617671389,1.0589681205870408e-06,46,0.011177261703239462,0.0045323939012355385
2023-08-04,0.0126303907871909,0.0162655454902272,0.0126303907871909,0.0001595267714371,46,0.014554835673236783,0.0017107098169904158
2023-08-07,0.0059407461241952,0.01227412564606,0.0059407461241952,3.529246451214041e-05,46,0.012607832491310053,-0.00033370684525005356
2023-08-08,0.0036436802927361,0.0177892167744356,0.0036436802927361,1.3276406075673683e-05,46,0.011938901515965633,0.005850315258469966
2023-08-09,0.0031121605345876,0.0102303052647635,0.0031121605345876,9.685543193044833e-06,46,0.011784089691458235,-0.0015537844266947359
2023-08-10,-0.0049285310320615,0.0092585119336574,0.0049285310320615,2.429041813399352e-05,46,0.012313087957078021,-0.003054576023420621
2023-08-11,-0.0044436260224816,0.0077504620455939,0.0044436260224816,1.9745812227675703e-05,46,0.012171876379944428,-0.004421414334350528
2023-08-14,-0.0083956479730371,0.0119227945128363,0.0083956479730371,7.048690488716338e-05,46,0.013322514516498383,-0.001399720003662083
2023-08-16,-0.0009367450719865,0.0113528666827764,0.0009367450719865,8.774913298911196e-07,46,0.011150365246212515,0.00020250143656388477
2023-08-17,-0.0014070156891196,0.0113174106871041,0.0014070156891196,1.9796931494287337e-06,46,0.011287375290464636,3.0035396639463766e-05
2023-08-18,0.0008951209414164,0.0130865170906278,0.0008951209414164,8.012414997623286e-07,46,0.011138237959651222,0.0019482791309765775
2023-08-21,0.0078460975039636,0.0107508654685226,0.0078460975039636,6.156124604170481e-05,46,0.013162545999345927,-0.0024116805308233274
2023-08-22,0.0056920450635875,0.0091658530815389,0.0056920450635875,3.2399377005911345e-05,46,0.01253541727353628,-0.00336956419199738
2023-08-23,0.0004536361248646,0.0124503938801691,0.0004536361248646,2.057857337822461e-07,46,0.011009606452863994,0.0014407874273051052
2023-08-24,0.001538970279,0.0079645078886295,0.001538970279,2.368429519645428e-06,46,0.011325817886401761,-0.0033613099977722605
2023-08-25,-0.0071062167450391,0.0068511433095202,0.0071062167450391,5.049831642747533e-05,46,0.012947156900698809,-0.006096013591178609
2023-08-28,0.0058455818086255,0.0106684385940385,0.0058455818086255,3.417082668133404e-05,46,0.012580123407914121,-0.0019116848138756217
2023-08-29,0.0056671382081354,0.0114865426714731,0.0056671382081354,3.211645547010922e-05,46,0.012528164927139152,-0.0010416222556660516
2023-08-30,0.0052977255270972,0.0099539800235623,0.0052977255270972,2.806589576045779e-05,46,0.012420597159926999,-0.002466617136364698
2023-08-31,-0.0041511142166218,0.0117207658880034,0.0041511142166218,1.7231749239440084e-05,46,0.012086688432427002,-0.00036592254442360285
2023-09-01,0.0055601425309253,0.009561896389831,0.0055601425309253,3.091518496420494e-05,46,0.012497009805207644,-0.002935113415376644
2023-09-04,0.0028443101357309,0.0089730141910136,0.0028443101357309,8.090100148221603e-06,46,0.011706070987935326,-0.002733056796921726
2023-09-05,0.0056487925715812,0.0096736303742161,0.0056487925715812,3.19088575167511e-05,46,0.012522823053633397,-0.002849192679417297
2023-09-06,0.0059787168513324,0.0098358968643219,0.0059787168513324,3.5745055188407003e-05,46,0.01261888837158883,-0.00278299150726693
2023-09-07,0.0045923165823052,0.0088366990028909,0.0045923165823052,2.108937159211573e-05,46,0.012215178201358198,-0.0033784791984672984
2023-09-08,0.0053559669878926,0.0090324475172049,0.0053559669878926,2.868638237539552e-05,46,0.012437556582809468,-0.0034051090656045686
2023-09-11,0.0109944327165853,0.0105656954060342,0.0109944327165853,0.0001208775507595,46,0.014078845087165559,-0.0035131496811313598
2023-09-12,-0.0148010889039653,0.0167050692040907,0.0148010889039653,0.000219072232743,46,0.015186261130752022,0.0015188080733386771
2023-09-13,0.0015500641171118,0.0112831740842196,0.0015500641171118,2.402698767157754e-06,46,0.011329049847646853,-4.587576342725275e-05
2023-09-14,0.0048371323875706,0.0070734750351052,0.0048371323875706,2.3397849734884964e-05,46,0.01228647196275226,-0.00521299692764706
2023-09-15,0.0060250460105051,0.0103463680499821,0.0060250460105051,3.630117942870408e-05,46,0.012632377892963129,-0.002286009842981029
2023-09-18,-0.0037179063493992,0.0104530127790825,0.0037179063493992,1.3822827622903416e-05,46,0.011960519970712858,-0.001507507191630359
2023-09-20,-0.0077274604644975,0.0086530054358775,0.0077274604644975,5.971364523037334e-05,46,0.013128010527043894,-0.004475005091166393
2023-09-21,-0.0065738323036788,0.0091739012698698,0.0065738323036788,4.321527115689104e-05,46,0.012792160390358845,-0.0036182591204890445
2023-09-22,-0.004073063734797,0.0079531440545745,0.004073063734797,1.658984818771889e-05,46,0.012063957334541695,-0.004110813279967195
2023-09-25,-0.0007472433798578,0.0099688065145374,0.0007472433798578,5.58372668741422e-07,46,0.011095152980036105,-0.0011263464654987041
2023-09-26,-0.0004429433142317,0.0085016198891854,0.0004429433142317,1.9619877962258146e-07,46,0.011006490895581533,-0.0025048710063961324
2023-09-27,0.007132910974766,0.0084835008703456,0.007132910974766,5.087841897393801e-05,46,0.012954928291764426,-0.004471427421418825
2023-09-28,-0.0085572249351643,0.0116538518664586,0.0085572249351643,7.322609859099921e-05,46,0.013369545823030946,-0.0017156939565723447
2023-09-29,0.0076836274857046,0.0099869361977344,0.0076836274857046,5.903813133907558e-05,46,0.013115250532144516,-0.003128314334410116
2023-10-03,7.446401236170889e-05,0.0103640523055729,7.446401236170889e-05,5.544889137004734e-09,46,0.010899124775348674,-0.0005350724697757731
2023-10-04,-0.0081289574840284,0.0113703620850858,0.0081289574840284,6.607994977714262e-05,46,0.013244885019024691,-0.0018745229339388915
2023-10-05,0.0047153034143171,0.0098369337093145,0.0047153034143171,2.223408628907116e-05,46,0.012250993947320425,-0.002414060238005925
2023-10-06,0.0055565020665928,0.0085647144721626,0.0055565020665928,3.0874715216050666e-05,46,0.012495949763360258,-0.003931235291197658
2023-10-09,-0.0121967051544735,0.0097868880144002,0.0121967051544735,0.0001487596166251,46,0.01442866206234214,-0.00464177404794194
2023-10-10,0.0089962497021812,0.0097151130890841,0.0089962497021812,8.093250870399554e-05,46,0.013497330947100908,-0.003782217858016808
2023-10-11,0.0065558432809673,0.007256153060662,0.0065558432809673,4.297908112460521e-05,46,0.012786922949961302,-0.005530769889299301
2023-10-12,-0.0005531711691456,0.0071457215793018,0.0005531711691456,3.059983423739963e-07,46,0.01103860771410795,-0.0038928861348061505
2023-10-13,-0.0024506324031765,0.0093499262812892,0.0024506324031765,6.005599175498704e-06,46,0.011591396911046324,-0.002241470629757124
2023-10-16,-0.002661543285545,0.0078366180080535,0.002661543285545,7.083812660829776e-06,46,0.011652833678307736,-0.0038162156702542353
2023-10-17,0.0045999383708276,0.0059097351331954,0.0045999383708276,2.115943301541232e-05,46,0.0122173978049314,-0.0063076626717360005
2023-10-18,-0.0047181565515633,0.0088283252803992,0.0047181565515633,2.2261001245060013e-05,46,0.01225182482028955,-0.0034234995398903494
2023-10-19,-0.001703075119148,0.006640133081726,0.001703075119148,2.9004648614610213e-06,46,0.01137362599418023,-0.004733492912454229
2023-10-20,-0.0065161861401062,0.0095382109586537,0.0065161861401062,4.2460681812513305e-05,46,0.0127753768718779,-0.0032371659132241996
2023-10-23,-0.0227349308760649,0.0141132857370461,0.0227349308760649,0.0005168770819394,46,0.01749264319397532,-0.0033793574569292214
2023-10-25,-0.007543299278923,0.0072753404531789,0.007543299278923,5.690136401140151e-05,46,0.013074399832718428,-0.005799059379539528
2023-10-26,-0.0136455101785325,0.0114249251339306,0.0136455101785325,0.0001861999480324,46,0.014850140955298317,-0.0034252158213677174
2023-10-27,0.0124046650200846,0.0116021404017394,0.0124046650200846,0.0001538757142605,46,0.014489165376501257,-0.0028870249747618565
2023-10-30,0.002979017818218,0.0126490461471482,0.002979017818218,8.87454716126051e-06,46,0.01174530858591674,0.0009037375612314606
2023-10-31,-0.00142013933528,0.007543881937155,0.00142013933528,2.016795731609656e-06,46,0.011291198657096452,-0.0037473167199414525
2023-11-01,-0.0055994277817854,0.0081981865218467,0.0055994277817854,3.135359148343097e-05,46,0.012508448977313423,-0.004310262455466724
2023-11-02,0.0087607672371806,0.0076442589392394,0.0087607672371806,7.675104258405814e-05,46,0.013428790912746267,-0.005784531973506867
2023-11-03,0.0064824965020217,0.0097009917297617,0.0064824965020217,4.202276089872375e-05,46,0.01276556817238777,-0.0030645764426260706
2023-11-06,0.014070944319075,0.0127770938289918,0.014070944319075,0.0001979914740305,46,0.014973891535749045,-0.002196797706757245
2023-11-07,0.0004228637970283,0.0080989299884633,0.0004228637970283,1.7881379083721505e-07,46,0.011000640328450306,-0.0029017103399870056
2023-11-08,0.0050351110097109,0.0104311006471599,0.0050351110097109,2.5352342880112738e-05,46,0.012344124488946936,-0.0019130238417870357
2023-11-09,-0.0059964041756031,0.0076351269219511,0.0059964041756031,3.595686303719086e-05,46,0.012624038345615665,-0.004988911423664565
2023-11-10,0.0015653663680809,0.005958758889287,0.0015653663680809,2.450371866318854e-06,46,0.011333507835942117,-0.0053747489466551175
2023-11-13,0.0002585440789175,0.0053164454464239,0.0002585440789175,6.684504074330447e-08,46,0.010952761954819583,-0.005636316508395683
2023-11-15,0.0080206040300694,0.0081309025253061,0.0080206040300694,6.433008900716666e-05,46,0.013213344255538068,-0.005082441730231969
2023-11-16,0.0062845845212249,0.0093037622644664,0.0062845845212249,3.94960026044203e-05,46,0.01270794549102942,-0.00340418322656302
2023-11-17,0.0035557396955024,0.012848072152366,0.0035557396955024,1.2643284782171556e-05,46,0.011913288420059688,0.0009347837323063126
2023-11-20,-0.0029768884429734,0.0082124951188738,0.0029768884429734,8.861864801909153e-06,46,0.011744688347520712,-0.0035321932286469116
2023-11-21,0.0049763265992688,0.0068224774990515,0.0049763265992688,2.476382642259061e-05,46,0.012327006275822715,-0.005504528776771215
2023-11-22,0.0008045106038113,0.0081307873936086,0.0008045106038113,6.472373116448618e-07,46,0.011111838210244803,-0.002981050816636204
2023-11-23,-0.0034652374468008,0.0083661445768261,0.0034652374468008,1.2007870562711145e-05,46,0.011886928937361733,-0.0035207843605356334
2023-11-24,0.0035216632706937,0.0105789796221292,0.0035216632706937,1.2402112192153069e-05,46,0.011903363431758249,-0.0013243838096290497
2023-11-28,0.0124153034643113,0.0184751413893274,0.0124153034643113,0.0001541397601109,46,0.014492260456024907,0.003982880933302494
2023-11-29,0.0062149519548131,0.0107260290265515,0.0062149519548131,3.862562780063585e-05,46,0.01268767141592004,-0.0019616423893685404
2023-11-30,0.0063342524661457,0.0121988735166885,0.0063342524661457,4.0122754304873953e-05,46,0.012722406599965404,-0.0005235330832769041
2023-12-01,0.0071389271181914,0.0121552259027299,0.0071389271181914,5.096428039884886e-05,46,0.01295667974546932,-0.0008014538427394205
2023-12-04,0.0118815388497786,0.017001685800265,0.0118815388497786,0.0001411709654387,46,0.01433696537566186,0.0026647204246031397
2023-12-05,0.0152223153255933,0.0278366363067109,0.0152223153255933,0.0002317188838717,46,0.015308770062014854,0.012527866244696047
2023-12-06,0.0104859620240173,0.0198622122430413,0.0104859620240173,0.0001099553995691,46,0.013930883004345319,0.0059313292386959805
2023-12-07,0.0022898558570364,0.0139974857704398,0.0022898558570364,5.243439846004284e-06,46,0.011544562813289595,0.0024529229571502043
2023-12-08,-0.0072591101979185,0.0103691850341619,0.0072591101979185,5.2694680865525615e-05,46,0.012991667847128116,-0.002622482812966216
2023-12-11,0.0030278825954446,0.0108088630351169,0.0030278825954446,9.168073011796878e-06,46,0.01175954173456077,-0.0009506786994438691
2023-12-12,-0.0049035447768347,0.0112816718062639,0.0049035447768347,2.404475137842293e-05,46,0.012305811795951983,-0.0010241399896880835
2023-12-13,0.0014633907064814,0.0108928932109256,0.0014633907064814,2.1415123598162643e-06,46,0.011303799215233418,-0.00041090600430781707
2023-12-14,0.0104748593343463,0.0113958219053319,0.0104748593343463,0.0001097226780743,46,0.013927652079624186,-0.002531830174292286
2023-12-15,0.0064568982885581,0.0133704106735619,0.0064568982885581,4.16915355087855e-05,46,0.012758115254244702,0.0006122954193171978
2023-12-18,0.0065501495456757,0.0121282071386827,0.0065501495456757,4.290445907071681e-05,46,0.01278526523659338,-0.0006570580979106816
2023-12-19,0.0012489177266453,0.0073871267079156,0.0012489177266453,1.5597954879290434e-06,46,0.011241315457738004,-0.0038541887498224035
2023-12-20,-0.0259485078449481,0.0156203888175741,0.0259485078449481,0.0006733250593793,46,0.018426183085131005,-0.002805794267556906
2023-12-21,0.0115506155701725,0.0140501390911007,0.0115506155701725,0.0001334167200499,46,0.01424068034912666,-0.00019054125802596064
2023-12-22,0.0082270560201245,0.0099905765966848,0.0082270560201245,6.768445075826754e-05,46,0.013273440294654855,-0.0032828636979700555
2023-12-26,0.0080414662130099,0.0158072939781901,0.0080414662130099,6.46651788549804e-05,46,0.013219417091772323,0.0025878768864177754
2023-12-27,0.0055689220773501,0.0084096654010142,0.0055689220773501,3.1012893103597554e-05,46,0.012499566259145597,-0.004089900858131398
2023-12-28,0.0022893529446007,0.0098582564931666,0.0022893529446007,5.241136904952272e-06,46,0.011544416313763786,-0.0016861598205971853
2023-12-29,0.0041937677151391,0.0103064018724896,0.0041937677151391,1.758768764854328e-05,46,0.012099110566229324,-0.0017927086937397241
2024-01-01,0.0038228206868203,0.0087133735266505,0.0038228206868203,1.4613958003581436e-05,46,0.011991076092656133,-0.0032777025660056334
2024-01-02,0.0034070510086127,0.0141110323228088,0.0034070510086127,1.1607996575288964e-05,46,0.011869981527782182,0.002241050795026617
2024-01-03,0.0027297892815759,0.0144910814284808,0.0027297892815759,7.451749521806848e-06,46,0.011672712880928082,0.0028183685475527184
2024-01-04,0.0070713097583501,0.0110042927986108,0.0070713097583501,5.000342169853867e-05,46,0.012936994521297483,-0.0019327017226866833
2024-01-05,0.0018954405671108,0.0102717189721635,0.0018954405671108,3.5926949434494267e-06,46,0.011429665919832466,-0.0011579469476689658
2024-01-08,-0.0083226107701464,0.0102954318508691,0.0083226107701464,6.926585003135727e-05,46,0.013301254768342886,-0.003005822917473786
2024-01-09,0.0027805834691487,0.0085724433313681,0.0027805834691487,7.731644428903431e-06,46,0.011687508480479827,-0.0031150651491117266
2024-01-10,0.0047254727989824,0.0103822922437832,0.0047254727989824,2.2330093173923327e-05,46,0.012253955411222886,-0.0018716631674396862
2024-01-11,0.0038358209639825,0.0107373693302912,0.0038358209639825,1.4713522467727774e-05,46,0.011994862373290739,-0.0012574930429995381
2024-01-12,0.0040594000931005,0.0110527220569474,0.0040594000931005,1.6478729115865072e-05,46,0.01205997796949922,-0.0010072559125518191
2024-01-15,-9.027303293529558e-05,0.0100618898876112,9.027303293529558e-05,8.149220475336961e-09,46,0.010903731250192126,-0.0008418413625809248
2024-01-16,-0.0036245183627218,0.0118634155135629,0.0036245183627218,1.313713336170753e-05,46,0.011933320541364836,-6.990502780193641e-05
2024-01-17,-0.0142087482281461,0.0124839083419438,0.0142087482281461,0.0002018885262108,46,0.015013974619084366,-0.0025300662771405667
2024-01-18,-0.0047104591513954,0.0114676554822523,0.0047104591513954,2.218842541696525e-05,45,0.012249583230376924,-0.000781927748124623
2024-01-19,0.0102181837106149,0.0134651225663833,0.0102181837106149,0.0001044112783438,46,0.013852957249247504,-0.0003878346828642045
2024-01-23,-0.0211356195900823,0.0214730461457919,0.0211356195900823,0.0004467144154566,46,0.017027905122073254,0.004445141023718645
2024-01-24,0.0099476497375153,0.0152440384783418,0.0099476497375153,9.895573530028923e-05,46,0.013774226920491963,0.0014698115578498372
2024-01-25,-0.0063351557544163,0.012430795722469,0.0063351557544163,4.013419843271514e-05,46,0.012722669596728502,-0.0002918738742595031
2024-01-29,0.0112730482974577,0.0169676322980757,0.0112730482974577,0.0001270816179168,46,0.014159916642850929,0.002807715655224771
2024-01-30,-0.0063014509914074,0.0111820687289072,0.0063014509914074,3.970828459710992e-05,46,0.012712856271286477,-0.0015307875423792774
2024-01-31,0.0186508226375485,0.0152963485632868,0.0186508226375485,0.0003478531850572,46,0.016305672081806003,-0.0010093235185192027
2024-02-01,-0.0056967676990897,0.0163714671366599,0.0056967676990897,3.245316221739232e-05,46,0.012536792401967726,0.003834674734692173
2024-02-02,-0.001818926201246,0.0153571216926208,0.001818926201246,3.3084925255792897e-06,46,0.011407375906984898,0.003949745785635903
2024-02-05,-0.0073006064199209,0.016701325607245,0.0073006064199209,5.329885409859031e-05,46,0.013003748244354556,0.003697577362890444
2024-02-06,0.0104043100526003,0.0148752152432265,0.0104043100526003,0.0001082496676706,46,0.0139071218666324,0.0009680933765941011
2024-02-07,0.0059120391646582,0.0159149657398295,0.0059120391646582,3.495220708445318e-05,46,0.012599473893623063,0.003315491846206437
2024-02-08,-0.0115978315044018,0.0137074731399625,0.0115978315044018,0.0001345096956044,46,0.014254418482785403,-0.0005469453428229038
2024-02-09,0.0003500720784001,0.0151608319365278,0.0003500720784001,1.2255046007538365e-07,46,0.010979430888735712,0.0041814010477920875
2024-02-12,-0.0107877870298029,0.0124248746003327,0.0107877870298029,0.0001163763490003,46,0.014018713502682944,-0.001593838902350245
2024-02-13,0.0032964259159398,0.0104914221454589,0.0032964259159398,1.0866423819279677e-05,46,0.011837760470580983,-0.0013463383251220828
2024-02-14,0.0027099107365939,0.0123275334979621,0.0027099107365939,7.343616200307046e-06,46,0.011666922527633256,0.000660610970328844
2024-02-15,0.002404114517579,0.0127280593440265,0.002404114517579,5.779766613634257e-06,46,0.011577846379676125,0.001150212964350375
2024-02-16,0.0096391541407527,0.0128123241606287,0.0096391541407527,9.29132925491902e-05,46,0.013684445811150778,-0.0008721216505220789
2024-02-19,0.0085878941858781,0.0124844204687612,0.0085878941858781,7.375192654783923e-05,46,0.013378472823236742,-0.000894052354475542
2024-02-20,0.0002457997960219,0.0114108477666638,0.0002457997960219,6.041753972444814e-08,46,0.010949048570321696,0.0004617991963421046
2024-02-21,-0.0069562070221203,0.0087807434664939,0.0069562070221203,4.8388816134596073e-05,46,0.012903484649261074,-0.004122741182767174
2024-02-22,0.0051253663466304,0.010342791047486,0.0051253663466304,2.626938018717181e-05,46,0.012370406893996195,-0.0020276158465101952
2024-02-23,0.0017416796509776,0.0085292653053659,0.0017416796509776,3.033448006629553e-06,46,0.0113848723792289,-0.0028556070738630004
2024-02-26,0.001164937741014,0.0113709157678531,0.001164937741014,1.3570799404389286e-06,46,0.011216848585491834,0.00015406718236126576
2024-02-27,0.0017229620859329,0.0107292034884014,0.0017229620859329,2.968598349562415e-06,46,0.01137941953025307,-0.00065021604185167
2024-02-28,-0.0119208948865367,0.0110626889393757,0.0119208948865367,0.0001421077348958,46,0.014348416093738818,-0.003285727154363118
2024-02-29,0.0039030524340754,0.0084234045372601,0.0039030524340754,1.523381830314217e-05,46,0.012014443181639673,-0.0035910386443795735
2024-03-01,0.0080766526664246,0.0150321741160849,0.0080766526664246,6.523231829406511e-05,46,0.013229659587499653,0.0018025145285852466
2024-03-04,0.0043528904871385,0.0109158219918976,0.0043528904871385,1.894765559302134e-05,46,0.012145451885977529,-0.0012296298940799293
2024-03-05,0.0001390352289913,0.0155819844688788,0.0001390352289913,1.9330794900675332e-08,46,0.010917939652381168,0.0046640448164976325
2024-03-06,0.000336611159511,0.0134638382147467,0.000336611159511,1.1330707270736949e-07,46,0.010975508738072374,0.002488329476674326
2024-03-07,0.0098851164090461,0.0127988425838287,0.0098851164090461,9.771552642039264e-05,46,0.01375602819996367,-0.0009571856161349705
2024-03-11,-0.0084493286093718,0.0126237178637339,0.0084493286093718,7.139115394915032e-05,46,0.013338139810351517,-0.0007144219466176174
2024-03-12,-0.0100686403950568,0.0122083247275749,0.0100686403950568,0.0001013775194049,46,0.013809437741959005,-0.0016011130143841062
2024-03-13,-0.027748199258474,0.0197464467712412,0.027748199258474,0.0007699625620879,46,0.018948826694083012,0.0007976200771581884
2024-03-14,0.0179502903718944,0.0169025681645507,0.0179502903718944,0.0003222129244353,46,0.01610201416552107,0.0008005539990296288
2024-03-15,-0.0015819599653632,0.0133247505573419,0.0015819599653632,2.502597332011952e-06,46,0.01133834202112502,0.00198640853621688
2024-03-18,0.0024784043262286,0.0112383453061682,0.0024784043262286,6.142488004268996e-06,46,0.011599486757802473,-0.00036114145163427223
2024-03-19,-0.0102893615599571,0.0114862025982562,0.0102893615599571,0.0001058709613115,46,0.013873670860661028,-0.0023874682624048273
2024-03-20,-0.0005075396350346,0.0125854915099151,0.0005075396350346,2.575964811310552e-07,46,0.01102531222013785,0.0015601792897772509
2024-03-21,0.0134227834884429,0.0116094186233813,0.0134227834884429,0.0001801711165776,46,0.014785351429610828,-0.0031759328062295287
2024-03-22,0.007954773659214,0.0112320291937205,0.007954773659214,6.327842396932526e-05,46,0.013194181388841267,-0.0019621521951207668
2024-03-26,0.0007466455731866,0.0133688406209962,0.0007466455731866,5.574796119592684e-07,46,0.01109497880400078,0.0022738618169954213
2024-03-27,-0.0003099615658518,0.0099288099595825,0.0003099615658518,9.607617230535554e-08,46,0.01096774374190322,-0.0010389337823207192
2024-03-28,0.008603765697263,0.0109626070545314,0.008603765697263,7.40247841734008e-05,46,0.0133830925830725,-0.0024204855285410998
2024-04-01,0.0138781554801238,0.0124739950223722,0.0138781554801238,0.0001926031995304,46,0.01491781380057224,-0.0024438187782000412
2024-04-02,0.0043468719436578,0.0107873458565154,0.0043468719436578,1.8895295694559527e-05,46,0.012143699122542912,-0.001356353266027512
2024-04-03,0.0030897835697247,0.012420301938324,0.0030897835697247,9.546762507740713e-06,46,0.01177757189276023,0.0006427300455637708
2024-04-04,0.0053643777949369,0.0141775598175894,0.0053643777949369,2.877654912681257e-05,46,0.012440005728772211,0.0017375540888171885
2024-04-05,0.0033138922992723,0.0099156431454038,0.0033138922992723,1.0981882171176497e-05,46,0.01184284782104064,-0.00192720467563684
2024-04-08,0.0041664317676966,0.0116224605142336,0.0041664317676966,1.7359153674871826e-05,46,0.012091149426272544,-0.00046868891203894446
2024-04-09,-0.0016755745542464,0.009378502942099,0.0016755745542464,2.8075500868382285e-06,46,0.011365614416110384,-0.0019871114740113837
2024-04-10,0.0052715193934394,0.0102806517285424,0.0052715193934394,2.778891671540786e-05,46,0.012412966114189083,-0.0021323143856466827
2024-04-12,-0.0087277870948606,0.0126369357205161,0.0087277870948606,7.617426757321564e-05,46,0.013419191480046513,-0.0007822557595304133
2024-04-15,-0.0163698011194823,0.0080589540263941,0.0163698011194823,0.0002679703886914,46,0.015642470504667716,-0.007583516478273615
2024-04-16,-0.0029343596304637,0.009866781511064,0.0029343596304637,8.610466440895586e-06,46,0.011732300640747218,-0.0018655191296832185
2024-04-18,-0.0080912308052007,0.0101429355024969,0.0080912308052007,6.546801594303002e-05,46,0.01323390315411531,-0.0030909676516184103
2024-04-19,-0.000516623166919,0.0099681403351415,0.000516623166919,2.6689949659751585e-07,46,0.011027958861802635,-0.0010598185266611354
2024-04-22,0.0095298133932691,0.0086466943147482,0.0095298133932691,9.081734331053231e-05,46,0.013652623670094061,-0.005005929355345861
2024-04-23,0.0030686145266958,0.0100053270525554,0.0030686145266958,9.416395113448769e-06,46,0.01177140591190591,-0.00176607885935051
2024-04-24,0.0043825343869216,0.0096019297334094,0.0043825343869216,1.920660765255053e-05,46,0.01215408497600011,-0.00255215524259071
2024-04-25,0.0065625414967268,0.0115541100180274,0.0065625414967268,4.306695089626127e-05,46,0.0127888731131892,-0.0012347630951618001
2024-04-26,0.001065030402521,0.0144162083822855,0.001065030402521,1.1342897582941224e-06,46,0.01118774107637114,0.0032284673059143603
2024-04-29,0.0030991595423475,0.0103786813854151,0.0030991595423475,9.604789868924022e-06,46,0.011780302859726725,-0.0014016214743116252
2024-04-30,0.0007475178048094,0.0102701134154198,0.0007475178048094,5.587828685071612e-07,46,0.011095232936064969,-0.0008251195206451685
2024-05-02,0.0049634017331747,0.009837177292126,0.0049634017331747,2.463535676488216e-05,46,0.012323242495537996,-0.0024860652034119964
2024-05-03,-0.0045846056025105,0.0092296091237515,0.0045846056025105,2.101860853057089e-05,46,0.012212932621508637,-0.002983323497757137
2024-05-06,-0.0079998612172114,0.0140864644854878,0.0079998612172114,6.399777949464342e-05,46,0.013207306151380216,0.0008791583341075833
2024-05-07,-0.0096496894458481,0.0131032226544549,0.0096496894458481,9.31165064013138e-05,46,0.0136875119457491,-0.0005842892912942006
2024-05-08,0.0030157625763119,0.0146738457152762,0.0030157625763119,9.094823916683583e-06,46,0.011756011469057033,0.0029178342462191677
2024-05-09,-0.0181414957383367,0.0154657116053468,0.0181414957383367,0.000329113867624,46,0.016157602939096925,-0.0006918913337501248
2024-05-10,0.0105909309192898,0.0107916708584572,0.0105909309192898,0.0001121678177371,46,0.013961429128219864,-0.0031697582697626653
2024-05-13,0.0040941456729244,0.0161384523466213,0.0040941456729244,1.6762028791126248e-05,46,0.01207009717245022,0.0040683551741710795
2024-05-14,0.003155015291824,0.01504709520576,0.003155015291824,9.954121491643844e-06,46,0.011796572060845873,0.003250523144914126
2024-05-15,0.0011691889043096,0.009158146172274,0.0011691889043096,1.3670026939606833e-06,46,0.011218087132832351,-0.0020599409605583513
2024-05-16,0.008473996006559,0.0074216148477856,0.008473996006559,7.18086083191786e-05,46,0.013345319930889341,-0.0059237050831037405
2024-05-17,0.0052992873281545,0.0121838892192662,0.0052992873281545,2.808244618633897e-05,46,0.012421051944854473,-0.0002371627255882726
2024-05-21,0.0047557585030265,0.016447876915524,0.0047557585030265,2.2617238939109e-05,46,0.01226277500013885,0.00418510191538515
2024-05-22,0.00531400798208,0.010319504967802,0.00531400798208,2.823868083361089e-05,46,0.012425338486137135,-0.002105833518335135
2024-05-23,0.0061887275584297,0.0166520736082623,0.0061887275584297,3.830034879246731e-05,46,0.012680035928696438,0.003972037679565863
2024-05-24,-0.0045268030448166,0.0096366879628426,0.0045268030448166,2.049194580656169e-05,46,0.012196099379263466,-0.002559411416420866
2024-05-27,0.0016760456457365,0.0115098690493212,0.0016760456457365,2.809129006592523e-06,46,0.011365751656659605,0.0001441173926615951
2024-05-28,-0.0062157712899368,0.01296964136455,0.0062157712899368,3.863581272880301e-05,46,0.012687909972880145,0.0002817313916698549
2024-05-29,-0.0045514321705227,0.0123889487356888,0.0045514321705227,2.071553480286953e-05,46,0.012203271880209659,0.0001856768554791416
2024-05-30,-0.0119605555071578,0.0121561655374238,0.0119605555071578,0.0001430548880398,46,0.014359955374005702,-0.002203789836581902
2024-05-31,0.0051012830279941,0.0185267743572193,0.0051012830279941,2.6023088531701387e-05,46,0.012363393847052847,0.006163380510166452
2024-06-03,0.0242630925347781,0.0251468359056163,0.0242630925347781,0.0005886976593512,46,0.01793661907632762,0.007210216829288681
2024-06-04,-0.0550681770625304,0.0442536626744641,0.0550681770625304,0.0030325041249902,46,0.026868254306511897,0.017385408367952205
2024-06-05,0.037966740258246,0.0190630877262463,0.037966740258246,0.0014414733658371,46,0.021914128536538763,-0.002851040810292464
2024-06-06,0.0124986519286295,0.0173863180592406,0.0124986519286295,0.000156216300033,46,0.014516509171471254,0.0028698088877693456
2024-06-07,0.0177356608167677,0.0115380668175732,0.0177356608167677,0.0003145536646074,46,0.016039613734979273,-0.004501546917406073
2024-06-10,0.0054301399653145,0.0085309799457571,0.0054301399653145,2.94864200429062e-05,46,0.01245915495021447,-0.003928175004457369
2024-06-11,0.0009811629741716,0.0103391027511615,0.0009811629741716,9.626807818853326e-07,46,0.01116330643495311,-0.0008242036837916092
2024-06-12,0.001281798935682,0.0089834917692674,0.001281798935682,1.6430085115155083e-06,46,0.01125089505524951,-0.0022674032859821107
2024-06-13,0.0054798153307388,0.0125001334855369,0.0054798153307388,3.002837605900012e-05,46,0.01247361976633139,2.651371920550996e-05
2024-06-14,0.0056568406398638,0.0109163497604105,0.0056568406398638,3.1999846024815765e-05,46,0.01252516648774132,-0.0016088167273308196
2024-06-18,0.0036102193412108,0.0111506421606183,0.0036102193412108,1.3033683691653154e-05,46,0.011929155896005447,-0.0007785137353871468
2024-06-19,-0.0039328959376455,0.0115920837137288,0.0039328959376455,1.5467670456348666e-05,46,0.012023134890661428,-0.0004310511769326283
2024-06-20,0.0036723176416709,0.0108360165509992,0.0036723176416709,1.348591686132778e-05,46,0.011947242212284976,-0.0011112256612857765
2024-06-21,-0.0039988902022706,0.0089902872839729,0.0039988902022706,1.5991122849815857e-05,46,0.012042355137535724,-0.003052067853562823
2024-06-24,0.0033104493526474,0.0133339058781425,0.0033104493526474,1.0959074916443925e-05,46,0.011841845011220401,0.0014920608669220983
2024-06-25,0.0006589058061311,0.0116942970820557,0.0006589058061311,4.341568613533712e-07,46,0.011069414938754357,0.0006248821433013432
2024-06-26,0.0023730503742944,0.0104744692644191,0.0023730503742944,5.631368078939193e-06,46,0.01156879743677486,-0.0010943281723557602
2024-06-27,0.0078984756382088,0.0139579128048989,0.0078984756382088,6.238591740737882e-05,46,0.013177793212617351,0.0007801195922815495
2024-06-28,0.0002183846265319,0.0101756199196089,0.0002183846265319,4.769184510549103e-08,46,0.010941060414230914,-0.0007654404946220144
2024-07-01,0.0097554784663021,0.0122740667206973,0.0097554784663021,9.516936010648417e-05,46,0.013718299949579283,-0.0014442332288819824
2024-07-02,0.000249804417311,0.0102967250442676,0.000249804417311,6.240224690812296e-08,46,0.010950215423479567,-0.000653490379211967
2024-07-03,0.0040187431228012,0.0094069180444038,0.0040187431228012,1.615029628706205e-05,46,0.012048137094296316,-0.0026412190498925157
2024-07-04,0.0013153478746923,0.0110549416131091,0.0013153478746923,1.7301400314575518e-06,46,0.011260669148323115,-0.00020572753521401477
2024-07-05,0.0067859021671667,0.0136471053459736,0.0067859021671667,4.604846822235856e-05,46,0.012853902892843081,0.000793202453130519
2024-07-08,0.0008298620631012,0.0131098012399825,0.0008298620631012,6.886710437747427e-07,46,0.011119224507672682,0.001990576732309818
2024-07-09,0.0069068913552344,0.0109532179590278,0.0069068913552344,4.770514819301304e-05,46,0.012889127226098883,-0.0019359092670710835
2024-07-10,-0.0014453094719562,0.0084358150001219,0.0014453094719562,2.088919469726332e-06,46,0.011298531560547394,-0.0028627165604254937
2024-07-11,0.0037461419886407,0.0095291347504756,0.0037461419886407,1.4033579799057369e-05,46,0.011968743591960164,-0.0024396088414845637
2024-07-12,0.0026990882139896,0.0101791827191366,0.0026990882139896,7.2850771868975805e-06,46,0.011663770066031245,-0.0014845873468946457
2024-07-15,0.0039443443691851,0.0081152510837102,0.0039443443691851,1.5557852502722976e-05,46,0.012026469156640723,-0.003911218072930522
2024-07-16,-0.0010098254425926,0.0086492314694307,0.0010098254425926,1.019747424507537e-06,46,0.011171657228218624,-0.002522425758787925
2024-07-18,-0.0006048165430975,0.0128514153185373,0.0006048165430975,3.658030508044421e-07,46,0.011053655347164796,0.0017977599713725045
2024-07-19,-0.0141361059320022,0.0104747628275204,0.0141361059320022,0.0001998294909207,46,0.014992845208859072,-0.004518082381338672
2024-07-22,0.00266483109644,0.0101728264025167,0.00266483109644,7.1013247725540194e-06,46,0.011653791380272954,-0.001480964977756254
2024-07-23,-0.0028655142420472,0.0148189775010372,0.0028655142420472,8.21117187137581e-06,46,0.011712247355094066,0.0031067301459431346
2024-07-24,0.0068208407437269,0.0125511591024669,0.0068208407437269,4.65238684512855e-05,46,0.012864074832264732,-0.00031291572979783196
2024-07-25,0.0019261257251601,0.0138394483405271,0.0019261257251601,3.7099603091238095e-06,46,0.011438604999098415,0.0024008433414286854
2024-07-26,0.0195887713203633,0.0154292844921975,0.0195887713203633,0.0003837199618414,46,0.016578323419386455,-0.0011490389271889556
2024-07-29,0.0049931054870717,0.0111307821340775,0.0049931054870717,2.493110240502571e-05,46,0.012331892355824351,-0.0012011102217468518
2024-07-30,0.0052486773177174,0.012992610813172,0.0052486773177174,2.7548613585521853e-05,46,0.012406314638553757,0.0005862961746182435
2024-07-31,0.0055968787873159,0.010776140654555,0.0055968787873159,3.132505215990765e-05,46,0.012507706756791212,-0.0017315661022362112
2024-08-01,0.0003809724601572,0.0108495171550697,0.0003809724601572,1.4514001539823462e-07,46,0.010988434406074681,-0.00013891725100498124
2024-08-02,0.0007924029862171,0.0163603676641857,0.0007924029862171,6.279024925658745e-07,46,0.011108310576069601,0.005252057088116099
2024-08-05,-0.0314593562928094,0.0146173087273658,0.0314593562928094,0.0009896910983579,46,0.020026201340418937,-0.005408892613053136
2024-08-06,-0.0034293589207408,0.011161415000561,0.0034293589207408,1.1760502607265092e-05,46,0.011876478955429957,-0.0007150639548689566
2024-08-07,0.0169368816148347,0.0139451649890275,0.0169368816148347,0.0002868579588349,46,0.015807365517445406,-0.0018622005284179063
2024-08-08,-0.0056612031998207,0.0135368798002754,0.0056612031998207,3.2049221669660666e-05,46,0.012526436775654248,0.001010443024621152
2024-08-09,0.0067906168852993,0.0093789449586588,0.0067906168852993,4.611247768291237e-05,46,0.012855275527983545,-0.003476330569324745
2024-08-12,-0.0001560582570417,0.0106495832500375,0.0001560582570417,2.4354179590905204e-08,46,0.010922899827550759,-0.0002733165775132586
2024-08-13,-0.0094760488043778,0.0127728815197889,0.0094760488043778,8.979550094295098e-05,46,0.013636976056183149,-0.0008640945363942495
2024-08-14,-4.432619279560624e-05,0.0123233929332496,4.432619279560624e-05,1.9648113677532543e-09,46,0.010890343111369211,0.0014330498218803889
2024-08-16,0.0173972862226898,0.0106929468328185,0.0173972862226898,0.0003026655679141,46,0.015941232819625874,-0.005248285986807374
2024-08-19,0.0030353325616595,0.0098056381433794,0.0030353325616595,9.213243759870544e-06,46,0.011761711725073936,-0.0019560735816945354
2024-08-20,0.0057713132480196,0.0076392616721739,0.0057713132480196,3.3308056606766895e-05,46,0.01255849833190356,-0.004919236659729659
2024-08-21,0.0107331277805119,0.0118324723011264,0.0107331277805119,0.0001152000319527,46,0.014002808012021617,-0.0021703357108952166
2024-08-22,-0.0012443232553044,0.0091119690006356,0.0012443232553044,1.54834036369154e-06,46,0.011239976903266785,-0.0021280079026311845
2024-08-23,-0.0001569566039446,0.0117580254196986,0.0001569566039446,2.4635375521847244e-08,46,0.010923161587855381,0.0008348638318432192
2024-08-26,0.0050302830233567,0.0106387671755535,0.0050302830233567,2.530374729507116e-05,46,0.012342718568231818,-0.001703951392678319
2024-08-27,0.0037850624338329,0.0114002921455806,0.0037850624338329,1.4326697628013718e-05,45,0.011980079112033627,-0.0005797869664530258
2024-08-28,-0.0031655742257533,0.0091001637910009,0.0031655742257533,1.0020860178753693e-05,46,0.01179964756708554,-0.00269948377608464
2024-08-29,0.0007921374327996,0.0084839039935905,0.0007921374327996,6.274817124424928e-07,46,0.011108233205271554,-0.002624329211681053
2024-08-30,0.0067244878996275,0.0108466829953614,0.0067244878996275,4.521873751223692e-05,46,0.012836022771859176,-0.0019893397764977755
2024-09-02,0.0019173022189213,0.0130412085343246,0.0019173022189213,3.676047798680832e-06,46,0.011436034573562329,0.0016051739607622715
2024-09-03,0.0026001377903218,0.0088064642536607,0.0026001377903218,6.76071652866004e-06,46,0.011634946882718074,-0.002828482629057374
2024-09-04,-0.0001078985814217,0.0117778526025084,0.0001078985814217,1.1642103872829732e-08,46,0.010908867019077145,0.0008689855834312539
2024-09-05,0.004016393539596,0.0115242770890049,0.004016393539596,1.61314170649086e-05,46,0.012047452803357799,-0.0005231757143528987
2024-09-06,-0.0097952773459218,0.0099111254982296,0.0097952773459218,9.594745828353068e-05,46,0.013729882596671022,-0.0038187570984414224
2024-09-09,0.0024379038758528,0.0093253702023675,0.0024379038758528,5.9433753078984e-06,46,0.011587689134089944,-0.0022623189317224433
2024-09-10,0.0073154549221741,0.0136218015884352,0.0073154549221741,5.35158807183627e-05,46,0.01300807093119793,0.0006137306572372696
2024-09-11,-0.0057001194160487,0.0102651091193036,0.0057001194160487,3.249136135721544e-05,46,0.012537768348333624,-0.002272659229030024
2024-09-12,0.0105986812825745,0.0091149618581121,0.0105986812825745,0.0001123320449295,46,0.01396368448096566,-0.00484872262285356
2024-09-13,-0.0007846090775252,0.0088781313503977,0.0007846090775252,6.156114045349939e-07,46,0.011106039766584332,-0.0022279084161866327
2024-09-16,0.0040573385031927,0.0140005920499551,0.0040573385031927,1.646199572949033e-05,46,0.012059377556588528,0.0019412144933665717
2024-09-17,-0.0022325709008044,0.0083554925936477,0.0022325709008044,4.984372827118593e-06,46,0.01152787551718603,-0.0031723829235383305
2024-09-18,-0.0030050461618904,0.013386892149914,0.0030050461618904,9.030302435092444e-06,46,0.011752890034859397,0.0016340021150546037
2024-09-19,-0.0017624002960033,0.0114815529425594,0.0017624002960033,3.106054803352847e-06,46,0.01139090875570488,9.06441868545188e-05
2024-09-20,0.0088251075525417,0.0102757233402029,0.0088251075525417,7.788252331392988e-05,46,0.013447518144383297,-0.003171794804180398
2024-09-23,0.0084665396322607,0.009710162100593,0.0084665396322607,7.16822933446416e-05,46,0.013343149551576353,-0.003632987450983352
2024-09-24,-0.0009959636520158,0.0103040645522081,0.0009959636520158,9.919435961366884e-07,46,0.011167618607449631,-0.0008635540552415309
2024-09-25,-0.0018432707553304,0.0098418254383854,0.0018432707553304,3.397647077456455e-06,46,0.011414467937190143,-0.0015726424988047431
2024-09-26,0.0038315039733996,0.0094468233307133,0.0038315039733996,1.4680422698177269e-05,46,0.011993605067099417,-0.0025467817363861167
2024-09-27,-0.0024171538469971,0.013487079967512,0.0024171538469971,5.842632720052941e-06,46,0.011581644708212366,0.0019054352592996343
2024-09-30,-0.0083903149613211,0.0099690358459038,0.0083903149613211,7.039738515016919e-05,46,0.013320962184248145,-0.0033519263383443455
2024-10-01,0.0030463941927087,0.0137166485163593,0.0030463941927087,9.280517577369688e-06,46,0.01176493370030846,0.00195171481605084
2024-10-03,-0.0191741107976247,0.0127989293391933,0.0191741107976247,0.0003676465248795,46,0.01645779013210151,-0.0036588607929082095
2024-10-04,-0.0094341912126166,0.0109040244321764,0.0094341912126166,8.900396383621246e-05,46,0.013624793774696591,-0.0027207693425201906
2024-10-07,-0.0173584551566206,0.0138910346912961,0.0173584551566206,0.0003013159654244,46,0.015929942592189345,-0.002038907900893245
2024-10-08,0.0141722447429353,0.0185341259930887,0.0141722447429353,0.0002008525210536,46,0.015003356901740126,0.003530769091348574
2024-10-09,0.008053442304799,0.014989414615011,0.008053442304799,6.485793295672656e-05,46,0.013222903241562323,0.0017665113734486766
2024-10-10,-0.0025282704032474,0.0110612431967446,0.0025282704032474,6.392151231937169e-06,46,0.011614012470036727,-0.0005527692732921266
2024-10-11,0.0019092713503731,0.0088046846837774,0.0019092713503731,3.645317089355801e-06,46,0.011433695053331425,-0.0026290103695540256
2024-10-14,-0.0009177861034848,0.0114015536619653,0.0009177861034848,8.423313317499305e-07,46,0.01114484151478808,0.000256712147177221
2024-10-15,-0.001489943668109,0.0094851920951349,0.001489943668109,2.2199321341383425e-06,46,0.01131153493936853,-0.0018263428442336308
2024-10-16,-0.0032004993843557,0.0079513134921119,0.0032004993843557,1.0243196309261464e-05,46,0.011809820207459838,-0.0038585067153479383
2024-10-17,-0.0120635197639676,0.0094005757905702,0.0120635197639676,0.0001455285090956,46,0.014389912615888206,-0.004989336825318007
2024-10-18,0.0018811353922347,0.012390201498343,0.0018811353922347,3.5386703639181404e-06,46,0.011425498580959951,0.0009647029173830493
2024-10-21,-0.005834888303831,0.0130232461873962,0.005834888303831,3.404592151818484e-05,46,0.012577009749426772,0.00044623643796942725
2024-10-22,-0.0202171577546394,0.0108658130851699,0.0202171577546394,0.0004087334676759,46,0.016760970492442438,-0.005895157407272537
2024-10-23,0.0016642162303947,0.0147637788230493,0.0016642162303947,2.769615661509443e-06,46,0.011362305454285184,0.003401473368764117
2024-10-24,-0.0023162622035399,0.0104188754899751,0.0023162622035399,5.365070595547789e-06,46,0.011552255028585033,-0.001133379538609933
2024-10-25,-0.0122497422054642,0.015012516571498,0.0122497422054642,0.0001500561841003,46,0.014444092676712617,0.0005684238947853831
2024-10-28,0.008855764759767,0.011036442989966,0.008855764759767,7.842456948033174e-05,46,0.013456441339797932,-0.002419998349831932
2024-10-29,0.0045509039699827,0.0131616361771688,0.0045509039699827,2.071072694400448e-05,46,0.012203118057731117,0.0009585181194376822
2024-10-30,-0.0003578850294822,0.0132372495556688,0.0003578850294822,1.2808169432753226e-07,45,0.010981707370063447,0.0022555421856053533
2024-10-31,-0.0015843754874314,0.0137794297165564,0.0015843754874314,2.5102456851735144e-06,46,0.01133904573032745,0.00244038398622895
2024-11-01,0.0063006373941313,0.0057506337880945,0.0063006373941313,3.969803157232685e-05,46,0.012712619387493728,-0.006961985599399228
2024-11-04,-0.0126775366611424,0.0106488971314385,0.0126775366611424,0.0001607199357946,46,0.014568551566922931,-0.003919654435484431
2024-11-05,0.0090749833931954,0.014036618309186,0.0090749833931954,8.23553235867731e-05,45,0.01352024689434364,0.00051637141484236
2024-11-06,0.0170983168028194,0.0163333233880732,0.0170983168028194,0.0002923524374895,46,0.015854305312540513,0.00047901807553268547
2024-11-07,-0.0083514014616036,0.0110337691301368,0.0083514014616036,6.974590637287635e-05,46,0.013309635217217713,-0.0022758660870809133
2024-11-08,-0.0073638514573813,0.0142588481261478,0.0073638514573813,5.422630828637799e-05,46,0.013022160044993524,0.0012366880811542757
2024-11-11,-0.0038017722560047,0.0130182452856758,0.0038017722560047,1.445347228652736e-05,46,0.011984945805221229,0.0010332994804545716
2024-11-12,-0.0129597224470742,0.0112336239682203,0.0129597224470742,0.0001679544059052,46,0.014650644655617273,-0.0034170206873969725
2024-11-13,-0.0190553917806482,0.0096266849634305,0.0190553917806482,0.0003631079559139,46,0.0164232798013751,-0.0067965948379446
2024-11-14,0.0053037133450228,0.0139600283313477,0.0053037133450228,2.812937524617351e-05,46,0.012422340767779075,0.0015376875635686252
2024-11-18,-0.0065392254933245,0.0128887583513481,0.0065392254933245,4.276147005254547e-05,46,0.012782084729330755,0.00010667362201734545
2024-11-19,0.0052662463435246,0.0108104872035871,0.0052662463435246,2.773335055068716e-05,46,0.012411430635325274,-0.0016009434317381752
2024-11-21,-0.0198559212916361,0.0257236868162092,0.0198559212916361,0.0003942576103396,46,0.016655975103983343,0.009067711712225857
2024-11-22,0.0162499906301837,0.0158496511828409,0.0162499906301837,0.000264062195481,46,0.015607630649269814,0.0002420205335710874
2024-11-25,0.0077358321370947,0.0139466816267097,0.0077358321370947,5.98430988533077e-05,46,0.013130447553993703,0.0008162340727159972
2024-11-26,-0.000428677141945,0.0160809479587736,0.000428677141945,1.8376409202620042e-07,46,0.011002334163749655,0.005078613795023945
2024-11-27,0.0130634996455004,0.020723304849652,0.0130634996455004,0.0001706550229879,46,0.014680834641248896,0.006042470208403103
2024-11-28,-0.0015858632943292,0.0147405575261657,0.0015858632943292,2.5149623883007547e-06,46,0.011339479170023002,0.003401078356142697
2024-11-29,0.0108076015946697,0.0144164029250074,0.0108076015946697,0.0001168042522291,46,0.014024479386974355,0.0003919235380330458
2024-12-02,0.0070834534468172,0.0122789995953881,0.0070834534468172,5.017531273322742e-05,46,0.0129405298864793,-0.0006615302910912002
2024-12-03,0.0082575899933145,0.0123734185149197,0.0082575899933145,6.818779249768869e-05,46,0.013282328286618943,-0.0009089097716992438
2024-12-04,0.0032191840492184,0.0121229708847475,0.0032191840492184,1.036314594274224e-05,46,0.011815262465888219,0.0003077084188592809
2024-12-05,0.004833272904517,0.0102311170830256,0.004833272904517,2.3360526969538447e-05,46,0.012285348044647633,-0.0020542309616220326
2024-12-06,0.0042950224985836,0.0126822427812923,0.0042950224985836,1.8447218263339543e-05,46,0.012128599100297111,0.0005536436809951886
2024-12-09,-0.0033756135453029,0.0107621794831714,0.0033756135453029,1.139476680723245e-05,46,0.011860824985975554,-0.001098645502804153
2024-12-10,-0.0007725029372612,0.0112350470563771,0.0007725029372612,5.967607880772721e-07,46,0.011102512554059977,0.00013253450231712378
2024-12-11,-0.0001675052710186,0.0079482005454464,0.0001675052710186,2.805801581903141e-08,46,0.01092623525608014,-0.0029780347106337385
2024-12-12,-0.0038899257418305,0.0122653507481761,0.0038899257418305,1.5131522276956102e-05,46,0.012010620115227822,0.00025473063294827875
2024-12-13,0.0023086848495256,0.0101600757272378,0.0023086848495256,5.3300257344292375e-06,46,0.011550047734599956,-0.0013899720073621558
2024-12-16,0.0011872497667055,0.009903969567529,0.0011872497667055,1.4095620085423989e-06,46,0.011223349034180315,-0.0013193794666513155
2024-12-17,-0.0080750536918219,0.0078924754535843,0.0080750536918219,6.520649212580793e-05,46,0.013229194139734477,-0.005336718686150177
2024-12-18,-0.0065108638948161,0.0095356471297122,0.0065108638948161,4.239134865682088e-05,46,0.012773827309016474,-0.003238180179304273
2024-12-19,-0.00657395491718,0.0118350473894153,0.00657395491718,4.321688325311597e-05,46,0.012792196088806,-0.0009571486993906995
2024-12-20,-0.0176502881446811,0.0107487691707951,0.0176502881446811,0.0003115326715902,46,0.016014792402022898,-0.005266023231227797
2024-12-23,0.002764298129489,0.0098357911040808,0.002764298129489,7.641344148696432e-06,46,0.011682764810867458,-0.0018469737067866587
2024-12-24,0.0014947313337863,0.0087119652099233,0.0014947313337863,2.234221760202848e-06,46,0.011312929736260066,-0.0026009645263367666
2024-12-26,0.0039116881060681,0.010503573675719,0.0039116881060681,1.5301303839154996e-05,46,0.012016958263274582,-0.0015133845875555819
2024-12-27,0.0028476632514839,0.008342283930109,0.0028476632514839,8.109185993852183e-06,46,0.011707047690128373,-0.0033647637600193736
2024-12-30,0.0033054968375763,0.0190740837800882,0.0033054968375763,1.092630934322742e-05,46,0.01184040251620161,0.00723368126388659
