date,RELIANCE.NS,BHARTIARTL.NS,HDFCBANK.NS,ICICIBANK.NS,SBIN.NS,AXISBANK.NS,KOTAKBANK.NS,LT.NS,TCS.NS,INFY.NS,WIPRO.NS,ONGC.NS,NTPC.NS,POWERGRID.NS,GAIL.NS,BHEL.NS,TATASTEEL.NS,HINDALCO.NS,SAIL.NS,TATAMOTORS.NS,M&M.NS,TATAPOWER.NS,MARUTI.NS,HINDUNILVR.NS,ITC.NS,ASIANPAINT.NS,GRASIM.NS,AMBUJACEM.NS,ACC.NS,DLF.NS,BRITANNIA.NS,COLPAL.NS,BANKBARODA.NS,CANBK.NS,INDUSINDBK.NS,IDBI.NS,PFC.NS,HAVELLS.NS,TATACHEM.NS,TATACOMM.NS,HCLTECH.NS,HEROMOTOCO.NS,TVSMOTOR.NS,TORNTPHARM.NS,APOLLOHOSP.NS,PETRONET.NS,SIEMENS.NS,JSWSTEEL.NS,ULTRACEMCO.NS,SHREECEM.NS
2007-01-02,127.48951721191406,262.76385498046875,46.13706970214844,130.2300567626953,93.45756530761719,82.64959716796875,98.49052429199219,254.85745239257812,211.48411560058594,185.485595703125,55.9145393371582,65.94705200195312,63.212337493896484,,19.060192108154297,121.8876953125,21.68657875061035,136.52088928222656,61.12247848510742,153.70960998535156,189.78500366210938,42.37974166870117,841.2911987304688,145.83815002441406,35.18828201293945,61.28797912597656,365.83251953125,102.47675323486328,790.260986328125,,85.29840087890625,130.22943115234375,33.69822692871094,35.699886322021484,42.64039993286133,55.81675720214844,,32.480552673339844,35.47945022583008,209.36866760253906,49.586585998535156,434.82391357421875,33.96492385864258,39.270023345947266,189.98338317871094,14.837451934814453,268.12261962890625,31.726028442382812,1032.557373046875,1331.9818115234375
2007-01-03,127.852783203125,265.3320617675781,45.93442153930664,129.80921936035156,94.300048828125,83.8419189453125,100.71665954589844,257.6850280761719,216.84532165527344,188.6440887451172,56.70541000366211,65.6198959350586,63.647483825683594,,18.772329330444336,121.72889709472656,21.358064651489258,137.40264892578125,61.96162414550781,155.15655517578125,185.8170623779297,42.21468734741211,846.4592895507812,142.87283325195312,34.88014221191406,61.304542541503906,366.1615295410156,102.795654296875,776.2700805664062,,84.94184875488281,131.85775756835938,34.436248779296875,37.11782455444336,48.81953048706055,57.06282424926758,,32.446346282958984,35.274696350097656,206.73182678222656,49.03583908081055,430.86566162109375,33.60551452636719,39.812843322753906,192.1854248046875,14.7056303024292,266.1670227050781,32.37562942504883,1009.8961791992188,1341.202880859375
2007-01-04,127.4496841430664,264.1515197753906,45.27685546875,129.22154235839844,92.67103576660156,83.77127838134766,102.27861022949219,260.6522521972656,213.2711944580078,186.51803588867188,55.45281982421875,65.75901794433594,62.731380462646484,,19.0745906829834,120.4404525756836,21.101810455322266,134.02891540527344,60.41761779785156,156.62010192871094,184.40489196777344,41.99334716796875,840.2056884765625,141.9293212890625,33.587913513183594,62.012062072753906,360.8136901855469,101.09479522705078,774.9684448242188,,85.85650634765625,130.030029296875,34.060272216796875,36.157493591308594,49.30158615112305,57.429317474365234,,32.15565490722656,35.667816162109375,205.93136596679688,48.13140869140625,418.18841552734375,33.28602981567383,39.129638671875,191.5337677001953,15.467273712158203,262.2557067871094,31.44935417175293,1012.8202514648438,1338.6392822265625
2007-01-05,128.21112060546875,263.5715637207031,45.57222366333008,132.0657196044922,92.75304412841797,83.52397918701172,101.33158874511719,256.71624755859375,213.94020080566406,185.68141174316406,54.68021011352539,67.3271255493164,63.212337493896484,,19.85901641845703,121.15742492675781,21.230960845947266,131.19192504882812,58.60508346557617,155.01600646972656,178.31869506835938,42.02336120605469,812.0640258789062,143.78260803222656,32.862281799316406,61.97071075439453,365.3422546386719,98.01197814941406,762.6044311523438,,85.48831939697266,128.26882934570312,33.66341781616211,36.4797477722168,46.97893524169922,56.403133392333984,,32.04877471923828,35.807044982910156,203.1532745361328,47.841304779052734,415.17120361328125,32.80680465698242,39.34489440917969,191.39894104003906,15.027864456176758,262.4898986816406,31.814241409301758,1022.5518188476562,1309.625
2007-01-08,127.08641815185547,257.6896057128906,44.19457244873047,131.51426696777344,90.48660278320312,82.23450469970703,102.4384994506836,255.1279754638672,210.68798828125,180.01318359375,52.89274597167969,68.52671813964844,62.708473205566406,,19.77985191345215,119.95362091064453,21.01827049255371,128.08656311035156,57.79950714111328,153.5442352294922,178.71653747558594,42.15091323852539,779.9273681640625,141.5923309326172,32.34539794921875,60.30734634399414,363.6650085449219,96.91352081298828,743.768798828125,,85.01549530029297,124.84613800048828,33.06464767456055,36.89223861694336,47.11040115356445,56.29319763183594,,31.877782821655273,35.57772445678711,205.2957000732422,46.62657928466797,406.1751708984375,32.00810241699219,38.44643783569336,189.08457946777344,14.89604663848877,254.29258728027344,31.18470001220703,997.6060791015625,1296.30908203125
2007-01-09,127.2307357788086,258.1452331542969,43.71811294555664,132.39222717285156,87.5938720703125,82.53477478027344,99.97869873046875,249.76083374023438,212.82229614257812,178.74813842773438,53.02073669433594,68.92535400390625,61.9068603515625,,20.506715774536133,119.1042709350586,20.610321044921875,126.8597412109375,56.92680740356445,150.6668243408203,177.3739776611328,42.030860900878906,769.9386596679688,141.42388916015625,32.216163635253906,59.58738708496094,364.07781982421875,98.57894897460938,741.4911499023438,,84.91085815429688,125.51073455810547,31.818370819091797,35.77077865600586,45.751869201660156,55.157073974609375,,31.561447143554688,34.99623107910156,204.47166442871094,46.54589080810547,404.29290771484375,31.94820213317871,38.764644622802734,187.48919677734375,14.983926773071289,250.1354522705078,32.7285041809082,984.9503784179688,1293.8798828125
2007-01-10,126.71810913085938,254.18942260742188,43.060546875,128.25653076171875,84.72354125976562,81.5367660522461,99.5113296508789,246.11279296875,209.2650604248047,176.65467834472656,53.94877243041992,66.97740936279297,60.80752182006836,,20.52829933166504,113.4847412109375,20.47911834716797,126.32301330566406,55.55063247680664,150.2285919189453,174.32095336914062,41.83205032348633,764.7708740234375,140.5140838623047,32.43485641479492,59.63703918457031,357.32366943359375,96.59459686279297,737.406005859375,,86.04251098632812,124.58026123046875,31.518985748291016,33.77922058105469,45.050689697265625,56.73297882080078,,32.51046371459961,34.84061813354492,198.5859375,45.68489074707031,404.1822509765625,31.76849937438965,38.66169357299805,186.65780639648438,14.837451934814453,245.48629760742188,31.98265838623047,945.9780883789062,1314.7974853515625
2007-01-11,129.0421905517578,263.61309814453125,42.95275115966797,129.489990234375,85.54735565185547,84.53081512451172,101.68827056884766,251.2181854248047,216.4219207763672,178.1686248779297,56.645965576171875,68.78620147705078,62.891685485839844,,20.193660736083984,113.83660125732422,20.93422508239746,128.9683074951172,58.03447341918945,151.8657684326172,181.1828155517578,42.55231475830078,786.7454833984375,146.8153076171875,33.63761520385742,60.23701858520508,358.89776611328125,98.8978500366211,758.3385009765625,,86.83702850341797,126.40791320800781,31.4075870513916,33.102474212646484,47.28569030761719,63.40313720703125,,33.05765914916992,35.20916748046875,198.0679473876953,47.23160171508789,405.8153991699219,31.94820213317871,38.68976974487305,187.75885009765625,14.764217376708984,250.18222045898438,32.57612228393555,971.517822265625,1308.9945068359375
2007-01-12,133.322021484375,274.9628601074219,45.77487564086914,141.09164428710938,91.36260986328125,88.2844009399414,103.87747192382812,255.91343688964844,224.26455688476562,181.46591186523438,57.27684783935547,69.4668197631836,63.510074615478516,,20.236835479736328,118.95088195800781,21.208410263061523,130.6935272216797,60.85396194458008,155.64439392089844,185.65794372558594,43.44514465332031,801.1201782226562,148.06201171875,34.015350341796875,59.0618782043457,364.70361328125,100.13805389404297,769.943359375,,85.80611419677734,127.77042388916016,33.496315002441406,35.06825256347656,49.12628173828125,63.1465950012207,,39.6709098815918,35.995418548583984,205.2957000732422,49.01256561279297,411.40667724609375,32.84674835205078,39.101566314697266,189.3991241455078,15.130391120910645,261.5296630859375,33.366065979003906,980.7012939453125,1323.884521484375
2007-01-15,135.85511779785156,273.9893798828125,47.17192840576172,138.99476623535156,91.12403106689453,94.20182037353516,104.46783447265625,261.9264221191406,224.671142578125,183.06150817871094,57.322547912597656,68.89901733398438,63.44136428833008,,20.258426666259766,117.58566284179688,22.017141342163086,132.1120147705078,66.99640655517578,156.85159301757812,189.1286163330078,43.722747802734375,787.5272827148438,149.376220703125,34.19426345825195,64.54851531982422,366.4711608886719,102.08695983886719,784.4406127929688,,86.87578582763672,127.53775787353516,33.39884948730469,34.99091720581055,48.77570343017578,65.6753921508789,,40.5515251159668,36.01179885864258,218.9741668701172,48.826419830322266,406.3966369628906,32.62709426879883,39.39168930053711,188.92727661132812,15.525863647460938,277.5729675292969,33.406166076660156,1022.0038452148438,1302.8768310546875
2007-01-16,134.06353759765625,277.46893310546875,47.262474060058594,139.31405639648438,90.1958236694336,97.35482025146484,103.97588348388672,265.6004333496094,224.29000854492188,181.36798095703125,58.23230743408203,69.18854522705078,63.14363479614258,,20.010147094726562,119.6652603149414,21.856218338012695,130.1567840576172,65.18389892578125,158.34817504882812,196.15953063964844,43.18254852294922,790.9581909179688,148.26425170898438,34.12468719482422,65.23536682128906,369.6837158203125,102.0160903930664,796.515625,,86.65486145019531,126.30826568603516,33.19693374633789,34.591304779052734,49.47687530517578,68.53401947021484,,39.49135971069336,36.0445671081543,222.97657775878906,49.59745407104492,402.2169189453125,32.14787292480469,39.37297439575195,189.2643280029297,15.818800926208496,279.97357177734375,33.78710174560547,1046.9951171875,1372.647216796875
2007-01-17,134.35215759277344,276.74395751953125,45.75547409057617,143.20301818847656,91.14640808105469,96.72775268554688,105.86991119384766,271.4389343261719,220.99539184570312,180.00088500976562,57.9579963684082,67.31584930419922,63.899444580078125,,19.7906436920166,120.16265869140625,21.931041717529297,128.8916473388672,65.04963684082031,159.538818359375,191.57504272460938,43.640220642089844,789.3079223632812,148.6685791015625,33.6972541809082,66.59667205810547,370.5932922363281,102.44127655029297,791.4903564453125,,87.09668731689453,126.57413482666016,33.1551513671875,34.87490463256836,50.879241943359375,69.78011322021484,,39.46997833251953,36.830810546875,217.60873413085938,50.11405563354492,403.490234375,31.808441162109375,40.58027267456055,188.5902099609375,15.892044067382812,286.56658935546875,34.897830963134766,1064.67626953125,1366.0345458984375
2007-01-18,136.0989227294922,278.8772277832031,45.75115203857422,140.93927001953125,91.62727355957031,96.61295318603516,105.05819702148438,277.59149169921875,222.8247528076172,181.5271453857422,58.66201400756836,68.80122375488281,63.94524383544922,,20.283615112304688,121.57545471191406,21.552814483642578,128.23992919921875,66.29155731201172,157.83554077148438,192.60926818847656,43.3701286315918,797.906494140625,150.95997619628906,34.234031677246094,66.88218688964844,369.748291015625,103.07913208007812,792.394287109375,,86.86803436279297,126.37477111816406,32.97413635253906,34.89423751831055,50.879241943359375,71.57591247558594,,38.56369400024414,36.95365905761719,225.18963623046875,50.77649688720703,404.29290771484375,31.888301849365234,40.589630126953125,188.1632537841797,16.37539291381836,284.4704284667969,34.0798225402832,1049.4622802734375,1363.875244140625
2007-01-19,137.62672424316406,283.7651062011719,46.06808090209961,142.9925994873047,90.97864532470703,94.5462646484375,109.7318344116211,273.89996337890625,219.89434814453125,179.7479248046875,56.74655532836914,67.40983581542969,63.32683563232422,,20.197256088256836,120.1546859741211,21.192520141601562,127.16644287109375,65.04963684082031,157.21539306640625,185.7275390625,43.478912353515625,792.3911743164062,149.44363403320312,34.90996170043945,66.14981842041016,372.9930725097656,105.55958557128906,801.7938232421875,,86.48046875,124.87937927246094,32.78614807128906,33.83078384399414,50.00275802612305,71.68586730957031,,39.06814193725586,36.85538101196289,224.6010284423828,51.561641693115234,404.0439147949219,31.608747482299805,38.89566421508789,186.88250732421875,15.921337127685547,276.4721984863281,34.06779479980469,1037.2635498046875,1330.27197265625
2007-01-22,136.7409210205078,280.18212890625,45.54633712768555,141.80267333984375,91.29549407958984,96.5069580078125,118.84539031982422,270.8453674316406,223.00131225585938,183.9634246826172,56.847129821777344,67.27070617675781,63.44136428833008,,19.830232620239258,122.69994354248047,21.35344696044922,126.2079849243164,66.09015655517578,159.29905700683594,184.60377502441406,44.22544860839844,815.4081420898438,151.3643035888672,35.575950622558594,66.08358764648438,375.3541564941406,104.0713119506836,806.5296020507812,,87.21683502197266,124.314453125,32.5772819519043,33.82433319091797,48.994815826416016,68.82721710205078,,39.2476806640625,36.69157791137695,230.36907958984375,51.78329086303711,400.99908447265625,31.78846549987793,39.87834167480469,187.26449584960938,15.760217666625977,270.49981689453125,33.88734436035156,1021.3184204101562,1338.0992431640625
2007-01-23,135.4171905517578,285.77410888671875,44.5373649597168,139.9307403564453,87.53053283691406,89.93598175048828,113.98727416992188,268.4280090332031,221.17625427246094,182.42495727539062,56.75569534301758,67.07896423339844,61.861045837402344,,19.848224639892578,122.51472473144531,21.0474853515625,126.39969635009766,65.28458404541016,157.174072265625,183.20155334472656,45.00572967529297,798.1671142578125,149.7469024658203,35.23799133300781,65.23536682128906,361.8717041015625,97.09071350097656,750.3486328125,,87.54625701904297,118.56564331054688,32.73741149902344,31.99390411376953,47.24187469482422,66.40837097167969,,37.10597229003906,36.78985595703125,228.27377319335938,51.499210357666016,396.9854431152344,31.52889060974121,39.96258544921875,188.85987854003906,15.833452224731445,267.5137023925781,32.35557174682617,968.3198852539062,1280.6546630859375
2007-01-24,136.3079376220703,284.593505859375,45.6390495300293,141.41810607910156,87.4186782836914,89.91831970214844,115.94282531738281,276.3697509765625,221.93174743652344,182.3351287841797,57.8665771484375,68.64705657958984,62.3878288269043,,20.049724578857422,125.30073547363281,21.781387329101562,129.58168029785156,70.05085754394531,151.48541259765625,180.6457977294922,45.27959060668945,811.3692016601562,144.49024963378906,35.436790466308594,65.41328430175781,359.807373046875,97.62220001220703,742.3587036132812,,88.09273529052734,117.16999053955078,34.24826431274414,32.39350891113281,48.11834716796875,67.72775268554688,,37.58475875854492,36.85538101196289,226.5079803466797,51.577247619628906,398.1756896972656,31.44900894165039,40.00002670288086,194.56723022460938,16.331451416015625,269.2233581542969,34.46877670288086,950.2271728515625,1296.8487548828125
2007-01-25,136.41744995117188,298.69793701171875,45.968910217285156,143.87049865722656,87.70944213867188,90.8545150756836,116.75456237792969,281.91143798828125,223.34091186523438,182.90240478515625,59.54890441894531,69.27881622314453,62.93750762939453,,20.49591636657715,129.43072509765625,23.108776092529297,134.5272979736328,75.11921691894531,153.40365600585938,183.43035888671875,46.1649284362793,823.4423217773438,145.7370147705078,35.35726547241211,66.41047668457031,370.9739074707031,97.79936218261719,751.9392700195312,,88.08497619628906,117.90099334716797,35.66164016723633,32.1228141784668,48.644222259521484,69.7068099975586,,37.87117385864258,37.109275817871094,231.00474548339844,51.88943862915039,396.9300537109375,30.88990592956543,40.561553955078125,202.92604064941406,15.804155349731445,266.27239990234375,35.423126220703125,944.28759765625,1283.3985595703125
2007-01-29,137.58197021484375,295.4462585449219,45.80937576293945,138.71905517578125,86.19597625732422,89.02627563476562,116.3364028930664,281.36163330078125,220.3357696533203,183.17990112304688,57.62886047363281,68.9554214477539,65.31941223144531,,20.506715774536133,132.75912475585938,23.523386001586914,138.78280639648438,75.89124298095703,148.74026489257812,184.046875,45.91358184814453,813.71435546875,144.8608856201172,34.13462829589844,66.19947052001953,365.73565673828125,95.14178466796875,753.6746826171875,,88.34463500976562,117.8345718383789,34.429290771484375,31.716754913330078,46.71598815917969,75.3874282836914,,41.184200286865234,37.49421310424805,227.49681091308594,51.61157989501953,396.4041748046875,29.771732330322266,39.69118118286133,208.2064971923828,15.555158615112305,269.188232421875,35.599552154541016,927.4285888671875,1250.7401123046875
2007-01-31,136.00439453125,293.7893981933594,46.50789260864258,136.56417846679688,85.0255126953125,94.43147277832031,114.83589935302734,277.3470764160156,216.9656524658203,183.4165802001953,56.069969177246094,68.54551696777344,65.06747436523438,,20.24043083190918,133.51319885253906,21.061325073242188,135.0640411376953,72.60183715820312,145.2427520751953,179.22372436523438,45.425899505615234,803.3350830078125,140.3456268310547,34.71115493774414,65.86429595947266,359.03961181640625,97.30330657958984,737.8035888671875,,89.51895141601562,116.2395248413086,34.79829406738281,31.0980224609375,46.67216491699219,74.43455505371094,,41.774147033691406,37.17478942871094,217.65582275390625,50.61262130737305,396.5426025390625,29.9115047454834,38.71784591674805,205.80221557617188,15.276865005493164,268.9306640625,36.76241683959961,909.3361206054688,1255.508056640625
2007-02-01,137.11415100097656,303.026611328125,47.6009521484375,138.2256622314453,89.6888656616211,95.76506042480469,114.1348648071289,279.6249084472656,219.367919921875,185.18359375,56.897422790527344,68.50416564941406,66.73941040039062,,20.441938400268555,132.1876220703125,20.721532821655273,140.31631469726562,76.34944915771484,149.88131713867188,180.28778076171875,44.533058166503906,816.66748046875,139.70535278320312,34.760868072509766,65.7939453125,358.3945617675781,98.72067260742188,748.1069946289062,,88.8949966430664,116.3392333984375,35.50150680541992,31.45250701904297,47.41716384887695,74.39789581298828,,41.415042877197266,37.58430480957031,223.8712158203125,50.81242370605469,401.7464904785156,30.13115119934082,39.29810333251953,207.5773468017578,14.969276428222656,274.22381591796875,37.403995513916016,967.8170776367188,1264.100341796875
2007-02-02,136.86033630371094,319.20208740234375,47.69365310668945,137.11557006835938,88.05239868164062,103.81983184814453,120.05068969726562,293.28277587890625,220.80262756347656,184.9060516357422,58.79917526245117,68.10554504394531,66.32022094726562,,21.01407241821289,132.3992919921875,20.959331512451172,141.19810485839844,77.26933288574219,150.46011352539062,181.82920837402344,45.59846115112305,820.4457397460938,140.88470458984375,35.218109130859375,65.17330169677734,362.6780090332031,101.2365493774414,752.6261596679688,,89.03062438964844,116.04012298583984,34.47801971435547,30.73709487915039,47.28569030761719,73.92145538330078,,40.71824645996094,38.95204544067383,237.90284729003906,51.065277099609375,396.51495361328125,29.951433181762695,40.63642883300781,206.7908935546875,14.85210132598877,276.5658874511719,37.039100646972656,997.14892578125,1267.5640869140625
2007-02-05,138.08456420898438,323.5721740722656,47.57508087158203,137.39126586914062,89.24524688720703,99.76597595214844,124.47834777832031,295.4645690917969,221.70242309570312,185.21218872070312,57.95342254638672,68.44398498535156,65.78466033935547,,21.24076271057129,133.2485809326172,21.292463302612305,136.52088928222656,75.66808319091797,151.98150634765625,186.5330810546875,45.988609313964844,836.6444702148438,140.0760498046875,35.30757522583008,64.41197204589844,359.9686279296875,101.44914245605469,752.3008422851562,,86.24018859863281,114.2125015258789,34.40143585205078,30.91111183166504,46.97893524169922,78.90576171875,,42.19306945800781,39.53354263305664,238.70330810546875,50.823333740234375,404.8742370605469,29.65192413330078,42.442691802978516,206.85826110839844,14.925331115722656,278.4629211425781,36.521827697753906,1012.36328125,1276.0662841796875
2007-02-06,138.2687530517578,319.2228088378906,46.969261169433594,139.00204467773438,89.20426177978516,96.73658752441406,125.09327697753906,296.8958435058594,220.44607543945312,185.50999450683594,58.04030990600586,68.30486297607422,65.78466033935547,,21.096830368041992,132.25112915039062,21.061325073242188,133.76055908203125,75.59993743896484,152.14688110351562,186.86123657226562,45.8873291015625,827.3074340820312,140.9184112548828,34.80062484741211,63.812007904052734,360.5621337890625,101.05937957763672,755.3016357421875,,90.04215240478516,112.65065002441406,34.547645568847656,30.904664993286133,47.460994720458984,78.83246612548828,,43.84746170043945,39.62363052368164,229.89820861816406,51.24164962768555,398.34173583984375,30.690237045288086,43.89332580566406,208.0941162109375,14.939982414245605,279.4934997558594,37.04310607910156,1018.4400024414062,1268.868896484375
2007-02-07,138.83604431152344,320.1755065917969,47.51472091674805,142.66607666015625,89.09616088867188,97.6551284790039,125.52375030517578,304.1131286621094,221.78750610351562,192.37396240234375,58.77174758911133,67.07896423339844,66.5763931274414,,21.028467178344727,132.0342254638672,21.045434951782227,139.54953002929688,79.2794189453125,149.21160888671875,187.87557983398438,45.19705581665039,826.5256958007812,139.73904418945312,34.92984390258789,63.49339294433594,370.68359375,100.35067749023438,768.099609375,,90.91416931152344,113.48136901855469,34.50587844848633,31.13669776916504,54.12217712402344,77.6596908569336,,43.56958770751953,39.6563835144043,236.6079864501953,52.150115966796875,409.0816345214844,30.410686492919922,44.904090881347656,206.76837158203125,14.661686897277832,282.6903381347656,37.34785842895508,1029.22216796875,1268.5989990234375
2007-02-08,139.05006408691406,317.56591796875,47.853206634521484,145.06768798828125,89.85661315917969,99.64230346679688,126.10182189941406,306.62652587890625,221.4818115234375,193.73287963867188,58.099727630615234,67.23686981201172,66.48326110839844,,20.996084213256836,132.79351806640625,20.959331512451172,134.18226623535156,78.56395721435547,148.3020782470703,185.250244140625,45.54594802856445,836.0364990234375,138.5596160888672,35.07894515991211,66.22014617919922,368.10321044921875,100.45698547363281,771.1726684570312,,92.0071029663086,113.74725341796875,33.62860870361328,30.814434051513672,52.982765197753906,78.2827377319336,,42.02635955810547,39.41888427734375,235.7133331298828,51.70212173461914,403.10284423828125,30.6702823638916,45.91485595703125,213.28466796875,14.64704418182373,281.4608459472656,36.7544059753418,1021.6380004882812,1265.2701416015625
2007-02-09,138.52749633789062,311.4975280761719,48.02567672729492,144.55252075195312,89.4391098022461,101.26739501953125,124.25695037841797,299.5401611328125,218.5785675048828,192.71678161621094,58.79917526245117,66.47725677490234,67.57772064208984,,21.179595947265625,132.60037231445312,20.53549575805664,133.2238006591797,77.37154388427734,149.66635131835938,182.99270629882812,45.0319938659668,817.9269409179688,136.605224609375,35.06901168823242,65.5167465209961,366.70989990234375,98.40177917480469,748.3964233398438,,92.02647399902344,114.34536743164062,33.30137252807617,29.963672637939453,49.34540557861328,71.64920806884766,,40.36342239379883,37.80543518066406,230.7458038330078,51.494483947753906,401.9677429199219,30.27092170715332,44.95089340209961,207.30767822265625,14.280863761901855,278.6503601074219,35.81207275390625,970.19287109375,1264.4151611328125
2007-02-12,135.25791931152344,300.7690734863281,47.260311126708984,140.19918823242188,88.24996948242188,97.8317642211914,116.1764907836914,289.8443298339844,213.21336364746094,191.90060424804688,57.63800048828125,65.19120788574219,67.06541442871094,,21.143604278564453,124.11809539794922,20.105504989624023,114.39997863769531,73.24916076660156,144.70529174804688,175.18614196777344,45.19330596923828,792.1304931640625,137.04335021972656,34.86027145385742,65.11953735351562,355.6980895996094,93.83069610595703,734.9838256835938,,91.26686096191406,110.69005584716797,32.77222442626953,28.764869689941406,45.620399475097656,63.696327209472656,,39.00402069091797,36.70795440673828,207.41453552246094,50.144317626953125,405.92620849609375,28.39396858215332,41.2728271484375,195.93792724609375,13.92933464050293,265.25360107421875,34.65323257446289,939.5360107421875,1215.0677490234375
2007-02-13,135.9595947265625,306.6717224121094,46.081016540527344,138.71182250976562,87.48207092285156,91.49922180175781,116.61927032470703,281.73687744140625,212.72105407714844,188.06048583984375,58.3145866394043,66.6051254272461,67.46128845214844,,21.694149017333984,123.26689147949219,19.586851119995117,109.49271392822266,73.35135650634766,143.332763671875,172.19276428222656,45.294593811035156,773.803955078125,135.4595947265625,34.432838439941406,64.92091369628906,354.12408447265625,92.661376953125,730.536865234375,,92.34814453125,111.08880615234375,32.62601089477539,28.403932571411133,42.9471549987793,64.9424057006836,,38.98263931274414,36.9946174621582,194.13626098632812,50.898277282714844,398.78466796875,28.254196166992188,41.31963348388672,201.33065795898438,14.06116008758545,260.22979736328125,35.31886672973633,905.3154296875,1214.5731201171875
2007-02-14,137.05941772460938,315.805419921875,43.862552642822266,132.689697265625,82.18124389648438,91.98499298095703,117.93525695800781,281.7193908691406,214.05380249023438,186.46499633789062,59.44831466674805,67.74828338623047,67.1352767944336,,21.46385955810547,123.42910766601562,19.86770248413086,112.2914047241211,73.89646911621094,140.59588623046875,170.1938934326172,45.8573112487793,744.4029541015625,135.0889129638672,34.58194351196289,64.3995590209961,342.62847900390625,93.58264923095703,737.0806274414062,,97.90966796875,109.62667083740234,31.63735008239746,27.063335418701172,43.69215393066406,67.2879638671875,,38.22599411010742,36.23293685913086,196.34930419921875,51.68962860107422,393.9129943847656,28.054519653320312,40.75809860229492,209.46481323242188,14.149040222167969,261.56475830078125,35.69178771972656,879.0447387695312,1174.13232421875
2007-02-15,140.03538513183594,328.625732421875,44.92112731933594,137.7975616455078,83.69470977783203,96.54229736328125,119.1651611328125,295.8835144042969,219.4019775390625,194.4878387451172,61.89866638183594,68.15821838378906,66.2969741821289,,21.312732696533203,126.90568542480469,20.03529167175293,116.24019622802734,77.4737548828125,143.75445556640625,179.39276123046875,45.639732360839844,774.9764404296875,138.79554748535156,34.641578674316406,65.3139877319336,342.4027099609375,96.91352081298828,735.815185546875,,98.63053894042969,110.69005584716797,32.319664001464844,27.90120506286621,46.75980758666992,71.83245849609375,,39.2476806640625,37.486019134521484,201.62298583984375,52.67770767211914,412.70758056640625,29.1127986907959,41.98411560058594,217.28431701660156,14.266220092773438,272.1861877441406,37.29172897338867,883.2935791015625,1214.527587890625
2007-02-19,141.408935546875,331.359619140625,44.55245590209961,142.238037109375,84.40296936035156,96.71892547607422,120.39505767822266,295.604248046875,222.38172912597656,193.92877197265625,62.28726577758789,68.15068054199219,66.11067962646484,,21.096830368041992,126.44550323486328,20.096281051635742,113.90156555175781,81.35765838623047,143.8371124267578,177.78167724609375,45.8160514831543,793.9110107421875,138.2900848388672,34.671390533447266,65.37605285644531,341.3641052246094,93.97245788574219,734.4775390625,,98.52587890625,109.4605484008789,31.595569610595703,28.178354263305664,45.88334655761719,69.99999237060547,,43.16775131225586,37.125648498535156,202.91786193847656,54.038841247558594,397.0686340332031,29.1127986907959,40.701942443847656,214.00376892089844,14.354101181030273,280.6996154785156,36.15693283081055,881.19189453125,1216.327392578125
2007-02-20,140.79681396484375,327.9215393066406,44.48131561279297,140.67807006835938,82.58757019042969,93.91918182373047,116.38558197021484,291.3453369140625,220.64137268066406,192.61065673828125,60.73294448852539,65.89441680908203,66.15725708007812,,21.25875473022461,125.53050994873047,20.13010597229004,113.78656005859375,78.73432159423828,141.55506896972656,175.19610595703125,45.7035026550293,775.4105834960938,134.51611328125,34.95966720581055,63.02582550048828,331.61676025390625,92.09441375732422,733.0314331054688,,97.06476593017578,107.6993179321289,31.477209091186523,27.84320068359375,44.700103759765625,68.71726989746094,,41.66299057006836,37.035560607910156,201.67010498046875,54.13246154785156,397.7327880859375,28.61361312866211,40.40245056152344,215.7563934326172,14.075809478759766,280.46539306640625,36.34138107299805,873.1051025390625,1204.046630859375
2007-02-21,140.0155029296875,334.5284423828125,43.80866622924805,140.6562957763672,82.44963073730469,94.75823974609375,115.5615463256836,289.4341735839844,217.9757843017578,188.60739135742188,61.112361907958984,65.65748596191406,66.39010620117188,,20.366374969482422,123.13389587402344,20.61288070678711,115.12837219238281,79.44978332519531,142.02633666992188,177.57286071777344,45.14078903198242,780.100830078125,131.98886108398438,34.681339263916016,62.711360931396484,328.66217041015625,93.52056121826172,726.4515991210938,,99.1111068725586,105.87167358398438,31.41455078125,27.540279388427734,43.95511245727539,68.97381591796875,,42.80866241455078,36.347599029541016,201.64651489257812,54.475887298583984,409.9120788574219,28.633573532104492,40.02809143066406,224.38485717773438,14.06116008758545,281.1329345703125,36.20505142211914,875.1153564453125,1196.444580078125
2007-02-22,140.54296875,331.69097900390625,42.5711555480957,137.30421447753906,80.373291015625,91.7818603515625,109.95319366455078,288.62255859375,219.75001525878906,186.69757080078125,59.41633987426758,64.30374145507812,66.39010620117188,,19.58194351196289,121.9767837524414,20.599044799804688,112.67477416992188,77.09898376464844,138.0492401123047,173.5353240966797,44.70937728881836,764.33642578125,129.0236053466797,34.681339263916016,62.4879264831543,312.3542175292969,89.77690124511719,694.0227661132812,,98.06468963623047,103.08032989501953,30.12649154663086,27.095563888549805,45.006858825683594,66.9947738647461,,41.48344802856445,37.068321228027344,193.40640258789062,53.15688705444336,396.0997314453125,26.696712493896484,40.8235969543457,224.56460571289062,14.00257396697998,272.01055908203125,36.3333625793457,877.9480590820312,1143.407958984375
2007-02-23,140.6624298095703,313.1336975097656,41.31639099121094,131.61587524414062,78.89339447021484,86.72114562988281,107.89926147460938,281.2132263183594,216.87217712402344,182.6331024169922,56.98884963989258,62.42348098754883,66.20379638671875,,20.035337448120117,121.10966491699219,20.850683212280273,110.37447357177734,76.11097717285156,135.10569763183594,170.22372436523438,43.11878204345703,750.005126953125,126.79959106445312,33.210201263427734,60.617671966552734,292.90472412109375,87.85157775878906,661.1961059570312,,93.2434310913086,100.85388946533203,29.646085739135742,27.01177215576172,42.46509552001953,63.47644805908203,18.982954025268555,40.35060119628906,35.63505935668945,185.42530822753906,51.577247619628906,391.0066833496094,26.037782669067383,39.15771484375,220.6997833251953,13.694985389709473,263.1222839355469,37.05112075805664,819.1013793945312,1121.140625
2007-02-26,139.99559020996094,303.1716003417969,41.03827667236328,131.18052673339844,81.14494323730469,87.51599884033203,107.39501953125,278.1325378417969,218.35780334472656,181.03746032714844,56.10196304321289,62.773231506347656,66.2969741821289,,20.377172470092773,120.22657012939453,21.292463302612305,111.52464294433594,77.50779724121094,138.83474731445312,170.13421630859375,43.18254852294922,762.8600463867188,127.74312591552734,33.85630416870117,60.54732894897461,301.69732666015625,90.8821792602539,681.5138549804688,,93.00701141357422,100.9867935180664,30.404993057250977,27.759410858154297,41.8953857421875,63.183258056640625,19.603527069091797,40.40618133544922,36.323028564453125,185.2134246826172,52.00960159301758,386.9376525878906,25.957918167114258,38.41835403442383,223.37371826171875,13.812165260314941,267.61907958984375,39.156307220458984,828.7418212890625,1101.3477783203125
2007-02-27,139.88612365722656,299.5678405761719,42.079593658447266,127.08840942382812,79.70976257324219,86.13822937011719,107.72708129882812,272.9923095703125,214.63099670410156,178.49514770507812,55.2745246887207,61.505950927734375,66.36680603027344,,19.948976516723633,118.3885726928711,21.246856689453125,110.10612487792969,77.91666412353516,136.15576171875,168.6524658203125,41.629459381103516,770.4597778320312,124.97999572753906,32.84239959716797,60.57215118408203,301.47796630859375,89.5986328125,694.745849609375,,98.68865203857422,106.4033432006836,31.156940460205078,27.810977935791016,40.887454986572266,63.293190002441406,19.960580825805664,40.54296112060547,36.01999282836914,185.0957489013672,51.8035774230957,380.4328918457031,25.53859519958496,38.57746887207031,223.44114685058594,13.694985389709473,265.803955078125,39.019962310791016,865.2466430664062,1103.9119873046875
2007-02-28,134.61590576171875,297.78662109375,40.3160400390625,120.3697738647461,77.67442321777344,81.37779235839844,104.51703643798828,260.0413513183594,202.61900329589844,169.56219482421875,51.42070770263672,59.26847839355469,65.15591430664062,,20.359180450439453,116.06910705566406,20.04656410217285,106.69407653808594,74.10088348388672,129.4170379638672,161.37290954589844,40.72162628173828,731.0704956054688,118.84728240966797,34.13462829589844,60.994197845458984,285.4409484863281,82.57479095458984,652.1940307617188,,95.84784698486328,107.1011734008789,30.530317306518555,26.869979858398438,38.65243911743164,59.151832580566406,18.88093376159668,38.98263931274414,35.11909103393555,172.24118041992188,46.89451599121094,375.2012939453125,24.460344314575195,37.931697845458984,223.46353149414062,13.270217895507812,257.7355041503906,37.516273498535156,811.4715576171875,1059.287353515625
2007-03-01,136.13381958007812,301.94964599609375,42.269325256347656,124.12089538574219,78.70327758789062,85.6259536743164,103.61920928955078,269.4665832519531,213.01812744140625,176.2221221923828,54.081356048583984,59.8626594543457,66.15725708007812,,20.20085906982422,115.51580810546875,20.436067581176758,105.12222290039062,74.16902160644531,130.48365783691406,160.14968872070312,40.60908126831055,730.3756103515625,118.64509582519531,34.29367446899414,59.35980224609375,279.2738342285156,79.65115356445312,633.6115112304688,,96.32066345214844,104.04399108886719,31.003761291503906,27.656295776367188,39.52891540527344,60.03142166137695,18.79593276977539,38.43117904663086,35.24193572998047,178.88034057617188,49.37636184692383,369.9421691894531,24.699949264526367,38.933101654052734,223.7107391357422,12.889398574829102,266.4246520996094,38.558837890625,794.8406982421875,1036.075927734375
2007-03-02,131.00296020507812,292.7124328613281,40.42815017700195,122.31421661376953,74.91963958740234,83.05586242675781,105.64854431152344,255.2414093017578,205.19110107421875,170.86395263671875,52.49959182739258,60.08449172973633,65.87779235839844,,19.93098258972168,111.62699127197266,20.089618682861328,105.58226776123047,72.4996109008789,128.2263946533203,153.24810791015625,39.73125076293945,723.600830078125,120.66691589355469,33.14061737060547,58.089515686035156,270.5198974609375,78.29629516601562,617.8129272460938,,100.58769989013672,102.01693725585938,29.861923217773438,26.6766300201416,37.469207763671875,58.3822021484375,18.532392501831055,38.46964645385742,35.1518440246582,169.36892700195312,49.32173156738281,383.5054931640625,24.18079376220703,40.00002670288086,224.63198852539062,12.625747680664062,255.79148864746094,37.82904052734375,806.1716918945312,1068.779296875
2007-03-05,125.34459686279297,284.4485778808594,40.01636505126953,119.21610260009766,71.76228332519531,78.88717651367188,101.57757568359375,241.44384765625,196.19265747070312,163.81637573242188,49.09378433227539,58.140350341796875,63.71214294433594,,18.36931800842285,106.79917907714844,19.06102180480957,102.97530364990234,66.36713409423828,122.3558349609375,141.05587768554688,38.1556510925293,671.3132934570312,117.29727172851562,32.236053466796875,54.26625442504883,271.1844482421875,79.86506652832031,586.6854248046875,,101.2620620727539,104.17696380615234,28.657419204711914,24.053434371948242,34.18243408203125,52.04188537597656,17.350736618041992,35.609771728515625,34.37378692626953,167.17942810058594,47.46737289428711,379.187255859375,21.6049747467041,37.707088470458984,220.09304809570312,12.27422046661377,236.3755645751953,34.48481750488281,740.6544799804688,1071.2530517578125
2007-03-06,129.17652893066406,298.53228759765625,40.012046813964844,123.039794921875,73.66342163085938,76.14925384521484,106.54637145996094,249.76083374023438,203.27255249023438,172.57383728027344,52.874454498291016,57.8320198059082,61.91907501220703,,19.193330764770508,107.93499755859375,18.993370056152344,99.83159637451172,66.23086547851562,120.15643310546875,144.228271484375,36.95145034790039,687.6857299804688,115.57874298095703,32.216163635253906,56.537872314453125,273.86151123046875,80.79207611083984,616.4028930664062,,98.88243865966797,102.24957275390625,27.94725227355957,23.537822723388672,34.270076751708984,52.62828063964844,17.869306564331055,35.07112121582031,34.0953254699707,171.2288360595703,48.82533645629883,369.3608093261719,23.102548599243164,36.93965530395508,220.3177947998047,12.318164825439453,236.51612854003906,34.94995880126953,748.9697875976562,1049.435791015625
2007-03-07,128.26087951660156,299.4020690917969,39.477378845214844,120.24640655517578,71.90019989013672,73.3672103881836,107.51799774169922,253.90611267089844,202.3472900390625,170.19882202148438,50.63896560668945,57.52363967895508,61.662925720214844,,19.56395149230957,107.10508728027344,18.721233367919922,97.07129669189453,63.096458435058594,122.14082336425781,151.36851501464844,37.420372009277344,673.0069580078125,112.74823760986328,31.450782775878906,54.721412658691406,271.17791748046875,74.01780700683594,586.0346069335938,,94.8634262084961,98.06258392333984,26.506025314331055,22.8288516998291,32.99919128417969,49.62303924560547,17.724790573120117,35.06684112548828,33.25173568725586,169.29832458496094,48.39299392700195,369.11175537109375,22.763097763061523,35.36736297607422,220.3177947998047,12.406044960021973,232.73361206054688,33.12547302246094,724.7548828125,1030.76708984375
2007-03-08,132.92886352539062,314.10711669921875,42.00413513183594,125.2309799194336,74.50214385986328,77.03245544433594,110.42056274414062,265.8884582519531,206.86341857910156,174.312255859375,52.34415817260742,58.62543869018555,63.362850189208984,,19.54236602783203,115.66475677490234,19.378265380859375,101.4801254272461,71.30719757080078,126.81246948242188,152.27352905273438,39.2060546875,688.2068481445312,123.8680191040039,31.79867935180664,57.37782669067383,287.7568664550781,80.47119140625,602.411865234375,,95.99897766113281,101.31909942626953,28.789703369140625,23.872968673706055,35.80390930175781,53.141357421875,18.702417373657227,36.374961853027344,32.92413330078125,176.4789581298828,49.25930404663086,369.9974060058594,22.92283821105957,36.81798553466797,221.53115844726562,12.772220611572266,241.87954711914062,35.66372299194336,746.2742309570312,1018.5318603515625
2007-03-09,131.20201110839844,310.83477783203125,42.122718811035156,124.59247589111328,73.26082611083984,80.61823272705078,107.78857421875,259.0376281738281,205.8023223876953,173.1043243408203,51.71785354614258,58.91876983642578,65.22576904296875,,19.033924102783203,111.58177185058594,19.652450561523438,98.4131088256836,70.89835357666016,125.20840454101562,145.9685516357422,38.283199310302734,683.7337646484375,123.8343505859375,30.6456241607666,56.624755859375,267.2945251464844,78.47456359863281,564.8130493164062,,95.23550415039062,101.75109100341797,27.87763214111328,24.478818893432617,35.10271453857422,54.82722473144531,17.56326675415039,36.95207214355469,32.25255584716797,174.68966674804688,48.75200271606445,382.7579650878906,22.743127822875977,37.051963806152344,221.48623657226562,12.801520347595215,243.36669921875,36.309303283691406,712.4189453125,922.4005737304688
2007-03-12,130.95318603515625,318.7049865722656,40.9649772644043,126.05809783935547,72.63082885742188,81.08634185791016,108.37890625,261.5859680175781,209.68186950683594,172.64321899414062,52.280155181884766,59.68588638305664,64.89974975585938,,18.848705291748047,111.97012329101562,19.729328155517578,98.60481262207031,71.2049789428711,126.45695495605469,146.83372497558594,38.50828170776367,692.3325805664062,124.6767578125,29.54225730895996,57.72125244140625,259.81787109375,75.1587142944336,539.9039306640625,,99.53743743896484,103.5123062133789,28.53209686279297,24.67861557006836,34.88359832763672,55.56021499633789,17.495258331298828,38.11484146118164,31.220605850219727,175.5843048095703,49.94141387939453,386.85455322265625,23.28225326538086,37.04258728027344,221.55361938476562,13.13839340209961,244.2333526611328,36.46569061279297,673.1270141601562,866.26025390625
2007-03-13,132.05299377441406,317.0067138671875,41.40047836303711,127.34961700439453,73.09307861328125,87.1892318725586,107.82547760009766,267.3022766113281,214.84324645996094,171.80665588378906,53.3864631652832,60.704978942871094,66.34352111816406,,19.36441421508789,112.60319519042969,20.148550033569336,99.94660949707031,71.98859405517578,127.84603881835938,151.22930908203125,38.849666595458984,696.1976318359375,122.08212280273438,29.61183738708496,57.65092849731445,265.0366516113281,75.55094146728516,541.8201293945312,,99.41339874267578,107.16764068603516,28.580833435058594,25.316686630249023,35.40949249267578,57.13612365722656,18.14134407043457,40.34204864501953,30.98309326171875,177.25587463378906,50.039737701416016,386.32861328125,23.861316680908203,37.37015914916992,221.3289337158203,13.153046607971191,244.6080322265625,37.492210388183594,694.4178466796875,869.8590087890625
2007-03-14,127.93240356445312,302.3431091308594,40.22765350341797,120.35523223876953,70.67750549316406,83.51512145996094,105.67314910888672,259.4914855957031,206.0400390625,164.86514282226562,50.766971588134766,58.76457214355469,64.71346282958984,,18.88138771057129,108.02810668945312,19.47768783569336,98.221435546875,68.68387603759766,122.9759521484375,148.99176025390625,38.677093505859375,687.6857299804688,119.1842269897461,28.40907096862793,57.100616455078125,261.67572021484375,75.69356536865234,551.1165161132812,,97.64613342285156,104.77501678466797,27.759267807006836,24.530376434326172,34.22625732421875,54.680625915527344,17.520763397216797,38.43973159790039,31.196035385131836,172.00575256347656,49.215579986572266,374.89697265625,23.541826248168945,34.88068771362305,218.07078552246094,12.786869049072266,237.18362426757812,36.313316345214844,687.5189208984375,836.7509765625
2007-03-15,127.7383041381836,301.5768127441406,39.60026550292969,119.55713653564453,68.74654388427734,82.89688873291016,105.72233581542969,259.70965576171875,209.56301879882812,169.71316528320312,51.411556243896484,58.39982604980469,65.43537139892578,,19.36441421508789,106.83911895751953,19.627336502075195,100.21499633789062,70.28510284423828,120.0489501953125,148.58399963378906,38.527042388916016,691.5074462890625,119.31900024414062,29.2838134765625,57.21647262573242,265.01812744140625,75.62223052978516,539.9385986328125,,98.00267028808594,101.21940612792969,27.355443954467773,23.73117446899414,35.27802276611328,54.204193115234375,17.614267349243164,38.54659652709961,31.73657989501953,172.2647705078125,48.3570671081543,372.73779296875,24.54020881652832,35.89144515991211,219.8234405517578,12.596455574035645,241.8912353515625,36.581974029541016,701.3446655273438,833.2418823242188
2007-03-16,129.40545654296875,297.1031799316406,38.957801818847656,117.54006958007812,68.11283874511719,79.25811767578125,105.68543243408203,252.61448669433594,210.13180541992188,167.10556030273438,51.68128967285156,57.37321472167969,65.38877868652344,,18.826913833618164,103.8572998046875,19.50485610961914,100.7587890625,69.84221649169922,123.73665618896484,145.3320770263672,38.16315460205078,677.5668334960938,119.25167083740234,28.836503982543945,56.724063873291016,264.4140625,74.01780700683594,533.5564575195312,,97.4910888671875,100.25574493408203,26.875038146972656,23.34446144104004,35.015079498291016,53.83768081665039,17.495258331298828,38.178955078125,31.228796005249023,173.9598846435547,46.65568923950195,359.9496765136719,24.54020881652832,35.376708984375,217.8461151123047,12.567163467407227,236.64492797851562,35.82010269165039,722.703125,811.3345336914062
2007-03-19,130.73916625976562,303.896484375,39.86975860595703,119.36124420166016,69.07459259033203,83.02937316894531,106.62017059326172,256.1838684082031,214.07928466796875,170.3538818359375,52.869895935058594,59.652061462402344,66.948974609375,,19.74211311340332,110.71995544433594,19.47563934326172,100.05962371826172,70.3873291015625,127.61454010009766,146.96307373046875,37.979339599609375,685.1669311523438,121.44184875488281,28.23015594482422,57.56404113769531,268.1304016113281,76.47794342041016,545.5091552734375,,100.03736114501953,100.72098541259766,27.139606475830078,23.202667236328125,35.36566925048828,54.973819732666016,18.03082847595215,38.050724029541016,31.80209732055664,177.6561279296875,47.350284576416016,354.4967956542969,25.139240264892578,36.134796142578125,217.8685302734375,12.567163467407227,241.0831756591797,37.23558044433594,713.2869873046875,858.8829956054688
2007-03-20,131.67478942871094,305.51190185546875,41.18919372558594,119.5716552734375,71.00182342529297,81.74873352050781,105.48865509033203,257.501708984375,212.7379913330078,167.79519653320312,52.426448822021484,59.475311279296875,66.5763931274414,,20.501142501831055,108.97766876220703,19.18351173400879,103.63316345214844,70.31916809082031,127.2093734741211,147.9475860595703,37.7955207824707,685.86181640625,124.07025146484375,28.00153350830078,59.30992889404297,278.9049377441406,79.0450210571289,552.7767333984375,,99.1614761352539,104.07720947265625,27.80800437927246,24.00832176208496,35.80390930175781,56.73297882080078,18.047836303710938,38.07637023925781,32.12969970703125,177.82093811035156,47.07712173461914,351.95025634765625,24.899629592895508,36.883506774902344,223.8680419921875,12.611104011535645,244.6548614501953,37.3674430847168,733.1300659179688,921.1411743164062
2007-03-21,134.5841522216797,315.47412109375,41.635467529296875,126.32658386230469,73.28317260742188,84.98124694824219,105.7346420288086,262.7991027832031,215.11492919921875,170.900634765625,53.189884185791016,61.043418884277344,66.92571258544922,,20.294137954711914,112.1509780883789,19.486913681030273,104.06044006347656,73.58985900878906,128.2925262451172,149.8668975830078,38.03561019897461,687.5989379882812,128.72030639648438,28.747041702270508,59.059295654296875,276.23919677734375,75.90746307373047,555.3958740234375,,98.10343170166016,104.874755859375,29.646085739135742,24.865530014038086,36.76803207397461,57.2827262878418,17.937318801879883,37.87544631958008,32.27712631225586,181.09339904785156,46.366920471191406,360.44793701171875,24.620080947875977,37.3233757019043,224.58706665039062,12.567163467407227,246.13038635253906,37.4210090637207,715.44580078125,900.1002197265625
2007-03-22,138.12454223632812,323.2615051269531,44.235538482666016,130.54205322265625,76.7462387084961,89.00862121582031,107.98536682128906,274.694091796875,221.235595703125,172.9492950439453,54.373924255371094,64.10066223144531,67.15857696533203,,20.101652145385742,118.70772552490234,20.02606964111328,105.49762725830078,75.8043441772461,133.1378173828125,155.455810546875,38.67334747314453,722.0374145507812,132.5617218017578,29.691364288330078,59.8528938293457,273.5931091308594,77.01275634765625,556.0969848632812,,96.04936981201172,107.86546325683594,32.02596664428711,26.82486343383789,37.600677490234375,58.78534698486328,17.91180992126465,38.12339401245117,34.55397033691406,199.57476806640625,46.2186279296875,379.3533630371094,25.059370040893555,38.05337142944336,223.1629180908203,12.53786563873291,258.0867614746094,38.06797790527344,720.4525756835938,882.5887451171875
2007-03-23,138.2049102783203,324.8355712890625,43.599544525146484,129.381103515625,76.50765228271484,92.67388916015625,113.49530792236328,283.8313293457031,218.71434020996094,170.79054260253906,54.61163330078125,63.40871810913086,67.53115844726562,,19.782060623168945,120.85163116455078,19.856430053710938,105.26456451416016,76.41761016845703,130.5663604736328,160.0144500732422,38.088130950927734,730.1585693359375,133.8085174560547,28.657583236694336,59.836181640625,273.3633117675781,75.08744049072266,550.636962890625,,96.04161834716797,108.36394500732422,31.15028190612793,26.044994354248047,37.25009536743164,59.66492462158203,18.906442642211914,37.38810348510742,34.00523376464844,191.73486328125,47.295650482177734,375.2568359375,24.879657745361328,37.34093475341797,221.60311889648438,12.53786563873291,252.92245483398438,38.830326080322266,726.3778686523438,898.4259033203125
2007-03-26,137.04986572265625,319.24359130859375,41.96318054199219,127.07389831542969,75.5719985961914,91.7730484008789,113.98727416992188,282.4612121582031,214.15562438964844,167.97882080078125,53.63429260253906,63.94648361206055,66.76270294189453,,19.676740646362305,119.91002655029297,20.014793395996094,103.4001235961914,75.29329681396484,124.44773864746094,158.357666015625,37.77301025390625,713.6990966796875,133.5051727294922,28.279848098754883,61.11429214477539,272.0304870605469,74.37435150146484,541.2664794921875,,98.095703125,110.65681457519531,30.59945297241211,25.76140785217285,36.505088806152344,58.968597412109375,18.14984893798828,37.64888381958008,33.5875358581543,189.94558715820312,46.92103958129883,369.4716796875,24.739891052246094,37.44541549682617,222.95947265625,12.376749038696289,254.21067810058594,38.768516540527344,709.3828125,900.5977783203125
2007-03-28,135.58851623535156,313.858642578125,41.32716751098633,124.48365020751953,72.5898208618164,87.49834442138672,113.43380737304688,275.3790283203125,203.90927124023438,162.58401489257812,51.55051803588867,65.02200317382812,66.71611785888672,,19.342626571655273,121.38098907470703,19.994293212890625,101.06954193115234,74.95262908935547,118.99884033203125,153.09616088867188,37.9905891418457,691.9415283203125,133.201904296875,28.498537063598633,61.999755859375,271.87286376953125,72.87688446044922,542.0781860351562,,95.74319458007812,109.5934066772461,30.43702507019043,25.136228561401367,35.93537521362305,56.54973220825195,17.67377471923828,37.22566604614258,33.54658508300781,186.4141387939453,44.860633850097656,364.3785705566406,24.660018920898438,37.25544738769531,223.20814514160156,12.244926452636719,253.74220275878906,38.63253402709961,698.8181762695312,873.6292114257812
2007-03-29,136.3117218017578,316.2610778808594,40.262142181396484,124.1136245727539,73.4844741821289,84.78694152832031,113.5814208984375,284.04278564453125,211.948486328125,162.4738006591797,52.177490234375,65.7928695678711,67.7640151977539,,19.168296813964844,121.16820526123047,19.930742263793945,99.36044311523438,76.41761016845703,118.47795104980469,152.17237854003906,38.31321334838867,705.6650390625,138.1552734375,29.2142391204834,63.26113510131836,269.5355224609375,74.5169677734375,542.1150512695312,,92.70471954345703,109.2943344116211,30.062746047973633,24.79462432861328,34.53302764892578,55.3769645690918,17.554765701293945,36.964900970458984,33.7513427734375,189.45120239257812,46.88982391357422,374.56463623046875,23.861316680908203,37.06546401977539,225.1522216796875,12.318164825439453,251.5406036376953,39.07758331298828,697.3943481445312,843.4931640625
2007-03-30,137.62738037109375,316.4267883300781,41.14176940917969,123.83065032958984,74.14054870605469,86.62399291992188,117.92294311523438,284.7106628417969,209.4866180419922,164.75498962402344,51.57816696166992,66.2441177368164,69.97624969482422,,19.215511322021484,120.3010482788086,20.370468139648438,101.22489929199219,77.88259887695312,120.42100524902344,156.72100830078125,38.2119255065918,712.3963012695312,138.2900848388672,30.049203872680664,63.70386505126953,274.8340759277344,76.08573150634766,542.4840087890625,,97.23529815673828,110.55714416503906,30.37346839904785,25.10399627685547,36.811851501464844,56.87959289550781,17.733291625976562,37.3197021484375,33.997039794921875,189.4276580810547,45.48501205444336,381.29095458984375,23.781442642211914,37.198448181152344,225.53651428222656,12.362105369567871,255.45193481445312,40.63111877441406,709.2909545898438,834.895751953125
2007-04-02,131.9678192138672,301.94964599609375,38.865089416503906,116.66216278076172,69.37281036376953,81.13050842285156,112.83118438720703,268.0331726074219,201.9058837890625,156.9442596435547,47.830135345458984,62.13018798828125,68.46260833740234,,19.389833450317383,114.59814453125,19.204010009765625,99.08853912353516,73.35135650634766,110.9454116821289,143.28602600097656,37.19904327392578,650.771728515625,131.88783264160156,29.184415817260742,61.836849212646484,270.27081298828125,73.98216247558594,519.7591552734375,,94.07279968261719,110.59034729003906,28.452619552612305,23.608715057373047,33.56890106201172,52.48166275024414,17.25722885131836,35.507164001464844,33.01423645019531,186.6260528564453,42.53487777709961,354.0262145996094,22.72315788269043,36.91347885131836,222.3943634033203,12.1131010055542,242.62890625,39.16411590576172,661.6588134765625,823.2214965820312
2007-04-03,134.65953063964844,303.917236328125,39.41917037963867,117.23535919189453,69.09321594238281,82.22566223144531,114.49154663085938,268.6922607421875,204.18936157226562,160.3477325439453,49.25926971435547,63.46139907836914,71.69945526123047,,20.330453872680664,119.96591186523438,19.53252410888672,100.25382995605469,75.73621368408203,112.68177795410156,146.04736328125,37.46539306640625,657.025390625,134.92047119140625,29.721179962158203,62.42578125,276.03570556640625,75.26569366455078,519.6484375,,95.3285140991211,109.92574310302734,28.544416427612305,23.71183967590332,34.007144927978516,53.03141784667969,17.180715560913086,36.27236557006836,33.0388069152832,186.17874145507812,43.44021224975586,364.184814453125,22.603355407714844,37.51191711425781,225.6721649169922,12.186338424682617,242.6172637939453,39.452571868896484,655.5497436523438,824.2621459960938
2007-04-04,136.9193115234375,309.6335144042969,39.887001037597656,119.12903594970703,69.77539825439453,81.02452850341797,115.51235961914062,272.2684631347656,203.4678497314453,162.7676544189453,50.65153121948242,63.75091552734375,75.0527114868164,,20.700891494750977,125.21392822265625,19.842588424682617,101.38027954101562,76.41761016845703,112.91329193115234,142.9446258544922,37.88930892944336,647.905517578125,133.30300903320312,29.492555618286133,64.18836975097656,270.6647644042969,74.69522857666016,527.0635986328125,,94.61925506591797,114.07953643798828,28.84809112548828,23.52492904663086,34.270076751708984,53.141357421875,17.367740631103516,37.148719787597656,33.096134185791016,189.168701171875,44.969905853271484,353.9154357910156,22.42364501953125,37.454917907714844,226.73463439941406,12.318164825439453,245.9898681640625,39.07758331298828,623.3510131835938,803.0400390625
2007-04-05,136.47738647460938,309.0328674316406,40.64373779296875,121.697509765625,70.71105194091797,79.74388885498047,115.8690185546875,272.1366882324219,202.75479125976562,162.6044158935547,50.951202392578125,63.638126373291016,73.91168212890625,,21.227489471435547,125.62622833251953,21.088485717773438,102.81745910644531,78.29139709472656,113.45901489257812,143.3262176513672,37.73175048828125,656.5476684570312,134.7857208251953,29.46274185180664,66.00525665283203,276.9154968261719,75.55094146728516,532.5603637695312,,95.6656723022461,112.6174087524414,30.196918487548828,24.169445037841797,34.70831298828125,54.387428283691406,17.529260635375977,37.405216217041016,32.78490447998047,189.07449340820312,45.07915115356445,350.20635986328125,22.66326141357422,38.129356384277344,224.3610382080078,12.493927001953125,248.96429443359375,41.076168060302734,636.9930419921875,814.714599609375
2007-04-09,139.03347778320312,315.2462463378906,41.874778747558594,124.54171752929688,73.72677612304688,88.20491027832031,124.24465942382812,280.72137451171875,206.6597900390625,167.1136932373047,51.70725631713867,65.53338623046875,74.14454650878906,,21.191177368164062,128.98843383789062,22.354877471923828,105.61417388916016,80.43778228759766,116.36951446533203,147.48321533203125,38.16691207885742,685.68798828125,137.91944885253906,30.874244689941406,65.79643249511719,289.62701416015625,77.3692855834961,547.206298828125,,95.964111328125,112.91650390625,31.814105987548828,24.94931411743164,35.32184600830078,56.43978500366211,18.047836303710938,37.83270263671875,32.84223937988281,192.81784057617188,45.86741256713867,353.69403076171875,22.683223724365234,38.05335998535156,224.18014526367188,13.270217895507812,258.3444519042969,41.94154357910156,678.1486206054688,820.9136962890625
2007-04-10,139.0435333251953,317.1309814453125,42.77165222167969,124.46914672851562,73.89825439453125,86.42969512939453,122.75646209716797,277.8569030761719,203.28953552246094,163.13902282714844,50.49939727783203,65.75901794433594,73.46923065185547,,20.99506378173828,131.0232696533203,22.452259063720703,105.96375274658203,80.2674560546875,119.32129669189453,146.1477508544922,38.448265075683594,682.8217163085938,140.68255615234375,31.7788028717041,66.76123046875,293.7569580078125,78.01106262207031,551.374755859375,,96.27800750732422,114.67766571044922,31.2985897064209,24.762409210205078,35.36566925048828,57.86910629272461,18.234851837158203,38.22599411010742,33.17803192138672,196.3728485107422,45.21965408325195,354.3584289550781,22.743127822875977,38.07235336303711,225.9886016845703,13.167693138122559,260.8152770996094,43.8989143371582,675.4384765625,830.3707885742188
2007-04-11,139.26449584960938,320.6518859863281,42.228363037109375,124.72306823730469,73.16761779785156,82.63192749023438,119.41114807128906,278.5071716308594,202.13502502441406,162.92678833007812,50.45790481567383,66.22529602050781,73.81852722167969,,21.390926361083984,132.7894287109375,23.172321319580078,110.43069458007812,83.64031219482422,119.52803039550781,145.6356658935547,40.00510787963867,679.1737060546875,138.5933380126953,31.90802764892578,67.43370056152344,292.2599182128906,76.9057846069336,540.4180908203125,,95.14246368408203,118.7650146484375,31.2985897064209,24.704395294189453,35.19038009643555,57.61255645751953,18.804428100585938,38.26873016357422,34.34103012084961,197.87962341308594,44.80600357055664,354.3584289550781,22.623321533203125,38.00586700439453,227.50320434570312,13.18233585357666,260.7918701171875,44.22446823120117,672.7743530273438,810.053955078125
2007-04-12,139.35488891601562,318.5393371582031,41.3228645324707,123.23570251464844,72.1686019897461,81.8282241821289,117.93525695800781,275.3088073730469,203.9008026123047,166.97496032714844,49.8309440612793,63.99161911010742,74.47057342529297,,20.66820526123047,131.33717346191406,22.472246170043945,108.87698364257812,82.20938873291016,117.80819702148438,144.35040283203125,39.2735710144043,659.1968994140625,140.0760498046875,31.063106536865234,67.14551544189453,296.11407470703125,76.40663146972656,535.91748046875,,96.02611541748047,117.86782836914062,31.023168563842773,24.569046020507812,34.839778900146484,57.685855865478516,17.954317092895508,38.452545166015625,34.439308166503906,195.64300537109375,44.891868591308594,348.37945556640625,22.623321533203125,38.05335998535156,240.68231201171875,13.065160751342773,262.51336669921875,44.04314422607422,661.934326171875,804.9407958984375
2007-04-13,141.81053161621094,323.73785400390625,42.30812072753906,126.74742889404297,74.40150451660156,82.82624053955078,120.40736389160156,283.6562194824219,214.2659912109375,170.3253173828125,52.33883285522461,65.60860443115234,73.30624389648438,,20.453927993774414,131.92494201660156,23.158998489379883,108.83814239501953,85.78666687011719,120.10679626464844,149.6320037841797,40.053871154785156,670.4882202148438,139.30099487304688,30.506460189819336,67.7845458984375,300.1324768066406,77.40492248535156,552.1126098632812,,96.22377014160156,117.36930847167969,32.068336486816406,25.284467697143555,35.453311920166016,58.63874435424805,18.353866577148438,38.3414192199707,34.53759002685547,198.27984619140625,48.107337951660156,358.4826354980469,23.142478942871094,38.47132873535156,234.94049072265625,13.167693138122559,268.532470703125,45.64202880859375,687.8862915039062,827.7463989257812
2007-04-16,146.41050720214844,332.3744812011719,42.03863525390625,128.89503479003906,75.56454467773438,82.82624053955078,120.9608154296875,291.92462158203125,217.36447143554688,173.73681640625,54.003089904785156,67.70317840576172,73.93498229980469,,20.80984115600586,135.545166015625,24.214248657226562,112.25630950927734,87.21759796142578,124.06736755371094,153.22671508789062,41.50191879272461,675.7429809570312,143.9511260986328,31.51041603088379,67.50473022460938,311.9574890136719,80.04334259033203,579.4120483398438,,98.81655883789062,118.36627197265625,32.597984313964844,26.322139739990234,35.67243194580078,60.54451370239258,18.46438217163086,39.36738586425781,34.86519241333008,204.3774871826172,48.20098114013672,360.00506591796875,23.3421573638916,38.26234436035156,234.4205780029297,13.621747970581055,263.6375427246094,47.74775695800781,715.0783081054688,856.1630249023438
2007-04-17,148.22337341308594,331.2767639160156,42.17229461669922,129.72943115234375,75.3147964477539,82.15499114990234,121.19448852539062,293.33056640625,212.27105712890625,169.98658752441406,52.91972351074219,67.21430969238281,73.1665267944336,,20.71541976928711,135.27117919921875,23.917505264282227,111.40176391601562,84.35576629638672,120.81787872314453,150.5758514404297,41.681976318359375,661.9327392578125,142.67063903808594,31.023344039916992,66.59835052490234,311.56353759765625,81.11295318603516,596.677001953125,,98.6654052734375,116.30593872070312,33.19825744628906,26.541276931762695,36.32979965209961,60.54451370239258,18.744924545288086,39.99150466918945,34.46387481689453,203.3651885986328,47.006893157958984,359.7835998535156,23.422025680541992,37.977378845214844,229.65072631835938,13.46063232421875,260.62799072265625,46.12828063964844,733.451416015625,891.05029296875
2007-04-18,149.1825408935547,337.4901123046875,42.27362823486328,130.44772338867188,77.09291076660156,83.25016784667969,122.2153091430664,291.86309814453125,211.8041229248047,169.46022033691406,54.01692199707031,68.07923889160156,75.47190856933594,,20.71904754638672,135.84307861328125,23.172321319580078,112.8389663696289,85.58226776123047,119.47840881347656,149.7926483154297,40.3914909362793,663.8002319335938,140.27818298339844,31.19232749938965,65.32444763183594,307.6109313964844,80.68511962890625,602.2845458984375,,96.98727416992188,117.43583679199219,33.035823822021484,26.83775520324707,36.76803207397461,60.98429489135742,19.016952514648438,40.106929779052734,34.521202087402344,205.74298095703125,50.464324951171875,361.47210693359375,23.122514724731445,38.034358978271484,230.5775909423828,13.402043342590332,248.51930236816406,47.25325393676758,730.3739013671875,915.4395751953125
2007-04-19,149.88563537597656,339.0020446777344,42.36203384399414,131.34739685058594,78.52435302734375,82.06668090820312,122.64579010009766,291.977294921875,211.02317810058594,166.4893341064453,53.09490203857422,67.35344696044922,74.49386596679688,,20.94057846069336,133.20443725585938,22.914026260375977,112.99433898925781,85.71855926513672,117.92393493652344,147.38279724121094,40.016353607177734,670.44482421875,139.536865234375,31.629703521728516,66.6985855102539,310.2044677734375,81.0060043334961,581.9577026367188,,96.89815521240234,116.8044662475586,32.83808898925781,26.367259979248047,36.41743469238281,61.38743591308594,18.693904876708984,40.05135726928711,35.356597900390625,206.4022216796875,50.323829650878906,363.79730224609375,22.643285751342773,37.92987060546875,230.28367614746094,13.431337356567383,246.2709503173828,48.6254768371582,748.7469482421875,915.982666015625
2007-04-20,154.8170166015625,350.2896728515625,42.88591766357422,133.02345275878906,80.06763458251953,82.3581314086914,124.08477783203125,298.3829040527344,213.52757263183594,167.7299041748047,52.670772552490234,69.30889129638672,74.5404281616211,,21.40907859802246,134.99453735351562,24.16196632385254,114.2761459350586,91.44219970703125,119.5445556640625,149.3508758544922,40.950462341308594,676.2640991210938,140.4259033203125,31.888151168823242,67.33346557617188,314.5050354003906,82.36087799072266,584.3186645507812,,96.84773254394531,114.57799530029297,32.534423828125,26.380146026611328,36.68037033081055,62.633506774902344,19.69704246520996,39.84188461303711,34.93071746826172,205.88424682617188,52.3296012878418,359.9774475097656,22.643285751342773,37.83488082885742,226.3276824951172,13.387394905090332,250.24075317382812,48.83152389526367,773.4588012695312,930.0551147460938
2007-04-23,156.1075897216797,348.6742248535156,42.549598693847656,133.14678955078125,79.04995727539062,81.77522277832031,121.36668395996094,298.8749694824219,211.85501098632812,168.88479614257812,52.3157958984375,70.39939880371094,74.21439361572266,,21.15848731994629,135.15682983398438,25.238224029541016,115.05300903320312,92.77088165283203,118.7590560913086,146.86068725585938,42.623592376708984,666.1019897460938,138.34014892578125,31.073047637939453,66.05119323730469,315.3849182128906,82.03997802734375,587.3436279296875,,96.83612060546875,113.31523132324219,31.835289001464844,26.038549423217773,36.28596878051758,61.09423828125,19.96907615661621,39.80340576171875,35.053558349609375,211.39337158203125,51.65439224243164,362.9390869140625,22.66326141357422,37.169960021972656,228.8595733642578,13.372749328613281,249.3859100341797,48.85212326049805,745.990966796875,915.5299682617188
2007-04-24,158.985107421875,361.7431335449219,43.711639404296875,137.87017822265625,84.492431640625,82.70259094238281,123.100830078125,299.7712707519531,207.95860290527344,167.9584197998047,51.13559341430664,71.33578491210938,73.70208740234375,,20.99506378173828,132.86659240722656,26.26425552368164,115.44144439697266,91.37406921386719,122.63694763183594,149.48138427734375,43.6364631652832,691.377197265625,142.34059143066406,31.102872848510742,66.85730743408203,312.35809326171875,85.106201171875,602.7642211914062,,98.47550201416016,112.9496841430664,33.84089279174805,28.60373878479004,37.11861038208008,63.513099670410156,20.989206314086914,40.29074478149414,35.58591842651367,208.47396850585938,52.68291473388672,368.6689453125,22.70319175720215,37.454917907714844,226.84765625,13.402043342590332,262.12689208984375,48.12274169921875,753.1564331054688,926.6161499023438
2007-04-25,160.53683471679688,357.22796630859375,44.4554443359375,139.7276153564453,84.98448181152344,82.61428833007812,123.87568664550781,296.9419250488281,207.3643341064453,164.74278259277344,51.24623489379883,73.14456176757812,73.07337951660156,,20.55198860168457,132.61126708984375,25.874755859375,116.14060974121094,91.40812683105469,125.52261352539062,153.2367401123047,44.91570281982422,687.0343017578125,144.46043395996094,32.16647720336914,67.19144439697266,320.1320495605469,85.8549575805664,614.6431884765625,,99.1731185913086,115.1761474609375,34.815433502197266,29.241811752319336,37.25009536743164,64.79581451416016,21.754304885864258,40.23090362548828,36.14284896850586,208.19151306152344,52.4002685546875,384.3358459472656,24.280635833740234,37.701900482177734,229.78636169433594,13.358101844787598,261.8223876953125,48.10213851928711,745.4857177734375,954.7159423828125
2007-04-26,160.3811492919922,357.5593566894531,44.60419845581055,139.5172119140625,85.38707733154297,82.27867889404297,124.13396453857422,301.642822265625,210.5986785888672,164.7712860107422,51.97002410888672,72.09162139892578,73.63223266601562,,21.242019653320312,133.81353759765625,25.391979217529297,115.28605651855469,91.54442596435547,126.77117156982422,153.94969177246094,44.86318588256836,692.6798706054688,147.26425170898438,32.116764068603516,66.82807922363281,329.44244384765625,85.03492736816406,613.0199584960938,,98.92894744873047,113.0494155883789,34.71656799316406,28.784202575683594,39.22215270996094,63.696327209472656,21.51626968383789,39.61104965209961,35.83162307739258,206.87310791015625,51.12047576904297,377.0836486816406,24.99946403503418,37.426422119140625,229.6959686279297,13.299510955810547,269.8323669433594,48.514225006103516,743.00537109375,950.7339477539062
2007-04-27,154.59104919433594,342.295166015625,43.74829864501953,135.70077514648438,82.13278198242188,80.37096405029297,128.29103088378906,295.9226379394531,209.5969696044922,163.65318298339844,52.16366195678711,69.68119049072266,74.23770141601562,,20.653676986694336,132.47291564941406,24.33878517150879,114.89762878417969,90.28385162353516,123.91854858398438,153.07611083984375,43.80904006958008,691.2903442382812,144.1869659423828,31.937843322753906,65.75464630126953,318.3199157714844,83.68006134033203,606.8222045898438,,97.99104309082031,113.1490707397461,34.38465881347656,28.590848922729492,38.389503479003906,61.75393295288086,21.006208419799805,38.98263931274414,35.3320198059082,205.43692016601562,51.32460403442383,369.4716796875,24.460344314575195,37.169960021972656,226.62159729003906,13.284871101379395,274.106689453125,47.4015998840332,735.2427978515625,950.2816162109375
2007-04-30,156.78553771972656,336.081787109375,44.160091400146484,125.64456176757812,82.15142059326172,82.70259094238281,133.69029235839844,298.47076416015625,214.9451904296875,167.38304138183594,52.70304870605469,68.72978973388672,74.42398071289062,,21.528928756713867,132.3505859375,24.89177703857422,113.46044921875,88.88699340820312,124.31543731689453,156.17877197265625,44.405513763427734,700.149658203125,136.2886199951172,31.818559646606445,66.06790161132812,321.4123840332031,84.10790252685547,619.1806640625,,98.1886978149414,114.27887725830078,33.33242416381836,27.97210693359375,37.68832778930664,61.93717575073242,21.150724411010742,39.09805679321289,35.7005729675293,206.44931030273438,52.486637115478516,382.7026672363281,25.738271713256836,36.951473236083984,226.96066284179688,13.255574226379395,275.6524658203125,47.982635498046875,754.442626953125,951.8200073242188
2007-05-03,163.323974609375,345.98175048828125,43.31710433959961,126.23226165771484,83.758056640625,83.59461212158203,136.03941345214844,306.34375,219.05397033691406,169.89682006835938,52.63850402832031,69.14344787597656,74.14454650878906,,21.645145416259766,135.0956573486328,25.22899627685547,113.34390258789062,91.9532241821289,121.2313003540039,159.09066772460938,45.6922492980957,707.3153686523438,133.92941284179688,32.16647720336914,67.55901336669922,327.4332580566406,86.85325622558594,628.8831787109375,,101.59148406982422,116.6715087890625,34.65300369262695,29.15157127380371,39.83567428588867,66.33507537841797,20.8616943359375,40.14968490600586,36.74072265625,211.0166473388672,53.79783630371094,389.8994445800781,25.678367614746094,37.04646682739258,228.72390747070312,13.416688919067383,279.0836486816406,51.03614807128906,767.487548828125,963.22265625
2007-05-04,159.0052032470703,338.09075927734375,43.45293426513672,124.19341278076172,84.11966705322266,84.80459594726562,134.37904357910156,298.3565673828125,216.1421661376953,169.1010284423828,52.30657958984375,69.83158111572266,73.58566284179688,,22.524024963378906,132.8426513671875,25.070634841918945,115.28605651855469,91.06742858886719,120.9666976928711,158.65890502929688,45.38838577270508,701.3221435546875,133.45071411132812,32.017372131347656,67.42533111572266,325.3847351074219,85.74799346923828,634.158447265625,,101.57211303710938,131.75804138183594,34.50471115112305,28.64885139465332,41.8953857421875,66.3717269897461,20.666166305541992,40.23945617675781,36.22475051879883,211.5346221923828,53.25606155395508,387.21453857421875,25.11927604675293,36.99897384643555,227.7518310546875,13.445984840393066,280.20782470703125,49.71337127685547,760.8732299804688,974.7162475585938
2007-05-07,161.35035705566406,340.63824462890625,43.12091064453125,122.43758392333984,83.47477722167969,89.48555755615234,134.6250457763672,298.3214416503906,216.11656188964844,166.64842224121094,50.951202392578125,69.5721206665039,72.60763549804688,,22.2879581451416,132.54473876953125,25.027587890625,112.56704711914062,91.71473693847656,120.43755340576172,155.78717041015625,45.350868225097656,699.1508178710938,133.96359252929688,32.00742721557617,67.23320770263672,324.89886474609375,85.64102935791016,636.1875610351562,,102.37824249267578,126.57413482666016,33.98212432861328,28.307260513305664,41.106571197509766,67.03140258789062,20.632160186767578,40.265113830566406,37.461448669433594,212.21739196777344,52.96555709838867,390.8681945800781,24.819761276245117,37.1224479675293,222.4847412109375,13.284871101379395,280.2430114746094,49.35486602783203,747.828369140625,940.6885986328125
2007-05-08,160.00953674316406,337.6558532714844,42.74361801147461,121.86441040039062,80.64168548583984,89.5031967163086,133.1614532470703,298.6640930175781,215.0385284423828,163.4164276123047,50.46712875366211,69.0870361328125,72.00218200683594,,21.321914672851562,131.51268005371094,25.06807518005371,112.48938751220703,92.32799530029297,119.90838623046875,152.54391479492188,44.491798400878906,695.5027465820312,133.0404052734375,31.80862808227539,65.52493286132812,326.4221496582031,85.99759674072266,653.7476806640625,,106.94371032714844,126.8067398071289,33.523101806640625,27.907657623291016,39.83567428588867,64.4659652709961,20.487640380859375,39.961585998535156,37.72352981567383,211.44044494628906,52.07051467895508,376.2807922363281,24.620080947875977,36.59999465942383,222.5073699951172,13.123753547668457,284.2713317871094,48.349395751953125,751.2732543945312,916.9329223632812
2007-05-09,160.52178955078125,341.9845275878906,42.890235900878906,123.25022888183594,83.7170639038086,91.52574157714844,131.87005615234375,301.06292724609375,210.44589233398438,161.6494903564453,50.75295639038086,68.39134216308594,71.81590270996094,,20.424880981445312,130.2891387939453,25.476024627685547,112.4505386352539,90.96522521972656,119.60245513916016,152.0719451904297,44.12040328979492,696.8490600585938,130.68121337890625,31.947792053222656,64.60188293457031,326.553466796875,86.38975524902344,645.2258911132812,,115.04376220703125,124.08177947998047,34.405853271484375,28.55217170715332,40.23009490966797,67.54448699951172,20.70016860961914,39.675167083740234,37.297645568847656,212.4998779296875,51.293209075927734,387.6018981933594,24.93956184387207,36.856475830078125,217.1498260498047,13.153046607971191,292.09393310546875,49.23123550415039,753.0187377929688,942.181884765625
2007-05-10,158.8294219970703,339.22991943359375,43.62755584716797,122.32152557373047,83.74688720703125,92.47958374023438,130.40643310546875,297.07366943359375,208.78208923339844,161.12710571289062,50.96501159667969,66.8232421875,70.37208557128906,,20.225133895874023,129.23577880859375,26.11255645751953,113.81002044677734,91.61254119873047,118.21334838867188,149.26051330566406,43.10002899169922,690.4215698242188,129.928955078125,32.5442008972168,65.36203002929688,326.4221496582031,86.14021301269531,645.5208740234375,,121.94623565673828,125.14523315429688,35.451019287109375,28.384597778320312,39.7480354309082,67.4345474243164,22.54490852355957,40.145408630371094,38.48521041870117,213.88890075683594,51.057682037353516,391.36639404296875,24.580148696899414,37.04646682739258,215.02487182617188,13.402043342590332,283.33447265625,49.21063232421875,736.9423828125,943.4491577148438
2007-05-11,159.60276794433594,337.1587829589844,42.79967498779297,123.11962890625,85.96113586425781,91.93199157714844,130.72625732421875,296.6431884765625,212.66156005859375,163.2818145751953,50.3242073059082,66.41712951660156,72.14189147949219,,20.192447662353516,129.64810180664062,25.80453872680664,112.295166015625,92.05543518066406,118.42005920410156,144.65164184570312,42.904945373535156,690.9429321289062,126.98847198486328,32.236053466796875,64.79815673828125,318.4905090332031,85.24883270263672,627.554931640625,,117.97371673583984,122.65299224853516,36.517372131347656,28.19768524169922,40.27391815185547,69.23036193847656,23.344013214111328,40.00860595703125,37.72352981567383,212.6175537109375,51.937049865722656,390.1762390136719,25.11927604675293,36.55249786376953,216.8785858154297,13.402043342590332,286.8828125,49.4249153137207,735.0591430664062,939.1050415039062
2007-05-14,162.73135375976562,341.5288391113281,42.94197082519531,126.3048324584961,89.89387512207031,92.81519317626953,132.01760864257812,296.6343994140625,212.27105712890625,163.38792419433594,50.16286087036133,68.15444946289062,73.09664916992188,,20.936952590942383,130.39283752441406,26.814687728881836,113.88771057128906,93.38414764404297,118.27120971679688,146.19796752929688,44.13916015625,698.0652465820312,131.39918518066406,32.216163635253906,66.13892364501953,323.0735168457031,88.2081298828125,641.4259643554688,,116.3149642944336,123.25112915039062,38.148681640625,29.680082321166992,41.939205169677734,72.82199096679688,23.675554275512695,40.57289505004883,37.76447677612305,213.55931091308594,51.84280014038086,380.9310607910156,24.919597625732422,36.65700149536133,222.10049438476562,13.782869338989258,287.1052551269531,50.0677604675293,753.4779663085938,949.1503295898438
2007-05-15,160.54690551757812,345.42254638671875,43.59521484375,128.69187927246094,91.51171112060547,94.36963653564453,132.8170623779297,294.112548828125,210.1996612548828,161.06590270996094,49.333038330078125,66.89468383789062,72.67745971679688,,21.027742385864258,134.1034698486328,26.830575942993164,113.18855285644531,94.1336669921875,118.13064575195312,143.83831787109375,43.520179748535156,700.54052734375,132.0488739013672,32.20623016357422,66.38116455078125,326.0478515625,87.99420166015625,646.18505859375,,113.24933624267578,123.11817169189453,38.77013397216797,30.569522857666016,41.720088958740234,72.12564849853516,23.131484985351562,42.59918975830078,37.38774490356445,212.66465759277344,51.89777374267578,386.1902160644531,24.839731216430664,37.39792251586914,222.9368438720703,14.866750717163086,290.3608093261719,49.79579162597656,742.2705078125,959.5125732421875
2007-05-16,164.18264770507812,351.36663818359375,44.64732360839844,133.29916381835938,95.73894500732422,95.7297592163086,135.90415954589844,301.2298889160156,207.84817504882812,159.2907257080078,49.840152740478516,67.69566345214844,73.00350189208984,,21.027742385864258,137.98434448242188,26.687583923339844,115.752197265625,95.42832946777344,121.4876480102539,144.69178771972656,44.13916015625,697.0661010742188,135.16029357910156,32.484554290771484,68.39019012451172,328.91058349609375,87.67329406738281,643.4920043945312,,111.04411315917969,121.72249603271484,39.08791732788086,31.471845626831055,42.81568908691406,73.33506774902344,24.806198120117188,42.013519287109375,37.67438507080078,211.98191833496094,52.99699783325195,375.2568359375,24.919597625732422,37.14143753051758,221.1736297607422,15.174337387084961,291.60205078125,50.483970642089844,740.6170043945312,987.2503662109375
2007-05-17,169.25970458984375,351.96728515625,45.23772430419922,136.12155151367188,98.94477844238281,96.87862396240234,140.06118774414062,303.0662841796875,212.22865295410156,161.88616943359375,50.421024322509766,68.37628936767578,73.98152923583984,,21.00232696533203,139.63880920410156,27.102203369140625,115.63562774658203,95.5304946899414,124.125244140625,146.21804809570312,44.41301345825195,709.4431762695312,133.45071411132812,32.8225212097168,68.13540649414062,332.62030029296875,87.99420166015625,655.5184936523438,,111.17976379394531,122.08804321289062,40.37319564819336,32.58686447143555,42.6842155456543,75.75392150878906,26.081363677978516,41.84253692626953,39.50077819824219,215.25439453125,54.457332611083984,375.50579833984375,24.739891052246094,37.31241989135742,220.99278259277344,15.276865005493164,288.8735656738281,50.21198654174805,766.9822998046875,1004.988037109375
2007-05-18,170.58543395996094,352.9200134277344,46.4641227722168,138.02256774902344,98.96715545654297,95.60507202148438,137.85964965820312,304.33160400390625,212.7125701904297,161.755615234375,50.09370803833008,68.34998321533203,72.53777313232422,,21.205699920654297,139.55902099609375,26.792129516601562,114.12077331542969,94.71284484863281,122.67001342773438,147.12171936035156,43.68899154663086,703.6238403320312,132.3907928466797,33.220130920410156,68.17716979980469,329.9676513671875,85.03492736816406,646.6646118164062,,110.10234069824219,122.35391998291016,39.765872955322266,32.58686447143555,42.5089225769043,76.04711151123047,25.392778396606445,41.56039810180664,39.16498947143555,212.40573120117188,55.49371337890625,379.5193786621094,24.340538024902344,37.1224479675293,222.10049438476562,15.188982009887695,290.70037841796875,49.38783264160156,753.9833374023438,998.5625610351562
2007-05-21,176.8627166748047,352.7129211425781,48.048667907714844,136.8398895263672,100.54769897460938,98.98931121826172,141.72157287597656,305.0960998535156,210.02992248535156,160.00079345703125,49.245445251464844,70.13996887207031,72.77064514160156,,20.911531448364258,140.14686584472656,28.212276458740234,114.70343017578125,98.59676361083984,119.96625518798828,146.85064697265625,44.840675354003906,713.0912475585938,132.3907928466797,33.96564483642578,68.4778823852539,329.6263122558594,84.46446228027344,644.156005859375,,109.83879089355469,126.54088592529297,40.64155578613281,34.533302307128906,42.59657669067383,76.26701354980469,25.2652587890625,42.4581184387207,41.155174255371094,216.61988830566406,54.77138137817383,377.4710693359375,24.520244598388672,37.53091812133789,219.4329833984375,15.70162582397461,291.35614013671875,49.449642181396484,742.0867309570312,949.1053466796875
2007-05-22,178.70068359375,355.9438781738281,48.40898513793945,134.74301147460938,98.85903930664062,100.90409088134766,149.3346405029297,304.69183349609375,208.94326782226562,158.88671875,49.07025909423828,69.73757934570312,72.11862182617188,,21.321914672851562,142.51951599121094,28.48391342163086,113.92656707763672,99.17591857910156,120.21430969238281,147.4229736328125,45.88357162475586,721.4293823242188,133.1429901123047,33.93582534790039,68.498779296875,333.4278869628906,82.75304412841797,657.06787109375,,111.50532531738281,124.4473876953125,39.54695129394531,33.67609786987305,43.385398864746094,75.3874282836914,24.90821647644043,42.44102096557617,42.146175384521484,222.8352508544922,54.13543701171875,381.9552307128906,25.997840881347656,37.43592834472656,217.963623046875,15.49656867980957,293.8270568847656,51.040279388427734,745.4398803710938,1001.4590454101562
2007-05-23,176.380615234375,352.1744384765625,48.38945770263672,133.19033813476562,97.56925201416016,103.54025268554688,144.7348175048828,302.94329833984375,209.4102325439453,157.17283630371094,49.323814392089844,68.77490997314453,72.46790313720703,,21.049535751342773,144.34158325195312,29.88406753540039,112.41168212890625,98.42642211914062,117.0805892944336,147.6840362548828,45.65098571777344,708.0534057617188,135.77581787109375,33.0511474609375,68.37346649169922,329.4161682128906,81.89735412597656,652.0505981445312,,112.07891845703125,121.35697937011719,38.515907287597656,33.92101287841797,42.64039993286133,73.44502258300781,25.154747009277344,42.009246826171875,42.211700439453125,225.095458984375,52.384552001953125,382.0936279296875,25.678367614746094,38.30982971191406,217.2628631591797,15.057164192199707,291.6138000488281,51.180381774902344,743.6485595703125,972.5894165039062
2007-05-24,173.4729766845703,346.7066345214844,47.3692741394043,132.23988342285156,95.88059997558594,101.86593627929688,142.97605895996094,299.4461364746094,207.941650390625,158.09100341796875,49.08869934082031,67.69940948486328,75.58829498291016,,21.03864097595215,144.1580352783203,28.6176700592041,111.63482666015625,100.0958023071289,117.85783386230469,147.57357788085938,45.20457077026367,703.8843994140625,137.58792114257812,33.02132797241211,68.86217498779297,324.1897277832031,82.00431823730469,635.1914672851562,,114.95074462890625,125.67692565917969,38.01451110839844,33.45695877075195,43.560691833496094,70.9895248413086,25.103734970092773,41.675811767578125,41.89228057861328,223.0471649169922,53.37382507324219,373.59588623046875,27.116037368774414,40.00067901611328,213.37466430664062,14.89604663848877,294.8927307128906,50.636436462402344,744.2915649414062,992.0923461914062
2007-05-25,173.558349609375,345.58831787109375,46.4163703918457,132.44300842285156,96.81997680664062,100.53895568847656,142.38568115234375,305.57940673828125,208.824462890625,162.04942321777344,50.102935791015625,68.24468231201172,76.2403335571289,,21.40907859802246,143.78565979003906,28.226116180419922,111.98441314697266,100.94757080078125,120.21430969238281,146.9711151123047,45.32461166381836,703.7976684570312,138.92135620117188,33.160491943359375,68.93733215332031,322.8700256347656,81.18427276611328,633.0886840820312,,116.59786224365234,124.21478271484375,38.21223831176758,33.15403747558594,43.4292106628418,71.06282043457031,25.239765167236328,41.761314392089844,41.4090690612793,219.445068359375,54.99124526977539,376.00408935546875,26.87642478942871,48.00840759277344,215.9291229248047,15.042511940002441,294.0027770996094,50.545772552490234,757.33642578125,992.6351318359375
2007-05-28,173.1415252685547,343.1650390625,48.932106018066406,133.90858459472656,97.55806732177734,98.90914916992188,142.0782470703125,313.4523010253906,208.06898498535156,160.9108123779297,49.76177215576172,68.56806182861328,75.68147277832031,,21.9211483001709,145.12625122070312,28.379873275756836,111.86788177490234,98.86930084228516,121.17342376708984,148.5073699951172,45.34335708618164,717.3906860351562,137.10928344726562,33.08096694946289,68.78700256347656,325.7787170410156,82.71739959716797,643.01220703125,,121.36488342285156,122.71941375732422,39.13030242919922,33.895233154296875,41.939205169677734,70.40312957763672,25.588302612304688,41.87246322631836,41.949615478515625,216.9024200439453,54.14326477050781,377.6924743652344,28.01457977294922,47.10600280761719,217.53411865234375,15.262216567993164,298.5346984863281,51.736690521240234,751.3651733398438,1005.667236328125
2007-05-29,176.45594787597656,346.3959655761719,49.680973052978516,133.58935546875,98.6018295288086,100.0847396850586,141.9306182861328,326.1932678222656,209.0282745361328,159.45399475097656,49.84476852416992,69.1095962524414,74.86641693115234,,21.78314971923828,152.01283264160156,28.572574615478516,112.33401489257812,97.91539001464844,122.51292419433594,153.79904174804688,44.964473724365234,712.1792602539062,139.2974853515625,32.80263900756836,69.49700164794922,330.0267639160156,81.79042053222656,642.05322265625,,125.05057525634766,122.81909942626953,38.8619384765625,33.57941818237305,41.41332244873047,70.91622161865234,27.84108543395996,41.833984375,41.93323516845703,211.22853088378906,53.8292350769043,381.23553466796875,27.43551254272461,46.04209899902344,217.12722778320312,15.569807052612305,302.3406066894531,52.3836555480957,759.6788330078125,1072.319091796875
2007-05-30,176.04913330078125,344.7183837890625,47.929290771484375,132.5808563232422,98.93359375,99.71068572998047,138.67140197753906,350.56787109375,206.3966064453125,155.5731201171875,49.47133255004883,68.71475219726562,74.65685272216797,,21.833995819091797,147.2435760498047,28.39575958251953,108.95467376708984,94.84913635253906,122.71963500976562,150.66619873046875,44.465538024902344,698.8466796875,135.80999755859375,32.265869140625,68.90808868408203,327.479248046875,82.18258666992188,634.7858276367188,,120.94243621826172,117.90099334716797,38.480594635009766,33.444068908691406,40.44921112060547,67.83769989013672,27.118492126464844,42.295677185058594,42.064266204833984,210.1691436767578,54.01765441894531,385.99652099609375,26.61684226989746,48.055904388427734,229.1986541748047,15.719808578491211,301.09930419921875,50.71060562133789,740.2494506835938,1110.7806396484375
2007-05-31,176.64675903320312,351.78094482421875,49.81989288330078,133.37896728515625,100.92046356201172,102.40918731689453,140.7745361328125,353.2127380371094,205.1571502685547,156.98916625976562,50.130592346191406,69.36528015136719,73.81852722167969,,22.179006576538086,148.86080932617188,28.638174057006836,109.22657775878906,95.59862518310547,124.96864318847656,152.11216735839844,43.94783401489258,709.7037963867188,139.09237670898438,32.5640754699707,69.34666442871094,328.3327941894531,80.8634033203125,627.7762451171875,,118.71784210205078,120.62590789794922,38.93962097167969,31.504074096679688,39.87950134277344,69.56021118164062,26.982479095458984,41.786956787109375,41.974185943603516,219.16253662109375,54.05691146850586,405.45562744140625,26.17755889892578,49.613765716552734,227.25454711914062,15.479806900024414,299.3427429199219,49.865848541259766,763.8589477539062,1120.23828125
2007-06-01,175.88848876953125,348.4878234863281,50.073856353759766,135.01873779296875,102.80297088623047,102.77433776855469,143.1851043701172,351.464111328125,206.91445922851562,158.21749877929688,50.181297302246094,68.5417709350586,73.77195739746094,,22.934406280517578,150.95152282714844,28.771936416625977,109.49848175048828,94.47437286376953,126.19184112548828,152.9455108642578,44.27797317504883,704.622802734375,137.8272705078125,32.017372131347656,72.43328857421875,330.76873779296875,81.86168670654297,628.8831787109375,,119.07441711425781,119.09732818603516,38.45940399169922,32.95423889160156,40.23009490966797,71.68586730957031,27.03348159790039,41.44496536254883,41.155174255371094,215.9136199951172,54.198246002197266,396.7363586425781,27.635190963745117,48.1034049987793,224.54185485839844,16.724790573120117,302.7972717285156,50.15018081665039,767.6253051757812,1075.4412841796875
2007-06-04,174.95443725585938,342.4815368652344,50.72285461425781,135.43954467773438,104.85322570800781,102.56949615478516,141.53707885742188,346.5259704589844,205.1147003173828,156.4015655517578,49.22700500488281,67.90624237060547,74.81986999511719,,21.7613582611084,146.1530303955078,28.90774917602539,113.92656707763672,94.57656860351562,119.93243408203125,150.88710021972656,44.964473724365234,700.54052734375,134.1687469482422,32.78276062011719,72.04484558105469,321.36639404296875,81.18427276611328,617.9631958007812,,115.67548370361328,119.06407928466797,38.78425979614258,32.245262145996094,40.27391815185547,72.34555053710938,26.86347198486328,40.859317779541016,40.0904655456543,218.4798126220703,53.656490325927734,394.43890380859375,26.49704360961914,48.901329040527344,223.5924072265625,16.649789810180664,306.26361083984375,49.67216491699219,770.51904296875,1075.4412841796875
2007-06-05,175.3009033203125,346.8723449707031,50.340843200683594,136.26669311523438,107.09730529785156,103.07713317871094,149.28546142578125,341.7634582519531,205.10623168945312,158.59701538085938,49.35147476196289,67.27447509765625,74.330810546875,,22.05190086364746,147.4936065673828,29.070724487304688,113.53812408447266,94.67877197265625,119.87336730957031,151.11810302734375,45.3133544921875,694.6776733398438,133.89524841308594,32.176414489746094,70.92129516601562,321.75384521484375,80.11463928222656,616.930419921875,,120.0239486694336,119.795166015625,39.75880432128906,33.0251350402832,41.50096893310547,76.34031677246094,26.83795928955078,40.26938247680664,39.98400115966797,225.66046142578125,53.72714614868164,396.43182373046875,28.15435791015625,47.55246353149414,224.8357391357422,17.294782638549805,305.9825439453125,49.46612548828125,769.2787475585938,1062.8621826171875
2007-06-06,169.86734008789062,341.446044921875,48.93428039550781,132.22531127929688,103.59324645996094,102.51605987548828,145.25137329101562,337.6160583496094,203.79879760742188,158.73216247558594,49.074867248535156,64.9881362915039,72.53777313232422,,21.318281173706055,142.5142059326172,28.010860443115234,115.63562774658203,90.24976348876953,116.07726287841797,149.7926483154297,44.431766510009766,674.5269775390625,133.7584228515625,31.38119888305664,70.24884033203125,321.8391418457031,78.93807983398438,606.527099609375,,118.34577178955078,119.13053894042969,38.49471664428711,31.30426788330078,40.71215057373047,73.88481903076172,26.225889205932617,40.23945617675781,39.34516525268555,226.01361083984375,53.0911979675293,396.5703125,27.25581932067871,46.78302764892578,225.60433959960938,16.649789810180664,306.95458984375,47.61176300048828,753.6157836914062,1050.55419921875
2007-06-07,167.64266967773438,340.20330810546875,47.99441146850586,131.92062377929688,101.44234466552734,101.50968170166016,143.22203063964844,333.3631896972656,204.92787170410156,160.2716522216797,50.28732681274414,64.228515625,72.39805603027344,,21.169384002685547,142.26950073242188,27.85916519165039,118.85964965820312,88.64849853515625,114.36478424072266,148.6981658935547,43.59896469116211,660.9337768554688,130.98895263671875,30.79472541809082,70.97142028808594,317.9324951171875,78.1180191040039,593.5045776367188,,115.69097137451172,118.86467742919922,37.27299499511719,30.666202545166016,39.96715545654297,74.36124420166016,25.350271224975586,40.29074478149414,39.45164108276367,222.6234130859375,54.60649490356445,388.1831970214844,26.556943893432617,46.92552185058594,225.69476318359375,16.544790267944336,301.6965026855469,47.949676513671875,738.0448608398438,1059.241943359375
2007-06-08,166.42738342285156,337.8008117675781,47.36058807373047,131.10072326660156,101.14041900634766,99.5593032836914,140.3809814453125,331.20172119140625,207.15213012695312,159.7557830810547,50.49018096923828,65.03702545166016,71.72274017333984,,21.256547927856445,139.47654724121094,27.31052017211914,122.58855438232422,84.96902465820312,110.03718566894531,144.04917907714844,43.40763473510742,640.609619140625,129.21092224121094,29.93987274169922,71.27214050292969,313.7631530761719,77.97541809082031,566.0205688476562,,117.15982055664062,120.45976257324219,37.39305114746094,30.485734939575195,39.52891540527344,73.51834106445312,24.738195419311523,39.84188461303711,39.33696746826172,214.0537567138672,54.842071533203125,378.9935607910156,25.798171997070312,45.576637268066406,222.62039184570312,16.619794845581055,297.9960632324219,47.83841323852539,743.1432495117188,1059.241943359375
2007-06-11,167.3413848876953,336.0610656738281,47.63843536376953,130.88308715820312,99.88417053222656,100.78831481933594,139.9259033203125,332.4319152832031,207.3643341064453,162.1265411376953,50.047607421875,64.14579772949219,72.02545166015625,,22.571237564086914,140.06178283691406,27.051490783691406,124.99681091308594,86.6043472290039,110.20590209960938,144.3905792236328,44.66061019897461,636.9615478515625,128.1509552001953,30.595914840698242,70.15277862548828,308.3134460449219,77.93975067138672,563.1799926757812,,115.68708038330078,118.96439361572266,36.75041198730469,30.904664993286133,39.26597213745117,72.858642578125,24.746688842773438,39.71792984008789,39.328792572021484,219.09197998046875,54.221797943115234,386.743896484375,25.53859519958496,46.441062927246094,225.22003173828125,16.334794998168945,298.8040771484375,47.62000274658203,736.712646484375,1007.5674438476562
2007-06-12,170.63064575195312,333.8863525390625,47.239036560058594,133.40798950195312,99.32874298095703,104.43974304199219,138.2655029296875,335.0854797363281,206.68516540527344,162.9208221435547,49.66957092285156,64.74371337890625,71.32685852050781,,22.13179588317871,140.59368896484375,28.13559913635254,123.8315658569336,89.1595458984375,108.18130493164062,139.64111328125,43.69649887084961,625.0623168945312,129.963134765625,30.585983276367188,72.29962158203125,312.96868896484375,78.43890380859375,594.5743408203125,,116.06690979003906,117.0702896118164,35.556941986083984,30.09902000427246,38.25802230834961,70.76963806152344,24.2706298828125,39.41440200805664,39.353355407714844,216.61988830566406,53.248207092285156,390.0101318359375,24.979503631591797,46.574039459228516,226.9832305908203,16.139799118041992,294.04962158203125,46.52388000488281,730.8333129882812,984.7161254882812
2007-06-13,168.2703857421875,330.73834228515625,47.011112213134766,132.62437438964844,97.22657012939453,104.20819854736328,135.63356018066406,328.35479736328125,204.29127502441406,162.85943603515625,48.90891647338867,64.78507232666016,71.35015106201172,,21.47444725036621,139.4393310546875,27.832788467407227,124.56953430175781,86.97911071777344,108.85616302490234,137.74337768554688,43.56144714355469,626.408447265625,127.74069213867188,30.22812843322754,71.76020812988281,310.3816833496094,77.90409851074219,589.5202026367188,,114.65231323242188,117.402587890625,35.10498046875,30.427724838256836,38.170379638671875,71.68586730957031,23.82857322692871,39.83761978149414,39.55811309814453,212.05252075195312,53.311031341552734,384.5849914550781,24.60011100769043,45.79512023925781,223.8637237548828,16.079795837402344,294.3188781738281,45.773895263671875,725.1376953125,973.1323852539062
2007-06-14,170.3444061279297,338.7742919921875,47.5971794128418,132.90316772460938,98.99344635009766,104.35069274902344,137.79818725585938,338.134521484375,204.511962890625,165.3529815673828,49.08869934082031,66.1463394165039,71.53643798828125,,21.31102752685547,143.43988037109375,28.713794708251953,127.44393157958984,90.9992904663086,108.35844421386719,140.5950469970703,43.5389404296875,633.3136596679688,127.74069213867188,30.138669967651367,70.91133117675781,318.5496826171875,79.0450210571289,608.9619140625,,114.48954010009766,118.69855499267578,37.03289031982422,31.07223892211914,39.13450241088867,73.39797973632812,25.197246551513672,40.16250991821289,39.934852600097656,212.45278930664062,53.46807098388672,378.08013916015625,26.17755889892578,46.28907012939453,226.25987243652344,16.649789810180664,306.3690185546875,47.962032318115234,739.5604858398438,990.8703002929688
2007-06-15,168.9232177734375,336.7238464355469,48.202781677246094,133.3212890625,99.76573181152344,106.8265151977539,139.9012908935547,342.281982421875,201.7608184814453,164.55044555664062,48.91351318359375,66.37198638916016,70.20911407470703,,21.47444725036621,148.07345581054688,28.000547409057617,125.07452392578125,92.36206817626953,109.7334976196289,140.64524841308594,44.46178436279297,642.8244018554688,127.98004913330078,30.29770851135254,72.6007080078125,314.03228759765625,78.36761474609375,606.9328002929688,,113.37724304199219,119.1637954711914,36.7715950012207,31.17536163330078,38.65243911743164,73.5096435546875,24.585174560546875,40.21809005737305,40.229698181152344,212.7353057861328,53.0126953125,376.4747009277344,26.377241134643555,47.42898178100586,232.81556701660156,16.334794998168945,305.56097412109375,48.3164176940918,740.9384155273438,1006.7981567382812
2007-06-18,167.88873291015625,335.06695556640625,47.252044677734375,134.7957763671875,99.3513412475586,108.54537963867188,138.4623260498047,338.6265563964844,198.04727172851562,162.91673278808594,48.226600646972656,66.9022216796875,69.58037567138672,,21.5870361328125,146.93505859375,27.473526000976562,125.50178527832031,90.76080322265625,108.81398010253906,139.30979919433594,44.51055908203125,645.2130126953125,128.39036560058594,30.416994094848633,72.25362396240234,312.0363464355469,78.6884994506836,608.5929565429688,,113.22222900390625,120.2603530883789,36.82809829711914,30.782209396362305,38.65243911743164,72.13250732421875,24.6021728515625,40.62846755981445,40.04132080078125,212.7353057861328,52.91847610473633,362.2471923828125,26.217491149902344,47.34347152709961,235.68646240234375,16.229795455932617,309.9407043457031,47.3851203918457,740.1118774414062,1020.553955078125
2007-06-19,173.40769958496094,336.28887939453125,47.751304626464844,138.66908264160156,103.3672866821289,109.26675415039062,145.06686401367188,350.75238037109375,197.60438537597656,160.2266387939453,48.08830642700195,68.84260559082031,70.418701171875,,22.13179588317871,149.62156677246094,28.541282653808594,125.65715789794922,92.77088165283203,111.94368743896484,140.77581787109375,44.784400939941406,652.6825561523438,129.21092224121094,30.42693328857422,70.96149444580078,319.6527404785156,80.61383056640625,623.3125,,113.17184448242188,120.92498779296875,37.61197280883789,32.22593307495117,39.52891540527344,74.84957122802734,25.154747009277344,40.389076232910156,39.91846466064453,214.24203491210938,52.76142120361328,368.7519836425781,26.17755889892578,46.08009338378906,231.48179626464844,16.46980094909668,314.3204040527344,49.1035041809082,752.8809814453125,1034.3094482421875
2007-06-20,174.0504608154297,341.7151794433594,47.75563430786133,139.1092529296875,107.2777328491211,110.52249908447266,148.12933349609375,356.1563415527344,195.3898468017578,160.03013610839844,48.20816421508789,69.3916015625,70.16254425048828,,21.597929000854492,151.70159912109375,28.417837142944336,126.39515686035156,92.02139282226562,115.80731201171875,143.27603149414062,46.75389862060547,666.9705200195312,128.97157287597656,30.824539184570312,70.9029541015625,329.7969055175781,84.25053405761719,627.0016479492188,,113.96636199951172,120.22714233398438,38.183998107910156,35.50653076171875,40.887454986572266,78.720458984375,25.486289978027344,40.35039138793945,39.69733428955078,218.64463806152344,52.95771408081055,370.5788269042969,26.257427215576172,45.776126861572266,231.1427001953125,16.49979591369629,312.9385986328125,49.93589401245117,772.8157958984375,1066.3460693359375
2007-06-21,174.19110107421875,338.1322326660156,47.83161163330078,139.37332153320312,108.9918441772461,110.1128158569336,154.96759033203125,370.00433349609375,195.15133666992188,160.37815856933594,48.38795471191406,68.77490997314453,69.76667785644531,,21.43086814880371,157.79287719726562,28.43630027770996,129.61915588378906,92.73682403564453,115.99288940429688,146.4389190673828,47.763023376464844,659.28369140625,129.62123107910156,30.69532585144043,71.09111785888672,329.31768798828125,85.3914566040039,630.5802612304688,,117.98920440673828,122.98523712158203,37.77694320678711,33.95969009399414,40.31774139404297,78.05049133300781,25.46929168701172,42.185489654541016,39.5499153137207,226.8140869140625,52.59654998779297,367.0911865234375,25.977882385253906,45.91860580444336,232.88331604003906,16.34979820251465,313.9573974609375,49.95238494873047,768.7736206054688,1069.3323974609375
2007-06-22,171.2533416748047,341.9430847167969,47.883705139160156,140.04824829101562,109.64363098144531,109.41814422607422,151.7293701171875,370.36468505859375,194.1887664794922,159.75167846679688,47.69643783569336,68.41014862060547,71.14057922363281,,22.226224899291992,153.06886291503906,27.98630714416504,132.0662841796875,91.44219970703125,115.45299530029297,146.89080810546875,47.943092346191406,661.2813110351562,131.53599548339844,30.615808486938477,70.03319549560547,327.965087890625,83.00263214111328,628.8092041015625,,117.9078369140625,122.98523712158203,37.976898193359375,33.901676177978516,42.37745666503906,80.02315521240234,25.41827392578125,41.58382034301758,40.11503601074219,226.22555541992188,51.866363525390625,370.02520751953125,25.838104248046875,45.804630279541016,235.2117156982422,16.514795303344727,307.2355651855469,49.72161865234375,755.0398559570312,1080.4639892578125
2007-06-25,171.6601104736328,344.7183837890625,47.744789123535156,139.76214599609375,109.22920227050781,109.7565689086914,153.05909729003906,382.059814453125,191.76995849609375,158.59295654296875,47.53508377075195,68.97044372558594,71.44328308105469,,22.313377380371094,154.36160278320312,27.98630714416504,133.076171875,90.45417022705078,114.41537475585938,148.98939514160156,47.759273529052734,654.2894287109375,129.38186645507812,30.6456241607666,69.60250091552734,323.69732666015625,84.10790252685547,635.007080078125,,118.88445281982422,123.08496856689453,38.79813766479492,34.11437225341797,42.77185821533203,81.5864028930664,24.534168243408203,41.768611907958984,40.72110366821289,224.13018798828125,50.94776916503906,371.1324157714844,25.818143844604492,45.38665771484375,232.4990692138672,16.82979393005371,318.3721618652344,50.22023010253906,750.0790405273438,1104.67236328125
2007-06-26,171.06753540039062,353.25146484375,47.69702911376953,138.77915954589844,109.8018569946289,106.87105560302734,150.7812957763672,379.6258850097656,191.0885467529297,157.405517578125,46.908103942871094,70.92964172363281,71.55973815917969,,22.629337310791016,156.73951721191406,28.173057556152344,132.22161865234375,91.2037124633789,115.50360870361328,148.62786865234375,47.500431060791016,657.7637329101562,130.09988403320312,30.6456241607666,68.9000015258789,327.89288330078125,82.78870391845703,624.6776123046875,,117.9117202758789,123.45048522949219,38.14113998413086,33.776737213134766,42.6842155456543,81.92138671875,24.942218780517578,41.07240295410156,41.597442626953125,221.2814483642578,51.59156799316406,370.9939880371094,25.818143844604492,45.06368637084961,237.69834899902344,17.054784774780273,324.7778015136719,50.08837127685547,748.6093139648438,1113.269775390625
2007-06-27,170.59548950195312,347.3072814941406,47.33453369140625,137.6273956298828,108.99939727783203,105.13440704345703,156.35894775390625,376.7437438964844,193.03045654296875,158.48646545410156,47.01414108276367,69.33145904541016,70.02281188964844,,22.53128433227539,155.7659912109375,27.63654136657715,131.87203979492188,88.85291290283203,113.3271713256836,144.44078063964844,48.40077209472656,652.5523071289062,130.5102081298828,30.536277770996094,69.45198822021484,328.700439453125,82.78870391845703,612.6509399414062,,119.59759521484375,124.91263580322266,37.11280822753906,33.65094757080078,45.35745620727539,83.37296295166016,24.194124221801758,40.45784378051758,40.409873962402344,220.12782287597656,51.850669860839844,374.62005615234375,25.33892059326172,44.69322967529297,236.4324493408203,16.6647891998291,325.047119140625,49.898807525634766,745.853271484375,1122.22900390625
2007-06-28,169.93760681152344,351.5737609863281,47.63625717163086,138.33164978027344,110.84162139892578,103.18400573730469,158.09503173828125,378.44842529296875,193.6607666015625,157.64297485351562,47.559200286865234,68.1807632446289,70.32553100585938,,23.206787109375,158.91539001464844,27.676109313964844,131.2893829345703,89.63652038574219,112.09553527832031,141.94053649902344,50.34775924682617,650.2940063476562,129.4160919189453,30.834482192993164,69.41433715820312,344.8591003417969,89.34904479980469,663.3023681640625,,118.88059997558594,123.48372650146484,37.21993637084961,34.50497055053711,47.76776123046875,83.81961059570312,24.9337158203125,42.05226135253906,40.95042037963867,219.2096405029297,52.612247467041016,375.7550048828125,25.41878890991211,45.95661163330078,233.9005889892578,16.454797744750977,326.3587341308594,49.39606857299805,799.594482421875,1158.51904296875
2007-06-29,170.79635620117188,346.2716979980469,49.782981872558594,140.18031311035156,114.96304321289062,107.85070037841797,165.74119567871094,386.26873779296875,195.79006958007812,157.97055053710938,47.89640426635742,68.10554504394531,71.16384887695312,,22.53854751586914,163.62347412109375,27.858110427856445,124.41417694091797,89.193603515625,113.07408905029297,145.22398376464844,50.3177490234375,646.342041015625,128.97157287597656,30.75496482849121,67.75424194335938,346.1525573730469,88.77857971191406,689.8272094726562,,122.11677551269531,122.9188003540039,38.59817886352539,35.73634338378906,47.76776123046875,88.3604507446289,25.146251678466797,41.46348190307617,40.770240783691406,220.97537231445312,54.00980758666992,383.4223327636719,24.340538024902344,49.31928253173828,235.0082550048828,16.93478775024414,326.522705078125,50.40154266357422,827.1539916992188,1157.70458984375
2007-07-02,169.16424560546875,346.7066345214844,49.81770706176758,139.41004943847656,115.33600616455078,108.18913269042969,163.32791137695312,392.8500671386719,193.25198364257812,159.18258666992188,47.36520004272461,67.13533782958984,70.8145751953125,,22.444122314453125,162.78822326660156,27.67399024963379,123.01583099365234,87.4901351928711,115.09870147705078,146.9208984375,50.13018035888672,669.3155517578125,129.0057830810547,30.615808486938477,69.4101333618164,344.1500244140625,87.3524169921875,693.4425048828125,,121.76792907714844,123.35076904296875,38.03402328491211,36.107078552246094,47.11040115356445,90.37034606933594,25.826330184936523,40.98215103149414,41.58106231689453,223.353271484375,52.847782135009766,382.9794006347656,24.120891571044922,47.97991180419922,231.79830932617188,17.174785614013672,325.0823059082031,49.8493537902832,811.5827026367188,1186.0762939453125
2007-07-03,171.4742889404297,358.9678039550781,49.94578170776367,141.83084106445312,119.18619537353516,111.04794311523438,166.0982666015625,397.3401184082031,192.0850830078125,159.4732666015625,47.5915412902832,66.76307678222656,70.74471282958984,,22.502229690551758,164.58106994628906,28.014265060424805,122.39435577392578,88.58036804199219,115.7145004272461,147.74427795410156,50.193946838378906,680.5200805664062,133.2113800048828,31.08298683166504,69.4310531616211,354.78668212890625,88.95686340332031,693.8115234375,,124.64364624023438,127.07257080078125,39.38370895385742,36.7293815612793,47.28569030761719,90.14702606201172,26.395904541015625,41.6310920715332,41.4090690612793,234.04177856445312,52.62794876098633,381.5677490234375,24.120891571044922,47.24849319458008,230.82618713378906,17.624778747558594,329.8016052246094,51.09384536743164,814.6602783203125,1170.0126953125
2007-07-04,172.56407165527344,356.358154296875,49.95663833618164,144.6551513671875,117.82997131347656,110.1840591430664,163.40179443359375,403.0077209472656,190.39010620117188,158.13433837890625,47.00027847290039,65.58226776123047,72.37474060058594,,22.41143226623535,164.4108123779297,28.741748809814453,121.65631866455078,90.01127624511719,118.32960510253906,150.39512634277344,49.237335205078125,687.3817749023438,135.0576934814453,31.401073455810547,69.42268371582031,359.7176208496094,92.73619079589844,754.1653442382812,,126.2907943725586,125.94270324707031,39.00522994995117,36.14680099487305,46.62833786010742,87.87659454345703,27.050485610961914,42.17258071899414,41.44183349609375,230.91058349609375,52.20397186279297,379.46405029296875,24.16082763671875,46.86852264404297,228.5430908203125,17.249784469604492,330.6681823730469,52.63090896606445,862.1087036132812,1221.9134521484375
2007-07-05,171.73043823242188,353.230712890625,49.01675796508789,147.2519989013672,116.56414794921875,112.2146224975586,160.7422332763672,409.6680908203125,189.3680419921875,156.96746826171875,46.62150573730469,66.1839599609375,71.21044158935547,,22.643869400024414,165.69290161132812,29.289875030517578,120.37450408935547,90.62454986572266,119.7131118774414,155.4324951171875,50.32524490356445,699.2376098632812,136.11769104003906,30.94382667541504,70.30082702636719,360.9060363769531,92.59358215332031,758.6290893554688,480.7905578613281,132.36776733398438,129.8306884765625,38.74100112915039,35.50463104248047,45.35745620727539,88.06271362304688,27.705074310302734,42.56367111206055,41.433631896972656,226.67282104492188,51.913475036621094,380.9587707519531,24.93956184387207,47.08699417114258,226.5537567138672,16.979785919189453,330.0592346191406,51.8026237487793,828.9451904296875,1209.922119140625
2007-07-06,171.7354278564453,358.82275390625,50.284400939941406,144.00225830078125,116.82408905029297,111.99195861816406,161.21009826660156,415.5552978515625,197.3744354248047,161.47140502929688,48.00264358520508,65.92448425292969,72.2583236694336,,22.665664672851562,165.3524169921875,29.06618881225586,119.94722747802734,89.32988739013672,119.99150085449219,159.02635192871094,49.49618148803711,692.2457275390625,137.55374145507812,30.91400146484375,70.96149444580078,364.005126953125,93.48490905761719,767.99951171875,483.996826171875,132.52667236328125,128.4017791748047,38.548194885253906,35.02797317504883,45.13833236694336,86.61109924316406,27.23750877380371,42.417545318603516,42.53560256958008,225.04837036132812,53.02838897705078,387.1313781738281,24.719921112060547,47.47646713256836,223.77330017089844,16.93478775024414,329.298095703125,51.42762756347656,831.7471923828125,1208.2935791015625
2007-07-09,171.8408966064453,365.98883056640625,50.688133239746094,142.41770935058594,118.36493682861328,113.01615142822266,162.35519409179688,424.5704650878906,200.457763671875,163.2688751220703,48.50614547729492,66.9736557006836,73.18978118896484,,23.079669952392578,168.01235961914062,29.21285057067871,120.06376647949219,90.59044647216797,120.85194396972656,157.3203125,50.21269989013672,691.1166381835938,133.8268280029297,30.94382667541504,71.70166015625,362.23895263671875,94.69717407226562,773.1643676757812,484.9250183105469,133.2009735107422,128.00306701660156,39.71934509277344,36.52415466308594,46.54069900512695,88.62098693847656,27.628568649291992,41.67835998535156,42.606178283691406,226.79055786132812,53.562294006347656,380.709716796875,24.420412063598633,47.76143264770508,225.17483520507812,17.26478385925293,333.1273498535156,52.09107971191406,818.4725952148438,1213.2254638671875
2007-07-10,171.01229858398438,361.2253112792969,49.89369201660156,141.42739868164062,116.84293365478516,112.33929443359375,160.7545623779297,419.8695983886719,201.54800415039062,165.45944213867188,47.97493362426758,67.57908630371094,72.60763549804688,,22.727399826049805,166.5866241455078,29.567359924316406,120.3356704711914,92.22578430175781,125.39885711669922,159.00613403320312,50.35525894165039,706.7943115234375,135.9125213623047,30.5561580657959,71.2960433959961,358.1024475097656,92.41529846191406,764.1995239257812,482.4358825683594,130.42991638183594,127.07257080078125,39.31229782104492,36.285831451416016,44.919212341308594,87.13219451904297,27.47555160522461,41.07240295410156,42.63264083862305,226.74343872070312,53.69574737548828,380.56768798828125,24.759857177734375,47.58094787597656,222.846435546875,17.03978729248047,328.6773986816406,53.95368194580078,811.8123168945312,1203.1802978515625
2007-07-11,171.07257080078125,362.1572570800781,49.86981201171875,139.90151977539062,116.13091278076172,112.56192016601562,160.87767028808594,418.4988098144531,195.7135009765625,158.01971435546875,47.22200012207031,67.75205993652344,72.11862182617188,,22.618452072143555,167.64529418945312,30.567590713500977,120.3356704711914,93.8270492553711,124.19255065917969,157.70387268066406,50.370262145996094,700.3233642578125,138.47689819335938,30.32753562927246,71.47164916992188,370.7548828125,91.06043243408203,790.5768432617188,498.46783447265625,131.35235595703125,126.67376708984375,39.70507049560547,36.68304443359375,45.35745620727539,87.39273834228516,28.682703018188477,41.18413162231445,42.985557556152344,225.18963623046875,53.02838897705078,380.14208984375,24.660018920898438,47.495460510253906,222.2587432861328,17.459779739379883,329.8016052246094,55.06217575073242,825.9595947265625,1192.275390625
2007-07-12,172.68458557128906,364.8290710449219,52.15763854980469,141.97024536132812,117.47959899902344,114.44998931884766,161.83807373046875,417.87493896484375,198.0387725830078,157.40963745117188,47.25896072387695,66.61266326904297,73.07337951660156,,22.90172004699707,174.7047576904297,31.336746215820312,127.75470733642578,98.8011703491211,124.82523345947266,161.96400451660156,52.38102340698242,719.4752807617188,140.8019561767578,30.397109985351562,71.36293029785156,370.21649169921875,90.20475769042969,793.454345703125,515.3436279296875,129.2362518310547,127.10580444335938,40.433467864990234,36.603599548339844,46.05864334106445,90.63087463378906,28.78470802307129,40.78875732421875,42.72087478637695,225.94302368164062,52.64364242553711,382.24237060546875,26.057750701904297,47.267486572265625,223.185546875,17.579782485961914,342.0038757324219,56.72285842895508,829.4505615234375,1206.257080078125
2007-07-13,178.07798767089844,365.74029541015625,53.24076843261719,142.6818084716797,117.53611755371094,114.85075378417969,163.99281311035156,421.7060241699219,193.51596069335938,158.85093688964844,47.351341247558594,67.76708221435547,73.1665267944336,,23.192262649536133,179.35964965820312,32.446712493896484,135.32908630371094,108.71538543701172,129.41433715820312,166.67835998535156,51.566959381103516,722.0374145507812,138.44273376464844,30.884185791015625,72.37487030029297,377.4586486816406,91.95179748535156,814.298095703125,507.1589050292969,131.10816955566406,126.77350616455078,40.604854583740234,37.278865814208984,48.90717315673828,89.77482604980469,29.779340744018555,40.539493560791016,43.19731903076172,229.86209106445312,52.56513977050781,385.3074645996094,25.358884811401367,46.37456512451172,223.43417358398438,18.404769897460938,346.1728515625,59.471439361572266,852.1873779296875,1234.9453125
2007-07-16,178.44454956054688,363.9591979980469,52.86092758178711,142.44705200195312,121.43904113769531,115.01996612548828,170.49388122558594,424.4649963378906,192.20433044433594,158.5274200439453,46.41826248168945,68.80499267578125,72.1651840209961,,23.54817008972168,176.72103881835938,32.4002799987793,140.14559936523438,107.48888397216797,128.1405487060547,166.55718994140625,52.08090591430664,718.8671264648438,135.63897705078125,31.289886474609375,73.16940307617188,380.06524658203125,95.37457275390625,827.394287109375,515.4701538085938,135.12718200683594,125.41106414794922,42.94717025756836,38.92732238769531,49.17011260986328,90.8169937133789,33.264793395996094,41.3173713684082,44.582523345947266,231.17677307128906,51.34818649291992,388.9403076171875,25.159208297729492,48.00840759277344,222.91424560546875,18.5097713470459,340.84454345703125,59.619781494140625,887.187744140625,1351.3270263671875
2007-07-17,183.58189392089844,358.1600341796875,52.064292907714844,142.8578643798828,119.2803955078125,115.72354125976562,167.90823364257812,421.1029052734375,196.8803253173828,158.74851989746094,46.68617248535156,68.72227478027344,72.23504638671875,,23.60628318786621,172.1938018798828,31.7587833404541,138.66957092285156,104.49078369140625,126.33523559570312,161.63084411621094,50.77632522583008,716.4351806640625,134.6132354736328,31.58402442932129,74.09351348876953,374.7731628417969,98.01298522949219,818.02392578125,516.9468994140625,134.12339782714844,123.94891357421875,43.211395263671875,37.84159469604492,47.85540771484375,88.88153839111328,32.397674560546875,41.33455276489258,44.84722137451172,229.50355529785156,52.90275192260742,397.3695068359375,25.358884811401367,48.12239456176758,223.00466918945312,18.119770050048828,315.12835693359375,57.61708068847656,882.548583984375,1337.84228515625
2007-07-18,183.05960083007812,366.4652404785156,52.09686279296875,144.273681640625,118.71529388427734,116.88130187988281,174.3847198486328,410.14508056640625,198.73716735839844,159.23988342285156,46.778560638427734,67.15039825439453,72.53777313232422,,24.158302307128906,173.63546752929688,31.840564727783203,143.4084014892578,104.89958953857422,125.41574096679688,162.84222412109375,50.85239028930664,712.7872314453125,135.9467315673828,31.25946044921875,73.54571533203125,380.5118103027344,99.26087188720703,834.69873046875,542.8934326171875,135.123291015625,124.48348236083984,42.85433578491211,37.6363639831543,47.11040115356445,86.16446685791016,32.88224411010742,42.090938568115234,44.83839797973633,234.212646484375,52.22754669189453,408.1829833984375,25.0793399810791,49.57576370239258,223.56980895996094,18.329771041870117,310.3271179199219,57.011314392089844,879.9303588867188,1304.9910888671875
2007-07-19,190.10513305664062,371.35302734375,52.496253967285156,145.190673828125,120.2334976196289,115.79479217529297,180.3809814453125,418.8673095703125,201.3861083984375,163.49404907226562,46.667694091796875,67.35722351074219,72.77064514160156,,24.525104522705078,176.01876831054688,31.826845169067383,144.41835021972656,106.02389526367188,131.05088806152344,164.44737243652344,50.875213623046875,718.345947265625,135.2628631591797,31.229032516479492,74.12278747558594,393.87335205078125,98.72608947753906,846.3563232421875,545.2138061523438,133.68544006347656,124.31644439697266,43.48991012573242,37.808494567871094,47.811580657958984,83.63350677490234,32.84823226928711,45.494659423828125,46.66475296020508,233.0413360595703,51.253963470458984,393.9921875,25.0793399810791,49.27179718017578,224.85836791992188,18.65976905822754,317.1309509277344,58.00443649291992,888.382080078125,1300.6474609375
2007-07-20,190.03988647460938,382.68206787109375,52.133758544921875,144.64047241210938,119.36703491210938,114.81514739990234,179.49447631835938,436.364501953125,200.31288146972656,162.65469360351562,46.67231750488281,66.77059173583984,72.07205963134766,,24.3616886138916,175.47616577148438,33.349334716796875,141.89353942871094,106.73932647705078,129.50709533691406,166.88023376464844,50.947479248046875,718.2158203125,132.76686096191406,31.3203182220459,73.55828857421875,394.3197326660156,97.19293975830078,818.17138671875,545.7623291015625,132.9103546142578,122.24507141113281,43.854103088378906,37.682708740234375,48.644222259521484,81.80972290039062,32.12563705444336,46.35847473144531,46.73533630371094,233.99746704101562,51.222572326660156,388.31585693359375,24.839731216430664,47.96091842651367,225.1070098876953,19.739757537841797,314.7302551269531,59.47967529296875,908.087158203125,1313.271728515625
2007-07-23,191.75234985351562,389.78607177734375,53.41007614135742,142.32969665527344,119.44236755371094,111.2171401977539,183.06520080566406,462.0735168457031,202.87660217285156,159.50599670410156,47.023372650146484,68.37628936767578,73.51582336425781,,24.626794815063477,187.8607940673828,33.62418746948242,143.68032836914062,106.63714599609375,129.33840942382812,166.67835998535156,50.875213623046875,720.9517822265625,140.08395385742188,31.158029556274414,73.78407287597656,398.2133483886719,96.51553344726562,837.1336059570312,567.3630981445312,132.3134765625,124.88440704345703,43.432769775390625,37.64960479736328,48.20597839355469,81.47474670410156,32.542198181152344,45.32705307006836,46.92061996459961,231.5353546142578,50.46882247924805,402.4215393066406,25.179176330566406,46.88752746582031,221.60311889648438,20.09975242614746,310.7369689941406,60.26263427734375,913.0938110351562,1302.5482177734375
2007-07-24,192.0937957763672,386.2858581542969,54.21754837036133,142.26368713378906,118.73033905029297,109.53392028808594,181.88316345214844,470.03875732421875,199.63156127929688,161.7416229248047,46.700035095214844,68.9666976928711,76.21705627441406,,24.488798141479492,194.883056640625,33.65689468383789,144.9621124267578,109.6693115234375,126.04842376708984,160.5102996826172,52.19121170043945,711.831787109375,136.5963592529297,30.874040603637695,75.0218276977539,397.6290283203125,95.62417602539062,823.6314697265625,554.2845458984375,132.49179077148438,123.44783020019531,44.8824348449707,38.00048065185547,48.644222259521484,81.02811431884766,32.68671798706055,43.36302947998047,46.16183853149414,229.2405548095703,49.53451919555664,395.86541748046875,24.95952796936035,45.70963668823242,227.4580078125,19.694753646850586,312.6692199707031,60.60465621948242,890.5867919921875,1281.8687744140625
2007-07-25,191.0894317626953,392.2301025390625,53.789939880371094,140.6131134033203,118.24813842773438,110.1751480102539,179.6668701171875,452.1982116699219,195.59417724609375,162.86756896972656,46.08567810058594,70.24901580810547,78.0799560546875,,23.89318084716797,190.12179565429688,33.0808219909668,142.51502990722656,104.25227355957031,122.48848724365234,157.79473876953125,52.08851623535156,703.4501342773438,138.10073852539062,33.65311050415039,72.88084411621094,389.60546875,91.7022476196289,786.2236328125,537.6197509765625,132.51113891601562,124.0157241821289,43.804115295410156,36.219627380371094,47.85540771484375,82.70301055908203,31.98112678527832,43.93461990356445,45.42953109741211,226.15687561035156,50.16263198852539,396.7168273925781,24.56018829345703,45.415157318115234,226.5989990234375,19.559751510620117,314.9527282714844,59.91236114501953,846.6751708984375,1189.1077880859375
2007-07-26,195.04161071777344,383.427734375,52.84355163574219,138.58108520507812,116.92204284667969,109.59626007080078,179.9254608154297,447.92950439453125,202.56146240234375,166.5936279296875,47.48530578613281,71.39593505859375,78.31285095214844,,24.54326629638672,187.0894317626953,32.81281661987305,142.43734741210938,106.6030502319336,123.47551727294922,162.2163543701172,54.12718963623047,729.0728149414062,140.66513061523438,34.01824188232422,72.45014953613281,389.0736999511719,89.17076110839844,756.636962890625,534.37109375,131.93756103515625,125.61940002441406,43.261390686035156,37.245765686035156,45.53275680541992,84.56399536132812,31.454051971435547,44.785545349121094,45.24425506591797,222.858154296875,51.583709716796875,406.9625244140625,24.719921112060547,44.46525192260742,226.84765625,19.679752349853516,313.7582702636719,61.482383728027344,852.00341796875,1165.2613525390625
2007-07-27,187.56414794921875,369.6961669921875,50.76411056518555,134.1575927734375,112.92493438720703,109.42704010009766,175.93614196777344,426.0228271484375,196.9086456298828,164.42355346679688,45.51752471923828,67.97393035888672,75.09929656982422,,23.68617820739746,176.6997528076172,30.385578155517578,134.4745330810547,100.98164367675781,117.95842742919922,157.49188232421875,53.43494415283203,721.1254272460938,133.96359252929688,34.971649169921875,72.47525787353516,375.7778015136719,89.24211120605469,738.0438842773438,506.019775390625,131.37559509277344,124.68392944335938,41.240421295166016,34.80950164794922,44.30569076538086,81.17698669433594,29.481800079345703,42.51640319824219,44.12373733520508,217.479736328125,48.90639877319336,388.0320129394531,23.881284713745117,43.268367767333984,224.4740447998047,18.86976432800293,301.9541015625,59.50440216064453,804.2335815429688,1100.78125
2007-07-30,185.6809844970703,366.8379821777344,50.74240493774414,135.41934204101562,118.89987182617188,113.8443832397461,176.58871459960938,430.0892333984375,194.08229064941406,162.66697692871094,45.59605026245117,68.03409576416016,76.0074691772461,,24.89917755126953,175.23141479492188,30.005748748779297,128.76463317871094,99.72106170654297,119.32505798339844,151.52578735351562,54.906890869140625,734.6751098632812,142.8876495361328,33.967533111572266,71.68914031982422,386.7755432128906,92.41529846191406,758.223388671875,509.3105163574219,128.86807250976562,129.06057739257812,41.8759880065918,34.64398956298828,44.08657455444336,82.59134674072266,29.473295211791992,42.898895263671875,45.050140380859375,218.2446746826172,48.29399108886719,388.8551940917969,23.242321014404297,42.4134521484375,223.61505126953125,18.86976432800293,295.06842041015625,59.83406448364258,821.0447998046875,1129.15234375
2007-07-31,190.1754913330078,373.2585144042969,52.120731353759766,136.07223510742188,122.3507308959961,111.48433685302734,182.40028381347656,459.0457763671875,197.47216796875,161.79893493652344,45.94710922241211,68.78244018554688,77.21837615966797,,24.568693161010742,183.85494995117188,30.60240364074707,132.0274200439453,102.44659423828125,118.00062561035156,147.14453125,55.89958572387695,733.5460205078125,141.3832244873047,34.68766403198242,74.08935546875,388.31201171875,93.69884490966797,784.9326171875,516.567138671875,132.37551879882812,137.4462890625,42.847198486328125,34.65723419189453,44.83156967163086,83.59628295898438,31.64107894897461,42.885986328125,46.43535614013672,218.57928466796875,49.220458984375,382.611083984375,23.262283325195312,42.61293029785156,218.9356689453125,19.004762649536133,300.4317932128906,60.835426330566406,857.4693603515625,1143.948486328125
2007-08-01,180.55873107910156,357.43511962890625,50.416812896728516,130.7244110107422,116.63946533203125,110.07718658447266,175.62828063964844,437.4558410644531,190.44468688964844,158.00741577148438,44.02552032470703,66.52993774414062,74.68013000488281,,23.653488159179688,177.27426147460938,29.086761474609375,123.5985107421875,98.42642211914062,112.60167694091797,139.97706604003906,53.25999069213867,713.26513671875,138.0324249267578,33.88639450073242,72.00691223144531,373.69635009765625,91.91614532470703,713.5481567382812,493.7427673339844,127.12403106689453,131.4660186767578,41.01905059814453,32.988922119140625,41.983036041259766,78.19937896728516,29.64331817626953,41.62678909301758,44.13255310058594,215.1610565185547,46.79437255859375,379.3190002441406,22.80302619934082,40.960079193115234,216.10995483398438,17.669776916503906,285.8522644042969,57.60059356689453,827.705078125,1099.6947021484375
2007-08-02,180.83998107910156,361.9294738769531,50.02826690673828,132.25027465820312,120.01123809814453,110.49576568603516,189.0491485595703,438.0456848144531,187.02911376953125,155.52613830566406,42.6951904296875,65.92071533203125,75.61161804199219,,23.795127868652344,181.13650512695312,29.82586097717285,124.0257568359375,98.05166625976562,109.96968078613281,136.45391845703125,52.967124938964844,722.9060668945312,137.8614501953125,34.03852462768555,73.77154541015625,381.03704833984375,93.02141571044922,730.5090942382812,495.2615661621094,125.50403594970703,133.10313415527344,41.61176681518555,33.233863830566406,41.8077392578125,78.75768280029297,30.10238265991211,42.1553955078125,44.13255310058594,211.50372314453125,46.79437255859375,370.2369384765625,22.70319175720215,41.83400344848633,220.78933715820312,17.879776000976562,282.7489318847656,57.176143646240234,825.9595947265625,1125.75830078125
2007-08-03,180.90020751953125,361.45306396484375,50.141136169433594,134.3189697265625,123.24735260009766,110.63826751708984,187.8548126220703,443.6168212890625,187.3280029296875,156.9551239013672,43.43888473510742,66.5148696899414,77.26493835449219,,23.93313217163086,183.32823181152344,30.420394897460938,126.31747436523438,101.22013092041016,110.73735809326172,136.9586944580078,52.96331787109375,738.84423828125,140.4600372314453,34.4340934753418,74.99676513671875,389.0868225097656,93.82115173339844,748.774658203125,507.8338623046875,126.31791687011719,134.53973388671875,42.304466247558594,34.16071319580078,42.158329010009766,80.50702667236328,30.034378051757812,42.099517822265625,44.9972038269043,216.451904296875,46.84933853149414,372.0533142089844,22.683223724365234,41.98598861694336,231.79830932617188,18.119770050048828,293.9676208496094,56.06353759765625,835.9729614257812,1147.20703125
2007-08-06,178.7910614013672,359.0920715332031,49.164363861083984,130.12289428710938,126.72457885742188,110.48686981201172,188.0641632080078,430.98687744140625,187.76345825195312,152.7500762939453,42.25636672973633,65.48452758789062,76.17048645019531,,23.464649200439453,178.47657775878906,30.28060531616211,122.39435577392578,99.78919982910156,109.46355438232422,137.24136352539062,50.981712341308594,716.4786376953125,136.83567810058594,35.0020751953125,74.06005859375,380.5511474609375,91.96724700927734,730.2481079101562,489.945556640625,124.35684967041016,136.4440460205078,42.06880569458008,34.04154968261719,41.41332244873047,79.65096282958984,29.702829360961914,41.28297424316406,44.37076950073242,205.09739685058594,46.73154830932617,368.64752197265625,22.463584899902344,41.35905456542969,231.0522918701172,18.059776306152344,288.6042785644531,53.20781326293945,818.1511840820312,1141.731689453125
2007-08-07,181.80918884277344,362.9650573730469,49.55073547363281,127.62870025634766,126.73965454101562,109.3201904296875,192.36122131347656,432.0518493652344,189.44564819335938,153.82693481445312,42.46885299682617,65.37169647216797,77.66083526611328,,23.82781410217285,177.99246215820312,29.835359573364258,121.85057830810547,98.39234161376953,110.96513366699219,136.88803100585938,52.53731918334961,716.4351806640625,138.91842651367188,33.866111755371094,75.2894515991211,383.6108703613281,92.25804901123047,736.3987426757812,496.7380065917969,125.0893325805664,133.9717559814453,43.29709243774414,35.40532684326172,42.55274200439453,83.59628295898438,30.01737403869629,41.32596969604492,45.48247146606445,206.38821411132812,46.89643096923828,371.4004821777344,22.66326141357422,41.10258102416992,227.97792053222656,18.77976417541504,289.8455505371094,53.488033294677734,818.5186157226562,1201.3253173828125
2007-08-08,188.3625946044922,367.0244445800781,50.868289947509766,129.69740295410156,128.60443115234375,111.47541809082031,195.42715454101562,438.7497253417969,196.84033203125,161.0987548828125,44.04399871826172,66.79315948486328,79.6169204711914,,23.991241455078125,182.20046997070312,30.329666137695312,125.57947540283203,102.17931365966797,111.17603302001953,139.30078125,53.37409591674805,726.6408081054688,141.10531616210938,33.9573860168457,77.27151489257812,392.4812927246094,94.18465423583984,764.3562622070312,506.9901428222656,125.06609344482422,135.37493896484375,44.7253303527832,36.70952224731445,44.65627670288086,90.03536224365234,32.06613540649414,40.934879302978516,45.14720916748047,210.18898010253906,49.67584228515625,385.4209289550781,23.062610626220703,41.61552429199219,230.5775909423828,19.22976303100586,295.7242431640625,54.03197479248047,824.7652587890625,1192.90869140625
2007-08-09,185.38467407226562,360.3553466796875,50.16935729980469,130.53370666503906,124.36624908447266,108.12678527832031,188.7044219970703,431.3038330078125,195.66201782226562,158.39642333984375,44.13176727294922,65.10094451904297,79.03472900390625,,23.36295509338379,184.5039825439453,30.420394897460938,121.19023895263672,103.31539916992188,111.95211791992188,138.95748901367188,52.38898849487305,718.1723022460938,139.54330444335938,33.25754928588867,78.53855895996094,382.95428466796875,92.47614288330078,746.01611328125,502.4757385253906,124.1204605102539,132.0006103515625,42.361595153808594,36.5307731628418,43.03480529785156,86.12725067138672,30.52743911743164,40.80165100097656,44.856048583984375,203.42413330078125,48.8985595703125,385.7615966796875,22.783058166503906,40.817596435546875,226.674072265625,18.794763565063477,293.11273193359375,52.36305618286133,815.2573852539062,1164.6729736328125
2007-08-10,181.69369506835938,347.3072814941406,49.07754135131836,126.77774810791016,121.07740020751953,104.97410583496094,181.0828399658203,427.51904296875,195.45712280273438,160.4968719482422,44.36734390258789,63.34483337402344,76.77593994140625,,22.712875366210938,180.1629638671875,29.609037399291992,117.50015258789062,103.24655151367188,112.93911743164062,135.50502014160156,52.252052307128906,703.1463012695312,136.1414337158203,33.14598846435547,79.09468841552734,377.44549560546875,92.1126480102539,747.2835083007812,491.0003662109375,123.99256134033203,131.3657989501953,41.6760368347168,35.35236358642578,42.33362579345703,86.46222686767578,29.915359497070312,40.32890319824219,44.45899963378906,197.90225219726562,50.044857025146484,372.9046325683594,22.40267562866211,40.06717300415039,225.675537109375,18.839765548706055,285.4892883300781,51.69135665893555,810.8936767578125,1141.369384765625
2007-08-13,183.71746826171875,352.75439453125,49.301109313964844,128.20823669433594,121.53699493408203,106.91559600830078,177.48751831054688,428.81292724609375,193.74929809570312,159.67796325683594,44.36272430419922,63.40499496459961,78.21968841552734,,22.89082908630371,182.04087829589844,29.982540130615234,118.39350891113281,103.48753356933594,116.84490203857422,139.24017333984375,55.154109954833984,723.25341796875,141.6607208251953,33.42997741699219,82.05944061279297,385.8432312011719,94.4391098022461,753.88134765625,503.5727233886719,125.71329498291016,131.39923095703125,41.79743957519531,35.16037368774414,42.9471549987793,93.23628234863281,31.01200294494629,40.320308685302734,44.582523345947266,199.5038604736328,49.848575592041016,374.57928466796875,22.582862854003906,41.3210563659668,226.94644165039062,18.97476577758789,286.8710632324219,51.922122955322266,831.701171875,1139.468994140625
2007-08-14,184.10409545898438,354.6390075683594,49.82206344604492,128.9124755859375,121.70654296875,106.42574310302734,175.22198486328125,426.4963073730469,193.02352905273438,160.12841796875,44.478214263916016,64.17589569091797,80.43193054199219,,22.90172004699707,179.58840942382812,29.89391326904297,119.59764862060547,101.69732666015625,116.60872650146484,137.05966186523438,54.191837310791016,715.3060913085938,139.26559448242188,33.47053909301758,82.59468078613281,378.34503173828125,94.25733184814453,738.0016479492188,508.9731140136719,127.30229187011719,130.99827575683594,41.75459289550781,34.93528366088867,44.48099136352539,92.45465850830078,31.258516311645508,40.76727294921875,44.785465240478516,199.26478576660156,50.17046356201172,370.2369384765625,22.60288429260254,41.52054214477539,225.78900146484375,19.289756774902344,286.7657165527344,53.31083679199219,832.0686645507812,1121.9124755859375
2007-08-16,174.66314697265625,331.87744140625,47.49299621582031,122.09016418457031,114.59762573242188,99.36335754394531,164.0543212890625,408.8085021972656,185.80799865722656,156.66441345214844,43.36959457397461,61.58491134643555,78.28954315185547,,22.781118392944336,170.61912536621094,26.834672927856445,112.60589599609375,97.87594604492188,111.4375228881836,132.02224731445312,52.837806701660156,689.1622924804688,136.3150634765625,31.969444274902344,78.45491790771484,366.4607849121094,92.51254272460938,729.7634887695312,492.64569091796875,122.27566528320312,128.52603149414062,38.81241989135742,32.37985610961914,42.20215606689453,87.69049072265625,29.830341339111328,38.80755615234375,43.40907669067383,182.29286193847656,48.396053314208984,365.6106262207031,22.142414093017578,38.68031311035156,222.2713165283203,18.749767303466797,277.5378723144531,50.545772552490234,800.4212036132812,1099.46875
2007-08-17,176.05416870117188,330.1169738769531,46.368614196777344,120.99708557128906,114.46577453613281,102.4448013305664,156.35894775390625,406.61529541015625,180.36878967285156,151.8697967529297,43.826900482177734,58.96012496948242,75.75135040283203,,21.7138671875,165.97486877441406,25.386558532714844,108.79930877685547,94.74308776855469,108.17285919189453,131.42666625976562,53.34747314453125,676.3075561523438,133.64218139648438,31.14789390563965,77.35099792480469,360.76824951171875,92.03995513916016,708.7767944335938,490.072265625,123.76386260986328,123.68168640136719,37.81264877319336,32.41294860839844,45.09451675415039,86.685546875,29.69432830810547,39.26310348510742,41.485660552978516,177.01004028320312,47.234031677246094,354.002685546875,22.082353591918945,39.18375778198242,220.4557647705078,18.329771041870117,280.67626953125,46.84529113769531,803.2688598632812,1096.3919677734375
2007-08-20,180.5838623046875,342.937255859375,48.226654052734375,127.98812866210938,116.76006317138672,107.69930267333984,168.99176025390625,413.9616394042969,180.2662811279297,149.7938232421875,43.35111618041992,61.566123962402344,76.31019592285156,,22.291351318359375,171.27879333496094,26.54768943786621,110.19763946533203,98.56449127197266,109.64070892333984,129.7205810546875,52.320533752441406,680.7372436523438,137.66879272460938,31.70573616027832,78.22492218017578,364.7930603027344,92.91236877441406,718.3568725585938,489.1438903808594,123.06240844726562,123.51458740234375,38.348236083984375,32.565223693847656,46.54069900512695,88.99320983886719,30.977989196777344,39.692867279052734,44.23843002319336,182.31678771972656,48.17618942260742,364.7308349609375,22.743022918701172,39.345237731933594,225.4939422607422,18.65976905822754,280.9573669433594,47.47990036010742,801.1559448242188,1101.912353515625
2007-08-21,175.446533203125,337.0965881347656,47.9249382019043,121.63531494140625,110.25391387939453,105.25018310546875,157.4300994873047,406.3508605957031,173.38385009765625,144.23753356933594,41.28171920776367,59.38505554199219,74.35411834716797,,21.05599021911621,169.20404052734375,25.475189208984375,105.80838012695312,96.60211944580078,106.99183654785156,124.07748413085938,51.78422927856445,666.623046875,134.16282653808594,30.874040603637695,78.40892791748047,358.01708984375,92.22171020507812,697.8920288085938,469.4414978027344,122.38027954101562,120.60801696777344,37.79836654663086,31.00944709777832,43.2100944519043,83.1496353149414,29.677322387695312,38.450843811035156,41.953277587890625,175.52798461914062,45.483184814453125,357.9477233886719,22.322593688964844,38.651798248291016,218.95794677734375,17.72977638244629,264.0006103515625,44.41813659667969,785.3092651367188,1018.472412109375
2007-08-22,177.38999938964844,351.09747314453125,48.50884246826172,124.1368408203125,109.91487121582031,103.76288604736328,159.6094512939453,419.8105163574219,175.2025909423828,146.47723388671875,41.877601623535156,60.836578369140625,74.936279296875,,21.841796875,178.12010192871094,26.54768943786621,107.94474029541016,97.70380401611328,104.52014923095703,127.0050277709961,51.78044509887695,669.0692138671875,136.17617797851562,32.10129928588867,77.50569152832031,358.20751953125,94.65719604492188,709.4104614257812,470.6650390625,119.34181213378906,119.10452270507812,36.33442306518555,30.50630760192871,43.25392150878906,84.48956298828125,30.0003662109375,37.95232391357422,42.53560256958008,179.18533325195312,46.20551681518555,354.8541259765625,22.462739944458008,38.70880889892578,222.63446044921875,17.714780807495117,288.0538330078125,44.772525787353516,783.471923828125,1049.3775634765625
2007-08-23,175.16029357910156,352.5265197753906,47.75998306274414,121.03382873535156,106.5958480834961,103.75399780273438,154.0441436767578,422.1976623535156,172.1285858154297,148.34841918945312,41.452632904052734,58.971397399902344,74.61027526855469,,21.286243438720703,177.59349060058594,26.105079650878906,107.98358917236328,97.29067993164062,104.73947143554688,125.56147003173828,51.87932586669922,677.9373168945312,137.39108276367188,32.53742980957031,77.61024475097656,361.28033447265625,96.58378601074219,724.9548950195312,468.47119140625,118.02411651611328,118.26937103271484,35.97022247314453,29.791324615478516,41.939205169677734,80.02315521240234,29.20976448059082,36.177406311035156,41.5650749206543,180.8108367919922,44.18769073486328,353.5201110839844,22.50278091430664,38.93678665161133,223.74647521972656,17.3997802734375,282.45623779296875,42.76982116699219,796.3330688476562,1057.341552734375
2007-08-24,178.409423828125,358.5328369140625,47.653621673583984,122.33224487304688,110.46111297607422,101.69670104980469,159.75726318359375,430.7332458496094,173.92181396484375,149.4989776611328,42.25636672973633,60.55832290649414,76.28690338134766,,21.34107208251953,186.50425720214844,27.18179702758789,110.31416320800781,100.49238586425781,110.779541015625,129.22592163085938,51.68915557861328,690.2562866210938,138.43246459960938,32.79098892211914,77.98655700683594,363.959228515625,98.58306121826172,753.2476806640625,477.45758056640625,118.07449340820312,118.33617401123047,36.20587921142578,29.731735229492188,43.4292106628418,82.92631530761719,29.031246185302734,37.165855407714844,42.985557556152344,179.32876586914062,43.465370178222656,362.8292541503906,22.883169174194336,38.59481430053711,222.38482666015625,17.684776306152344,280.7816162109375,47.109031677246094,805.0603637695312,1076.8892822265625
2007-08-27,184.17947387695312,363.2550048828125,48.604347229003906,129.63137817382812,117.14432525634766,102.8544692993164,167.88360595703125,446.36846923828125,175.30511474609375,151.3087921142578,42.9030647277832,61.539798736572266,78.24296569824219,,22.309621810913086,193.159423828125,28.114498138427734,115.44144439697266,102.93672180175781,113.951416015625,132.86013793945312,52.5221061706543,728.1743774414062,139.36972045898438,33.49082946777344,78.60964965820312,371.49688720703125,97.05635070800781,772.7060546875,487.2032775878906,123.4693374633789,127.02257537841797,37.469879150390625,30.98297119140625,44.919212341308594,86.90887451171875,29.932357788085938,39.28458023071289,43.54142379760742,181.52792358398438,44.572425842285156,363.8226013183594,24.244539260864258,38.81330108642578,223.51954650878906,18.0147762298584,290.9697570800781,50.47984313964844,831.7471923828125,1116.980224609375
2007-08-28,189.07069396972656,362.5714416503906,49.95013427734375,126.60167694091797,116.83161163330078,106.85324096679688,172.3777313232422,449.7862243652344,175.68934631347656,153.97430419921875,43.120155334472656,60.862911224365234,77.96354675292969,,22.44851303100586,192.856201171875,28.250078201293945,119.13153839111328,105.58758544921875,111.86776733398438,132.68850708007812,52.0619010925293,727.34423828125,140.3069610595703,33.967533111572266,77.81932067871094,375.08837890625,97.45620727539062,766.4063720703125,495.0925598144531,122.85311126708984,126.48802947998047,37.684112548828125,31.539072036743164,45.22598648071289,87.20662689208984,30.170394897460938,40.268741607666016,43.33848190307617,179.9024658203125,45.73444366455078,358.3166198730469,24.044336318969727,39.10776138305664,225.81170654296875,17.924774169921875,288.6744384765625,50.249080657958984,836.0189208984375,1116.618408203125
2007-08-29,189.7938232421875,364.3526306152344,50.46889877319336,125.75072479248047,118.58342742919922,109.0975341796875,172.2176513671875,456.5865783691406,176.17613220214844,150.4530487060547,43.420406341552734,62.68672561645508,76.96222686767578,,23.44995880126953,197.20249938964844,30.774921417236328,121.53981018066406,111.30243682861328,113.74052429199219,132.1232147216797,52.122745513916016,728.2616577148438,140.2027587890625,34.190677642822266,78.26673889160156,382.33056640625,96.94729614257812,775.8374633789062,503.3617858886719,123.18254089355469,125.1516342163086,37.41987991333008,31.287504196166992,44.919212341308594,86.83443450927734,30.051376342773438,39.77881622314453,43.682579040527344,182.5797119140625,45.56169128417969,362.03460693359375,23.663951873779297,38.93678665161133,222.9521942138672,17.96977424621582,284.3884582519531,51.114444732666016,844.5623168945312,1119.46875
2007-08-30,192.0385284423828,366.1337890625,51.25249099731445,128.09085083007812,118.3573989868164,112.15225982666016,169.77976989746094,456.04913330078125,178.63528442382812,152.74191284179688,44.13176727294922,63.22824478149414,77.87482452392578,,23.007713317871094,198.60617065429688,30.656206130981445,123.6761474609375,114.74513244628906,114.85404968261719,136.68612670898438,52.373783111572266,731.057373046875,141.0706024169922,34.809364318847656,79.27867126464844,387.7933044433594,96.98362731933594,798.9861450195312,495.55670166015625,124.6810531616211,125.1516342163086,37.66268539428711,31.903196334838867,45.751869201660156,88.2860107421875,29.626323699951172,39.615501403808594,44.159027099609375,194.74688720703125,47.09271240234375,368.9313659667969,24.44474220275879,39.10776138305664,219.70681762695312,18.07478141784668,294.6233825683594,50.86308670043945,849.8904418945312,1111.912353515625
2007-08-31,196.9448699951172,364.3526306152344,50.86611557006836,130.34295654296875,120.58010864257812,113.10519409179688,174.0645751953125,455.0185852050781,181.7691192626953,151.8697967529297,44.56134796142578,64.6572036743164,81.12741088867188,,22.653181076049805,201.57896423339844,32.16236114501953,122.6662368774414,115.95010375976562,118.39712524414062,142.9652099609375,52.08851623535156,758.09814453125,144.61123657226562,34.6470832824707,78.86475372314453,386.9856872558594,97.02000427246094,795.8174438476562,504.62744140625,122.83039855957031,129.4614715576172,38.26254653930664,32.33351135253906,47.30352783203125,92.41744995117188,29.949356079101562,43.7412109375,44.47665023803711,192.3325958251953,47.86217498779297,367.93798828125,26.346675872802734,39.26924133300781,219.9110870361328,18.494770050048828,300.1273193359375,53.014137268066406,845.4810791015625,1112.953369140625
2007-09-03,196.6485595703125,360.18975830078125,51.070167541503906,133.2039337158203,121.05477142333984,113.52377319335938,178.32479858398438,455.7145080566406,181.23971557617188,152.3692626953125,43.859230041503906,63.254554748535156,86.74337768554688,,22.503339767456055,207.1189727783203,32.25098419189453,124.72494506835938,114.46974182128906,118.58268737792969,145.40818786621094,52.07710266113281,770.2860107421875,145.652587890625,35.255645751953125,79.51285552978516,385.2457275390625,97.45620727539062,798.687744140625,515.3436279296875,126.64906311035156,134.0386199951172,40.3334846496582,33.35965347290039,50.27386474609375,97.59102630615234,32.10013198852539,45.18952941894531,44.47665023803711,196.75485229492188,48.757225036621094,367.6541748046875,26.56689453125,40.00067901611328,224.35928344726562,18.76476287841797,298.4176330566406,54.3904914855957,871.6625366210938,1172.0484619140625
2007-09-04,198.15008544921875,355.5296936035156,51.072330474853516,133.306640625,121.45411682128906,117.35333251953125,179.78997802734375,462.4266357421875,182.06796264648438,154.7482147216797,43.0462532043457,62.61906051635742,84.82459259033203,,22.850553512573242,204.49839782714844,31.887510299682617,121.9670639038086,113.71233367919922,116.64246368408203,144.74192810058594,53.28281021118164,780.4644165039062,146.48570251464844,35.04263687133789,79.1281509399414,396.71630859375,99.01927947998047,818.705322265625,526.3549194335938,125.77656555175781,131.33241271972656,40.35491943359375,33.15442657470703,50.22952651977539,97.10717010498047,31.989625930786133,44.510494232177734,44.891334533691406,197.9739990234375,48.44315719604492,364.2767333984375,26.266590118408203,40.3426513671875,219.66148376464844,18.824764251708984,297.0709228515625,54.592403411865234,899.6813354492188,1213.6331787109375
2007-09-05,197.3164825439453,351.635986328125,50.89868927001953,134.30429077148438,120.12049865722656,118.91188049316406,176.7364501953125,456.1637268066406,183.13534545898438,155.186279296875,43.6837043762207,62.51377868652344,86.86038208007812,,22.901721954345703,202.66781616210938,31.805736541748047,121.85057830810547,113.884521484375,117.90784454345703,143.671875,54.2526969909668,763.3839111328125,147.42294311523438,34.90065383911133,78.93577575683594,401.2796630859375,100.07344818115234,811.3246459960938,526.3549194335938,124.4462890625,133.37037658691406,39.46940231323242,32.95581817626953,49.03252410888672,99.56370544433594,32.49969482421875,44.83283233642578,44.556060791015625,192.23696899414062,49.25969696044922,360.7290954589844,25.80612564086914,40.36164855957031,219.09410095214844,18.65976905822754,293.8387756347656,56.236602783203125,899.865234375,1209.51513671875
2007-09-06,199.14939880371094,348.77783203125,51.42613983154297,135.11123657226562,123.10797119140625,117.51363372802734,180.3809814453125,457.91668701171875,184.10031127929688,155.90283203125,44.15947341918945,62.96123123168945,87.14116668701172,,23.007713317871094,202.2354736328125,32.30215072631836,120.45217895507812,118.11901092529297,120.13487243652344,145.78170776367188,55.45458984375,769.4124145507812,150.1999053955078,35.48892593383789,78.61378479003906,417.1098937988281,102.5453109741211,821.836669921875,536.5648193359375,124.03939819335938,132.7689971923828,40.204952239990234,33.6641845703125,49.919185638427734,102.09465789794922,33.562320709228516,43.96900177001953,44.22078323364258,197.1851348876953,49.46384811401367,370.6909484863281,26.206523895263672,40.69410705566406,216.73388671875,18.85476303100586,301.9541015625,56.862972259521484,923.0150146484375,1231.008544921875
2007-09-07,197.1457061767578,351.2010498046875,51.944915771484375,134.9865264892578,122.08324432373047,115.99071502685547,176.7856903076172,456.4367980957031,183.80142211914062,156.28778076171875,44.18258285522461,63.99161911010742,87.53895568847656,,22.729944229125977,201.2801055908203,32.09693908691406,121.81171417236328,115.84681701660156,117.28357696533203,142.51092529296875,54.69389724731445,762.99072265625,148.53372192382812,36.06704330444336,78.41310119628906,417.4579772949219,101.70923614501953,811.846435546875,526.1862182617188,123.07688903808594,133.10313415527344,39.3622932434082,33.922386169433594,48.98819351196289,99.41481018066406,33.07529830932617,43.99907684326172,44.13255310058594,195.0337371826172,48.53737258911133,379.71636962890625,25.746061325073242,40.409141540527344,216.64309692382812,19.319761276245117,299.740966796875,57.86844253540039,916.3548583984375,1226.8455810546875
2007-09-10,199.42564392089844,352.5472717285156,51.925376892089844,133.64404296875,123.56758880615234,115.70573425292969,184.1979522705078,454.0321044921875,178.84884643554688,153.2577667236328,42.967716217041016,63.55245590209961,89.43436431884766,,22.66780662536621,201.69642639160156,32.32537078857422,119.86954498291016,118.5665512084961,118.5573959350586,141.56201171875,55.32147216796875,764.1265258789062,148.11715698242188,37.46672439575195,79.39576721191406,421.2398376464844,104.94444274902344,815.46240234375,528.464599609375,122.36869812011719,132.16769409179688,39.78361892700195,33.809837341308594,49.52019119262695,102.20633697509766,32.60536575317383,43.883052825927734,44.18549728393555,192.40431213378906,46.158416748046875,374.8346862792969,29.169525146484375,40.029170989990234,213.10272216796875,20.009750366210938,300.7245788574219,55.80390930175781,905.1016235351562,1237.2530517578125
2007-09-11,199.87759399414062,350.5797119140625,51.565059661865234,132.27227783203125,122.26409149169922,115.23372650146484,181.87081909179688,456.2077941894531,174.7671661376953,149.2697296142578,42.07623291015625,63.28514862060547,91.72755432128906,,22.8944091796875,203.8206024169922,33.05074691772461,122.00589752197266,117.94691467285156,116.27127838134766,140.895751953125,55.43938064575195,752.3753662109375,150.72059631347656,37.2943000793457,77.91966247558594,421.88983154296875,103.99935150146484,823.8868408203125,521.4188232421875,121.32796478271484,134.87380981445312,39.50511169433594,33.74363708496094,50.58418655395508,102.35518646240234,33.33163833618164,43.54783248901367,46.07361602783203,196.56361389160156,44.72160339355469,375.4022216796875,28.46881675720215,40.69410705566406,212.8303680419922,20.189754486083984,298.9796142578125,55.34239959716797,896.5120849609375,1241.1898193359375
2007-09-12,202.19265747070312,348.6949157714844,51.31977844238281,129.8954620361328,122.39591979980469,115.17137908935547,184.33338928222656,451.9355773925781,173.44358825683594,149.19192504882812,41.80830764770508,63.216392517089844,89.13016510009766,,22.872480392456055,203.75123596191406,33.181053161621094,120.64640808105469,120.18462371826172,115.52890014648438,140.95631408691406,55.88056564331055,750.9774780273438,151.03302001953125,36.49303436279297,78.11202239990234,420.1433410644531,103.16324615478516,821.4266357421875,535.84765625,119.96253204345703,133.93833923339844,39.70507049560547,34.107749938964844,56.524837493896484,100.717529296875,33.01549530029297,43.94321060180664,46.40888595581055,194.98593139648438,44.25836181640625,373.3020324707031,28.488834381103516,39.896183013916016,213.03460693359375,20.084749221801758,296.7312927246094,56.16655349731445,906.9387817382812,1223.587890625
2007-09-13,203.6339111328125,347.5144348144531,52.680755615234375,129.70474243164062,126.1707763671875,117.46910095214844,190.61282348632812,452.3055725097656,176.03945922851562,150.20736694335938,42.16399002075195,63.835052490234375,89.8321762084961,,23.11005210876465,203.85794067382812,32.94786834716797,119.55879211425781,118.70427703857422,117.2582778930664,143.06614685058594,57.12050247192383,779.06640625,149.26266479492188,36.31047058105469,79.43757629394531,428.63299560546875,104.8717269897461,841.6676635742188,544.0745849609375,120.45939636230469,132.16769409179688,40.519161224365234,34.38579559326172,57.411502838134766,99.8614501953125,34.134803771972656,44.441741943359375,45.57952117919922,195.51185607910156,44.65877914428711,378.2688293457031,29.48985481262207,38.70880889892578,216.87001037597656,19.85975456237793,296.42681884765625,56.12534713745117,916.9979858398438,1230.737060546875
2007-09-14,204.36207580566406,343.64141845703125,53.51427459716797,132.9691619873047,124.3473892211914,115.77696228027344,190.14495849609375,456.50726318359375,174.61343383789062,150.4407501220703,41.5958366394043,63.728111267089844,86.9305648803711,,22.75187110900879,202.39022827148438,32.817569732666016,119.90837860107422,118.15347290039062,117.04735565185547,141.02699279785156,56.82383728027344,757.2681274414062,147.2146759033203,36.70602798461914,79.45012664794922,423.84649658203125,105.05350494384766,825.4153442382812,561.2456665039062,119.17218017578125,132.43490600585938,40.49773406982422,33.7171516418457,58.43116760253906,97.40494537353516,33.22909927368164,43.629478454589844,44.917808532714844,192.71505737304688,43.8265266418457,379.0068054199219,28.16851043701172,39.27873611450195,220.68272399902344,19.364757537841797,293.56951904296875,56.306671142578125,895.2718505859375,1211.6419677734375
2007-09-17,203.71424865722656,337.34515380859375,53.22991943359375,131.33326721191406,123.98949432373047,117.31769561767578,196.44908142089844,456.4103088378906,170.3781280517578,147.795654296875,41.51730728149414,63.85032653808594,85.90097045898438,,22.883441925048828,202.4756622314453,32.90620040893555,119.83070373535156,117.43050384521484,117.21610260009766,140.96640014648438,55.92621612548828,764.4322509765625,149.8874969482422,36.68573760986328,79.0696029663086,422.35601806640625,105.67145538330078,828.54638671875,550.95166015625,117.8145523071289,131.6999053955078,40.390625,33.59136199951172,57.36717224121094,99.04261779785156,32.9556884765625,43.91741943359375,45.041324615478516,192.06967163085938,43.64594650268555,378.0701599121094,27.708044052124023,39.25025177001953,218.59483337402344,19.319761276245117,291.7895202636719,56.06764221191406,897.8900756835938,1198.247802734375
2007-09-18,206.7022247314453,344.8634033203125,53.446983337402344,135.64675903320312,127.70783996582031,117.6115951538086,201.00474548339844,461.31683349609375,171.19789123535156,147.7752227783203,41.03691101074219,64.96539306640625,86.39238739013672,,23.70580291748047,202.78518676757812,33.12512969970703,120.18031311035156,118.63543701171875,117.44386291503906,143.16708374023438,56.93794631958008,764.8255004882812,148.9503173828125,36.56403350830078,78.1998291015625,427.7268371582031,106.54387664794922,836.076416015625,555.7335815429688,119.3756332397461,131.5662384033203,42.240196228027344,34.20705795288086,64.68213653564453,100.86638641357422,33.45978927612305,44.45033264160156,45.52658462524414,194.43617248535156,44.08563232421875,383.661376953125,28.04838752746582,38.44283676147461,216.5295867919922,19.649755477905273,300.7127990722656,56.66104507446289,902.4373779296875,1194.2205810546875
2007-09-19,218.3377227783203,367.3558044433594,57.490821838378906,142.8358612060547,133.33995056152344,121.86863708496094,206.2622833251953,470.37200927734375,174.71592712402344,151.62818908691406,41.42952346801758,69.02861022949219,88.63876342773438,,25.218948364257812,205.982177734375,34.74100112915039,124.0257568359375,127.10448455810547,121.54368591308594,149.59765625,57.96106719970703,807.1554565429688,150.65115356445312,38.0042839050293,77.99078369140625,437.22119140625,107.16181182861328,861.38720703125,603.5963134765625,118.31531524658203,133.8715362548828,45.339473724365234,35.484771728515625,63.57380294799805,103.17404174804688,34.160438537597656,44.57497024536133,47.2205924987793,198.30862426757812,44.619529724121094,397.6250305175781,28.228578567504883,37.87288284301758,218.3451690673828,19.8747501373291,306.5445861816406,58.148658752441406,918.8814086914062,1247.7508544921875
2007-09-20,219.98484802246094,370.25537109375,57.57331848144531,141.88954162597656,132.57518005371094,125.7782974243164,210.1900177001953,484.35137939453125,171.1295166015625,147.4353790283203,40.15925598144531,69.20427703857422,88.6855697631836,,24.688982009887695,207.4978790283203,34.48725891113281,125.96790313720703,128.89466857910156,123.37425231933594,155.52337646484375,58.8967170715332,795.1860961914062,148.707275390625,39.373531341552734,79.38323211669922,443.5309753417969,105.88957977294922,850.5023803710938,633.6428833007812,120.18944549560547,133.80470275878906,44.36827850341797,35.014732360839844,69.115478515625,105.63056182861328,34.59620666503906,43.926021575927734,49.62045669555664,201.82252502441406,43.26124954223633,402.3647766113281,29.20956802368164,37.10345458984375,217.7777862548828,20.624744415283203,319.2621765136719,59.27775955200195,931.8800659179688,1299.24462890625
2007-09-21,229.03916931152344,381.6051330566406,57.236881256103516,141.73545837402344,136.17295837402344,126.41064453125,214.00697326660156,490.8962097167969,173.81935119628906,149.52357482910156,40.5287971496582,70.72034454345703,87.67938232421875,,25.79276466369629,210.278564453125,34.52892303466797,124.80262756347656,132.85374450683594,125.01923370361328,156.33099365234375,59.79435729980469,813.7520141601562,152.31732177734375,38.72440719604492,78.19566345214844,452.3358154296875,107.41629791259766,844.9854736328125,630.088134765625,115.25572967529297,135.4417266845703,44.73247528076172,35.49139404296875,70.53414154052734,108.49651336669922,35.288299560546875,43.32435607910156,48.84403610229492,202.08547973632812,43.300498962402344,418.91107177734375,28.46881675720215,35.108638763427734,219.2302703857422,21.674728393554688,322.5762634277344,59.879398345947266,965.2269897460938,1317.661376953125
2007-09-24,236.57687377929688,391.401611328125,58.45458221435547,146.17364501953125,138.1997833251953,130.40048217773438,219.26451110839844,510.99749755859375,172.01759338378906,144.3767547607422,40.95376205444336,70.9800033569336,91.93814849853516,,27.448448181152344,214.6230010986328,34.948856353759766,126.74475860595703,136.36534118652344,126.06529998779297,158.28941345214844,63.460899353027344,856.8684692382812,155.1637420654297,38.06513977050781,79.45012664794922,449.84735107421875,107.74346160888672,847.594970703125,661.3619995117188,116.20257568359375,136.4774169921875,46.73200225830078,36.51091384887695,68.27313232421875,115.38221740722656,35.638614654541016,43.74981689453125,48.94108963012695,205.52767944335938,43.79512405395508,435.85491943359375,29.169525146484375,35.44112014770508,217.16505432128906,23.294710159301758,324.6958312988281,60.781864166259766,969.4071655273438,1307.1634521484375
2007-09-25,241.006103515625,399.23046875,60.61869812011719,145.69683837890625,136.17295837402344,131.72747802734375,218.8704833984375,505.2102355957031,171.06976318359375,145.05648803710938,40.27011489868164,71.08311462402344,91.00216674804688,,26.582225799560547,213.69432067871094,34.69457244873047,130.35719299316406,137.60470581054688,125.00238037109375,154.54415893554688,63.60922622680664,865.9547729492188,157.83665466308594,37.96371078491211,82.08035278320312,451.6331787109375,107.12548065185547,857.7716064453125,648.496826171875,115.84654998779297,133.5708465576172,45.76793670654297,35.663516998291016,66.94315338134766,116.20106506347656,34.99779510498047,43.56501770019531,49.955718994140625,203.13726806640625,44.07779312133789,422.657470703125,28.188535690307617,34.76667404174805,215.5083465576172,25.889684677124023,319.3558654785156,63.534549713134766,972.3927001953125,1280.9638671875
2007-09-26,233.20729064941406,397.22149658203125,59.72222900390625,149.65084838867188,139.32997131347656,134.61300659179688,224.60821533203125,501.0347595214844,177.7387237548828,149.46217346191406,41.979225158691406,71.54521942138672,89.62152862548828,,27.39727020263672,212.4561309814453,35.06069564819336,128.37615966796875,138.2587890625,124.83366394042969,152.16175842285156,63.247894287109375,840.4429931640625,156.5175323486328,37.43629837036133,82.10965728759766,450.0968322753906,107.30724334716797,864.406494140625,625.4752807617188,115.35353088378906,134.57313537597656,45.653682708740234,36.10045623779297,67.4308090209961,114.89836883544922,34.673095703125,43.51344680786133,50.99684143066406,208.87425231933594,46.86502456665039,419.08148193359375,28.709056854248047,35.460105895996094,212.94384765625,25.184690475463867,318.910888671875,66.11417388916016,996.001953125,1280.9638671875
2007-09-27,232.84066772460938,397.7184753417969,62.209754943847656,150.86126708984375,141.70338439941406,136.9196319580078,219.9170684814453,499.2995910644531,181.453125,156.88963317871094,42.53353500366211,74.29473114013672,90.7681884765625,,27.686004638671875,217.7825927734375,37.072757720947266,127.63814544677734,138.43093872070312,126.75703430175781,151.81854248046875,64.04283142089844,856.3441772460938,151.9702911376953,37.618865966796875,79.98955535888672,451.5938720703125,105.08983612060547,886.1385498046875,626.914306640625,113.76504516601562,132.63539123535156,46.0964469909668,35.531105041503906,64.59349060058594,112.92569732666016,33.86137771606445,42.714088439941406,51.385040283203125,212.98574829101562,48.12126541137695,422.8845520019531,27.928272247314453,35.65959548950195,213.87429809570312,24.074703216552734,316.56878662109375,67.79546356201172,949.83984375,1315.48876953125
2007-09-28,230.80686950683594,389.3304443359375,62.3226318359375,155.87164306640625,146.61216735839844,136.18936157226562,227.09536743164062,494.68377685546875,181.05184936523438,154.9979705810547,42.51966094970703,73.17581176757812,90.7681884765625,,27.704282760620117,217.43032836914062,39.66089630126953,133.77536010742188,142.6310272216797,131.07615661621094,151.82864379882812,64.986083984375,872.5947265625,153.15049743652344,38.50126647949219,82.65738677978516,461.06195068359375,105.05350494384766,892.4756469726562,645.9578247070312,114.41453552246094,134.1387939453125,46.63203430175781,36.80883026123047,66.27813720703125,116.46160125732422,34.4936637878418,43.36732482910156,52.699676513671875,209.3284149169922,47.19480895996094,423.9346008300781,28.04838752746582,36.02055358886719,220.29690551757812,24.194698333740234,316.45166015625,70.29679107666016,962.1038818359375,1378.476318359375
2007-10-01,230.2193145751953,389.9724426269531,61.28288269042969,155.19668579101562,142.7506866455078,133.85597229003906,232.7715301513672,496.5865478515625,177.8924102783203,156.02975463867188,41.965354919433594,76.33778381347656,96.64153289794922,,29.10045623779297,212.46142578125,39.240970611572266,133.85305786132812,141.8736572265625,130.4687957763672,154.14036560058594,69.20033264160156,865.0809936523438,155.580322265625,37.71014404296875,80.82585906982422,473.0511474609375,107.59803009033203,902.2421264648438,649.004638671875,113.2994384765625,137.88064575195312,47.48182678222656,37.48410415649414,66.27813720703125,117.20598602294922,35.54461669921875,43.25558090209961,54.38486099243164,212.86624145507812,46.519561767578125,416.44207763671875,28.34869384765625,35.032649993896484,220.18344116210938,24.764694213867188,315.479736328125,69.27071380615234,972.1631469726562,1403.7706298828125
2007-10-03,240.63449096679688,402.0472717285156,61.853759765625,159.4148406982422,143.7264404296875,134.94253540039062,243.38504028320312,511.5348205566406,184.30519104003906,163.9076385498047,43.45735549926758,78.43814086914062,101.46192169189453,,28.25617027282715,221.21971130371094,39.19453811645508,138.8638153076172,144.1114044189453,132.96580505371094,156.02813720703125,78.33245086669922,890.50537109375,153.0810546875,38.014434814453125,82.87067413330078,479.95843505859375,105.41699981689453,915.9227905273438,755.31005859375,111.62489318847656,139.75155639648438,47.303306579589844,37.656227111816406,63.79548263549805,113.5212173461914,35.53608322143555,43.09657669067383,53.79372024536133,220.2526092529297,47.85429382324219,417.5772399902344,27.047378540039062,34.690696716308594,221.09124755859375,24.059701919555664,322.0024719238281,71.44647979736328,1017.4983520507812,1402.956787109375
2007-10-04,243.6475830078125,398.33984375,61.198246002197266,156.69322204589844,143.5342559814453,134.44378662109375,246.57403564453125,511.2529296875,184.322265625,163.6906280517578,42.685951232910156,75.35636138916016,105.9312744140625,,27.974756240844727,223.24777221679688,40.33720397949219,137.698486328125,142.5966339111328,134.88075256347656,153.33274841308594,75.55593872070312,910.60009765625,155.44146728515625,37.618865966796875,82.41069793701172,471.9481201171875,107.23454284667969,907.5728149414062,730.7227172851562,112.58345031738281,142.4243621826172,47.581809997558594,36.716148376464844,64.01715087890625,111.9207763671875,37.740535736083984,44.854312896728516,55.33774185180664,215.5196075439453,47.830745697021484,409.6871337890625,26.546865463256836,35.289119720458984,223.72372436523438,24.419702529907227,333.385009765625,75.11400604248047,1005.0047607421875,1402.91064453125
2007-10-05,250.33665466308594,411.9057312011719,60.91389465332031,152.05699157714844,139.84609985351562,131.61170959472656,235.81275939941406,544.3116455078125,183.2122039794922,162.38038635253906,42.510433197021484,73.76773071289062,100.36211395263672,31.243078231811523,27.5507755279541,229.96730041503906,38.89120864868164,131.98854064941406,139.80801391601562,131.4389190673828,151.8790740966797,71.8209228515625,904.1348876953125,154.05296325683594,36.25975799560547,79.1281509399414,466.511474609375,107.05281829833984,878.1986694335938,720.3544921875,110.32594299316406,142.4243621826172,46.23926544189453,36.02763366699219,60.780845642089844,105.5561294555664,35.54461669921875,45.314144134521484,54.87013244628906,215.2805633544922,48.058433532714844,409.1479187011719,26.106426239013672,34.8426628112793,220.56924438476562,23.90970230102539,333.5723571777344,70.1319580078125,997.4261474609375,1497.119873046875
2007-10-08,243.17550659179688,408.2813415527344,61.09621810913086,149.82691955566406,134.2591552734375,127.470458984375,224.53431701660156,532.1205444335938,184.1600341796875,164.07958984375,43.374210357666016,71.76670837402344,95.8927230834961,29.643667221069336,26.757661819458008,233.86880493164062,36.81847381591797,125.7737045288086,132.75050354003906,128.95880126953125,146.64987182617188,68.65263366699219,895.7474975585938,153.25462341308594,36.138038635253906,79.0152359008789,449.32196044921875,105.48969268798828,831.3794555664062,709.0553588867188,112.2156753540039,134.6399383544922,44.21116256713867,34.71681213378906,54.30818176269531,99.4520492553711,33.220550537109375,42.860206604003906,53.51138687133789,219.91795349121094,48.43531799316406,413.376708984375,24.324623107910156,34.77618408203125,221.68124389648438,21.80972671508789,318.8172302246094,66.26665496826172,952.825439453125,1446.576416015625
2007-10-09,261.1334533691406,430.2973327636719,61.695308685302734,153.4141387939453,142.4003448486328,129.94631958007812,239.4326629638672,557.3043823242188,186.9949951171875,167.6622772216797,45.175697326660156,75.24942016601562,102.09368133544922,31.662353515625,28.26714324951172,238.76295471191406,38.96611785888672,127.4827880859375,141.70150756835938,134.323974609375,149.0928497314453,74.5479965209961,965.4675903320312,155.7191925048828,37.507293701171875,81.07258605957031,473.3203430175781,108.28871154785156,876.9314575195312,732.4578857421875,113.86283874511719,138.51544189453125,45.68939208984375,35.04121017456055,62.908809661865234,104.7373046875,35.06614303588867,43.68536376953125,53.83784484863281,225.53543090820312,50.296085357666016,424.78619384765625,24.985292434692383,35.118141174316406,225.42588806152344,22.904712677001953,328.27923583984375,70.09488677978516,975.7456665039062,1447.4814453125
2007-10-10,262.9815673828125,443.5940246582031,61.51298904418945,157.06736755371094,144.92819213867188,135.7618408203125,241.07029724121094,593.9395751953125,192.2122802734375,174.02108764648438,46.49678039550781,77.1397476196289,102.63188934326172,31.957393646240234,28.051502227783203,248.29505920410156,44.74116516113281,132.260498046875,146.31472778320312,136.10397338867188,152.7371368408203,83.51659393310547,961.9729614257812,155.54559326171875,37.34501266479492,79.37487030029297,479.63018798828125,110.14256286621094,908.6909790039062,757.0874633789062,111.97702026367188,138.21475219726562,45.2252082824707,35.2199592590332,66.27813720703125,108.3104019165039,35.60444641113281,44.20537185668945,54.1995735168457,240.116943359375,51.717185974121094,427.87969970703125,25.12543487548828,35.98255157470703,222.97488403320312,23.02471160888672,332.4833068847656,73.00826263427734,998.4822998046875,1446.4410400390625
2007-10-11,264.20184326171875,454.0946350097656,63.412261962890625,160.1044158935547,146.54812622070312,135.32545471191406,242.7694091796875,613.8029174804688,183.07557678222656,161.88491821289062,45.08331298828125,81.39387512207031,104.15290832519531,35.52891540527344,29.323406219482422,258.2542724609375,39.66564178466797,136.68856811523438,154.61163330078125,140.1278533935547,165.06312561035156,83.1590576171875,977.9613647460938,156.79525756835938,38.45055389404297,82.18489074707031,501.46826171875,110.97864532470703,939.2206420898438,777.6122436523438,112.36437225341797,139.0833740234375,46.025028228759766,35.676761627197266,68.98247528076172,114.4145278930664,36.11710739135742,45.937320709228516,53.65254211425781,260.0291442871094,49.08697509765625,428.22027587890625,25.345651626586914,35.13714599609375,218.11822509765625,23.159709930419922,335.457763671875,72.14289855957031,1006.5665893554688,1436.62158203125
2007-10-12,257.693603515625,442.6412353515625,62.19673156738281,154.78591918945312,140.35093688964844,132.52899169921875,237.65966796875,591.4025268554688,181.62396240234375,158.02383422851562,44.97245788574219,83.5400390625,101.85968780517578,35.295982360839844,29.60118865966797,249.7681427001953,39.65404510498047,139.25222778320312,154.06082153320312,135.5387420654297,167.28402709960938,79.84243774414062,958.216064453125,153.60171508789062,37.60872268676758,80.74224090576172,491.3634033203125,108.61587524414062,932.7344970703125,733.68505859375,111.71096801757812,136.009765625,44.4825325012207,35.279541015625,68.58348083496094,107.75211334228516,36.3050651550293,49.91261672973633,51.8879508972168,250.77821350097656,48.97706604003906,429.1001281738281,24.745046615600586,34.15873718261719,214.10128784179688,22.979711532592773,329.1692810058594,73.25552368164062,1027.87939453125,1415.6715087890625
2007-10-15,267.79742431640625,466.2728271484375,65.08362579345703,161.01405334472656,147.16595458984375,146.05711364746094,245.3181610107422,602.3164672851562,183.44268798828125,157.8682403564453,45.47134017944336,90.92559814453125,106.42265319824219,35.761844635009766,32.08653259277344,257.8111877441406,42.52863311767578,146.63241577148438,178.36627197265625,138.06105041503906,168.4348602294922,84.3115234375,1014.0884399414062,152.24794006347656,37.96371078491211,81.29420471191406,500.489990234375,110.46977233886719,961.586669921875,760.0075073242188,109.6490478515625,136.3772430419922,45.410888671875,35.610557556152344,68.09581756591797,109.98530578613281,36.97153854370117,54.52826690673828,53.97018051147461,254.67462158203125,48.961360931396484,434.91827392578125,25.045351028442383,34.94716262817383,217.68702697753906,23.57969856262207,354.8152160644531,81.33642578125,1050.891357421875,1438.657470703125
2007-10-16,266.3109436035156,459.2724304199219,65.45480346679688,170.13980102539062,145.25216674804688,157.93760681152344,246.09384155273438,589.5263061523438,182.4607391357422,152.8360595703125,44.87545394897461,89.77997589111328,108.3414535522461,39.411006927490234,31.699106216430664,256.42364501953125,42.34926986694336,153.50758361816406,173.78746032714844,138.48284912109375,164.2555389404297,103.89178466796875,1035.056640625,147.83950805664062,37.760860443115234,81.13531494140625,493.60888671875,111.08775329589844,949.247802734375,778.0776977539062,109.60992431640625,137.7804412841797,44.96098327636719,35.55097198486328,71.06614685058594,105.59335327148438,37.595279693603516,60.15385818481445,53.184940338134766,252.21243286132812,47.62660217285156,428.050048828125,24.825132369995117,34.187232971191406,214.91827392578125,23.32470703125,397.1952819824219,80.29385375976562,1028.4305419921875,1425.1285400390625
2007-10-17,269.92669677734375,457.9468994140625,63.50124740600586,163.8970184326172,137.78915405273438,155.34596252441406,229.9395751953125,580.4887084960938,186.9522705078125,154.79734802246094,45.111026763916016,86.26667022705078,103.17008972167969,42.485626220703125,30.49298667907715,243.58241271972656,40.38838195800781,153.5464324951172,170.3791961669922,136.14610290527344,158.46102905273438,89.43477630615234,1025.7083740234375,145.3748779296875,37.4261589050293,79.27867126464844,486.47174072265625,107.6344223022461,896.8743896484375,757.6376953125,108.21707153320312,133.53746032714844,42.70436477661133,33.922386169433594,66.72146606445312,101.8341293334961,37.62946319580078,60.536354064941406,52.982017517089844,240.7861785888672,48.41175842285156,418.9678649902344,23.904197692871094,34.263221740722656,210.53823852539062,22.45471954345703,409.36248779296875,75.29533386230469,1039.041015625,1361.2362060546875
2007-10-18,259.44110107421875,420.12811279296875,60.264888763427734,152.0716552734375,126.20093536376953,152.66531372070312,223.88172912597656,559.938232421875,191.9303741455078,155.26559448242188,45.6191520690918,83.53240966796875,97.50733947753906,40.994895935058594,29.41478729248047,233.5645294189453,38.94501495361328,143.68032836914062,159.60353088378906,133.51416015625,155.66473388671875,82.38695526123047,995.4349365234375,146.0691375732422,37.17258071899414,79.48357391357422,471.00250244140625,105.48969268798828,774.0480346679688,714.2605590820312,106.10037231445312,130.59738159179688,40.06926345825195,33.4059944152832,62.99748611450195,93.68292999267578,37.39021682739258,54.489585876464844,54.80837631225586,233.8779754638672,48.08200454711914,411.9860534667969,23.203489303588867,33.7597770690918,210.3793182373047,22.06472396850586,386.10546875,70.27206420898438,972.1631469726562,1309.7877197265625
2007-10-19,248.0064697265625,404.408203125,59.31631088256836,150.0616455078125,125.60942840576172,147.8115692138672,204.5877227783203,530.9931640625,189.3687744140625,156.8798370361328,46.18730163574219,84.57109069824219,94.32494354248047,40.85515213012695,28.70207977294922,219.05287170410156,39.737918853759766,135.8340301513672,153.23455810546875,132.4680938720703,147.78050231933594,74.3996810913086,940.611328125,142.8409423828125,35.73234176635742,77.56426239013672,460.9961853027344,101.49112701416016,739.1944580078125,692.635498046875,108.52616882324219,127.59053802490234,39.23374938964844,32.69100570678711,59.67249298095703,88.91875457763672,33.94683074951172,52.353660583496094,52.955535888671875,247.76629638671875,47.540252685546875,423.2536315917969,22.082353591918945,33.84525680541992,215.84877014160156,21.974727630615234,375.4489440917969,71.05502319335938,924.30126953125,1243.49755859375
2007-10-22,242.0557098388672,385.3332214355469,59.5572509765625,155.7175750732422,129.2561798095703,145.87899780273438,206.59471130371094,547.55322265625,183.5636749267578,154.9986114501953,45.75309371948242,83.71189880371094,93.4123306274414,40.311641693115234,28.16115379333496,219.63458251953125,39.05474853515625,138.3588104248047,147.07212829589844,130.4013214111328,152.26271057128906,75.94769287109375,926.2391967773438,144.0558319091797,35.97576141357422,81.70399475097656,459.6830749511719,105.52603912353516,757.34814453125,678.7972412109375,109.56689453125,126.5882797241211,38.84098434448242,32.43281173706055,60.07148742675781,92.82685089111328,32.81896209716797,53.04558181762695,54.984825134277344,243.3917999267578,47.75224304199219,430.0367431640625,21.822092056274414,33.541282653808594,210.9921112060547,21.64472770690918,368.0948181152344,71.87506866455078,941.0667724609375,1245.94091796875
2007-10-23,261.1184387207031,415.50958251953125,64.6061019897461,161.6815948486328,136.77951049804688,154.7581787109375,234.2613525390625,587.667724609375,182.1338348388672,154.7274627685547,45.5036506652832,87.36648559570312,102.39789581298828,43.18439865112305,29.86434555053711,245.0554962158203,41.71040344238281,143.486083984375,162.8396759033203,134.23117065429688,156.4420166015625,80.45097351074219,963.5891723632812,149.78338623046875,37.58844757080078,81.41967010498047,485.2242736816406,104.69000244140625,795.2584228515625,736.5205078125,108.9682846069336,128.02493286132812,41.39753341674805,36.1865234375,66.67713928222656,102.80184936523438,36.26235580444336,53.93089294433594,56.78470993041992,250.46746826171875,47.50724792480469,431.2570495605469,22.54281997680664,33.93075942993164,218.09552001953125,22.514720916748047,389.4078369140625,76.7293701171875,940.3316040039062,1282.7288818359375
2007-10-24,262.6450500488281,412.7548828125,65.72396850585938,161.37351989746094,143.88461303710938,154.32180786132812,236.1698455810547,599.6475219726562,179.46241760253906,151.5277557373047,44.92626190185547,84.6169662475586,103.96569061279297,42.516685485839844,28.7934513092041,243.7958984375,42.726985931396484,147.21502685546875,167.62503051757812,130.68812561035156,153.40345764160156,83.00692749023438,977.1749877929688,149.9221954345703,37.385589599609375,84.74402618408203,479.30194091796875,104.7263412475586,803.7203369140625,728.90283203125,115.85043334960938,128.2921600341797,42.65438461303711,37.64298629760742,75.23345184326172,107.93821716308594,36.621212005615234,52.90376281738281,57.01409149169922,251.01724243164062,47.206905364990234,420.9830322265625,22.662939071655273,34.09223937988281,212.69419860839844,22.91971778869629,400.5093688964844,83.72238159179688,933.3040771484375,1367.661376953125
2007-10-25,263.95074462890625,422.0749816894531,67.4626235961914,167.93910217285156,146.78546142578125,155.6488037109375,239.5927276611328,607.1260375976562,179.73641967773438,150.9156951904297,46.095096588134766,85.6021957397461,104.15290832519531,42.42350769042969,28.881160736083984,245.11415100097656,46.1148796081543,149.27369689941406,172.92672729492188,135.0747833251953,156.80545043945312,85.21675109863281,1017.1463623046875,153.25462341308594,37.101593017578125,92.47518157958984,488.0408935546875,106.25310516357422,787.8777465820312,735.0816650390625,117.5445556640625,127.35665130615234,44.53251647949219,39.29144287109375,73.72613525390625,108.16151428222656,37.757625579833984,52.12588882446289,59.352195739746094,265.09674072265625,48.46354293823242,419.9045715332031,21.70197296142578,33.94026184082031,209.74388122558594,24.284700393676758,401.6218566894531,80.86253356933594,908.2708129882812,1350.2860107421875
2007-10-26,271.0063781738281,410.3730773925781,67.13703155517578,174.2258758544922,156.7122802734375,164.95547485351562,252.9151153564453,682.2813720703125,183.45236206054688,151.83578491210938,46.3687629699707,88.25243377685547,107.12468719482422,43.69684600830078,29.772964477539062,259.5137634277344,46.06107711791992,150.36131286621094,181.0171356201172,135.78338623046875,161.8024444580078,86.49089050292969,1032.87255859375,151.2065887451172,36.56403350830078,84.95865631103516,496.2613830566406,105.0171127319336,805.0621948242188,771.4336547851562,119.44996643066406,128.35897827148438,45.83221435546875,38.44404220581055,84.14443969726562,108.6081771850586,39.85953903198242,55.83473205566406,59.25514221191406,271.5748291015625,48.65323257446289,419.280029296875,22.763044357299805,33.721778869628906,220.5919647216797,24.6896915435791,404.5260925292969,79.35018920898438,928.8486938476562,1341.009765625
2007-10-29,284.0228271484375,412.3407287597656,71.49779510498047,182.0238494873047,159.4850311279297,165.4809112548828,256.6458435058594,751.8606567382812,182.88726806640625,152.85032653808594,47.29642105102539,94.39685821533203,109.16045379638672,44.58195114135742,30.365066528320312,279.159912109375,53.86143493652344,151.02166748046875,190.3124237060547,136.19676208496094,160.63143920898438,90.00910186767578,1039.5562744140625,152.45623779296875,37.040740966796875,86.8104476928711,499.7546081542969,104.76268768310547,810.2435913085938,771.2219848632812,119.73951721191406,128.49258422851562,46.57489776611328,37.62313461303711,85.82909393310547,109.65034484863281,40.10732650756836,57.850337982177734,57.90522766113281,281.9013366699219,49.02467346191406,422.4305725097656,22.923206329345703,33.98774719238281,223.24722290039062,25.049692153930664,452.1876220703125,80.04248809814453,946.48681640625,1353.0460205078125
2007-10-30,278.1573486328125,414.0390319824219,70.35171508789062,181.95782470703125,154.86253356933594,161.79388427734375,249.50450134277344,760.5196533203125,179.54806518554688,152.32460021972656,47.37063217163086,93.02978515625,109.62844848632812,45.57577133178711,30.390649795532227,283.30145263671875,53.825626373291016,149.89515686035156,179.70892333984375,129.5324249267578,149.1736297607422,91.18819427490234,950.0470581054688,152.35208129882812,36.422035217285156,85.38373565673828,490.8708190917969,104.94444274902344,797.3086547851562,811.8059692382812,117.28633880615234,129.12734985351562,46.60346603393555,37.71580505371094,84.41043090820312,113.1490249633789,40.7567024230957,56.26449966430664,57.605247497558594,271.2640380859375,49.127418518066406,411.7307434082031,23.22350311279297,35.12765121459961,220.5919647216797,25.259685516357422,464.495361328125,78.31587219238281,916.6764526367188,1301.280517578125
2007-10-31,279.5935974121094,416.9593811035156,71.77781677246094,183.9898681640625,155.83078002929688,163.39695739746094,246.46322631835938,747.5443725585938,177.75001525878906,150.94851684570312,47.04595184326172,95.19121551513672,111.80467224121094,46.522987365722656,30.109233856201172,278.3379821777344,54.05838394165039,152.65304565429688,179.70892333984375,127.86212158203125,152.3232421875,92.32542419433594,938.2086791992188,143.74342346191406,36.29018020629883,86.89038848876953,487.0232238769531,105.2352294921875,803.1611328125,803.5537109375,120.55723571777344,128.09165954589844,49.02432632446289,38.85449981689453,86.2724380493164,119.40200805664062,42.17507553100586,54.91075897216797,56.76707077026367,266.4593200683594,49.79921340942383,411.6455383300781,23.263551712036133,35.108638763427734,219.95652770996094,26.369670867919922,461.0290832519531,78.98756408691406,916.0795288085938,1335.6707763671875
2007-11-01,269.2286682128906,389.413330078125,73.37538146972656,190.4820556640625,156.36947631835938,163.48599243164062,246.09384155273438,779.4317626953125,175.1898956298828,153.94700622558594,46.327030181884766,101.4082260131836,107.70970153808594,45.48260498046875,29.776620864868164,282.3301086425781,52.85581588745117,145.85549926757812,177.8498077392578,126.02310943603516,154.49366760253906,93.39038848876953,879.4094848632812,134.4752960205078,34.82965087890625,91.43146514892578,481.2387390136719,104.65363311767578,785.0073852539062,790.7734985351562,118.79266357421875,125.41896057128906,50.3454475402832,39.913753509521484,83.56808471679688,114.1911849975586,41.06428909301758,52.766231536865234,56.52002716064453,248.26832580566406,48.99306106567383,391.3527526855469,22.823102951049805,35.1656494140625,218.39051818847656,26.129669189453125,435.88665771484375,77.04254150390625,908.4086303710938,1308.249267578125
2007-11-02,272.512939453125,370.7110900878906,76.86137390136719,195.63177490234375,169.45330810546875,166.03309631347656,249.15969848632812,785.8004150390625,174.87318420410156,157.49600219726562,45.622005462646484,104.34866333007812,109.90924072265625,46.30561065673828,28.749595642089844,290.12774658203125,53.56003189086914,146.01087951660156,179.05477905273438,127.34754943847656,152.35357666015625,99.22111511230469,892.2090454101562,135.9332275390625,35.51934814453125,89.0367660522461,489.8663024902344,105.19889831542969,769.9476318359375,788.1073608398438,117.43109893798828,128.69309997558594,53.15909194946289,39.54301071166992,86.93744659423828,118.32260131835938,41.04721450805664,53.45384979248047,55.52302551269531,243.96548461914062,47.46770477294922,382.4126281738281,22.36263656616211,35.18463897705078,211.58218383789062,26.879671096801758,446.54315185546875,76.23485565185547,895.3178100585938,1295.30810546875
2007-11-05,267.27520751953125,390.1174621582031,74.49757385253906,186.30796813964844,168.68478393554688,173.30923461914062,241.79669189453125,754.5824584960938,173.17774963378906,152.3081512451172,44.9680061340332,99.20092010498047,110.9388656616211,47.25283432006836,29.31609344482422,282.452880859375,52.46790313720703,142.86459350585938,176.02520751953125,124.8758316040039,150.28407287597656,104.20365142822266,869.0126342773438,134.19757080078125,34.72822570800781,88.5485610961914,487.0888977050781,105.16255187988281,752.8004150390625,775.6810913085938,116.63685607910156,128.69309997558594,54.63016891479492,38.06006622314453,84.67642211914062,117.61541748046875,41.85036849975586,57.55809783935547,55.5936164855957,242.12493896484375,48.35289764404297,376.8214416503906,22.40267562866211,35.22262954711914,212.53533935546875,28.064651489257812,437.2919616699219,75.27883911132812,896.3283081054688,1291.8690185546875
2007-11-06,267.7824401855469,380.1346740722656,74.15678405761719,182.1925506591797,167.18162536621094,168.57130432128906,234.93853759765625,726.3773193359375,171.97909545898438,152.123291015625,45.167457580566406,99.57136535644531,112.43643188476562,47.87397003173828,31.42864227294922,292.8871154785156,51.34590530395508,149.19602966308594,173.95957946777344,121.3833999633789,149.89039611816406,103.14250183105469,849.2235717773438,135.8984832763672,35.24549102783203,87.74053955078125,479.1246032714844,104.65363311767578,761.3368530273438,786.4532470703125,117.40373229980469,128.62625122070312,51.40235137939453,37.047157287597656,81.44010162353516,114.30286407470703,46.712127685546875,57.231468200683594,56.55531692504883,243.65476989746094,48.313385009765625,379.8298645019531,22.30257797241211,35.00415802001953,208.72262573242188,27.779651641845703,416.89227294921875,76.46974182128906,903.2183227539062,1284.4481201171875
2007-11-07,278.2980041503906,372.7406921386719,70.19107055664062,176.17718505859375,170.4931182861328,166.08651733398438,230.0996856689453,724.4129028320312,170.73760986328125,143.4276123046875,44.27226638793945,98.7732162475586,112.67046356201172,47.17518615722656,33.446163177490234,303.4439697265625,51.47124099731445,146.515869140625,173.0300750732422,121.52679443359375,154.6451416015625,98.1295166015625,873.118896484375,136.0042266845703,34.626800537109375,88.51069641113281,474.1343994140625,105.81686401367188,763.8343505859375,787.0895385742188,117.3880615234375,127.92463684082031,52.923423767089844,36.007781982421875,83.0804443359375,114.11675262451172,48.446632385253906,55.56399154663086,56.50238800048828,241.38385009765625,46.85125732421875,385.8182678222656,22.162433624267578,35.12765121459961,208.85879516601562,27.38965606689453,412.11444091796875,76.98485565185547,901.197265625,1272.7740478515625
2007-11-08,275.4808044433594,365.98883056640625,67.52122497558594,171.5189666748047,164.62741088867188,164.0559844970703,237.9674835205078,726.7208251953125,169.47044372558594,141.00003051757812,43.743499755859375,94.45416259765625,112.36628723144531,46.36771774291992,34.16618347167969,298.3950500488281,50.60886001586914,158.40179443359375,167.55616760253906,119.37566375732422,152.28289794921875,94.05599212646484,868.8814697265625,137.66110229492188,34.52537155151367,86.28015899658203,467.0695495605469,106.9073715209961,788.6605224609375,771.9490966796875,117.4623794555664,129.8623809814453,52.45924758911133,35.42518615722656,82.37110900878906,113.5212173461914,46.75486755371094,54.40363311767578,56.625892639160156,233.99746704101562,47.5230598449707,381.0785827636719,22.142414093017578,35.042152404785156,208.63185119628906,27.119665145874023,410.3695068359375,75.09341430664062,898.5790405273438,1270.8280029296875
2007-11-12,268.7264099121094,345.48468017578125,64.13507080078125,168.04176330566406,169.1519775390625,158.06227111816406,230.0258026123047,734.454833984375,165.0523223876953,134.87979125976562,42.33811569213867,90.22676086425781,118.61402893066406,47.48575973510742,32.69324493408203,291.4887390136719,48.57674789428711,160.6547088623047,168.31353759765625,115.46143341064453,146.77105712890625,93.08991241455078,869.755126953125,140.3050079345703,36.26990509033203,81.5497055053711,463.7866516113281,106.94375610351562,760.0321655273438,738.9116821289062,118.15491485595703,127.189697265625,50.745361328125,36.2461051940918,82.50408935546875,113.67010498046875,44.5589485168457,54.30908966064453,55.94652557373047,228.35614013671875,46.97771072387695,377.8147277832031,22.022293090820312,34.77618408203125,205.6361846923828,27.704654693603516,418.87127685546875,71.34346771240234,878.1390991210938,1238.474365234375
2007-11-13,270.48406982421875,345.5675354003906,68.33955383300781,172.2011260986328,172.86651611328125,170.1476287841797,240.9225311279297,770.3853149414062,162.226806640625,133.67213439941406,41.01620864868164,90.15038299560547,127.36556243896484,48.619346618652344,31.790489196777344,296.5056457519531,49.77034378051758,157.66378784179688,171.7218780517578,116.97145080566406,142.9147491455078,95.6762924194336,876.3515625,140.97483825683594,36.097476959228516,84.56304168701172,466.5574035644531,106.36214447021484,767.8975219726562,768.1320190429688,118.62443542480469,128.09165954589844,53.33047103881836,36.61684036254883,85.43009948730469,121.41188049316406,46.771934509277344,54.56264877319336,56.820011138916016,230.53135681152344,46.384944915771484,376.22540283203125,22.422697067260742,35.146644592285156,204.31988525390625,29.624631881713867,414.7142028808594,72.90524291992188,903.6776123046875,1244.492919921875
2007-11-14,290.10418701171875,355.9853210449219,76.07127380371094,187.5843963623047,177.35336303710938,176.45303344726562,248.5317840576172,793.9571533203125,168.96527099609375,140.3099822998047,43.87336730957031,94.37397766113281,129.8927764892578,47.9826774597168,32.56898498535156,306.3740539550781,51.208641052246094,169.1613311767578,182.08436584472656,119.39251708984375,144.47947692871094,99.8676986694336,907.1052856445312,141.67987060546875,37.06102752685547,83.96542358398438,481.84942626953125,106.50751495361328,779.2294921875,786.7500610351562,118.53838348388672,129.32781982421875,55.52997589111328,37.84159469604492,87.3807601928711,124.3522720336914,49.27544403076172,55.14712142944336,56.19355392456055,250.77821350097656,47.5230598449707,380.70977783203125,23.263551712036133,35.526611328125,205.22764587402344,30.65961456298828,441.2617492675781,77.14143371582031,949.2427368164062,1249.8778076171875
2007-11-15,288.7633972167969,373.652099609375,73.82035064697266,182.17056274414062,173.9176025390625,171.6171112060547,261.3985900878906,793.5518798828125,167.85218811035156,135.32752990722656,42.412315368652344,94.62984466552734,126.07861328125,48.79014205932617,32.188873291015625,301.3410949707031,51.316062927246094,167.2191619873047,183.28932189941406,117.92469024658203,144.9034423828125,95.01449584960938,906.144287109375,140.3755645751953,38.430267333984375,84.19270324707031,475.19818115234375,106.9073715209961,779.9005737304688,805.0289306640625,120.7450180053711,129.19418334960938,55.20861053466797,37.71580505371094,97.40007019042969,125.32000732421875,48.53208541870117,55.64134216308594,56.431793212890625,259.3119201660156,47.41240310668945,389.3376159667969,24.044336318969727,35.54560470581055,212.69419860839844,33.914581298828125,460.65423583984375,79.91474914550781,927.8840942382812,1244.492919921875
2007-11-16,289.42120361328125,378.1671142578125,73.24078369140625,179.00148010253906,175.3679962158203,174.25326538085938,268.87237548828125,771.0457153320312,168.3145294189453,133.49551391601562,42.750919342041016,95.11099243164062,123.73860168457031,48.448524475097656,31.965925216674805,297.4289855957031,50.340301513671875,158.28530883789062,180.707275390625,117.61255645751953,148.15406799316406,95.20843505859375,914.7063598632812,141.9619140625,41.60491180419922,84.17586517333984,503.9041748046875,106.9800796508789,774.75634765625,794.977783203125,118.1275405883789,130.2967071533203,55.72991943359375,38.51686477661133,100.06005859375,124.53836822509766,46.5070686340332,54.820491790771484,57.58760452270508,273.43927001953125,46.09252166748047,396.177734375,25.445755004882812,35.55509948730469,213.0573272705078,32.51960372924805,461.4505920410156,79.82820892333984,922.7396240234375,1269.5159912109375
2007-11-19,286.3328857421875,376.365234375,71.82772827148438,174.25521850585938,173.46926879882812,174.7252960205078,273.99444580078125,769.6099853515625,170.12973022460938,133.08067321777344,42.54682922363281,96.79893493652344,123.97261047363281,50.203216552734375,32.70056915283203,297.31158447265625,51.492122650146484,159.644775390625,180.6040496826172,118.62488555908203,151.5863494873047,96.71083068847656,920.6912231445312,144.5706024169922,40.326927185058594,84.5925064086914,508.1850891113281,107.45263671875,808.4170532226562,804.1806640625,119.33261108398438,130.69766235351562,56.494022369384766,38.788291931152344,99.79405212402344,132.28012084960938,45.66972732543945,55.90780258178711,57.00529098510742,270.4991149902344,46.81962966918945,400.71856689453125,28.46881675720215,36.19154739379883,215.91685485839844,33.29957962036133,485.9136657714844,80.33918762207031,954.47900390625,1312.231201171875
2007-11-20,279.6990661621094,374.8739929199219,70.77497100830078,170.25718688964844,171.70616149902344,177.47720336914062,280.7294616699219,763.6466674804688,164.61561584472656,128.62396240234375,41.586708068847656,93.23213195800781,121.60916900634766,49.426795959472656,32.466644287109375,282.532958984375,51.28324890136719,150.2836456298828,181.0860137939453,119.52751159667969,147.73007202148438,92.03636169433594,879.8026733398438,144.85264587402344,39.89080810546875,84.5925064086914,494.31781005859375,107.70707702636719,809.4237670898438,770.4647216796875,118.94135284423828,133.9717559814453,54.9229621887207,37.94752502441406,93.3657455444336,126.51103973388672,44.97762680053711,55.929290771484375,55.170108795166016,268.9214172363281,45.847537994384766,398.1075134277344,27.22756004333496,36.19154739379883,218.05010986328125,32.219600677490234,468.8515930175781,78.74855041503906,957.1431274414062,1304.1317138671875
2007-11-21,272.1311950683594,372.8443603515625,68.63041687011719,162.33450317382812,162.50265502929688,168.00128173828125,267.7395935058594,723.6289672851562,161.79019165039062,127.09598541259766,40.515262603759766,91.16234588623047,112.03865814208984,45.57577133178711,30.80731773376465,264.88299560546875,49.23919677734375,143.60263061523438,170.0693359375,116.63400268554688,141.0976104736328,87.9476318359375,833.7156372070312,142.38490295410156,37.60872268676758,84.17164611816406,478.00830078125,106.61656951904297,805.5840454101562,737.5545043945312,118.96088409423828,131.66647338867188,50.88104248046875,35.51787567138672,86.71576690673828,115.30777740478516,40.7567024230957,53.376487731933594,53.608436584472656,253.55105590820312,45.847537994384766,404.4932861328125,24.825132369995117,35.33662796020508,214.91827392578125,29.579626083374023,453.99102783203125,75.27883911132812,912.4966430664062,1247.0718994140625
2007-11-22,273.662841796875,375.474609375,69.0992660522461,168.04176330566406,169.47215270996094,163.6730194091797,275.3365173339844,696.8682861328125,162.71490478515625,125.82261657714844,40.617305755615234,87.71015167236328,106.3758773803711,44.00740432739258,30.971782684326172,266.1159362792969,48.82143783569336,143.87454223632812,169.79391479492188,117.17390441894531,143.49014282226562,86.72291564941406,843.3261108398438,142.3497314453125,37.5478630065918,84.42415618896484,478.0740051269531,107.12548065185547,823.3651733398438,695.6533203125,117.20416259765625,127.59053802490234,51.27381134033203,34.352699279785156,84.49908447265625,115.30777740478516,39.064903259277344,51.57149887084961,52.664371490478516,246.42764282226562,45.855430603027344,402.904052734375,24.00429916381836,34.45320510864258,209.53964233398438,27.734647750854492,451.2039489746094,74.61126708984375,909.3732299804688,1231.6875
2007-11-23,282.34552001953125,380.0726013183594,67.84030151367188,167.1688232421875,169.4571075439453,165.04452514648438,277.0480041503906,722.1314086914062,164.5557098388672,127.95036315917969,40.951271057128906,87.23282623291016,110.79845428466797,46.92674255371094,30.73055648803711,271.2342224121094,48.79757308959961,146.2051239013672,173.3399200439453,120.5229263305664,143.57093811035156,87.4645767211914,827.7745971679688,145.804443359375,37.456573486328125,83.4267578125,477.96240234375,107.59803009033203,830.1868286132812,736.663818359375,117.4623794555664,129.09396362304688,50.459712982177734,34.465248107910156,91.10472869873047,118.7320327758789,41.320621490478516,52.2891960144043,54.084877014160156,251.3040771484375,47.854984283447266,405.4866638183594,25.025333404541016,34.25373840332031,210.94671630859375,28.949644088745117,463.3242492675781,76.14421081542969,908.3167724609375,1266.9815673828125
2007-11-26,289.7125549316406,392.250732421875,71.34151458740234,169.72169494628906,169.02386474609375,167.1819610595703,281.382080078125,736.3134155273438,168.69125366210938,129.46603393554688,42.03662109375,90.3833236694336,111.71106719970703,47.299415588378906,30.9060001373291,277.8416748046875,50.75508117675781,151.02166748046875,182.63519287109375,120.08428955078125,144.6914520263672,89.67060089111328,831.48779296875,148.27212524414062,38.07528305053711,84.04117584228516,490.90380859375,107.77980041503906,841.36962890625,756.7237548828125,117.3763198852539,131.63311767578125,51.40235137939453,35.53772735595703,97.3113784790039,120.8163833618164,43.44817352294922,53.238975524902344,54.22605514526367,251.11280822753906,49.04837417602539,412.7808532714844,25.065364837646484,34.05424118041992,213.03460693359375,29.8646297454834,455.8998718261719,80.89549255371094,931.2830200195312,1271.2803955078125
2007-11-27,285.569580078125,379.3683166503906,70.87698364257812,166.12713623046875,171.3708953857422,166.024169921875,276.949462890625,735.3619995117188,170.5491943359375,129.27708435058594,42.46798324584961,89.56610870361328,109.97946166992188,46.134796142578125,31.267839431762695,285.4897766113281,50.66257095336914,148.8076171875,181.77452087402344,121.43402099609375,143.9545440673828,86.39582061767578,819.0377197265625,148.3778533935547,37.72029113769531,84.25581359863281,492.1250305175781,108.470458984375,829.0682983398438,763.7639770507812,118.66355895996094,137.11224365234375,51.15240478515625,35.464908599853516,95.93704986572266,125.95274353027344,42.19215393066406,52.79631805419922,55.38185501098633,255.8219451904297,48.487266540527344,413.1213073730469,28.128475189208984,33.674285888671875,219.59336853027344,31.574602127075195,451.344482421875,81.6454849243164,919.2487182617188,1262.68310546875
2007-11-28,280.4472961425781,376.96575927734375,69.73526763916016,164.74798583984375,169.70950317382812,161.32183837890625,273.1940612792969,724.888671875,167.21852111816406,128.91973876953125,41.721214294433594,87.85147857666016,108.03728485107422,45.45154571533203,31.103363037109375,290.90692138671875,48.734893798828125,143.25306701660156,173.23666381835938,121.68707275390625,143.42958068847656,84.67664337158203,845.2919921875,147.49655151367188,37.95357131958008,84.7145767211914,486.9903869628906,109.4883041381836,803.4966430664062,748.114501953125,116.03821563720703,127.65740966796875,51.80939865112305,35.49139404296875,99.70538330078125,120.8163833618164,41.380455017089844,53.131534576416016,56.378849029541016,255.15261840820312,48.234344482421875,401.5700378417969,25.94626235961914,33.62678527832031,221.2047119140625,30.62961769104004,430.52325439453125,79.30487060546875,908.6382446289062,1249.243896484375
2007-11-29,282.4810791015625,378.9126892089844,72.689453125,170.4478759765625,170.87738037109375,163.6641082763672,276.6662902832031,720.1849365234375,165.42904663085938,128.75131225585938,41.568153381347656,86.8624038696289,108.2244873046875,44.22479248046875,30.536849975585938,284.56646728515625,47.6397590637207,139.990234375,172.47927856445312,121.17249298095703,145.47886657714844,84.94668579101562,865.037353515625,148.09584045410156,37.67972183227539,84.01173400878906,483.3266296386719,110.03357696533203,793.1708374023438,746.9695434570312,117.36852264404297,127.65740966796875,50.466854095458984,35.47814178466797,105.5130386352539,117.61541748046875,40.06460189819336,52.05712127685547,54.46427536010742,266.4114685058594,49.63324737548828,420.15997314453125,24.965267181396484,33.64577865600586,218.3451690673828,29.984621047973633,423.9537048339844,79.30899810791016,897.3848266601562,1268.47509765625
2007-11-30,286.40814208984375,389.1647644042969,74.50191497802734,172.89071655273438,173.47682189941406,165.76596069335938,303.754150390625,727.3726196289062,173.33187866210938,131.6471405029297,42.73237609863281,89.17277526855469,110.75164031982422,45.93294143676758,31.318998336791992,286.0181579589844,49.28992462158203,144.02989196777344,178.0564422607422,123.57670593261719,147.2959442138672,88.89469146728516,886.049560546875,145.7691650390625,38.20713806152344,83.32992553710938,499.3802490234375,108.8339614868164,812.9276123046875,801.04248046875,116.7777099609375,127.65740966796875,54.58732986450195,36.0143928527832,105.82337951660156,121.41188049316406,41.73075866699219,53.73749542236328,55.0554084777832,300.2118835449219,51.26380920410156,409.2331237792969,26.106426239013672,33.8167610168457,219.4799346923828,31.16961097717285,425.3354797363281,83.24434661865234,904.1828002929688,1268.47509765625
2007-12-03,294.7695007324219,382.7236022949219,73.63150787353516,170.48460388183594,175.1608123779297,167.8498992919922,307.58343505859375,736.2252807617188,179.78775024414062,131.4705047607422,45.64982986450195,89.38280487060547,112.41305541992188,46.58510971069336,31.187423706054688,296.33477783203125,50.26271057128906,149.07949829101562,180.87945556640625,124.20096588134766,151.7478485107422,96.00338745117188,902.3875732421875,145.275634765625,38.87655258178711,83.04377746582031,504.048583984375,110.54246520996094,814.3441162109375,806.3861694335938,114.88011169433594,127.65740966796875,54.4373664855957,36.484432220458984,106.08935546875,124.687255859375,42.9355354309082,54.03404235839844,57.37586212158203,312.57037353515625,49.919586181640625,400.1226806640625,26.526853561401367,33.84525680541992,221.49974060058594,32.50458908081055,431.3078308105469,87.3486557006836,917.870849609375,1275.216796875
2007-12-04,287.4979248046875,379.7825927734375,73.8724365234375,167.21282958984375,174.4111328125,168.1972198486328,312.5085144042969,745.9940185546875,176.3286590576172,132.69869995117188,46.215702056884766,88.4319076538086,111.92169952392578,45.97951126098633,32.12308120727539,300.7860107421875,52.076988220214844,151.0605010986328,196.2338409423828,125.06986999511719,156.1997528076172,99.18306732177734,898.1063842773438,145.628173828125,38.998260498046875,83.77604675292969,500.5950012207031,111.96013641357422,810.2063598632812,804.1806640625,115.36920166015625,127.65740966796875,55.0372314453125,36.47119903564453,104.13871002197266,126.06438446044922,42.76462173461914,53.406585693359375,59.99627685546875,305.47076416015625,49.58552551269531,396.12078857421875,26.847171783447266,34.45320510864258,223.56492614746094,32.92458724975586,436.22625732421875,89.20304107666016,917.7330932617188,1297.434814453125
2007-12-05,291.4049072265625,381.2737121582031,74.83401489257812,170.7853240966797,179.66273498535156,167.4491424560547,321.3736572265625,761.1185302734375,176.92800903320312,131.7292938232422,46.2713623046875,92.16670227050781,114.70624542236328,47.81184005737305,35.18956756591797,301.8214416503906,51.65325927734375,155.02247619628906,198.02407836914062,130.31698608398438,156.31077575683594,100.22904205322266,903.7417602539062,145.24037170410156,39.08953094482422,84.3652572631836,498.7762145996094,112.03282165527344,815.1642456054688,809.948486328125,118.51880645751953,127.65740966796875,57.56520462036133,38.44404220581055,112.91668701171875,129.97250366210938,45.13998031616211,56.9134407043457,62.537296295166016,300.2596740722656,49.609371185302734,395.58154296875,27.347686767578125,34.9566535949707,222.45289611816406,34.184566497802734,443.66241455078125,93.0971908569336,909.97021484375,1317.02783203125
2007-12-06,288.63287353515625,389.6411437988281,73.3645248413086,176.1625213623047,180.49530029296875,164.4389190673828,321.59527587890625,758.0089721679688,177.3303985595703,134.3457794189453,45.928131103515625,91.39149475097656,114.75304412841797,46.92674255371094,34.89716720581055,297.79193115234375,50.617801666259766,150.05059814453125,192.75672912597656,130.83154296875,158.64271545410156,98.89783477783203,909.3333129882812,146.40371704101562,39.17067337036133,83.70030212402344,483.6221618652344,111.92375946044922,805.4722900390625,826.361328125,117.01249694824219,127.65740966796875,56.022705078125,39.768096923828125,113.67035675048828,126.88326263427734,46.53269577026367,56.543861389160156,63.56956481933594,299.5903625488281,49.55370330810547,392.14739990234375,27.788129806518555,34.90916442871094,221.72666931152344,33.08958053588867,455.24395751953125,96.15894317626953,900.416259765625,1321.5982666015625
2007-12-07,285.3837890625,397.13861083984375,74.6603775024414,183.0435333251953,183.52798461914062,167.1730499267578,318.73876953125,751.3409423828125,181.9625244140625,141.48886108398438,46.679527282714844,91.0134506225586,115.03385925292969,46.72486114501953,34.4951171875,293.12725830078125,49.65694808959961,145.97206115722656,188.38450622558594,129.4564971923828,157.51211547851562,100.69686889648438,909.9010620117188,147.07351684570312,38.166568756103516,83.74238586425781,478.9997253417969,111.45122528076172,793.7672729492188,859.0593872070312,116.6485824584961,127.65740966796875,55.908451080322266,40.066009521484375,113.44866180419922,125.28279113769531,45.840606689453125,57.84601593017578,64.36366271972656,309.8452453613281,50.77067184448242,391.2391662597656,27.287628173828125,34.861671447753906,222.47555541992188,32.81958770751953,453.17138671875,99.5132827758789,899.3139038085938,1322.5025634765625
2007-12-10,283.525634765625,403.1241760253906,73.27769470214844,186.54269409179688,182.78582763671875,167.3689727783203,322.5434265136719,745.227783203125,177.33905029296875,143.65762329101562,46.5079231262207,91.18528747558594,112.90447998046875,46.771461486816406,36.56015396118164,285.5270690917969,49.73155212402344,150.16708374023438,186.4566192626953,129.31309509277344,156.4925079345703,100.20240783691406,913.5706787109375,145.1698455810547,37.87242889404297,83.7549819946289,473.69464111328125,109.85179901123047,793.3947143554688,869.5347290039062,114.10934448242188,127.65740966796875,55.95844268798828,40.390411376953125,115.84268188476562,126.84600830078125,45.32794189453125,57.1197395324707,67.69873809814453,300.474853515625,49.24349594116211,390.81353759765625,27.627971649169922,34.994659423828125,222.08978271484375,33.479583740234375,456.8366394042969,99.73582458496094,914.563720703125,1305.2176513671875
2007-12-11,289.8230285644531,429.19964599609375,77.29766082763672,192.8295135498047,184.42837524414062,167.60943603515625,324.5873107910156,755.92138671875,178.31507873535156,143.29617309570312,46.90681076049805,94.7291030883789,113.9808349609375,46.554054260253906,37.97093963623047,285.0040588378906,49.91061019897461,154.40098571777344,190.86328125,130.78936767578125,158.46102905273438,100.09210968017578,941.48486328125,148.55410766601562,38.034698486328125,84.13375091552734,489.87286376953125,109.4883041381836,801.5582885742188,858.7200927734375,114.22284698486328,127.65740966796875,57.03675842285156,41.939552307128906,116.24168395996094,126.9204330444336,46.07984161376953,56.34185791015625,67.51346588134766,314.2196960449219,50.372955322265625,397.9940490722656,27.64798355102539,35.403114318847656,222.15786743164062,33.08958053588867,459.29583740234375,99.27014923095703,916.3089599609375,1307.7967529296875
2007-12-12,289.34588623046875,438.5611267089844,77.4496078491211,189.24961853027344,183.75401306152344,167.79649353027344,323.0113220214844,755.3313598632812,180.38711547851562,138.48622131347656,47.07842254638672,95.80220031738281,117.53763580322266,46.522987365722656,39.50967025756836,282.63970947265625,51.61148452758789,160.2274627685547,198.12728881835938,129.9204864501953,159.53106689453125,103.28324127197266,937.7280883789062,148.2368621826172,38.460693359375,83.88548278808594,489.0324401855469,109.77909851074219,800.4772338867188,864.5303344726562,116.08909606933594,127.65740966796875,60.6573371887207,42.1116828918457,114.60133361816406,126.73436737060547,45.832054138183594,57.21857833862305,68.19282531738281,312.833251953125,50.683162689208984,401.2579040527344,28.308658599853516,36.04905319213867,222.15786743164062,33.11958312988281,459.3894958496094,102.2453842163086,913.966552734375,1288.7921142578125
2007-12-13,284.5098876953125,409.31683349609375,76.2470932006836,182.34661865234375,180.55931091308594,173.166748046875,320.2532043457031,746.8309326171875,176.3115234375,136.3667449951172,46.4244270324707,93.97682189941406,115.01045989990234,45.7465705871582,38.10984420776367,276.5766906738281,53.118408203125,162.59689331054688,196.44041442871094,128.75633239746094,160.07623291015625,99.16026306152344,906.0130615234375,149.47068786621094,39.8299446105957,82.82068634033203,487.8900451660156,106.10765075683594,793.1336669921875,868.5592041015625,118.11579132080078,127.65740966796875,62.42835998535156,41.853492736816406,112.96101379394531,129.86085510253906,45.285213470458984,56.685672760009766,66.64881134033203,315.27154541015625,48.869659423828125,405.5151062011719,28.04838752746582,38.00586700439453,222.04441833496094,32.87958908081055,455.2558288574219,110.10787200927734,905.9283447265625,1285.0362548828125
2007-12-14,290.1242980957031,395.29534912109375,74.86225128173828,177.0795135498047,181.34292602539062,177.16546630859375,311.1541748046875,735.3798217773438,178.16094970703125,135.24537658691406,46.12293243408203,94.6183853149414,115.52523040771484,45.296260833740234,37.72972106933594,273.41180419921875,52.34257888793945,165.62661743164062,192.8944549560547,125.66879272460938,159.71278381347656,98.94727325439453,910.6874389648438,154.19456481933594,40.712345123291016,84.39889526367188,490.31280517578125,108.72492218017578,822.3958740234375,866.5662231445312,117.4740982055664,127.65740966796875,61.699951171875,41.59530258178711,113.00535583496094,129.33975219726562,44.62730026245117,58.99778747558594,67.41639709472656,310.8253479003906,48.98102569580078,405.3164978027344,31.071443557739258,37.13195037841797,228.0131072998047,32.98457717895508,450.1032409667969,110.03780364990234,940.7910766601562,1363.99609375
2007-12-17,278.7198181152344,374.79119873046875,73.08667755126953,171.1081085205078,174.23028564453125,175.3486785888672,286.1471252441406,718.4495239257812,173.3662109375,133.44210815429688,45.28341293334961,89.06582641601562,106.75025939941406,42.56326675415039,36.65517807006836,258.8572692871094,49.13774108886719,155.9935760498047,178.33187866210938,118.39712524414062,154.9782257080078,98.5098648071289,884.869873046875,154.37081909179688,39.25182342529297,83.83497619628906,476.90521240234375,106.65294647216797,796.33935546875,799.7702026367188,117.34893798828125,129.66197204589844,59.76470947265625,39.6158332824707,107.6410140991211,121.18856811523438,42.4997444152832,55.74878692626953,65.85474395751953,296.4111328125,48.35263442993164,402.1661376953125,28.308658599853516,36.92298126220703,230.8272247314453,30.929615020751953,438.8377685546875,95.652099609375,907.3062744140625,1338.8377685546875
2007-12-18,273.94415283203125,376.94512939453125,72.14030456542969,167.0000762939453,173.25828552246094,169.7557830810547,281.7144775390625,698.2514038085938,172.08187866210938,132.91641235351562,44.884521484375,87.86674499511719,108.48184967041016,42.376914978027344,36.88909912109375,255.48422241210938,48.77070617675781,154.7894287109375,178.8482666015625,118.4730453491211,155.876708984375,95.5811996459961,884.869873046875,149.64694213867188,40.073368072509766,83.16159057617188,477.3385314941406,105.9259262084961,794.5875244140625,799.7702026367188,117.34893798828125,130.38023376464844,60.2717170715332,38.265289306640625,109.94635009765625,119.69975280761719,42.95261001586914,55.783172607421875,68.43987274169922,289.2637939453125,47.565185546875,400.74700927734375,28.68903923034668,36.92298126220703,233.3009490966797,31.079614639282227,443.82635498046875,95.652099609375,900.5081176757812,1293.31689453125
2007-12-19,271.5588073730469,375.2052917480469,71.76261138916016,170.6899871826172,170.0221405029297,167.2532501220703,276.7402038574219,702.919921875,175.43820190429688,134.6785430908203,44.875240325927734,90.16181945800781,107.12468719482422,41.60050582885742,35.85017013549805,256.32220458984375,49.19443130493164,154.206787109375,178.36627197265625,116.53278350830078,156.70449829101562,95.95394134521484,871.9395141601562,149.82321166992188,40.50949478149414,84.58407592773438,468.96051025390625,104.90811920166016,768.5684204101562,808.1248168945312,116.3238525390625,130.24661254882812,58.536407470703125,38.97365951538086,111.01033782958984,119.84864044189453,42.4655647277832,55.17720413208008,69.55156707763672,342.426513671875,48.15378189086914,401.2295227050781,29.169525146484375,38.04386520385742,230.71376037597656,30.974609375,438.77911376953125,100.23442840576172,903.7234497070312,1272.5928955078125
2007-12-20,272.5480041503906,380.6524658203125,71.31328582763672,169.8243865966797,170.07115173339844,166.33592224121094,286.7257995605469,702.6380004882812,179.0086212158203,139.29127502441406,45.76579284667969,90.92559814453125,107.10126495361328,41.181243896484375,35.38597106933594,253.07728576660156,49.19145965576172,154.7894287109375,182.1188201904297,119.8143310546875,158.40042114257812,97.67689514160156,868.0952758789062,150.10523986816406,39.860374450683594,85.15225219726562,465.35595703125,105.08983612060547,745.3451538085938,816.1827392578125,114.73535919189453,129.84567260742188,57.86513900756836,39.35102462768555,109.8133544921875,117.80152130126953,42.17507553100586,55.615570068359375,67.81344604492188,326.4825439453125,49.641204833984375,395.46807861328125,28.04838752746582,37.60690689086914,234.39031982421875,30.4796199798584,437.49102783203125,101.4129638671875,889.8977661132812,1226.6192626953125
2007-12-24,280.0706787109375,402.7099914550781,73.72048950195312,176.93280029296875,175.9142303466797,169.7913818359375,294.48272705078125,720.6693115234375,190.028076171875,148.70582580566406,49.62947463989258,95.38978576660156,110.75164031982422,42.439048767089844,38.76799392700195,265.9557189941406,51.584632873535156,156.45965576171875,185.04507446289062,123.23085021972656,166.39569091796875,100.85660552978516,865.1682739257812,152.608154296875,40.17479705810547,88.55699157714844,465.8614807128906,105.2352294921875,746.8362426757812,824.4526977539062,114.79794311523438,131.0985565185547,59.40049743652344,39.90050506591797,111.45367431640625,120.63026428222656,42.525394439697266,56.131282806396484,68.16636657714844,356.60174560546875,51.92399978637695,398.53326416015625,28.368717193603516,37.0274658203125,235.95620727539062,30.974609375,439.18902587890625,102.26185607910156,891.046142578125,1234.8095703125
2007-12-26,290.91278076171875,407.3699951171875,74.09384155273438,178.83277893066406,180.8343505859375,172.94410705566406,309.13482666015625,738.8856201171875,188.4183807373047,149.3342742919922,49.68048095703125,95.8508529663086,112.15567779541016,43.727874755859375,39.611663818359375,272.7873229980469,53.282527923583984,162.75225830078125,186.009033203125,126.89200592041016,168.36419677734375,102.6974868774414,867.6583862304688,151.79737854003906,40.5399284362793,92.6014404296875,474.7713928222656,106.03498077392578,749.6319580078125,860.840576171875,115.18135833740234,134.4728546142578,60.21458435058594,40.549293518066406,115.93133544921875,121.59799194335938,44.12319564819336,56.28169631958008,71.39558410644531,357.98822021484375,51.478580474853516,398.3629150390625,28.729084014892578,37.07494354248047,236.27398681640625,31.559606552124023,444.0606384277344,103.01183319091797,888.0604858398438,1226.755126953125
2007-12-27,290.64654541015625,399.89324951171875,75.77606964111328,182.9921875,179.03358459472656,170.3524627685547,305.31793212890625,732.40234375,190.20787048339844,148.0691680908203,50.97456741333008,96.67228698730469,112.41305541992188,44.038455963134766,39.486392974853516,273.0647888183594,54.016597747802734,163.87869262695312,188.10910034179688,124.30220031738281,168.20266723632812,103.17293548583984,869.4931030273438,152.92544555664062,41.290489196777344,91.3388671875,473.3531188964844,106.10765075683594,748.3643798828125,857.320556640625,115.03273010253906,134.4394989013672,61.78565216064453,39.979949951171875,116.77368927001953,119.06700134277344,43.14912033081055,54.47239303588867,71.3867416381836,351.581787109375,50.53205108642578,399.7535705566406,28.00834846496582,37.720890045166016,233.8683319091797,31.0946044921875,443.1236572265625,107.47880554199219,905.193359375,1211.8226318359375
2007-12-28,290.74700927734375,389.9517822265625,75.11619567871094,179.97715759277344,179.1390838623047,173.76344299316406,317.9876403808594,732.1292724609375,185.31036376953125,147.56390380859375,48.96619415283203,94.97906494140625,112.97463989257812,44.380088806152344,39.07378387451172,275.776123046875,55.58320999145508,165.16050720214844,192.82554626464844,123.0536880493164,168.7377166748047,105.76309967041016,861.9793090820312,152.5376434326172,41.89903259277344,92.58039855957031,476.9184265136719,108.36141967773438,753.3968505859375,904.0142822265625,114.68450927734375,134.12210083007812,65.10631561279297,41.184837341308594,115.08902740478516,121.82128143310547,45.06306076049805,59.36738586425781,72.63079833984375,356.8647155761719,52.28989791870117,397.00067138671875,28.568920135498047,37.00846862792969,230.91799926757812,31.664608001708984,442.53814697265625,108.77272033691406,900.1406860351562,1193.5426025390625
2007-12-31,289.5267333984375,412.7341613769531,75.0641098022461,181.73776245117188,178.65687561035156,172.85501098632812,319.2928466796875,734.1817016601562,184.49696350097656,145.3992462158203,48.76210403442383,95.85475158691406,117.42062377929688,44.7061882019043,40.05376434326172,276.4378967285156,55.82490539550781,166.90843200683594,195.9239959716797,125.17108154296875,174.0275115966797,111.82583618164062,868.8814697265625,150.66928100585938,42.487308502197266,92.55094146728516,480.9169616699219,106.9073715209961,764.0208129882812,910.8845825195312,115.29877471923828,135.7925262451172,65.64190673828125,43.88592529296875,113.04967498779297,122.9751205444336,45.05452346801758,60.003456115722656,72.88667297363281,365.4702453613281,52.44103240966797,395.2693176269531,28.969331741333008,38.1103515625,238.63417053222656,32.20460510253906,442.7255859375,108.74800872802734,931.0534057617188,1213.3614501953125
2008-01-01,286.06671142578125,400.80450439453125,75.08147430419922,180.27789306640625,179.58737182617188,173.2290802001953,317.8891906738281,730.4556884765625,180.58404541015625,143.50567626953125,47.86692810058594,96.8582534790039,120.48600006103516,45.5291862487793,40.00954055786133,275.7814636230469,55.63691329956055,167.4134063720703,193.54856872558594,128.62135314941406,174.66346740722656,117.43212890625,866.3041381835938,154.01828002929688,44.14054489135742,95.45906829833984,494.4098205566406,107.9979019165039,766.6673583984375,908.636962890625,115.36920166015625,137.66348266601562,67.86282348632812,45.56747817993164,114.42401123046875,124.91058349609375,45.772247314453125,59.99483871459961,74.69535827636719,365.8048400878906,51.23200607299805,396.4613952636719,29.109464645385742,38.186363220214844,267.04779052734375,33.14958190917969,449.8455505371094,108.73149871826172,911.394287109375,1220.5111083984375
2008-01-02,287.4225769042969,400.2453308105469,74.46501922607422,185.92648315429688,182.58993530273438,184.2902069091797,343.9552001953125,729.0640258789062,179.80484008789062,143.6248016357422,47.435569763183594,98.35386657714844,120.32221221923828,45.28072738647461,39.191673278808594,272.2696533203125,55.71450424194336,168.85061645507812,192.6878662109375,133.8853302001953,172.88674926757812,117.37509155273438,871.109619140625,152.1498565673828,44.85052490234375,95.64424133300781,491.7967529296875,107.56169128417969,762.7161865234375,919.3241577148438,116.52730560302734,140.0021514892578,69.29820251464844,52.247352600097656,115.35499572753906,129.52584838867188,45.40482711791992,59.86591720581055,75.33943939208984,358.94427490234375,50.00710678100586,396.6317138671875,28.84920310974121,39.13625717163086,267.5245056152344,33.74958038330078,449.1779479980469,107.47055053710938,911.991455078125,1241.1898193359375
2008-01-03,291.6358947753906,393.14129638671875,73.55769348144531,180.3072509765625,180.47268676757812,184.50396728515625,331.76556396484375,714.3535766601562,173.13499450683594,140.40037536621094,46.03016662597656,101.18623352050781,129.2141571044922,47.144142150878906,39.692710876464844,267.0339050292969,55.27287292480469,165.43238830566406,186.35330200195312,133.55630493164062,167.9705047607422,121.85555267333984,850.2720336914062,157.1205291748047,43.50156021118164,95.87571716308594,473.1561584472656,105.41699981689453,750.7129516601562,925.2193603515625,118.3231430053711,146.96798706054688,70.32652282714844,53.584651947021484,113.5816879272461,129.2653045654297,47.22479248046875,60.330047607421875,74.3689193725586,343.1915588378906,49.315067291259766,403.0175476074219,28.58893394470215,39.64921188354492,259.4678649902344,35.51955795288086,445.0325622558594,110.62297821044922,906.7091064453125,1229.5152587890625
2008-01-04,300.6047668457031,392.8306884765625,73.64451599121094,188.72145080566406,179.98672485351562,187.89710998535156,339.46099853515625,748.531005859375,172.13323974609375,139.23789978027344,46.0719108581543,104.08064270019531,127.03800964355469,46.895687103271484,39.692710876464844,271.591796875,55.58320999145508,170.8316192626953,189.07305908203125,131.8775634765625,166.31492614746094,123.92845916748047,842.3651123046875,163.60691833496094,44.495540618896484,96.03142547607422,472.0007019042969,104.21744537353516,745.2705688476562,943.5827026367188,117.74017333984375,152.94827270507812,68.76974487304688,52.8365592956543,116.59632873535156,130.56800842285156,46.327640533447266,59.86159896850586,73.6983642578125,344.4345397949219,50.11843490600586,397.6818542480469,28.40875244140625,39.18375778198242,259.1727600097656,35.174560546875,458.6634521484375,110.01721954345703,897.7982177734375,1225.2164306640625
2008-01-07,303.34173583984375,388.14996337890625,71.86461639404297,199.90858459472656,181.04910278320312,194.17579650878906,341.65264892578125,754.5385131835938,167.064453125,134.4690399169922,44.7546501159668,100.65544128417969,125.7977523803711,46.507484436035156,38.41432571411133,267.6956481933594,55.25198745727539,169.3555450439453,186.38775634765625,132.51026916503906,164.3059844970703,122.4222640991211,842.0154418945312,167.23797607421875,46.91962432861328,102.04969787597656,461.9745178222656,103.63580322265625,746.9108276367188,964.4910278320312,119.17611694335938,162.6203155517578,66.94873809814453,53.16757583618164,115.93133544921875,130.2330322265625,45.353580474853516,59.818634033203125,72.15436553955078,330.45062255859375,47.612911224365234,398.4764099121094,31.01139259338379,38.63280487060547,253.95310974121094,35.759552001953125,474.2501220703125,107.07084655761719,908.0411376953125,1230.69189453125
2008-01-08,306.7966613769531,404.24261474609375,74.48455810546875,196.59280395507812,185.6941680908203,189.8297119140625,327.0621337890625,764.1485595703125,169.162109375,136.5556640625,45.39936447143555,102.3602523803711,123.97261047363281,44.923587799072266,38.67958450317383,266.34002685546875,53.19301986694336,162.28611755371094,181.3269805908203,130.73873901367188,167.58688354492188,119.0143814086914,821.0909423828125,166.81492614746094,46.858760833740234,105.06304931640625,446.6300354003906,103.2359619140625,734.5722045898438,975.135986328125,119.94689178466797,158.54437255859375,64.60643005371094,51.830265045166016,112.11868286132812,125.24556732177734,43.53361511230469,57.8975830078125,68.22811889648438,326.6976623535156,47.85948944091797,392.5730285644531,28.92928695678711,37.09395217895508,248.5517120361328,34.58956527709961,469.238037109375,103.95138549804688,892.4700317382812,1234.9908447265625
2008-01-09,304.6875,403.5177001953125,75.73699188232422,191.89788818359375,184.9369354248047,195.1465606689453,319.4652099609375,765.0736083984375,170.60910034179688,135.79165649414062,45.52923583984375,100.84140014648438,129.70556640625,44.20927047729492,38.31483840942383,259.6739501953125,53.34221649169922,164.65554809570312,179.91546630859375,129.94578552246094,163.30661010742188,119.15130615234375,807.9420166015625,164.98182678222656,46.260353088378906,101.2500991821289,453.8656005859375,103.16324615478516,723.1656494140625,992.6090087890625,121.30059814453125,155.06976318359375,66.05608367919922,50.55255889892578,109.94635009765625,124.79891204833984,44.2940788269043,57.30452346801758,65.89885711669922,327.00848388671875,47.74017333984375,390.6431884765625,28.54889678955078,36.13454818725586,244.1489715576172,33.539581298828125,479.1217041015625,100.95968627929688,881.67578125,1217.66015625
2008-01-10,304.1000061035156,400.74237060546875,74.7558822631836,198.96963500976562,181.55393981933594,193.9976806640625,308.4454040527344,741.9067993164062,168.10043334960938,131.65122985839844,45.241668701171875,100.28728485107422,124.4172134399414,43.153343200683594,35.95702362060547,259.87139892578125,50.975887298583984,156.3820037841797,171.34317016601562,126.4027099609375,162.54945373535156,114.12692260742188,794.3560180664062,161.13931274414062,44.586814880371094,98.67022705078125,442.7364196777344,102.76342010498047,699.9423217773438,969.1985473632812,121.53144073486328,154.4182891845703,63.428138732910156,48.400962829589844,103.47370910644531,121.30021667480469,42.798805236816406,55.241661071777344,65.36064147949219,322.1558837890625,47.119747161865234,387.8619079589844,26.60693359375,35.5836067199707,234.3675537109375,32.02459716796875,469.3902282714844,99.27428436279297,849.798583984375,1205.6236572265625
2008-01-11,314.1235046386719,399.66534423828125,76.60306549072266,210.53817749023438,183.45262145996094,208.35401916503906,303.7911682128906,735.8554077148438,169.48751831054688,129.9425048828125,45.34834671020508,100.90338134765625,127.41239166259766,43.805545806884766,37.290672302246094,259.7913513183594,50.925174713134766,157.00344848632812,172.1005859375,128.74789428710938,156.4823760986328,110.90157318115234,786.0559692382812,157.7197723388672,44.71868133544922,97.40342712402344,443.7803649902344,100.72775268554688,670.0092163085938,1012.6688232421875,125.94090270996094,152.66432189941406,63.363861083984375,49.04313278198242,110.38970184326172,120.74190521240234,44.584571838378906,55.06976318359375,64.39012145996094,322.80133056640625,45.95848083496094,375.3456115722656,26.5068302154541,35.1656494140625,234.79884338378906,32.0845947265625,471.9547424316406,98.99404907226562,834.640869140625,1198.5650634765625
2008-01-14,323.4891052246094,375.8474426269531,77.41053771972656,206.87025451660156,185.58497619628906,225.8809051513672,315.2789306640625,734.498779296875,164.59002685546875,125.65010070800781,42.77873992919922,99.88048553466797,133.21556091308594,44.4732551574707,37.48961639404297,264.1678466796875,50.02399444580078,156.57618713378906,170.93002319335938,129.16966247558594,152.88856506347656,116.50788879394531,754.3848266601562,154.44126892089844,45.54022979736328,94.61737823486328,436.2821960449219,100.3642578125,653.4957275390625,1024.2044677734375,125.17794799804688,157.0242462158203,66.84161376953125,49.55950927734375,109.50301361083984,122.71456909179688,45.71244430541992,55.04827117919922,64.43424224853516,322.80133056640625,45.1630744934082,399.9523620605469,26.967300415039062,35.90656280517578,240.85830688476562,33.56958770751953,469.6566162109375,101.37589263916016,860.408935546875,1210.2845458984375
2008-01-15,317.93505859375,355.3226013183594,77.66233825683594,198.3900604248047,182.59744262695312,213.12759399414062,311.5604553222656,715.5867309570312,160.9681854248047,123.39922332763672,42.68135452270508,98.97770690917969,128.23138427734375,43.12228775024414,36.358585357666016,258.23828125,50.853538513183594,153.5464324951172,166.66110229492188,129.7433319091797,148.41650390625,117.75924682617188,761.2869262695312,152.85491943359375,43.88698959350586,92.55514526367188,431.8240051269531,99.74627685546875,648.2396850585938,998.5038452148438,123.87898254394531,155.5542755126953,66.006103515625,48.24869155883789,106.97603607177734,123.19843292236328,43.875396728515625,54.63999557495117,65.2106704711914,326.26739501953125,44.04949951171875,400.83221435546875,26.106426239013672,35.35562515258789,234.23141479492188,32.96958923339844,461.19073486328125,99.8182373046875,841.7145385742188,1197.0716552734375
2008-01-16,310.7137145996094,358.5328369140625,72.66124725341797,200.752197265625,182.002197265625,206.02960205078125,306.1921081542969,700.7000122070312,161.81585693359375,122.84054565429688,42.32884216308594,97.1837158203125,120.95402526855469,42.23716735839844,36.33279037475586,246.36306762695312,48.818450927734375,148.496826171875,169.10537719726562,126.52925872802734,149.1029510498047,111.03468322753906,740.6244506835938,151.3743438720703,42.38588333129883,91.42724609375,428.94818115234375,99.41915893554688,639.10693359375,954.6519165039062,121.51969909667969,152.17991638183594,65.84899139404297,46.83857345581055,108.83804321289062,128.33482360839844,43.32855224609375,53.78477096557617,63.33135986328125,316.8013916015625,42.80070495605469,399.6968994140625,25.565881729125977,34.59569549560547,236.7051544189453,32.219600677490234,451.1610107421875,94.37464141845703,803.5446166992188,1185.4427490234375
2008-01-17,300.9613342285156,361.1838073730469,71.35236358642578,193.9739227294922,182.0625,206.98251342773438,310.89556884765625,719.1542358398438,158.00563049316406,122.43798828125,42.90861511230469,96.9318618774414,119.57342529296875,43.37074661254883,36.64595031738281,251.02774047851562,48.38576889038086,148.45799255371094,168.21029663085938,124.28534698486328,152.72706604003906,112.53325653076172,755.5643920898438,153.38372802734375,44.17097854614258,91.47354888916016,438.5080871582031,95.3115005493164,641.1197509765625,918.73046875,121.3201675415039,160.732666015625,66.38458251953125,46.52742004394531,108.572021484375,122.34237670898438,42.98677062988281,54.085601806640625,63.36668014526367,314.72174072265625,42.58595275878906,395.7234191894531,26.046371459960938,34.861671447753906,233.57327270507812,32.51960372924805,469.4803161621094,95.380126953125,819.1156616210938,1187.0263671875
2008-01-18,281.1805114746094,361.6395263671875,68.20063018798828,181.92848205566406,177.99380493164062,198.2012939453125,277.42962646484375,693.9703369140625,154.6664581298828,120.63064575195312,42.147945404052734,93.91739654541016,111.94506072998047,41.35205841064453,35.109657287597656,246.02151489257812,46.699806213378906,143.79681396484375,161.0494842529297,120.51451873779297,146.8921661376953,110.86354064941406,735.644287109375,150.810302734375,43.136436462402344,87.53852081298828,437.9368591308594,96.1475601196289,645.6302490234375,918.73046875,121.3201675415039,153.54965209960938,62.699729919433594,42.10506057739258,103.2963638305664,109.94808959960938,39.49213409423828,55.783172607421875,59.916866302490234,307.8611755371094,42.58595275878906,395.0708312988281,24.44474220275879,33.69328308105469,222.40748596191406,30.509628295898438,457.4398193359375,90.54229736328125,809.0105590820312,1137.4329833984375
2008-01-21,255.18763732910156,343.39288330078125,65.42659759521484,172.12782287597656,165.4713134765625,188.9213409423828,237.31491088867188,651.2308349609375,142.31130981445312,114.28041076660156,40.77037811279297,86.52458953857422,96.31392669677734,34.31769943237305,31.03502655029297,224.5234375,43.06527328491211,129.4637908935547,140.1178436279297,110.28182983398438,134.70753479003906,94.27660369873047,701.745361328125,140.76332092285156,40.94562911987305,88.00987243652344,395.3506164550781,92.54886627197266,549.3822021484375,764.6968383789062,115.65087127685547,148.08721923828125,55.00865936279297,37.42451477050781,86.8487548828125,87.39273834228516,35.74113845825195,51.82935333251953,54.00546646118164,263.47125244140625,39.635009765625,364.98626708984375,19.459699630737305,29.190711975097656,206.79360961914062,23.789701461791992,429.29083251953125,80.00952911376953,735.6101684570312,1043.9930419921875
2008-01-22,236.7727813720703,348.9642333984375,61.9232177734375,165.04873657226562,161.04470825195312,173.59423828125,249.03659057617188,645.6373901367188,137.03695678710938,113.44245910644531,40.06999588012695,74.33497619628906,91.91474914550781,30.870397567749023,29.999788284301758,212.80303955078125,40.024566650390625,115.90757751464844,133.2668914794922,109.8178482055664,123.13867950439453,82.34512329101562,705.1089477539062,129.76455688476562,37.101593017578125,79.96306610107422,375.8894348144531,84.6244125366211,535.9999389648438,735.1370239257812,116.3082275390625,135.47515869140625,52.209312438964844,32.95581817626953,71.64246368408203,74.88678741455078,29.819889068603516,45.275474548339844,50.18511962890625,251.32803344726562,36.56475830078125,336.4913024902344,17.497711181640625,25.239089965820312,190.77117919921875,19.06476402282715,418.050048828125,73.04125213623047,693.398193359375,1074.0836181640625
2008-01-23,256.1820068359375,351.28387451171875,66.6073989868164,168.93673706054688,175.08544921875,180.91488647460938,271.7904052734375,660.876220703125,149.87696838378906,116.81887817382812,40.01896667480469,76.84188079833984,103.70829010009766,34.31769943237305,32.81814193725586,229.30020141601562,41.68964385986328,124.4530258178711,150.23941040039062,111.15914916992188,127.8832778930664,95.65345764160156,721.79638671875,134.38262939453125,39.52567672729492,84.39471435546875,398.4300231933594,85.56952667236328,559.5214233398438,776.2749633789062,112.29783630371094,138.01431274414062,58.40073013305664,36.31230163574219,81.39576721191406,87.98827362060547,32.51137161254883,48.95423889160156,53.40550994873047,264.5469665527344,38.570709228515625,343.7001647949219,18.819046020507812,28.772748947143555,215.78067016601562,22.034717559814453,419.2964172363281,79.7169418334961,753.4320678710938,1255.1715087890625
2008-01-24,249.97503662109375,352.8164978027344,65.56983184814453,166.06109619140625,176.5471649169922,178.51031494140625,259.2807312011719,621.7572021484375,144.94384765625,116.86410522460938,38.13584518432617,73.40509796142578,95.26094818115234,34.39533615112305,29.915048599243164,223.6267852783203,40.03053283691406,116.60674285888672,138.12109375,111.10852813720703,126.38927459716797,91.66741943359375,689.1204223632812,131.24514770507812,38.034698486328125,85.5310287475586,378.8309631347656,84.26090240478516,562.1307373046875,755.493896484375,114.05850982666016,136.1099853515625,57.8936882019043,36.43147659301758,76.56344604492188,82.85189819335938,31.65692710876465,46.41435241699219,52.20558166503906,248.3399658203125,36.94990158081055,367.9946594238281,17.297510147094727,28.44028091430664,211.37789916992188,20.699735641479492,392.4995422363281,71.75143432617188,729.0418701171875,1173.858642578125
2008-01-25,262.6802062988281,379.0577087402344,69.82643127441406,185.05352783203125,181.38816833496094,195.5294952392578,267.83807373046875,685.7783203125,152.05130004882812,124.8573226928711,40.06999588012695,78.74820709228516,104.26991271972656,36.16557312011719,31.18238639831543,231.05076599121094,42.67436981201172,134.94064331054688,158.8461456298828,119.86491394042969,135.89871215820312,95.66486358642578,728.3927001953125,141.11585998535156,40.25593185424805,88.12352752685547,397.40576171875,85.24237823486328,583.3784790039062,799.6004028320312,115.73303985595703,133.70448303222656,60.02891159057617,38.457279205322266,87.24775695800781,90.77975463867188,33.19491958618164,48.67490005493164,56.77588653564453,265.0489807128906,40.07115936279297,392.3460693359375,17.918136596679688,29.90314292907715,222.56634521484375,23.12970733642578,417.9677429199219,80.45045471191406,801.4776611328125,1186.8902587890625
2008-01-28,257.75885009765625,360.0033264160156,69.03414916992188,186.9095001220703,184.7355499267578,203.3132781982422,268.5029602050781,676.9256591796875,146.84317016601562,118.81924438476562,37.8853645324707,77.50443267822266,99.4963150024414,36.55377960205078,32.51973342895508,223.2265167236328,41.5792350769043,134.94064331054688,149.27542114257812,120.25299072265625,139.20986938476562,97.13300323486328,755.4769287109375,140.9395751953125,39.809669494628906,94.87406921386719,388.7781677246094,83.82472229003906,595.1204833984375,756.0877075195312,113.2955551147461,129.67861938476562,61.19294357299805,40.178558349609375,88.6220932006836,94.01791381835938,33.340171813964844,48.13338851928711,58.91987228393555,251.9255828857422,38.72315979003906,394.87200927734375,17.557771682739258,29.27620506286621,223.33795166015625,23.159709930419922,409.607666015625,77.97384643554688,824.4899291992188,1183.22509765625
2008-01-29,258.8133239746094,352.3194274902344,66.73982238769531,179.06016540527344,178.13543701171875,204.1593475341797,267.94891357421875,664.9107055664062,149.14645385742188,122.61872863769531,38.26571273803711,79.02718353271484,99.00491333007812,35.948177337646484,32.250797271728516,218.97813415527344,42.683319091796875,139.4464569091797,148.93116760253906,120.7676010131836,141.6427764892578,99.76880645751953,753.9917602539062,147.24981689453125,40.81377410888672,93.2453384399414,396.9986572265625,85.24237823486328,591.2064819335938,749.2596435546875,112.57954406738281,129.64523315429688,58.22933578491211,37.768768310546875,89.77473449707031,92.11967468261719,33.68195724487305,48.1591796875,60.78152847290039,251.37582397460938,40.91368865966797,390.7851257324219,17.51773452758789,29.684669494628906,223.9734344482422,23.099708557128906,417.28570556640625,80.80485534667969,799.6401977539062,1176.7091064453125
2008-01-30,248.2676544189453,356.23382568359375,66.54879760742188,174.211181640625,177.59640502929688,196.06385803222656,256.4857482910156,653.151123046875,149.51602172851562,122.67215728759766,38.37238311767578,75.03240203857422,94.34832763671875,33.96055221557617,31.303970336914062,223.2958984375,43.16672897338867,136.92164611816406,151.1689453125,117.58727264404297,139.53292846679688,100.16436767578125,753.9917602539062,138.0841064453125,40.43850326538086,99.32254791259766,393.3283386230469,86.5146255493164,595.7540893554688,749.2596435546875,112.755615234375,135.54200744628906,55.61565017700195,36.901512145996094,83.8341064453125,85.9039306640625,33.442710876464844,48.12910461425781,58.169925689697266,237.12892150878906,40.480384826660156,391.7784423828125,16.576780319213867,29.019729614257812,217.8685760498047,21.629730224609375,408.00860595703125,82.97236633300781,808.2297973632812,1170.60107421875
2008-01-31,248.97068786621094,355.75750732421875,68.13768768310547,168.28384399414062,173.0765380859375,199.63514709472656,253.29681396484375,642.4750366210938,150.18634033203125,123.14862060546875,39.216552734375,76.6830062866211,91.75096130371094,31.7399845123291,30.014522552490234,219.92276000976562,44.079833984375,127.36624908447266,147.89834594726562,118.00906372070312,134.2330322265625,97.2128677368164,742.8084716796875,147.1792755126953,39.667667388916016,104.8905029296875,387.583251953125,87.78692626953125,572.642578125,686.4503173828125,113.18988800048828,140.15249633789062,55.57996368408203,38.42417907714844,83.96708679199219,83.44740295410156,32.5455436706543,48.288108825683594,54.17311096191406,248.5312042236328,38.779327392578125,393.1407470703125,15.916112899780273,30.207115173339844,225.35781860351562,21.374732971191406,393.24029541015625,79.9065170288086,802.3963623046875,1138.112060546875
2008-02-01,255.38348388671875,376.7173156738281,68.20063018798828,175.78839111328125,174.4540557861328,193.2852325439453,239.51889038085938,655.6968994140625,159.7690887451172,130.9981231689453,40.82139587402344,81.04974365234375,96.24372863769531,32.842506408691406,30.946613311767578,220.4244842529297,46.33873748779297,137.9704132080078,156.6166534423828,127.12821197509766,135.47470092773438,102.04328918457031,791.341796875,146.57997131347656,41.61504364013672,98.48084259033203,396.23046875,86.3692398071289,563.5474243164062,690.0975952148438,111.39794921875,140.53671264648438,58.307884216308594,39.112693786621094,82.77011108398438,85.01065063476562,32.47719955444336,48.17207717895508,51.305641174316406,252.66661071777344,42.67893600463867,413.4334716796875,16.136335372924805,29.931638717651367,223.4060516357422,22.199722290039062,382.56390380859375,85.28414916992188,808.1837158203125,1150.781494140625
2008-02-04,260.2496643066406,382.3300476074219,67.17610931396484,177.8571014404297,181.5692596435547,193.96202087402344,242.8925323486328,671.570068359375,167.7017364501953,134.73193359375,43.089508056640625,81.5611801147461,101.7684555053711,34.535099029541016,31.613431930541992,219.77337646484375,47.87250900268555,138.94149780273438,160.0553436279297,129.91201782226562,140.95631408691406,106.89653778076172,784.0028076171875,150.35205078125,41.544044494628906,100.67350006103516,398.8896179199219,90.14971923828125,572.0089721679688,749.9805908203125,116.06172180175781,141.5723876953125,59.52190399169922,42.18450164794922,90.52841186523438,89.5514907836914,32.220855712890625,48.31819534301758,54.84365463256836,255.96531677246094,44.62872314453125,436.1955871582031,16.31651496887207,30.264102935791016,222.40748596191406,23.174713134765625,386.7379455566406,94.93919372558594,822.6983642578125,1186.9810791015625
2008-02-05,262.8509521484375,387.30072021484375,65.65015411376953,174.78338623046875,177.9597625732422,188.75210571289062,238.41073608398438,679.3743896484375,164.16078186035156,132.2057342529297,42.26853942871094,83.28150939941406,105.7044906616211,35.60655212402344,31.130815505981445,222.7194366455078,48.761749267578125,141.6216583251953,161.61837768554688,127.21255493164062,137.1908721923828,110.16368865966797,762.3790893554688,147.3555450439453,41.7773323059082,102.38642120361328,390.9054870605469,89.3499984741211,573.090087890625,754.9849853515625,115.09921264648438,138.69915771484375,59.664703369140625,41.390071868896484,97.84339904785156,91.71025848388672,33.11801528930664,48.14198303222656,54.367218017578125,253.12078857421875,44.45220184326172,413.376708984375,16.296497344970703,30.748571395874023,221.27279663085938,23.774703979492188,389.80694580078125,96.6864242553711,822.46875,1178.2027587890625
2008-02-06,256.3626708984375,372.49224853515625,65.12271118164062,169.02474975585938,174.28236389160156,193.19613647460938,227.66175842285156,666.4697875976562,155.7469024658203,124.04405212402344,39.42063903808594,79.67813873291016,102.81175231933594,35.295982360839844,32.184471130371094,216.61912536621094,47.67558670043945,133.8919219970703,153.76841735839844,124.167236328125,134.05136108398438,108.33802795410156,727.1258544921875,143.93603515625,40.570350646972656,101.65831756591797,379.6975402832031,87.27801513671875,570.257080078125,737.7666625976562,112.8456039428711,132.83584594726562,57.67231750488281,40.60226058959961,95.7597427368164,90.07257080078125,32.75914764404297,48.747947692871094,54.23487854003906,241.59901428222656,42.52646255493164,407.2179870605469,16.31651496887207,30.710569381713867,218.41326904296875,23.984704971313477,380.4591369628906,93.52165222167969,794.5419311523438,1174.6280517578125
2008-02-07,243.6024169921875,358.09783935546875,64.76238250732422,162.2831268310547,172.11427307128906,184.2991485595703,222.4534454345703,640.2553100585938,151.09739685058594,121.7767105102539,38.06625747680664,76.40790557861328,97.85607147216797,33.63445281982422,31.285545349121094,215.6637420654297,46.061214447021484,126.04561614990234,146.30059814453125,120.64946746826172,133.05194091796875,107.76371002197266,698.949462890625,141.01010131835938,38.96782302856445,96.00196838378906,370.4659729003906,85.67857360839844,576.0349731445312,718.0032958984375,111.34710693359375,131.66647338867188,56.201236724853516,40.84058380126953,90.97174072265625,88.21157836914062,31.46895980834961,48.14629364013672,52.858489990234375,226.87408447265625,39.18854522705078,401.172607421875,16.116313934326172,29.960128784179688,217.3012237548828,22.679716110229492,372.6399841308594,93.27850341796875,785.4470825195312,1176.12109375
2008-02-08,243.69778442382812,365.74029541015625,62.598289489746094,157.55886840820312,175.05296325683594,175.20619201660156,211.3843536376953,621.5809326171875,154.42337036132812,127.52729797363281,39.15625762939453,77.20609283447266,96.40971374511719,32.764869689941406,31.337127685546875,215.5943603515625,44.840763092041016,124.37532043457031,139.59689331054688,119.94928741455078,130.42724609375,101.43853759765625,703.9732666015625,148.94186401367188,40.16465759277344,99.32254791259766,367.84619140625,84.87887573242188,581.477294921875,692.811767578125,109.91903686523438,128.6429443359375,55.04435729980469,39.00676727294922,88.35609436035156,85.8294906616211,31.229721069335938,47.11486053466797,52.09971237182617,211.81443786621094,41.298824310302734,401.39984130859375,15.816008567810059,28.839244842529297,216.43882751464844,22.40972328186035,367.4075622558594,91.04090118408203,784.3907470703125,1095.3963623046875
2008-02-11,228.69265747070312,351.34600830078125,61.243812561035156,151.682861328125,163.7852783203125,165.78370666503906,196.36285400390625,584.4437866210938,155.7469024658203,127.98734283447266,39.207279205322266,72.98271942138672,89.88912200927734,30.451141357421875,28.411935806274414,203.38829040527344,43.36963653564453,118.31584167480469,128.41249084472656,118.24525451660156,120.92782592773438,89.8265380859375,710.6132202148438,136.85031127929688,37.60872268676758,96.93627166748047,359.0281677246094,83.71564483642578,550.1649780273438,673.1334228515625,110.90496063232422,125.90338134765625,52.09503936767578,38.28515625,82.72577667236328,79.87427520751953,29.6270751953125,47.08906555175781,49.67339324951172,230.2684783935547,41.1142692565918,390.444580078125,14.975159645080566,28.050819396972656,211.6275634765625,20.699735641479492,350.44061279296875,90.0271987915039,739.6063232421875,1111.00732421875
2008-02-12,233.49853515625,355.7367858886719,61.1092414855957,156.5832061767578,163.8690948486328,176.44412231445312,201.46031188964844,575.6087646484375,148.62222290039062,126.94403076171875,39.2536506652832,72.63015747070312,87.73139953613281,29.907642364501953,28.76929473876953,200.5542449951172,42.39088439941406,117.42245483398438,130.18389892578125,117.07266998291016,116.95043182373047,90.0243148803711,705.6767578125,136.74456787109375,37.63914108276367,96.93205261230469,354.6094055175781,82.18892669677734,535.664306640625,672.7518310546875,106.6246566772461,123.84870147705078,51.80225372314453,38.457279205322266,79.44510650634766,76.18949890136719,28.301658630371094,47.21800231933594,48.0058479309082,214.3243865966797,39.94279861450195,383.51953125,14.694873809814453,26.587961196899414,212.62612915039062,20.459741592407227,348.6651306152344,92.85408782958984,741.9029541015625,1105.848876953125
2008-02-13,239.99169921875,355.7367858886719,63.750877380371094,161.65225219726562,169.08370971679688,172.24050903320312,207.8260040283203,577.3970336914062,149.361328125,126.956298828125,38.03379821777344,73.16483306884766,89.05925750732422,29.472841262817383,29.384544372558594,211.8430633544922,45.24360656738281,116.1794662475586,138.13804626464844,120.5988540649414,116.88987731933594,92.31780242919922,714.0206298828125,135.7222137451172,39.809669494628906,96.60379791259766,359.33026123046875,84.69710540771484,551.24609375,691.072998046875,106.23339080810547,122.21160125732422,54.33738327026367,38.34474182128906,79.1347885131836,79.16709899902344,26.109933853149414,48.41275405883789,47.20296096801758,224.53147888183594,40.544586181640625,411.21978759765625,14.995182037353516,26.682952880859375,211.67294311523438,20.114749908447266,345.61968994140625,91.30464172363281,746.5423583984375,1066.4820556640625
2008-02-14,252.77220153808594,363.317138671875,66.70073699951172,170.4625701904297,176.23484802246094,176.90724182128906,214.25323486328125,616.8421020507812,150.1949920654297,127.06722259521484,38.62286376953125,79.43789672851562,95.2952651977539,32.05055618286133,30.2797794342041,239.05943298339844,46.45510482788086,127.1332015991211,148.76673889160156,123.69482421875,120.66537475585938,97.22809600830078,724.4610595703125,143.19569396972656,40.41822052001953,97.10460662841797,373.9852294921875,85.39376068115234,561.5343017578125,734.5432739257812,108.03318786621094,123.61482238769531,57.00105285644531,39.14578628540039,92.47906494140625,83.59628295898438,31.9487361907959,49.05308532714844,49.24989318847656,240.4515838623047,42.221561431884766,414.4553527832031,15.896090507507324,28.145809173583984,215.2360076904297,22.184720993041992,365.51446533203125,93.93370056152344,796.103515625,1104.9893798828125
2008-02-15,260.5258483886719,364.76690673828125,67.82078552246094,174.72471618652344,183.32211303710938,183.35513305664062,221.8255157470703,623.3250732421875,150.0059051513672,128.599365234375,39.01710510253906,80.0113296508789,96.81278991699219,32.96672439575195,31.543437957763672,242.72238159179688,48.8274040222168,138.51422119140625,153.3863983154297,126.84981536865234,125.38986206054688,98.49464416503906,709.8268432617188,148.87142944335938,41.14849090576172,97.10039520263672,371.00433349609375,85.02709197998047,565.821044921875,747.6057739257812,108.81566619873047,126.28759002685547,58.843482971191406,40.33745193481445,92.92239379882812,89.92369842529297,31.9487361907959,49.392601013183594,50.961544036865234,243.1288299560547,44.04298400878906,414.0010986328125,16.016210556030273,28.35478401184082,217.23313903808594,22.619720458984375,367.7015380859375,97.89380645751953,828.3023071289062,1124.1746826171875
2008-02-18,256.4833068847656,364.4148254394531,67.58634948730469,177.49765014648438,179.96812438964844,187.18463134765625,226.8614501953125,618.154541015625,146.654052734375,127.75730895996094,38.50225830078125,79.13566589355469,97.07360076904297,32.780399322509766,31.967117309570312,236.78570556640625,49.0094108581543,143.058837890625,154.9494171142578,123.61891174316406,130.1445770263672,100.92887878417969,704.3662719726562,153.0664520263672,42.55830764770508,96.82687377929688,366.5593566894531,84.66043853759766,564.1063842773438,730.0479125976562,108.7374267578125,128.9269256591797,61.035823822021484,40.476470947265625,88.6220932006836,88.50933837890625,32.546478271484375,49.818077087402344,51.32328796386719,237.55918884277344,44.29172134399414,407.84234619140625,15.495688438415527,28.668264389038086,214.7140350341797,22.859710693359375,376.26153564453125,94.4117431640625,818.564697265625,1129.9666748046875
2008-02-19,256.56866455078125,368.1221008300781,68.23970794677734,179.02346801757812,180.85853576660156,184.9136505126953,225.2115478515625,626.143798828125,150.47857666015625,127.86821746826172,38.25179672241211,78.37234497070312,97.12103271484375,32.42324447631836,31.10134506225586,239.12924194335938,48.51707077026367,139.29103088378906,160.12481689453125,124.7914810180664,132.9611053466797,98.69623565673828,707.1620483398438,156.13340759277344,41.66576385498047,93.5652084350586,375.6595458984375,85.06376647949219,588.8955078125,716.9008178710938,111.92616271972656,128.70974731445312,58.07222366333008,40.51619338989258,88.71074676513672,87.28107452392578,33.62933349609375,50.84090805053711,53.317283630371094,238.94564819335938,45.43914031982422,414.0862731933594,15.635828018188477,28.877241134643555,217.66433715820312,22.514720916748047,380.3533630371094,96.20015716552734,826.832275390625,1129.197265625
2008-02-20,249.48291015625,359.21630859375,66.73330688476562,171.4088897705078,176.49839782714844,179.2049560546875,213.8715057373047,610.0153198242188,152.3091583251953,128.88685607910156,38.12656021118164,77.7834243774414,93.80150604248047,31.615760803222656,30.574512481689453,227.6473388671875,46.100013732910156,137.5819549560547,155.1578369140625,119.83964538574219,128.26686096191406,102.10033416748047,672.4767456054688,150.98655700683594,40.965919494628906,91.51982116699219,372.83624267578125,85.10044860839844,572.195556640625,691.327392578125,110.78760528564453,125.23521423339844,57.48664093017578,38.04021072387695,83.52377319335938,85.53172302246094,33.46474075317383,49.530113220214844,52.57615661621094,232.53933715820312,42.94371032714844,407.7572326660156,15.255440711975098,28.573261260986328,217.8912811279297,22.199722290039062,371.2054443359375,91.51892852783203,809.1942749023438,1119.9217529296875
2008-02-21,250.71826171875,359.941162109375,66.89175415039062,167.44757080078125,174.0028839111328,178.2431182861328,205.60972595214844,608.0952758789062,157.21652221679688,133.70504760742188,40.04680633544922,77.61290740966797,95.03446197509766,31.833162307739258,29.58349609375,224.6977996826172,48.090354919433594,146.63241577148438,164.57080078125,119.46002960205078,128.89280700683594,102.51493072509766,666.7540893554688,155.25209045410156,40.84421157836914,88.70428466796875,369.08062744140625,87.92367553710938,582.1854858398438,708.715576171875,109.57080841064453,125.66951751708984,53.987464904785156,36.43809127807617,83.25776672363281,84.41513061523438,33.43874740600586,48.876888275146484,52.81436538696289,235.95761108398438,45.86439514160156,412.89434814453125,15.95615291595459,28.47827911376953,219.95652770996094,22.4697208404541,367.3370361328125,94.73727416992188,817.7835083007812,1118.066650390625
2008-02-22,244.50634765625,352.5472717285156,64.0026626586914,161.35879516601562,168.8002471923828,172.9530029296875,200.7954559326172,604.0165405273438,154.7928924560547,129.85214233398438,39.59225082397461,77.38822174072266,93.7303466796875,31.429424285888672,28.684568405151367,220.80972290039062,48.02469253540039,149.19602966308594,165.7864532470703,117.43540954589844,127.01513671875,103.36308288574219,669.5499877929688,152.50241088867188,40.600791931152344,92.26897430419922,366.1916198730469,86.56706237792969,577.1531982421875,705.61962890625,109.06217193603516,125.97021484375,53.880348205566406,36.497676849365234,83.70109558105469,83.96847534179688,32.05268859863281,48.429935455322266,52.99965286254883,231.72659301757812,43.4251594543457,409.0343322753906,15.816008567810059,28.630260467529297,219.6841583251953,22.034717559814453,368.8067932128906,91.8980484008789,819.4832763671875,1119.061767578125
2008-02-25,256.25732421875,352.1744384765625,61.721351623535156,162.4298553466797,169.76649475097656,170.42372131347656,204.89556884765625,613.8029174804688,154.8273162841797,132.68637084960938,40.76110076904297,78.54670715332031,96.43341827392578,31.69340705871582,29.970319747924805,224.0112762451172,48.290283203125,152.73074340820312,166.2727813720703,119.08885192871094,126.75265502929688,102.7203140258789,699.4298706054688,152.07940673828125,40.94562911987305,95.53062438964844,380.73504638671875,89.97694396972656,610.18017578125,707.8672485351562,109.07388305664062,129.77890014648438,53.50186538696289,35.96142578125,83.3907699584961,85.68060302734375,33.15286636352539,48.90696716308594,53.54669189453125,234.0452880859375,45.19841003417969,420.84112548828125,16.5167179107666,29.247703552246094,218.84446716308594,22.019723892211914,375.7911071777344,91.81151580810547,828.3023071289062,1116.8443603515625
2008-02-26,258.7882995605469,347.6593933105469,63.16047668457031,164.007080078125,169.65472412109375,171.13616943359375,207.50584411621094,621.1581420898438,154.42337036132812,136.60498046875,41.303775787353516,79.7091064453125,96.6705322265625,31.8176212310791,30.556100845336914,233.98626708984375,48.317138671875,154.01255798339844,171.3092803955078,118.80203247070312,127.61072540283203,103.45439910888672,710.5696411132812,155.00534057617188,40.86448669433594,95.19391632080078,399.2179870605469,90.19691467285156,619.7232055664062,707.6552124023438,109.22648620605469,126.70520782470703,53.630409240722656,36.001155853271484,85.38575744628906,86.79720306396484,33.08356857299805,48.696388244628906,54.949527740478516,240.66671752929688,47.32473373413086,416.75421142578125,17.01722526550293,29.380687713623047,218.4813232421875,22.394718170166016,379.00115966796875,90.13021850585938,837.810302734375,1122.9532470703125
2008-02-27,259.9735107421875,348.6742248535156,63.04759216308594,163.875,166.73193359375,176.84487915039062,208.74940490722656,641.5325317382812,150.83953857421875,132.99441528320312,40.87705993652344,80.53053283691406,96.12516784667969,33.681034088134766,31.016611099243164,242.7759246826172,48.47529220581055,152.2257843017578,169.4683380126953,119.42628479003906,133.33457946777344,104.72474670410156,727.6937866210938,155.28732299804688,41.04705810546875,100.87554168701172,379.7041015625,90.01359558105469,609.583740234375,700.912109375,108.64350891113281,127.39006042480469,52.852012634277344,35.50463104248047,88.6220932006836,88.02547454833984,33.144195556640625,48.1591796875,57.21704864501953,232.85009765625,46.33781433105469,410.34002685546875,17.057266235351562,29.247703552246094,220.29690551757812,22.64971923828125,393.24029541015625,87.70716857910156,839.693359375,1158.51904296875
2008-02-28,254.4293975830078,350.4967956542969,63.92671585083008,162.24649047851562,162.83497619628906,179.81944274902344,203.09793090820312,641.5413208007812,151.41534423828125,131.38841247558594,41.50322341918945,80.7087631225586,96.52825927734375,34.62826919555664,31.502914428710938,250.04257202148438,49.19443130493164,158.71255493164062,175.85943603515625,119.75528717041016,137.51390075683594,105.99507904052734,731.4069213867188,155.78094482421875,41.02677917480469,95.64424133300781,386.65740966796875,88.8769760131836,602.8741455078125,680.30078125,110.0129165649414,125.26861572265625,51.26666259765625,35.577457427978516,87.64674377441406,86.57389831542969,31.316341400146484,48.02165603637695,58.099334716796875,251.11280822753906,46.698883056640625,424.6726379394531,17.297510147094727,29.589675903320312,221.90823364257812,22.28972625732422,402.6468200683594,88.86925506591797,818.564697265625,1131.4146728515625
2008-02-29,247.41893005371094,342.25372314453125,63.240787506103516,159.70089721679688,168.62852478027344,182.13499450683594,197.52023315429688,620.3477783203125,150.81375122070312,127.18632507324219,40.5431022644043,78.82180786132812,95.793212890625,34.13135528564453,31.19713592529297,245.28042602539062,47.84864044189453,157.39193725585938,176.76254272460938,118.16091918945312,139.66416931152344,106.48956298828125,758.534912109375,160.39898681640625,41.128204345703125,93.8514175415039,378.37127685546875,88.69363403320312,593.4058227539062,661.8524169921875,107.87276458740234,124.45011138916016,52.23786926269531,36.84854507446289,88.71074676513672,88.17436218261719,32.477169036865234,47.95289993286133,58.11698913574219,244.84996032714844,44.5565185546875,432.3356018066406,17.537752151489258,29.827159881591797,225.33514404296875,22.184720993041992,384.2805480957031,87.32807159423828,830.92041015625,1103.1793212890625
2008-03-03,231.6053009033203,328.1700439453125,60.33868408203125,150.3257293701172,153.499755859375,167.33334350585938,179.3590545654297,588.8834838867188,145.8633575439453,120.58958435058594,39.09596252441406,75.89258575439453,89.6283187866211,32.70273971557617,29.73821449279785,225.49684143066406,46.126869201660156,147.719970703125,160.2985076904297,117.27513885498047,138.8666229248047,99.354248046875,762.4228515625,163.46592712402344,39.05911636352539,97.66015625,365.0425109863281,87.33702850341797,588.0380859375,604.7683715820312,106.4642333984375,129.7621612548828,48.524444580078125,33.789974212646484,82.4154281616211,81.69806671142578,30.268129348754883,45.61498260498047,56.66118621826172,235.16876220703125,43.91461181640625,439.8568115234375,17.057266235351562,29.808155059814453,218.0274658203125,21.029735565185547,355.990478515625,83.67292022705078,797.6192626953125,1104.8531494140625
2008-03-04,225.29794311523438,317.66949462890625,58.6825065612793,142.47640991210938,149.78643798828125,162.24807739257812,168.91787719726562,567.5665893554688,147.61666870117188,116.5765380859375,38.92434310913086,73.90101623535156,90.4344711303711,31.864221572875977,29.432437896728516,225.02491760253906,46.42825698852539,155.60513305664062,159.2217254638672,118.4730453491211,140.7544403076172,93.93429565429688,790.29345703125,161.4565887451172,37.507293701171875,98.1357192993164,368.7260437011719,87.92367553710938,556.6883544921875,573.7666015625,106.33905029296875,135.75918579101562,47.69607162475586,31.744306564331055,77.3614501953125,76.67335510253906,29.029342651367188,45.26688003540039,56.30827713012695,227.18478393554688,42.895565032958984,438.52276611328125,17.097305297851562,29.181215286254883,220.38766479492188,20.774747848510742,351.00494384765625,83.07127380371094,814.4763793945312,1104.2196044921875
2008-03-05,230.27459716796875,311.1039123535156,57.857666015625,140.869873046875,147.64230346679688,159.70098876953125,167.07095336914062,563.946044921875,150.45278930664062,121.48504638671875,40.529197692871094,76.82250213623047,92.49737548828125,32.454288482666016,29.771373748779297,223.11578369140625,47.69646072387695,161.47042846679688,161.75733947753906,118.83576965332031,140.461669921875,91.14253997802734,821.4403686523438,159.1298828125,39.46481704711914,95.61898803710938,376.9727783203125,88.7669677734375,552.6251831054688,577.7954711914062,107.53235626220703,134.9739990234375,44.21116256713867,31.161714553833008,78.73577117919922,76.04060363769531,27.894498825073242,45.59779739379883,57.32290267944336,234.73849487304688,44.7089729309082,439.06207275390625,16.89710807800293,28.65876007080078,220.18344116210938,20.66974639892578,341.90411376953125,81.14275360107422,804.325439453125,1082.4549560546875
2008-03-07,225.8051300048828,311.1247253417969,55.66535186767578,131.07652282714844,146.91561889648438,149.77088928222656,154.61053466796875,526.0338134765625,145.4423065185547,117.52128601074219,38.664608001708984,73.9901351928711,87.70771789550781,30.792760848999023,29.038236618041992,217.05577087402344,46.16566848754883,152.65304565429688,161.40997314453125,113.34403991699219,134.71759033203125,86.7723617553711,810.6502685546875,159.20040893554688,38.6939811706543,94.60472869873047,364.49761962890625,86.89703369140625,547.8538818359375,557.7779541015625,107.07849884033203,127.47357177734375,42.71151351928711,30.175291061401367,75.45512390136719,70.01095581054688,27.599964141845703,43.130958557128906,56.608253479003906,219.10519409179688,43.87447738647461,435.173828125,15.93613052368164,27.024917602539062,219.25291442871094,19.724756240844727,322.3855285644531,77.48759460449219,777.3170166015625,1020.689697265625
2008-03-10,228.44662475585938,333.5343017578125,56.93516159057617,127.91477966308594,150.56106567382812,143.68812561035156,149.3899688720703,480.63409423828125,143.2937774658203,117.56644439697266,37.33805465698242,75.20675659179688,87.99221801757812,30.683513641357422,28.93508529663086,205.3057403564453,48.490203857421875,153.15798950195312,164.74447631835938,113.85017395019531,135.3535919189453,83.9806137084961,781.9932861328125,157.79026794433594,38.744693756103516,97.61387634277344,361.5035705566406,88.69363403320312,572.2327880859375,575.6749877929688,107.56758117675781,131.9505157470703,42.033103942871094,31.704580307006836,77.45011138916016,71.57421875,28.258344650268555,40.73288345336914,56.952354431152344,224.8660888671875,43.66585159301758,429.78131103515625,16.256454467773438,26.644960403442383,219.52528381347656,19.604753494262695,309.1693115234375,76.36674499511719,781.5889282226562,1004.0379638671875
2008-03-11,235.81356811523438,326.4717102050781,57.877193450927734,125.68470764160156,151.28378295898438,148.93370056152344,165.83969116210938,513.8867797851562,141.54904174804688,117.17623138427734,36.47533416748047,77.05110168457031,91.57262420654297,33.211856842041016,31.020294189453125,214.1276397705078,48.887081146240234,157.8191680908203,162.10467529296875,110.22277069091797,136.45391845703125,90.4312744140625,757.1806030273438,158.46009826660156,38.998260498046875,98.03893280029297,366.3229675292969,91.92020416259766,606.3035888671875,636.15185546875,111.21015167236328,136.6946563720703,43.44705581665039,31.995874404907227,79.75543975830078,75.74285888671875,30.25080108642578,41.55802536010742,56.93471145629883,232.46762084960938,42.574607849121094,417.5489501953125,16.4166202545166,27.433372497558594,219.0714111328125,20.819738388061523,327.6531982421875,75.57140350341797,829.1290283203125,1019.8750610351562
2008-03-12,238.49525451660156,338.8363952636719,59.4986457824707,129.154541015625,144.35223388671875,153.8943328857422,170.76475524902344,518.4054565429688,141.55767822265625,113.79161071777344,36.17386245727539,78.55056762695312,92.30767822265625,32.36907196044922,30.681360244750977,216.12258911132812,45.88218307495117,149.00180053710938,151.61495971679688,108.83928680419922,137.8672332763672,90.53778839111328,749.0990600585938,156.69747924804688,38.64325714111328,97.36137390136719,379.53350830078125,90.78356170654297,601.8677368164062,605.107666015625,108.2640151977539,131.86697387695312,41.4189567565918,31.32722282409668,77.00679016113281,72.87691497802734,29.1246280670166,40.780155181884766,58.42578887939453,245.08897399902344,43.89051818847656,416.01617431640625,15.976171493530273,27.37638282775879,221.86282348632812,20.789743423461914,322.503173828125,77.41342163085938,820.5855102539062,1022.7714233398438
2008-03-13,225.2828826904297,323.3651123046875,56.39901351928711,122.88240051269531,135.43226623535156,143.67034912109375,153.6624755859375,494.78961181640625,134.0203857421875,109.89351654052734,33.93820571899414,76.44667053222656,88.39530181884766,27.921062469482422,30.18398666381836,202.02906799316406,41.59415054321289,135.0960235595703,135.2898406982422,104.83226776123047,133.46580505371094,88.9061050415039,734.2026977539062,156.48594665527344,37.64928436279297,95.38330841064453,366.5527038574219,88.54698181152344,580.8436889648438,514.2228393554688,108.74131774902344,128.69309997558594,39.119483947753906,29.870765686035156,74.08080291748047,72.05805969238281,26.560428619384766,40.591060638427734,53.44080352783203,239.8061981201172,40.78529739379883,418.4571228027344,15.195379257202148,26.445472717285156,217.8685760498047,20.504743576049805,303.9017028808594,73.7665023803711,774.4692993164062,1009.3320922851562
2008-03-14,233.27255249023438,311.8703308105469,57.10663986206055,128.6630401611328,136.78187561035156,153.2442169189453,163.03240966796875,512.1953125,138.17147827148438,112.5634536743164,34.25825119018555,77.67105102539062,92.47364807128906,29.840734481811523,31.068187713623047,201.70729064941406,42.6773567199707,141.34971618652344,140.395751953125,107.58236694335938,131.07333374023438,88.28996276855469,727.51904296875,159.51766967773438,38.88668441772461,96.02301025390625,374.44488525390625,87.9603271484375,595.6051635742188,554.3850708007812,107.03936767578125,134.1053924560547,41.03333282470703,29.440448760986328,73.41580200195312,72.54191589355469,26.031980514526367,40.737186431884766,52.3555793762207,240.81016540527344,42.59869384765625,406.5936279296875,15.675869941711426,26.23649024963379,220.66001892089844,21.074737548828125,313.87261962890625,76.9477767944336,780.3486938476562,987.7028198242188
2008-03-17,218.970458984375,307.60382080078125,53.22340774536133,111.4972152709961,130.66883850097656,141.39041137695312,147.28448486328125,477.0666198730469,136.10874938964844,109.90174865722656,32.848201751708984,76.2955551147461,89.05925750732422,28.670196533203125,29.929792404174805,192.54754638671875,39.32331848144531,127.59933471679688,131.1564483642578,102.81608581542969,129.01394653320312,85.84050750732422,704.6721801757812,159.19615173339844,37.67972183227539,93.07280731201172,347.9778747558594,86.56706237792969,574.3575439453125,515.5797729492188,100.99058532714844,129.4614715576172,39.6193733215332,28.493743896484375,66.98748779296875,67.77775573730469,24.429346084594727,35.008453369140625,48.74697494506836,233.35211181640625,38.554656982421875,389.5646667480469,14.955137252807617,25.571557998657227,220.3423309326172,19.694753646850586,293.7896728515625,73.41211700439453,755.1315307617188,926.1184692382812
2008-03-18,216.03775024414062,314.2106628417969,53.43830490112305,112.70762634277344,127.17511749267578,139.38656616210938,138.973388671875,487.1700744628906,140.5520477294922,107.9958267211914,33.330589294433594,76.33429718017578,90.14994812011719,28.919919967651367,30.169265747070312,195.87789916992188,38.138668060302734,125.26874542236328,131.7469482421875,104.5116958618164,128.82211303710938,80.93022918701172,710.6132202148438,165.44822692871094,37.13201904296875,95.43801879882812,345.2530822753906,87.33702850341797,566.343017578125,539.2022705078125,101.71049499511719,130.4971923828125,39.68363952636719,26.719505310058594,63.440826416015625,66.47505950927734,25.200336456298828,36.35361099243164,48.376407623291016,245.0651092529297,40.07115936279297,388.8551940917969,14.754936218261719,25.10610008239746,218.1636199951172,20.039751052856445,308.2757873535156,73.3956298828125,735.8858642578125,914.1727905273438
2008-03-19,216.8512725830078,322.163818359375,55.24641418457031,112.70762634277344,128.17330932617188,134.1855010986328,134.52847290039062,500.5063781738281,139.47779846191406,110.38641357421875,35.1024169921875,77.05110168457031,90.95611572265625,29.091588973999023,30.718198776245117,198.62364196777344,38.06705856323242,120.14144134521484,137.5823211669922,109.7756576538086,133.4961395263672,79.69029998779297,718.5637817382812,161.1968231201172,37.99414825439453,98.9058837890625,340.6241149902344,89.463623046875,579.4644775390625,531.6956176757812,100.05550384521484,135.54200744628906,38.79813766479492,27.527175903320312,61.6674690246582,63.348567962646484,26.083961486816406,36.62436294555664,47.37058639526367,244.9216766357422,40.90565872192383,369.1584167480469,14.414590835571289,24.688142776489258,227.26414489746094,19.19976043701172,307.0528869628906,74.05084228515625,717.604736328125,888.4710693359375
2008-03-24,220.98416137695312,331.5460205078125,58.2548828125,117.69596862792969,131.29971313476562,129.1269989013672,135.93214416503906,517.4277954101562,141.5834503173828,111.76249694824219,36.98554992675781,77.39984893798828,90.74273681640625,29.372507095336914,30.743980407714844,200.88137817382812,35.27700424194336,119.63648986816406,129.5934295654297,111.89306640625,134.82861328125,83.25035858154297,707.8610229492188,167.80612182617188,38.77511978149414,98.29147338867188,343.874267578125,91.26022338867188,599.8919067382812,507.0978088378906,97.24235534667969,131.5996551513672,39.105201721191406,27.818464279174805,65.12547302246094,63.125247955322266,25.96267318725586,35.32646560668945,45.95890808105469,249.2005157470703,43.97878646850586,367.6541748046875,12.692849159240723,24.156192779541016,231.34921264648438,18.584768295288086,305.1245422363281,65.013916015625,710.5770263671875,887.385009765625
2008-03-25,232.38873291015625,345.2982482910156,61.38491439819336,128.9418182373047,138.87010192871094,140.8827667236328,154.4381561279297,538.5333251953125,150.65907287597656,122.5940933227539,40.44569778442383,83.23114776611328,94.77364349365234,30.480623245239258,31.922903060913086,215.7686767578125,37.947689056396484,126.66707611083984,138.90220642089844,114.74440002441406,137.27166748046875,88.80341339111328,737.260498046875,175.0942840576172,38.856258392333984,97.44974517822266,352.90887451171875,91.26022338867188,609.3976440429688,573.7666015625,98.29875946044922,132.80239868164062,42.640098571777344,30.320932388305664,70.93311309814453,66.54949188232422,27.52199935913086,37.092796325683594,48.57050704956055,265.12060546875,45.711952209472656,385.2507629394531,14.574752807617188,25.277088165283203,232.8243865966797,19.634754180908203,317.6352233886719,70.04541778564453,714.0219116210938,923.2680053710938
2008-03-26,230.94747924804688,332.91290283203125,62.47890853881836,123.82141876220703,136.8497314453125,147.6245574951172,167.55116271972656,538.3394775390625,150.97705078125,123.1855697631836,39.76850891113281,82.31285858154297,93.25611114501953,30.2933349609375,31.403440475463867,209.5048370361328,39.25170135498047,125.73482513427734,139.66635131835938,114.51661682128906,137.2010040283203,88.47631072998047,738.7896118164062,167.98477172851562,39.6169548034668,97.39502716064453,353.3619384765625,89.866943359375,609.4346923828125,559.7713012695312,102.70821380615234,130.79783630371094,41.783145904541016,29.81779670715332,76.16445922851562,66.3634033203125,28.284332275390625,38.56259536743164,48.367591857910156,269.0648498535156,44.35591506958008,385.7615966796875,14.334511756896973,24.99210548400879,231.41729736328125,19.634754180908203,320.0103454589844,69.06880950927734,714.6650390625,912.905517578125
2008-03-27,228.06997680664062,342.564453125,62.21842956542969,122.44227600097656,131.4913787841797,141.14993286132812,167.6865997314453,521.4620361328125,146.53372192382812,118.44136810302734,39.83808135986328,82.99869537353516,93.51695251464844,30.839570999145508,31.04975700378418,212.524169921875,39.09056091308594,134.51339721679688,138.20748901367188,110.56864166259766,137.9278106689453,88.96316528320312,732.41162109375,174.8441925048828,40.59063720703125,98.03470611572266,354.2417297363281,90.0869140625,613.684326171875,572.6214599609375,101.41317749023438,129.71202087402344,41.51892852783203,29.116043090820312,72.1744613647461,63.72077178955078,28.708816528320312,39.14276123046875,48.15583801269531,257.2322692871094,42.261680603027344,389.4227294921875,13.553718566894531,25.277088165283203,232.4385223388672,19.379756927490234,314.8837890625,66.851806640625,706.2134399414062,901.9552612304688
2008-03-28,236.2705841064453,342.9992980957031,61.081031799316406,122.5816421508789,133.98289489746094,143.77720642089844,165.8520050048828,555.0759887695312,149.72230529785156,124.96823120117188,42.069095611572266,81.30157470703125,96.90766143798828,30.90201187133789,32.53446578979492,224.5904998779297,42.73703384399414,136.22247314453125,137.1307373046875,108.99957275390625,139.81558227539062,92.50799560546875,731.9747314453125,173.057861328125,41.88890075683594,99.2341537475586,355.16754150390625,90.71023559570312,625.1654663085938,590.3488159179688,102.9742431640625,129.4614715576172,43.23995590209961,30.04950523376465,72.75080871582031,66.32616424560547,28.500896453857422,39.5897216796875,51.129180908203125,266.00506591796875,43.54549026489258,397.51153564453125,14.434614181518555,26.891931533813477,232.4612579345703,21.029735565185547,311.1918029785156,67.37100982666016,720.9578247070312,912.2269287109375
2008-03-31,227.56781005859375,342.25372314453125,57.79254150390625,112.88369750976562,127.79000091552734,140.6868133544922,154.1303253173828,534.851318359375,139.30596923828125,118.28939056396484,40.08391571044922,75.98555755615234,93.232421875,30.683513641357422,31.348180770874023,221.093994140625,41.43898391723633,128.25967407226562,128.72506713867188,105.06002044677734,140.73422241210938,89.11528778076172,722.5389404296875,163.48329162597656,41.83816909790039,100.99757385253906,338.181640625,88.7669677734375,615.9207763671875,547.7265625,103.5650405883789,127.82441711425781,40.46916961669922,29.80455780029297,69.73612976074219,66.32616424560547,28.093746185302734,40.169891357421875,49.50575256347656,245.23248291015625,40.640865325927734,394.2477111816406,13.97414493560791,26.74944305419922,230.96337890625,21.14974021911621,289.90948486328125,67.52349090576172,720.728271484375,993.0421752929688
2008-04-01,235.54745483398438,332.6644287109375,56.85050582885742,111.1744613647461,129.62274169921875,128.53915405273438,158.1811981201172,510.45147705078125,143.07025146484375,116.9051513671875,37.97814178466797,78.12825775146484,92.5447769165039,30.745943069458008,31.08660316467285,202.95144653320312,40.0693244934082,130.43487548828125,121.2572021484375,105.98796081542969,131.31558227539062,89.4195785522461,712.7101440429688,170.34271240234375,42.72058868408203,100.85028839111328,341.8125,88.40032196044922,614.8399047851562,531.7805786132812,104.2654037475586,130.89808654785156,41.36896896362305,28.91744041442871,69.115478515625,65.39567565917969,27.539316177368164,40.87041091918945,51.08506774902344,255.70249938964844,39.52556610107422,399.6401672363281,14.214390754699707,26.663955688476562,234.5718231201172,21.674728393554688,287.15802001953125,68.27760314941406,705.3865966796875,978.924560546875
2008-04-02,235.37667846679688,340.9488525390625,57.651458740234375,115.10643005371094,132.2579803466797,132.62701416015625,158.96917724609375,505.5273132324219,146.3189697265625,121.81365203857422,38.520809173583984,78.47697448730469,91.90461730957031,31.245365142822266,32.000267028808594,198.80059814453125,38.72353744506836,129.230712890625,116.63752746582031,107.26180267333984,134.60658264160156,90.46553039550781,708.2543334960938,168.3063201904297,42.19317626953125,99.90753173828125,343.8873596191406,88.32698059082031,625.351806640625,525.5037841796875,103.14249420166016,131.38250732421875,42.28303909301758,30.493072509765625,68.40613555908203,66.47505950927734,27.340084075927734,40.94776916503906,51.03212356567383,254.60284423828125,39.637874603271484,420.24505615234375,13.97414493560791,26.739944458007812,235.93353271484375,21.524728775024414,287.1815490722656,64.84497833251953,738.6876220703125,947.1141967773438
2008-04-03,240.64956665039062,339.54058837890625,57.788204193115234,115.42920684814453,130.8884735107422,132.55572509765625,158.489013671875,501.30810546875,152.1888427734375,125.0750503540039,40.47815704345703,78.93806457519531,91.97575378417969,30.99565887451172,31.915531158447266,187.99444580078125,39.397926330566406,132.687744140625,117.5754165649414,106.15669250488281,130.25559997558594,88.47631072998047,687.5042724609375,173.77243041992188,42.203311920166016,99.57086944580078,336.5467224121094,89.1703109741211,616.4799194335938,529.0238037109375,100.93582916259766,136.09323120117188,40.419189453125,29.844276428222656,67.91847229003906,67.03336334228516,27.30542755126953,40.784454345703125,51.7203254699707,256.3956298828125,40.095245361328125,425.63751220703125,13.914083480834961,26.635448455810547,240.83554077148438,21.479724884033203,281.25543212890625,63.567527770996094,744.6589965820312,975.3949584960938
2008-04-04,233.12693786621094,324.71124267578125,56.16892623901367,112.172119140625,127.90583038330078,127.25669860839844,151.33534240722656,473.19970703125,150.040283203125,122.03135681152344,38.488346099853516,77.89579010009766,89.77056121826172,30.839570999145508,31.399757385253906,175.19338989257812,39.47251892089844,131.09519958496094,114.1714096069336,103.37286376953125,122.1897201538086,85.29281616210938,668.0210571289062,172.80784606933594,40.69207000732422,99.66766357421875,334.03857421875,87.3736801147461,619.4248657226562,514.0106201171875,101.11578369140625,137.12890625,38.42679977416992,28.738691329956055,66.23379516601562,64.20462036132812,27.565305709838867,39.864776611328125,52.93790054321289,248.6029052734375,39.30088806152344,431.2003173828125,13.153310775756836,26.80643081665039,236.909423828125,20.96973419189453,280.9496765136719,62.24061584472656,740.2952880859375,935.7564697265625
2008-04-07,241.53839111328125,339.1677551269531,56.583518981933594,119.0311050415039,133.63153076171875,133.79364013671875,154.9306640625,479.0131530761719,155.4031524658203,122.57357025146484,40.320457458496094,78.93416595458984,90.19737243652344,30.7147274017334,31.539752960205078,175.47225952148438,40.61539840698242,134.55223083496094,116.74174499511719,106.63753509521484,124.18854522705078,89.67060089111328,663.6962890625,180.9176788330078,42.66987609863281,99.61295318603516,342.4100341796875,86.56706237792969,620.7294311523438,523.8921508789062,101.36619567871094,143.27626037597656,40.3334846496582,30.01641082763672,68.6278076171875,65.58177185058594,27.539316177368164,39.830387115478516,55.03775405883789,259.0011901855469,39.24470901489258,425.75115966796875,13.41357707977295,26.996414184570312,238.33909606933594,21.869726181030273,275.6820983886719,62.627967834472656,735.518310546875,971.5939331054688
2008-04-08,239.2133026123047,343.1650390625,56.80708312988281,119.42723846435547,133.70339965820312,135.14735412597656,158.15660095214844,455.2564392089844,152.52406311035156,120.51154327392578,38.39558029174805,78.42274475097656,88.51386260986328,29.934370040893555,31.683433532714844,183.86512756347656,39.212913513183594,131.83323669433594,109.10023498535156,106.22418975830078,122.68437957763672,86.22465515136719,650.5908813476562,177.8094940185547,42.30473709106445,99.49932861328125,337.4396667480469,86.56706237792969,615.324462890625,522.7046508789062,101.98828887939453,142.8586883544922,40.019283294677734,29.142526626586914,70.04646301269531,66.73558807373047,27.366058349609375,41.26149368286133,54.64072799682617,229.21670532226562,38.29789352416992,419.7625732421875,13.073230743408203,27.699357986450195,242.51498413085938,22.22971534729004,272.03704833984375,60.82307434082031,729.6389770507812,989.1963500976562
2008-04-09,242.87925720214844,340.451904296875,59.90238571166992,122.7430191040039,135.24063110351562,142.08506774902344,165.03936767578125,464.52313232421875,150.61610412597656,121.57952117919922,38.12191390991211,78.57772064208984,88.94068908691406,30.012405395507812,31.7092227935791,190.4667510986328,40.513946533203125,134.3191680908203,109.23917388916016,106.5869140625,122.93677520751953,90.1156234741211,640.9802856445312,174.9156951904297,42.07146453857422,102.90406799316406,338.72650146484375,88.07032775878906,611.4476928710938,517.6155395507812,101.37793731689453,141.20486450195312,41.94026565551758,29.645671844482422,71.73112487792969,70.2342758178711,27.686595916748047,41.02942657470703,55.196571350097656,224.8422088623047,38.35407638549805,422.9982604980469,13.37353801727295,28.35478401184082,238.1575469970703,22.364715576171875,278.0572509765625,59.82170486450195,747.369140625,990.0556030273438
2008-04-10,247.94119262695312,330.8210754394531,57.588504791259766,117.5125961303711,132.70516967773438,138.5672149658203,159.4986572265625,473.5520935058594,154.62103271484375,119.33271026611328,37.77869415283203,77.73690795898438,88.20565032958984,30.605478286743164,31.38871192932129,189.66770935058594,40.86904525756836,135.05715942382812,111.6358413696289,105.16127014160156,123.77462768554688,91.21862030029297,644.6934814453125,171.62879943847656,41.91931915283203,102.27277374267578,337.3871765136719,89.42696380615234,614.3910522460938,509.430419921875,101.28795623779297,141.27171325683594,41.70459747314453,29.76483917236328,71.50946807861328,68.89435577392578,27.314085006713867,41.128265380859375,56.9964599609375,224.17291259765625,37.96891784667969,423.5090026855469,13.453618049621582,27.955827713012695,232.2115936279297,22.589719772338867,281.9844665527344,59.73927307128906,737.0801391601562,976.34521484375
2008-04-11,256.2673645019531,333.49285888671875,57.74045181274414,115.6199722290039,133.12843322753906,135.3611297607422,157.24542236328125,489.24017333984375,156.07354736328125,116.8106689453125,37.61635208129883,77.71366119384766,88.60871887207031,30.745943069458008,32.62287902832031,196.06556701660156,41.37334060668945,137.03814697265625,112.64310455322266,105.0178451538086,124.92549133300781,94.91178131103516,645.78564453125,168.27059936523438,41.39190673828125,100.99757385253906,334.8790283203125,86.27371978759766,615.0704345703125,507.2675476074219,100.99058532714844,140.4365234375,42.125938415527344,29.778074264526367,72.83946228027344,69.9737319946289,27.30542755126953,41.016536712646484,58.081687927246094,225.27249145507812,36.973968505859375,419.7342224121094,12.97313117980957,28.050819396972656,229.0343475341797,22.784713745117188,291.6732482910156,58.97282791137695,732.9461059570312,1007.1597900390625
2008-04-15,262.3186950683594,338.29791259765625,56.57917022705078,118.51024627685547,133.8191680908203,137.75677490234375,166.52923583984375,494.44610595703125,167.44384765625,124.08100128173828,39.32323455810547,79.5114974975586,90.7664794921875,31.214149475097656,32.9949836730957,196.62330627441406,41.30768966674805,134.9018096923828,111.04537963867188,105.20344543457031,125.87439727783203,96.89718627929688,660.7694091796875,175.70162963867188,42.17289352416992,101.03965759277344,335.2466735839844,84.99041748046875,614.0137939453125,523.0441284179688,101.03362274169922,142.35752868652344,41.8759880065918,29.778074264526367,73.77043914794922,71.87196350097656,28.292993545532227,41.35173797607422,57.9493408203125,228.35614013671875,39.31692886352539,420.01800537109375,13.914083480834961,28.411785125732422,233.64134216308594,23.2047119140625,299.4570617675781,61.48652267456055,725.1376953125,993.4042358398438
2008-04-16,265.40203857421875,334.5077209472656,56.796234130859375,119.7426986694336,132.96072387695312,139.95657348632812,175.01266479492188,493.8645935058594,167.0571746826172,131.4581756591797,41.49393844604492,78.85277557373047,88.8458480834961,30.792760848999023,33.53286361694336,190.99229431152344,41.248008728027344,137.11585998535156,112.57364654541016,103.51627349853516,125.32929992675781,96.29625701904297,660.594482421875,172.2004852294922,42.598880767822266,101.12383270263672,337.2821350097656,82.42385864257812,607.938232421875,529.6600341796875,102.1643295288086,142.3408203125,41.4189567565918,30.314319610595703,73.37145233154297,70.30872344970703,26.889610290527344,41.34744644165039,58.381675720214844,228.64300537109375,41.80434036254883,421.2952880859375,14.214390754699707,29.751163482666016,231.8711395263672,23.05470848083496,302.9375305175781,63.81062698364258,723.1165771484375,963.9923095703125
2008-04-17,265.1559143066406,341.0731506347656,60.82924270629883,122.7650375366211,134.41810607910156,146.84085083007812,177.29052734375,488.6235046386719,172.04185485839844,136.296875,42.60249328613281,78.83343505859375,89.81798553466797,31.97888946533203,32.85130310058594,191.46429443359375,42.83848190307617,145.0009765625,118.51321411132812,104.17425537109375,129.6600341796875,98.82935333251953,664.4387817382812,165.6982879638672,42.89301681518555,102.60100555419922,338.7397155761719,82.9371566772461,604.0514526367188,551.2044677734375,101.72615051269531,140.25270080566406,42.72579574584961,31.1683406829834,79.3121109008789,74.32849884033203,26.72500991821289,41.27008056640625,60.578590393066406,230.36410522460938,43.26466369628906,420.81268310546875,14.995182037353516,31.109535217285156,232.34774780273438,23.86471176147461,303.1962585449219,66.94656372070312,721.2333984375,980.0105590820312
2008-04-21,265.5124816894531,354.5354919433594,63.4144287109375,126.79975891113281,139.0298309326172,157.0203094482422,181.96932983398438,502.0744323730469,170.75267028808594,135.20428466796875,42.18968963623047,79.93383026123047,92.0942611694336,32.493934631347656,31.945016860961914,189.96803283691406,46.32679748535156,149.35137939453125,124.03594207763672,104.95036315917969,128.6101531982422,100.12635040283203,671.2536010742188,168.66358947753906,42.233741760253906,104.45281219482422,347.872802734375,83.30382537841797,604.6552124023438,554.5123291015625,101.79657745361328,141.0545196533203,44.268287658691406,31.923049926757812,83.47942352294922,74.99845123291016,27.114831924438477,42.12531661987305,65.01657104492188,231.7505340576172,44.347900390625,424.3037109375,15.715909957885742,31.6414737701416,230.57757568359375,24.239696502685547,314.6252136230469,68.61138916015625,707.4077758789062,972.7706909179688
2008-04-22,261.8717346191406,354.5769958496094,65.47651672363281,129.447998046875,138.3470458984375,161.90966796875,185.72470092773438,514.8204345703125,152.49822998046875,131.32675170898438,40.00042724609375,81.5185546875,92.90045166015625,33.024574279785156,32.490257263183594,200.83316040039062,46.6938362121582,150.01173400878906,127.85673522949219,106.76406860351562,127.02525329589844,99.93617248535156,662.1235961914062,170.91433715820312,43.26829147338867,103.92672729492188,341.0377502441406,84.25711822509766,620.8062133789062,573.5968627929688,103.30290985107422,139.2169952392578,44.81816864013672,31.234542846679688,81.83909606933594,78.16216278076172,27.807861328125,42.078041076660156,66.34882354736328,229.69480895996094,42.62604522705078,424.41717529296875,15.455641746520996,30.61557388305664,234.0725860595703,24.35969352722168,311.897216796875,72.35719299316406,759.8167724609375,965.711669921875
2008-04-23,258.8836975097656,350.04119873046875,62.745887756347656,126.87306213378906,135.43630981445312,159.807861328125,187.55931091308594,511.6758117675781,152.8334503173828,135.38087463378906,41.10895919799805,80.87149810791016,92.90045166015625,33.0557861328125,32.61551284790039,195.99583435058594,47.59500503540039,146.166259765625,120.73619842529297,107.211181640625,127.19685363769531,100.7577133178711,668.4140625,174.3083038330078,42.98428726196289,103.42171478271484,349.1400146484375,84.3670883178711,637.9766235351562,580.5521850585938,103.353759765625,137.1957550048828,43.839820861816406,30.373899459838867,81.39576721191406,77.9760513305664,27.32275390625,41.74712371826172,65.80180358886719,229.93377685546875,42.432037353515625,425.09832763671875,16.116313934326172,30.834062576293945,231.50807189941406,25.034685134887695,305.9005432128906,70.2885513305664,752.3756103515625,958.9696655273438
2008-04-24,259.3908996582031,349.1920166015625,62.62649917602539,128.93447875976562,134.29434204101562,160.04830932617188,186.1186981201172,517.3926391601562,153.10850524902344,139.33236694335938,41.71657943725586,80.00358581542969,90.24479675292969,31.885251998901367,32.70392608642578,198.5002899169922,46.332767486572266,146.36048889160156,121.32669067382812,108.16442108154297,127.28768920898438,103.52283477783203,652.687744140625,177.9167022705078,42.58872604370117,102.72308349609375,347.3607177734375,84.51378631591797,603.0323486328125,573.3848876953125,103.49070739746094,133.98843383789062,43.154266357421875,30.764497756958008,78.82444763183594,76.15228271484375,26.62105369567871,41.265785217285156,62.272613525390625,230.72264099121094,41.08204650878906,438.7215881347656,15.235417366027832,29.90314292907715,229.3974609375,23.744705200195312,301.3619384765625,73.43685150146484,728.4906616210938,938.4714965820312
2008-04-25,263.5941467285156,382.0815734863281,65.13572692871094,134.34097290039062,139.62472534179688,161.6781005859375,187.25146484375,525.3203125,152.8592071533203,138.36708068847656,43.26112365722656,81.76653289794922,91.35922241210938,32.15058135986328,32.80708694458008,200.57034301757812,47.968013763427734,147.21502685546875,123.09813690185547,107.8607406616211,128.0952911376953,101.72760009765625,644.7371826171875,178.84552001953125,43.1871452331543,103.51008605957031,347.9384765625,84.66043853759766,590.5038452148438,566.4718627929688,107.8023452758789,139.51771545410156,44.24686813354492,31.65161895751953,81.88343811035156,77.41776275634766,27.227453231811523,41.566627502441406,62.510826110839844,234.0214080810547,42.149105072021484,458.58856201171875,15.455641746520996,29.684669494628906,227.4910888671875,23.999696731567383,302.9375305175781,72.80224609375,719.0745239257812,933.8561401367188
2008-04-28,260.26971435546875,384.42193603515625,66.13204193115234,131.43600463867188,138.6984100341797,163.6730194091797,192.9276580810547,519.4450073242188,151.55284118652344,136.670654296875,42.495811462402344,81.2511978149414,91.52519226074219,32.27543640136719,32.195533752441406,200.1734619140625,46.45810317993164,145.0786590576172,122.12557983398438,106.98340606689453,128.2971954345703,102.86105346679688,631.107666015625,176.66624450683594,42.9234504699707,104.68428039550781,345.90960693359375,83.19384002685547,578.8431396484375,567.0233154296875,105.01660919189453,134.70675659179688,44.01835250854492,30.83070182800293,78.91311645507812,77.9760513305664,27.556644439697266,41.295875549316406,62.740238189697266,242.7703399658203,42.90898895263672,464.74725341796875,15.555747985839844,29.741661071777344,228.14923095703125,23.969697952270508,273.2128601074219,71.71434020996094,714.297607421875,929.467041015625
2008-04-29,267.1545715332031,373.2999267578125,67.57048034667969,132.4116668701172,143.38595581054688,168.43772888183594,194.74989318847656,530.0592651367188,156.51177978515625,143.72747802734375,44.425331115722656,81.49531555175781,92.35509490966797,32.72802734375,32.38710403442383,202.8978271484375,48.36487579345703,154.01255798339844,124.55694580078125,107.95352172851562,130.2455596923828,105.73265838623047,638.796142578125,179.91734313964844,43.065433502197266,105.67330932617188,324.90545654296875,84.25711822509766,585.1829223632812,615.4132690429688,105.13789367675781,134.8905029296875,45.09667205810547,31.525833129882812,81.75043487548828,78.86934661865234,28.093746185302734,43.47476577758789,64.19602966308594,241.6707000732422,46.38501739501953,489.8650207519531,15.595784187316895,30.00763511657715,226.674072265625,24.194698333740234,270.6025085449219,71.52067565917969,717.512939453125,905.982421875
2008-04-30,262.58978271484375,372.0779724121094,66.53803253173828,129.0518798828125,141.7169647216797,164.50125122070312,194.9469451904297,529.0904541015625,158.30804443359375,144.0191192626953,45.339073181152344,80.053955078125,93.30355834960938,32.9465446472168,32.4276237487793,204.01864624023438,48.8333740234375,150.59439086914062,128.48191833496094,112.11239624023438,135.31326293945312,106.18907165527344,648.3628540039062,178.80982971191406,44.60710525512695,107.76496124267578,315.7985534667969,83.37715911865234,572.578857421875,598.1100463867188,105.95955657958984,137.56326293945312,45.03954315185547,31.393428802490234,80.15443420410156,77.67828369140625,28.128406524658203,43.87445068359375,63.30490493774414,238.34805297851562,46.63562774658203,483.3939208984375,17.297510147094727,29.7796573638916,224.9265899658203,24.01470184326172,268.9564208984375,72.13465118408203,700.8851928710938,890.7787475585938
2008-05-02,268.64105224609375,372.9064025878906,67.24744415283203,137.49537658691406,145.53013610839844,166.65652465820312,202.3222198486328,552.3099975585938,162.21847534179688,146.84097290039062,46.591400146484375,80.5886459350586,95.20043182373047,33.243080139160156,32.93603515625,204.882080078125,47.586055755615234,144.45716857910156,127.26620483398438,116.67620086669922,139.56320190429688,108.17448425292969,688.3778076171875,178.95269775390625,44.820106506347656,107.39038848876953,311.8786926269531,82.86384582519531,568.843017578125,611.850830078125,106.3703384399414,145.58154296875,45.56085205078125,31.876710891723633,90.75008392333984,79.57653045654297,28.73479652404785,42.95046615600586,63.525474548339844,236.19667053222656,48.02606201171875,480.470703125,18.318546295166016,30.881542205810547,229.987548828125,24.884685516357422,271.8724670410156,75.5054931640625,695.7867431640625,896.027587890625
2008-05-05,268.0836486816406,370.2968444824219,66.7301254272461,137.01123046875,142.13623046875,168.63360595703125,213.8715057373047,552.089599609375,159.41673278808594,146.7177734375,45.47821807861328,80.5809097290039,94.03856658935547,33.08700180053711,32.51235580444336,204.92498779296875,47.976959228515625,142.43734741210938,126.43260955810547,115.73979949951172,137.019287109375,105.87718963623047,685.320068359375,177.34507751464844,44.779537200927734,108.14794921875,312.59442138671875,81.83719635009766,571.3336791992188,598.1100463867188,106.28424835205078,144.3955078125,45.73223876953125,32.5255012512207,88.66641998291016,80.13482666015625,32.32124328613281,43.130958557128906,63.3842887878418,233.1847686767578,46.570953369140625,464.4350891113281,17.858076095581055,32.90485763549805,227.4230194091797,24.584684371948242,276.0348205566406,74.09617614746094,696.0164184570312,893.312744140625
2008-05-06,266.1552429199219,350.5797119140625,67.35440826416016,136.2703094482422,140.33546447753906,168.8740997314453,211.35975646972656,539.62548828125,161.06678771972656,148.4840087890625,46.13685607910156,80.8637466430664,92.99528503417969,32.80607223510742,32.258148193359375,199.4066162109375,48.854251861572266,141.2720489501953,124.69591522216797,114.97216033935547,133.26394653320312,101.35865783691406,669.8557739257812,177.5951385498047,45.61121368408203,108.03852081298828,309.7120056152344,81.69054412841797,559.5599365234375,566.7689819335938,106.19818878173828,146.9346466064453,46.482059478759766,32.34012985229492,88.8880844116211,79.05543518066406,30.75324821472168,41.42481231689453,61.80498504638672,234.0692901611328,47.314666748046875,466.336669921875,17.397605895996094,31.821956634521484,226.12940979003906,24.074703216552734,274.1770324707031,72.460205078125,696.4757080078125,866.8870239257812
2008-05-07,270.0672912597656,338.0700988769531,67.31291961669922,134.83248901367188,141.22586059570312,161.63357543945312,205.96676635742188,527.2141723632812,166.17185974121094,151.49899291992188,46.2249755859375,80.49176788330078,92.42622375488281,32.33785629272461,32.01868438720703,191.49642944335938,49.12581253051758,139.40760803222656,120.18042755126953,114.67689514160156,136.58518981933594,103.77386474609375,677.6751708984375,180.06027221679688,45.97636413574219,107.2725830078125,306.8164978027344,81.72722625732422,557.1070556640625,551.9678955078125,107.67713928222656,149.9915771484375,45.339473724365234,32.35337448120117,85.51876068115234,77.30608367919922,30.224809646606445,40.52230453491211,60.19919967651367,233.59112548828125,47.48442840576172,465.9110107421875,17.01722526550293,30.957538604736328,222.08978271484375,24.01470184326172,274.5533142089844,72.20471954345703,682.0528564453125,864.3983764648438
2008-05-08,269.29833984375,343.4757080078125,65.84828186035156,130.99586486816406,138.4149169921875,153.75184631347656,192.90301513671875,509.27099609375,162.777099609375,146.61093139648438,46.07655715942383,79.81371307373047,91.40666961669922,31.947683334350586,31.12345314025879,188.93299865722656,50.42384719848633,140.3009796142578,117.81852722167969,112.8378677368164,137.05966186523438,102.0813217163086,673.2194213867188,179.20281982421875,43.61313247680664,103.8509750366211,306.6523132324219,81.91053771972656,561.7484741210938,546.3695678710938,107.72017669677734,149.23983764648438,42.88290786743164,32.134910583496094,85.56307983398438,78.12493133544922,30.051551818847656,40.70280075073242,60.37565994262695,240.7384490966797,46.69221115112305,461.9091796875,16.7169246673584,30.862550735473633,221.70394897460938,23.5647029876709,275.4468994140625,72.86817932128906,659.4540405273438,845.3936157226562
2008-05-09,255.2793731689453,348.6949157714844,63.410099029541016,128.20823669433594,134.3262939453125,148.88027954101562,181.87081909179688,499.65185546875,157.62039184570312,143.71104431152344,46.47079849243164,79.94159698486328,91.02726745605469,31.760400772094727,30.172950744628906,184.99668884277344,50.38207244873047,134.7075653076172,115.73446655273438,112.9306869506836,135.84825134277344,102.84583282470703,668.2830200195312,180.0244903564453,44.33325958251953,102.89983367919922,307.2825927734375,80.33392333984375,538.0498046875,534.9188232421875,107.63799285888672,146.734130859375,41.84028244018555,31.002832412719727,80.77509307861328,76.11505126953125,28.37962532043457,39.59830856323242,58.39931106567383,234.40383911132812,46.52244567871094,460.1495361328125,16.4166202545166,30.995540618896484,222.36207580566406,22.72471046447754,274.1770324707031,74.1126480102539,635.3395385742188,834.6242065429688
2008-05-12,257.8490295410156,347.10009765625,64.08894348144531,129.1912384033203,132.77706909179688,156.24549865722656,183.0405731201172,500.779541015625,159.32228088378906,145.6868133544922,46.860416412353516,79.77885437011719,91.09838104248047,31.760400772094727,30.6260929107666,187.24371337890625,50.301509857177734,135.87289428710938,117.71434020996094,112.88849639892578,133.6071319580078,102.56436157226562,673.0446166992188,176.52334594726562,45.39822006225586,101.27954864501953,296.40301513671875,81.91053771972656,530.276123046875,527.4970703125,107.80624389648438,148.95584106445312,41.49751281738281,30.5989933013916,78.15946960449219,74.14238739013672,27.357404708862305,38.532493591308594,60.58742904663086,232.30027770996094,46.5305290222168,453.3095397949219,16.31651496887207,30.596576690673828,222.83872985839844,22.124725341796875,267.6394958496094,76.47388458251953,609.9848022460938,830.8233032226562
2008-05-13,252.5230712890625,339.685546875,64.62154388427734,130.37228393554688,133.18431091308594,154.82052612304688,183.34837341308594,495.9346008300781,155.56643676757812,143.66171264648438,45.71476745605469,77.51605224609375,90.83758544921875,31.854042053222656,30.113996505737305,186.0370635986328,50.811767578125,139.7960205078125,117.33224487304688,112.39079284667969,134.47531127929688,102.25247192382812,673.3068237304688,175.80880737304688,45.71265411376953,103.94779968261719,290.7826232910156,81.8738784790039,515.9737548828125,521.7293090820312,107.81014251708984,147.3689727783203,42.16877365112305,31.03592872619629,75.72110748291016,73.28631591796875,26.46512794494629,39.8389778137207,59.219852447509766,235.1448974609375,47.49250793457031,453.252685546875,16.576780319213867,30.84355354309082,222.72523498535156,21.64472770690918,266.3695983886719,79.09056854248047,611.0870361328125,816.207763671875
2008-05-14,255.5166778564453,351.6153259277344,63.94707107543945,131.5240020751953,132.621337890625,153.62716674804688,178.47250366210938,498.2425537109375,166.92819213867188,149.91757202148438,46.665611267089844,72.78897094726562,90.12625885009766,31.900859832763672,29.108238220214844,187.12033081054688,52.882667541503906,149.39022827148438,118.27007293701172,112.82102966308594,132.50680541992188,103.26042175292969,696.3720092773438,173.55807495117188,45.905357360839844,103.3880386352539,294.78778076171875,80.26057434082031,503.7471618652344,528.7269897460938,107.60277557373047,145.23072814941406,41.04046630859375,31.135236740112305,75.98711395263672,73.0630111694336,27.036874771118164,40.45353698730469,61.540306091308594,236.53131103515625,49.65899658203125,465.8541564941406,16.536739349365234,31.935949325561523,227.37762451171875,21.569730758666992,275.5644836425781,82.21826171875,611.7301025390625,795.5287475585938
2008-05-15,264.82562255859375,354.6597900390625,64.54515838623047,136.20425415039062,134.24642944335938,159.16661071777344,186.02024841308594,523.0741577148438,169.26583862304688,155.52024841308594,47.361351013183594,73.72277069091797,90.74273681640625,31.91646957397461,29.362430572509766,193.21253967285156,52.620086669921875,158.4794921875,120.3541030883789,111.3447494506836,133.6879425048828,106.56182861328125,717.995849609375,169.8782958984375,45.88507080078125,102.45374298095703,299.2197265625,81.9838638305664,514.4644165039062,547.0057373046875,109.7155532836914,144.3955078125,41.74030685424805,31.12862205505371,76.74078369140625,74.70067596435547,26.993555068969727,41.94911575317383,61.90203857421875,239.59107971191406,49.04460144042969,458.78717041015625,16.576780319213867,32.48689270019531,223.13375854492188,22.034717559814453,278.03375244140625,85.20173645019531,644.0665893554688,787.97216796875
2008-05-16,266.1129455566406,353.1064453125,65.50121307373047,138.33164978027344,136.25880432128906,160.3154754638672,189.87408447265625,528.2977294921875,168.62985229492188,153.73756408691406,46.91607666015625,73.70728302001953,90.57673645019531,32.16618728637695,29.502437591552734,192.93902587890625,53.184051513671875,158.05224609375,129.4545135498047,113.34403991699219,133.95037841796875,110.44515228271484,717.38427734375,174.3083038330078,46.0676383972168,102.17178344726562,300.84808349609375,81.17724609375,514.2000732421875,551.1194458007812,111.61316680908203,148.9726104736328,42.218772888183594,31.307361602783203,77.76044464111328,74.84957122802734,26.768321990966797,41.373233795166016,65.36947631835938,244.20452880859375,47.92097091674805,457.737060546875,16.77698516845703,32.23991775512695,222.54367065429688,22.91971778869629,273.9183349609375,91.42002868652344,636.5796508789062,800.3706665039062
2008-05-20,262.80633544921875,343.64141845703125,63.78989791870117,136.03555297851562,131.98648071289062,154.84725952148438,186.72203063964844,523.7698974609375,164.34124755859375,155.07664489746094,46.095096588134766,72.59526824951172,88.20565032958984,32.1037483215332,28.772977828979492,186.16574096679688,53.404869079589844,154.75054931640625,127.75250244140625,114.48287963867188,132.00209045410156,113.60964965820312,711.7489013671875,172.45057678222656,45.79378890991211,103.169189453125,299.99456787109375,79.78395080566406,513.82275390625,540.0928344726562,111.15536499023438,150.25881958007812,41.6760368347168,31.12862205505371,79.22342681884766,74.14238739013672,25.85006332397461,41.570926666259766,67.87519073486328,242.48348999023438,47.96138000488281,455.35308837890625,17.297510147094727,31.83145523071289,222.70252990722656,22.604717254638672,273.63616943359375,94.36637878417969,642.5048828125,809.6917724609375
2008-05-21,269.3437805175781,340.6796875,61.556915283203125,133.7394561767578,132.72117614746094,154.9185028076172,181.77232360839844,527.2318115234375,165.88824462890625,153.67599487304688,45.96523666381836,72.9633560180664,86.30874633789062,32.30664825439453,28.809816360473633,190.01626586914062,55.02518844604492,153.31338500976562,126.71045684814453,116.21221923828125,134.63682556152344,113.83404541015625,710.5258178710938,168.41348266601562,46.29078674316406,102.7525634765625,303.1199035644531,78.64730834960938,521.0305786132812,535.68212890625,112.3721694946289,151.34463500976562,41.6331901550293,31.18157196044922,78.02644348144531,74.81233978271484,25.425580978393555,41.93623352050781,70.00152587890625,247.1925506591797,48.30897521972656,445.9018859863281,17.317523956298828,31.622486114501953,223.9734344482422,23.26470375061035,276.4815979003906,94.33720397949219,637.9116821289062,810.5970458984375
2008-05-22,265.1387023925781,338.71209716796875,60.408756256103516,129.1912384033203,128.22926330566406,148.61415100097656,176.1454315185547,514.1332397460938,165.20936584472656,153.10089111328125,45.35297775268555,71.76607513427734,84.76753997802734,31.86964988708496,28.916654586791992,187.5332794189453,54.25831604003906,153.5464324951172,122.09078979492188,111.53032684326172,131.77999877929688,112.47241973876953,703.9295043945312,167.69898986816406,45.31709671020508,103.19024658203125,302.31884765625,76.4107437133789,513.4832763671875,526.5217895507812,111.53881072998047,149.10618591308594,41.4046745300293,30.26136589050293,76.25311279296875,72.50471496582031,24.49864959716797,41.29157638549805,66.85173034667969,239.18467712402344,46.78923416137695,447.6617736816406,16.5167179107666,31.366008758544922,222.47555541992188,22.80583953857422,274.7650146484375,89.9818344116211,626.01513671875,802.4067993164062
2008-05-23,258.0862731933594,346.9759216308594,60.310546875,126.47697448730469,125.6379165649414,143.3859100341797,172.58709716796875,501.0173645019531,160.26754760742188,150.23382568359375,44.629417419433594,69.75515747070312,83.84278869628906,31.339017868041992,28.65508460998535,187.17396545410156,53.53915023803711,149.9340362548828,119.9025650024414,107.56547546386719,131.6386260986328,109.57417297363281,689.863037109375,168.0562744140625,43.32914352416992,103.22391510009766,300.8414611816406,74.90744018554688,503.59619140625,516.555419921875,111.54666137695312,149.740966796875,40.740535736083984,29.80455780029297,74.3467788696289,70.82979583740234,24.784523010253906,40.47072982788086,67.74285125732422,241.02529907226562,47.258079528808594,452.6851501464844,15.79599380493164,31.470497131347656,221.52243041992188,22.39285659790039,276.4815979003906,89.76071166992188,611.5464477539062,791.0037231445312
2008-05-26,253.987060546875,357.6629638671875,58.830596923828125,120.35152435302734,122.81497192382812,136.8304901123047,161.99813842773438,484.0959167480469,164.2296142578125,154.85897827148438,44.42070007324219,69.34832000732422,83.2500228881836,31.104904174804688,28.43772315979004,177.57984924316406,52.19635772705078,144.61256408691406,115.87342071533203,104.71416473388672,129.86190795898438,104.96434783935547,665.5309448242188,165.23390197753906,41.686038970947266,103.17340087890625,290.1719665527344,70.72759246826172,494.2752380371094,509.60009765625,115.18135833740234,145.26414489746094,39.31229782104492,29.433828353881836,71.50946807861328,68.37327575683594,23.952884674072266,40.90049362182617,65.64299011230469,239.20860290527344,48.009864807128906,446.8953552246094,15.355545043945312,30.397092819213867,220.16073608398438,21.8269100189209,272.7425537109375,90.03604888916016,585.7322387695312,778.831787109375
2008-05-27,251.91725158691406,357.37298583984375,58.18013000488281,118.89175415039062,117.74011993408203,132.49903869628906,163.99281311035156,483.4263916015625,166.54148864746094,154.69873046875,45.53851318359375,68.53850555419922,84.15101623535156,30.16847038269043,28.702983856201172,178.0142364501953,51.742774963378906,144.18528747558594,115.21345520019531,106.5278549194336,130.5181121826172,103.14250183105469,668.1519165039062,166.01986694335938,42.41631317138672,104.48226928710938,289.154296875,71.680908203125,494.9922790527344,506.0377197265625,112.20787048339844,145.29754638671875,37.39845275878906,28.354711532592773,69.3371353149414,64.80015563964844,23.563066482543945,41.29157638549805,66.86937713623047,239.92567443847656,48.45450210571289,445.8453063964844,15.135324478149414,30.00763511657715,221.00047302246094,21.398635864257812,273.5420837402344,91.9718017578125,584.7217407226562,747.9264526367188
2008-05-28,254.68373107910156,366.2787780761719,58.99431610107422,120.37356567382812,121.15397644042969,145.31399536132812,174.0892333984375,477.1194152832031,173.51145935058594,157.04006958007812,47.08769607543945,67.7170639038086,83.84278869628906,31.276582717895508,29.53559112548828,172.9517059326172,53.91215133666992,152.6141815185547,115.03981018066406,107.22803497314453,129.5186767578125,105.88098907470703,679.160400390625,170.30702209472656,45.0229606628418,104.20450592041016,293.60589599609375,76.37407684326172,505.2944641113281,510.3633728027344,109.24996948242188,150.40919494628906,38.61246871948242,29.46030616760254,69.69180297851562,65.91675567626953,23.86625862121582,41.28297424316406,72.33080291748047,246.71450805664062,49.73173522949219,451.947265625,15.43562126159668,29.998132705688477,223.99610900878906,21.628076553344727,270.7908020019531,92.80614471435547,601.7627563476562,756.7048950195312
2008-05-29,248.64601135253906,355.591796875,57.60606384277344,116.82301330566406,118.359375,140.43551635742188,167.42803955078125,507.7734680175781,170.96749877929688,157.13169860839844,47.46338653564453,66.12074279785156,81.21083068847656,31.79161834716797,28.909292221069336,171.3589324951172,53.4794807434082,147.0596466064453,111.80950927734375,98.4210205078125,122.41183471679688,103.69779205322266,666.6229858398438,169.23516845703125,43.80584716796875,106.00577545166016,290.20477294921875,71.53421783447266,495.2564392089844,498.6157531738281,113.62811279296875,143.27626037597656,39.29801559448242,28.215694427490234,68.76080322265625,65.35845184326172,23.29450225830078,41.0079345703125,72.26904296875,237.55918884277344,50.0065803527832,441.58795166015625,14.995182037353516,30.834062576293945,221.7493438720703,21.24567985534668,264.39422607421875,96.18113708496094,589.5446166992188,730.279296875
2008-05-30,242.66891479492188,362.84075927734375,59.751739501953125,115.70064544677734,117.0511245727539,142.27392578125,170.6416473388672,525.4611206054688,178.6165313720703,163.57801818847656,47.240753173828125,67.0467529296875,81.73246765136719,30.777151107788086,29.502437591552734,178.37355041503906,53.87934112548828,149.39022827148438,112.53890228271484,97.1303482055664,119.15116882324219,103.07022857666016,666.6666259765625,169.41380310058594,44.17097854614258,108.2363510131836,291.7609558105469,69.73762512207031,499.1055603027344,497.76763916015625,113.24468231201172,138.9998779296875,38.898109436035156,28.460636138916016,68.49480438232422,65.0606918334961,24.29939842224121,41.11967468261719,71.44851684570312,243.4396209716797,50.86344528198242,423.5373840332031,14.534711837768555,29.92214012145996,222.38482666015625,21.368040084838867,263.1949157714844,98.15023040771484,596.7100830078125,711.41015625
2008-06-02,238.15579223632812,363.4620666503906,57.21097946166992,112.24549102783203,112.98876190185547,134.4001922607422,159.76953125,514.3976440429688,169.1111602783203,162.5779266357422,46.299190521240234,64.55927276611328,76.53972625732422,29.466156005859375,28.161413192749023,170.9835205078125,51.86214065551758,141.69932556152344,106.70355987548828,95.23226165771484,119.52464294433594,98.57833099365234,687.8535766601562,167.8775634765625,44.61725616455078,106.16571807861328,290.3164367675781,67.31770324707031,473.3692321777344,481.5245361328125,112.79472351074219,134.4394989013672,36.85573196411133,28.043561935424805,63.706809997558594,63.274139404296875,23.008630752563477,40.711395263671875,69.74568176269531,239.08905029296875,49.10121154785156,447.00897216796875,14.794976234436035,29.45669174194336,221.68124389648438,20.46560287475586,259.76153564453125,95.64713287353516,587.84521484375,676.2968139648438
2008-06-03,242.98692321777344,348.52923583984375,55.28575134277344,111.58525848388672,112.44195556640625,135.84397888183594,164.805419921875,501.5809020996094,167.6157684326172,160.19862365722656,46.86505126953125,65.03972625732422,75.8283920288086,28.373661041259766,28.345626831054688,166.2642059326172,51.423500061035156,143.7191619873047,108.30133056640625,96.24457550048828,119.89816284179688,94.88896179199219,683.3978271484375,168.12765502929688,44.60710525512695,104.68850708007812,288.7012023925781,67.75769805908203,490.35064697265625,494.2052001953125,113.2290267944336,136.72802734375,35.47032928466797,27.12996482849121,64.59349060058594,61.785316467285156,23.268510818481445,40.50082015991211,65.7223892211914,234.8819580078125,47.63804626464844,453.1393737792969,14.594770431518555,29.02923011779785,222.88409423828125,20.863292694091797,253.8119354248047,96.49819946289062,591.4737548828125,677.8805541992188
2008-06-04,232.92579650878906,335.6675109863281,53.04182815551758,111.14508819580078,107.83688354492188,132.1492919921875,157.24542236328125,485.5581359863281,164.4529571533203,155.90245056152344,46.113670349121094,68.67412567138672,74.85624694824219,27.49966812133789,27.395118713378906,158.2092742919922,48.564815521240234,138.59188842773438,107.01617431640625,91.28430938720703,114.76992797851562,88.58662414550781,652.2510375976562,164.55503845214844,43.77540969848633,105.21458435058594,286.2455749511719,64.23779296875,477.93524169921875,469.9888916015625,112.56782531738281,133.3870391845703,34.47771072387695,26.61358070373535,62.243831634521484,59.924320220947266,22.047048568725586,38.82474136352539,62.18437194824219,228.1648712158203,46.88623046875,441.04876708984375,13.914083480834961,28.20280647277832,222.29400634765625,20.4044189453125,242.1712646484375,91.95927429199219,574.75439453125,652.450439453125
2008-06-05,226.84774780273438,340.7210693359375,54.48903274536133,114.1747817993164,109.72835540771484,138.26531982421875,159.27703857421875,478.56414794921875,168.76739501953125,164.9739227294922,49.08214569091797,74.16837310791016,79.14795684814453,27.452838897705078,29.36612319946289,154.94862365722656,50.23585510253906,141.34971618652344,109.13494110107422,89.92611694335938,113.67965698242188,95.72953796386719,665.1377563476562,169.94973754882812,45.13451385498047,105.77430725097656,295.2408142089844,62.91786193847656,482.84100341796875,457.1387023925781,113.85114288330078,130.66421508789062,33.73503494262695,26.76584243774414,63.219154357910156,60.4081916809082,22.54949951171875,38.97945022583008,62.54611587524414,234.18870544433594,49.44881057739258,436.5361022949219,14.01418685913086,28.46878433227539,221.93092346191406,20.572673797607422,242.8062744140625,93.39437103271484,570.2531127929688,651.8169555664062
2008-06-06,226.0096893310547,332.20880126953125,53.80363845825195,112.88369750976562,108.15686798095703,136.4090118408203,157.20849609375,472.28350830078125,166.07736206054688,166.1406707763672,46.90216064453125,72.76190185546875,78.53145599365234,27.156309127807617,28.53719139099121,152.65869140625,49.185489654541016,136.37782287597656,106.66883087158203,91.1408920288086,117.23307800292969,97.07975006103516,655.2651977539062,169.52101135253906,43.298709869384766,106.12364959716797,297.0726013183594,62.624542236328125,474.3125915527344,439.708251953125,115.80738067626953,130.41363525390625,32.62099838256836,26.885009765625,62.11082077026367,59.36601638793945,22.28961181640625,38.171504974365234,62.510826110839844,229.26446533203125,50.64521408081055,429.1568908691406,13.99416446685791,28.174304962158203,222.8614044189453,20.205581665039062,245.0167694091797,90.41568756103516,588.3961791992188,659.1019897460938
2008-06-09,218.35659790039062,323.63427734375,51.671051025390625,110.08140563964844,104.86808013916016,126.10498809814453,156.77757263183594,457.9430236816406,157.1220245361328,158.4692840576172,44.555206298828125,68.18980407714844,77.44075775146484,26.781740188598633,27.925630569458008,147.50502014160156,49.128787994384766,136.41665649414062,106.94670867919922,87.69062042236328,114.19448852539062,97.85566711425781,645.2615356445312,165.5911407470703,42.06132125854492,105.72382354736328,292.67364501953125,60.05794906616211,463.18023681640625,407.9005432128906,116.5390396118164,127.49031829833984,31.792621612548828,26.534133911132812,59.00749969482422,56.68617630004883,21.128782272338867,37.73314666748047,61.831451416015625,226.4438018798828,48.04221725463867,438.3241882324219,13.41357707977295,26.530961990356445,222.1805419921875,19.07369613647461,234.97531127929688,90.89543914794922,570.8959350585938,633.3551025390625
2008-06-10,221.89540100097656,321.56317138671875,49.433677673339844,107.242431640625,103.60845947265625,122.2309341430664,154.4381561279297,455.4677429199219,151.0887908935547,154.5148468017578,44.18878173828125,64.2841796875,76.61088562011719,26.59445571899414,27.60142707824707,148.389892578125,48.94974136352539,136.88278198242188,109.5865249633789,86.00344848632812,114.15409088134766,98.33112335205078,647.8386840820312,167.4488525390625,40.8847770690918,105.77430725097656,290.8023376464844,60.387943267822266,464.2745056152344,407.13714599609375,116.04607391357422,126.88895416259766,30.92853546142578,25.69976806640625,60.958160400390625,57.0955924987793,20.58302116394043,36.40517807006836,60.81681442260742,217.8621826171875,45.95658874511719,434.4642028808594,13.273432731628418,28.991228103637695,222.29400634765625,18.84425926208496,231.47132873535156,92.38896942138672,563.225341796875,620.6400146484375
2008-06-11,228.3218231201172,334.2384338378906,52.2276496887207,108.74629211425781,106.11555480957031,126.58927154541016,156.949951171875,467.4563903808594,153.03968811035156,157.7484588623047,44.18413162231445,64.42755126953125,78.57888793945312,26.719318389892578,27.465116500854492,158.93856811523438,49.93447494506836,137.5431365966797,113.82410430908203,85.04177856445312,116.93024444580078,98.93584442138672,641.0676879882812,166.48423767089844,40.468929290771484,108.40045166015625,287.611328125,64.71446990966797,480.1239013671875,434.40692138671875,115.62743377685547,125.36884307861328,32.642417907714844,26.003173828125,61.26849365234375,57.17003631591797,20.43575668334961,36.55989456176758,62.06968307495117,217.0255584716797,47.37935256958008,459.9223327636719,13.533699035644531,28.525774002075195,222.40748596191406,19.150175094604492,225.75686645507812,89.80243682861328,588.855712890625,614.3052368164062
2008-06-12,229.9271697998047,339.685546875,50.708431243896484,109.04706573486328,108.50922393798828,128.12274169921875,152.89906311035156,476.44122314453125,152.67874145507812,156.2525177001953,44.74536895751953,64.5050277709961,77.36962127685547,26.90659523010254,27.770891189575195,161.97935485839844,51.07733917236328,137.9315643310547,113.02519226074219,85.66602325439453,117.17250061035156,99.82205200195312,643.7322998046875,165.8411865234375,40.56021499633789,106.84745788574219,290.644775390625,62.99118423461914,476.8786315917969,421.9383239746094,116.63685607910156,126.45464324951172,33.763587951660156,26.65135955810547,63.086158752441406,58.84493637084961,20.158544540405273,36.198890686035156,62.890220642089844,212.84231567382812,47.17723846435547,462.3348693847656,13.854022026062012,29.190711975097656,222.20321655273438,19.47138023376465,225.94500732421875,83.17760467529297,588.074951171875,606.114990234375
2008-06-13,229.23046875,338.17364501953125,48.9883918762207,112.28215789794922,108.15686798095703,126.35608673095703,151.1260223388672,477.9828186035156,156.3485870361328,155.56494140625,44.34185028076172,65.24506378173828,76.4686050415039,26.73492431640625,28.183523178100586,167.05795288085938,50.19108963012695,136.7663116455078,110.5937728881836,87.08324432373047,115.13333892822266,95.28831481933594,630.9329223632812,162.0184783935547,40.19508361816406,107.64092254638672,286.61981201171875,62.33121109008789,479.6332702636719,407.34930419921875,116.40601348876953,123.34754943847656,33.12087631225586,27.07888412475586,66.54415130615234,57.61666488647461,20.49639320373535,36.16450500488281,64.87538146972656,201.70301818847656,46.78923416137695,445.1641540527344,13.854022026062012,29.399686813354492,223.33795166015625,19.42549705505371,221.47689819335938,79.06001281738281,586.237548828125,599.8251953125
2008-06-16,230.43701171875,348.0943603515625,50.17146682739258,116.99908447265625,107.4561538696289,131.9609375,155.37393188476562,481.4797058105469,156.5547332763672,158.994384765625,45.22774887084961,65.48529815673828,78.74486541748047,27.671350479125977,29.049291610717773,163.75978088378906,50.66556167602539,133.1150360107422,113.16413116455078,89.80268859863281,115.95101165771484,99.08798217773438,626.477294921875,165.16238403320312,40.874637603759766,108.49805450439453,284.8732604980469,62.33121109008789,479.897705078125,417.57000732421875,115.53353118896484,130.14634704589844,34.39201354980469,27.20989990234375,64.37181091308594,57.69110870361328,21.094131469726562,36.71890640258789,62.18437194824219,209.11331176757812,47.37935256958008,434.09527587890625,13.99416446685791,29.390193939208984,222.8614044189453,19.394906997680664,228.95510864257812,82.90225219726562,568.553466796875,614.3502807617188
2008-06-17,235.5408172607422,344.8634033203125,52.982913970947266,120.40291595458984,112.39337921142578,142.4981231689453,167.10791015625,500.7707824707031,158.35958862304688,159.30691528320312,45.85391616821289,68.44554901123047,79.76445007324219,28.49852180480957,29.14508056640625,165.2184600830078,50.764034271240234,134.20260620117188,116.1512680053711,90.32400512695312,115.41598510742188,98.71526336669922,659.7647094726562,168.87794494628906,41.22962188720703,106.85595703125,285.0834045410156,64.09114837646484,481.4070129394531,430.5899963378906,117.21588897705078,133.13653564453125,36.39155197143555,28.67865753173828,66.54415130615234,60.96647644042969,21.79582405090332,36.9208869934082,65.11360931396484,207.4160919189453,47.30659484863281,441.2474060058594,14.174346923828125,35.2701301574707,220.27423095703125,19.746706008911133,232.2943878173828,82.83967590332031,579.1639404296875,630.09716796875
2008-06-18,230.9165802001953,336.37176513671875,51.00747299194336,115.45857238769531,109.40025329589844,134.60647583007812,160.15122985839844,484.6595764160156,155.69808959960938,155.21495056152344,45.08396911621094,68.34478759765625,79.33765411376953,28.46730613708496,28.98666000366211,161.03546142578125,49.08999252319336,135.6398162841797,112.85150146484375,90.0285873413086,115.08285522460938,97.34981536865234,653.8234252929688,167.34169006347656,41.7773323059082,106.3552474975586,292.65380859375,66.47441101074219,484.3883056640625,417.8244934082031,114.69624328613281,132.31797790527344,35.063289642333984,28.27181625366211,64.72647857666016,60.222076416015625,21.457979202270508,36.78337097167969,65.02537536621094,201.1771240234375,45.18862533569336,447.9737548828125,14.154329299926758,34.81417465209961,219.63876342773438,19.700822830200195,231.14208984375,82.3724365234375,580.8175048828125,679.373779296875
2008-06-19,226.9840087890625,333.596435546875,49.023319244384766,110.5655517578125,105.34600067138672,128.79534912109375,151.17527770996094,461.3960876464844,153.46865844726562,155.21075439453125,45.533870697021484,66.31060028076172,78.6263198852539,27.858627319335938,28.787715911865234,152.71766662597656,48.746829986572266,133.77536010742188,110.80223083496094,87.68273162841797,117.10185241699219,97.10258483886719,652.687744140625,165.6982879638672,41.74689483642578,106.94082641601562,289.64019775390625,65.41108703613281,483.9353332519531,404.76220703125,113.5694351196289,128.65969848632812,34.28489303588867,28.14080047607422,63.04181671142578,58.733280181884766,20.704299926757812,36.138729095458984,64.2577896118164,195.12937927246094,44.18621826171875,452.4582214355469,13.874041557312012,33.05167770385742,221.09124755859375,19.838478088378906,223.05245971679688,83.06495666503906,576.7293701171875,650.9119262695312
2008-06-20,211.9453125,317.17242431640625,47.94501876831055,107.53587341308594,101.17023468017578,126.2126235961914,146.52108764648438,451.7417907714844,149.29493713378906,152.26052856445312,43.947593688964844,67.23664093017578,77.25104522705078,27.218734741210938,27.969839096069336,150.7119903564453,46.39542770385742,125.22990417480469,107.08560943603516,85.08492279052734,115.93085479736328,95.25408935546875,636.3497924804688,161.30397033691406,40.245792388916016,106.95352935791016,285.5956115722656,62.33121109008789,471.8972473144531,387.4588623046875,113.18599700927734,124.88440704345703,32.17824935913086,26.95476531982422,60.603485107421875,56.239532470703125,20.123889923095703,34.53570556640625,61.372657775878906,183.36854553222656,43.038330078125,430.4341125488281,13.153310775756836,30.47572135925293,228.17196655273438,18.920738220214844,212.04684448242188,82.93563079833984,544.3471069335938,622.2236938476562
2008-06-23,204.52439880371094,314.2935485839844,47.8271484375,105.73859405517578,97.55339050292969,125.03781127929688,138.56704711914062,422.3297424316406,148.3616943359375,153.82728576660156,44.402130126953125,68.56563568115234,76.89539337158203,26.266700744628906,27.874052047729492,145.8318328857422,44.50654602050781,115.28605651855469,102.25756072998047,85.17179870605469,110.82280731201172,90.63288879394531,601.052978515625,162.2328643798828,39.637245178222656,105.82486724853516,281.8858642578125,61.48790740966797,457.3686828613281,378.128662109375,110.49415588378906,123.71504211425781,30.28582000732422,25.67218589782715,57.67749786376953,53.89466857910156,18.807130813598633,32.6060791015625,57.55229949951172,170.89059448242188,43.7254638671875,417.9462890625,12.792949676513672,29.83656883239746,223.06564331054688,18.263029098510742,205.90907287597656,79.73168182373047,527.9031372070312,615.84375
2008-06-24,208.26011657714844,310.9590148925781,46.2598991394043,103.16371154785156,97.7518539428711,121.7197494506836,132.54615783691406,405.8223876953125,145.9334716796875,149.54786682128906,43.61363220214844,66.16722869873047,73.78923797607422,25.455141067504883,26.48882484436035,149.9879913330078,42.43863296508789,112.5282211303711,101.52818298339844,83.96412658691406,109.06623077392578,84.9695053100586,591.2239379882812,153.515625,38.84611129760742,103.9493637084961,274.3876647949219,59.28798294067383,446.7270812988281,373.166748046875,109.7351303100586,122.69610595703125,30.0216007232666,25.230871200561523,56.08150863647461,52.44308090209961,19.257598876953125,31.669189453125,53.62608337402344,165.60775756835938,43.20808792114258,399.12933349609375,12.512666702270508,33.748924255371094,223.4968719482422,17.6664981842041,194.95046997070312,80.29486846923828,516.1444091796875,608.5585327148438
2008-06-25,215.66078186035156,323.0544738769531,46.901641845703125,102.4374771118164,96.7271499633789,122.86763000488281,129.39414978027344,407.53125,151.53311157226562,145.57257080078125,42.11083221435547,67.0622787475586,74.3345947265625,24.752824783325195,25.910419464111328,154.0423126220703,44.31856155395508,115.3637924194336,104.79317474365234,82.39154052734375,109.04606628417969,84.12512969970703,604.547607421875,154.40882873535156,37.821712493896484,98.47142028808594,269.1546936035156,60.49791717529297,448.3119812011719,389.19769287109375,111.11627197265625,120.29057312011719,30.164426803588867,24.451675415039062,54.219512939453125,52.7036247253418,18.997713088989258,31.024551391601562,52.549686431884766,172.4204559326172,42.262264251708984,399.8672180175781,12.532682418823242,35.65668869018555,223.06564331054688,17.758272171020508,202.5227508544922,83.8909912109375,524.1824951171875,568.28662109375
2008-06-26,226.11575317382812,318.7257995605469,46.2970085144043,102.34211730957031,99.11274719238281,121.6390380859375,128.101318359375,415.3533630371094,152.31936645507812,148.76864624023438,44.77320861816406,67.55435943603516,73.59954071044922,26.157461166381836,26.927230834960938,154.10133361816406,45.151100158691406,112.41168212890625,107.43297576904297,84.79821014404297,111.56979370117188,85.783447265625,590.5249633789062,152.12234497070312,38.89683151245117,99.87167358398438,267.89398193359375,64.67778778076172,452.16119384765625,383.2178955078125,112.51690673828125,120.67485046386719,30.29296875,25.127437591552734,52.75651931762695,51.81034469604492,19.153657913208008,31.99826431274414,55.57597732543945,188.4362335205078,44.525753021240234,408.4952087402344,12.032181739807129,35.375850677490234,222.70252990722656,18.492460250854492,205.3212127685547,86.14793395996094,542.7391967773438,556.9291381835938
2008-06-27,220.370849609375,309.8199157714844,44.59880065917969,95.68115997314453,94.06209564208984,112.74299621582031,120.81218719482422,399.1719665527344,149.58010864257812,142.13070678710938,41.22333526611328,64.51276397705078,71.51295471191406,25.002531051635742,25.180959701538086,148.14857482910156,43.37262725830078,108.33317565917969,100.17353057861328,77.2132797241211,103.48371124267578,80.64116668701172,561.562255859375,149.01412963867188,37.26387405395508,98.10651397705078,255.33348083496094,59.654624938964844,437.5191955566406,360.5708312988281,113.51856994628906,118.62014770507812,29.236064910888672,24.61026954650879,48.76652908325195,50.28432083129883,18.547243118286133,30.262895584106445,51.43798828125,179.49606323242188,40.95269012451172,387.6347961425781,10.971105575561523,32.364105224609375,222.56634521484375,18.094772338867188,193.23379516601562,81.8885269165039,522.6209106445312,563.1282348632812
2008-06-30,211.53643798828125,298.7601318359375,43.97888946533203,92.46075439453125,90.04430389404297,108.5191879272461,113.64617919921875,384.8843688964844,148.31845092773438,144.74334716796875,41.15318298339844,63.16051483154297,72.03462219238281,24.503110885620117,24.547292709350586,147.95553588867188,43.49795150756836,110.54722595214844,96.90851593017578,74.03335571289062,98.63810729980469,80.40534210205078,538.6715698242188,148.0137939453125,38.0955696105957,97.52944946289062,242.93710327148438,55.69477081298828,396.6126708984375,336.22747802734375,112.60301208496094,118.63683319091797,29.050403594970703,24.55510711669922,47.92420959472656,47.90223693847656,17.741596221923828,29.479598999023438,50.626277923583984,178.18136596679688,40.83143997192383,392.9705505371094,10.590718269348145,31.16328239440918,221.88551330566406,17.37587547302246,181.61671447753906,75.1427001953125,501.0785217285156,544.1686401367188
2008-07-01,206.38720703125,292.81591796875,42.1387939453125,86.43070983886719,83.05363464355469,106.51039123535156,109.47217559814453,377.4233703613281,146.5037841796875,143.09324645996094,38.79595947265625,61.513790130615234,72.62737274169922,22.770727157592773,24.23044776916504,145.45106506347656,41.638919830322266,104.68193054199219,95.83174896240234,70.98375701904297,90.3602294921875,76.73880004882812,499.3121032714844,141.22579956054688,37.12187576293945,91.77570343017578,230.12051391601562,53.53150939941406,381.2538757324219,313.071533203125,110.91671752929688,116.86614990234375,27.814970016479492,24.134477615356445,46.94886779785156,45.14794921875,17.72426986694336,27.977928161621094,48.46464538574219,181.7908935546875,41.98743438720703,386.58465576171875,9.769888877868652,30.262670516967773,223.4968719482422,15.968670845031738,175.3378448486328,64.7381820678711,479.719970703125,490.45770263671875
2008-07-02,216.4685516357422,307.4795837402344,44.86073303222656,91.11830139160156,87.35091400146484,113.792236328125,118.6328353881836,404.5011291503906,151.48117065429688,151.72718811035156,40.984806060791016,66.59342956542969,75.35415649414062,23.769573211669922,24.683603286743164,152.6265411376953,44.21113586425781,110.70259857177734,98.61048126220703,71.80912780761719,95.37744140625,83.7333984375,506.0395202636719,143.0478515625,36.49303436279297,88.80545806884766,230.9872589111328,55.51142501831055,378.1593933105469,359.1713562011719,108.17012023925781,120.97542572021484,29.250356674194336,24.761972427368164,49.298526763916016,46.934513092041016,18.60788345336914,29.410356521606445,51.499752044677734,183.60757446289062,41.05778503417969,386.1871643066406,10.31043529510498,30.611297607421875,223.15638732910156,16.84052848815918,190.1061248779297,66.75316619873047,494.64801025390625,476.79229736328125
2008-07-03,209.0072479248047,293.16796875,42.97698974609375,83.90717315673828,89.14111328125,104.06218719482422,105.9137954711914,393.19964599609375,148.0506134033203,145.26422119140625,40.25052261352539,66.59729766845703,72.34284210205078,23.145292282104492,23.633630752563477,150.3794708251953,39.27259063720703,105.30341339111328,89.23223876953125,68.03838348388672,97.11571502685547,76.55623626708984,479.1735534667969,140.29698181152344,34.342811584472656,87.10820007324219,220.7576141357422,52.50487518310547,356.158935546875,324.7342834472656,104.31232452392578,123.51458740234375,30.00017738342285,23.97587776184082,47.03752899169922,46.97172927856445,17.91485595703125,28.77852439880371,48.28817367553711,168.50018310546875,38.26077651977539,376.8781433105469,9.91003131866455,29.90435791015625,223.26991271972656,15.968670845031738,181.240478515625,61.21300506591797,488.2633056640625,475.3443603515625
2008-07-04,211.81407165527344,297.0617370605469,43.66893005371094,88.55807495117188,91.11759948730469,107.69414520263672,111.04821014404297,419.5462646484375,145.9508056640625,146.32681274414062,40.00262451171875,67.92245483398438,72.98307037353516,23.457433700561523,23.0257511138916,160.90675354003906,38.219234466552734,107.43978881835938,88.81544494628906,69.5501708984375,98.3159408569336,84.0414810180664,479.4792785644531,143.9767303466797,34.72822570800781,87.5961685180664,222.03799438476562,54.85147476196289,360.272216796875,352.3856506347656,106.02605438232422,122.66266632080078,29.74309730529785,23.113937377929688,47.48086166381836,48.72107696533203,18.417301177978516,29.146373748779297,48.817562103271484,174.57183837890625,38.17184829711914,378.38232421875,10.470598220825195,30.078683853149414,223.02027893066406,16.442842483520508,201.488037109375,62.814979553222656,493.86700439453125,480.0503845214844
2008-07-07,204.7767791748047,301.4111633300781,43.891571044921875,88.7854995727539,94.91671752929688,108.32188415527344,114.36032104492188,416.08441162109375,147.2901611328125,149.99375915527344,41.41977310180664,68.39128112792969,73.78923797607422,23.972469329833984,24.07940101623535,157.44236755371094,38.90555953979492,110.46953582763672,90.34374237060547,68.20348358154297,102.27880096435547,82.54290008544922,500.7535705566406,149.87155151367188,36.07719802856445,89.22552490234375,227.65830993652344,54.301490783691406,375.2537841796875,361.1222229003906,106.80070495605469,123.81525421142578,30.20012664794922,23.148414611816406,45.84054183959961,49.76323318481445,19.55213165283203,29.84744644165039,48.508758544921875,178.4442901611328,39.36017608642578,391.4662170410156,10.650782585144043,30.01088523864746,221.68124389648438,17.131147384643555,214.30445861816406,66.81156921386719,508.2899475097656,474.7109375
2008-07-08,199.8547821044922,294.5349426269531,43.73223114013672,87.20094299316406,97.82477569580078,108.85993957519531,118.829833984375,422.30340576171875,143.4794158935547,144.7266845703125,39.35719680786133,67.24049377441406,76.49229431152344,24.674787521362305,24.153091430664062,160.74588012695312,38.90854263305664,112.87779998779297,88.71123504638672,65.61434936523438,107.32807922363281,78.3895263671875,497.3025207519531,149.9430389404297,34.849937438964844,86.99787139892578,219.79898071289062,54.41147232055664,397.29193115234375,364.3878173828125,106.78507232666016,123.4917984008789,31.057071685791016,23.113937377929688,46.01787185668945,49.72602462768555,19.430858612060547,29.73059844970703,48.05878829956055,178.56382751464844,38.23652648925781,391.3527526855469,10.971105575561523,29.284574508666992,221.86282348632812,17.131147384643555,216.0446319580078,69.29798889160156,510.03515625,484.3492126464844
2008-07-09,209.9209442138672,309.1778564453125,46.19877624511719,91.21366882324219,100.26703643798828,120.00691223144531,128.12591552734375,444.5186767578125,151.52435302734375,151.83554077148438,40.634033203125,67.98445129394531,79.88299560546875,26.391565322875977,26.03199577331543,168.61318969726562,40.4393424987793,113.14971160888672,94.12976837158203,70.75786590576172,110.51490020751953,80.60694122314453,511.4999084472656,154.65887451171875,37.2943000793457,87.73619079589844,229.9695281982422,56.3547477722168,405.32989501953125,381.9455871582031,107.42674255371094,125.5519790649414,31.44270133972168,23.169099807739258,47.8798713684082,51.847572326660156,21.276050567626953,30.648052215576172,51.190940856933594,181.7908935546875,39.384429931640625,405.99755859375,11.291431427001953,30.349824905395508,228.9208984375,17.63590431213379,228.03794860839844,71.73014068603516,524.6355590820312,504.5756530761719
2008-07-10,206.63963317871094,307.2516784667969,46.02198028564453,92.13969421386719,100.16578674316406,121.68387603759766,127.5595474243164,446.1396789550781,150.081298828125,150.44793701171875,40.35807800292969,68.40290069580078,79.17169952392578,27.546489715576172,26.028310775756836,167.68545532226562,41.71052551269531,118.97615814208984,97.11689758300781,69.43721008300781,111.01158142089844,79.26429748535156,494.1135559082031,156.12367248535156,36.34090042114258,87.88469696044922,228.5709991455078,58.261348724365234,417.40557861328125,390.1307067871094,107.0472183227539,125.80738067626953,31.164196014404297,23.293216705322266,52.44618225097656,51.065940856933594,21.36268424987793,31.457317352294922,53.44080352783203,189.2728729248047,40.346412658691406,390.87030029296875,11.371511459350586,30.601612091064453,222.56634521484375,17.6206111907959,226.29779052734375,69.22705841064453,511.7503967285156,501.4078674316406
2008-07-11,203.55514526367188,308.55657958984375,46.615699768066406,88.36089324951172,98.8940200805664,119.3163833618164,124.72760772705078,414.73675537109375,138.01803588867188,139.7471923828125,38.557430267333984,65.83013916015625,76.82425689697266,26.235496520996094,25.394643783569336,163.20205688476562,39.75004196166992,120.5687026977539,94.6855239868164,69.5588607788086,110.21485137939453,74.22090148925781,493.4146728515625,152.9797821044922,35.40778350830078,89.26373291015625,224.7168731689453,58.99464416503906,411.1036071777344,383.9812316894531,107.0550308227539,125.73929595947266,30.450069427490234,23.031187057495117,49.03252410888672,50.09821701049805,19.976619720458984,31.020225524902344,53.881954193115234,182.43626403808594,38.58412170410156,378.4674987792969,10.810944557189941,31.44412612915039,220.319580078125,17.23822021484375,221.8296661376953,66.82826232910156,511.7966613769531,484.8809509277344
2008-07-14,206.3165283203125,304.80780029296875,45.03754425048828,86.46403503417969,101.89523315429688,113.77429962158203,121.26261138916016,420.48883056640625,132.70370483398438,129.63815307617188,37.706199645996094,67.86433410644531,79.19538879394531,26.2511043548584,25.055702209472656,157.37266540527344,40.785491943359375,116.5678939819336,96.70010375976562,71.2009506225586,113.00851440429688,75.97050476074219,496.6909484863281,157.26690673828125,34.20081329345703,89.2594985961914,226.397705078125,60.13127517700195,403.93353271484375,387.6285400390625,107.38807678222656,126.21597290039062,30.9071102142334,23.258737564086914,48.81086349487305,50.65652847290039,19.740671157836914,31.188997268676758,54.367218017578125,180.38055419921875,36.36916732788086,375.17529296875,10.790923118591309,31.134231567382812,218.231689453125,16.917003631591797,224.1107635498047,66.64470672607422,502.4339904785156,487.3141784667969
2008-07-15,199.6477813720703,294.1208190917969,40.08260726928711,79.03341674804688,95.7308120727539,107.09331512451172,114.43126678466797,401.5502624511719,129.7311248779297,128.7297821044922,35.377052307128906,65.4969253540039,77.01394653320312,25.15860939025879,24.329933166503906,146.81857299804688,38.666839599609375,107.36209869384766,92.010986328125,70.47982025146484,107.6591796875,73.80633544921875,479.9161682128906,151.26490783691406,32.54757308959961,88.22415161132812,223.4364776611328,59.141319274902344,397.48052978515625,362.4793395996094,104.77928924560547,125.87547302246094,29.735952377319336,22.307151794433594,44.59920120239258,49.09327697753906,18.805641174316406,30.37973976135254,48.95872497558594,176.69932556152344,34.3239631652832,371.7411193847656,10.270397186279297,30.214258193969727,216.8019256591797,16.473434448242188,210.11854553222656,60.94185256958008,490.892822265625,475.6993713378906
2008-07-16,196.22508239746094,302.7780456542969,39.44740676879883,77.62944030761719,92.0086441040039,104.82445526123047,109.90579986572266,398.8371276855469,125.83385467529297,128.9755859375,34.6380729675293,66.96154022216797,76.9902572631836,24.47189712524414,24.609928131103516,147.86434936523438,37.31508255004883,106.50755310058594,88.25968933105469,68.75952911376953,102.0925521850586,72.52456665039062,478.9987487792969,153.72999572753906,33.667396545410156,85.0290298461914,223.0885009765625,59.8012809753418,388.08416748046875,333.682861328125,104.67620849609375,119.01384735107422,30.264402389526367,22.210615158081055,44.111541748046875,48.5558967590332,19.40860366821289,31.020225524902344,46.68239974975586,178.92237854003906,34.76856994628906,362.20489501953125,10.050172805786133,29.914047241210938,217.23313903808594,16.3510684967041,202.75791931152344,59.66943359375,491.95892333984375,460.044677734375
2008-07-17,203.80250549316406,310.4411926269531,41.85065841674805,82.42386627197266,99.76075744628906,113.97158813476562,115.47940063476562,430.3808288574219,135.365234375,131.86744689941406,35.56412887573242,69.9411392211914,78.38920593261719,25.720460891723633,26.451988220214844,155.75840759277344,36.249786376953125,108.29432678222656,83.39689636230469,71.39210510253906,106.5003433227539,76.18350982666016,523.6005249023438,157.01683044433594,34.683536529541016,87.75741577148438,226.4896240234375,60.13127517700195,406.3110046386719,364.85430908203125,104.58106994628906,118.50303649902344,31.08074951171875,22.679513931274414,44.86520767211914,49.74580383300781,20.62328338623047,31.223623275756836,47.82938003540039,184.13345336914062,34.517967224121094,374.4373779296875,10.270397186279297,30.843704223632812,217.5508575439453,16.702869415283203,220.63035583496094,61.87214660644531,481.4838562011719,461.972900390625
2008-07-18,213.3588104248047,332.6644287109375,45.16196060180664,92.22183227539062,105.27713775634766,122.96626281738281,115.98497009277344,448.8085021972656,137.1971435546875,128.95895385742188,34.25924301147461,73.1531982421875,82.42009735107422,27.156309127807617,27.76352882385254,164.2960662841797,36.320281982421875,110.5860595703125,85.58515167236328,73.31222534179688,107.73160552978516,77.15338134765625,541.030517578125,157.0525665283203,36.54991149902344,89.08976745605469,225.3274688720703,60.791255950927734,407.40533447265625,390.9789123535156,105.4929428100586,125.21150207519531,32.09006118774414,22.631244659423828,46.77153015136719,51.54985809326172,21.57579803466797,32.94599914550781,48.509307861328125,188.8665008544922,32.666770935058594,385.7899169921875,10.790923118591309,31.182649612426758,218.73094177246094,16.993478775024414,221.78265380859375,60.86257553100586,500.1164855957031,470.0527038574219
2008-07-21,217.36207580566406,330.7796936035156,47.3098258972168,96.03048706054688,109.56227111816406,125.08264923095703,117.99491882324219,442.5367736816406,140.4722137451172,130.11737060546875,34.89531326293945,74.02500915527344,86.07164001464844,28.68579864501953,27.586685180664062,161.56101989746094,36.718692779541016,110.81913757324219,86.83557891845703,72.77354431152344,109.3870849609375,79.37081146240234,565.4065551757812,162.91168212890625,37.16166687011719,90.18875122070312,226.92291259765625,59.47129440307617,408.87713623046875,393.5235900878906,105.69910430908203,125.1944351196289,34.35358810424805,22.858800888061523,46.372535705566406,52.58622741699219,22.74677848815918,32.31416320800781,49.8832893371582,193.00192260742188,31.745208740234375,407.4449462890625,10.630759239196777,30.775922775268555,218.9806365966797,16.8099365234375,227.8028106689453,60.18673324584961,499.1893310546875,468.99676513671875
2008-07-22,217.29139709472656,322.3502197265625,48.07817459106445,98.83097839355469,113.68133544921875,131.8354034423828,125.8497314453125,453.09832763671875,143.7645721435547,131.5341033935547,36.929832458496094,74.71469116210938,87.70771789550781,29.856332778930664,26.871978759765625,171.33213806152344,38.3460807800293,114.70343017578125,93.26139831542969,71.60931396484375,113.06024169921875,84.771728515625,513.5532836914062,166.2699432373047,39.37022018432617,90.2269287109375,237.03524780273438,59.397945404052734,427.1038513183594,385.04150390625,104.56916809082031,125.0582275390625,36.11986541748047,23.637996673583984,46.77153015136719,53.891292572021484,22.772998809814453,32.86811065673828,51.877471923828125,200.00584411621094,33.095218658447266,412.0996398925781,10.710841178894043,31.211700439453125,222.15786743164062,17.207626342773438,235.0458526611328,60.81668472290039,500.9043884277344,482.9069519042969
2008-07-23,228.91748046875,338.09075927734375,52.58781814575195,110.33165740966797,125.01385498046875,136.96498107910156,142.66915893554688,488.50909423828125,148.72459411621094,133.5300750732422,38.15052032470703,77.07047271728516,90.31593322753906,31.963294982910156,27.726688385009766,190.20394897460938,40.917396545410156,118.04393768310547,101.28504180908203,76.6051025390625,114.62261962890625,85.53241729736328,531.20166015625,164.94810485839844,39.73312759399414,94.27069091796875,245.75982666015625,61.67124557495117,446.19866943359375,420.2842712402344,106.14713287353516,124.61555480957031,39.140377044677734,25.920427322387695,52.091514587402344,60.339813232421875,23.63812828063965,35.724334716796875,56.30475997924805,222.90597534179688,34.73623275756836,425.6661071777344,11.471611022949219,31.98642349243164,222.8614044189453,18.1253662109375,261.71331787109375,64.48786926269531,530.5684204101562,517.24609375
2008-07-24,233.0318145751953,331.23529052734375,52.993812561035156,109.06205749511719,119.78907775878906,136.36415100097656,142.78013610839844,478.2557067871094,138.70079040527344,130.61740112304688,38.136497497558594,79.58900451660156,87.99221801757812,30.839570999145508,27.818788528442383,185.2969512939453,38.67094039916992,118.1216049194336,98.78414916992188,76.51823425292969,112.33594512939453,79.70169830322266,540.9432983398438,162.697265625,39.505008697509766,95.25934600830078,245.36361694335938,60.97459030151367,422.5000305175781,430.6748046875,105.71892547607422,123.37257385253906,37.41119384765625,26.320375442504883,51.249183654785156,59.764060974121094,23.05263328552246,34.97563934326172,58.62335205078125,223.87603759765625,33.95210647583008,433.073486328125,11.311448097229004,31.29886245727539,221.84011840820312,18.00299835205078,258.1390686035156,66.5445785522461,503.31451416015625,533.03857421875
2008-07-25,216.78152465820312,330.0755310058594,49.176109313964844,98.09163665771484,116.96604919433594,127.85374450683594,138.00804138183594,462.54119873046875,138.121826171875,129.2298126220703,38.09907913208008,76.2219467163086,89.01181030273438,30.90201187133789,27.023019790649414,177.40286254882812,37.85264205932617,116.06295013427734,96.70010375976562,74.07679748535156,111.84967041015625,76.8224868774414,536.7932739257812,166.62718200683594,39.22506332397461,94.79682922363281,246.76730346679688,60.42460632324219,432.72662353515625,415.19512939453125,108.05809783935547,124.27498626708984,37.58930969238281,25.69287109375,52.35751724243164,59.11152648925781,22.842905044555664,33.60380172729492,58.55656814575195,211.22535705566406,32.933536529541016,429.78131103515625,11.611751556396484,30.698448181152344,221.56781005859375,18.676010131835938,259.6910095214844,65.17206573486328,510.6842956542969,555.5794067382812
2008-07-28,220.09320068359375,329.371337890625,49.2088508605957,99.08489227294922,114.8194351196289,125.06475830078125,142.336181640625,479.2160339355469,139.34022521972656,128.29638671875,38.145851135253906,78.39173126220703,87.61287689208984,30.652299880981445,27.22933006286621,176.94171142578125,37.025169372558594,113.53812408447266,95.20653533935547,74.09418487548828,109.61473083496094,80.08966064453125,533.5169677734375,164.94810485839844,39.53612518310547,96.60017395019531,243.9598388671875,60.13127517700195,447.8212890625,423.63482666015625,109.46952819824219,126.02870178222656,37.30729675292969,26.058340072631836,52.84517288208008,59.45697784423828,22.71182632446289,33.763919830322266,59.2340087890625,206.2476043701172,32.60209655761719,432.1369934082031,11.811955451965332,31.25044822692871,222.79330444335938,18.828962326049805,257.4099426269531,64.79241180419922,521.0203247070312,569.0762329101562
2008-07-29,210.3197784423828,322.2259216308594,44.93495559692383,90.76558685302734,106.81622314453125,111.14674377441406,129.24073791503906,448.64984130859375,139.80685424804688,128.40054321289062,37.66410827636719,76.21031188964844,84.64895629882812,29.419330596923828,26.768810272216797,170.94601440429688,35.82379150390625,108.13898468017578,91.21210479736328,68.87248229980469,103.43766021728516,79.19204711914062,494.8562927246094,169.91400146484375,39.31837463378906,97.59308624267578,240.27923583984375,58.334686279296875,429.06622314453125,400.3515319824219,107.1224365234375,126.52247619628906,33.767295837402344,24.37582015991211,48.98819351196289,56.84688186645508,21.628225326538086,33.015254974365234,57.736000061035156,196.53497314453125,32.25448989868164,417.52044677734375,12.432584762573242,32.94516372680664,219.1394805908203,18.354801177978516,241.3482208251953,62.78162384033203,504.473388671875,554.5693969726562
2008-07-30,218.6392822265625,335.4811706542969,47.76166915893555,95.00737762451172,112.42982482910156,121.82734680175781,134.33343505859375,456.3045959472656,144.9915771484375,133.513427734375,39.53492736816406,76.75662994384766,81.04486083984375,30.652299880981445,27.60511016845703,178.81332397460938,38.62496566772461,108.72160339355469,94.3729248046875,72.25223541259766,106.25199890136719,84.75651550292969,513.5968017578125,170.52137756347656,39.04878234863281,100.99186706542969,248.48001098632812,60.13127517700195,446.61370849609375,415.3222961425781,108.00658416748047,129.72341918945312,36.847171783447266,25.403261184692383,50.36251449584961,58.535762786865234,22.720569610595703,33.37010955810547,58.785560607910156,215.0618438720703,32.949703216552734,444.3126220703125,13.013171195983887,33.86514663696289,219.9110870361328,18.538349151611328,246.42779541015625,62.53547286987305,518.3784790039062,557.5076293945312
2008-07-31,222.87979125976562,330.8419189453125,47.94065856933594,95.18659210205078,114.80325317382812,117.28071594238281,130.84375,459.0266418457031,144.6099853515625,131.9633026123047,38.85675811767578,77.20219421386719,80.78402709960938,29.575414657592773,27.67510986328125,180.40606689453125,40.15427780151367,109.8092041015625,99.01941680908203,70.11490631103516,108.17652130126953,88.06551361083984,502.9378356933594,171.23585510253906,38.73773193359375,102.21392822265625,242.75762939453125,59.72796630859375,447.8805236816406,433.8555908203125,109.52505493164062,139.5646514892578,38.04201126098633,25.196392059326172,50.1408576965332,57.46101379394531,23.358489990234375,30.998586654663086,60.98966598510742,218.84976196289062,32.39192581176758,456.28961181640625,12.832991600036621,35.2015266418457,218.68560791015625,18.17125129699707,257.5744934082031,61.46331787109375,534.9253540039062,544.9744873046875
2008-08-01,231.97669982910156,339.72698974609375,48.383766174316406,95.9483413696289,121.87490844726562,121.9439468383789,139.42608642578125,473.88665771484375,145.8067626953125,136.63027954101562,40.582584381103516,77.30294036865234,83.84278869628906,30.433801651000977,28.784027099609375,188.22508239746094,41.67131805419922,109.53730010986328,101.7298355102539,68.68135070800781,108.19721984863281,84.92385864257812,491.14300537109375,167.8775634765625,38.7999382019043,102.71461486816406,246.22325134277344,60.68126678466797,443.2743835449219,441.1925048828125,108.85103607177734,136.2615509033203,40.94376754760742,27.071989059448242,51.825523376464844,60.64689636230469,23.63812828063965,31.552520751953125,63.09834289550781,218.14556884765625,33.50748825073242,451.23773193359375,12.63278865814209,36.06341552734375,220.7734832763672,18.767784118652344,270.5085144042969,66.57378387451172,525.1920166015625,546.7650146484375
2008-08-04,226.40342712402344,338.0079345703125,48.40341567993164,95.65708923339844,122.3569107055664,126.63411712646484,136.71331787109375,468.1698913574219,141.41864013671875,138.24708557128906,40.35807800292969,76.10957336425781,82.8706283569336,30.621076583862305,28.38983726501465,184.07960510253906,42.38846969604492,110.43069458007812,106.20032501220703,68.98542022705078,107.69023132324219,85.15589141845703,500.3604431152344,169.83602905273438,38.945091247558594,103.97482299804688,254.26283264160156,60.75459671020508,449.53125,436.56976318359375,108.25238037109375,137.9130859375,41.27031326293945,27.616743087768555,53.73184585571289,62.642852783203125,23.32354164123535,32.084808349609375,65.93218231201172,211.6867218017578,35.55270767211914,451.3796691894531,12.91307258605957,35.95689010620117,219.4571990966797,19.440792083740234,273.49505615234375,72.7647476196289,531.7272338867188,546.3057861328125
2008-08-05,229.8009490966797,347.9907531738281,51.710330963134766,103.67020416259766,127.85706329345703,136.4090118408203,144.77774047851562,475.3577880859375,143.9075164794922,139.8888397216797,41.86408615112305,77.72915649414062,86.68811798095703,31.994504928588867,29.5429630279541,189.83396911621094,41.4292106628418,110.66375732421875,106.41153717041016,71.00981903076172,114.11563873291016,83.82086181640625,536.443603515625,174.04293823242188,39.432430267333984,104.92527770996094,269.8045959472656,64.16448974609375,472.9077453613281,468.29254150390625,108.90258026123047,140.97781372070312,44.402137756347656,29.513017654418945,57.36717224121094,68.17018127441406,24.546955108642578,32.513248443603516,63.15559387207031,216.20303344726562,38.81855392456055,470.4804382324219,13.59376049041748,35.76321792602539,221.68124389648438,19.48668098449707,273.7537536621094,69.71516418457031,567.4630126953125,572.8408813476562
2008-08-06,232.07769775390625,360.1275329589844,53.10295486450195,105.54467010498047,123.00492858886719,133.270263671875,148.41539001464844,486.44775390625,149.25836181640625,141.6222686767578,42.38322830200195,78.80245208740234,85.64484405517578,31.182933807373047,29.432437896728516,196.1138458251953,39.59035873413086,110.11995697021484,102.92666625976562,74.58940887451172,116.66095733642578,80.89979553222656,569.3815307617188,178.21356201171875,39.38058853149414,105.01866912841797,274.45233154296875,65.04444885253906,489.6053771972656,462.35516357421875,108.58940124511719,145.57489013671875,41.75270080566406,29.9405460357666,57.98783874511719,70.89544677734375,24.450830459594727,32.55220031738281,61.84839630126953,223.65748596191406,36.98353958129883,465.0028381347656,13.368903160095215,34.9981803894043,221.36355590820312,19.05840301513672,263.7828063964844,65.54335021972656,586.5128784179688,594.3256225585938
2008-08-07,229.4525909423828,351.82232666015625,54.68548583984375,105.73883056640625,123.3856430053711,133.8980255126953,148.2797393798828,485.98974609375,148.00958251953125,143.8557891845703,42.055843353271484,79.37976837158203,87.0675048828125,31.104904174804688,29.977685928344727,190.03778076171875,39.50761413574219,110.66375732421875,103.38428497314453,77.56951141357422,119.04072570800781,79.89568328857422,586.8553466796875,175.71116638183594,39.80571746826172,105.33690643310547,280.58441162109375,65.9244155883789,490.7571105957031,472.4488525390625,109.01361846923828,146.06869506835938,42.07182312011719,29.67851448059082,56.569183349609375,70.58837890625,25.473247528076172,32.75127029418945,62.201438903808594,222.224853515625,36.13473129272461,465.7690124511719,13.511994361877441,35.947200775146484,222.8614044189453,18.981924057006836,264.9350891113281,65.6393051147461,589.062255859375,589.73486328125
2008-08-08,227.35255432128906,348.3013916015625,56.01480484008789,109.27118682861328,122.9482421875,131.85336303710938,157.36766052246094,499.68719482421875,146.57858276367188,139.97630310058594,40.93803405761719,82.444580078125,87.70771789550781,30.574256896972656,30.036630630493164,191.2765655517578,39.99184036254883,112.5282211303711,102.57465362548828,76.57903289794922,119.14420318603516,80.6601791381836,593.3644409179688,175.52989196777344,39.422061920166016,105.12470245361328,273.7403564453125,64.66093444824219,483.195068359375,466.29931640625,107.09468841552734,145.77923583984375,42.54679489135742,29.781946182250977,57.899173736572266,71.16413116455078,24.712987899780273,31.959308624267578,66.18981170654297,218.5098419189453,36.41765213012695,466.42169189453125,13.491549491882324,36.49919891357422,220.36497497558594,18.93603515625,256.1164855957031,66.2984390258789,588.227783203125,586.8887939453125
2008-08-11,234.7684326171875,350.2483215332031,57.2546272277832,115.1783218383789,129.440673828125,136.2386016845703,163.08921813964844,509.58795166015625,144.64468383789062,139.2096710205078,41.4104118347168,85.66055297851562,88.11078643798828,30.855188369750977,30.913455963134766,196.38198852539062,39.52293395996094,112.21744537353516,103.20828247070312,77.8388442993164,122.1033706665039,82.00279235839844,628.3993530273438,175.49356079101562,40.189353942871094,106.47405242919922,278.206787109375,65.62711334228516,483.386962890625,482.41510009765625,109.03343200683594,144.40011596679688,43.99395751953125,31.995420455932617,58.56417465209961,71.62476348876953,25.24604034423828,32.68635940551758,66.39019012451172,219.0197296142578,37.9293327331543,470.1113586425781,14.186570167541504,37.26423645019531,222.2952117919922,19.30313491821289,263.61822509765625,67.26630401611328,593.001953125,595.1062622070312
2008-08-12,236.98965454101562,341.01104736328125,55.22681427001953,110.62287902832031,126.0466079711914,129.23480224609375,158.61309814453125,501.3343200683594,142.0950927734375,133.6676483154297,40.53113555908203,84.33540344238281,87.80252838134766,30.324548721313477,30.895038604736328,193.9687042236328,37.26115798950195,110.62490844726562,100.99063110351562,75.78839111328125,123.02429962158203,78.91818237304688,593.277099609375,176.21890258789062,40.58335876464844,106.58439636230469,278.5560302734375,65.51563262939453,482.1585998535156,481.01556396484375,108.02638244628906,143.99148559570312,42.2276725769043,31.361024856567383,56.569183349609375,67.47927856445312,25.665502548217773,32.249267578125,64.53913116455078,217.32005310058594,37.37155532836914,465.8258056640625,13.757293701171875,36.85751724243164,222.57093811035156,18.89015007019043,268.0157165527344,64.66309356689453,589.75732421875,585.97021484375
2008-08-13,235.93959045410156,340.0169982910156,53.144432067871094,106.14958190917969,125.83197021484375,130.05084228515625,161.05459594726562,491.160400390625,143.66476440429688,135.50521850585938,40.47032928466797,83.9944839477539,88.39530181884766,30.449411392211914,30.821346282958984,191.6036834716797,37.414390563964844,108.44969177246094,101.4130630493164,75.27578735351562,122.78632354736328,77.51852416992188,584.8895263671875,176.762939453125,40.42783737182617,108.13739013671875,279.0329284667969,65.06969451904297,482.1202697753906,465.02703857421875,109.65985107421875,141.19918823242188,40.29811096191406,30.761117935180664,55.41651153564453,65.36812591552734,24.267311096191406,32.084808349609375,60.302669525146484,218.2184600830078,37.266483306884766,464.0662841796875,13.59376049041748,36.4023551940918,220.8935089111328,18.783077239990234,261.5487365722656,63.93719482421875,589.2939453125,584.0423583984375
2008-08-14,229.86656188964844,339.0849914550781,51.28687286376953,100.5859375,117.87732696533203,125.54900360107422,151.5967559814453,468.82171630859375,144.5146484375,141.13479614257812,40.16632843017578,82.63057708740234,86.07164001464844,29.715871810913086,30.732934951782227,183.17327880859375,37.78828811645508,105.61417388916016,100.95545196533203,75.06726837158203,121.14115905761719,78.74703216552734,572.6100463867188,173.8253173828125,39.639808654785156,105.6381607055664,276.29266357421875,62.84003448486328,467.9560852050781,424.1011962890625,110.24664306640625,143.6509552001953,37.849056243896484,28.237333297729492,53.33285140991211,62.374183654785156,22.799205780029297,31.85544776916504,60.92286682128906,207.51025390625,38.17184829711914,445.1356506347656,13.08271598815918,36.353939056396484,220.41094970703125,18.966625213623047,262.1837158203125,64.33768463134766,574.091064453125,580.0943603515625
2008-08-18,224.62648010253906,335.1497497558594,52.5419807434082,99.32386016845703,117.86521911621094,124.20381164550781,147.53990173339844,474.7939758300781,145.9628448486328,142.0390167236328,40.409523010253906,83.25828552246094,85.5262680053711,29.372507095336914,29.023494720458984,181.67703247070312,36.95161437988281,100.64225769042969,98.31537628173828,73.90303802490234,117.50940704345703,78.29747009277344,563.4553833007812,175.1671600341797,38.87251663208008,106.17279052734375,263.3569030761719,59.495487213134766,456.3252868652344,424.2284240722656,110.21887969970703,142.40805053710938,38.34628677368164,28.7269229888916,52.62350845336914,62.067100524902344,22.729312896728516,31.639076232910156,60.81791305541992,207.41317749023438,37.00776672363281,449.6483459472656,12.632997512817383,35.61794662475586,219.37693786621094,18.5842342376709,255.41098022460938,64.38774871826172,568.8071899414062,552.2281494140625
2008-08-19,224.1014862060547,328.02508544921875,52.686038970947266,101.22071838378906,116.84455108642578,121.92601776123047,141.3250732421875,471.2793884277344,145.9108428955078,141.07225036621094,40.451622009277344,82.38648223876953,86.19017791748047,28.826263427734375,29.06402587890625,179.97169494628906,36.65433883666992,102.97283172607422,98.77297973632812,73.31222534179688,116.16429138183594,78.13224792480469,542.6810913085938,176.54531860351562,38.053382873535156,100.48695373535156,263.1015930175781,59.5698127746582,430.184814453125,424.82220458984375,110.78582763671875,142.93580627441406,38.383392333984375,28.885520935058594,52.62350845336914,60.76205062866211,23.227407455444336,31.193330764770508,60.50304412841797,209.3799591064453,36.44999694824219,448.0306701660156,13.103157997131348,35.72447967529297,212.0926971435547,18.308914184570312,259.54986572265625,64.26261138916016,566.9530639648438,558.2880249023438
2008-08-20,226.80230712890625,338.0079345703125,54.05465316772461,101.38501739501953,116.92555236816406,120.84986114501953,142.17593383789062,481.03228759765625,145.97152709960938,141.61813354492188,40.563873291015625,80.25929260253906,87.20977783203125,29.154022216796875,29.414016723632812,186.04779052734375,37.126304626464844,103.7885513305664,104.3698959350586,73.80744171142578,113.70174407958984,78.68555450439453,550.2513427734375,176.3276824951172,37.9496955871582,102.01024627685547,272.5516052246094,60.461666107177734,434.9829406738281,433.00732421875,112.59374237060547,143.736083984375,38.28691864013672,28.520055770874023,53.776180267333984,62.29741287231445,23.742990493774414,31.245256423950195,60.836997985839844,210.73976135253906,36.99969482421875,456.9139404296875,13.205367088317871,35.966575622558594,214.04583740234375,18.798377990722656,263.9004211425781,64.05818176269531,562.08642578125,558.1502075195312
2008-08-21,223.39976501464844,331.06964111328125,50.91797637939453,96.14250183105469,108.79676818847656,116.41980743408203,135.8501434326172,465.6100158691406,141.85218811035156,138.46377563476562,39.38526916503906,78.29097747802734,82.2778549194336,28.841880798339844,29.122272491455078,179.22621154785156,36.01993179321289,99.78771209716797,101.55384063720703,72.2435531616211,111.71515655517578,78.62408447265625,544.4857177734375,171.03277587890625,37.79417037963867,101.83626556396484,263.9680480957031,58.71506881713867,421.5097961425781,408.62158203125,113.01005554199219,141.65884399414062,37.52251052856445,27.864974975585938,51.825523376464844,59.91759490966797,22.956514358520508,31.015901565551758,60.1023063659668,201.05142211914062,35.94880676269531,455.6368103027344,12.960067749023438,36.4023551940918,214.20669555664062,18.920738220214844,259.9731750488281,63.14455795288086,548.6449584960938,558.8847045898438
2008-08-22,226.6457977294922,335.3983154296875,52.12507247924805,96.26946258544922,108.87776184082031,121.93497467041016,140.26463317871094,461.50860595703125,142.05169677734375,141.38478088378906,39.17012023925781,78.9806900024414,80.8788833618164,28.545337677001953,29.043720245361328,184.095703125,36.393829345703125,104.60425567626953,105.74270629882812,74.25924682617188,113.61895751953125,80.71437072753906,555.885009765625,177.63328552246094,37.78379440307617,102.35819244384766,259.4478454589844,59.45832061767578,429.2636413574219,411.29339599609375,112.97037506103516,141.69287109375,37.78968811035156,27.685693740844727,52.57917785644531,61.33781433105469,22.87786293029785,31.106775283813477,59.43439483642578,204.1837158203125,35.997310638427734,454.7286376953125,13.246249198913574,36.8671989440918,213.6781768798828,18.446577072143555,260.65521240234375,63.67437744140625,543.6390991210938,558.2421875
2008-08-25,225.35342407226562,338.21502685546875,52.72314453125,98.15138244628906,109.93489074707031,122.96626281738281,143.91458129882812,462.03125,141.91294860839844,142.21405029296875,39.28704071044922,78.62033081054688,81.09229278564453,28.857481002807617,29.028762817382812,181.14077758789062,35.869754791259766,104.48773193359375,106.05953216552734,75.36266326904297,116.95066833496094,78.5818099975586,550.7796020507812,176.54531860351562,38.14670181274414,102.21392822265625,263.6053466796875,59.5698127746582,425.348388671875,420.0298767089844,112.99815368652344,143.0550079345703,39.33333206176758,28.016679763793945,52.1801872253418,62.412567138671875,23.096330642700195,30.864439010620117,59.60613250732422,200.68716430664062,36.23173141479492,455.9490966796875,13.287135124206543,37.18675994873047,212.89695739746094,18.40068817138672,261.99554443359375,63.36566162109375,549.3865966796875,555.3040161132812
2008-08-26,220.0376434326172,335.02545166015625,54.62654495239258,99.55536651611328,111.03250885009766,121.89910888671875,147.4042510986328,463.927001953125,144.66207885742188,141.5098114013672,40.1569709777832,78.72496795654297,81.6139144897461,28.9043025970459,29.275619506835938,184.68563842773438,35.413116455078125,105.34225463867188,105.3907241821289,75.2236557006836,118.62686920166016,79.02755737304688,554.0804443359375,179.41036987304688,38.34370803833008,101.88294219970703,263.1217346191406,60.31303024291992,431.4898681640625,422.447265625,113.1091537475586,142.39097595214844,40.26842498779297,27.74085807800293,54.75150680541992,63.065093994140625,23.043899536132812,30.3234806060791,59.61567687988281,200.760009765625,37.25030517578125,453.7920837402344,13.287135124206543,38.57158279418945,217.88327026367188,18.415985107421875,263.0302734375,62.59804916381836,548.3668212890625,541.3939819335938
2008-08-27,216.87242126464844,333.3892517089844,53.87130355834961,97.07601165771484,107.81663513183594,121.48660278320312,141.81832885742188,456.627685546875,141.95628356933594,142.35983276367188,39.87168502807617,78.00814819335938,81.23453521728516,28.32683563232422,29.563623428344727,180.41140747070312,35.63377380371094,108.13898468017578,107.00994873046875,73.47730255126953,119.16490936279297,77.77875518798828,551.1757202148438,178.79380798339844,38.14670181274414,101.38225555419922,261.75830078125,59.34683609008789,428.61102294921875,406.1617431640625,113.15274047851562,141.5396270751953,40.01609420776367,27.602949142456055,52.97818374633789,61.60649871826172,22.83416748046875,30.747587203979492,59.96872329711914,200.80857849121094,37.16139221191406,459.9791564941406,13.062275886535645,39.0267333984375,216.9871063232422,18.247732162475586,262.3012390136719,61.84294891357422,553.6044921875,533.3599853515625
2008-08-28,209.08294677734375,333.2443542480469,52.958900451660156,94.47715759277344,106.06288146972656,120.26698303222656,137.16958618164062,443.0568542480469,137.42941284179688,141.62644958496094,38.735145568847656,77.4346923828125,80.85340881347656,27.90544891357422,28.83426284790039,174.7804412841797,35.05760192871094,104.76734161376953,104.89790344238281,72.19142150878906,117.68531036376953,77.97086334228516,553.9924926757812,173.71653747558594,38.053382873535156,101.78534698486328,260.0657653808594,58.49212646484375,420.8572692871094,398.2310485839844,113.02985382080078,143.00392150878906,40.65433883666992,27.58915138244629,50.00786209106445,61.26103591918945,23.402183532714844,30.254247665405273,60.283592224121094,191.7515411376953,36.2155647277832,466.6488952636719,12.75564956665039,38.90084457397461,218.82542419433594,17.95711326599121,252.94180297851562,62.497947692871094,542.6193237304688,517.9346923828125
2008-08-29,215.68101501464844,346.913818359375,55.73541259765625,100.35443878173828,113.71778869628906,129.7459259033203,149.27853393554688,459.5245666503906,140.8722686767578,145.76840209960938,40.44695281982422,79.29454040527344,83.33091735839844,29.06036949157715,29.571107864379883,183.1786651611328,36.819828033447266,106.33104705810547,109.89640045166016,76.52690887451172,119.74432373046875,80.75279235839844,571.8178100585938,177.99591064453125,39.131744384765625,104.31854248046875,260.3411560058594,59.6812858581543,431.7203369140625,418.24859619140625,114.25494384765625,139.46250915527344,42.079246520996094,29.706096649169922,53.37718200683594,64.29338073730469,23.463356018066406,31.154382705688477,63.0506477355957,201.31845092773438,37.69491195678711,470.3951416015625,13.368903160095215,38.222965240478516,222.5019989013672,18.263029098510742,257.7626953125,63.745304107666016,547.9033203125,540.8886108398438
2008-09-01,216.23126220703125,338.09075927734375,56.678367614746094,99.32386016845703,114.66960906982422,129.65626525878906,146.33143615722656,454.62567138671875,141.34925842285156,143.61830139160156,40.601295471191406,79.90670776367188,82.52095794677734,29.044649124145508,29.810487747192383,185.41241455078125,35.8084602355957,106.11385345458984,108.45317840576172,76.06642150878906,118.5544204711914,79.91897583007812,557.6456298828125,175.49356079101562,39.80571746826172,101.71746063232422,260.703857421875,59.53266143798828,432.7950744628906,419.0544738769531,114.31838989257812,141.31834411621094,43.04402542114258,30.478395462036133,53.598846435546875,64.25499725341797,23.017681121826172,30.49225616455078,62.75484848022461,197.55482482910156,39.1904182434082,481.3505554199219,13.57331657409668,38.513484954833984,225.14450073242188,18.04888343811035,252.68312072753906,62.68564987182617,555.1802368164062,535.1502075195312
2008-09-02,223.4098663330078,345.7332458496094,58.48353576660156,106.64990997314453,123.36944580078125,136.28343200683594,160.48736572265625,476.18682861328125,147.22039794921875,147.94772338867188,42.182125091552734,85.43196105957031,84.40290069580078,30.57001304626465,30.39772605895996,192.253662109375,36.11800003051758,107.59066772460938,108.80519104003906,74.68497467041016,121.15149688720703,82.25132751464844,585.5938720703125,179.15647888183594,40.31378936767578,103.5123291015625,268.77032470703125,60.536014556884766,450.49078369140625,449.71697998046875,114.81793975830078,141.84613037109375,44.46150588989258,31.836822509765625,55.19485092163086,66.9418716430664,24.485782623291016,30.708637237548828,63.20329284667969,207.92306518554688,40.3544921875,488.19049072265625,13.6346435546875,38.75558090209961,239.1155242919922,18.40068817138672,267.0986022949219,63.382347106933594,566.3507080078125,557.9207153320312
2008-09-04,217.30148315429688,342.06732177734375,56.885738372802734,107.03825378417969,124.31717681884766,131.68296813964844,157.7252197265625,473.1838684082031,146.42250061035156,149.09368896484375,41.92020034790039,82.78945922851562,82.94976043701172,29.92526626586914,31.459976196289062,190.1328887939453,35.71958541870117,110.06652069091797,105.95390319824219,74.25055694580078,121.9275131225586,84.07650756835938,605.3556518554688,174.55064392089844,39.22506332397461,103.47837829589844,271.3292236328125,61.09342956542969,451.4120788574219,443.65228271484375,115.79324340820312,140.4840087890625,44.825157165527344,32.305721282958984,55.6872673034668,67.1338119506836,24.372177124023438,30.76056671142578,63.02201843261719,210.73976135253906,40.68592071533203,493.9518737792969,13.57331657409668,39.65620422363281,237.6678924560547,18.981924057006836,261.078369140625,61.02528381347656,560.27880859375,550.2996826171875
2008-09-05,210.09764099121094,332.7886962890625,54.504302978515625,102.57241821289062,123.11427307128906,123.26221466064453,148.99493408203125,463.4751281738281,145.41653442382812,142.7015380859375,39.7407112121582,83.06838989257812,82.66390228271484,29.26479721069336,31.160749435424805,186.4781951904297,34.34658432006836,107.46035766601562,102.89148712158203,72.9907455444336,120.61345672607422,82.72396850585938,598.7977905273438,177.77835083007812,39.38058853149414,102.099365234375,262.60455322265625,59.82994079589844,449.0704345703125,419.13922119140625,111.68976593017578,139.3773193359375,43.734214782714844,31.464462280273438,54.25477981567383,68.20855712890625,23.87407875061035,30.79951286315918,61.71481704711914,206.66043090820312,39.513771057128906,488.30401611328125,14.023036003112793,38.75558090209961,234.35899353027344,18.706602096557617,257.4334411621094,59.28562927246094,545.4932250976562,543.8270874023438
2008-09-08,215.3780975341797,339.5820007324219,56.80060577392578,107.60580444335938,128.9385223388672,127.56675720214844,153.27374267578125,484.9919128417969,148.59059143066406,145.84765625,40.57322692871094,86.34656524658203,86.4992904663086,30.805883407592773,31.92751121520996,192.8779754638672,34.87678909301758,109.3281021118164,106.02434539794922,75.84052276611328,122.95184326171875,84.93336486816406,611.5174560546875,183.47219848632812,40.749267578125,101.84899139404297,270.3687744140625,62.35692596435547,461.69940185546875,434.57647705078125,113.27169799804688,143.51473999023438,44.58025360107422,31.864408493041992,55.46342849731445,69.66716766357422,24.450830459594727,31.284212112426758,60.13093185424805,218.4855499267578,41.47005081176758,489.0703430175781,14.104805946350098,38.44569396972656,234.2900390625,18.767784118652344,259.2676696777344,59.78207015991211,539.513916015625,545.112548828125
2008-09-09,216.32212829589844,346.6652526855469,56.47318649291992,106.35869598388672,126.24102783203125,127.34257507324219,152.7435302734375,485.2489929199219,149.99551391601562,145.79762268066406,40.7088508605957,86.55855560302734,85.52259063720703,30.91596031188965,31.901336669921875,188.46971130371094,34.545799255371094,109.5452880859375,105.28511047363281,75.45989227294922,120.5099868774414,83.4809341430664,623.2689819335938,182.4205322265625,40.355255126953125,101.46713256835938,272.43072509765625,62.17109680175781,459.01239013671875,426.3065490722656,110.86115264892578,142.56126403808594,43.504146575927734,30.830074310302734,54.52337646484375,68.47726440429688,24.075056076049805,31.002910614013672,58.61381912231445,216.83438110351562,41.17905044555664,481.1763916015625,13.859504699707031,37.85496139526367,231.440673828125,18.614830017089844,257.97430419921875,59.66526794433594,540.1166381835938,548.23388671875
2008-09-10,210.2743377685547,336.3510437011719,55.691741943359375,104.70079040527344,126.90525817871094,127.42326354980469,151.78173828125,481.1918029785156,147.5845947265625,146.65597534179688,40.40018081665039,84.6387939453125,84.85557556152344,30.648622512817383,32.15193557739258,184.27670288085938,32.801963806152344,108.37252044677734,97.99857330322266,75.28944396972656,119.40287017822266,80.79122161865234,612.39794921875,181.80397033691406,40.448570251464844,102.2478256225586,274.76123046875,62.31974411010742,463.3114013671875,425.5856018066406,110.47260284423828,139.5305633544922,45.91609191894531,30.30600929260254,53.1804313659668,68.59241485595703,23.83037567138672,30.17201805114746,57.44974899291992,216.4215850830078,40.29789733886719,486.2842712402344,13.695965766906738,38.24232482910156,225.4432373046875,18.84425926208496,255.03472900390625,55.172218322753906,547.7643432617188,538.45556640625
2008-09-11,201.66708374023438,321.8323974609375,54.70075988769531,102.55001831054688,124.6614761352539,126.29332733154297,150.32666015625,472.0943298339844,145.1217041015625,145.8975830078125,39.923126220703125,81.33709716796875,82.54476165771484,29.830915451049805,31.96492576599121,179.27093505859375,32.262550354003906,106.28759765625,95.53453826904297,76.10585021972656,116.2574234008789,77.90555572509766,598.0054321289062,179.0476837158203,39.74349594116211,102.892822265625,271.3762512207031,60.647491455078125,457.8991394042969,411.3358154296875,108.75191497802734,139.3943634033203,45.81962203979492,30.050870895385742,52.68801498413086,68.24696350097656,23.05263328552246,29.985933303833008,56.314292907714844,213.24072265625,38.446712493896484,485.7037658691406,13.368903160095215,37.13833999633789,221.39903259277344,18.415985107421875,251.6483612060547,55.6227912902832,543.8245849609375,531.1563110351562
2008-09-12,195.12960815429688,322.61944580078125,54.33842086791992,97.50167846679688,122.60395050048828,124.21281433105469,142.5951690673828,467.567626953125,140.58609008789062,137.00953674316406,39.254310607910156,80.35560607910156,82.8782958984375,30.129688262939453,31.456239700317383,182.8449249267578,32.0970573425293,105.41888427734375,98.59700012207031,74.13209533691406,113.43273162841797,77.04483795166016,619.1318359375,180.46206665039062,39.6916618347168,102.74853515625,265.888916015625,59.272518157958984,454.52117919921875,395.64410400390625,106.66252899169922,137.89605712890625,45.96063232421875,29.326841354370117,51.30031967163086,67.1338119506836,22.572011947631836,29.410356521606445,54.05294418334961,207.26747131347656,36.99969482421875,486.37115478515625,13.00094985961914,36.721923828125,219.03221130371094,17.880634307861328,244.61700439453125,54.938602447509766,523.9404296875,529.9168701171875
2008-09-15,190.5155792236328,316.8824157714844,52.535430908203125,93.61833190917969,120.70441436767578,117.88154602050781,140.65919494628906,450.28521728515625,131.9224853515625,131.52162170410156,37.781044006347656,75.48357391357422,81.18690490722656,28.226930618286133,31.31410789489746,175.2124786376953,30.675018310546875,100.16313934326172,96.02733612060547,70.05901336669922,111.3840560913086,76.1264877319336,634.4044799804688,176.29139709472656,39.432430267333984,102.43030548095703,259.9247741699219,57.563087463378906,455.2505187988281,367.3988952636719,104.03790283203125,134.21835327148438,45.09975051879883,28.533845901489258,48.56967544555664,62.105491638183594,21.88165283203125,27.623064041137695,51.5721435546875,191.8000946044922,34.744319915771484,478.9707336425781,11.999302864074707,34.76575469970703,219.21604919433594,16.626386642456055,235.23399353027344,54.275291442871094,500.67266845703125,505.6773681640625
2008-09-16,194.6652069091797,320.6518859863281,53.71195602416992,89.01805877685547,128.04742431640625,124.79572296142578,140.05496215820312,447.41510009765625,129.88449096679688,130.54237365722656,36.62581253051758,74.7886734008789,81.18690490722656,28.777313232421875,31.317852020263672,177.19325256347656,29.82301902770996,98.72976684570312,96.59054565429688,71.56623077392578,110.39076232910156,75.00833892822266,612.5739135742188,174.4418182373047,40.31378936767578,101.73442840576172,259.0650329589844,57.563087463378906,446.4986267089844,358.7048034667969,106.28192901611328,129.4169158935547,46.79182052612305,30.043975830078125,48.345848083496094,64.48529815673828,21.654441833496094,27.30281639099121,52.430885314941406,206.7090301513672,35.81136703491211,495.7453918457031,12.510348320007324,33.43904113769531,208.78375244140625,16.504026412963867,224.48699951171875,53.92067337036133,502.0167236328125,515.914794921875
2008-09-17,189.47561645507812,319.01568603515625,51.834754943847656,83.64859771728516,124.00128936767578,119.53162384033203,136.42970275878906,443.53515625,126.6324234008789,131.5924072265625,37.40220260620117,76.84977722167969,80.5675277709961,28.038223266601562,29.630956649780273,172.69882202148438,29.038448333740234,97.90447235107422,95.21773529052734,74.96646881103516,111.54959106445312,74.55877685546875,616.4028930664062,172.73733520507812,38.312599182128906,101.83626556396484,254.51803588867188,58.52927780151367,455.5960388183594,347.0844421386719,106.65064239501953,125.926513671875,45.96063232421875,28.58901023864746,48.256317138671875,61.87519073486328,21.392284393310547,26.839763641357422,51.43855667114258,208.991455078125,34.01677703857422,474.4433898925781,12.673879623413086,33.19692611694336,196.8348388671875,16.962890625,225.63937377929688,53.56189727783203,492.0978698730469,515.6392211914062
2008-09-18,195.6950225830078,315.3290710449219,53.423824310302734,86.2026596069336,126.90123748779297,121.71078491210938,143.12539672851562,452.3669128417969,125.0800552368164,127.12547302246094,37.16835021972656,78.65569305419922,82.9259262084961,27.97532081604004,29.933916091918945,173.6999969482422,28.180316925048828,97.7307357788086,96.97775268554688,74.65245819091797,113.75350189208984,72.70672607421875,631.059326171875,174.5869140625,38.499237060546875,99.27764129638672,253.0538787841797,60.16438674926758,463.4266052246094,335.8033447265625,108.91448974609375,124.01956939697266,48.54327392578125,29.361312866210938,47.7639045715332,60.64689636230469,21.156343460083008,25.870386123657227,49.71154022216797,210.59400939941406,34.39671325683594,487.27093505859375,13.368903160095215,33.5649299621582,205.54376220703125,17.52883529663086,231.56541442871094,49.928253173828125,496.8719787597656,500.2142028808594
2008-09-19,207.49276733398438,333.8035583496094,56.732940673828125,93.72286987304688,126.83240509033203,127.08251190185547,155.4563446044922,468.4535217285156,133.00656127929688,135.42185974121094,39.00175094604492,84.11270904541016,87.16633605957031,29.673662185668945,31.280447006225586,183.95912170410156,29.390892028808594,98.12165069580078,103.98268127441406,75.95332336425781,114.6019058227539,78.82772827148438,652.3175659179688,177.85092163085938,39.61906433105469,98.42898559570312,257.7149963378906,63.174468994140625,465.84478759765625,363.5951843261719,109.32283782958984,129.34881591796875,48.060882568359375,31.23691177368164,50.2259635925293,63.64085388183594,22.449668884277344,26.272844314575195,52.812538146972656,221.22935485839844,37.08861541748047,476.6781311035156,13.164481163024902,33.93291473388672,211.81692504882812,17.42176628112793,238.5733184814453,49.55696105957031,522.410888671875,507.1922912597656
2008-09-22,205.87730407714844,335.02545166015625,56.78314208984375,94.9551010131836,126.925537109375,126.4278335571289,152.6201934814453,455.4230041503906,132.99789428710938,135.8343963623047,38.79127883911133,83.20584869384766,86.5945816040039,29.028919219970703,31.254270553588867,181.483154296875,30.279666900634766,95.99330139160156,101.51863861083984,74.51787567138672,114.70539855957031,78.84693908691406,634.9324340820312,181.1148681640625,40.43820571899414,97.72038269042969,260.20684814453125,62.87718200683594,481.54449462890625,359.11944580078125,107.47529602050781,135.59750366210938,45.61182403564453,30.45770835876465,48.524906158447266,63.026710510253906,22.641910552978516,26.407005310058594,51.96334457397461,223.0019073486328,37.686832427978516,474.35626220703125,13.184926986694336,34.89164352416992,210.5760955810547,16.978193283081055,230.20150756835938,49.69880676269531,518.3784790039062,505.26416015625
2008-09-23,202.58082580566406,328.3358459472656,53.86037826538086,89.4885482788086,121.76960754394531,122.5627212524414,146.4424285888672,448.49560546875,125.05402374267578,128.67140197753906,36.405982971191406,82.82892608642578,85.54641723632812,28.682968139648438,31.022361755371094,175.04562377929688,28.823911666870117,94.21241760253906,100.00502014160156,70.64215850830078,113.8983383178711,78.85462188720703,616.9751586914062,179.2653045654297,40.178985595703125,99.23518371582031,254.15533447265625,61.725181579589844,481.007080078125,336.4853820800781,105.4850082397461,133.2308349609375,45.18138122558594,28.706241607666016,47.8982048034668,60.14789962768555,21.81174087524414,26.052146911621094,50.589359283447266,223.3418731689453,37.94550323486328,480.5669860839844,13.184926986694336,34.93037414550781,195.6400146484375,16.458139419555664,226.76806640625,47.83400344848633,526.2578735351562,514.1243896484375
2008-09-24,206.58409118652344,335.75042724609375,55.90565490722656,89.63044738769531,122.96845245361328,127.37840270996094,148.42770385742188,451.8707580566406,123.67515563964844,127.0338134765625,34.65211868286133,83.37073516845703,84.78410339355469,29.343425750732422,30.734352111816406,179.10943603515625,29.792375564575195,94.4730453491211,100.1810302734375,69.52969360351562,116.09188842773438,78.7662353515625,618.0314331054688,181.1148681640625,40.0234489440918,100.83488464355469,259.93145751953125,62.65422058105469,481.1607360839844,341.30206298828125,107.09468841552734,135.01861572265625,44.73609924316406,28.616592407226562,49.91261291503906,62.182254791259766,22.222463607788086,26.173315048217773,53.012916564941406,225.81858825683594,37.832359313964844,490.0280456542969,13.246249198913574,35.2596435546875,199.2476348876953,16.672277450561523,228.95510864257812,48.430564880371094,511.3794860839844,492.2262878417969
2008-09-25,204.52439880371094,327.61090087890625,56.78096008300781,89.04795837402344,121.10131072998047,129.38720703125,145.67794799804688,454.5194091796875,119.3997573852539,125.57952117919922,32.935630798339844,84.09701538085938,85.30818939208984,28.431367874145508,30.031169891357422,175.89068603515625,29.709627151489258,90.60726928710938,100.04022979736328,68.90167236328125,115.79180908203125,77.01409149169922,620.8923950195312,180.71595764160156,38.9969367980957,101.87445068359375,250.76364135742188,62.91432571411133,466.6893310546875,331.8392333984375,105.17179870605469,135.12078857421875,45.203643798828125,27.499515533447266,50.091670989990234,61.33781433105469,21.75931167602539,25.1217098236084,51.543514251708984,215.9845428466797,36.352996826171875,499.63409423828125,13.471110343933105,34.92070388793945,200.0288848876953,16.366363525390625,214.51608276367188,48.447261810302734,510.4525451660156,492.13433837890625
2008-09-26,198.214111328125,321.4388732910156,54.33405303955078,83.70088195800781,116.22892761230469,126.4637222290039,140.88119506835938,437.3697204589844,117.28369140625,120.58338165283203,32.20133972167969,81.29782104492188,83.06885528564453,27.97532081604004,30.120946884155273,166.91796875,28.309036254882812,86.30709838867188,93.88011169433594,67.2060546875,110.00791931152344,75.99969482421875,602.1428833007812,183.14576721191406,39.8886604309082,100.93246459960938,236.42404174804688,61.279212951660156,471.14202880859375,315.1300354003906,104.69999694824219,138.20248413085938,43.52640914916992,26.27210235595703,51.30031967163086,57.80646896362305,21.313634872436523,25.229900360107422,47.47882080078125,228.65951538085938,34.420963287353516,493.0752258300781,13.08271598815918,33.5649299621582,194.9046630859375,16.259296417236328,201.39398193359375,47.909095764160156,505.1685485839844,486.30426025390625
2008-09-29,195.14981079101562,310.7726135253906,52.402286529541016,73.67887878417969,113.8473892211914,120.44631958007812,132.91537475585938,415.8529052734375,107.53607940673828,116.11639404296875,32.09376907348633,80.21035766601562,79.20964050292969,26.937458038330078,30.02368927001953,162.8326416015625,27.334449768066406,84.00498962402344,94.40813446044922,63.62638854980469,104.22402954101562,70.35131072998047,583.4811401367188,184.70526123046875,39.6812858581543,100.40630340576172,232.6561737060547,57.860374450683594,470.7199401855469,298.67657470703125,105.89734649658203,139.81997680664062,42.5913200378418,25.0860652923584,47.629608154296875,54.54381561279297,21.986509323120117,24.944278717041016,41.92561721801758,228.8780059814453,31.591611862182617,491.1888732910156,12.714768409729004,31.82179832458496,192.69873046875,16.305177688598633,195.30325317382812,42.25210952758789,477.59033203125,472.62353515625
2008-09-30,196.8157501220703,325.1048889160156,53.68357849121094,79.98931884765625,118.53752899169922,129.18096923828125,136.66397094726562,433.41900634765625,115.44518280029297,116.51225280761719,31.7944393157959,81.20359802246094,81.90157318115234,26.98463249206543,30.56602668762207,171.2993621826172,26.182100296020508,85.35151672363281,89.90243530273438,61.70648193359375,105.43460083007812,69.71345520019531,607.5562133789062,182.96441650390625,38.9969367980957,100.74578857421875,226.7188262939453,58.45497131347656,472.1017150878906,300.6373596191406,107.07487487792969,137.7598419189453,44.1572265625,26.113502502441406,49.64402389526367,57.07716751098633,21.75931167602539,25.788158416748047,43.17556381225586,229.38796997070312,31.438020706176758,506.30914306640625,13.348458290100098,31.996112823486328,206.14120483398438,16.075748443603516,187.70741271972656,40.266334533691406,490.15118408203125,462.7533264160156
2008-10-01,192.5095672607422,327.52801513671875,56.54521179199219,82.28197479248047,121.86680603027344,131.75473022460938,138.057373046875,430.9031066894531,116.51187133789062,120.78336334228516,32.664371490478516,81.71791076660156,82.8782958984375,27.880977630615234,31.048538208007812,171.33164978027344,26.868606567382812,85.95960235595703,86.91036224365234,60.94388961791992,105.27938079833984,72.95648956298828,616.8432006835938,184.4876708984375,39.89902877807617,100.49542236328125,237.478515625,58.56645202636719,483.195068359375,294.37139892578125,105.22731018066406,134.78021240234375,46.30200958251953,25.961801528930664,51.74795913696289,58.91961669921875,22.187511444091797,25.870386123657227,43.461814880371094,225.4300537109375,33.273048400878906,507.7019958496094,14.758940696716309,32.77082824707031,208.8527069091797,16.121631622314453,188.4835205078125,38.04276657104492,482.7351989746094,467.5278015136719
2008-10-03,177.84445190429688,313.27862548828125,55.69392776489258,75.32931518554688,120.18196105957031,125.96154022216797,133.24830627441406,410.6708068847656,114.040283203125,115.99971771240234,31.962800979614258,80.0926284790039,81.87775421142578,28.274105072021484,29.458894729614258,168.98489379882812,24.088884353637695,84.43934631347656,80.67988586425781,59.30209732055664,106.55207061767578,68.17263793945312,601.0864868164062,186.1921844482422,39.4946403503418,97.68221282958984,236.26954650878906,58.009033203125,479.89373779296875,286.7414245605469,104.51762390136719,134.43968200683594,43.971702575683594,25.292930603027344,49.688785552978516,58.689300537109375,21.427244186401367,25.359724044799805,40.551639556884766,218.99546813964844,33.51557159423828,515.6539916992188,14.574963569641113,32.06390380859375,200.07485961914062,15.892196655273438,186.62570190429688,34.29646682739258,478.8882141113281,461.1923828125
2008-10-06,165.7438201904297,301.4525451660156,52.507057189941406,73.19346618652344,116.11550903320312,121.6031723022461,117.63732147216797,384.0781555175781,107.36267852783203,109.89515686035156,29.764606475830078,77.04998016357422,80.2578125,27.692277908325195,28.260122299194336,155.94300842285156,21.45320701599121,83.78780364990234,77.01898956298828,56.34148025512695,104.234375,61.42914581298828,580.0922241210938,181.00607299804688,37.32757568359375,93.34989166259766,214.08531188964844,54.069923400878906,460.3940734863281,256.9888000488281,100.60841369628906,134.2012939453125,43.08113098144531,24.55510711669922,47.1371955871582,56.07918930053711,20.63202667236328,23.99653434753418,35.93352508544922,224.0946044921875,31.502700805664062,497.1963195800781,14.350104331970215,29.255523681640625,194.12338256835938,14.255561828613281,181.09934997558594,29.002437591552734,441.02020263671875,456.09661865234375
2008-10-07,169.08070373535156,309.94415283203125,49.280887603759766,72.4466781616211,113.92028045654297,122.48200988769531,107.24231719970703,357.1844177246094,99.88717651367188,108.49083709716797,28.83855628967285,77.52894592285156,84.06941986083984,28.604341506958008,29.01753807067871,161.1371612548828,21.928239822387695,82.61504364013672,80.78548431396484,56.8079948425293,98.1504135131836,59.02762222290039,591.6235961914062,180.82476806640625,36.1870002746582,89.2043228149414,217.30918884277344,55.407718658447266,453.79193115234375,258.4382019042969,103.2568359375,130.47254943847656,42.97723388671875,24.437881469726562,44.9437370300293,57.345855712890625,21.112642288208008,22.63766860961914,34.35916519165039,232.0588836669922,31.971555709838867,505.69964599609375,14.166126251220703,28.73258399963379,192.491943359375,13.582555770874023,168.49461364746094,25.927814483642578,426.4664001464844,459.1264953613281
2008-10-08,166.44552612304688,303.7722473144531,48.28553771972656,67.771728515625,106.78788757324219,116.17769622802734,111.84175872802734,342.4619445800781,94.80516052246094,104.52806091308594,26.44860076904297,75.65235900878906,83.73590087890625,28.384187698364258,27.710289001464844,158.11215209960938,20.736055374145508,78.87956237792969,82.08787536621094,53.820465087890625,100.35430145263672,62.12847900390625,605.4876708984375,172.73733520507812,34.382843017578125,85.49156951904297,211.27786254882812,53.995601654052734,439.0135192871094,263.2974853515625,98.96307373046875,126.0968017578125,41.9011344909668,22.96223258972168,43.242679595947266,53.200374603271484,19.513473510742188,21.023473739624023,33.051971435546875,224.8472900390625,30.346708297729492,506.4251403808594,13.511994361877441,27.609235763549805,182.05958557128906,12.649517059326172,154.17311096191406,24.480195999145508,455.1106262207031,452.6993713378906
2008-10-10,154.23385620117188,286.7682189941406,45.74040603637695,54.3144645690918,109.55821228027344,99.1119613647461,109.88113403320312,315.47955322265625,91.02408599853516,102.10704803466797,24.615205764770508,71.9462890625,78.73318481445312,28.21119499206543,26.223501205444336,145.3824462890625,17.616147994995117,70.19237518310547,76.1741714477539,52.456783294677734,96.89844512939453,59.12367248535156,598.313720703125,160.9144744873047,33.87477111816406,82.20309448242188,198.1136932373047,46.89775085449219,417.5176696777344,240.3223419189453,95.0855941772461,127.13544464111328,41.34452819824219,23.831073760986328,38.49761962890625,49.89934539794922,17.82689666748047,18.721195220947266,30.59024429321289,202.896728515625,27.525453567504883,473.2824401855469,12.285490036010742,26.040420532226562,173.16690063476562,11.731778144836426,139.6870574951172,24.939096450805664,414.78607177734375,467.94091796875
2008-10-13,158.6560821533203,306.4646301269531,51.210479736328125,63.50004959106445,121.15804290771484,118.3658218383789,116.00962829589844,349.4068603515625,99.35812377929688,109.88680267333984,26.5842342376709,72.00126647949219,84.78410339355469,28.777313232421875,29.118526458740234,161.45469665527344,18.633642196655273,77.4027328491211,80.5390625,53.70383071899414,107.55570983886719,60.460845947265625,636.6051635742188,167.55120849609375,35.26417922973633,82.85228729248047,200.9010009765625,47.38084411621094,424.0431213378906,257.7135314941406,95.51774597167969,130.3022918701172,45.32238006591797,24.49993896484375,41.2282600402832,56.61656188964844,18.954198837280273,19.07172393798828,32.040565490722656,215.0618438720703,27.460790634155273,482.5986022949219,12.673879623413086,28.85848045349121,194.21530151367188,12.588336944580078,148.83493041992188,28.092985153198242,420.0700988769531,445.39996337890625
2008-10-14,163.66900634765625,317.54522705078125,49.81130599975586,67.14443969726562,123.80279541015625,114.61726379394531,121.9408187866211,356.1391296386719,102.80106353759766,116.50387573242188,27.285785675048828,69.21781158447266,83.23562622070312,28.085403442382812,28.669689178466797,161.0079803466797,18.691869735717773,73.9713134765625,75.64617919921875,53.73074722290039,105.0621109008789,63.8729362487793,633.5681762695312,173.20880126953125,35.036067962646484,86.84510803222656,201.82786560058594,48.272735595703125,425.23321533203125,265.25823974609375,96.07279205322266,129.84255981445312,45.886417388916016,24.306861877441406,42.615966796875,58.30546951293945,20.13391876220703,20.750831604003906,32.11689758300781,240.72743225097656,26.514976501464844,479.0868835449219,13.08271598815918,28.645429611206055,190.4008331298828,13.07779598236084,148.29403686523438,26.16977882385254,410.52191162109375,445.81329345703125
2008-10-15,153.4866485595703,296.1091003417969,49.625770568847656,61.85710525512695,121.51848602294922,110.9853286743164,117.35371398925781,317.3397216796875,94.19815063476562,111.2910385131836,25.878000259399414,65.8532943725586,79.70992279052734,27.849519729614258,28.641637802124023,150.44741821289062,16.715116500854492,68.58525848388672,73.32293701171875,50.68938446044922,100.66470336914062,60.75672912597656,600.0301513671875,167.80506896972656,33.31486129760742,81.53691101074219,200.65921020507812,46.191680908203125,421.0492248535156,256.43475341796875,94.51070404052734,129.62123107910156,45.38176345825195,23.789701461791992,40.01961898803711,55.61856460571289,19.801851272583008,21.42593765258789,30.523456573486328,236.28392028808594,25.641910552978516,479.63818359375,12.346814155578613,26.892610549926758,191.4119110107422,12.42007827758789,143.35565185546875,23.19527816772461,394.7629699707031,446.272216796875
2008-10-16,140.5379638671875,302.6537780761719,47.72892379760742,62.15583038330078,124.79106903076172,111.71170043945312,115.28209686279297,291.79254150390625,85.85543060302734,106.05142211914062,26.060407638549805,63.11301040649414,79.0428695678711,26.78021240234375,28.428436279296875,141.31324768066406,16.494449615478516,59.81120300292969,74.6253662109375,45.037288665771484,93.65986633300781,61.79033660888672,597.5213623046875,179.55540466308594,33.53260040283203,80.1578598022461,184.9361114501953,45.448455810546875,400.1675720214844,277.02288818359375,92.08428192138672,129.84255981445312,46.977352142333984,25.120542526245117,41.58638000488281,57.998390197753906,18.351226806640625,21.309091567993164,31.887895584106445,229.1208953857422,25.472150802612305,490.46337890625,12.85785961151123,25.92421531677246,193.84765625,12.527151107788086,139.66357421875,21.718460083007812,365.84051513671875,430.9848327636719
2008-10-17,131.8651123046875,280.4927062988281,44.80616760253906,58.4367790222168,114.9814682006836,111.26331329345703,105.93523406982422,283.3593444824219,78.71815490722656,100.99236297607422,24.086698532104492,60.93804931640625,71.5864486694336,24.767362594604492,27.300729751586914,128.2713623046875,15.176612854003906,55.42417907714844,71.14048767089844,43.682586669921875,91.21800231933594,57.50217056274414,563.8073120117188,175.20347595214844,32.95195007324219,81.02772521972656,172.9540557861328,42.215415954589844,373.64324951171875,248.84747314453125,91.06536865234375,130.0809326171875,45.159114837646484,23.76900863647461,39.034793853759766,55.9256477355957,18.954198837280273,20.43058967590332,31.448984146118164,212.123779296875,25.544910430908203,472.8182067871094,12.285490036010742,25.304431915283203,202.07400512695312,11.762367248535156,126.23573303222656,20.400165557861328,346.744384765625,426.89910888671875
2008-10-20,133.3643798828125,293.31304931640625,47.16358184814453,61.43888854980469,116.28966522216797,110.82389831542969,101.32347869873047,287.6113586425781,85.22238159179688,108.70063781738281,26.36908721923828,61.20106887817383,72.18203735351562,25.05042266845703,26.59380531311035,118.1737289428711,15.452437400817871,56.9444465637207,75.85736846923828,43.781272888183594,86.30323028564453,55.35040283203125,577.759521484375,173.57142639160156,34.25841522216797,81.79576110839844,160.23989868164062,39.837074279785156,352.33935546875,232.4365997314453,90.82351684570312,130.26828002929688,46.37622833251953,25.003318786621094,38.18427276611328,55.61856460571289,19.076534271240234,19.876659393310547,32.0882682800293,225.8671112060547,27.840723037719727,467.9716796875,13.409781455993652,27.221879959106445,202.92420959472656,11.915325164794922,133.0319366455078,21.718460083007812,338.9111328125,431.3980712890625
2008-10-21,140.8408203125,300.0441589355469,47.565216064453125,64.38127136230469,120.50187683105469,117.74700927734375,104.36920928955078,304.58380126953125,96.97327423095703,113.1551284790039,27.76751708984375,61.98628234863281,72.6346435546875,25.25484275817871,26.930435180664062,122.95341491699219,17.043039321899414,55.81510925292969,74.09735107421875,44.45414352416992,84.69947052001953,60.626068115234375,596.3330078125,181.55003356933594,35.067176818847656,87.7149887084961,162.5302276611328,40.022884368896484,371.8391418457031,244.11602783203125,91.21602630615234,133.26492309570312,45.89383316040039,25.196392059326172,38.67668151855469,56.34787368774414,19.662025451660156,20.21421241760254,33.76759338378906,226.886962890625,30.11227798461914,478.5935363769531,13.450668334960938,27.454294204711914,198.3284454345703,12.878952980041504,144.1551971435547,22.369258880615234,346.5589294433594,463.8092041015625
2008-10-22,132.95042419433594,275.9776916503906,45.77314376831055,59.25078582763672,112.7822036743164,113.20933532714844,98.8696060180664,289.01092529296875,94.81385803222656,109.1204605102539,26.13524055480957,59.76813507080078,68.75157928466797,23.871028900146484,25.10702133178711,122.5335464477539,15.020307540893555,52.513980865478516,68.67644500732422,40.95522689819336,78.79141235351562,57.801883697509766,571.0255126953125,182.78317260742188,35.430084228515625,87.42219543457031,156.42498779296875,35.60066604614258,347.5027770996094,231.7971954345703,89.38036346435547,134.5078125,42.05698013305664,24.23790740966797,39.16909408569336,54.42866897583008,19.653287887573242,20.14496612548828,32.4317741394043,210.47259521484375,27.113567352294922,471.0479431152344,13.798178672790527,26.921672821044922,193.02041625976562,12.404784202575684,138.2290802001953,20.85072135925293,325.8404846191406,444.52783203125
2008-10-23,122.93980407714844,254.76939392089844,46.89727783203125,54.63558578491211,107.43186950683594,111.63098907470703,92.76575469970703,294.9814147949219,94.92660522460938,107.75180053710938,25.457067489624023,60.95767593383789,68.22750091552734,22.707345962524414,25.14068031311035,126.2259292602539,12.749333381652832,45.564239501953125,58.785057067871094,34.917354583740234,70.57600402832031,55.70390701293945,524.1076049804688,175.34849548339844,34.97385787963867,83.01354217529297,158.51380920410156,36.12092590332031,339.59539794921875,228.51507568359375,89.96318817138672,132.617919921875,40.55043411254883,24.093103408813477,38.005210876464844,52.701393127441406,18.901762008666992,18.820722579956055,27.4415283203125,209.258544921875,25.192401885986328,441.3590393066406,12.55123233795166,25.682111740112305,183.55322265625,12.374192237854004,132.890869140625,19.115245819091797,324.3108825683594,417.85528564453125
2008-10-24,102.93362426757812,222.48045349121094,42.47275924682617,46.779296875,94.34967041015625,96.64582061767578,73.2458724975586,272.28643798828125,86.52318572998047,104.63238525390625,21.99138832092285,51.66501998901367,62.15275955200195,19.76671600341797,22.06051254272461,118.3997802734375,10.910489082336426,37.615474700927734,52.51934814453125,29.175552368164062,59.546234130859375,48.357147216796875,473.800537109375,164.2509765625,32.95195007324219,81.1168441772461,138.85488891601562,33.3709831237793,324.8553466796875,174.4233856201172,87.33457946777344,129.9276885986328,36.349937438964844,21.665863037109375,35.18503189086914,46.40639114379883,17.17150115966797,15.912579536437988,24.47410774230957,177.3768310546875,23.045705795288086,422.6401062011719,11.406493186950684,23.735618591308594,166.75587463378906,11.303499221801758,124.37793731689453,17.07522964477539,308.9227294921875,357.2565612792969
2008-10-27,108.73908996582031,233.87164306640625,40.70033264160156,47.21243667602539,85.2771987915039,95.87459564208984,73.29521179199219,256.35919189453125,86.15898132324219,105.11100769042969,20.5415096282959,48.03748321533203,59.91343688964844,18.241363525390625,21.746320724487305,116.24674987792969,10.315926551818848,35.096187591552734,54.49059295654297,25.120403289794922,51.920589447021484,43.59252166748047,453.9947814941406,153.51609802246094,30.898937225341797,78.6091079711914,127.85344696044922,36.82699203491211,317.2167663574219,168.882080078125,87.9570541381836,133.7757110595703,33.670814514160156,20.238487243652344,29.992328643798828,42.529598236083984,15.843223571777344,12.904897689819336,23.224166870117188,172.1077423095703,22.369123458862305,406.2138366699219,11.529146194458008,23.406356811523438,171.6273193359375,10.676377296447754,121.97924041748047,17.250446319580078,300.85784912109375,358.08282470703125
2008-10-29,121.33445739746094,255.3492431640625,41.51451873779297,51.5811882019043,89.06820678710938,94.49356079101562,80.43482971191406,269.2214660644531,94.3691635131836,109.5235366821289,24.03993034362793,50.907344818115234,63.84417724609375,20.6473331451416,23.311656951904297,126.63505554199219,11.452948570251465,46.17233657836914,60.052284240722656,28.67314338684082,62.50542449951172,47.089149475097656,477.84991455078125,150.4334259033203,31.749174118041992,82.72846221923828,135.6243133544922,43.10729217529297,363.1640625,172.71836853027344,90.11780548095703,125.90955352783203,35.92691421508789,21.727924346923828,34.46880340576172,42.452823638916016,16.91808319091797,13.32900333404541,25.399641036987305,199.66732788085938,25.334402084350586,446.3505859375,11.917537689208984,27.2606143951416,178.10726928710938,10.615193367004395,120.68590545654297,19.15696144104004,313.2796325683594,357.6238098144531
2008-10-31,138.8720245361328,270.7998046875,44.6424560546875,59.55696487426758,89.89038848876953,100.96831512451172,83.15994262695312,285.9637145996094,93.79328155517578,116.627197265625,25.503833770751953,52.53658676147461,67.22693634033203,21.968263626098633,24.08590316772461,139.05255126953125,12.856598854064941,52.55742263793945,59.55949020385742,30.422605514526367,77.49806213378906,52.9949836730957,495.7631530761719,160.84188842773438,32.17429733276367,81.60459899902344,137.793701171875,45.2998161315918,379.0555725097656,187.55203247070312,93.02792358398438,129.26370239257812,35.437103271484375,22.91396141052246,36.34891891479492,44.90940475463867,18.150238037109375,14.977818489074707,30.284914016723633,235.50692749023438,28.8843936920166,432.6524658203125,12.019744873046875,26.205049514770508,178.773681640625,11.578821182250977,124.51903533935547,25.614927291870117,329.13134765625,366.2086486816406
2008-11-03,145.5609893798828,286.4368896484375,46.73575210571289,64.32901000976562,100.4776382446289,108.00801086425781,91.40937805175781,317.9775695800781,95.52082824707031,115.75814819335938,25.863969802856445,55.795074462890625,71.91998291015625,22.644447326660156,24.949926376342773,144.4351043701172,13.82812213897705,55.12013626098633,63.71316146850586,34.17272186279297,79.2466812133789,53.310062408447266,530.0493774414062,172.15707397460938,33.138587951660156,81.5148696899414,147.9556427001953,47.82678985595703,394.1025695800781,215.89791870117188,93.90412902832031,132.7030487060547,36.81748962402344,23.031187057495117,38.005210876464844,47.7882194519043,19.12023162841797,15.80006217956543,31.754318237304688,263.8192443847656,29.293678283691406,423.45263671875,12.285490036010742,27.1153507232666,185.52938842773438,12.435379028320312,134.27830505371094,26.01125144958496,329.5948791503906,394.9930725097656
2008-11-04,146.56051635742188,296.9789123535156,48.573665618896484,68.37664031982422,106.98634338378906,114.86836242675781,104.30756378173828,327.08392333984375,88.7328109741211,111.83682250976562,24.59181785583496,59.69744110107422,72.37261199951172,23.635143280029297,26.55452537536621,152.06756591796875,14.692381858825684,55.641361236572266,69.16925811767578,34.80073165893555,82.78531646728516,57.83645248413086,542.0210571289062,179.3378143310547,35.40935516357422,81.5618667602539,151.9585723876953,46.823421478271484,389.53472900390625,247.01454162597656,94.47898864746094,131.0855255126953,42.48000717163086,24.472362518310547,39.30338668823242,51.396324157714844,20.002830505371094,16.180891036987305,34.731292724609375,252.8682403564453,27.91545867919922,425.62933349609375,12.61255931854248,27.522075653076172,182.05958557128906,12.863654136657715,150.5045928955078,29.06084442138672,346.0027770996094,390.3103942871094
2008-11-05,128.12939453125,283.88934326171875,47.949378967285156,67.33857727050781,103.07787322998047,108.33086395263672,105.602294921875,306.762939453125,88.3663558959961,111.00552368164062,25.396265029907227,59.29307174682617,70.27621459960938,22.770246505737305,22.4532527923584,148.3428497314453,13.230498313903809,53.29582214355469,60.58030319213867,32.692405700683594,77.71533966064453,57.24472427368164,542.1089477539062,173.2449951171875,35.212345123291016,83.41641235351562,141.1183319091797,42.62418746948242,359.47900390625,226.4690399169922,93.72569274902344,129.46800231933594,41.53006362915039,24.830928802490234,39.21385955810547,50.321571350097656,19.819320678710938,15.414901733398438,33.8248405456543,243.3984375,26.077829360961914,432.7105407714844,12.244604110717773,26.902301788330078,183.80599975585938,12.450675010681152,149.82264709472656,28.201448440551758,331.402587890625,404.08270263671875
2008-11-06,118.18433380126953,264.855712890625,46.373409271240234,64.7322769165039,98.55784606933594,104.51058197021484,105.91057586669922,304.4775085449219,87.28446960449219,104.59880065917969,23.670448303222656,58.39406204223633,68.7992172241211,22.015430450439453,22.834758758544922,149.54856872558594,11.403912544250488,49.125980377197266,56.46184539794922,28.260454177856445,78.5016860961914,55.15827560424805,528.9049072265625,177.66954040527344,34.984230041503906,80.63031768798828,137.90789794921875,40.914756774902344,356.60009765625,232.05300903320312,92.31425476074219,128.3783416748047,40.82502746582031,25.161916732788086,39.974853515625,47.55791091918945,19.137712478637695,14.631611824035645,30.847867965698242,247.23492431640625,26.54557991027832,420.4924011230469,11.59046745300293,26.13726806640625,185.1157684326172,11.930620193481445,141.192138671875,25.089282989501953,320.4638977050781,404.12860107421875
2008-11-07,123.25279235839844,268.43878173828125,47.576133728027344,64.56797790527344,101.15402221679688,104.31328582763672,101.38511657714844,308.39288330078125,91.63823699951172,106.03466033935547,24.31119728088379,58.10353469848633,72.13436126708984,23.729490280151367,23.996131896972656,151.01795959472656,11.615379333496094,52.383670806884766,59.38348388671875,28.30531120300293,76.52544403076172,56.457035064697266,527.672607421875,181.1148681640625,36.218109130859375,81.48494720458984,140.49371337890625,41.95528030395508,368.3843994140625,239.21412658691406,91.39839172363281,127.66319274902344,43.377994537353516,26.5686092376709,40.06438064575195,49.89934539794922,19.487253189086914,14.67921257019043,31.267696380615234,237.37661743164062,27.55626678466797,436.3671875,11.447378158569336,26.350313186645508,183.39239501953125,11.640003204345703,139.2402801513672,23.791845321655273,324.0792236328125,389.94317626953125
2008-11-10,131.56724548339844,294.7835388183594,48.051971435546875,70.47514343261719,105.37435150146484,109.20968627929688,107.40262603759766,326.9775695800781,95.35504913330078,112.39102172851562,25.195152282714844,63.2425651550293,77.58972930908203,24.2641544342041,24.25421714782715,163.1932830810547,13.135489463806152,58.1171989440918,62.26991271972656,30.593059539794922,80.70558166503906,62.05545425415039,523.9754638671875,182.4205322265625,35.73078536987305,81.86099243164062,147.82127380371094,45.708587646484375,382.1263427734375,254.8149871826172,91.67988586425781,131.7666015625,44.268558502197266,27.43745231628418,40.73585891723633,52.81653594970703,20.4310302734375,15.034079551696777,33.634010314941406,235.48265075683594,28.391563415527344,438.95013427734375,11.631351470947266,26.979778289794922,185.34555053710938,11.991803169250488,152.0331573486328,25.865238189697266,324.58905029296875,415.697509765625
2008-11-11,121.9351806640625,273.16094970703125,44.67519760131836,64.87416076660156,99.0195541381836,101.16558837890625,98.68463134765625,306.1606140136719,92.28388214111328,105.52245330810547,23.235485076904297,57.777679443359375,71.96761322021484,23.981098175048828,23.704387664794922,147.40628051757812,11.713451385498047,52.25336837768555,55.194610595703125,27.70421600341797,73.72144317626953,57.86720275878906,504.74188232421875,179.08392333984375,35.782623291015625,81.77552795410156,141.86383056640625,41.286376953125,363.4710998535156,228.98397827148438,92.50456237792969,129.9107208251953,42.18313980102539,26.216938018798828,38.139495849609375,51.54985809326172,19.749408721923828,14.748454093933105,32.78480529785156,227.1783905029297,25.760406494140625,433.0587463378906,11.529146194458008,27.1153507232666,182.90982055664062,11.65529727935791,146.27163696289062,24.542774200439453,323.1986083984375,418.9570617675781
2008-11-12,117.34127044677734,261.7697448730469,43.94615173339844,59.34041213989258,95.4837417602539,94.21556854248047,95.51557922363281,292.1467590332031,93.33960723876953,105.75333404541016,23.165325164794922,55.889320373535156,71.56262969970703,22.97467803955078,22.87403106689453,143.82151794433594,11.342616081237793,49.16941833496094,50.40731430053711,26.99546241760254,70.56564331054688,56.241844177246094,492.2861633300781,170.1261444091797,35.25381088256836,81.20291900634766,140.30564880371094,41.286376953125,352.9150695800781,208.7794952392578,91.4261703491211,131.9879150390625,41.87144470214844,25.582544326782227,36.79655838012695,50.24480056762695,18.83185386657715,14.233469009399414,32.937469482421875,232.52029418945312,25.827238082885742,436.918701171875,11.304286003112793,26.592409133911133,183.7600555419922,11.364679336547852,144.24925231933594,24.446819305419922,319.2124938964844,395.5897216796875
2008-11-14,115.7813720703125,268.21099853515625,44.04655456542969,59.131309509277344,94.9045639038086,88.41338348388672,93.39466094970703,280.6132507324219,92.63286590576172,101.86981964111328,22.57134246826172,54.41318893432617,71.15765380859375,22.896053314208984,22.436416625976562,137.8468780517578,10.536587715148926,49.212852478027344,48.224884033203125,24.617992401123047,69.0343017578125,57.38304901123047,471.9521484375,170.19866943359375,35.160499572753906,82.88227844238281,137.57876586914062,40.28302001953125,319.02081298828125,205.83831787109375,89.5032958984375,132.7030487060547,41.114463806152344,25.858366012573242,36.61750411987305,51.28117370605469,18.438613891601562,14.289728164672852,30.91465950012207,238.03221130371094,25.117231369018555,421.7694091796875,11.079424858093262,26.7086181640625,193.02041625976562,11.410566329956055,138.9815673828125,22.919937133789062,299.3282775878906,402.93505859375
2008-11-17,115.2412109375,275.21136474609375,40.88150405883789,57.71985626220703,94.60482788085938,81.74137115478516,83.18461608886719,279.99322509765625,90.56507873535156,103.48202514648438,23.586257934570312,54.998130798339844,71.77702331542969,23.839570999145508,21.62850570678711,139.1009979248047,10.193337440490723,47.3885498046875,46.21842956542969,25.290864944458008,66.01302337646484,55.715431213378906,482.251220703125,170.8514404296875,34.25841522216797,83.0831298828125,137.26312255859375,41.99244689941406,335.0658874511719,198.2083740234375,88.42091369628906,134.2864227294922,40.17195510864258,24.651641845703125,36.707035064697266,50.09126281738281,17.949247360229492,13.489123344421387,30.151334762573242,239.68336486816406,24.67452049255371,417.8806457519531,10.363966941833496,26.00168228149414,186.44851684570312,11.104654312133789,132.65567016601562,21.238698959350586,302.20196533203125,393.38629150390625
2008-11-18,115.09483337402344,258.02105712890625,39.949459075927734,53.79917526245117,89.78914642333984,78.51296997070312,76.14364624023438,270.5147705078125,84.30924224853516,99.12406921386719,21.51433563232422,52.41881561279297,66.36936950683594,22.55009651184082,21.44896125793457,136.49586486816406,10.098328590393066,45.95515823364258,43.155982971191406,24.887144088745117,62.267452239990234,52.499305725097656,451.7940979003906,170.52503967285156,33.32522964477539,82.1857681274414,131.4064178466797,40.24585723876953,311.5740966796875,191.21778869628906,87.66761016845703,131.97085571289062,39.066165924072266,23.789701461791992,33.97639083862305,50.09126281738281,18.001684188842773,13.125606536865234,29.655176162719727,231.88897705078125,22.786773681640625,419.82501220703125,10.46617317199707,24.849287033081055,188.0800018310547,10.477532386779785,127.505615234375,20.166542053222656,300.39434814453125,398.1147766113281
2008-11-19,114.33757781982422,253.65093994140625,38.61576461791992,52.01434326171875,87.56961822509766,76.68354797363281,72.82662200927734,259.4241943359375,84.22200775146484,98.4691162109375,20.817459106445312,51.23316955566406,64.79705810546875,21.999706268310547,21.538734436035156,132.50204467773438,9.923640251159668,43.65306091308594,41.501548767089844,24.124555587768555,62.78479766845703,52.04974365234375,454.4349060058594,169.9085235595703,34.237674713134766,80.82687377929688,124.44821166992188,41.06340789794922,307.1982116699219,192.19821166992188,87.42179107666016,132.89031982421875,38.73219680786133,23.541458129882812,33.03633499145508,47.74983215332031,18.316272735595703,12.61061954498291,29.349843978881836,215.74176025390625,22.686532974243164,435.2645568847656,10.46617317199707,24.200454711914062,187.4595947265625,9.926888465881348,123.20209503173828,19.891204833984375,287.6481018066406,369.9730529785156
2008-11-20,106.62388610839844,245.24217224121094,35.85017395019531,48.280357360839844,88.05970001220703,72.8273696899414,71.53186798095703,252.2666778564453,82.53807067871094,94.19937896728516,20.457324981689453,51.123252868652344,66.01199340820312,21.763832092285156,20.556896209716797,128.2659912109375,9.635554313659668,43.47930908203125,41.255157470703125,22.644248962402344,62.63993835449219,48.799034118652344,454.4349060058594,170.08982849121094,34.14435958862305,77.09640502929688,120.3646469116211,40.5059814453125,316.2955322265625,192.19821166992188,87.42179107666016,131.953857421875,38.07169723510742,22.410585403442383,30.12662696838379,47.90336227416992,17.660869598388672,12.376932144165039,27.422449111938477,205.20352172851562,23.05405616760254,413.99163818359375,10.363966941833496,24.200454711914062,175.16603088378906,9.789226531982422,127.08230590820312,19.891204833984375,282.6423034667969,368.7336730957031
2008-11-21,113.51976776123047,256.3434143066406,37.3890380859375,49.89344024658203,95.87256622314453,73.80488586425781,76.35327911376953,268.3001708984375,88.37510681152344,99.47258758544922,21.490949630737305,53.99310302734375,71.7293930053711,23.14765739440918,21.280656814575195,137.7177276611328,9.78879165649414,45.1298942565918,44.28240966796875,23.864381790161133,63.86088562011719,48.445533752441406,448.8892517089844,170.4888153076172,35.222713470458984,76.80155181884766,125.07283782958984,42.62418746948242,306.77587890625,169.0099639892578,87.4614486694336,131.1025390625,39.77861022949219,22.389896392822266,31.156219482421875,47.7882194519043,18.0191593170166,12.376932144165039,26.20113182067871,200.29864501953125,24.023006439208984,412.3084716796875,10.363966941833496,23.958351135253906,182.63406372070312,9.972776412963867,129.64559936523438,17.096086502075195,268.7836608886719,364.09674072265625
2008-11-24,115.5844955444336,264.1929931640625,36.19504928588867,48.17580795288086,92.94425964355469,71.3028793334961,77.21644592285156,268.8316650390625,90.72211456298828,100.4423828125,21.907203674316406,53.2746467590332,73.1349105834961,23.729490280151367,22.374706268310547,140.161376953125,9.558935165405273,44.95613098144531,43.64878845214844,23.918212890625,62.01914596557617,50.2822151184082,466.8466491699219,171.1778564453125,35.699676513671875,76.91266632080078,122.72879028320312,41.695152282714844,309.30926513671875,162.78663635253906,89.98697662353516,131.0855255126953,37.8639030456543,21.734819412231445,30.57427406311035,45.60032272338867,18.482303619384766,12.337984085083008,26.81178855895996,192.8684844970703,25.000288009643555,422.3788146972656,10.179987907409668,23.735618591308594,180.95664978027344,9.988070487976074,132.82029724121094,15.73190689086914,246.07215881347656,365.29046630859375
2008-11-25,108.21407318115234,260.0506896972656,36.4700927734375,47.959232330322266,86.82437133789062,67.5363998413086,76.84652709960938,261.0718994140625,87.94756317138672,99.2458267211914,21.38337516784668,53.85176467895508,73.32548522949219,23.14765739440918,21.886585235595703,138.1805877685547,9.237137794494629,44.56521987915039,44.740020751953125,24.375761032104492,57.16645431518555,49.994041442871094,471.07183837890625,171.35919189453125,34.97385787963867,76.48106384277344,120.74745178222656,38.53642654418945,304.85662841796875,160.44219970703125,88.88872528076172,130.96629333496094,35.986289978027344,22.203720092773438,30.1713924407959,46.06093978881836,18.560958862304688,11.571998596191406,26.439664840698242,193.01419067382812,23.13758659362793,430.6790771484375,9.239670753479004,23.58066749572754,180.3822021484375,9.835113525390625,126.14167022705078,15.773626327514648,240.0002899169922,340.1787414550781
2008-11-26,114.98881530761719,270.4891357421875,39.55437469482422,52.402671813964844,89.50967407226562,72.54042053222656,80.05256652832031,266.1565246582031,92.03958892822266,99.67829132080078,22.524568557739258,54.982444763183594,78.3758544921875,23.66658592224121,22.47568702697754,139.7415313720703,9.531352043151855,45.694541931152344,48.36568069458008,25.19217300415039,55.81101989746094,50.37828063964844,467.9908752441406,171.61306762695312,35.751522064208984,76.31869506835938,123.41387176513672,40.43166732788086,309.5397033691406,169.22308349609375,87.63589477539062,132.1241455078125,37.64125442504883,22.679513931274414,29.14179801940918,46.09931945800781,18.83185386657715,10.606945037841797,26.496917724609375,194.98098754882812,23.90605354309082,453.5189514160156,9.587176322937012,23.47414779663086,173.7643280029297,9.773929595947266,105.35321807861328,16.157428741455078,259.7453308105469,336.6438293457031
2008-11-27,114.98881530761719,270.4891357421875,39.55437469482422,52.402671813964844,89.50967407226562,72.54042053222656,80.05256652832031,266.1565246582031,92.03958892822266,99.67829132080078,22.524568557739258,54.982444763183594,78.3758544921875,23.66658592224121,22.47568702697754,139.7415313720703,9.531352043151855,45.694541931152344,48.36568069458008,25.19217300415039,55.81101989746094,50.37828063964844,467.9908752441406,171.61306762695312,35.751522064208984,76.31869506835938,123.41387176513672,40.43166732788086,309.5397033691406,169.22308349609375,87.63589477539062,132.1241455078125,37.64125442504883,22.679513931274414,29.14179801940918,46.09931945800781,18.83185386657715,10.606945037841797,26.496917724609375,194.98098754882812,23.672170639038086,453.5189514160156,9.587176322937012,23.47414779663086,173.7643280029297,9.773929595947266,105.35321807861328,16.157428741455078,259.7453308105469,336.6438293457031
2008-11-28,114.53953552246094,277.9659423828125,40.283416748046875,52.52216720581055,88.17716217041016,73.26681518554688,82.67904663085938,257.68798828125,97.61479187011719,104.44342803955078,22.69761848449707,54.47599411010742,75.96978759765625,23.2891845703125,22.015625,146.362060546875,9.280041694641113,45.998600006103516,46.922454833984375,24.56416130065918,58.1080207824707,51.377315521240234,469.6634521484375,171.46795654296875,36.000362396240234,76.02385711669922,119.04148864746094,38.79655838012695,311.3822021484375,169.13780212402344,87.90550231933594,131.7666015625,38.301761627197266,23.334590911865234,28.559860229492188,44.5639533996582,19.32122802734375,10.02271556854248,28.243026733398438,191.50877380371094,22.970531463623047,466.4625549316406,9.341876983642578,23.367626190185547,172.7762451171875,9.52920150756836,105.4708023071289,15.698533058166504,249.3629608154297,326.86541748046875
2008-12-01,112.01036834716797,269.5365295410156,39.240055084228516,48.623878479003906,85.54451751708984,74.08287811279297,78.7578125,249.07772827148438,98.4437026977539,103.38126373291016,21.860437393188477,53.470947265625,74.5404281616211,23.100479125976562,22.58228302001953,136.72727966308594,9.402632713317871,44.6520881652832,45.021610260009766,23.801586151123047,56.307655334472656,49.62516403198242,428.7752990722656,168.6392364501953,34.2687873840332,74.81025695800781,121.50641632080078,38.98236846923828,308.00421142578125,152.34339904785156,87.36629486083984,131.30685424804688,36.54288864135742,22.31404685974121,27.306447982788086,42.7598991394043,19.181400299072266,9.754406929016113,27.517866134643555,191.92149353027344,22.519468307495117,440.5463562011719,9.444087982177734,23.44509506225586,170.34048461914062,9.45272159576416,105.32970428466797,15.106133460998535,250.7071990966797,319.8415222167969
2008-12-02,108.43114471435547,277.8831787109375,38.67469787597656,48.302757263183594,84.00138854980469,76.96154022216797,80.71842956542969,240.87493896484375,92.98187255859375,101.46261596679688,21.79495620727539,51.96731185913086,76.30329895019531,22.896053314208984,22.127840042114258,137.22789001464844,9.120676040649414,45.26018524169922,44.88081359863281,23.07488441467285,51.506717681884766,49.40613555908203,404.9202575683594,169.11065673828125,35.170867919921875,74.40003967285156,122.11093139648438,39.762752532958984,311.4205017089844,155.11402893066406,88.07598114013672,133.0775909423828,36.17924499511719,22.49333381652832,26.366397857666016,42.68313217163086,18.58717155456543,9.239422798156738,27.54648780822754,184.4185028076172,20.890649795532227,441.2138366699219,9.60761833190918,22.80594253540039,164.27415466308594,9.253876686096191,103.5894775390625,14.622203826904297,245.28416442871094,304.1868591308594
2008-12-03,107.94146728515625,275.0456237792969,38.434600830078125,50.00545883178711,88.87379455566406,77.78657531738281,81.162353515625,244.8257598876953,93.3221435546875,97.11307525634766,20.817459106445312,51.174285888671875,75.7315444946289,23.58796501159668,22.38030433654785,136.59274291992188,10.095266342163086,44.26115798950195,45.58483123779297,23.909242630004883,50.32717514038086,49.801902770996094,426.83868408203125,168.38531494140625,34.984230041503906,73.7718734741211,121.98999786376953,39.46546936035156,308.7334899902344,163.63916015625,89.10679626464844,134.64401245117188,36.89912414550781,23.824174880981445,26.634981155395508,43.60434341430664,19.05031967163086,9.265387535095215,27.632366180419922,183.88427734375,20.08041763305664,432.73968505859375,9.873363494873047,23.07710075378418,164.89459228515625,9.42212963104248,105.8470687866211,15.323065757751465,256.31549072265625,310.4303894042969
2008-12-04,117.02830505371094,284.03436279296875,39.81194305419922,54.36674118041992,94.68583679199219,81.6427230834961,87.31549835205078,265.1111755371094,95.86982727050781,100.12333679199219,21.762216567993164,52.9605712890625,78.63788604736328,24.72018814086914,22.744998931884766,146.1575469970703,11.474400520324707,45.34706115722656,49.59770202636719,27.085176467895508,52.5000114440918,52.49546813964844,429.4355163574219,171.54054260253906,36.09368133544922,76.56654357910156,124.94517517089844,39.911399841308594,329.1162414550781,181.96804809570312,99.45865631103516,137.5554962158203,37.44829559326172,23.693161010742188,28.60462760925293,45.945777893066406,19.2687931060791,9.507734298706055,29.025432586669922,207.7288055419922,20.055356979370117,434.2777404785156,10.220873832702637,23.07710075378418,183.98983764648438,9.789226531982422,108.88068389892578,18.293399810791016,259.5600280761719,320.8514709472656
2008-12-05,112.83827209472656,275.3771057128906,38.86678695678711,53.530338287353516,91.8709487915039,79.46355438232422,88.68423461914062,258.343505859375,91.05368041992188,95.26156616210938,21.26177215576172,51.46480178833008,76.47006225585938,24.421403884887695,22.64400291442871,144.04220581054688,11.186315536499023,43.305572509765625,46.60563659667969,27.47992515563965,52.13787078857422,51.46569061279297,431.90020751953125,170.27122497558594,35.11902618408203,75.72901153564453,127.49746704101562,40.28302001953125,327.8494567871094,173.44297790527344,93.07150268554688,137.8619384765625,36.76553726196289,23.017396926879883,29.5446834564209,45.21648025512695,19.565902709960938,9.871254920959473,27.832738876342773,200.0558319091797,19.804777145385742,441.649169921875,9.893803596496582,23.125520706176758,176.88943481445312,9.68215560913086,108.9747314453125,17.77191925048828,268.7836608886719,320.6217956542969
2008-12-08,112.9341812133789,290.4755859375,39.20294189453125,55.26290512084961,94.67369842529297,81.05982971191406,87.0072250366211,261.9045715332031,91.13219451904297,97.21379852294922,22.30007553100586,51.87704086303711,79.20964050292969,24.484304428100586,23.053571701049805,146.56655883789062,12.013794898986816,44.08741760253906,48.400875091552734,27.291522979736328,51.49637222290039,52.799015045166016,439.3385009765625,174.3693084716797,35.23307418823242,75.28031158447266,129.19671630859375,43.10729217529297,332.18701171875,188.87338256835938,94.26885223388672,135.97206115722656,37.500244140625,22.603662490844727,28.828453063964844,45.408409118652344,20.055265426635742,10.070321083068848,28.29073143005371,212.0509490966797,19.5374813079834,457.5820007324219,9.423643112182617,23.0577335357666,181.00259399414062,9.758635520935059,113.04304504394531,18.489473342895508,277.3120422363281,330.5838928222656
2008-12-10,123.9040298461914,304.78704833984375,40.32707214355469,59.75114059448242,96.3221206665039,83.00582122802734,89.18978881835938,276.30810546875,94.41276550292969,98.55729675292969,24.442155838012695,53.1568717956543,80.47222900390625,24.091169357299805,24.6189022064209,152.14828491210938,13.353087425231934,46.693565368652344,56.00423049926758,29.328065872192383,58.87369155883789,56.457035064697266,454.0387878417969,177.4882049560547,35.32640075683594,74.3060531616211,147.70037841796875,47.5666618347168,366.19647216796875,224.12464904785156,95.26398468017578,135.12078857421875,36.95848846435547,22.700199127197266,28.29127311706543,46.86699676513672,21.689401626586914,10.148218154907227,29.626550674438477,241.2859649658203,19.846534729003906,461.76104736328125,9.60761833190918,23.406356811523438,187.7812957763672,9.926888465881348,116.40589904785156,20.12482452392578,304.42681884765625,365.9331359863281
2008-12-11,127.11469268798828,307.52099609375,40.100067138671875,60.6547737121582,97.11190795898438,81.9655532836914,93.4193115234375,277.087646484375,88.58450317382812,95.29515075683594,23.357084274291992,52.21072769165039,79.61461639404297,23.8238468170166,23.39581298828125,147.9283905029297,13.343894004821777,44.52177810668945,55.898616790771484,28.82566261291504,59.39103317260742,56.16114807128906,449.5495300292969,175.2396697998047,35.49229431152344,74.3359375,145.13470458984375,46.6004638671875,375.79278564453125,217.688232421875,100.0850830078125,133.3329620361328,37.35924530029297,22.610557556152344,29.499919891357422,48.70943832397461,21.81174087524414,10.347288131713867,30.485286712646484,239.5619354248047,19.30359649658203,459.7295837402344,10.118663787841797,23.45478057861328,196.51315307617188,10.355168342590332,116.57052612304688,20.016355514526367,316.2460632324219,392.468017578125
2008-12-12,131.97108459472656,299.6921081542969,40.16118621826172,61.38661575317383,98.56999969482422,84.08195495605469,91.80397033691406,279.2668151855469,83.98646545410156,92.77191162109375,22.248626708984375,50.75029754638672,78.56643676757812,23.08475112915039,23.895139694213867,146.67425537109375,13.414381980895996,45.91172409057617,56.32102584838867,27.515810012817383,61.408660888671875,57.80956268310547,446.33648681640625,174.3693084716797,35.751522064208984,73.4983901977539,144.1809844970703,45.708587646484375,378.59490966796875,236.27294921875,97.38114929199219,134.16949462890625,38.01974868774414,22.45885467529297,30.43998146057129,50.398338317871094,22.222463607788086,10.741097450256348,30.046377182006836,240.3875274658203,17.91701316833496,453.3738708496094,10.445732116699219,24.16171646118164,193.9165802001953,10.691671371459961,112.94898986816406,18.91082763671875,315.226318359375,413.40216064453125
2008-12-15,135.34837341308594,305.4498291015625,41.22201919555664,62.53669357299805,97.58580780029297,87.20275115966797,95.78684997558594,291.34954833984375,81.95352935791016,92.55780029296875,21.888492584228516,52.909549713134766,80.30546569824219,23.462162017822266,24.921873092651367,147.971435546875,13.92619514465332,48.51787567138672,61.249107360839844,28.377084732055664,62.88827133178711,56.50313186645508,447.8328857421875,176.94424438476562,35.97962951660156,72.46004486083984,157.68768310546875,49.759185791015625,394.56329345703125,239.4272003173828,96.79833984375,135.894775390625,38.620880126953125,22.72088623046875,35.1402702331543,50.705406188964844,21.339853286743164,11.182515144348145,32.20277404785156,245.8022918701172,17.349018096923828,460.16485595703125,10.711475372314453,25.343168258666992,201.38462829589844,11.196428298950195,125.95352935791016,20.103965759277344,322.03973388671875,422.4000244140625
2008-12-16,140.18960571289062,308.5150451660156,42.99881362915039,62.88022232055664,100.343994140625,89.82135009765625,95.34294891357422,287.2038269042969,83.64616394042969,94.44709014892578,22.40764808654785,56.011024475097656,83.21182250976562,24.358510971069336,25.690502166748047,151.0825653076172,13.788280487060547,48.69162368774414,62.23472595214844,29.59721565246582,61.926021575927734,57.302364349365234,448.2731628417969,180.09939575195312,36.612125396728516,73.7590560913086,164.54515075683594,53.17804718017578,411.29925537109375,235.46307373046875,94.89924621582031,134.83168029785156,39.325904846191406,23.07946014404297,34.871681213378906,52.62462615966797,22.03894805908203,11.632586479187012,31.41082000732422,243.6897735595703,20.556533813476562,470.1482238769531,10.915891647338867,25.904842376708984,196.07659912109375,11.532934188842773,131.15061950683594,20.26666831970215,342.8972473144531,438.4219970703125
2008-12-17,136.44384765625,293.7893981933594,43.75187683105469,64.49327850341797,97.34278869628906,89.24742126464844,89.94198608398438,278.1506652832031,83.28843688964844,95.85354614257812,22.81454849243164,56.3447265625,82.80681610107422,24.327056884765625,23.541685104370117,143.96681213378906,13.445034980773926,47.21480178833008,56.95462417602539,29.112751007080078,63.50907897949219,54.120819091796875,448.7132263183594,182.78317260742188,35.741153717041016,74.0197525024414,165.7607879638672,50.09364318847656,373.0289611816406,216.111083984375,94.62964630126953,135.75534057617188,39.2516975402832,23.141511917114258,32.14104080200195,48.90135955810547,21.706876754760742,11.013737678527832,29.8746280670166,242.81570434570312,20.422882080078125,468.75518798828125,10.384404182434082,26.8248291015625,196.55914306640625,10.722261428833008,130.39813232421875,18.90665626525879,340.533447265625,442.3700866699219
2008-12-18,137.4131317138672,294.1622314453125,46.21624755859375,70.4975357055664,104.97743225097656,96.34989929199219,94.2701416015625,287.327880859375,89.08180236816406,98.83441925048828,23.375789642333984,57.50678634643555,87.19015502929688,25.05042266845703,23.457529067993164,154.3551483154297,13.63504695892334,47.171363830566406,59.77069091796875,31.15827178955078,63.69533157348633,55.86912155151367,471.9521484375,185.32179260253906,37.33794021606445,73.54969024658203,165.1831817626953,55.407718658447266,388.8821105957031,236.4860382080078,94.55432891845703,139.60667419433594,40.80276107788086,24.927467346191406,34.289737701416016,51.78015899658203,21.505887985229492,11.442172050476074,30.91465950012207,247.69627380371094,22.57793617248535,476.1266174316406,10.854565620422363,25.730533599853516,202.21189880371094,10.56930160522461,132.5145721435547,19.044321060180664,332.70025634765625,459.1264953613281
2008-12-19,136.4337158203125,298.946533203125,45.93030548095703,70.61702728271484,104.28887939453125,97.92822265625,93.53031158447266,290.30426025390625,89.61402130126953,100.03089904785156,23.296281814575195,55.82255935668945,86.80899047851562,26.261272430419922,24.26543426513672,155.25399780273438,14.042659759521484,46.997623443603516,60.228294372558594,32.10926055908203,66.80973815917969,56.92196273803711,483.6156005859375,192.68392944335938,37.13056182861328,76.86994171142578,165.23687744140625,52.917911529541016,381.01318359375,262.487548828125,102.99518585205078,140.23402404785156,40.81018829345703,26.485864639282227,34.33450698852539,53.73774337768555,21.663192749023438,11.429187774658203,30.714282989501953,249.444580078125,23.3714656829834,477.5198974609375,11.099864959716797,26.272842407226562,201.82122802734375,10.798739433288574,133.61990356445312,18.90665626525879,333.8591003417969,456.05072021484375
2008-12-22,129.79527282714844,299.1121520996094,44.463470458984375,66.56938171386719,103.11432647705078,96.40369415283203,88.81987762451172,288.78057861328125,89.09054565429688,99.65309143066406,23.085817337036133,55.79899978637695,86.57080078125,26.27699089050293,24.069067001342773,150.84568786621094,13.73924446105957,46.650142669677734,58.221866607666016,33.706199645996094,63.47804260253906,56.9488525390625,465.04205322265625,190.2539825439453,37.31719970703125,74.92137908935547,166.19735717773438,52.58345413208008,374.4493408203125,269.86175537109375,102.16259002685547,142.51695251464844,41.00313949584961,27.071989059448242,34.871681213378906,52.73976516723633,22.7817325592041,11.368599891662598,29.655176162719727,247.74484252929688,22.419231414794922,465.9111328125,10.670591354370117,25.730533599853516,202.7863311767578,12.221237182617188,133.69041442871094,18.80653190612793,333.48822021484375,450.358154296875
2008-12-23,127.19042205810547,294.45208740234375,42.773983001708984,63.753963470458984,102.40554809570312,89.58818817138672,82.82704162597656,274.46563720703125,87.35424041748047,98.75045013427734,22.72568702697754,55.47274398803711,85.61786651611328,25.742332458496094,22.733762741088867,146.8734130859375,13.576814651489258,44.6520881652832,54.80739212036133,31.292842864990234,60.06358337402344,56.30717086791992,451.6180725097656,186.95376586914062,36.871341705322266,74.56671142578125,163.5041046142578,53.252376556396484,373.0289611816406,257.2872314453125,101.0128173828125,141.34934997558594,38.69509506225586,26.485864639282227,33.70779037475586,49.285186767578125,22.012739181518555,11.07432746887207,29.27350616455078,244.9281768798828,20.823829650878906,470.0323181152344,10.302640914916992,24.539390563964844,199.5233154296875,11.777665138244629,131.36228942871094,18.83990478515625,332.2831115722656,433.7852783203125
2008-12-24,125.39828491210938,285.5670166015625,42.96607208251953,65.85993194580078,104.15119171142578,88.01880645751953,87.27849578857422,271.22357177734375,83.43678283691406,98.57831573486328,21.743507385253906,54.026702880859375,84.76026916503906,25.302024841308594,22.357872009277344,145.5116729736328,13.377605438232422,43.739925384521484,51.709739685058594,28.637258529663086,57.51824951171875,55.734642028808594,442.3753356933594,186.7362060546875,35.741153717041016,73.5582275390625,158.99066162109375,51.87738037109375,357.2142028808594,251.4049530029297,98.10670471191406,141.20994567871094,39.823143005371094,26.010068893432617,32.76774597167969,50.59025573730469,22.74677848815918,10.741097450256348,29.931880950927734,248.13331604003906,19.362075805664062,473.224609375,9.239670753479004,24.500654220581055,198.994873046875,11.792957305908203,128.75198364257812,18.410205841064453,332.0977783203125,431.6734924316406
2008-12-26,122.18257904052734,284.32427978515625,42.4683952331543,62.335052490234375,100.69635772705078,86.59294128417969,83.4928970336914,263.83563232421875,82.30250549316406,93.14137268066406,21.200969696044922,51.795257568359375,84.2361831665039,25.349201202392578,22.44763946533203,140.01068115234375,12.994511604309082,42.176239013671875,49.632904052734375,27.93747901916504,54.869449615478516,56.130409240722656,449.10931396484375,182.85565185546875,35.38861083984375,74.1222915649414,160.098876953125,48.90447235107422,350.7271728515625,234.8236846923828,99.34764099121094,141.19252014160156,39.04390335083008,26.03765296936035,32.275325775146484,48.90135955810547,21.532102584838867,10.524720191955566,30.094083786010742,242.742919921875,18.86924934387207,458.9749450683594,9.076136589050293,24.56844139099121,195.84678649902344,11.456453323364258,126.54143524169922,17.638423919677734,334.4615478515625,431.53582763671875
2008-12-29,125.83241271972656,294.94927978515625,43.758426666259766,66.46485137939453,103.02117919921875,88.77210998535156,86.79759216308594,262.9851989746094,83.20117950439453,93.51924133300781,21.219684600830078,52.86668014526367,84.35528564453125,25.883859634399414,22.767436981201172,144.92494201660156,13.166139602661133,42.95808792114258,54.80739212036133,26.7263126373291,52.9345817565918,55.753849029541016,439.4704895019531,183.399658203125,35.50265884399414,74.35729217529297,167.69509887695312,51.282798767089844,356.8688049316406,235.59088134765625,100.65203857421875,143.2140655517578,39.57081985473633,26.472074508666992,32.588680267333984,51.78015899658203,22.633182525634766,10.555011749267578,30.485286712646484,242.45138549804688,18.777360916137695,467.2460632324219,8.892157554626465,24.99454116821289,197.3174285888672,11.456453323364258,127.71725463867188,18.243335723876953,346.4662170410156,423.3642578125
2008-12-30,126.25648498535156,299.3192443847656,44.48529815673828,68.49612426757812,104.63316345214844,91.51625061035156,89.23912811279297,273.5089416503906,84.20458221435547,94.70738983154297,22.066226959228516,54.12743377685547,86.4992904663086,25.836687088012695,22.767436981201172,148.14366149902344,13.184526443481445,44.00054168701172,55.4762077331543,28.045135498046875,56.20419692993164,56.845115661621094,456.3714904785156,183.00074768066406,35.658199310302734,74.63932800292969,165.75405883789062,53.88410568237305,366.8489990234375,243.2208251953125,101.57977294921875,142.86550903320312,40.795345306396484,26.65825653076172,33.170631408691406,53.315528869628906,23.00020408630371,10.7064790725708,31.105497360229492,245.4137725830078,19.412185668945312,470.93182373046875,9.055694580078125,26.05010414123535,204.11907958984375,12.037691116333008,131.2447052001953,18.60211181640625,355.3191223144531,422.8591613769531
2008-12-31,124.46435546875,296.3782653808594,43.583805084228516,66.92784881591797,104.39825439453125,90.52083587646484,88.16632080078125,274.1643981933594,83.39309692382812,93.6619873046875,21.832372665405273,53.74074172973633,86.04669189453125,26.15119743347168,23.143333435058594,146.6850128173828,13.313244819641113,44.6520881652832,54.56098937988281,28.68211555480957,56.8043212890625,57.57133483886719,457.9119873046875,181.55003356933594,35.606353759765625,76.48535919189453,163.8600616455078,52.063201904296875,368.61480712890625,240.5354461669922,104.86254119873047,141.50616455078125,41.55974197387695,25.941116333007812,33.618263244628906,51.97208786010742,23.262367248535156,10.606945037841797,31.534860610961914,243.66554260253906,19.261837005615234,466.4625549316406,9.21922779083252,26.553672790527344,207.8186798095703,12.12946605682373,134.96031188964844,19.119417190551758,357.35845947265625,422.4459533691406
2009-01-02,129.88113403320312,291.9874572753906,44.33904266357422,70.38552856445312,107.88549041748047,97.19286346435547,96.5760498046875,292.44793701171875,86.95293426513672,95.06005096435547,22.795839309692383,54.80412673950195,87.73809051513672,26.52859878540039,23.300432205200195,152.00836181640625,14.073302268981934,48.69162368774414,59.207481384277344,31.58890724182129,59.722137451171875,59.24664306640625,479.2142639160156,179.51918029785156,36.1870002746582,77.1305923461914,163.06753540039062,51.35712432861328,379.1707458496094,256.22161865234375,105.16387176513672,142.27294921875,42.5542106628418,27.058198928833008,37.065147399902344,55.38827133178711,23.786684036254883,11.247427940368652,32.603519439697266,240.50888061523438,20.43123435974121,459.49749755859375,9.668944358825684,29.139324188232422,220.82455444335938,12.649517059326172,141.4272918701172,19.761873245239258,358.10009765625,438.74334716796875
2009-01-05,137.90281677246094,284.01361083984375,45.581058502197266,74.66465759277344,110.23053741455078,100.4571304321289,98.29002380371094,303.76885986328125,89.91068267822266,98.47753143310547,22.987600326538086,58.42524337768555,86.14195251464844,25.931041717529297,24.018579483032227,154.84494018554688,15.054023742675781,50.51593780517578,63.255531311035156,32.01953887939453,61.30521011352539,63.99973678588867,490.3494873046875,176.2551727294922,35.865570068359375,78.22454071044922,165.86825561523438,52.10035705566406,389.6499328613281,252.3000946044922,106.44051361083984,141.29710388183594,43.68225860595703,29.030324935913086,41.2282600402832,55.69533920288086,25.018840789794922,11.918203353881836,32.85159683227539,252.8682403564453,21.07441520690918,451.83575439453125,9.628061294555664,28.771326065063477,215.60841369628906,13.04720687866211,142.83824157714844,20.475255966186523,356.7560119628906,447.7413024902344
2009-01-06,138.4126434326172,272.1461486816406,48.03888702392578,78.18206787109375,107.15645599365234,102.18791198730469,95.40460205078125,301.2531433105469,88.3663558959961,98.12068939208984,22.702295303344727,57.91366195678711,84.35528564453125,25.742332458496094,23.665117263793945,157.95065307617188,15.14289665222168,50.47249984741211,66.52921295166016,33.45500183105469,65.86817169189453,61.94403839111328,494.1787109375,179.08392333984375,36.16626739501953,78.48091125488281,179.3077850341797,56.78271484375,417.21063232421875,237.42385864257812,106.25813293457031,138.6656036376953,42.858482360839844,29.87847900390625,39.034793853759766,54.85089111328125,24.616863250732422,12.208154678344727,33.78666687011719,257.943115234375,21.809478759765625,458.6847839355469,9.546296119689941,27.88039207458496,213.54031372070312,12.787178039550781,146.90658569335938,21.055139541625977,397.8683776855469,471.0167236328125
2009-01-07,121.23348999023438,269.2464599609375,44.05964279174805,69.87770080566406,100.44927978515625,93.64161682128906,89.53506469726562,274.4832763671875,88.08717346191406,99.71607208251953,22.884700775146484,55.63387680053711,81.6871566772461,24.389957427978516,22.290544509887695,155.21096801757812,14.327676773071289,47.60572052001953,61.21390151977539,31.247983932495117,62.61924362182617,61.12560272216797,497.47967529296875,182.16656494140625,34.859806060791016,76.25032806396484,179.5831298828125,53.66114044189453,390.4944763183594,199.35926818847656,102.39649963378906,134.30892944335938,40.773075103759766,27.616743087768555,34.110679626464844,51.050865173339844,23.812902450561523,11.433514595031738,33.42409133911133,245.17100524902344,18.418180465698242,449.39788818359375,8.544650077819824,26.330947875976562,210.43824768066406,11.364679336547852,140.20443725585938,19.903717041015625,379.5137634277344,473.22027587890625
2009-01-09,116.43765258789062,264.648681640625,44.41981887817383,68.19740295410156,98.91425323486328,87.27449798583984,84.96029663085938,255.4202423095703,93.69730377197266,101.04695129394531,23.474010467529297,53.9018669128418,84.92700958251953,24.2641544342041,22.728160858154297,152.56272888183594,13.178397178649902,45.694541931152344,56.00423049926758,29.74076271057129,64.59550476074219,57.62128448486328,515.701171875,191.05189514160156,35.18124008178711,75.23758697509766,183.30406188964844,53.995601654052734,386.73260498046875,184.44036865234375,100.3071060180664,136.4175567626953,40.58754348754883,28.43731117248535,33.57350158691406,49.63065719604492,23.917762756347656,11.165204048156738,31.725690841674805,237.352294921875,17.8167781829834,465.70794677734375,7.829188346862793,25.35284996032715,201.03997802734375,11.058769226074219,122.8493881225586,18.69806671142578,367.7872619628906,464.1764221191406
2009-01-12,110.84925842285156,258.4145202636719,43.817359924316406,65.41932678222656,93.87581634521484,81.01497650146484,81.06371307373047,243.88674926757812,89.43953704833984,97.3775405883789,21.271127700805664,52.64513397216797,81.42510986328125,23.619417190551758,23.132122039794922,144.7203826904297,12.268165588378906,43.566184997558594,51.21692657470703,28.978178024291992,63.93332290649414,55.888343811035156,509.9793701171875,191.3782958984375,34.237674713134766,75.98540496826172,182.57870483398438,51.542938232421875,380.89801025390625,174.55120849609375,101.49256896972656,133.15870666503906,37.83420944213867,27.1616268157959,32.45438766479492,47.21244812011719,23.017681121826172,10.996427536010742,31.802026748657227,237.8622283935547,18.04231071472168,453.7801208496094,7.583886623382568,25.042964935302734,206.96847534179688,10.875219345092773,111.42041778564453,17.98885726928711,351.65753173828125,455.13250732421875
2009-01-13,108.79461669921875,251.45545959472656,43.16905975341797,63.54487228393555,95.17185974121094,78.9703140258789,79.71961212158203,247.97926330566406,91.72547912597656,103.12518310546875,22.47780418395996,50.800357818603516,80.04342651367188,23.27345848083496,23.193832397460938,146.19517517089844,12.412210464477539,42.176239013671875,51.63933563232422,27.829816818237305,63.32282638549805,57.73656463623047,517.1533813476562,184.63272094726562,34.984230041503906,77.9724349975586,178.36749267578125,52.39765930175781,390.72467041015625,175.1479949951172,101.87316131591797,135.98187255859375,37.32213592529297,28.492477416992188,32.23056411743164,47.020538330078125,22.799205780029297,10.922860145568848,31.229536056518555,230.60203552246094,18.18430519104004,467.2460632324219,7.113727569580078,24.984859466552734,200.78720092773438,10.538717269897461,98.62754821777344,17.584190368652344,338.4940490722656,449.99090576171875
2009-01-14,119.11324310302734,257.95880126953125,42.67575454711914,65.88233184814453,96.95397186279297,80.6024398803711,83.23395538330078,251.29225158691406,94.04630279541016,109.46050262451172,22.805198669433594,52.250389099121094,81.75862884521484,23.320634841918945,22.980627059936523,149.1986541748047,13.061938285827637,44.00054168701172,54.420188903808594,28.054105758666992,66.73729705810547,58.87776565551758,524.4157104492188,184.23374938964844,35.398983001708984,78.24161529541016,172.48391723632812,53.47533416748047,395.369384765625,181.07290649414062,103.08636474609375,138.7353057861328,37.11433792114258,30.395647048950195,34.379276275634766,47.596290588378906,22.99146842956543,10.715131759643555,31.773395538330078,244.19970703125,19.73794937133789,480.42193603515625,7.1341681480407715,26.22442054748535,199.93699645996094,11.410566329956055,109.21428680419922,18.272541046142578,333.3028259277344,454.6734313964844
2009-01-15,115.33712768554688,250.047119140625,40.3729248046875,61.03562927246094,92.9321060180664,77.84934997558594,75.2928237915039,250.4772491455078,89.07310485839844,105.10259246826172,22.005422592163086,50.37740707397461,79.42404174804688,22.97467803955078,22.374706268310547,145.4254608154297,12.117996215820312,41.91562271118164,51.63933563232422,27.031347274780273,66.56140899658203,56.58766174316406,519.3101806640625,179.15647888183594,34.942745208740234,79.47229766845703,175.00926208496094,51.35712432861328,385.88818359375,172.37734985351562,103.20531463623047,135.61593627929688,35.36288833618164,27.830503463745117,33.52873992919922,45.48516845703125,23.070110321044922,10.870928764343262,30.533002853393555,224.99302673339844,18.226076126098633,483.0337829589844,6.725334167480469,25.51748275756836,198.994873046875,11.242316246032715,101.28413391113281,17.538301467895508,332.6075744628906,456.3720397949219
2009-01-16,122.9095230102539,262.9295654296875,40.929527282714844,63.29096221923828,94.30107116699219,79.55322265625,77.90699005126953,254.10916137695312,87.7730941772461,106.42090606689453,22.295398712158203,52.25845718383789,85.68936920166016,23.698043823242188,23.28921127319336,151.12559509277344,12.507217407226562,43.43587875366211,55.652217864990234,27.44403839111328,67.20291900634766,59.38112258911133,519.046142578125,181.91275024414062,35.616729736328125,78.40825653076172,172.44363403320312,52.58345413208008,383.0092468261719,166.70814514160156,103.16170501708984,136.71380615234375,35.73396682739258,27.733959197998047,34.065921783447266,45.98416519165039,22.842905044555664,10.615599632263184,31.448984146118164,225.45437622070312,19.671127319335938,490.2890930175781,6.745774745941162,26.87324333190918,195.20335388183594,11.288204193115234,103.62220001220703,17.671798706054688,343.5925598144531,440.21240234375
2009-01-19,124.17659759521484,267.9417419433594,41.084503173828125,61.625606536865234,92.8632583618164,78.61161041259766,76.93283081054688,257.82965087890625,87.38045501708984,105.97164154052734,21.645292282104492,53.9945182800293,84.99850463867188,24.6101131439209,23.917587280273438,152.546630859375,12.783044815063477,44.00054168701172,58.221866607666016,26.932661056518555,64.03677368164062,58.40898513793945,505.1820983886719,184.37887573242188,35.38861083984375,79.75431823730469,167.39959716796875,54.478702545166016,385.6963195800781,166.36717224121094,104.01411437988281,138.369384765625,35.77848815917969,28.389039993286133,33.618263244628906,46.368011474609375,22.869125366210938,10.580977439880371,31.51578140258789,225.74571228027344,19.353715896606445,487.4740905761719,6.725334167480469,27.338077545166016,190.56173706054688,11.379977226257324,105.4541015625,17.534128189086914,352.9088439941406,442.8291320800781
2009-01-20,119.5069808959961,255.30780029296875,39.83376693725586,59.191043853759766,90.14961242675781,75.75985717773438,75.05854034423828,251.11512756347656,86.6301040649414,105.10682678222656,21.34128189086914,53.50309371948242,88.59567260742188,27.36203956604004,23.15456199645996,150.89413452148438,11.95556354522705,42.08937454223633,55.4762077331543,26.152132034301758,62.050193786621094,59.06221008300781,492.5943298339844,178.46739196777344,35.38861083984375,79.36971282958984,162.76528930664062,51.72874069213867,372.6068115234375,160.8684844970703,103.89120483398438,140.98342895507812,35.867549896240234,27.63742446899414,33.34968948364258,44.7558708190918,23.585693359375,10.260733604431152,30.628414154052734,218.3155975341797,18.560190200805664,485.7037658691406,6.888868808746338,26.93135643005371,192.92848205566406,11.257613182067871,100.0789566040039,17.15866470336914,360.5566711425781,443.7014465332031
2009-01-21,113.06541442871094,241.5141143798828,38.82969284057617,55.165828704833984,87.58177185058594,73.12332916259766,72.38269805908203,242.77064514160156,85.90593719482422,102.76412200927734,20.550865173339844,52.36722183227539,85.73699188232422,25.537904739379883,23.04796028137207,145.22097778320312,11.57859992980957,41.17721939086914,51.81533432006836,25.102460861206055,61.325889587402344,54.89314651489258,475.1211242675781,185.0316619873047,35.513038635253906,79.29281616210938,153.31533813476562,52.47196578979492,366.6954345703125,154.60255432128906,105.25506591796875,142.74351501464844,35.62263870239258,27.52020263671875,32.14104080200195,43.22050857543945,22.694345474243164,9.923181533813477,29.84600830078125,211.3224639892578,19.337018966674805,488.4317626953125,6.766217231750488,26.12757682800293,195.571044921875,11.058769226074219,96.34285736083984,16.783201217651367,361.25189208984375,431.5816345214844
2009-01-22,114.7262954711914,256.48834228515625,39.31207275390625,56.46523666381836,88.31890869140625,74.62094116210938,68.2888412475586,235.5067901611328,86.65628051757812,103.3560791015625,20.391847610473633,52.322906494140625,85.0699462890625,26.748756408691406,22.75621223449707,147.31480407714844,10.987107276916504,38.093265533447266,51.04093551635742,23.846437454223633,59.50483322143555,54.81245803833008,457.2077331542969,183.68975830078125,35.378238677978516,77.14767456054688,159.23915100097656,52.063201904296875,376.17669677734375,139.93939208984375,104.81100463867188,144.17247009277344,35.607791900634766,28.16148567199707,31.156219482421875,42.529598236083984,23.131277084350586,9.507734298706055,29.473878860473633,206.85467529296875,18.668773651123047,493.0462646484375,6.561798572540283,25.391590118408203,189.29791259765625,10.599898338317871,94.80021667480469,16.336820602416992,360.51031494140625,432.3620910644531
2009-01-23,116.73046112060547,253.9822540283203,38.0875358581543,54.34434127807617,84.36591339111328,68.92639923095703,63.171478271484375,227.14456176757812,84.832763671875,101.15194702148438,19.97559356689453,52.08122634887695,85.68936920166016,27.12615966796875,22.374706268310547,142.1798553466797,10.193337440490723,37.78921127319336,50.54811477661133,24.232215881347656,54.76597595214844,54.45511245727539,453.51055908203125,179.0114288330078,35.336769104003906,78.6903076171875,152.1265411376953,49.127437591552734,364.2771911621094,137.50970458984375,104.01013946533203,145.16583251953125,34.48717498779297,23.762117385864258,29.410390853881836,41.22453689575195,22.61570167541504,9.555335998535156,28.519729614257812,207.21888732910156,17.875247955322266,491.39190673828125,6.152965545654297,24.965492248535156,186.90814208984375,10.27868938446045,90.55795288085938,15.573375701904297,366.9065856933594,423.1347351074219
2009-01-27,123.77777862548828,268.1695251464844,38.82969284057617,56.920799255371094,88.104248046875,70.8006820678711,64.1209487915039,225.97525024414062,87.09251403808594,105.13619995117188,21.14484977722168,50.0390625,90.57295989990234,28.00678253173828,21.168437957763672,148.4235076904297,10.539654731750488,38.39732360839844,51.92094802856445,25.183204650878906,56.3283576965332,56.883541107177734,473.2725524902344,183.76235961914062,35.419715881347656,68.49026489257812,158.11080932617188,51.72874069213867,373.7583923339844,141.94276428222656,107.1779556274414,145.88035583496094,36.2979850769043,23.996562957763672,29.410390853881836,42.56797409057617,22.685611724853516,9.47744083404541,29.206722259521484,215.47462463378906,18.802427291870117,497.51544189453125,6.54135799407959,25.304431915283203,189.9642791748047,10.554009437561035,95.11356353759766,16.17829132080078,362.45697021484375,434.56573486328125
2009-01-28,128.62913513183594,270.1371154785156,39.80320739746094,60.946022033691406,90.1131591796875,75.840576171875,67.88191223144531,238.00482177734375,89.08506774902344,108.04148864746094,21.897846221923828,51.65830612182617,91.12085723876953,28.635784149169922,22.58228302001953,150.5443115234375,10.861452102661133,38.52762222290039,56.91944885253906,26.313621520996094,58.62535858154297,57.70198440551758,458.2200012207031,187.8966827392578,36.42549514770508,66.7126235961914,158.69515991210938,52.58345413208008,381.7809143066406,151.2777557373047,105.23524475097656,144.32931518554688,36.208927154541016,23.989669799804688,29.499919891357422,43.25889587402344,23.262367248535156,9.949149131774902,29.83646583557129,224.07029724121094,19.3721923828125,505.4383850097656,6.78665828704834,25.720842361450195,189.09109497070312,10.737557411193848,98.53631591796875,17.07522964477539,382.0631103515625,461.146484375
2009-01-29,128.23538208007812,259.8849182128906,40.3139762878418,61.252201080322266,89.04389190673828,78.13631439208984,69.09033966064453,234.23121643066406,90.23493957519531,110.010498046875,21.257097244262695,51.4850959777832,91.99122619628906,28.447086334228516,22.105398178100586,146.2167510986328,11.259867668151855,40.00444793701172,56.32102584838867,27.282548904418945,60.92237091064453,57.95174026489258,479.25823974609375,186.44602966308594,36.38400650024414,64.0803451538086,158.62127685546875,50.46525573730469,386.8861999511719,139.85409545898438,106.28984832763672,145.793212890625,37.78226089477539,24.382719039916992,29.276100158691406,43.527584075927734,23.89154815673828,9.901544570922852,29.779212951660156,219.84527587890625,18.564306259155273,513.2451782226562,6.745774745941162,25.720842361450195,181.5310821533203,11.181130409240723,94.94483184814453,17.313020706176758,385.5393371582031,458.3460998535156
2009-01-30,133.6370086669922,262.5982360839844,40.407840728759766,62.17074966430664,93.2358627319336,77.78657531738281,69.9781723022461,244.57769775390625,89.8136215209961,109.71659851074219,21.659318923950195,52.7619514465332,91.70109558105469,27.755170822143555,22.36882972717285,142.18521118164062,11.315033912658691,42.52372360229492,59.4340705871582,26.85191535949707,62.546817779541016,58.62416076660156,500.2525329589844,189.78257751464844,37.34830856323242,67.40917205810547,160.62945556640625,52.657779693603516,388.7669982910156,151.4482421875,110.2704086303711,147.86700439453125,37.35182571411133,24.913677215576172,29.8580322265625,43.87303161621094,24.267311096191406,10.044355392456055,29.22580337524414,220.01531982421875,19.746370315551758,508.9501037597656,6.807101249694824,25.682111740112305,186.1268310546875,11.334087371826172,99.47636413574219,17.61338996887207,367.0456848144531,456.7853088378906
2009-02-02,129.23497009277344,255.07998657226562,38.796939849853516,57.518226623535156,88.7644271850586,71.35667419433594,67.65996551513672,234.0540008544922,86.2498779296875,107.44950866699219,20.583602905273438,51.51732635498047,87.61528015136719,26.292713165283203,23.16485595703125,140.63502502441406,10.57336711883545,40.09131622314453,54.567691802978516,25.793272018432617,60.37398910522461,57.85182189941406,499.1082458496094,189.96383666992188,36.95429229736328,66.30667877197266,160.0249786376953,52.063201904296875,379.59295654296875,130.43389892578125,111.0157699584961,144.66046142578125,36.60226821899414,24.127580642700195,29.276100158691406,42.41444396972656,23.708032608032227,9.763059616088867,28.996807098388672,208.0687713623047,19.2701473236084,509.646484375,6.991076469421387,25.110750198364258,185.55233764648438,11.02817440032959,97.0900650024414,16.41608428955078,360.0931701660156,450.22039794921875
2009-02-03,131.8802032470703,258.8909606933594,39.211669921875,58.548805236816406,88.48091888427734,70.93519592285156,67.2406997680664,233.00880432128906,87.75084686279297,107.68882751464844,21.01856803894043,52.47597122192383,85.5361099243164,26.717302322387695,23.119037628173828,144.3974609375,10.46610164642334,39.00542449951172,54.567691802978516,23.900266647338867,59.75318145751953,57.97861862182617,513.8524780273438,193.01031494140625,37.51420593261719,65.72126007080078,171.0331573486328,52.13752746582031,398.1330871582031,113.25586700439453,109.75105285644531,145.9151611328125,36.238616943359375,24.61026954650879,28.425567626953125,41.83868408203125,23.341012954711914,9.745753288269043,28.529273986816406,209.3556671142578,20.027002334594727,509.7046203613281,7.236377239227295,24.868650436401367,183.80599975585938,11.07406234741211,95.42691040039062,15.82785415649414,382.80474853515625,465.599609375
2009-02-04,132.011474609375,262.7431640625,38.672523498535156,58.205284118652344,88.84545135498047,70.8724136352539,67.31468200683594,232.19378662109375,87.54017639160156,107.61742401123047,20.9577693939209,53.61184310913086,85.51193237304688,27.128576278686523,23.542816162109375,146.1090545654297,11.005495071411133,38.48419189453125,56.678836822509766,24.303991317749023,58.190799713134766,57.57133483886719,529.9174194335938,194.31588745117188,37.51420593261719,65.89215850830078,173.40403747558594,52.10035705566406,407.6910705566406,118.88240051269531,109.08100891113281,145.58407592773438,36.52062225341797,24.8585147857666,28.78368377685547,41.454833984375,23.664339065551758,9.905872344970703,27.937692642211914,209.08856201171875,20.766849517822266,509.4725341796875,7.502120494842529,24.762126922607422,183.6680908203125,11.043468475341797,95.78849029541016,16.62884521484375,382.66552734375,476.93890380859375
2009-02-05,130.12342834472656,260.40277099609375,38.60266876220703,58.332210540771484,88.67938232421875,70.36124420166016,64.3552474975586,225.56776428222656,84.77520751953125,105.45104217529297,20.564899444580078,53.45880126953125,85.51193237304688,26.970396041870117,23.159120559692383,144.98953247070312,11.14340877532959,37.74578857421875,58.75419616699219,23.523462295532227,54.97291946411133,57.0141716003418,507.954833984375,191.05189514160156,37.59716033935547,66.8536376953125,178.7167205810547,52.24900436401367,408.7273864746094,119.35128784179688,107.84796142578125,144.83474731445312,36.46867370605469,24.97573471069336,28.828453063964844,41.56999206542969,23.49830436706543,10.02271556854248,27.54648780822754,205.32493591308594,20.673315048217773,506.97662353515625,7.297701835632324,24.626548767089844,184.01278686523438,10.752854347229004,98.41577911376953,16.299274444580078,382.0167236328125,471.3840026855469
2009-02-06,135.7825164794922,268.0245666503906,39.220401763916016,60.80412673950195,90.61134338378906,72.28034973144531,65.58834838867188,226.38275146484375,88.26873016357422,108.2261962890625,20.97647476196289,55.041786193847656,87.20427703857422,27.334224700927734,23.54854393005371,147.0025634765625,11.431492805480957,38.3538818359375,62.90494155883789,24.671825408935547,56.83535385131836,57.85567855834961,508.5270080566406,189.02101135253906,37.85637664794922,67.6911849975586,188.4622344970703,53.3266716003418,414.17822265625,117.60364532470703,110.79376983642578,144.93931579589844,36.683895111083984,25.65150260925293,29.58945083618164,41.95383834838867,23.45461654663086,10.040027618408203,27.88043785095215,209.62278747558594,21.345130920410156,510.7782897949219,7.46123743057251,24.481287002563477,188.2178955078125,11.02817440032959,96.58389282226562,17.550817489624023,385.6783142089844,474.5975646972656
2009-02-09,140.31077575683594,275.7705993652344,40.13935089111328,63.9780158996582,92.9563980102539,75.76882934570312,67.42566680908203,238.96153259277344,90.41053009033203,110.17427825927734,21.154205322265625,58.35676574707031,88.46145629882812,27.350040435791016,23.680267333984375,149.74227905273438,12.23752212524414,39.91757583618164,64.37198638916016,25.407495498657227,56.87675094604492,59.788429260253906,523.9315185546875,188.694580078125,37.980804443359375,67.86212158203125,190.60475158691406,54.218563079833984,414.25494384765625,119.30866241455078,109.3743896484375,146.10687255859375,37.18854904174805,25.927324295043945,30.753332138061523,42.299285888671875,23.56821632385254,10.265061378479004,28.281185150146484,215.3046417236328,20.367170333862305,513.9415283203125,7.440794944763184,25.072019577026367,183.80599975585938,11.517638206481934,97.95782470703125,18.73143768310547,382.8973083496094,493.6493835449219
2009-02-10,141.54762268066406,274.85931396484375,41.342071533203125,64.03028106689453,94.29703521728516,75.50875854492188,69.28764343261719,247.5186309814453,92.09583282470703,109.86360168457031,21.126136779785156,57.79685974121094,87.18013000488281,27.302581787109375,24.401840209960938,156.35205078125,12.06589412689209,39.04885482788086,61.86725616455078,24.79743194580078,58.47015380859375,60.98341369628906,535.551025390625,187.8241729736328,37.4001579284668,71.00286102294922,189.83909606933594,54.99893569946289,417.21063232421875,130.0929412841797,110.78186798095703,146.19403076171875,37.069801330566406,26.120399475097656,30.753332138061523,43.22050857543945,24.11875343322754,10.360270500183105,28.767812728881836,219.3596649169922,19.97597885131836,515.7119140625,7.522562503814697,25.285066604614258,186.21871948242188,11.5941162109375,99.57276153564453,18.72309684753418,388.3203125,504.1165466308594
2009-02-11,139.4576416015625,278.9601135253906,40.79637908935547,65.00112915039062,93.87581634521484,77.2933578491211,67.99288940429688,244.29420471191406,90.36659240722656,109.31781768798828,20.761329650878906,56.934913635253906,87.25267028808594,27.365867614746094,25.037506103515625,155.86761474609375,11.655220985412598,39.04885482788086,63.01228713989258,24.420618057250977,58.014896392822266,62.12461853027344,556.5892333984375,188.00552368164062,37.369041442871094,68.74237060546875,182.54510498046875,55.37055587768555,427.8433837890625,128.8567657470703,110.71446228027344,147.95416259765625,36.34251022338867,25.948009490966797,31.38003158569336,43.41243362426758,23.970203399658203,10.464133262634277,28.643768310546875,214.01773071289062,19.559282302856445,523.8089599609375,7.910956859588623,25.10106658935547,187.73533630371094,11.777665138244629,106.7074966430664,18.339284896850586,389.89617919921875,507.3298645019531
2009-02-12,136.45896911621094,269.59857177734375,40.768001556396484,62.93995666503906,93.90009307861328,77.21263122558594,67.2776870727539,241.81387329101562,89.51518249511719,105.34191131591797,20.798749923706055,55.87556457519531,86.96253204345703,28.694604873657227,24.579364776611328,151.863037109375,11.37632942199707,39.22260665893555,62.654457092285156,24.45650291442871,62.0088005065918,61.1102180480957,540.348388671875,187.64283752441406,36.97503662109375,68.67401885986328,181.2756805419922,54.96178436279297,422.5461730957031,133.50294494628906,109.45762634277344,152.885986328125,36.06792068481445,26.085918426513672,31.200973510742188,42.337677001953125,23.952709197998047,10.477119445800781,28.462474822998047,211.3468017578125,19.4232177734375,533.037841796875,7.829188346862793,25.226959228515625,186.70130920410156,11.502339363098145,109.0937728881836,18.80236053466797,381.9703369140625,508.93670654296875
2009-02-13,140.58338928222656,269.97137451171875,41.2176513671875,64.88162994384766,96.87295532226562,78.98825073242188,69.12733459472656,248.81192016601562,89.743408203125,105.098388671875,20.93437957763672,56.77781295776367,88.46145629882812,29.675350189208984,24.3216609954834,157.9668426513672,11.900399208068848,39.743831634521484,64.87294006347656,24.71668243408203,66.34412384033203,61.20628356933594,553.5083618164062,188.04176330566406,37.18240737915039,70.94303894042969,183.5391082763672,54.478702545166016,444.65606689453125,136.87034606933594,110.05632781982422,151.14324951171875,36.6987419128418,25.954906463623047,30.842863082885742,42.91343688964844,24.328481674194336,10.55068588256836,28.596059799194336,219.86962890625,19.380699157714844,541.0479125976562,7.870072364807129,26.156633377075195,196.35231018066406,11.517638206481934,112.66114807128906,19.369726181030273,389.9888916015625,519.4956665039062
2009-02-16,133.29373168945312,264.1722717285156,39.89925003051758,61.08790588378906,92.08966064453125,75.11417388916016,65.82263946533203,236.2686309814453,87.90886688232422,102.56257629394531,20.209440231323242,55.38412857055664,86.09217071533203,28.29913902282715,23.771888732910156,150.72732543945312,11.287450790405273,38.48419189453125,62.0103874206543,24.447532653808594,64.9679946899414,59.627044677734375,547.6106567382812,185.86578369140625,37.56605529785156,68.97740936279297,181.6316375732422,52.50914001464844,430.6838684082031,133.54554748535156,108.74004364013672,151.64866638183594,35.058624267578125,25.80320167541504,29.81327247619629,40.4952392578125,24.21487808227539,10.126579284667969,27.689611434936523,211.3224639892578,18.785409927368164,542.4118041992188,7.665653228759766,25.846736907958984,194.8587188720703,11.01287841796875,106.73159790039062,17.92627716064453,391.5184326171875,500.81097412109375
2009-02-17,127.95269775390625,262.0596618652344,38.43022918701172,57.60784149169922,89.00743865966797,71.58982849121094,64.18262481689453,233.2921905517578,85.187744140625,98.5740966796875,19.610782623291016,54.57051086425781,84.2063980102539,27.049495697021484,22.86133575439453,149.65469360351562,10.52126407623291,36.83362579345703,59.255165100097656,23.469633102416992,61.76046371459961,57.37153625488281,530.4454345703125,183.1094970703125,37.44162368774414,68.32788848876953,178.0921173095703,51.691585540771484,416.8268127441406,126.3844985961914,107.28894805908203,153.46102905273438,33.42591094970703,24.99642562866211,28.78368377685547,39.57402038574219,23.585693359375,9.897217750549316,26.89766502380371,202.823974609375,18.589824676513672,548.59326171875,7.379470348358154,25.197914123535156,188.47067260742188,10.538717269897461,106.08077239990234,17.755233764648438,379.9309387207031,490.94085693359375
2009-02-18,130.76458740234375,265.45635986328125,38.259979248046875,55.1882209777832,86.74742126464844,70.71099090576172,63.183815002441406,231.00677490234375,84.39779663085938,98.9813232421875,19.568687438964844,54.03882598876953,85.29435729980469,27.792957305908203,22.872783660888672,151.50741577148438,10.46610164642334,36.138648986816406,59.541419982910156,23.918212890625,58.95647048950195,57.940208435058594,543.033203125,183.83489990234375,37.33794021606445,67.94329071044922,180.6107635498047,52.21943283081055,430.8374328613281,135.33580017089844,109.67967987060547,157.13809204101562,33.89345932006836,24.69301986694336,28.4703311920166,39.03663635253906,24.16244125366211,9.758737564086914,26.87858009338379,194.85955810546875,18.479263305664062,541.2219848632812,7.338588237762451,25.081701278686523,185.253662109375,10.844626426696777,105.11664581298828,17.40896987915039,389.5254211425781,499.3876953125
2009-02-19,130.62319946289062,268.6044616699219,38.61576461791992,53.993343353271484,85.75916290283203,69.67073059082031,62.24665832519531,226.896484375,85.933837890625,101.50459289550781,20.61166763305664,54.76787567138672,86.5998764038086,27.887866973876953,22.981599807739258,149.86598205566406,10.570301055908203,34.835575103759766,58.64685821533203,24.142501831054688,60.1049690246582,57.77497863769531,556.1491088867188,180.82476806640625,37.54531478881836,68.37060546875,184.73463439941406,53.06105422973633,420.1278381347656,132.99142456054688,107.82816314697266,163.9171600341797,34.390689849853516,23.71384620666504,28.156980514526367,38.95987319946289,24.730466842651367,9.776043891906738,26.287006378173828,196.6078338623047,18.547300338745117,540.322265625,7.297701835632324,25.03327751159668,185.13876342773438,10.844626426696777,108.63580322265625,17.417322158813477,388.5520935058594,503.79510498046875
2009-02-20,126.54930877685547,266.22265625,37.827781677246094,50.16228103637695,84.57245635986328,66.84588623046875,60.33535385131836,220.1996612548828,83.2215347290039,98.84281921386719,20.13460922241211,54.2079963684082,85.94712829589844,27.302581787109375,22.941505432128906,147.7965545654297,10.303668022155762,34.18404006958008,56.9293327331543,23.998952865600586,58.263221740722656,56.706783294677734,554.1245727539062,180.7884979248047,37.369041442871094,68.21250915527344,180.7786865234375,52.18117904663086,425.19476318359375,132.01104736328125,107.62993621826172,159.3164520263672,33.32201385498047,23.0242919921875,28.022682189941406,38.23057556152344,23.99641227722168,9.66352653503418,26.010295867919922,189.4447479248047,17.603355407714844,532.3994750976562,7.563444137573242,24.616859436035156,184.1736602783203,10.584600448608398,107.40650177001953,16.44528579711914,386.51263427734375,512.4716796875
2009-02-24,126.53412628173828,263.71661376953125,37.30390930175781,50.17721939086914,83.25614166259766,65.22270965576172,61.58078384399414,221.2803192138672,82.31744384765625,99.54814147949219,19.9147891998291,54.76384353637695,86.16470336914062,29.04261589050293,22.489091873168945,147.52565002441406,9.853150367736816,33.8799934387207,54.46036148071289,23.70289421081543,61.23277282714844,56.81052017211914,564.4235229492188,183.4359130859375,37.451995849609375,67.6014633178711,185.74209594726562,52.79326629638672,428.64935302734375,134.82432556152344,106.29380798339844,157.50405883789062,32.03068923950195,22.307151794433594,27.44074249267578,37.8851203918457,23.880569458007812,9.512060165405273,25.05614471435547,189.61477661132812,17.127126693725586,521.8355712890625,7.338588237762451,24.500654220581055,178.42898559570312,10.17161750793457,106.56287384033203,15.360611915588379,393.1869812011719,508.6609802246094
2009-02-25,127.87696075439453,265.4149169921875,37.731727600097656,50.871734619140625,83.96898651123047,65.65315246582031,62.46862030029297,216.81578063964844,84.39779663085938,102.22666931152344,20.35442543029785,56.41932678222656,87.13175964355469,28.963516235351562,22.57499122619629,149.53549194335938,9.954288482666016,34.74869155883789,54.78239059448242,25.13834571838379,65.64053344726562,57.256263732910156,584.4053955078125,182.45672607421875,37.721588134765625,67.5501708984375,189.16073608398438,51.8751220703125,426.922119140625,131.96841430664062,105.23524475097656,154.85519409179688,32.19396209716797,22.35542106628418,27.57503890991211,37.92350387573242,24.753820419311523,9.416852951049805,24.960725784301758,194.73817443847656,17.16114616394043,520.0361938476562,7.767861843109131,25.372220993041992,178.9805145263672,10.248095512390137,110.87744140625,15.435707092285156,408.4825439453125,519.9090576171875
2009-02-26,130.3253631591797,270.1578369140625,38.19012451171875,48.51932907104492,82.87136840820312,62.110877990722656,61.926055908203125,216.10711669921875,84.65229034423828,103.7842788696289,20.125261306762695,57.98215866088867,89.33181762695312,29.390621185302734,23.159120559692383,152.27667236328125,9.994128227233887,33.48905944824219,55.42646026611328,26.905746459960938,65.96129608154297,56.238014221191406,608.0404663085938,184.01617431640625,38.16743469238281,67.28521728515625,196.83087158203125,50.42140197753906,429.83941650390625,133.1619415283203,104.26388549804688,155.32565307617188,31.51861572265625,22.12786865234375,26.9035701751709,36.34975051879883,25.02113914489746,9.235095977783203,24.397775650024414,197.2391815185547,16.854997634887695,538.1166381835938,7.68609619140625,25.51748275756836,180.22132873535156,10.324576377868652,107.38240051269531,15.402331352233887,441.251953125,513.8031005859375
2009-02-27,127.82648468017578,264.48297119140625,38.83185958862305,48.9225959777832,83.05363464355469,62.39786148071289,63.98531723022461,217.4713134765625,84.8103256225586,103.3854751586914,19.409669876098633,55.666107177734375,89.45268249511719,30.656089782714844,23.319473266601562,152.10328674316406,10.591754913330078,33.53250503540039,54.42457962036133,26.78911781311035,64.50238037109375,55.85760498046875,596.2008666992188,183.87112426757812,37.960060119628906,67.20831298828125,184.44586181640625,48.62336349487305,414.6003723144531,129.5813751220703,104.27974700927734,162.1744384765625,32.66892623901367,22.831214904785156,27.037864685058594,37.155818939208984,25.725080490112305,9.1831636428833,23.682153701782227,196.3650360107422,17.042081832885742,539.6256103515625,7.910956859588623,25.61432456970215,178.75067138671875,10.370465278625488,105.0202407836914,15.702704429626465,435.78265380859375,516.9247436523438
2009-03-02,123.74750518798828,255.4942626953125,36.919734954833984,45.464927673339844,80.55870056152344,57.949832916259766,60.68062973022461,207.0007781982422,80.72868347167969,102.36104583740234,19.026159286499023,53.52726745605469,86.4789810180664,29.23243522644043,23.078947067260742,149.93093872070312,9.74894905090332,33.05470657348633,51.23996353149414,26.11624526977539,66.18891906738281,54.70103073120117,593.8243408203125,177.56077575683594,37.10983657836914,66.09302520751953,177.83016967773438,48.393829345703125,402.8546142578125,127.02388000488281,104.27180480957031,160.72805786132812,32.208805084228516,21.61759376525879,25.605396270751953,35.159847259521484,25.038965225219727,9.888562202453613,22.22229766845703,196.24362182617188,16.05562400817871,523.8380126953125,8.13581657409668,24.626548767089844,173.5805206298828,10.20220947265625,101.81442260742188,14.346860885620117,419.0503234863281,515.8231811523438
2009-03-03,120.83972930908203,249.01158142089844,36.29982376098633,44.15057373046875,78.92646789550781,58.27267837524414,58.596702575683594,202.67791748046875,78.33236694335938,100.55994415283203,18.79230499267578,52.23832321166992,86.45481872558594,28.18842124938965,22.500545501708984,147.84527587890625,9.516029357910156,32.49003601074219,50.66744613647461,25.452348709106445,64.29544830322266,51.34272384643555,590.8753662109375,175.27593994140625,35.67893600463867,63.43938064575195,183.12942504882812,50.1153450012207,407.3071594238281,126.4697494506836,104.50969696044922,156.7372589111328,30.82843017578125,21.665863037109375,25.56062889099121,34.814388275146484,24.37066078186035,9.598611831665039,21.668888092041016,193.4026641845703,16.081125259399414,522.793212890625,7.788302898406982,24.04550552368164,169.7889862060547,10.049254417419434,98.97018432617188,14.234223365783691,424.5196838378906,520.597412109375
2009-03-04,122.27847290039062,248.80445861816406,36.62724304199219,42.552433013916016,77.5169906616211,57.779441833496094,57.6965446472168,205.67201232910156,80.8515625,100.69428253173828,19.264680862426758,53.47892761230469,86.96253204345703,28.963516235351562,23.004501342773438,144.437744140625,9.601842880249023,33.53250503540039,54.24566650390625,25.6766357421875,65.04042053222656,51.7077522277832,601.4825439453125,174.69573974609375,36.0211067199707,62.905242919921875,190.6853485107422,51.98990249633789,414.40850830078125,125.87299346923828,102.21412658691406,156.37132263183594,30.301509857177734,21.95547866821289,25.15774917602539,34.852779388427734,24.29045867919922,9.408199310302734,21.497135162353516,198.16184997558594,16.166166305541992,538.7841796875,8.115373611450195,25.188222885131836,172.3856201171875,9.972776412963867,98.77733612060547,14.83913803100586,440.6029968261719,534.461669921875
2009-03-05,116.0893325805664,244.28941345214844,34.985782623291016,40.33444595336914,75.6863021850586,53.932254791259766,53.368370056152344,201.52633666992188,81.31678009033203,99.2458267211914,19.3348388671875,52.36722183227539,83.55364227294922,29.01096534729004,22.901418685913086,139.00955200195312,9.304561614990234,32.663780212402344,53.53002166748047,25.003772735595703,64.41960144042969,49.20633316040039,588.2345581054688,166.93463134765625,34.64206314086914,62.25571823120117,186.09132385253906,51.033485412597656,405.7717590332031,125.1909408569336,100.48552703857422,153.98382568359375,29.0250301361084,21.121118545532227,24.531036376953125,33.85478591918945,23.61325454711914,9.274043083190918,20.552520751953125,196.72926330566406,15.783487319946289,543.4854736328125,7.951840877532959,26.10820960998535,167.58309936523438,9.926888465881348,95.08946228027344,14.79324722290039,442.5497741699219,532.5335083007812
2009-03-06,118.11873626708984,249.46726989746094,35.00324630737305,40.20002746582031,76.23308563232422,52.900970458984375,55.94553756713867,205.8137664794922,84.56452941894531,102.38623809814453,19.952211380004883,54.24424743652344,85.89877319335938,29.279897689819336,23.136215209960938,142.05950927734375,9.60797119140625,34.270912170410156,54.9255256652832,24.878171920776367,65.78539276123047,49.07954025268555,571.8618774414062,162.43765258789062,34.12362289428711,62.939430236816406,188.26747131347656,51.45431900024414,407.0384216308594,124.29584503173828,100.65203857421875,151.0212860107422,28.55748176574707,20.748756408691406,25.471099853515625,32.93357467651367,23.38157844543457,9.213459014892578,19.932323455810547,199.2545166015625,16.004596710205078,538.9292602539062,8.340232849121094,25.197914123535156,168.31838989257812,9.850411415100098,96.36697387695312,14.551280975341797,461.18243408203125,528.8148803710938
2009-03-09,116.44774627685547,243.46099853515625,34.87009811401367,39.27399826049805,72.52307891845703,50.470703125,55.00838851928711,199.15234375,81.28166198730469,100.93360900878906,19.297422409057617,53.68435287475586,85.41522216796875,28.773696899414062,23.462644577026367,140.96519470214844,9.338273048400879,32.96783447265625,53.53002166748047,24.519306182861328,65.64053344726562,47.79231643676758,573.84228515625,156.8525848388672,32.837894439697266,61.516456604003906,187.28684997558594,51.72209167480469,398.478515625,118.2856674194336,97.12741088867188,150.08021545410156,27.243894577026367,20.44534683227539,25.11298179626465,32.127498626708984,23.016244888305664,9.269716262817383,19.073585510253906,197.4091339111328,15.494356155395508,542.9633178710938,7.931396961212158,24.946123123168945,168.80096435546875,9.819816589355469,93.08883666992188,13.625141143798828,433.4188232421875,527.62158203125
2009-03-12,121.35972595214844,227.18191528320312,34.865726470947266,42.44042205810547,73.81510925292969,54.61381530761719,57.030662536621094,204.1306610107422,83.80964660644531,103.09575653076172,19.83527946472168,54.98537063598633,84.15804290771484,29.612077713012695,24.378929138183594,145.40748596191406,9.555869102478027,34.40121841430664,55.283348083496094,26.205961227416992,67.96858978271484,46.64342498779297,607.1602783203125,163.67066955566406,33.5637092590332,60.606285095214844,189.0532684326172,51.98990249633789,415.2914123535156,116.4953842163086,98.61022186279297,150.09767150878906,28.44615936279297,20.39018440246582,25.873979568481445,30.822437286376953,23.631072998046875,9.499076843261719,19.168996810913086,201.0999298095703,15.256233215332031,563.2492065429688,7.992720603942871,24.626548767089844,169.8809356689453,10.09514045715332,95.47513580322266,13.812874794006348,421.41424560546875,553.5595703125
2009-03-13,129.66403198242188,230.99281311035156,36.41987991333008,46.09970474243164,77.2010726928711,59.169456481933594,60.11341094970703,217.985107421875,88.979736328125,108.91057586669922,21.037277221679688,56.90671157836914,82.3206558227539,30.023353576660156,24.075407028198242,148.58201599121094,10.236242294311523,36.70332336425781,58.64685821533203,29.01406478881836,71.35200500488281,51.08528137207031,627.7584228515625,166.3906707763672,34.28951644897461,62.089080810546875,201.25025939941406,52.79326629638672,431.7969970703125,130.135498046875,98.16219329833984,151.54405212402344,30.24213218688965,20.5970516204834,26.634981155395508,32.85679626464844,24.459775924682617,9.81499195098877,20.657482147216797,219.48106384277344,16.36176300048828,558.0833740234375,8.38111400604248,24.68465232849121,173.2588348388672,10.446940422058105,101.69389343261719,15.131168365478516,436.6169738769531,562.6492309570312
2009-03-16,134.04087829589844,236.64694213867188,36.882633209228516,48.21314239501953,79.95521545410156,61.43830490112305,61.6794319152832,222.13076782226562,91.25314331054688,108.13382720947266,21.364667892456055,57.64785385131836,82.75585174560547,30.339719772338867,25.226497650146484,152.21165466308594,10.340445518493652,37.1376838684082,59.7560920715332,29.91122055053711,77.37386322021484,51.907569885253906,615.08251953125,170.7789306640625,35.27456283569336,61.98651123046875,198.2144317626953,53.214088439941406,433.25567626953125,138.0638427734375,102.37271118164062,158.58453369140625,30.635473251342773,20.452245712280273,26.948333740234375,35.1214599609375,25.457763671875,10.191495895385742,20.876935958862305,224.1916961669922,17.2887020111084,559.8827514648438,8.933042526245117,24.888015747070312,169.12265014648438,10.737557411193848,104.85150146484375,15.464908599853516,447.27740478515625,560.2160034179688
2009-03-17,131.27447509765625,236.7505340576172,36.153587341308594,48.302757263183594,76.95806121826172,58.38029098510742,61.87672805786133,218.83543395996094,87.34706115722656,106.2613754272461,21.308544158935547,57.672000885009766,84.06134796142578,30.466262817382812,24.68817138671875,151.86495971679688,10.334315299987793,37.96296310424805,57.96699523925781,30.844268798828125,77.6015396118164,52.080482482910156,624.7655029296875,169.2919921875,35.95889663696289,63.366737365722656,196.24656677246094,51.45431900024414,427.229248046875,135.54893493652344,102.65818786621094,156.5630340576172,29.492576599121094,20.141944885253906,27.082630157470703,34.08509063720703,24.771638870239258,10.065994262695312,21.478059768676758,216.5672607421875,17.19516372680664,565.1646118164062,8.503764152526855,24.529706954956055,163.2401123046875,10.706963539123535,104.77919006347656,15.419018745422363,443.4767761230469,553.3757934570312
2009-03-18,134.424560546875,236.0049285888672,36.801876068115234,49.98305892944336,77.78836822509766,61.10649871826172,63.344112396240234,225.2666015625,88.6812973022461,107.3151626586914,21.565778732299805,58.312442779541016,84.66576385498047,30.244815826416016,25.421207427978516,158.1057586669922,10.818544387817383,39.17916488647461,61.080039978027344,31.65170669555664,75.242431640625,50.562721252441406,631.675537109375,168.494140625,35.170867919921875,64.5375747680664,197.48907470703125,49.42673873901367,421.0874938964844,146.88731384277344,106.37310028076172,155.5174102783203,30.84326934814453,20.29364776611328,27.48551368713379,34.69923782348633,24.495405197143555,10.892565727233887,22.231836318969727,214.30911254882812,17.47579574584961,579.2109985351562,8.483325004577637,24.665285110473633,168.3873291015625,11.532934188842773,107.50292205810547,15.231292724609375,430.3597717285156,558.517578125
2009-03-19,135.86831665039062,236.39842224121094,36.3391227722168,50.46847152709961,78.46880340576172,64.20934295654297,66.41451263427734,215.92994689941406,90.40174102783203,108.92317962646484,21.757535934448242,58.904563903808594,86.35810852050781,30.43463134765625,25.226497650146484,152.9484100341797,10.60094928741455,39.17916488647461,61.40208435058594,30.808382034301758,72.96612548828125,50.90853500366211,643.383056640625,167.04345703125,35.20198059082031,63.81544494628906,196.28684997558594,51.11001205444336,418.3622741699219,148.33656311035156,103.22512817382812,154.7680206298828,30.96201515197754,20.272960662841797,27.39598274230957,34.430545806884766,23.417219161987305,11.217137336730957,22.002843856811523,217.56283569335938,17.781938552856445,575.1481323242188,8.31978988647461,25.20759391784668,169.72007751464844,11.62470531463623,108.37066650390625,15.231292724609375,438.5636901855469,560.2160034179688
2009-03-20,135.21206665039062,235.85992431640625,36.64033889770508,48.25048828125,77.33472442626953,61.41141128540039,63.3934440612793,207.31968688964844,89.49763488769531,108.83917999267578,21.612548828125,60.82186508178711,85.85037994384766,30.56117820739746,25.28376007080078,149.30795288085938,10.80321979522705,41.39439392089844,63.441673278808594,28.870519638061523,73.56625366210938,51.31583786010742,625.82177734375,169.21945190429688,35.08791732788086,63.67439270019531,196.73681640625,53.214088439941406,417.3257141113281,146.205322265625,107.45149230957031,160.32725524902344,30.264402389526367,20.279857635498047,27.127389907836914,34.73761749267578,22.89149284362793,11.095963478088379,22.623044967651367,224.21595764160156,17.730915069580078,579.06591796875,8.217580795288086,24.926753997802734,172.270751953125,11.62470531463623,105.8397445678711,15.619266510009766,437.219482421875,560.1243286132812
2009-03-23,145.23284912109375,245.718505859375,38.63541030883789,51.79777145385742,82.91188049316406,67.0162582397461,67.1913833618164,214.2823028564453,91.22686004638672,111.78644561767578,22.38426399230957,63.9797477722168,88.82410430908203,31.067373275756836,26.84717559814453,152.80218505859375,11.915721893310547,45.21674346923828,68.34381866455078,29.81253433227539,76.32884979248047,53.640506744384766,645.319580078125,173.06369018554688,36.16626739501953,64.08888244628906,204.9845733642578,53.405372619628906,428.7645568847656,142.07058715820312,107.34842681884766,160.50152587890625,33.23295974731445,21.10042953491211,27.977922439575195,35.39014434814453,23.631072998046875,11.113273620605469,24.035192489624023,243.7384033203125,17.679893493652344,580.9812622070312,8.442441940307617,25.072019577026367,182.1744842529297,11.731778144836426,107.98500061035156,16.770689010620117,472.6309814453125,566.4139404296875
2009-03-24,146.6463623046875,250.06790161132812,41.110694885253906,53.089725494384766,83.61662292480469,66.71134185791016,66.22956085205078,215.38072204589844,91.57791900634766,110.9006118774414,22.763099670410156,62.771366119384766,87.61528015136719,31.130651473999023,25.902250289916992,156.42095947265625,11.483593940734863,43.47930908203125,64.98028564453125,29.148639678955078,77.5394515991211,53.25625991821289,646.1558227539062,173.53517150878906,36.28032302856445,64.98626708984375,204.64877319335938,54.055721282958984,429.3118591308594,141.7722625732422,106.06385040283203,158.91561889648438,33.767295837402344,20.790128707885742,27.48551368713379,34.92953872680664,23.399394989013672,10.931513786315918,25.600013732910156,249.3716583251953,17.773433685302734,585.1314086914062,8.23802375793457,25.16885757446289,176.47581481933594,11.181130409240723,114.66175079345703,16.044790267944336,475.04119873046875,584.4554443359375
2009-03-25,154.6982879638672,244.80723571777344,42.44001388549805,54.5982551574707,85.05038452148438,71.40151977539062,68.47380065917969,220.96145629882812,92.3415756225586,112.42877960205078,22.68826675415039,61.52271270751953,85.58445739746094,30.70353889465332,26.77845001220703,160.57608032226562,11.937176704406738,43.305572509765625,67.44925689697266,28.771831512451172,78.3568344116211,56.83358383178711,646.023681640625,170.19866943359375,36.86098098754883,64.81961822509766,208.1077117919922,53.67316436767578,440.1384582519531,150.59573364257812,101.7066421508789,158.68905639648438,33.463016510009766,21.148698806762695,27.888395309448242,35.50530242919922,23.461774826049805,11.048357963562012,25.56184196472168,254.47079467773438,17.662885665893555,586.9306640625,8.115373611450195,24.965492248535156,179.73875427246094,11.456453323364258,115.48125457763672,16.220008850097656,475.3192138671875,561.2719116210938
2009-03-26,158.06039428710938,257.5860290527344,43.367698669433594,56.01715850830078,88.7401351928711,75.58050537109375,72.65399169921875,234.62100219726562,98.03836822509766,115.8043212890625,23.89962387084961,65.05924224853516,87.66363525390625,30.450450897216797,27.030427932739258,169.6609649658203,12.593033790588379,45.564239501953125,68.80899810791016,31.561994552612305,79.79505920410156,60.03819274902344,677.9332275390625,173.89784240722656,38.38519287109375,65.81951904296875,215.07933044433594,53.25234603881836,439.3957824707031,150.33999633789062,105.29071807861328,158.63681030273438,34.92502975463867,22.107181549072266,29.8580322265625,36.272987365722656,23.53306007385254,12.935193061828613,26.964454650878906,258.647216796875,17.23768424987793,598.8005981445312,8.62641716003418,25.536855697631836,181.43917846679688,11.685891151428223,121.3866958618164,16.937559127807617,481.9936828613281,584.4097900390625
2009-03-27,156.3692626953125,257.5860290527344,43.71913146972656,57.53316879272461,91.07306671142578,77.31128692626953,74.40496826171875,241.0875244140625,100.91743469238281,112.928466796875,23.670448303222656,65.11161804199219,88.0504379272461,29.91261863708496,27.597373962402344,167.91661071777344,13.681015014648438,47.86634063720703,73.56800842285156,33.89460372924805,79.79505920410156,60.218772888183594,676.4808959960938,174.07919311523438,38.634037017822266,66.41777038574219,215.32113647460938,54.7060661315918,454.28729248046875,155.83868408203125,106.10748291015625,159.6998291015625,36.758113861083984,23.113937377929688,30.753332138061523,37.57804489135742,24.486494064331055,13.441518783569336,27.68006706237793,261.4396057128906,17.841466903686523,633.133056640625,8.83083438873291,26.00168228149414,185.36856079101562,11.74707317352295,121.00105285644531,19.232053756713867,490.5683288574219,613.7449340820312
2009-03-30,153.1080780029297,252.5325164794922,41.27659225463867,50.49834060668945,82.8146743774414,71.2042236328125,66.4761734008789,230.90049743652344,91.85881805419922,109.26741790771484,22.547950744628906,63.03319549560547,88.72737121582031,29.91261863708496,26.7211856842041,159.54135131835938,12.035248756408691,43.566184997558594,66.7694091796875,30.862211227416992,76.46336364746094,58.72789764404297,667.414306640625,173.89784240722656,37.089080810546875,67.98603820800781,206.1935272216797,53.826175689697266,442.600830078125,141.0902557373047,110.01665496826172,161.320556640625,34.21999740600586,22.762258529663086,28.425567626953125,35.4669189453125,24.673629760742188,12.255760192871094,26.68775177001953,252.4069366455078,16.965553283691406,607.9713134765625,9.137460708618164,24.636232376098633,181.48512268066406,11.60940933227539,118.3496322631836,17.834497451782227,492.1906433105469,633.34765625
2009-03-31,153.9460906982422,259.2015686035156,42.494590759277344,49.70673751831055,86.43961334228516,74.42366027832031,69.5959243774414,237.8985137939453,94.5447998046875,111.16510772705078,23.00162696838379,62.85192108154297,86.96253204345703,30.244815826416016,28.129981994628906,163.66397094726562,12.620611190795898,45.21674346923828,69.02366638183594,32.35149002075195,79.39151763916016,59.06603240966797,686.4719848632812,172.26583862304688,38.33333969116211,67.20404815673828,212.52711486816406,54.01746368408203,449.0107727050781,142.62478637695312,111.0157699584961,164.23081970214844,34.784019470214844,22.85190200805664,28.738916397094727,34.852779388427734,25.769634246826172,12.493776321411133,27.01215934753418,251.7269287109375,17.356731414794922,621.7275390625,9.280553817749023,25.95326042175293,186.67831420898438,11.884735107421875,129.2445526123047,19.42813491821289,511.1014709472656,652.3533325195312
2009-04-01,159.6505889892578,254.68643188476562,43.65583419799805,52.17863082885742,87.27801513671875,74.99759674072266,73.85008239746094,238.2705535888672,95.5893783569336,115.35086822509766,23.609643936157227,64.79340362548828,86.30976104736328,29.09006690979004,28.542299270629883,159.2867431640625,12.859664916992188,45.91172409057617,69.73931121826172,32.29766082763672,81.72992706298828,60.99496078491211,697.6071166992188,171.50425720214844,38.22965621948242,67.17842864990234,207.98681640625,54.89734649658203,458.7428894042969,150.97940063476562,110.99993896484375,161.2682342529297,34.509437561035156,22.534706115722656,29.768510818481445,35.697227478027344,25.359743118286133,12.78372573852539,27.28887367248535,252.60116577148438,17.135635375976562,603.501953125,9.423643112182617,26.030736923217773,181.7609100341797,12.542445182800293,124.25505065917969,20.946670532226562,496.13043212890625,661.7186889648438
2009-04-02,167.7378692626953,264.5658264160156,45.25145721435547,53.873863220214844,92.91590881347656,78.84477233886719,83.96147918701172,254.32183837890625,101.60205078125,119.18402862548828,25.265308380126953,70.19486236572266,88.84828186035156,29.612077713012695,29.744935989379883,166.4159698486328,13.797476768493652,49.082550048828125,76.78838348388672,36.54121398925781,87.02751922607422,65.09483337402344,699.4115600585938,167.55120849609375,38.42665481567383,68.3321533203125,215.24058532714844,56.81013870239258,470.7420654296875,172.67575073242188,113.17652893066406,159.82180786132812,36.283145904541016,22.77604866027832,30.350454330444336,38.07703399658203,25.742908477783203,13.428537368774414,28.79643440246582,256.0491027832031,18.19013023376465,597.6107788085938,9.505413055419922,26.156633377075195,183.71408081054688,13.429594993591309,131.12464904785156,25.460573196411133,509.0622253417969,678.291748046875
2009-04-06,168.77276611328125,273.28521728515625,46.45635986328125,55.97982406616211,91.10952758789062,78.06458282470703,91.27372741699219,272.9419250488281,101.74249267578125,118.73481750488281,25.209184646606445,71.4394760131836,89.25926208496094,29.264062881469727,29.361228942871094,165.9013671875,14.444138526916504,52.25336837768555,76.85995483398438,37.6895751953125,95.12911224365234,65.9824447631836,703.4168090820312,164.94000244140625,37.28609848022461,66.9604721069336,210.55245971679688,55.12689208984375,455.1861267089844,178.47280883789062,117.27604675292969,155.81370544433594,35.63747787475586,23.169099807739258,32.72297286987305,39.343711853027344,25.003324508666992,13.251107215881348,29.426179885864258,264.693359375,19.023521423339844,617.5484008789062,9.423643112182617,27.066932678222656,181.04856872558594,14.087309837341309,130.01583862304688,25.9611873626709,498.6796569824219,657.7247924804688
2009-04-08,174.17941284179688,274.34149169921875,45.696746826171875,56.21879959106445,91.02850341796875,79.55322265625,89.14046478271484,285.9283447265625,106.0611801147461,119.66681671142578,26.41118049621582,72.92582702636719,95.20668029785156,30.81426239013672,31.514497756958008,164.36282348632812,14.89771556854248,50.559364318847656,79.32891845703125,40.11190414428711,92.74933624267578,67.50404357910156,719.4376220703125,175.0220947265625,39.37022018432617,66.75963592529297,210.02186584472656,57.9960823059082,462.5342102050781,180.47618103027344,116.7606430053711,157.8980255126953,36.36477279663086,22.65882682800293,33.931617736816406,41.03261947631836,25.083520889282227,14.190195083618164,29.607467651367188,274.04180908203125,21.141029357910156,625.8486328125,9.791597366333008,27.086301803588867,184.01278686523438,14.286151885986328,136.04180908203125,25.49811553955078,502.66571044921875,674.8944091796875
2009-04-09,175.24966430664062,275.8948059082031,45.594154357910156,59.41508483886719,92.36912536621094,79.92090606689453,91.66831970214844,294.9637145996094,105.78028869628906,119.82215118408203,25.67221450805664,71.2542495727539,93.9011459350586,30.35553741455078,30.71848487854004,162.3746337890625,16.004091262817383,51.210906982421875,79.2573471069336,40.69504928588867,90.3074722290039,68.02277374267578,712.2196044921875,169.00186157226562,38.81031036376953,67.29804992675781,214.26663208007812,59.717613220214844,458.5083923339844,189.81117248535156,114.73072814941406,158.94020080566406,38.24238204956055,23.603517532348633,34.55832290649414,41.76191329956055,24.646888732910156,14.220486640930176,29.970043182373047,280.45208740234375,20.783864974975586,618.9996948242188,9.852921485900879,27.715770721435547,183.92088317871094,13.842577934265137,138.18704223632812,28.99827003479004,490.75384521484375,662.0402221679688
2009-04-13,179.06613159179688,274.7557067871094,47.949378967285156,62.2230339050293,98.65504455566406,82.8354263305664,98.54898834228516,292.82000732421875,103.9720687866211,118.33595275878906,25.13903045654297,72.16049194335938,92.93408203125,29.944257736206055,29.5101318359375,165.31085205078125,17.35564422607422,51.645267486572266,81.4400634765625,45.24363708496094,92.9148941040039,69.5213394165039,724.2791137695312,166.82586669921875,38.77919387817383,70.14395904541016,210.3644256591797,59.602840423583984,462.1433410644531,200.21180725097656,116.98265075683594,162.47291564941406,40.082889556884766,25.382577896118164,36.52797317504883,43.60434341430664,23.969675064086914,14.39359188079834,32.03102111816406,277.2955322265625,21.787342071533203,614.5592651367188,10.323081970214844,28.170915603637695,182.63406372070312,14.821499824523926,136.3310546875,29.91606903076172,494.87896728515625,735.263427734375
2009-04-15,184.77066040039062,283.7651062011719,47.26835250854492,66.15117645263672,104.88426971435547,90.43114471435547,105.08440399169922,311.1921081542969,101.41777801513672,115.08635711669922,25.157737731933594,72.12020874023438,95.59349822998047,30.7193660736084,29.126434326171875,180.625732421875,17.95939826965332,54.20798110961914,84.19528198242188,50.50994873046875,97.9331283569336,69.11019897460938,745.2291870117188,170.7789306640625,38.39556121826172,74.8017349243164,217.75247192382812,65.68553924560547,481.3733215332031,219.05224609375,120.49540710449219,162.61428833007812,41.78981018066406,26.27899742126465,37.826148986816406,47.135684967041016,24.869661331176758,14.614299774169922,32.48902130126953,283.1473693847656,22.408132553100586,620.2474975585938,10.343521118164062,28.68416404724121,184.35748291015625,15.509805679321289,146.5028533935547,30.666996002197266,520.232421875,757.758544921875
2009-04-16,175.17391967773438,276.6197509765625,46.541481018066406,63.858524322509766,102.13418579101562,84.673828125,97.78448486328125,294.82196044921875,100.42586517333984,112.95361328125,25.96686553955078,68.58368682861328,94.62643432617188,29.928430557250977,28.61102294921875,176.24850463867188,16.494449615478516,50.29875946044922,79.47205352783203,43.32372283935547,94.05304718017578,67.07369232177734,752.7554321289062,173.4626007080078,39.75386047363281,77.26306915283203,216.3084259033203,61.47737503051758,482.194091796875,201.91680908203125,120.58265686035156,160.84791564941406,42.813961029052734,26.24452018737793,35.09550094604492,45.21648025512695,25.760725021362305,14.185864448547363,31.906984329223633,269.3311767578125,20.775360107421875,625.4712524414062,9.771156311035156,28.771326065063477,182.79490661621094,13.796692848205566,145.29766845703125,27.609058380126953,506.65179443359375,731.0859985351562
2009-04-17,173.35150146484375,281.90106201171875,46.7946891784668,65.8449935913086,105.69432830810547,90.2607421875,98.59833526611328,308.0031433105469,100.6102066040039,117.32829284667969,25.71898078918457,69.62290954589844,93.56267547607422,30.845911026000977,29.195161819458008,179.45556640625,15.826334953308105,47.86634063720703,76.46634674072266,42.309932708740234,93.55641174316406,67.53863525390625,736.0745239257812,173.42640686035156,39.07989501953125,78.43820190429688,219.4920196533203,61.209590911865234,476.0967102050781,195.73606872558594,121.81958770751953,162.0137481689453,44.075599670410156,27.864974975585938,35.9460334777832,47.174072265625,27.489395141601562,13.787727355957031,30.59024429321289,266.17449951171875,21.940414428710938,644.3643188476562,9.996012687683105,28.848793029785156,182.6800537109375,14.010826110839844,144.42994689941406,26.336654663085938,524.7283325195312,744.5370483398438
2009-04-20,173.19500732421875,285.06988525390625,46.585140228271484,63.72410202026367,104.87211608886719,91.44452667236328,98.0927505493164,313.3180236816406,98.55622100830078,117.00505065917969,25.60673713684082,69.61483764648438,90.27467346191406,32.2379264831543,29.029083251953125,178.7892303466797,16.099098205566406,46.563262939453125,77.39667510986328,44.122188568115234,93.07007598876953,66.04776763916016,736.2066040039062,172.6284942626953,38.30223846435547,79.3996353149414,214.1524658203125,61.32436752319336,482.7021179199219,196.29022216796875,126.50584411621094,162.8968963623047,43.801002502441406,27.513301849365234,38.18427276611328,46.90538024902344,28.817073822021484,13.7920560836792,31.868818283081055,277.5140380859375,23.284046173095703,653.1290893554688,10.772796630859375,28.703536987304688,183.09364318847656,14.60736083984375,154.67404174804688,27.162670135498047,529.8731079101562,768.4092407226562
2009-04-21,172.25604248046875,298.0351867675781,47.4582633972168,59.55696487426758,101.56309509277344,88.59274291992188,94.68941497802734,302.35150146484375,96.68659210205078,114.40203857421875,25.6768856048584,69.53428649902344,90.49226379394531,31.636823654174805,28.971811294555664,177.592041015625,14.968210220336914,48.344139099121094,78.00497436523438,41.861358642578125,90.64891815185547,67.78837585449219,694.30615234375,176.1826629638672,39.121376037597656,75.92129516601562,215.57635498046875,59.411556243896484,481.92059326171875,202.42832946777344,123.43719482421875,163.55044555664062,41.87144470214844,26.58930206298828,39.21385955810547,46.40639114379883,27.881454467773438,13.411227226257324,31.0387020111084,276.54278564453125,23.496646881103516,639.0244750976562,11.406493186950684,30.19487953186035,181.34727478027344,14.653247833251953,146.93673706054688,26.365856170654297,525.1455078125,782.82421875
2009-04-22,173.45753479003906,295.1769714355469,47.55648422241211,59.75114059448242,99.74455261230469,84.68280792236328,91.07643127441406,292.8023376464844,95.31725311279297,115.96806335449219,26.289579391479492,67.61295318603516,90.5647964477539,30.576990127563477,28.313232421875,171.20492553710938,14.765937805175781,47.47542190551758,76.75260162353516,41.74473190307617,87.7931900024414,65.4176025390625,663.8491821289062,174.51437377929688,39.505008697509766,76.42552947998047,213.62188720703125,60.75050354003906,505.5279541015625,193.30645751953125,120.51522064208984,163.6034393310547,42.63584518432617,26.154882431030273,37.46803283691406,44.52556610107422,27.20424461364746,12.956829071044922,30.55208396911621,269.06402587890625,21.268592834472656,627.53173828125,10.650147438049316,29.30394172668457,182.4502410888672,14.46969985961914,142.6221466064453,26.165607452392578,525.7479248046875,741.6907348632812
2009-04-23,178.07164001464844,293.23016357421875,47.69400405883789,63.388023376464844,102.54730224609375,90.04553985595703,96.31707763671875,305.9656982421875,99.7324447631836,121.79122161865234,29.268840789794922,68.87372589111328,92.78903198242188,31.652650833129883,28.622480392456055,175.53883361816406,16.111358642578125,49.25629425048828,82.37037658691406,44.03247833251953,91.93193054199219,65.73654174804688,702.9766235351562,174.26052856445312,39.40132522583008,76.78873443603516,228.81439208984375,63.31366729736328,506.4659423828125,202.93978881835938,120.83238220214844,164.1333770751953,44.22402572631836,26.120399475097656,38.273799896240234,45.79225158691406,27.970569610595703,12.913555145263672,31.1531925201416,270.47235107421875,21.795841217041016,652.9256591796875,13.6550874710083,28.935958862304688,183.55322265625,15.29566764831543,147.41876220703125,28.568571090698242,519.212646484375,743.8023071289062
2009-04-24,180.61090087890625,310.5655212402344,48.468894958496094,64.83682250976562,106.20870971679688,94.98677825927734,98.31471252441406,314.133056640625,102.50624084472656,121.63590240478516,29.208040237426758,69.01067352294922,92.4022216796875,31.652650833129883,28.81146812438965,178.0579071044922,16.007158279418945,49.73408508300781,82.54930877685547,45.49484634399414,97.52959442138672,68.21490478515625,706.8499145507812,172.84608459472656,39.515380859375,76.09223175048828,242.13970947265625,61.8981819152832,530.62060546875,206.81871032714844,123.1834716796875,164.69857788085938,45.292694091796875,26.754791259765625,39.258628845214844,51.66501235961914,28.139863967895508,13.220812797546387,31.983314514160156,267.5099792480469,21.752994537353516,665.9273071289062,12.489904403686523,29.07152557373047,182.81787109375,16.198108673095703,148.55169677734375,28.455936431884766,526.9996337890625,747.3834228515625
2009-04-27,180.27769470214844,308.03875732421875,48.6937141418457,69.8328857421875,103.53962707519531,99.99081420898438,97.14325714111328,321.60943603515625,105.66619873046875,120.56949615478516,30.489551544189453,68.31382751464844,91.02413177490234,30.60863494873047,28.45639991760254,181.49794006347656,15.553572654724121,48.47445297241211,80.08035278320312,44.687400817871094,98.56426239013672,66.35515594482422,712.4395141601562,167.40615844726562,40.12714385986328,75.12220764160156,241.8643341064453,63.31366729736328,514.5958251953125,208.18270874023438,122.22799682617188,166.6946563720703,46.56918716430664,26.94786834716797,38.139495849609375,49.323577880859375,26.999303817749023,13.484796524047852,31.9642333984375,264.839111328125,21.872983932495117,655.827880859375,13.08271598815918,28.742273330688477,182.611083984375,15.87690258026123,147.44293212890625,27.855194091796875,528.8999633789062,749.541015625
2009-04-28,175.3909912109375,300.0441589355469,46.79249572753906,65.59856414794922,100.08882904052734,95.18408203125,89.85567474365234,309.385009765625,105.06928253173828,120.13706970214844,29.502696990966797,67.0772476196289,89.64612579345703,29.105880737304688,28.290328979492188,173.06309509277344,14.364452362060547,46.389522552490234,77.00308227539062,41.717811584472656,98.0262451171875,64.49541473388672,706.98193359375,163.4168243408203,38.893253326416016,74.82738494873047,240.19195556640625,62.0894775390625,503.4565124511719,191.17518615722656,123.92483520507812,168.990966796875,45.73056411743164,25.513591766357422,36.12508773803711,46.483154296875,26.740894317626953,12.805362701416016,31.46807289123535,259.61846923828125,21.60728645324707,651.503662109375,12.673879623413086,28.170915603637695,176.5677490234375,15.433327674865723,141.77850341796875,26.328310012817383,530.7538452148438,725.163818359375
2009-04-29,182.36764526367188,311.80810546875,48.03669738769531,71.57292938232422,103.57199096679688,99.95492553710938,95.010009765625,311.5819396972656,109.47570037841797,126.72852325439453,30.947893142700195,69.66317749023438,91.87030792236328,29.295705795288086,29.3726863861084,179.3905487060547,14.594306945800781,46.693565368652344,78.14810180664062,43.74538803100586,100.97509002685547,68.91805267333984,716.53271484375,170.27122497558594,39.17321014404297,75.91273498535156,239.29196166992188,61.97469711303711,511.50787353515625,196.29022216796875,126.93407440185547,168.4787139892578,48.52100372314453,27.29953384399414,36.393680572509766,48.824588775634766,27.41811180114746,13.06934642791748,32.73709487915039,266.3687744140625,22.2586727142334,686.4454345703125,13.511994361877441,28.277437210083008,176.49879455566406,15.754533767700195,148.52755737304688,28.576913833618164,528.5753784179688,710.8404541015625
2009-04-30,182.76651000976562,312.3259582519531,48.03669738769531,71.84176635742188,103.57199096679688,99.95492553710938,95.010009765625,311.5819396972656,109.21240234375,126.72852325439453,30.947893142700195,69.66317749023438,91.87030792236328,29.295705795288086,29.401325225830078,179.3905487060547,14.594306945800781,46.693565368652344,78.14810180664062,43.74538803100586,100.97509002685547,68.79512023925781,716.53271484375,170.27122497558594,39.131744384765625,76.21614074707031,241.79043579101562,61.630409240722656,512.01611328125,196.29022216796875,126.93407440185547,169.22059631347656,47.15546417236328,27.30643653869629,36.483211517333984,48.824588775634766,27.41811180114746,13.06934642791748,32.73709487915039,263.21221923828125,22.301530838012695,687.7515869140625,13.511994361877441,28.277437210083008,176.06222534179688,15.754533767700195,149.9738006591797,28.576913833618164,546.9300537109375,690.82470703125
2009-05-04,190.53065490722656,314.5006408691406,52.360809326171875,79.14543151855469,110.67202758789062,109.2904281616211,104.49250793457031,337.62530517578125,116.98942565917969,136.7165069580078,34.193763732910156,71.7778549194336,93.56267547607422,29.754432678222656,29.590299606323242,184.91629028320312,16.132808685302734,53.382694244384766,84.44575500488281,46.35611343383789,112.94642639160156,69.5712890625,738.8472900390625,174.00665283203125,42.646751403808594,75.67772674560547,241.85092163085938,62.62505340576172,511.8987121582031,198.9330291748047,125.30062866210938,169.5915069580078,48.49131774902344,28.651073455810547,39.392921447753906,50.01449203491211,29.77052879333496,13.753108024597168,35.60911178588867,269.67108154296875,26.441280364990234,698.5184326171875,14.227455139160156,28.810060501098633,178.01536560058594,16.167516708374023,162.29083251953125,30.258159637451172,550.1279907226562,735.6995849609375
2009-05-05,190.18234252929688,310.979736328125,52.092323303222656,85.00031280517578,108.96690368652344,112.51881408691406,112.0513916015625,347.75921630859375,114.2859115600586,132.84141540527344,34.56324768066406,71.45159912109375,92.35387420654297,30.35553741455078,29.67620086669922,187.6846160888672,17.53952980041504,54.20798110961914,84.91091918945312,48.688720703125,110.78392791748047,69.40220642089844,732.0693359375,172.8824005126953,41.018863677978516,76.44691467285156,240.4740753173828,61.17131423950195,512.7978515625,222.1212158203125,122.69976806640625,171.5876007080078,47.793704986572266,29.07859992980957,41.94449996948242,52.77814483642578,30.20713996887207,14.125280380249023,36.30564880371094,274.01751708984375,25.97844123840332,696.08056640625,14.288780212402344,29.052162170410156,181.3702392578125,16.228702545166016,157.25314331054688,33.3035888671875,544.24169921875,746.6525268554688
2009-05-06,189.9652862548828,313.7757873535156,51.16246032714844,80.59422302246094,107.1240463256836,108.55504608154297,104.6034927368164,344.0386047363281,111.5384750366211,132.10247802734375,33.61848068237305,71.43547821044922,93.876953125,30.48208999633789,29.63039779663086,184.28245544433594,16.59252166748047,55.033260345458984,83.55119323730469,47.52241516113281,110.05963134765625,70.10539245605469,711.7352905273438,170.1623992919922,39.93013381958008,75.92556762695312,242.15316772460938,62.54854202270508,501.5804443359375,208.86473083496094,123.65924072265625,169.14996337890625,46.83634948730469,30.540462493896484,40.870155334472656,50.43671798706055,29.262619018554688,19.240501403808594,35.57093811035156,272.9005432128906,25.28420639038086,698.5765991210938,13.879945755004883,28.790687561035156,177.16517639160156,16.121631622314453,160.36253356933594,32.03117370605469,526.582275390625,738.1027221679688
2009-05-07,193.4031219482422,324.152099609375,51.35453796386719,82.04299926757812,110.9352798461914,112.05248260498047,108.73436737060547,349.9383239746094,110.89765930175781,130.38111877441406,35.652992248535156,71.80203247070312,92.83739471435547,30.7193660736084,29.836551666259766,185.2792510986328,18.042142868041992,61.027408599853516,89.84886169433594,48.796382904052734,106.91419219970703,70.0131607055664,738.8914184570312,167.2973175048828,39.4946403503418,77.07075500488281,238.6136474609375,60.67400360107422,487.783203125,208.94998168945312,123.73458099365234,170.47471618652344,49.20377731323242,31.95404624938965,41.98926544189453,51.54985809326172,29.414087295532227,20.646974563598633,35.84764862060547,272.7547607421875,25.729900360107422,707.7182006835938,14.145686149597168,30.572566986083984,182.8638458251953,15.831015586853027,163.2791290283203,35.8275260925293,518.7954711914062,759.638916015625
2009-05-08,191.86341857910156,318.2700500488281,49.944461822509766,77.77879333496094,107.2941665649414,108.91374969482422,106.90938568115234,351.2847900390625,110.76603698730469,127.69000244140625,33.21624755859375,71.14546203613281,91.82197570800781,30.79845428466797,29.96826171875,178.3883819580078,17.309675216674805,59.33341979980469,89.45524597167969,48.21323013305664,102.1029052734375,69.20625305175781,729.1204833984375,169.03810119628906,39.06953430175781,77.59209442138672,239.07032775878906,57.61351776123047,469.9994812011719,205.15631103515625,123.72662353515625,166.51805114746094,47.734336853027344,30.98866844177246,41.09395980834961,49.66904067993164,29.022024154663086,19.400625228881836,35.41828918457031,269.841064453125,25.481340408325195,711.0845947265625,17.355037689208984,29.594470977783203,184.63323974609375,16.182819366455078,161.66416931152344,34.1629753112793,518.0540161132812,753.0763549804688
2009-05-11,187.95606994628906,310.10992431640625,50.0732421875,78.1671371459961,101.91952514648438,111.26331329345703,108.9193344116211,341.5052490234375,108.00981140136719,127.43387603759766,32.70178985595703,70.86753845214844,90.92745971679688,30.79845428466797,29.87664794921875,174.09239196777344,16.589452743530273,58.03035354614258,85.98440551757812,46.16771697998047,104.099853515625,69.51748657226562,734.2259521484375,164.7587127685547,38.97620391845703,78.1988754272461,232.4076690673828,57.15444564819336,462.2997741699219,194.4573516845703,124.43631744384766,164.20404052734375,49.04050064086914,29.816423416137695,39.258628845214844,47.36599349975586,27.872547149658203,20.50849151611328,34.8076171875,261.7552490234375,24.28139877319336,709.25634765625,16.53737449645996,29.274892807006836,183.71408081054688,16.978193283081055,156.5541229248047,35.41451644897461,518.0540161132812,749.9337158203125
2009-05-12,197.8809356689453,328.8121643066406,52.18182373046875,83.35736846923828,104.9126205444336,119.98898315429688,119.52393341064453,348.0957946777344,112.54791259765625,134.21844482421875,35.03095245361328,71.08908081054688,92.47473907470703,32.016475677490234,30.993370056152344,183.07980346679688,16.889802932739258,61.114295959472656,87.34410095214844,47.9440803527832,108.4869384765625,69.62506866455078,760.4575805664062,163.2717742919922,39.6812858581543,76.6861801147461,238.29119873046875,58.91423034667969,465.5046691894531,201.32005310058594,124.50371551513672,164.52198791503906,49.50804901123047,29.857797622680664,40.19867706298828,46.90538024902344,28.71015739440918,19.578060150146484,33.681724548339844,269.039794921875,24.838520050048828,693.3236694335938,16.312515258789062,29.478260040283203,187.4595947265625,17.39117431640625,156.43360900878906,34.85132598876953,527.9727172851562,743.1861572265625
2009-05-13,195.16494750976562,329.6198425292969,50.8284912109375,82.31932067871094,102.17874908447266,120.4732666015625,119.65959930419922,345.9520568847656,109.14215850830078,132.16123962402344,35.035621643066406,68.85357666015625,91.33847045898438,31.38374137878418,30.684120178222656,182.5380859375,16.20330047607422,61.722389221191406,84.73200988769531,48.04277038574219,105.7967529296875,68.61835479736328,738.583251953125,160.98699951171875,38.9969367980957,81.1430892944336,242.3479461669922,58.340389251708984,480.4351806640625,200.16912841796875,124.57112884521484,161.37782287597656,50.63610076904297,30.030179977416992,38.7214469909668,47.21244812011719,29.485380172729492,19.387638092041016,34.454586029052734,275.5715026855469,23.7843017578125,693.526611328125,15.617494583129883,29.081212997436523,183.00173950195312,17.131147384643555,158.81985473632812,34.37990188598633,532.3296508789062,744.1566772460938
2009-05-14,192.73678588867188,316.73748779296875,50.800113677978516,80.09385681152344,102.66070556640625,116.07632446289062,123.06292724609375,335.3398742675781,108.80859375,131.59446716308594,33.992645263671875,66.91614532470703,91.31426239013672,31.431184768676758,30.294692993164062,179.650634765625,16.209428787231445,61.288028717041016,84.87515258789062,46.625267028808594,105.49668884277344,67.98818969726562,732.9937744140625,163.09043884277344,38.73773193359375,81.27129364013672,240.78973388671875,58.14910125732422,480.1616516113281,213.2125701904297,126.91822814941406,162.0137481689453,50.29471206665039,30.761117935180664,38.09473419189453,47.25083923339844,30.955636978149414,18.812068939208984,34.206504821777344,259.0357360839844,24.324256896972656,703.7713012695312,15.556166648864746,29.023117065429688,183.6221466064453,17.482952117919922,165.689453125,34.13794708251953,531.9589233398438,756.1265258789062
2009-05-15,196.95204162597656,331.3182067871094,51.729976654052734,85.83672332763672,106.3990707397461,120.09088897705078,124.80158996582031,350.4343566894531,113.06584167480469,133.7440643310547,35.320926666259766,65.50634765625,90.68570709228516,31.9373779296875,30.913188934326172,184.91091918945312,16.672204971313477,61.2011604309082,87.48722839355469,47.59419631958008,106.25199890136719,69.82488250732422,746.6376953125,162.6914825439453,38.582191467285156,82.06182098388672,252.3218231201172,58.14910125732422,496.3429260253906,219.989990234375,129.70938110351562,162.1020050048828,50.7103157043457,31.629955291748047,37.73662185668945,48.09529495239258,31.05364990234375,18.989501953125,35.007991790771484,254.3737335205078,25.32706069946289,709.227294921875,15.392641067504883,28.955318450927734,183.09364318847656,17.28410530090332,177.11463928222656,34.92641067504883,526.1188354492188,760.2398071289062
2009-05-18,239.0392303466797,415.55096435546875,60.162113189697266,105.61189270019531,127.70720672607422,141.72035217285156,148.68666076660156,436.4131164550781,130.58609008789062,151.15060424804688,39.00175094604492,76.30522918701172,99.89688873291016,37.03090286254883,34.990665435791016,218.30349731445312,19.507095336914062,69.4539566040039,106.02234649658203,54.06269454956055,131.60182189941406,80.28018188476562,825.8612060546875,173.78904724121094,42.87486267089844,84.8180160522461,294.4471130371094,66.79497528076172,563.4913940429688,275.0621032714844,129.70938110351562,171.34027099609375,58.97773742675781,36.429264068603516,43.19791030883789,56.15596008300781,35.12582778930664,20.72486686706543,38.652862548828125,291.79156494140625,28.455442428588867,863.2732543945312,17.109743118286133,28.955318450927734,195.91574096679688,19.22665023803711,205.46072387695312,40.70020294189453,603.152587890625,849.29638671875
2009-05-19,225.24237060546875,379.0577087402344,61.633296966552734,112.93793487548828,142.077392578125,139.2442626953125,165.53074645996094,475.9210510253906,117.57755279541016,130.90174865722656,36.045860290527344,80.21234130859375,99.55842590332031,37.34728240966797,34.82459259033203,234.86439514160156,20.196657180786133,67.10842895507812,115.79085540771484,54.85218811035156,130.2050018310547,81.12166595458984,880.17333984375,166.46322631835938,39.4946403503418,85.51026916503906,306.7649230957031,65.8768081665039,586.1998291015625,324.42236328125,133.36883544921875,165.06956481933594,67.43067932128906,38.111785888671875,48.56967544555664,64.71560668945312,35.58918380737305,19.976192474365234,38.33799362182617,295.1424865722656,27.255517959594727,777.834228515625,17.498136520385742,29.865619659423828,203.2229766845703,18.874855041503906,220.9112548828125,39.990997314453125,593.1409912109375,805.6693115234375
2009-05-20,217.32167053222656,356.08880615234375,60.271236419677734,105.88072967529297,144.28067016601562,132.64437866210938,162.99053955078125,482.35211181640625,118.78886413574219,128.54644775390625,37.06545639038086,80.1116714477539,100.83975982666016,37.58455276489258,35.24836349487305,220.65469360351562,22.77104949951172,72.1904296875,118.54606628417969,65.178466796875,140.33460998535156,81.5443344116211,917.1002807617188,169.3282470703125,38.665138244628906,87.37337493896484,302.68804931640625,71.23265075683594,603.9446411132812,301.5750732421875,137.56341552734375,162.54360961914062,64.72930145263672,38.47725296020508,50.76314163208008,68.28531646728516,38.271297454833984,21.612022399902344,41.5916633605957,297.2306213378906,28.59257698059082,754.0076904296875,18.254480361938477,31.027708053588867,217.42373657226562,19.746706008911133,232.74624633789062,42.143646240234375,611.1246948242188,917.140380859375
2009-05-21,213.58599853515625,353.1064453125,59.85215377807617,100.52621459960938,138.69544982910156,134.0371551513672,152.8298797607422,438.76934814453125,113.66264343261719,126.15333557128906,35.1572265625,86.62481689453125,102.58047485351562,37.15746307373047,34.67568588256836,212.91326904296875,22.41246795654297,68.4549560546875,112.85675048828125,64.13776397705078,135.48187255859375,79.73070526123047,853.1932983398438,167.11599731445312,37.77342987060547,93.93694305419922,294.4134216308594,70.1614761352539,580.9622802734375,291.9417419433594,137.70620727539062,162.19033813476562,64.76641082763672,37.53945541381836,49.24114227294922,65.86714935302734,36.19512176513672,22.82808494567871,46.33382034301758,284.5556945800781,27.958335876464844,734.3309326171875,17.8252010345459,33.33251953125,243.5734100341797,19.517271041870117,222.62265014648438,41.35517883300781,638.8883056640625,967.3299560546875
2009-05-22,220.68382263183594,356.0681457519531,59.801937103271484,104.94721984863281,140.29933166503906,138.88925170898438,158.8473358154297,460.8974304199219,111.31024932861328,127.82431030273438,34.549217224121094,84.26849365234375,104.73217010498047,37.55291748046875,32.79158020019531,214.33262634277344,22.289878845214844,66.80438995361328,113.39346313476562,62.03843307495117,130.4326629638672,80.2378921508789,846.7674560546875,168.27650451660156,38.074127197265625,90.98422241210938,288.24786376953125,70.0467300415039,569.9403686523438,284.7380676269531,134.9705352783203,162.47291564941406,62.8145751953125,37.64978790283203,50.94219970703125,68.89948272705078,35.678287506103516,23.273826599121094,43.0419921875,283.3415832519531,28.609718322753906,753.5140991210938,18.254480361938477,33.78767013549805,238.83981323242188,19.639633178710938,219.60968017578125,41.90168762207031,611.7735595703125,945.1466674804688
2009-05-25,221.59249877929688,335.6675109863281,59.529090881347656,105.2459487915039,139.51763916015625,140.9192657470703,168.860107421875,462.38568115234375,110.83621978759766,126.87969207763672,34.3247184753418,83.8334732055664,102.70137786865234,36.8885498046875,32.384979248046875,217.160400390625,22.602479934692383,67.19532012939453,115.0394515991211,62.029449462890625,131.18797302246094,82.66632080078125,856.80224609375,169.03810119628906,39.3598518371582,89.4030990600586,284.6948547363281,69.62590026855469,565.9926147460938,300.8504333496094,134.78021240234375,162.3669891357422,65.63470458984375,37.491188049316406,53.269962310791016,70.1661605834961,36.515892028808594,24.308116912841797,43.194644927978516,284.1671447753906,28.095474243164062,768.5472412109375,17.62078857421875,36.721923828125,236.38107299804688,21.429231643676758,215.17457580566406,42.761077880859375,625.6786499023438,931.7440795898438
2009-05-26,216.33726501464844,319.4507141113281,58.324195861816406,99.47321319580078,136.8525848388672,135.5938262939453,155.46868896484375,443.9072265625,109.62493133544922,129.9529266357422,34.984169006347656,81.75908660888672,97.47921752929688,34.088687896728516,31.629030227661133,215.91444396972656,22.179548263549805,69.58428955078125,109.38585662841797,58.422874450683594,126.39735412597656,81.95547485351562,843.2022705078125,167.55120849609375,38.16743469238281,90.19793701171875,281.114990234375,68.78425598144531,556.6511840820312,287.2955627441406,134.65335083007812,161.76641845703125,64.34337615966797,37.511871337890625,50.628841400146484,66.8651351928711,33.50408935546875,23.4642333984375,40.40852355957031,263.40643310546875,27.478363037109375,779.4884033203125,17.211946487426758,34.07817840576172,234.7266082763672,20.25146484375,208.32907104492188,41.713951110839844,639.8618774414062,904.3385009765625
2009-05-27,220.744384765625,318.4564208984375,61.515419006347656,106.0823745727539,145.23248291015625,145.24331665039062,162.8672637939453,464.9545593261719,113.85579681396484,133.35362243652344,35.47526168823242,89.06173706054688,97.69684600830078,34.70560073852539,32.585418701171875,225.671142578125,22.893632888793945,70.71363067626953,110.38777923583984,61.697505950927734,129.56350708007812,83.87669372558594,857.8146362304688,166.93463134765625,38.17781066894531,93.3344497680664,301.78143310546875,68.55474853515625,555.8696899414062,312.01837158203125,137.89646911621094,162.41998291015625,64.62540435791016,39.146121978759766,55.23960494995117,69.39847564697266,34.32386016845703,23.66330909729004,42.32637023925781,253.45101928710938,29.989633560180664,788.8333740234375,18.029619216918945,33.99102783203125,233.53172302246094,21.27627182006836,223.5144500732422,43.115684509277344,638.9346313476562,944.9155883789062
2009-05-28,224.19741821289062,329.6820068359375,62.862213134765625,109.07701110839844,148.20127868652344,142.3849334716797,168.93409729003906,476.8247375488281,116.42765808105469,132.5852813720703,34.530513763427734,90.97901916503906,100.4771499633789,35.4332389831543,32.79158020019531,230.51425170898438,23.586267471313477,70.9742202758789,117.72311401367188,59.7237663269043,131.8191375732422,84.69898223876953,883.6502685546875,167.55120849609375,38.13633728027344,90.80046081542969,292.4320373535156,68.2104263305664,568.6897583007812,317.8153991699219,134.67715454101562,160.40628051757812,65.54566192626953,39.911521911621094,58.955074310302734,71.81668090820312,35.15256881713867,23.282474517822266,43.23281478881836,241.7715606689453,29.921058654785156,770.5208740234375,18.724637985229492,33.53588104248047,230.7972869873047,21.092721939086914,230.96250915527344,45.839874267578125,640.7886352539062,926.6142578125
2009-05-29,229.38192749023438,340.03765869140625,63.06084442138672,110.54821014404297,151.384765625,141.82049560546875,167.3433837890625,496.8443298339844,123.6955337524414,134.77684020996094,35.75588607788086,94.19330596923828,104.15190887451172,36.36654281616211,34.360713958740234,235.99664306640625,24.84587860107422,73.53694152832031,123.59136199951172,60.44148635864258,138.42042541503906,82.26288604736328,904.1163940429688,167.40615844726562,38.084495544433594,92.30033874511719,282.5120544433594,70.08495330810547,611.6834106445312,346.5449523925781,135.94189453125,167.40122985839844,65.13005828857422,39.13922882080078,63.96871566772461,71.31767272949219,34.51099395751953,23.52049446105957,41.28633499145508,227.1783905029297,28.609718322753906,776.1217651367188,18.295358657836914,34.572078704833984,235.25511169433594,21.64337158203125,236.1208038330078,46.15276336669922,665.4005126953125,940.9873657226562
2009-06-01,230.421875,333.36865234375,62.58718490600586,107.91948699951172,152.02467346191406,135.04766845703125,167.61465454101562,496.2952575683594,122.47550964355469,140.77215576171875,37.31334686279297,94.7934799194336,110.89716339111328,37.99583053588867,35.19110107421875,230.2162628173828,26.92683982849121,76.14309692382812,125.30891418457031,60.432518005371094,147.48426818847656,83.39639282226562,917.5843505859375,168.748046875,39.89902877807617,96.32564544677734,293.7955627441406,75.02000427246094,648.6580200195312,353.9618225097656,133.43621826171875,169.52085876464844,64.4992446899414,38.966835021972656,69.8776626586914,71.31767272949219,36.18620300292969,24.035476684570312,41.28633499145508,228.90235900878906,29.278261184692383,792.8093872070312,18.990381240844727,34.40744400024414,237.2082977294922,22.3775634765625,237.5669708251953,47.47939682006836,697.66015625,966.1282958984375
2009-06-02,230.11898803710938,331.5460205078125,61.022125244140625,109.37571716308594,154.4669952392578,131.06948852539062,162.37400817871094,500.7597351074219,121.96641540527344,141.7923583984375,36.63984680175781,93.75830078125,108.18939971923828,37.66363525390625,35.511802673339844,229.74497985839844,29.08441162109375,76.31684875488281,130.13951110839844,62.70233154296875,150.05026245117188,80.6644287109375,911.9947509765625,169.54583740234375,39.8575439453125,95.71885681152344,296.5291442871094,76.77978515625,610.7061157226562,345.0104675292969,132.381591796875,167.5778350830078,64.76641082763672,38.39450454711914,67.05747985839844,69.89746856689453,35.25059127807617,26.558475494384766,42.15462112426758,225.4300537109375,30.598175048828125,812.1376953125,18.683753967285156,34.5914306640625,233.66961669921875,22.102237701416016,230.16712951660156,47.41265106201172,685.7018432617188,982.1648559570312
2009-06-03,226.7568359375,330.73834228515625,59.84123992919922,107.45647430419922,152.25148010253906,130.54150390625,164.22366333007812,497.96051025390625,122.33501434326172,137.83328247070312,37.051429748535156,94.11276245117188,107.46411895751953,39.73584747314453,35.23692321777344,231.31063842773438,29.918033599853516,81.05134582519531,126.74019622802734,65.00801086425781,144.20433044433594,80.76432800292969,919.7850341796875,173.86155700683594,42.107582092285156,97.1930923461914,309.7470397949219,80.45234680175781,640.8800659179688,343.3055114746094,129.99087524414062,171.7642059326172,62.398990631103516,37.973876953125,65.4459457397461,69.36006927490234,35.999080657958984,26.562803268432617,43.3473014831543,231.9618377685547,29.59537696838379,805.5786743164062,18.642864227294922,35.27900695800781,239.62109375,21.781030654907227,232.74624633789062,49.00628662109375,673.9290771484375,980.8710327148438
2009-06-04,228.3571319580078,338.17364501953125,60.629215240478516,109.5549545288086,152.52285766601562,133.7913818359375,168.18191528320312,515.6947631835938,124.15202331542969,137.994140625,36.54163360595703,94.20137786865234,107.56078338623047,39.70423126220703,34.87040328979492,236.09408569335938,28.848430633544922,78.01084899902344,124.73638153076172,66.21917724609375,142.60052490234375,80.35702514648438,949.7139282226562,180.96978759765625,42.01426315307617,95.79151153564453,319.4925537109375,78.00395965576172,652.9962768554688,354.89959716796875,129.39218139648438,183.86399841308594,61.17445373535156,38.77375793457031,66.20695495605469,76.19245147705078,37.10399627685547,26.692628860473633,45.7708740234375,251.75132751464844,29.84392738342285,794.7827758789062,18.62242889404297,34.76575469970703,232.65855407714844,22.01046371459961,239.32659912109375,49.022972106933594,724.3577270507812,985.8160400390625
2009-06-05,223.4098663330078,342.4608459472656,61.93017578125,112.72883605957031,147.23731994628906,134.45591735839844,167.05978393554688,539.5060424804688,126.63615417480469,143.83596801757812,36.80354690551758,95.2043228149414,106.1827621459961,39.56186294555664,35.0994758605957,247.8444061279297,28.434690475463867,80.74728393554688,125.98878479003906,69.83470916748047,146.90487670898438,83.05058288574219,956.9320068359375,182.78317260742188,39.6812858581543,95.98805236816406,337.6133728027344,78.76908874511719,672.1091918945312,347.82379150390625,130.3040771484375,186.99049377441406,63.2227668762207,38.9323616027832,65.22212219238281,76.23085021972656,36.56937026977539,25.36838150024414,45.03617477416992,248.74038696289062,29.989633560180664,843.916015625,21.05499839782715,35.64700698852539,230.4066162109375,23.63180923461914,240.91746520996094,48.87696075439453,687.4631958007812,1014.3773193359375
2009-06-08,221.51675415039062,337.1173400878906,61.120357513427734,108.23312377929688,137.3791046142578,127.11866760253906,159.06930541992188,524.5177612304688,130.27879333496094,147.4934539794922,37.94941711425781,89.70618438720703,103.64423370361328,38.264747619628906,33.50742721557617,241.60897827148438,25.5262508392334,75.88248443603516,114.43115234375,65.5193862915039,144.53541564941406,83.21580505371094,925.903076171875,182.96441650390625,38.074127197265625,96.15472412109375,319.64703369140625,75.09651184082031,635.8770751953125,311.2083740234375,129.94725036621094,182.2919464111328,60.1280403137207,36.601654052734375,62.0886116027832,69.16816711425781,33.90507507324219,24.22589683532715,42.47903823852539,234.31707763671875,29.569660186767578,848.6468505859375,18.806406021118164,34.73628234863281,228.10877990722656,23.01997947692871,229.7573699951172,42.510780334472656,665.0761108398438,1035.173828125
2009-06-09,229.4071502685547,336.5374450683594,62.0022087097168,110.20468139648438,142.85903930664062,132.18917846679688,168.40383911132812,557.2935180664062,137.30984497070312,151.95529174804688,39.6237907409668,91.20458984375,102.99147033691406,38.296382904052734,33.66205596923828,243.3642120361328,26.859413146972656,79.09674835205078,118.7966079711914,66.0487060546875,153.76483154296875,87.845947265625,959.440673828125,186.22848510742188,39.567230224609375,97.62898254394531,317.7798767089844,77.27711486816406,664.4484252929688,343.26287841796875,131.46717834472656,189.1808624267578,63.48994064331055,35.93278884887695,64.10301971435547,80.49147033691406,35.15256881713867,25.242877960205078,43.99613952636719,235.36126708984375,33.31515121459961,866.4076538085938,20.09423828125,34.96396255493164,236.33514404296875,23.983606338500977,234.28883361816406,46.315460205078125,678.5177001953125,1066.8773193359375
2009-06-10,234.25856018066406,345.71258544921875,65.53832244873047,111.67585754394531,144.6833038330078,137.00486755371094,178.29330444335938,577.118408203125,137.24838256835938,153.14056396484375,40.43759536743164,93.9395523071289,106.0618896484375,38.69184875488281,33.55324172973633,254.71360778808594,26.92683982849121,81.7897720336914,122.69683837890625,64.82858276367188,158.74166870117188,93.39059448242188,976.51806640625,191.74093627929688,40.50041198730469,98.40239715576172,327.7537536621094,79.3429183959961,702.9473266601562,337.9346618652344,130.29269409179688,194.8862762451172,65.87962341308594,35.739715576171875,69.07191467285156,79.14804077148438,35.268402099609375,25.697280883789062,46.2288703918457,238.32357788085938,34.93506622314453,861.5613403320312,20.114675521850586,34.95405197143555,237.39212036132812,23.815353393554688,246.77468872070312,48.614139556884766,707.1155395507812,1107.5003662109375
2009-06-11,232.54713439941406,353.9141540527344,67.95030975341797,113.73748779296875,139.47413635253906,132.2893524169922,172.86766052246094,577.2069702148438,136.07220458984375,148.24276733398438,39.64250946044922,90.27010345458984,109.1323013305664,38.7867546081543,32.77439498901367,246.37628173828125,27.73592758178711,88.08795166015625,125.02264404296875,66.23711395263672,167.9090118408203,92.0303726196289,966.0427856445312,188.5495147705078,40.97737503051758,100.65009307861328,324.63055419921875,75.86164093017578,674.6104125976562,334.2261657714844,130.3617706298828,200.9803009033203,65.51597595214844,33.69172286987305,67.23652648925781,80.60663604736328,35.86540985107422,25.4765682220459,49.86419677734375,261.0997009277344,33.70942306518555,855.4374389648438,21.09588050842285,35.03325271606445,233.18704223632812,23.893587112426758,245.18374633789062,53.14472198486328,678.7029418945312,1126.7725830078125
2009-06-12,238.48895263671875,343.040771484375,66.7126693725586,112.5475082397461,134.62319946289062,128.12911987304688,166.14730834960938,560.4823608398438,134.2201385498047,146.33779907226562,38.35163879394531,90.79373168945312,107.1014633178711,38.359657287597656,32.92329406738281,239.66952514648438,28.057729721069336,87.56673431396484,121.87384796142578,64.10188293457031,162.197509765625,90.51260375976562,955.1715087890625,188.40216064453125,40.78037643432617,98.91092681884766,318.9148864746094,74.48442077636719,661.2042846679688,313.55279541015625,127.20816040039062,198.2601318359375,63.96492004394531,33.19525146484375,65.62500762939453,76.46115112304688,35.330772399902344,24.96592140197754,46.97311019897461,251.4356689453125,33.73513412475586,851.6068115234375,19.76716423034668,35.439109802246094,229.87815856933594,23.001689910888672,241.88157653808594,59.01447677612305,678.6565551757812,1111.47509765625
2009-06-15,219.98211669921875,339.4369812011719,66.92656707763672,111.3802490234375,135.22442626953125,130.79641723632812,162.2753448486328,533.73046875,136.58132934570312,145.20751953125,37.5986328125,90.66483306884766,106.9564208984375,38.58111572265625,32.384979248046875,233.77552795410156,26.589717864990234,83.31002807617188,114.57427978515625,61.49115753173828,156.165283203125,87.64613342285156,937.8743286132812,190.90684509277344,40.956642150878906,99.88520050048828,322.28656005859375,75.70862579345703,668.200439453125,300.4669189453125,128.99630737304688,198.06581115722656,62.673587799072266,32.595340728759766,62.849609375,77.49752044677734,34.653560638427734,23.754188537597656,45.971248626708984,240.9945526123047,34.3779411315918,833.1781005859375,19.66495704650879,34.70657730102539,226.68408203125,22.234966278076172,233.1077880859375,56.019100189208984,675.1804809570312,1089.7537841796875
2009-06-16,216.4029083251953,335.3154296875,67.50066375732422,111.32719421386719,141.19129943847656,138.30662536621094,169.3780059814453,540.5335693359375,137.5177459716797,146.01608276367188,37.088836669921875,90.76959228515625,108.86634063720703,38.8658447265625,33.100830078125,233.93797302246094,27.625598907470703,86.13335418701172,119.4406509399414,62.79203414916992,160.3868408203125,90.88532257080078,946.7653198242188,194.0745086669922,41.20549011230469,94.86422729492188,323.81793212890625,75.93814086914062,667.9659423828125,301.23406982421875,128.2607421875,200.52108764648438,64.9371109008789,34.44334411621094,73.7274169921875,85.48141479492188,36.747581481933594,24.69760513305664,46.97311019897461,239.31912231445312,35.81786346435547,824.4716796875,19.48097801208496,35.34012985229492,227.626220703125,23.205110549926758,237.95263671875,56.94106674194336,659.4214477539062,1106.2066650390625
2009-06-17,207.1141357421875,332.602294921875,67.43733215332031,109.51570892333984,136.90867614746094,131.37899780273438,159.92015075683594,520.4606323242188,133.84259033203125,144.89854431152344,35.58283233642578,85.48892211914062,103.32994079589844,37.66363525390625,32.05854797363281,226.70584106445312,25.559961318969727,81.65946197509766,113.10721588134766,58.11785125732422,155.13064575195312,90.7854232788086,934.0013427734375,192.711669921875,40.189353942871094,96.07269287109375,310.962646484375,74.14012908935547,648.0715942382812,284.0561218261719,130.02853393554688,195.7341766357422,66.47334289550781,33.436588287353516,70.72819519042969,78.5722885131836,34.9119758605957,23.386343002319336,46.295650482177734,229.87359619140625,33.606563568115234,819.1898803710938,18.60198402404785,34.48879623413086,227.92495727539062,22.188020706176758,224.4063262939453,52.790122985839844,662.5269775390625,1111.7520751953125
2009-06-18,204.4587860107422,333.3892517089844,66.56861877441406,106.60520935058594,140.28123474121094,133.4545440673828,156.98536682128906,501.6455993652344,133.01214599609375,146.10922241210938,35.23674392700195,81.17504119873047,97.60012817382812,34.62651062011719,32.04710006713867,219.97210693359375,23.800798416137695,75.88248443603516,108.45553588867188,59.12266159057617,153.65103149414062,90.53564453125,908.2095947265625,191.34881591796875,40.09603500366211,94.02261352539062,292.1298828125,68.36343383789062,591.2418212890625,274.1242980957031,130.0813446044922,190.48794555664062,64.88287353515625,33.91238784790039,71.84730529785156,81.29754638671875,33.76249313354492,22.975217819213867,44.072479248046875,227.46974182128906,32.372352600097656,838.4019775390625,18.397567749023438,32.677242279052734,227.64920043945312,20.904935836791992,218.76605224609375,47.47522735595703,626.4202270507812,1095.66943359375
2009-06-19,206.11959838867188,334.3627624511719,68.05288696289062,108.24234771728516,142.03546142578125,137.66937255859375,155.25904846191406,530.4528198242188,134.2136688232422,149.88949584960938,35.57815933227539,81.31194305419922,95.7385482788086,34.18359375,32.9748420715332,226.32118225097656,25.28719711303711,76.57745361328125,109.099609375,62.00254440307617,152.25416564941406,89.44056701660156,924.1862182617188,192.08551025390625,41.59951400756836,96.4870376586914,301.8485107421875,69.24332427978516,585.5745239257812,281.9674072265625,127.24475860595703,194.6566925048828,65.69325256347656,35.277713775634766,74.53318786621094,82.7561264038086,33.37933349609375,22.957910537719727,44.711753845214844,228.92662048339844,32.912322998046875,850.2427978515625,18.377126693725586,33.21181106567383,234.9564208984375,21.170944213867188,226.2622833251953,50.43721389770508,621.6925048828125,1099.7828369140625
2009-06-22,197.13377380371094,327.52801513671875,67.80025482177734,110.81180572509766,139.63059997558594,139.4263153076172,153.0764617919922,536.157470703125,130.62681579589844,149.55081176757812,35.484615325927734,80.06330871582031,92.37801361083984,33.6457633972168,32.28762435913086,226.8574676513672,24.686511993408203,73.18946075439453,105.41405487060547,59.8493537902832,147.10142517089844,85.27919006347656,938.5344848632812,190.9805145263672,42.1386833190918,94.19527435302734,287.2806701660156,66.22113037109375,579.2035522460938,275.403076171875,127.24475860595703,193.2788543701172,66.70052337646484,35.38114929199219,74.16983032226562,80.87532806396484,32.969451904296875,22.641996383666992,45.28425216674805,222.61338806152344,31.772390365600586,855.8441162109375,18.274921417236328,33.69686508178711,234.68064880371094,22.735681533813477,222.3574981689453,48.931182861328125,608.9927368164062,1072.00732421875
2009-06-23,203.47438049316406,325.746826171875,65.26726531982422,105.68809509277344,140.66421508789062,136.43133544921875,148.09475708007812,526.67919921875,129.56666564941406,147.93797302246094,35.302215576171875,82.70967102050781,94.8198471069336,33.962135314941406,32.081459045410156,230.9693145751953,24.542469024658203,70.88735961914062,105.98657989501953,61.437339782714844,145.5597686767578,87.00060272216797,927.22314453125,191.56983947753906,40.935909271240234,93.81977844238281,299.5918273925781,66.10636901855469,582.9556884765625,269.3076171875,126.78963470458984,194.90394592285156,65.56449890136719,36.32583236694336,81.30066680908203,83.98442840576172,33.584285736083984,22.490530014038086,43.87210464477539,217.85418701171875,32.70662307739258,832.771728515625,18.11138916015625,33.79586410522461,238.77088928222656,23.14251708984375,225.03298950195312,47.087249755859375,607.4630737304688,1043.8621826171875
2009-06-24,202.1668701171875,330.6761169433594,64.04796600341797,104.50569915771484,141.38894653320312,139.9816436767578,150.06771850585938,534.5452270507812,134.9027557373047,148.80154418945312,35.662353515625,84.66321563720703,95.95613861083984,34.02541732788086,32.184539794921875,237.73556518554688,24.947010040283203,72.84196472167969,106.30862426757812,64.10188293457031,149.93649291992188,86.992919921875,932.989013671875,193.70620727539062,41.21585464477539,97.52286529541016,312.3395690917969,68.86079406738281,600.6612548828125,273.0159912109375,127.54144287109375,194.1620635986328,67.92744445800781,35.19496154785156,79.4384765625,87.5157699584961,34.11892318725586,22.719890594482422,44.48276138305664,221.86070251464844,32.758056640625,839.2728271484375,18.990381240844727,34.37000274658203,245.4116668701172,23.439815521240234,233.54161071777344,49.198184967041016,639.3055419921875,1086.1031494140625
2009-06-25,197.69920349121094,328.83282470703125,64.34675598144531,106.11254119873047,140.3388671875,141.7476806640625,152.32427978515625,541.897705078125,134.46102905273438,148.93275451660156,35.035621643066406,82.14574432373047,93.82862091064453,33.86723327636719,31.89820098876953,230.73629760742188,24.50874900817871,73.36319732666016,105.73609161376953,60.522220611572266,145.20797729492188,88.76044464111328,902.9720458984375,190.75949096679688,40.054569244384766,97.28546905517578,316.3224182128906,66.79497528076172,612.2305297851562,270.5437927246094,126.04185485839844,199.1080322265625,65.56449890136719,35.5880126953125,77.80337524414062,86.24909210205078,34.537723541259766,22.97954750061035,42.860687255859375,222.44346618652344,31.952377319335938,819.5961303710938,17.641225814819336,35.27082443237305,261.0600891113281,22.360143661499023,230.43223571777344,49.5402717590332,657.3356323242188,1075.658447265625
2009-06-26,204.87779235839844,335.56402587890625,65.83184814453125,114.62427520751953,144.06561279296875,148.9392547607422,160.59837341308594,570.6162109375,140.43310546875,154.6898651123047,35.9476432800293,84.15166473388672,94.26375579833984,35.069419860839844,32.5682373046875,238.770263671875,23.81612205505371,75.31781768798828,108.4913330078125,61.05155944824219,144.4629669189453,89.40213775634766,932.4169311523438,195.9898223876953,40.790740966796875,99.66787719726562,318.6730651855469,70.19974517822266,624.6594848632812,277.6622009277344,126.73678588867188,202.74668884277344,65.93560028076172,36.7188835144043,81.25523376464844,88.78244018554688,35.874324798583984,23.2911319732666,43.49998474121094,229.7278594970703,32.878055572509766,816.2003173828125,18.418014526367188,36.30034637451172,276.15704345703125,23.032983779907227,240.2425079345703,51.98078918457031,662.1098022460938,1099.0428466796875
2009-06-29,210.71351623535156,334.38348388671875,66.24925994873047,113.49495697021484,145.3751220703125,157.95156860351562,165.54307556152344,574.65576171875,136.4752960205078,150.9519805908203,35.84367752075195,85.87158966064453,95.40008544921875,35.25925064086914,33.226810455322266,242.69790649414062,24.380037307739258,76.31684875488281,112.96407318115234,56.32352828979492,145.75631713867188,88.45306396484375,940.0311889648438,196.39500427246094,40.168617248535156,101.21296691894531,310.97613525390625,69.4728775024414,619.8130493164062,288.44647216796875,130.8616180419922,208.6111602783203,68.05620574951172,37.33948516845703,83.02661895751953,89.66529083251953,36.28422164916992,24.290809631347656,42.851158142089844,231.01480102539062,32.86089324951172,803.2569580078125,18.750246047973633,35.68659591674805,259.5895080566406,22.8452091217041,239.88096618652344,53.04631042480469,655.2963256835938,1113.8780517578125
2009-06-30,204.29220581054688,332.2709045410156,65.60558319091797,109.4778060913086,143.74029541015625,151.5246124267578,155.81398010253906,555.5218505859375,137.76510620117188,150.4059600830078,35.725528717041016,85.98036193847656,94.31214141845703,34.610679626464844,33.026371002197266,238.8028106689453,23.94484519958496,75.10063934326172,108.1692886352539,52.1696891784668,143.04547119140625,88.4030990600586,940.955322265625,197.05799865722656,39.556854248046875,102.52933502197266,310.4858093261719,66.9479751586914,598.5899047851562,264.9598693847656,129.66685485839844,213.75132751464844,67.47303009033203,36.201717376708984,78.1213150024414,84.3682632446289,34.5822868347168,22.421283721923828,41.47716522216797,230.69915771484375,31.875242233276367,811.2090454101562,18.750246047973633,35.587608337402344,263.2890319824219,21.98460578918457,227.44337463378906,51.39579391479492,639.25927734375,1105.466796875
2009-07-01,207.86631774902344,341.42529296875,66.01640319824219,110.6374740600586,146.56106567382812,158.28839111328125,158.5514373779297,557.6300048828125,138.86058044433594,151.9891815185547,35.85312271118164,84.71558380126953,94.698974609375,33.851409912109375,32.96910095214844,239.9349822998047,24.26970863342285,72.53792572021484,109.92259979248047,53.76663589477539,147.8153839111328,88.20327758789062,943.8602294921875,200.99916076660156,39.67091369628906,102.26172637939453,310.0022277832031,68.82252502441406,596.557373046875,278.1310729980469,127.61865997314453,219.06820678710938,68.3591537475586,36.360313415527344,78.43926239013672,84.29151153564453,34.75157928466797,22.546783447265625,42.14508056640625,236.47824096679688,32.569480895996094,812.1666259765625,19.248584747314453,34.95405197143555,268.505126953125,21.922019958496094,234.98788452148438,52.014217376708984,632.1676025390625,1109.580078125
2009-07-02,203.0755615234375,332.6644287109375,65.92850494384766,111.19076538085938,144.90567016601562,155.42996215820312,159.31594848632812,555.2559814453125,137.81817626953125,152.1119384765625,36.0847053527832,90.75749969482422,96.77811431884766,34.8321533203125,35.55189514160156,233.33126831054688,25.76836585998535,73.66725158691406,114.18067932128906,52.81564712524414,147.7222442626953,89.9861831665039,926.3870849609375,198.9733123779297,39.75386047363281,102.2876205444336,322.61566162109375,68.43997192382812,596.0883178710938,287.0824890136719,128.52894592285156,219.2095947265625,65.44332122802734,37.53945541381836,77.5308609008789,84.3682632446289,37.03271484375,25.948280334472656,42.173702239990234,233.03024291992188,32.749481201171875,802.0382690429688,18.750246047973633,37.072486877441406,275.90435791015625,21.843782424926758,233.95140075683594,51.58800506591797,631.5186157226562,1096.5477294921875
2009-07-03,204.72128295898438,339.2713317871094,66.59856414794922,114.44239044189453,149.04006958007812,159.00753784179688,159.67352294921875,569.6065063476562,138.15382385253906,152.83151245117188,36.42499542236328,91.52684020996094,98.83311462402344,35.73380661010742,36.2906494140625,236.87962341308594,26.84409523010254,72.79854583740234,115.68351745605469,53.97297668457031,152.8646240234375,91.22727966308594,931.9766235351562,201.22015380859375,39.75386047363281,103.01274108886719,323.2603759765625,69.74068450927734,600.8959350585938,287.3808288574219,128.65089416503906,219.12123107910156,66.39759063720703,37.89112854003906,77.34918975830078,86.2107162475586,37.19309997558594,24.91830825805664,43.099239349365234,234.51136779785156,32.8009147644043,795.2471923828125,18.334957122802734,36.63692092895508,271.469482421875,21.78118896484375,236.1208038330078,51.44593811035156,655.5745239257812,1107.5003662109375
2009-07-06,191.14154052734375,324.3177795410156,62.565067291259766,103.03527069091797,136.17979431152344,144.63339233398438,147.12063598632812,518.7952270507812,134.53170776367188,149.11058044433594,35.18199920654297,86.17772674560547,93.41763305664062,32.79157638549805,36.05584716796875,227.5834503173828,25.228164672851562,67.7599868774414,108.09771728515625,50.76115798950195,147.27732849121094,84.82963562011719,913.3592529296875,202.50930786132812,40.998111724853516,103.03428649902344,308.6992492675781,66.64193725585938,565.8363647460938,264.4909973144531,128.5574188232422,215.35877990722656,61.55050277709961,36.305152893066406,68.26531219482422,77.88134765625,34.69811248779297,23.8753604888916,40.67567825317383,227.2997283935547,32.13236618041992,788.9495849609375,18.272655487060547,35.64699935913086,261.8414001464844,20.5450496673584,220.9353790283203,48.07805252075195,639.0739135742188,1103.5262451171875
2009-07-07,187.33517456054688,336.4960632324219,62.7122688293457,105.33186340332031,134.76731872558594,148.70260620117188,147.81114196777344,531.5511474609375,137.5177459716797,147.1378936767578,35.78696060180664,84.54239654541016,93.46595001220703,33.0763053894043,37.21265411376953,231.07225036621094,25.22498321533203,67.80341339111328,105.48564147949219,50.31257247924805,155.5858612060547,83.75758361816406,950.814208984375,201.44114685058594,43.79768371582031,104.24706268310547,324.46270751953125,70.0467300415039,598.0035400390625,262.8712158203125,132.14990234375,220.8170166015625,61.118804931640625,36.68440628051758,70.44544982910156,76.61467742919922,34.849605560302734,23.165632247924805,40.59934997558594,227.00839233398438,31.532419204711914,833.9328002929688,18.065017700195312,36.28055191040039,266.4141540527344,20.685869216918945,221.2728271484375,48.149085998535156,667.43994140625,1109.6268310546875
2009-07-08,184.73019409179688,328.2943115234375,60.427513122558594,99.00299072265625,130.18408203125,143.19509887695312,140.35098266601562,501.1672058105469,134.69073486328125,144.470947265625,35.46084976196289,81.42475891113281,94.14293670654297,32.2379264831543,35.935585021972656,221.88433837890625,23.061933517456055,67.4124755859375,105.05626678466797,50.47406768798828,152.59564208984375,83.20427703857422,970.2681274414062,199.1206512451172,43.434776306152344,102.96092987060547,328.2037353515625,71.72998809814453,615.6701049804688,241.8568572998047,130.41053771972656,226.2398223876953,58.2559814453125,33.86198043823242,75.57781982421875,72.46920776367188,33.62883377075195,22.321752548217773,38.78645706176758,223.80316162109375,28.901138305664062,850.852294921875,17.3174991607666,35.64699935913086,250.903564453125,19.37148666381836,207.99163818359375,44.97758102416992,669.2940063476562,1129.591552734375
2009-07-09,187.12815856933594,329.5991516113281,61.50839614868164,96.31986236572266,132.10714721679688,139.27157592773438,139.90704345703125,492.1672058105469,137.1643524169922,142.02841186523438,35.28595733642578,80.42584228515625,93.876953125,32.55431365966797,37.17829895019531,219.1052703857422,23.160541534423828,66.06597137451172,109.49324035644531,48.89506530761719,151.51524353027344,84.464599609375,967.5392456054688,195.76881408691406,44.25390625,101.62728118896484,325.5037841796875,74.33139038085938,611.839599609375,237.72215270996094,129.5327606201172,231.0797119140625,58.854312896728516,35.226985931396484,75.62325286865234,72.86348724365234,34.29714584350586,22.62468719482422,39.26353073120117,224.24026489257812,30.34962272644043,856.5403442382812,17.37978744506836,35.35992431640625,252.39720153808594,19.825260162353516,205.65353393554688,44.01234817504883,683.5292358398438,1138.280029296875
2009-07-10,179.22769165039062,322.1224060058594,60.583492279052734,95.32695770263672,127.13270568847656,134.41038513183594,136.94760131835938,480.66912841796875,139.6380615234375,145.71975708007812,36.368282318115234,79.47927856445312,93.3692626953125,32.47520446777344,35.66642379760742,215.17230224609375,22.451189041137695,63.24264144897461,109.88682556152344,48.54518127441406,145.63087463378906,81.73645782470703,971.456298828125,196.94749450683594,43.673255920410156,101.10507202148438,322.7567443847656,73.2602310180664,596.479248046875,237.42385864257812,128.3176727294922,237.65074157714844,58.61194610595703,34.665340423583984,73.17061614990234,70.14293670654297,35.072364807128906,22.213563919067383,38.042213439941406,224.70164489746094,30.28961944580078,842.9293823242188,17.23444175720215,35.5084228515625,248.65162658691406,18.980304718017578,197.98854064941406,43.15992736816406,681.6624145507812,1125.5247802734375
2009-07-13,176.78431701660156,317.441650390625,60.36159896850586,95.94847869873047,127.37156677246094,137.53285217285156,136.88592529296875,471.29705810546875,140.468505859375,149.8640899658203,36.765281677246094,79.85787963867188,92.76487731933594,32.61757278442383,36.26200485229492,212.3335723876953,21.56688117980957,61.07084274291992,101.19174194335938,47.12766647338867,142.2848358154297,80.30322265625,939.2388305664062,194.36912536621094,44.50704574584961,97.03946685791016,328.9559020996094,72.0360336303711,592.6488037109375,229.83651733398438,130.82911682128906,226.1161346435547,57.68039321899414,33.812217712402344,70.67253875732422,69.11780548095703,34.73375701904297,21.67694091796875,37.48880386352539,224.48309326171875,31.318134307861328,813.1533203125,16.549213409423828,35.70639419555664,232.61257934570312,18.010164260864258,185.71974182128906,40.55253601074219,673.8212890625,1111.244140625
2009-07-14,183.15521240234375,320.320556640625,59.8672981262207,103.00496673583984,130.340576171875,138.95294189453125,143.01034545898438,484.5845947265625,143.8079376220703,153.39456176757812,37.842857360839844,80.53459167480469,94.50555419921875,34.16777420043945,36.920589447021484,221.84646606445312,22.762920379638672,63.9376220703125,109.20697784423828,48.85918045043945,147.9384765625,82.3546142578125,955.7437133789062,198.49453735351562,44.83422088623047,100.56127166748047,346.8550720214844,76.39720153808594,617.7023315429688,255.28390502929688,129.9025421142578,226.09852600097656,59.71769332885742,35.5966682434082,76.4862289428711,74.63775634765625,38.14654541015625,22.633342742919922,41.58037185668945,225.9642791748047,32.66377258300781,812.3407592773438,16.79839324951172,36.00337219238281,236.67977905273438,18.90206527709961,192.46876525878906,44.30902862548828,677.1351318359375,1154.177734375
2009-07-15,189.4402618408203,323.2200927734375,60.710906982421875,105.56680297851562,134.82086181640625,143.5956573486328,149.34471130371094,506.9250793457031,149.53268432617188,151.6885986328125,39.0574951171875,83.73274230957031,96.22207641601562,35.1327018737793,37.41309356689453,236.97723388671875,24.23252296447754,69.1499252319336,115.50460815429688,51.77494430541992,150.72857666015625,85.78912353515625,976.60595703125,199.3048095703125,45.85798263549805,100.99714660644531,352.07379150390625,75.74687194824219,630.6787109375,274.97686767578125,129.49209594726562,226.16915893554688,62.095802307128906,36.59198760986328,79.57474517822266,78.81714630126953,40.14253616333008,23.762840270996094,43.88033676147461,228.5624542236328,33.40943908691406,865.0728759765625,18.916357040405273,36.08256530761719,248.72055053710938,19.903499603271484,205.53302001953125,47.522308349609375,690.1102905273438,1178.39453125
2009-07-16,195.40728759765625,325.1048889160156,61.093177795410156,105.18025207519531,132.1195068359375,145.40719604492188,153.71580505371094,488.6593017578125,148.348876953125,151.98065185546875,39.378883361816406,82.4115982055664,99.29251861572266,35.069419860839844,38.776065826416016,238.4127655029297,24.442462921142578,68.80243682861328,113.8228530883789,53.23731231689453,151.1586456298828,84.86835479736328,1005.2583618164062,196.10032653808594,45.87908935546875,102.80123138427734,350.40814208984375,74.8287353515625,621.1810913085938,270.0321960449219,128.72396850585938,222.2477569580078,60.82343673706055,36.1298713684082,77.75796508789062,75.26860809326172,38.476234436035156,23.90565299987793,43.635433197021484,230.1892852783203,33.29802703857422,892.6141967773438,20.930498123168945,36.10235595703125,250.6508331298828,20.466808319091797,204.1832275390625,48.441585540771484,691.6971435546875,1209.156005859375
2009-07-17,195.5738983154297,342.25372314453125,63.123077392578125,112.6081314086914,137.864013671875,154.95655822753906,158.46961975097656,502.9565734863281,153.40220642089844,158.00880432128906,40.593528747558594,84.02679443359375,99.24414825439453,35.33833694458008,38.51836013793945,241.31105041503906,24.960962295532227,73.23287963867188,120.29945373535156,56.66445541381836,163.22109985351562,88.95169067382812,1039.9847412109375,196.50550842285156,48.39098358154297,102.66309356689453,362.6856384277344,75.05825805664062,633.7664184570312,283.5871887207031,128.84188842773438,227.5645751953125,62.57292938232422,38.89542770385742,79.52930450439453,77.79202270507812,38.96632766723633,24.316776275634766,43.98681640625,238.61497497558594,36.932090759277344,952.0792236328125,21.09661865234375,35.87467956542969,253.8448028564453,22.626155853271484,218.33216857910156,50.16730499267578,696.08447265625,1250.4954833984375
2009-07-20,205.291748046875,351.6980285644531,64.753173828125,118.9597396850586,141.89959716796875,161.37442016601562,166.32269287109375,516.5806884765625,176.88426208496094,166.90699768066406,43.47178649902344,85.44464874267578,100.5013198852539,35.41743469238281,38.81044006347656,246.66342163085938,24.887800216674805,77.31585693359375,120.65724182128906,58.844539642333984,167.38531494140625,89.76370239257812,1064.8961181640625,196.68971252441406,47.588871002197266,104.5146713256836,371.22222900390625,74.21662902832031,660.422607421875,299.017578125,134.77516174316406,231.4153289794922,65.68567657470703,39.55659103393555,86.16053009033203,81.6954116821289,39.24256134033203,24.909658432006836,44.75346755981445,242.9127960205078,40.06903839111328,958.6961669921875,20.82668685913086,36.33004379272461,259.2907409667969,21.577774047851562,225.15353393554688,50.4639778137207,720.7745971679688,1298.238525390625
2009-07-21,203.81259155273438,347.0794372558594,64.18858337402344,117.13308715820312,140.96067810058594,161.01939392089844,158.67950439453125,521.771728515625,168.77426147460938,164.51522827148438,43.35835266113281,84.18389892578125,98.05948638916016,34.86378479003906,37.39591598510742,239.8375244140625,26.220619201660156,76.9683837890625,122.9472885131836,58.69202423095703,162.84349060058594,87.50640106201172,1091.568115234375,198.6786651611328,46.36458206176758,107.93718719482422,374.5133361816406,73.4897689819336,645.296630859375,292.8795166015625,135.04336547851562,227.40560913085938,64.24668884277344,38.262691497802734,82.25447845458984,80.78855895996094,40.213829040527344,24.472564697265625,45.243282318115234,238.7120819091797,39.340511322021484,954.8944702148438,20.494447708129883,37.319969177246094,259.5895080566406,21.843782424926758,223.9483184814453,50.618587493896484,724.27490234375,1305.1051025390625
2009-07-22,199.47618103027344,340.90753173828125,63.496559143066406,115.13969421386719,139.50706481933594,156.70440673828125,154.13558959960938,513.3206787109375,164.78099060058594,162.53831481933594,42.64469528198242,88.00640869140625,98.3979721069336,34.43668746948242,37.77960205078125,232.58372497558594,25.406295776367188,74.36222839355469,119.15438842773438,58.324188232421875,160.535888671875,87.12564849853516,1068.9013671875,198.38394165039062,46.016292572021484,111.91646575927734,362.32977294921875,73.64278411865234,632.0466918945312,294.7976989746094,139.30642700195312,225.05616760253906,64.102783203125,37.43088912963867,79.98351287841797,79.40858459472656,38.64552688598633,24.554794311523438,45.05162048339844,235.3591766357422,37.05208206176758,938.439208984375,20.639801025390625,36.90420913696289,262.8294677734375,21.421297073364258,222.9841766357422,49.707664489746094,701.3585205078125,1310.3018798828125
2009-07-23,206.12469482421875,337.2209167480469,64.10730743408203,117.59542083740234,142.24549865722656,162.75808715820312,158.30909729003906,527.8837890625,168.08511352539062,165.83592224121094,43.15040969848633,88.05072784423828,100.5738296508789,35.9394416809082,39.58354187011719,234.9185028076172,26.449647903442383,78.87956237792969,124.3427734375,61.069488525390625,168.26638793945312,88.92058563232422,1140.642578125,203.8721923828125,48.49652099609375,111.19141387939453,378.67071533203125,74.21662902832031,667.5361938476562,315.38580322265625,144.81710815429688,231.09738159179688,65.14795684814453,38.724796295166016,82.25447845458984,81.85314178466797,39.189090728759766,24.706260681152344,46.61687469482422,244.0342254638672,38.54340744018555,967.3155517578125,22.425540924072266,36.90420913696289,265.4490051269531,21.577774047851562,227.44337463378906,51.81782531738281,713.8203125,1309.5596923828125
2009-07-24,203.63082885742188,345.4427795410156,63.707481384277344,116.3523941040039,139.89414978027344,162.75808715820312,156.92613220214844,531.3562622070312,171.23020935058594,169.63734436035156,43.5379524230957,90.61651611328125,101.8552017211914,35.765438079833984,40.459739685058594,239.51785278320312,28.15146255493164,81.4857177734375,122.91151428222656,66.90101623535156,174.30812072753906,91.08466339111328,1213.2200927734375,208.21847534179688,49.013675689697266,113.05157470703125,386.7038269042969,72.76290130615234,660.7743530273438,335.6755065917969,147.93409729003906,229.40164184570312,65.95832061767578,39.06604766845703,82.75408935546875,81.73484802246094,38.725746154785156,26.38104248046875,48.821006774902344,241.37249755859375,40.19761276245117,1007.1038208007812,21.781843185424805,37.13188934326172,266.46014404296875,21.671661376953125,225.97303771972656,52.783058166503906,723.528076171875,1345.2384033203125
2009-07-27,195.93736267089844,351.7130126953125,62.98029708862305,114.88956451416016,140.9401092529297,170.8418731689453,165.14968872070312,531.6044311523438,170.43182373046875,171.69052124023438,43.50960159301758,88.3044662475586,103.71675872802734,36.27162551879883,38.91350555419922,244.95152282714844,29.188451766967773,80.87760162353516,125.59519958496094,67.12530517578125,171.30821228027344,96.46566772460938,1205.8701171875,220.74185180664062,50.41739273071289,116.82369232177734,392.89404296875,72.87765502929688,663.1976318359375,350.72222900390625,149.82379150390625,237.01475524902344,63.29999542236328,38.980735778808594,82.98119354248047,81.93199157714844,38.984153747558594,26.852746963500977,48.874244689941406,237.28150939941406,40.95184326171875,976.051025390625,21.574199676513672,38.05250549316406,263.2430419921875,21.671661376953125,226.47923278808594,57.12873077392578,744.6246337890625,1428.660888671875
2009-07-28,192.60044860839844,356.7374572753906,62.5870475769043,112.22916412353516,138.50640869140625,174.16458129882812,163.60626220703125,529.3190307617188,170.55599975585938,169.07859802246094,43.8546142578125,88.77173614501953,105.38494873046875,36.79362869262695,38.11177062988281,245.24945068359375,29.97732925415039,81.44226837158203,127.84942626953125,74.347412109375,172.860595703125,98.66859436035156,1222.72705078125,203.7985076904297,50.87122344970703,119.51250457763672,386.9013366699219,76.09117126464844,676.6038818359375,363.0836486816406,146.5889129638672,235.88429260253906,63.2166862487793,38.717689514160156,82.02738189697266,83.8245620727539,40.16035079956055,26.463268280029297,51.98344802856445,240.63316345214844,41.40610122680664,973.4389038085938,22.674713134765625,39.0028190612793,258.55548095703125,22.172378540039062,230.2394561767578,57.120365142822266,754.8927001953125,1460.674560546875
2009-07-29,194.90243530273438,352.7095642089844,62.334407806396484,111.07707977294922,136.44747924804688,167.06398010253906,154.0985107421875,519.4685668945312,177.3512725830078,168.0330047607422,44.152366638183594,88.48978424072266,103.57168579101562,37.141632080078125,37.06376266479492,242.62200927734375,28.14191436767578,82.1806869506836,121.73069763183594,70.56140899658203,176.69960021972656,101.52030944824219,1230.649658203125,197.68418884277344,50.17463302612305,120.61738586425781,370.27142333984375,75.78511810302734,672.0308837890625,338.48876953125,148.26324462890625,234.82440185546875,64.11795043945312,38.61815643310547,79.25680541992188,83.11483764648438,41.09596633911133,25.81412124633789,52.04734420776367,241.9394073486328,40.386165618896484,949.9315185546875,26.61994743347168,40.616390228271484,254.0057373046875,21.765541076660156,230.31170654296875,57.45464324951172,737.4835815429688,1468.098388671875
2009-07-30,191.86341857910156,352.1282958984375,64.34016418457031,114.78345489501953,141.88720703125,167.61016845703125,155.27157592773438,528.964599609375,189.1675567626953,170.50942993164062,46.05703353881836,88.6992416381836,104.99811553955078,37.66363525390625,38.4267463684082,238.4506378173828,28.765384674072266,81.4857177734375,126.95909881591797,70.9561767578125,178.95477294921875,100.83263397216797,1229.76904296875,207.297607421875,51.23006057739258,120.50515747070312,374.6637878417969,79.3429183959961,692.5548095703125,342.32501220703125,147.6739959716797,235.99034118652344,64.45877075195312,39.691673278808594,77.39459228515625,82.5628433227539,41.6929931640625,25.96558952331543,50.99319076538086,249.80108642578125,42.16034698486328,950.9473266601562,26.246191024780273,43.8039436340332,250.6967315673828,21.718603134155273,229.70916748046875,57.46300506591797,743.8778686523438,1526.0947265625
2009-07-31,197.42657470703125,340.5843505859375,65.86698150634766,114.98051452636719,149.2047882080078,166.98207092285156,161.7664031982422,533.7479248046875,186.63047790527344,174.77651977539062,46.33115005493164,93.77442169189453,104.24864196777344,37.141632080078125,38.02013397216797,241.64688110351562,29.41429901123047,87.13236999511719,126.418212890625,75.63932800292969,180.21347045898438,101.12013244628906,1245.0855712890625,214.7379608154297,52.602108001708984,121.83019256591797,373.7240905761719,83.01549530029297,696.6281127929688,337.76416015625,151.88824462890625,235.6723175048828,65.89016723632812,40.65143966674805,78.84801483154297,83.31197357177734,41.6929931640625,25.939617156982422,54.123695373535156,249.06175231933594,41.311824798583984,931.7642822265625,24.481210708618164,42.616031646728516,254.87884521484375,21.85942268371582,232.21597290039062,58.311256408691406,745.838134765625,1563.0731201171875
2009-08-03,203.64601135253906,340.8751220703125,65.61874389648438,117.292236328125,152.1202850341797,167.81956481933594,165.21141052246094,538.4962158203125,188.65304565429688,175.80091857910156,46.40676498413086,95.0029296875,104.58712005615234,37.11001205444336,37.687984466552734,254.2531280517578,30.867996215820312,94.08210754394531,129.51919555664062,78.48797607421875,192.76895141601562,105.21512603759766,1295.65673828125,210.02334594726562,52.38045883178711,122.08050537109375,380.3024597167969,83.32154846191406,705.4861450195312,345.7777099609375,149.2629852294922,232.6871337890625,66.3521499633789,40.871826171875,78.89344024658203,85.44110870361328,41.630592346191406,26.021852493286133,54.76258087158203,247.7308807373047,43.60883712768555,942.7633666992188,25.0833797454834,43.22978591918945,258.9461364746094,22.281906127929688,235.32534790039062,62.22650146484375,748.1717529296875,1604.45947265625
2009-08-04,205.94296264648438,332.86083984375,64.54666900634766,115.74601745605469,152.9767608642578,162.89466857910156,173.70660400390625,538.3544311523438,188.12083435058594,173.03240966796875,45.59859848022461,91.98199462890625,104.49041748046875,36.66709518432617,36.6285285949707,252.59536743164062,30.241350173950195,98.0782241821289,126.7066650390625,80.65403747558594,194.4577178955078,100.91033172607422,1313.8338623046875,216.57958984375,52.03218078613281,121.90784454345703,379.9823913574219,84.4433364868164,711.7738647460938,339.59710693359375,145.0568389892578,234.71853637695312,65.60237121582031,40.58034896850586,80.30144500732422,83.70626831054688,41.336551666259766,25.679967880249023,54.42184829711914,243.44273376464844,43.274559020996094,938.5844116210938,24.62656593322754,44.348388671875,258.463623046875,22.188020706176758,234.1201171875,60.89773941040039,749.5252685546875,1603.2998046875
2009-08-05,209.643310546875,333.4006652832031,63.61519241333008,117.23918151855469,151.83201599121094,155.09310913085938,184.0415496826172,537.2381591796875,187.71275329589844,177.67625427246094,47.08735656738281,96.21133422851562,104.12779235839844,36.33489990234375,36.67434310913086,250.27142333984375,30.110933303833008,96.29735565185547,125.94947814941406,81.85538482666016,193.24098205566406,102.50714874267578,1269.07275390625,213.92764282226562,51.451690673828125,123.30191802978516,385.6550598144531,85.29434204101562,731.5465698242188,333.92779541015625,146.7718048095703,236.50253295898438,66.1779556274414,40.40971755981445,79.80182647705078,84.10054779052734,40.294010162353516,25.649675369262695,54.87969970703125,241.2246551513672,43.75453186035156,930.9515991210938,24.605798721313477,43.45746994018555,257.1308288574219,22.234966278076172,234.0960235595703,59.70686340332031,745.6514282226562,1585.947021484375
2009-08-06,206.65476989746094,331.61505126953125,62.11031723022461,116.1401596069336,147.9694061279297,153.9552001953125,180.72003173828125,526.9095458984375,183.59657287597656,174.27273559570312,47.12989044189453,92.88021087646484,101.83100128173828,35.607242584228516,36.08447265625,246.294921875,28.908531188964844,89.91226196289062,123.67779541015625,76.1580810546875,184.71328735351562,100.52570343017578,1201.292724609375,205.27183532714844,49.41474533081055,119.52980041503906,371.72882080078125,82.66394805908203,699.0798950195312,323.78302001953125,141.92762756347656,228.1828155517578,66.03406524658203,40.40971755981445,78.89344024658203,80.94628143310547,39.39403533935547,24.93562126159668,55.65700912475586,243.04840087890625,41.92036056518555,882.6017456054688,23.629871368408203,41.507328033447266,250.0533905029297,21.609071731567383,226.3345947265625,60.04533386230469,740.2372436523438,1577.82763671875
2009-08-07,201.7024383544922,318.8255920410156,61.08218765258789,111.88809204101562,143.57557678222656,148.3202667236328,175.6328125,519.5925903320312,180.6513214111328,172.68531799316406,47.243309020996094,91.76448059082031,102.70137786865234,35.68634033203125,36.52543640136719,236.54371643066406,29.042125701904297,88.04452514648438,120.21624755859375,75.484619140625,175.26258850097656,95.80518341064453,1138.530029296875,198.60499572753906,48.464866638183594,115.52460479736328,370.9319152832031,81.50348663330078,687.7303466796875,312.9560852050781,138.53834533691406,222.9013214111328,64.29972076416016,38.006752014160156,78.16674041748047,75.82061767578125,38.20000076293945,24.42496681213379,54.86906814575195,239.52415466308594,41.88606643676758,858.6008911132812,22.197128295898438,40.94306945800781,249.08824157714844,20.842344284057617,218.57321166992188,58.36137771606445,718.0675048828125,1510.6446533203125
2009-08-10,200.72813415527344,309.7731628417969,60.42972183227539,108.94725799560547,140.91127014160156,153.53646850585938,178.6703643798828,508.8740539550781,191.27890014648438,176.75338745117188,48.514678955078125,93.5125961303711,101.78265380859375,35.00615310668945,36.021488189697266,232.7841796875,29.013500213623047,88.4788818359375,118.73793029785156,73.5096664428711,159.45550537109375,97.73612213134766,1099.0504150390625,192.01182556152344,47.356666564941406,114.82111358642578,359.1030578613281,77.4031753540039,640.5530395507812,309.2477111816406,137.43702697753906,204.97242736816406,62.51234817504883,38.547061920166016,78.48467254638672,73.73090362548828,37.540626525878906,23.8753604888916,52.78205490112305,236.12318420410156,42.04035568237305,827.3447265625,20.411392211914062,40.46791076660156,257.5444030761719,20.357276916503906,214.3550262451172,56.22616195678711,669.9008178710938,1439.332275390625
2009-08-11,201.96998596191406,317.621337890625,60.5966796875,108.70472717285156,142.41845703125,158.37939453125,179.31243896484375,511.90350341796875,192.29019165039062,176.4993896484375,48.10348892211914,92.84799194335938,100.88814544677734,35.22760772705078,37.687984466552734,232.6702880859375,29.462018966674805,91.60627746582031,117.76435852050781,78.36055755615234,164.89938354492188,99.07264709472656,1141.082763671875,193.8534698486328,47.64162826538086,116.50433349609375,359.36187744140625,77.36447143554688,648.0269775390625,308.693603515625,134.68170166015625,208.18724060058594,64.21639251708984,38.739017486572266,79.80182647705078,75.30803680419922,38.609901428222656,23.944599151611328,54.63480758666992,233.7079620361328,44.54305648803711,825.400634765625,20.411392211914062,41.67560577392578,256.0048522949219,20.79540252685547,216.91004943847656,57.71371841430664,669.5738525390625,1418.6856689453125
2009-08-12,200.99061584472656,336.7641296386719,61.78738021850586,107.65117645263672,140.2359161376953,158.470458984375,176.4848175048828,503.8956604003906,184.39498901367188,172.9519805908203,47.815185546875,90.8058090209961,101.00899505615234,34.76887893676758,37.332923889160156,233.94342041015625,28.227807998657227,89.9557113647461,118.41338348388672,81.5914535522461,163.13719177246094,97.61959075927734,1135.625,189.1388702392578,48.095458984375,115.7360610961914,360.31524658203125,78.02207946777344,655.2636108398438,317.9007263183594,133.81199645996094,206.04989624023438,64.4663314819336,38.03518295288086,81.80029296875,75.82061767578125,37.95051193237305,23.717510223388672,55.40144729614258,228.0642852783203,44.971614837646484,833.7875366210938,19.414701461791992,42.031982421875,249.40994262695312,20.607635498046875,213.46319580078125,56.48104476928711,670.7874145507812,1427.037109375
2009-08-13,204.38307189941406,343.075927734375,62.591426849365234,114.78345489501953,148.04763793945312,159.73582458496094,186.2270965576172,529.8859252929688,186.91436767578125,174.72994995117188,48.83605194091797,93.86705780029297,102.09693908691406,35.35415267944336,37.974327087402344,241.13775634765625,29.916893005371094,94.42960357666016,122.8485336303711,86.10559844970703,166.76641845703125,100.19544982910156,1208.6866455078125,194.0376739501953,50.522926330566406,119.5082015991211,363.849609375,80.34302520751953,671.2400512695312,341.13153076171875,136.23411560058594,214.17527770996094,66.74597930908203,38.67502975463867,84.66168975830078,79.96057891845703,39.63462448120117,24.857316970825195,56.59402847290039,242.92520141601562,48.46854019165039,874.04052734375,20.868207931518555,42.97239303588867,251.0873565673828,21.593416213989258,217.19924926757812,60.74313735961914,702.7586059570312,1481.6927490234375
2009-08-14,205.60975646972656,339.4632263183594,62.7122688293457,112.91132354736328,148.30706787109375,158.41580200195312,181.9301300048828,526.6969604492188,185.0513458251953,172.91392517089844,48.34452438354492,98.32197570800781,99.63094329833984,35.401611328125,39.27430725097656,238.428955078125,29.89781379699707,94.12554931640625,122.52395629882812,85.09537506103516,165.7489776611328,99.61268615722656,1187.692626953125,189.24932861328125,49.59415817260742,117.88111877441406,359.2460632324219,78.06075286865234,656.845458984375,337.1673889160156,140.12326049804688,216.29502868652344,65.33728790283203,38.65370178222656,87.34143829345703,79.60572052001953,38.19109344482422,25.783130645751953,55.241737365722656,247.60768127441406,46.300086975097656,857.9335327148438,20.9927921295166,42.33885955810547,247.801513671875,22.42273712158203,219.1998748779297,61.69585037231445,695.4310913085938,1444.71435546875
2009-08-17,196.068603515625,331.15838623046875,61.78518295288086,106.8629150390625,141.11715698242188,150.7599639892578,168.3723907470703,500.63580322265625,181.0238800048828,167.8467254638672,46.97391891479492,93.846923828125,98.4221420288086,33.677406311035156,37.72807312011719,236.33250427246094,27.862003326416016,87.08893585205078,116.10570526123047,79.2979736328125,156.80178833007812,97.46806335449219,1122.861328125,182.98770141601562,46.976715087890625,116.67265319824219,351.4010009765625,77.09370422363281,626.9493408203125,310.654296875,136.59580993652344,212.60325622558594,63.36058807373047,36.63463592529297,83.98041534423828,75.15032958984375,37.23765563964844,24.49048614501953,52.54779052734375,238.11940002441406,44.637325286865234,806.6525268554688,19.7676944732666,42.606136322021484,245.7794189453125,21.436948776245117,208.03982543945312,57.141258239746094,672.0477905273438,1390.104736328125
2009-08-18,195.9928741455078,341.3733215332031,63.309818267822266,109.15189361572266,142.84671020507812,151.31524658203125,171.54579162597656,527.80224609375,180.5625762939453,167.07203674316406,47.30002975463867,95.23654174804688,99.26828002929688,34.40504455566406,37.636444091796875,243.4400634765625,28.73676109313965,92.56185913085938,117.6922378540039,80.0988540649414,161.30160522460938,98.02362823486328,1147.84130859375,190.50167846679688,47.43055725097656,116.4438705444336,351.0673828125,77.28712463378906,630.9830322265625,320.8843994140625,135.19378662109375,215.37644958496094,63.633235931396484,37.231834411621094,84.2529296875,77.00346374511719,39.09999465942383,24.678268432617188,51.98344802856445,236.68997192382812,44.12308120727539,807.726318359375,20.079164505004883,42.54673385620117,245.64149475097656,22.141084671020508,218.6214141845703,59.36006164550781,666.8670654296875,1383.8411865234375
2009-08-19,190.4044647216797,336.7226257324219,63.69868087768555,108.621337890625,139.27645874023438,149.45816040039062,167.05117797851562,529.0516967773438,176.73028564453125,165.22215270996094,46.77541732788086,93.44005584716797,97.50344848632812,33.56667709350586,36.8232307434082,239.97293090820312,27.59479331970215,89.21730041503906,115.31243133544922,78.2149429321289,155.27032470703125,97.64676666259766,1149.12109375,189.24932861328125,47.040042877197266,112.70198059082031,336.5416259765625,74.85014343261719,598.1605224609375,317.1334228515625,135.44166564941406,214.03404235839844,62.595664978027344,35.90237808227539,83.84414672851562,75.50518798828125,37.86140060424805,24.154224395751953,51.94085693359375,238.53839111328125,42.811744689941406,788.92041015625,20.3698673248291,42.942710876464844,243.665283203125,21.45259666442871,212.4749298095703,57.58416748046875,655.8987426757812,1401.657958984375
2009-08-20,191.67160034179688,332.2379455566406,65.02998352050781,109.07611083984375,144.3867950439453,153.9097137451172,173.2620849609375,529.3908081054688,177.77706909179688,168.51983642578125,47.69702911376953,95.01908111572266,98.71224212646484,33.89886474609375,37.355072021484375,244.1876983642578,28.122833251953125,89.69509887695312,116.43021392822266,78.06932830810547,162.34002685546875,99.61268615722656,1209.71728515625,189.02833557128906,47.525543212890625,113.25010681152344,346.04150390625,76.93898010253906,600.0586547851562,319.43524169921875,133.93800354003906,215.21548461914062,64.36029815673828,37.381126403808594,85.34297943115234,75.34747314453125,39.1356201171875,24.92719268798828,52.0047492980957,243.39344787597656,43.668827056884766,820.5249633789062,20.26603889465332,44.62556838989258,246.57325744628906,21.546480178833008,217.82594299316406,58.16082000732422,662.8064575195312,1382.2176513671875
2009-08-21,194.74093627929688,341.9131774902344,64.41048431396484,112.99468994140625,146.25631713867188,160.6643524169922,177.7443084716797,529.5158081054688,180.7045440673828,172.1307373046875,48.49103927612305,95.98977661132812,99.05070495605469,34.296932220458984,38.921634674072266,249.39369201660156,28.307329177856445,90.39007568359375,117.04318237304688,78.78832244873047,167.9517059326172,101.52420043945312,1225.3406982421875,192.08551025390625,48.327659606933594,112.90483093261719,349.834716796875,76.16532897949219,614.2947998046875,325.9142761230469,133.0439453125,219.3145751953125,65.07978820800781,37.21049880981445,86.70558166503906,75.78116607666016,39.04651641845703,24.914093017578125,52.64363098144531,245.5128936767578,47.91142654418945,860.7197265625,20.411392211914062,47.04098129272461,253.505859375,21.640361785888672,224.0929718017578,58.6037483215332,662.7130737304688,1398.1778564453125
2009-08-24,199.33480834960938,344.072509765625,65.23210144042969,116.41302490234375,147.4381866455078,165.6256561279297,180.83116149902344,553.4337768554688,185.06912231445312,175.75436401367188,49.56388854980469,96.33619689941406,99.9694595336914,34.59945297241211,39.545955657958984,253.94436645507812,29.147104263305664,94.21241760253906,120.10810852050781,83.52088165283203,170.63690185546875,102.65480041503906,1263.7374267578125,198.12620544433594,50.64958190917969,115.19227600097656,356.0249328613281,76.47479248046875,627.85888671875,336.3148193359375,134.10870361328125,220.67506408691406,65.42817687988281,38.03518295288086,91.70172119140625,77.31887817382812,39.349483489990234,25.39009666442871,54.624149322509766,249.87503051757812,49.71132278442383,886.3457641601562,21.200437545776367,49.48607635498047,251.06321716308594,22.03154754638672,235.0843048095703,59.87401580810547,682.222412109375,1454.7359619140625
2009-08-25,204.51934814453125,338.88189697265625,65.33316040039062,115.08661651611328,143.92971801757812,166.8636932373047,178.10238647460938,561.7159423828125,187.46429443359375,177.37147521972656,51.39765930175781,95.35334777832031,101.87933349609375,35.013423919677734,38.823368072509766,249.5779571533203,29.128015518188477,93.778076171875,117.25956726074219,89.25458526611328,169.97610473632812,102.12252807617188,1251.4241943359375,198.53131103515625,50.76567459106445,117.36320495605469,363.3728942871094,75.70116424560547,624.0625610351562,335.20660400390625,136.8274383544922,219.77999877929688,64.54205322265625,37.70815658569336,91.79253387451172,77.00346374511719,40.23164749145508,25.621549606323242,53.65518569946289,250.3925018310547,52.65972900390625,879.4674682617188,21.574199676513672,53.4952507019043,249.0857391357422,22.172378540039062,232.9149627685547,59.76119613647461,691.9772338867188,1447.033935546875
2009-08-26,205.98330688476562,336.6810607910156,64.1753921508789,115.49591827392578,143.27911376953125,169.90420532226562,179.58407592773438,562.412109375,194.63218688964844,184.53826904296875,52.65011215209961,94.58402252197266,101.78265380859375,34.854209899902344,38.22217559814453,249.0470428466797,29.277517318725586,92.99622344970703,117.07926940917969,90.95649719238281,170.594970703125,103.83201599121094,1240.3905029296875,193.81668090820312,50.44904327392578,118.32131958007812,362.7191162109375,76.24271392822266,632.604248046875,340.3216857910156,134.9864959716797,221.0867462158203,64.5723648071289,37.26737594604492,91.20210266113281,77.12174224853516,41.051414489746094,26.289718627929688,54.091758728027344,256.15948486328125,51.73406982421875,870.0357055664062,21.05509376525879,54.54457473754883,244.0142822265625,22.047195434570312,234.48165893554688,60.48825454711914,700.3316650390625,1450.3282470703125
2009-08-27,206.20547485351562,345.8995666503906,64.0172119140625,113.775390625,144.44036865234375,168.0016326904297,176.47242736816406,571.336669921875,194.36595153808594,185.56692504882812,53.75605010986328,94.51555633544922,102.26618957519531,34.408382415771484,39.70204162597656,253.01797485351562,27.71885108947754,92.12751007080078,117.15138244628906,88.48099517822266,172.64031982421875,105.72798919677734,1249.791259765625,188.88099670410156,50.6390266418457,118.24365234375,361.10516357421875,76.47479248046875,630.4293212890625,334.3115234375,133.14556884765625,217.6320343017578,63.76198959350586,37.03276062011719,90.11203002929688,77.98917388916016,42.78008270263672,26.0058536529541,53.346405029296875,255.71583557128906,53.63680648803711,853.8992919921875,20.95127296447754,52.376644134521484,246.27084350585938,22.062841415405273,238.19361877441406,59.4227294921875,683.109130859375,1454.8748779296875
2009-08-28,209.41111755371094,361.42974853515625,64.0501708984375,115.75362396240234,146.74224853515625,167.2915802001953,178.954345703125,577.7266235351562,191.89991760253906,185.4695587158203,53.396854400634766,94.95457458496094,101.44420623779297,34.265079498291016,39.991065979003906,252.46548461914062,27.906532287597656,94.777099609375,119.67539978027344,89.27278900146484,173.57388305664062,104.34486389160156,1254.6458740234375,191.7908477783203,49.94246292114258,120.82457733154297,362.1062316894531,76.320068359375,640.0781860351562,352.214111328125,134.83616638183594,216.98756408691406,64.73141479492188,37.42378616333008,90.8841552734375,80.630859375,43.02067947387695,26.13686752319336,53.20797348022461,252.88169860839844,52.531166076660156,886.8218383789062,20.390628814697266,54.000099182128906,246.550048828125,22.15673065185547,245.256103515625,59.30572509765625,709.1995239257812,1429.9136962890625
2009-08-31,202.44451904296875,352.6264953613281,64.63233947753906,113.8663330078125,143.54263305664062,164.8245849609375,176.86756896972656,559.5562133789062,187.02076721191406,180.4320526123047,51.98372268676758,95.50243377685547,102.67717742919922,34.265079498291016,38.77711486816406,250.22796630859375,26.990413665771484,92.08409118652344,117.29559326171875,89.13627624511719,181.17849731445312,101.69902801513672,1269.0780029296875,191.49615478515625,48.74983215332031,120.87207794189453,365.3409729003906,76.70689392089844,638.2593383789062,361.5917053222656,135.24252319335938,217.25607299804688,65.5342025756836,37.857452392578125,92.97345733642578,82.01084899902344,42.98502731323242,25.93161392211914,52.856590270996094,247.7063446044922,51.425514221191406,888.9405517578125,20.079164505004883,52.7528190612793,244.27017211914062,22.8452091217041,249.32958984375,57.592525482177734,711.1129760742188,1425.041748046875
2009-09-01,199.99610900878906,350.6748046875,63.538299560546875,112.90372467041016,142.74374389648438,162.53053283691406,174.16343688964844,553.5231323242188,186.96754455566406,181.59620666503906,52.84389877319336,93.68177795410156,101.37165069580078,33.930702209472656,39.15864562988281,246.1182861328125,26.53553581237793,90.43348693847656,114.4110107421875,93.92345428466797,177.64366149902344,101.16287231445312,1359.7291259765625,193.33786010742188,48.580955505371094,118.86082458496094,361.0643005371094,76.3587417602539,617.102783203125,355.0274353027344,136.73805236816406,218.1868896484375,66.30670928955078,38.83855056762695,90.06660461425781,79.72401428222656,41.987037658691406,25.665220260620117,52.0047492980957,244.15740966796875,51.01411056518555,902.6802978515625,20.84744644165039,51.614410400390625,244.38645935058594,22.42273712158203,243.0626678466797,55.98380661010742,703.5520629882812,1416.087158203125
2009-09-02,199.0167694091797,342.66064453125,63.21535873413086,111.58491516113281,142.8426055908203,161.89329528808594,171.9408721923828,546.9723510742188,189.69979858398438,183.28526306152344,52.39962387084961,93.08963775634766,100.11447143554688,34.36062240600586,39.875457763671875,239.2740936279297,26.408302307128906,90.21632385253906,114.98794555664062,94.67884826660156,173.1123504638672,99.67484283447266,1332.23388671875,196.80015563964844,48.13768005371094,116.69854736328125,355.0375671386719,76.28138732910156,615.5997924804688,350.3811950683594,136.49423217773438,218.67018127441406,64.70111083984375,39.257999420166016,89.88491821289062,80.0394287109375,41.03358840942383,25.294021606445312,51.32327651977539,243.29478454589844,52.985408782958984,918.2738647460938,20.95127296447754,52.52513122558594,243.5489959716797,22.469676971435547,239.51931762695312,55.465675354003906,689.3634033203125,1398.270751953125
2009-09-03,194.94287109375,336.307373046875,63.06816482543945,111.56217193603516,143.8802947998047,161.78408813476562,172.8299102783203,540.7429809570312,189.36273193359375,185.17745971679688,52.13969039916992,91.85713195800781,99.7989730834961,33.86701965332031,41.36110305786133,238.81747436523438,26.761381149291992,89.47791290283203,115.4566650390625,92.88593292236328,170.5634765625,98.31114196777344,1330.5565185546875,197.1685028076172,47.87382888793945,116.70285034179688,355.13970947265625,77.24842071533203,608.205078125,351.9583740234375,136.3275909423828,219.8874053955078,64.41332244873047,39.69878387451172,91.06584167480469,80.3548583984375,41.3009147644043,25.219785690307617,51.664005279541016,240.5592498779297,51.87977600097656,910.7417602539062,21.07585334777832,54.03969955444336,241.50177001953125,23.173818588256836,235.61460876464844,56.1384162902832,691.8839111328125,1412.885986328125
2009-09-04,200.0264129638672,336.3489074707031,63.8963737487793,112.76729583740234,145.1527557373047,165.17959594726562,176.27487182617188,559.5382690429688,188.7417449951172,186.35012817382812,52.205848693847656,94.91429901123047,100.13875579833984,34.12177658081055,41.23971176147461,240.50262451171875,27.37212371826172,91.38908386230469,118.48552703857422,92.52188110351562,181.9756317138672,100.5062484741211,1365.1578369140625,201.14649963378906,49.235313415527344,118.66657257080078,364.8234558105469,77.36447143554688,626.9888916015625,353.3651123046875,134.52320861816406,219.4399871826172,64.72383117675781,40.0684814453125,90.65706634521484,83.98225402832031,40.962310791015625,25.503644943237305,52.57973861694336,244.3052978515625,52.26544189453125,947.9010620117188,21.42884635925293,55.34639358520508,241.78097534179688,23.877939224243164,243.1831817626953,57.88921356201172,701.8253173828125,1390.9403076171875
2009-09-07,202.21734619140625,349.3045654296875,64.47418212890625,119.58123016357422,149.34478759765625,169.7949676513672,179.16427612304688,570.604736328125,195.50161743164062,188.31005859375,52.39962387084961,95.74003601074219,100.55133819580078,34.074012756347656,42.0085563659668,241.86715698242188,28.113292694091797,94.16898345947266,120.21624755859375,103.02456665039062,179.84634399414062,102.75580596923828,1372.2193603515625,201.84629821777344,48.770912170410156,119.12406158447266,369.3588562011719,78.37023162841797,632.7229614257812,371.4808349609375,134.12899780273438,223.46746826171875,65.73111724853516,41.30549621582031,93.51847076416016,85.16510009765625,40.54103088378906,26.066991806030273,54.091758728027344,243.22096252441406,53.25111770629883,960.6405639648438,21.802608489990234,55.84135437011719,240.24549865722656,24.19089126586914,253.35504150390625,60.61361312866211,708.5928955078125,1415.66943359375
2009-09-08,209.5625457763672,352.1282958984375,64.01062774658203,119.74799346923828,155.99110412597656,164.81549072265625,178.5962677001953,577.4767456054688,196.8145294189453,186.5829315185547,52.05461502075195,95.52656555175781,100.09020233154297,34.408382415771484,41.488285064697266,243.7481231689453,29.042125701904297,99.85907745361328,121.58647155761719,102.97905731201172,175.82904052734375,99.50389099121094,1339.6922607421875,196.13717651367188,48.264339447021484,118.7399673461914,372.53912353515625,77.36447143554688,629.638427734375,371.31036376953125,134.88894653320312,221.94595336914062,66.26885223388672,41.12065887451172,89.88491821289062,83.07540893554688,40.334869384765625,25.89668083190918,55.14589309692383,240.0171356201172,52.73686981201172,982.0009155273438,22.03101348876953,53.623939514160156,239.873291015625,23.70582389831543,248.17266845703125,61.57467269897461,707.2859497070312,1397.528076171875
2009-09-09,218.9371337890625,339.9615783691406,64.827880859375,120.1951904296875,156.0487823486328,166.6543426513672,177.4602508544922,571.9077758789062,198.87257385253906,185.38912963867188,51.28423309326172,95.0673828125,99.60479736328125,33.580413818359375,41.280181884765625,243.24252319335938,29.306150436401367,104.41984558105469,121.91098022460938,101.39547729492188,175.57728576660156,100.68109893798828,1335.5435791015625,195.54782104492188,47.916038513183594,117.93289184570312,371.6265869140625,76.90030670166016,629.9942626953125,358.3948669433594,133.92176818847656,220.2633819580078,68.41973876953125,40.89316177368164,90.61163330078125,83.86398315429688,40.27213668823242,26.80939483642578,54.038516998291016,239.03126525878906,52.91684341430664,957.8750610351562,21.927188873291016,53.44575881958008,240.52471923828125,23.518054962158203,244.55711364746094,61.094139099121094,709.899658203125,1399.708984375
2009-09-10,216.81686401367188,345.8995666503906,65.27163696289062,123.7878646850586,154.9616241455078,165.5528106689453,179.60873413085938,571.5150756835938,197.4886932373047,189.67315673828125,51.378761291503906,95.1157455444336,99.60479736328125,34.20138931274414,40.51711654663086,246.5477294921875,29.89462661743164,102.70662689208984,121.55039978027344,102.414794921875,172.46202087402344,99.86134338378906,1314.40380859375,193.0800018310547,48.3487663269043,118.88240814208984,365.6337890625,76.28138732910156,624.6162109375,348.7188720703125,133.78761291503906,220.76458740234375,68.79841613769531,41.73917770385742,89.56697845458984,82.36569213867188,40.334869384765625,26.1980037689209,55.56118392944336,236.4682159423828,53.045413970947266,925.6582641601562,21.553436279296875,53.54475402832031,256.1114807128906,23.079925537109375,253.74061584472656,61.608089447021484,695.4777221679688,1408.9884033203125
2009-09-11,216.15049743652344,349.8028869628906,65.52208709716797,126.59983825683594,158.16946411132812,164.3876190185547,178.9049530029297,581.15380859375,198.8370819091797,191.96751403808594,52.078243255615234,95.93501281738281,99.60479736328125,34.456146240234375,40.48244094848633,245.32998657226562,29.837369918823242,109.2960205078125,121.73069763183594,100.16682434082031,172.29417419433594,98.78124237060547,1296.308837890625,188.66000366210938,47.93715286254883,117.3977279663086,360.703369140625,75.971923828125,611.8431396484375,339.7675476074219,133.9705047607422,220.1022491455078,68.91202545166016,41.74628829956055,95.19898986816406,82.4051284790039,40.962303161621094,27.35964012145996,54.98618698120117,235.63026428222656,53.63680648803711,922.27490234375,21.34579086303711,53.94072723388672,272.0006408691406,23.017337799072266,252.55950927734375,61.41587448120117,686.3764038085938,1419.5206298828125
2009-09-14,216.01417541503906,348.2249450683594,65.63411712646484,125.0005874633789,161.13031005859375,163.06765747070312,181.58438110351562,572.9073486328125,198.3935546875,190.50706481933594,52.69264602661133,94.68360900878906,99.5562744140625,34.392459869384766,40.99113082885742,245.13430786132812,30.46401596069336,106.17704010009766,119.71147155761719,102.71513366699219,174.00390625,98.9871826171875,1301.427978515625,191.45932006835938,47.261680603027344,117.62645721435547,353.7776794433594,75.08224487304688,604.17138671875,333.6294860839844,133.62916564941406,220.17384338378906,70.81299591064453,42.50698471069336,96.47073364257812,83.19369506835938,40.092864990234375,27.652240753173828,54.038516998291016,232.17999267578125,53.645381927490234,918.156005859375,21.71954917907715,51.63420104980469,257.6236267089844,23.56499671936035,248.91990661621094,62.23070526123047,682.1759643554688,1412.7005615234375
2009-09-15,220.19415283203125,345.15203857421875,66.53266906738281,128.0020294189453,165.37998962402344,165.61656188964844,185.17752075195312,581.7071533203125,202.9355926513672,192.23426818847656,52.881690979003906,93.38329315185547,101.69203186035156,34.16953659057617,41.88136672973633,246.6564178466797,31.329233169555664,109.9988784790039,120.79319763183594,103.57971954345703,176.56324768066406,99.7952880859375,1324.02490234375,191.2383270263672,48.3487663269043,118.61482238769531,355.6640319824219,76.51346588134766,612.357177734375,351.87322998046875,133.8445281982422,220.6570587158203,73.62278747558594,44.831756591796875,98.24208068847656,89.14738464355469,40.29903793334961,28.102046966552734,56.41300964355469,237.651123046875,53.86823654174805,950.6961669921875,22.197128295898438,52.703311920166016,262.2763671875,23.439815521240234,257.1151123046875,64.13609313964844,681.7556762695312,1387.1353759765625
2009-09-16,220.5071258544922,348.7232360839844,66.64470672607422,131.04898071289062,171.85748291015625,165.25244140625,182.83148193359375,582.2603759765625,202.43873596191406,196.4251251220703,52.45161056518555,93.67678833007812,101.88619232177734,34.328765869140625,40.92176818847656,247.9068145751953,33.724491119384766,115.18254089355469,129.33885192871094,110.07792663574219,180.39178466796875,101.61356353759766,1339.2955322265625,189.32301330566406,48.770912170410156,118.67091369628906,365.20477294921875,77.32577514648438,633.6324462890625,357.073486328125,129.95945739746094,220.8719024658203,74.1453628540039,45.755977630615234,101.01268768310547,89.30509185791016,42.01998519897461,27.988494873046875,58.36159896850586,239.08050537109375,55.11957550048828,990.3562622070312,24.522743225097656,52.881507873535156,254.83197021484375,23.314632415771484,269.52862548828125,67.71708679199219,707.3328247070312,1394.3267822265625
2009-09-17,210.6277313232422,359.4365539550781,67.4399642944336,132.03431701660156,173.10107421875,166.01712036132812,181.70785522460938,587.4544677734375,206.85665893554688,199.96835327148438,53.52446365356445,94.49612426757812,101.18238067626953,34.408382415771484,40.626949310302734,247.21632385253906,33.14238357543945,119.83902740478516,128.29319763183594,110.25995635986328,182.36375427246094,102.0525894165039,1376.9412841796875,192.41700744628906,48.29599380493164,117.77753448486328,377.12908935546875,77.2097396850586,655.5009765625,358.09649658203125,127.54954528808594,220.2095947265625,73.07748413085938,45.3720703125,100.78557586669922,91.86791229248047,41.3118782043457,27.420785903930664,56.4875602722168,239.08050537109375,58.73649597167969,978.587890625,23.98287010192871,51.92127227783203,257.4375305175781,23.909242630004883,270.6614685058594,66.79779815673828,707.7994384765625,1453.8079833984375
2009-09-18,212.28353881835938,367.86602783203125,66.9808349609375,127.71404266357422,176.88958740234375,166.3812255859375,181.75723266601562,590.845703125,207.2291717529297,200.1672821044922,53.79859161376953,94.86707305908203,100.79402923583984,34.344696044921875,40.603824615478516,247.24356079101562,32.94516372680664,121.46440887451172,127.24755859375,109.19511413574219,185.8461456298828,102.23905944824219,1446.9825439453125,192.74850463867188,47.894927978515625,118.76587677001953,388.1679382324219,77.36447143554688,668.5903930664062,365.385498046875,125.43633270263672,225.3291015625,71.8278579711914,44.177696228027344,97.9695816040039,89.6599349975586,40.845787048339844,27.805082321166992,57.35003662109375,242.5801239013672,58.11939239501953,988.3853759765625,23.609106063842773,53.33686065673828,255.506591796875,23.58064079284668,270.4445495605469,66.24625396728516,733.2363891601562,1570.0794677734375
2009-09-22,211.81906127929688,355.9069519042969,67.94306182861328,129.1541290283203,178.77972412109375,165.6711883544922,182.39932250976562,595.6651611328125,213.8470458984375,204.05332946777344,54.54533386230469,94.17410278320312,101.4493408203125,34.392459869384766,40.31479263305664,248.37974548339844,33.23462677001953,120.45405578613281,128.04075622558594,111.91635131835938,186.52792358398438,102.39837646484375,1463.3564453125,194.95846557617188,49.25642776489258,117.18621826171875,385.9002380371094,77.28712463378906,669.93505859375,368.426025390625,122.96953582763672,226.4926300048828,70.6615219116211,44.78199768066406,100.01346588134766,90.76393127441406,41.482181549072266,27.643503189086914,57.35003662109375,242.06260681152344,58.787933349609375,997.740966796875,24.62656593322754,52.554832458496094,256.8326110839844,23.392873764038086,269.7696838378906,67.11121368408203,731.6494140625,1511.943603515625
2009-09-23,212.1977081298828,343.40814208984375,68.96461486816406,128.12330627441406,176.38307189941406,167.5009307861328,180.25086975097656,583.7061157226562,209.67762756347656,200.39588928222656,53.58118438720703,94.72032928466797,101.35223388671875,35.06120300292969,41.00271224975586,247.04786682128906,33.120113372802734,118.12577056884766,126.95909881591797,110.660400390625,181.53509521484375,101.47756958007812,1460.134521484375,190.3911590576172,48.65483093261719,117.86815643310547,384.18414306640625,76.55216979980469,659.2578735351562,362.81591796875,123.13211059570312,222.39344787597656,71.04776000976562,44.76777267456055,101.73938751220703,89.4627914428711,40.71134567260742,27.00591278076172,55.97643280029297,241.5204315185547,57.11659240722656,989.7974243164062,23.69216537475586,52.742916107177734,250.97019958496094,23.25204849243164,267.8413391113281,69.12106323242188,717.6474609375,1556.485107421875
2009-09-24,212.12197875976562,348.2249450683594,71.34603118896484,130.43504333496094,178.49560546875,167.45541381835938,182.2388153076172,592.0059204101562,213.81155395507812,193.41107177734375,54.89979934692383,93.75425720214844,103.09969329833984,35.475189208984375,41.17612075805664,244.21017456054688,32.61433792114258,113.33750915527344,124.83167266845703,109.95050811767578,180.97918701171875,101.92437744140625,1443.3636474609375,191.49615478515625,49.087562561035156,117.86382293701172,384.72894287109375,75.971923828125,651.0325317382812,363.54388427734375,124.44065856933594,221.03306579589844,72.19896697998047,44.0070686340332,102.8748779296875,91.11878967285156,41.464256286621094,27.09325408935547,56.64726638793945,235.40843200683594,59.46501922607422,971.732421875,23.52605438232422,55.51468276977539,248.7135772705078,23.079925537109375,270.7579040527344,70.27852630615234,708.5460815429688,1526.1412353515625
2009-09-25,215.5598602294922,344.28009033203125,70.67598724365234,127.18345642089844,176.12364196777344,166.55422973632812,180.97935485839844,587.7222290039062,208.43565368652344,189.69009399414062,53.53391647338867,94.3493881225586,103.4637680053711,35.44333267211914,40.93912124633789,243.8296356201172,31.70458984375,111.3167495727539,122.01914978027344,108.02107238769531,178.29396057128906,99.61656951904297,1445.746826171875,191.16465759277344,49.60472106933594,119.06368255615234,386.22705078125,76.08797454833984,646.3265380859375,365.5995178222656,124.1846694946289,222.0533447265625,72.23681640625,43.40277099609375,103.28363800048828,98.49186706542969,41.2939567565918,27.019014358520508,58.4467658996582,236.17245483398438,57.50227737426758,972.26220703125,24.148977279663086,59.36547088623047,244.4330291748047,22.986040115356445,269.7455749511719,67.49979400634766,701.4518432617188,1522.6614990234375
2009-09-29,219.1996307373047,348.05877685546875,70.79901123046875,131.32945251464844,172.29400634765625,168.64794921875,187.1778564453125,588.864501953125,216.5970458984375,194.3339385986328,55.017948150634766,96.98674011230469,103.14827728271484,35.331886291503906,41.85246658325195,247.33599853515625,32.06721878051758,111.49247741699219,121.73069763183594,107.79354858398438,178.7449951171875,101.96710968017578,1446.1881103515625,193.92718505859375,49.44639587402344,120.51380157470703,380.4794921875,76.74556732177734,644.546875,365.5995178222656,125.7370376586914,227.31613159179688,72.7669677734375,44.41230773925781,101.78480529785156,97.78216552734375,41.25809097290039,27.224266052246094,59.415748596191406,235.55638122558594,57.442291259765625,974.3214111328125,25.436376571655273,60.870155334472656,249.27188110351562,24.20653533935547,267.02178955078125,68.46087646484375,722.781494140625,1517.2333984375
2009-09-30,222.28916931152344,347.7681579589844,72.5191650390625,137.58245849609375,180.7727508544922,179.36257934570312,192.4997100830078,603.01904296875,220.3584442138672,195.2694549560547,56.91316604614258,95.54782104492188,103.7550048828125,35.013423919677734,41.522972106933594,253.20162963867188,32.410762786865234,113.38143157958984,123.2451400756836,107.60242462158203,185.27972412109375,102.41778564453125,1501.7969970703125,193.44830322265625,49.193115234375,121.34246826171875,377.76922607421875,77.09370422363281,648.73876953125,375.14959716796875,127.21224212646484,226.510498046875,72.9638900756836,45.82706832885742,105.00957489013672,100.5027084350586,41.05195236206055,27.32033920288086,59.91621017456055,238.98196411132812,58.41937255859375,984.0894775390625,26.287715911865234,62.39462661743164,254.62254333496094,24.72290802001953,268.588623046875,69.58071899414062,746.3981323242188,1534.1683349609375
2009-10-01,219.53282165527344,361.34661865234375,72.24674987792969,140.4626922607422,182.0740509033203,183.75946044921875,189.8696746826172,594.4513549804688,223.4988250732422,197.8390350341797,57.47556686401367,96.37934875488281,102.17742919921875,34.933815002441406,41.86402893066406,255.58810424804688,32.49665832519531,111.40462493896484,121.87493133544922,105.55467987060547,186.72720336914062,100.21101379394531,1461.679443359375,195.51095581054688,49.087562561035156,122.011474609375,366.6007995605469,79.25991821289062,653.8795776367188,376.69122314453125,126.76115417480469,225.2574462890625,72.78213500976562,45.052154541015625,102.69318389892578,98.61016082763672,41.09675979614258,27.163124084472656,60.06526184082031,239.96778869628906,57.66512680053711,961.4645385742188,25.477901458740234,61.4838981628418,250.2955322265625,23.924882888793945,269.52862548828125,71.34823608398438,792.4646606445312,1528.8323974609375
2009-10-05,215.97381591796875,332.40399169921875,71.79638671875,138.3101043701172,175.68304443359375,176.44041442871094,182.75741577148438,590.631591796875,218.33587646484375,196.68338012695312,57.52284622192383,95.36436462402344,101.47364044189453,34.67905807495117,42.15306854248047,254.6584930419922,31.618698120117188,103.67305755615234,116.93500518798828,102.56040954589844,188.76210021972656,99.33295440673828,1409.689453125,196.7264862060547,50.35406494140625,121.2259521484375,340.9544982910156,77.75131225585938,643.716552734375,362.1306457519531,126.1394271850586,226.9401092529297,70.72968292236328,45.173004150390625,101.73938751220703,97.34844970703125,40.48725128173828,26.630342483520508,59.23473358154297,232.40176391601562,57.40800094604492,965.9365844726562,24.086687088012695,60.088111877441406,252.2263641357422,23.377229690551758,268.7332458496094,69.90245819091797,751.4387817382812,1489.8121337890625
2009-10-06,215.46897888183594,298.43695068359375,72.92121124267578,142.2211456298828,177.7831573486328,181.85687255859375,186.758056640625,599.9489135742188,217.9455108642578,195.7732391357422,56.67213821411133,96.59136199951172,101.3279800415039,34.87013244628906,42.210880279541016,262.883544921875,32.47119903564453,110.13066101074219,119.45906066894531,101.56838989257812,191.39486694335938,100.07113647460938,1411.631103515625,207.55551147460938,52.25381088256836,122.57683563232422,342.06451416015625,75.50774383544922,627.9775390625,357.4627685546875,124.90799713134766,232.1491241455078,72.4034423828125,45.734649658203125,101.6939697265625,96.75704193115234,40.953338623046875,26.355220794677734,58.830108642578125,231.9335174560547,54.33102798461914,967.1427612304688,23.629871368408203,60.107913970947266,257.8329772949219,23.001689910888672,267.8413391113281,72.70206451416016,760.0733032226562,1436.455810546875
2009-10-07,212.1573486328125,297.938720703125,73.71427154541016,139.21966552734375,173.0928497314453,178.5432586669922,185.8072967529297,598.7530517578125,209.96144104003906,190.72723388671875,54.086891174316406,96.44867706298828,101.4493408203125,34.647216796875,42.089481353759766,266.759521484375,32.88471984863281,111.62425231933594,123.67779541015625,101.62300109863281,187.18875122070312,100.4713134765625,1359.86181640625,206.4136505126953,51.70500183105469,128.64073181152344,333.9606628417969,75.5850830078125,625.2490234375,354.5077819824219,125.89556884765625,237.035888671875,73.98633575439453,48.912540435791016,104.23744201660156,99.63529968261719,40.98920822143555,27.381479263305664,60.075923919677734,232.20465087890625,53.0025749206543,964.8478393554688,23.2353458404541,61.127540588378906,253.738525390625,22.704389572143555,267.9619140625,73.79266357421875,767.5411987304688,1442.7657470703125
2009-10-08,214.010009765625,277.3424987792969,74.13827514648438,139.9093780517578,174.26646423339844,183.85960388183594,189.9807891845703,589.3108520507812,202.7581024169922,187.1755828857422,53.42049026489258,98.01396179199219,102.85700225830078,34.36062240600586,43.742767333984375,269.9396667480469,34.033042907714844,113.55715942382812,125.98548126220703,107.25658416748047,191.20608520507812,101.8738784790039,1333.5135498046875,211.75448608398438,52.92927551269531,129.383056640625,335.3839111328125,76.08797454833984,631.6158447265625,358.31927490234375,127.79340362548828,243.48001098632812,74.24382019042969,49.331993103027344,107.09886932373047,99.43815612792969,40.80097579956055,28.115142822265625,59.52222442626953,233.9297332763672,51.15121841430664,981.794921875,23.650638580322266,60.14750671386719,255.90206909179688,22.92345428466797,282.64105224609375,76.19111633300781,783.0365600585938,1432.743896484375
2009-10-09,212.00083923339844,285.1075134277344,73.62419891357422,136.70321655273438,170.2803192138672,181.41993713378906,189.80792236328125,583.0635986328125,199.33389282226562,184.36474609375,52.13969039916992,99.48958587646484,101.91045379638672,34.344696044921875,44.199440002441406,264.1229553222656,33.88036346435547,112.5467758178711,125.48069763183594,99.32040405273438,186.99989318847656,101.20561218261719,1306.6356201171875,211.3492889404297,52.69709014892578,129.66363525390625,326.6263427734375,76.86161804199219,629.0453491210938,356.34930419921875,132.8976287841797,243.12205505371094,74.00147247314453,48.72058868408203,105.32750701904297,102.78956604003906,40.47829055786133,28.425201416015625,59.77778244018555,234.1515655517578,50.94554138183594,968.2904052734375,23.27687644958496,59.37538528442383,255.97190856933594,22.75132942199707,276.0848388671875,74.36511993408203,812.2539672851562,1452.1380615234375
2009-10-12,218.99769592285156,291.7099914550781,74.79293823242188,139.4925079345703,178.9403076171875,184.51502990722656,197.37704467773438,591.5242309570312,205.75656127929688,189.59695434570312,54.209774017333984,101.62142944335938,102.12889862060547,34.48799133300781,43.7947883605957,263.7206726074219,34.710594177246094,113.2496337890625,126.63456726074219,99.80277252197266,191.97177124023438,102.4799575805664,1337.838623046875,214.07501220703125,54.53352737426758,133.6774139404297,329.1051330566406,75.23696899414062,629.9942626953125,364.22918701171875,133.35684204101562,245.61016845703125,74.84971618652344,50.569026947021484,107.144287109375,103.814697265625,41.40151596069336,27.892425537109375,59.01112365722656,242.25973510742188,51.776912689208984,959.9049682617188,23.52605438232422,60.06832504272461,255.39035034179688,22.92345428466797,279.7004089355469,75.53092956542969,791.5311889648438,1428.8465576171875
2009-10-13,218.28591918945312,292.0006408691406,74.79293823242188,139.61376953125,178.9403076171875,184.51502990722656,197.37704467773438,591.5242309570312,206.16465759277344,189.59695434570312,54.209774017333984,101.62142944335938,102.12889862060547,34.48799133300781,43.586669921875,263.7206726074219,34.710594177246094,113.2496337890625,126.63456726074219,99.80277252197266,191.97177124023438,102.18859100341797,1337.838623046875,214.07501220703125,54.3118782043457,133.62132263183594,328.2402648925781,74.2699203491211,629.875732421875,364.22918701171875,133.35684204101562,246.8990020751953,74.6603775024414,51.088008880615234,106.96261596679688,103.814697265625,41.40151596069336,27.861848831176758,59.01112365722656,241.5204315185547,51.596927642822266,962.082275390625,23.52605438232422,60.06832504272461,254.5062713623047,22.92345428466797,279.60400390625,75.53092956542969,790.8309936523438,1429.0318603515625
2009-10-14,220.52732849121094,282.4914855957031,74.79072570800781,139.61376953125,187.15557861328125,187.96519470214844,199.47610473632812,603.322509765625,210.40504455566406,190.98973083496094,54.984867095947266,102.8891830444336,104.0705337524414,35.39558029174805,43.586669921875,271.570556640625,36.34560775756836,118.96043395996094,129.62733459472656,104.61725616455078,203.68809509277344,104.38761138916016,1341.32568359375,216.46913146972656,54.60741424560547,136.90139770507812,336.8208312988281,72.76129913330078,623.0345458984375,369.7535705566406,132.61720275878906,247.97299194335938,77.25053405761719,52.289493560791016,112.50377655029297,104.09069061279297,42.24406051635742,27.71774673461914,60.10786819458008,234.05299377441406,52.17974853515625,967.2899780273438,23.754457473754883,61.60270690917969,254.32015991210938,23.26769256591797,282.88214111328125,76.26634979248047,757.73974609375,1459.1903076171875
2009-10-15,219.2450714111328,269.99261474609375,75.67389678955078,141.8800048828125,191.7882537841797,183.1586456298828,202.98287963867188,604.322021484375,206.448486328125,188.57028198242188,54.34682846069336,102.5304946899414,105.30831146240234,35.8095588684082,44.286155700683594,270.96710205078125,36.55872344970703,118.60902404785156,132.58407592773438,104.34422302246094,201.2861328125,106.43122100830078,1347.018798828125,213.0436248779297,54.12190246582031,134.93765258789062,326.4901123046875,72.56788635253906,628.72900390625,371.20965576171875,133.37310791015625,244.0528564453125,78.54561614990234,52.60231399536133,113.23048400878906,102.31642150878906,41.894500732421875,28.254886627197266,62.20552444458008,232.74679565429688,51.69977951049805,974.6746215820312,24.086687088012695,65.03768157958984,261.9274597167969,23.784055709838867,285.9432678222656,76.26634979248047,788.1239624023438,1464.5260009765625
2009-10-16,225.47811889648438,270.9061584472656,75.55746459960938,145.3893280029297,201.47772216796875,183.24961853027344,204.21762084960938,605.1610717773438,212.30345153808594,186.23590087890625,54.10580062866211,101.572509765625,104.33748626708984,35.66625213623047,44.19366455078125,274.00592041015625,36.04977798461914,119.48757934570312,133.77394104003906,105.4454574584961,197.06947326660156,110.1998519897461,1337.3974609375,211.09144592285156,53.27757263183594,135.13619995117188,325.58447265625,70.51773071289062,619.6730346679688,394.6351013183594,133.40969848632812,244.51832580566406,81.03733825683594,53.98152542114258,121.6784896850586,105.1552505493164,42.450225830078125,28.595523834228516,62.48236846923828,236.07391357421875,51.6312255859375,967.3192749023438,24.62656593322754,66.58197021484375,257.11181640625,23.737117767333984,285.22021484375,76.65911865234375,768.754638671875,1466.381591796875
2009-10-20,222.0025634765625,272.9408874511719,74.31182098388672,143.16856384277344,203.49554443359375,181.02845764160156,202.73593139648438,597.521484375,220.37606811523438,186.09983825683594,55.2022819519043,98.70691680908203,104.84716796875,35.61848449707031,43.592472076416016,268.3631896972656,36.59053421020508,124.0123062133789,140.51675415039062,105.54557037353516,189.9788360595703,110.34359741210938,1367.0556640625,206.4504852294922,52.86595153808594,135.97348022460938,319.44866943359375,70.59510040283203,618.9611206054688,402.55780029296875,143.2971649169922,247.07791137695312,80.17394256591797,53.9601936340332,123.994873046875,105.1158218383789,41.222251892089844,29.372854232788086,61.1513557434082,231.9088592529297,53.37968826293945,975.4985961914062,25.51943016052246,68.195556640625,258.4145812988281,23.439815521240234,279.8450622558594,77.14801025390625,769.5947875976562,1452.1380615234375
2009-10-21,221.76376342773438,276.30438232421875,72.98490905761719,140.8416748046875,196.515625,177.88783264160156,202.711181640625,597.2894287109375,224.545654296875,188.5022735595703,55.44330978393555,96.10218048095703,104.94425964355469,35.475189208984375,44.06068801879883,265.0851135253906,35.190914154052734,124.10017395019531,137.41580200195312,100.99502563476562,186.83212280273438,112.19296264648438,1330.3800048828125,201.58843994140625,51.44114685058594,132.62001037597656,310.9361572265625,70.01484680175781,609.5890502929688,404.2279357910156,142.91925048828125,248.15196228027344,76.5007553100586,55.531375885009766,123.04108428955078,101.48841857910156,41.58974075317383,30.04538345336914,60.06526184082031,225.55044555664062,55.093841552734375,947.636474609375,26.017778396606445,67.01753997802734,256.71630859375,23.11121368408203,278.76031494140625,76.1409912109375,751.7188110351562,1435.4346923828125
2009-10-22,216.98745727539062,279.91705322265625,73.20020294189453,135.12672424316406,191.4629364013672,175.90328979492188,196.4015655517578,574.6744384765625,222.07937622070312,188.20880126953125,54.54533386230469,95.53556823730469,103.3181381225586,34.74275588989258,43.89305877685547,262.57366943359375,34.507015228271484,121.20085144042969,132.0071258544922,98.56503295898438,188.10128784179688,110.99244689941406,1316.1688232421875,205.0139617919922,52.317142486572266,132.13229370117188,301.89263916015625,69.55067443847656,605.515869140625,384.4855041503906,138.18475341796875,248.27735900878906,76.25839233398438,52.9293327331543,120.9517822265625,99.12272644042969,40.89957046508789,29.442733764648438,59.62871551513672,223.99786376953125,56.07950210571289,938.5449829101562,25.768604278564453,64.73087310791016,258.0423278808594,22.532262802124023,273.2164611816406,72.82324981689453,725.6285400390625,1385.92919921875
2009-10-23,208.0597686767578,274.93408203125,74.33818817138672,136.99130249023438,193.91720581054688,180.98294067382812,196.3521728515625,560.6093139648438,227.0294189453125,192.19302368164062,55.655975341796875,95.86168670654297,104.28892517089844,35.12489318847656,41.93918228149414,259.2847595214844,33.69586944580078,124.27586364746094,131.39418029785156,96.34435272216797,194.46820068359375,113.58384704589844,1340.619140625,206.74517822265625,54.92401885986328,144.89453125,292.9034118652344,69.78277587890625,603.8156127929688,389.3247985839844,140.65158081054688,253.55787658691406,75.81155395507812,53.825130462646484,126.67462158203125,100.8969955444336,40.98023223876953,29.193803787231445,60.23564529418945,231.76101684570312,55.91667175292969,931.3662109375,25.93471908569336,65.00801849365234,254.552734375,22.56355857849121,279.62811279296875,71.22286224365234,721.1012573242188,1393.3525390625
2009-10-26,204.8077850341797,274.60186767578125,74.38211822509766,135.04336547851562,189.87754821777344,176.221923828125,192.87010192871094,564.0899047851562,228.7150115966797,193.37506103515625,55.901756286621094,95.11570739746094,105.30831146240234,35.013423919677734,41.337974548339844,254.9737548828125,34.344783782958984,120.6297836303711,130.2763671875,98.1827621459961,192.92630004882812,112.59312438964844,1339.515625,204.68252563476562,55.87390899658203,144.65594482421875,295.6818542480469,69.43462371826172,605.0018310546875,367.56951904296875,139.4080352783203,259.59027099609375,74.19081115722656,51.54301071166992,120.9971923828125,104.16954803466797,41.02505874633789,27.695907592773438,59.745845794677734,232.62356567382812,56.190948486328125,940.604736328125,24.79267692565918,64.16659545898438,254.855224609375,22.829566955566406,282.83392333984375,68.05973052978516,727.8222045898438,1351.5491943359375
2009-10-27,202.33326721191406,254.9192352294922,73.38033294677734,126.49372100830078,181.41517639160156,173.38168334960938,188.06689453125,555.8433837890625,228.07618713378906,190.71334838867188,57.24873733520508,94.94039154052734,105.57527160644531,34.74275588989258,39.597984313964844,255.10427856445312,31.86046600341797,110.78959655761719,126.49032592773438,99.81188201904297,188.25863647460938,108.8516845703125,1305.5325927734375,206.56100463867188,55.00847244262695,142.1226043701172,298.1402893066406,69.27989196777344,600.3353271484375,343.3731994628906,135.75462341308594,249.90628051757812,73.44860076904297,48.27269744873047,112.82170867919922,95.73188781738281,40.66652297973633,27.433881759643555,58.1699333190918,222.3959197998047,54.85386657714844,934.22021484375,23.94133949279785,62.46392059326172,255.94863891601562,21.937664031982422,268.8536682128906,63.450836181640625,723.7147827148438,1298.65625
2009-10-28,206.7183380126953,263.3486633300781,71.1593017578125,122.7040023803711,182.25521850585938,168.97567749023438,187.04208374023438,568.0167846679688,228.82374572753906,191.9123992919922,59.143924713134766,92.43760681152344,103.65792846679688,34.265079498291016,39.13553237915039,252.43511962890625,30.6198787689209,108.41742706298828,122.63214111328125,102.30558776855469,187.0314178466797,108.72737121582031,1249.349853515625,206.11900329589844,54.69183349609375,141.3938446044922,293.2915344238281,67.8873291015625,589.5792236328125,344.7008056640625,135.96182250976562,252.10800170898438,74.7285385131836,47.156517028808594,110.64159393310547,92.5382080078125,39.922576904296875,27.957927703857422,57.28614807128906,215.5199737548828,53.71393585205078,925.9232177734375,22.46706199645996,63.018272399902344,254.8784637451172,21.656007766723633,262.8277587890625,62.213993072509766,715.6871337890625,1349.2291259765625
2009-10-29,203.1869354248047,258.9471435546875,70.88028717041016,116.98906707763672,180.87985229492188,165.25244140625,176.84288024902344,561.216064453125,225.69142150878906,187.80062866210938,59.03050994873047,94.8548355102539,101.03672790527344,33.69186782836914,39.70781707763672,242.8184814453125,29.751483917236328,105.6498794555664,120.68504333496094,101.06782531738281,194.7409210205078,109.00707244873047,1217.3525390625,208.5499725341797,54.73405838012695,138.20547485351562,290.1929931640625,68.27416229248047,581.1165771484375,321.6180114746094,136.53890991210938,252.8955535888672,77.56864166259766,48.01676940917969,107.78015899658203,91.98622131347656,39.8239631652832,27.267940521240234,53.452877044677734,193.83245849609375,53.208248138427734,909.0354614257812,22.321718215942383,62.39462661743164,249.20205688476562,20.70151710510254,256.6330871582031,59.81550979614258,708.5460815429688,1463.5052490234375
2009-10-30,196.25108337402344,243.20933532714844,71.20983123779297,119.87682342529297,180.45159912109375,165.20692443847656,176.11439514160156,559.7523803710938,223.6445770263672,187.61778259277344,57.27234649658203,92.27045440673828,103.09969329833984,33.23012161254883,40.26276397705078,241.12789916992188,29.999591827392578,107.05560302734375,118.66577911376953,103.25209045410156,193.40878295898438,104.03402709960938,1238.669189453125,208.84463500976562,53.784183502197266,142.47833251953125,297.47283935546875,68.97044372558594,593.69189453125,317.1213073730469,135.2262725830078,250.80125427246094,77.12936401367188,48.53574752807617,106.3267593383789,89.8570785522461,39.74331283569336,26.560466766357422,55.97643280029297,192.94525146484375,52.66655349731445,921.3336791992188,22.384008407592773,64.86942291259766,249.24862670898438,20.26339340209961,248.36550903320312,63.137447357177734,716.85400390625,1477.79541015625
2009-11-03,184.8082275390625,249.4795379638672,70.32229614257812,119.19468688964844,173.19993591308594,162.76724243164062,168.18719482421875,544.7590942382812,215.72476196289062,182.2474822998047,54.956512451171875,91.19435119628906,99.72616577148438,32.60914611816406,39.360965728759766,234.20216369628906,28.329593658447266,95.76578521728516,113.18502807617188,100.53996276855469,187.6083221435547,101.76507568359375,1260.2952880859375,201.1833038330078,52.46489715576172,144.0703582763672,296.744140625,65.6437759399414,553.03955078125,287.48614501953125,134.59228515625,250.76541137695312,77.10664367675781,47.163631439208984,101.05809783935547,84.57369232177734,37.43973159790039,24.905353546142578,54.98618698120117,174.09185791015625,48.54780578613281,889.3228149414062,22.114072799682617,66.51268005371094,244.82855224609375,19.4340763092041,240.26666259765625,56.51029586791992,691.3236694335938,1430.794921875
2009-11-04,195.1890869140625,253.79808044433594,71.35262298583984,125.47808837890625,178.8249969482422,168.2474365234375,172.78048706054688,552.1309204101562,222.71914672851562,190.24984741210938,56.492530822753906,92.40093994140625,102.49295806884766,33.26197052001953,39.7829704284668,234.5500946044922,29.837369918823242,104.6834487915039,115.52877044677734,103.7890625,194.9926300048828,101.57469940185547,1290.7476806640625,204.75619506835938,53.741966247558594,146.1915740966797,295.59332275390625,68.9317626953125,576.5689697265625,312.6247253417969,134.7467498779297,250.0493927001953,77.95487976074219,48.905433654785156,105.2821044921875,88.04338073730469,38.40776824951172,26.010221481323242,56.178749084472656,175.8416290283203,49.493648529052734,895.1192626953125,22.674713134765625,69.83882141113281,248.57394409179688,20.169506072998047,245.9309844970703,60.26679992675781,685.1162109375,1461.37109375
2009-11-05,197.26731872558594,265.17584228515625,71.32625579833984,128.0399169921875,176.18544006347656,166.79086303710938,177.2997589111328,550.5779418945312,222.29193115234375,188.9317169189453,56.7052116394043,93.98658752441406,102.08036804199219,33.930702209472656,42.511474609375,241.06263732910156,30.90298843383789,110.04280853271484,117.98070526123047,104.71736907958984,201.62173461914062,102.86071014404297,1311.4022216796875,206.04531860351562,53.22480773925781,146.01803588867188,297.36395263671875,66.34005737304688,569.1738891601562,318.9627685546875,133.72262573242188,248.97540283203125,78.12150573730469,49.76566696166992,109.77861785888672,92.5382080078125,37.843082427978516,26.669647216796875,56.27458190917969,179.90805053710938,51.8582878112793,922.539794921875,23.06923484802246,74.43204498291016,245.27049255371094,20.607635498046875,249.40194702148438,64.90074920654297,687.9633178710938,1514.495361328125
2009-11-06,198.92886352539062,265.79864501953125,72.0578384399414,128.63113403320312,181.60049438476562,170.75991821289062,188.4620361328125,563.8755493164062,221.4555206298828,188.67230224609375,56.568153381347656,94.43498992919922,102.20170593261719,33.97847366333008,42.84097671508789,241.35617065429688,31.796833038330078,110.43817138671875,119.53118896484375,103.74356079101562,204.0552215576172,98.76571655273438,1298.6474609375,202.99224853515625,52.52822494506836,146.4344940185547,295.4299011230469,64.8314208984375,567.750244140625,325.4722595214844,133.3040771484375,250.819091796875,79.36356353759766,50.874725341796875,115.95565032958984,93.8393325805664,38.50635528564453,26.896738052368164,59.20278549194336,180.52418518066406,52.49456787109375,899.9441528320312,24.62656593322754,75.76844787597656,247.9923858642578,21.170944213867188,252.51138305664062,63.61378479003906,686.6097412109375,1528.971435546875
2009-11-09,205.72750854492188,255.4175567626953,75.02142333984375,134.68711853027344,190.9235076904297,181.70211791992188,198.377197265625,571.6936645507812,221.66912841796875,189.82034301757812,57.007694244384766,95.12385559082031,102.46868133544922,34.185462951660156,43.31498718261719,243.95469665527344,32.39487075805664,113.73285675048828,125.33647918701172,105.70028686523438,210.54800415039062,102.53047943115234,1310.122314453125,202.0986785888672,54.6812744140625,146.61233520507812,304.4190673828125,63.78700256347656,569.1738891601562,334.0801086425781,135.87649536132812,250.6401824951172,81.77197265625,54.2303581237793,121.587646484375,97.70331573486328,39.70745086669922,27.564895629882812,59.181488037109375,177.22178649902344,53.66398239135742,914.595947265625,24.585031509399414,77.47112274169922,248.2482452392578,21.280473709106445,255.93406677246094,68.07644653320312,695.8510131835938,1528.5538330078125
2009-11-10,208.78640747070312,243.66607666015625,74.84566497802734,135.90745544433594,195.09902954101562,181.41079711914062,195.2532196044922,570.2657470703125,223.057373046875,188.6170196533203,56.11915588378906,92.42538452148438,102.7842025756836,33.500797271728516,42.731136322021484,241.02455139160156,32.10538864135742,111.14103698730469,126.74271392822266,108.04838562011719,210.3487091064453,102.94232177734375,1275.9630126953125,196.4764862060547,54.343544006347656,145.40206909179688,302.1241149902344,65.25695037841797,568.3829345703125,323.4166259765625,135.705810546875,243.44418334960938,81.28726196289062,53.5407600402832,121.72389221191406,96.16559600830078,39.680572509765625,27.883689880371094,58.840763092041016,176.72886657714844,52.520362854003906,880.7908325195312,24.6680965423584,73.85787963867188,247.87606811523438,21.10835075378418,254.60833740234375,70.9596176147461,690.7637329101562,1525.0738525390625
2009-11-11,214.8330078125,249.10577392578125,76.2692642211914,140.14434814453125,195.8690948486328,183.0129852294922,200.7973175048828,585.1162719726562,229.67799377441406,196.16867065429688,58.28850173950195,93.79093170166016,104.43458557128906,34.567604064941406,44.32661437988281,244.34603881835938,33.498653411865234,115.84148406982422,129.0864715576172,113.1449966430664,216.68409729003906,103.22978210449219,1281.1707763671875,197.891357421875,54.21689224243164,146.16119384765625,307.50396728515625,65.75981903076172,579.3370361328125,328.68414306640625,137.51422119140625,243.4263458251953,84.21823120117188,55.1190299987793,123.04108428955078,98.64956665039062,40.30799102783203,28.189388275146484,60.93841552734375,182.54505920410156,55.50408935546875,890.7059936523438,25.000320434570312,73.82820129394531,246.57325744628906,21.405651092529297,264.7319641113281,70.94290161132812,697.9512939453125,1605.9910888671875
2009-11-12,213.53729248046875,248.27529907226562,75.42124938964844,135.30862426757812,188.901611328125,178.443115234375,194.82106018066406,585.5980834960938,233.27316284179688,197.83978271484375,59.03050994873047,93.5912094116211,104.24042510986328,33.86701965332031,43.69074249267578,246.48251342773438,32.576171875,113.38143157958984,127.10331726074219,112.69905090332031,217.61766052246094,103.07440948486328,1256.1466064453125,196.88607788085938,53.3936767578125,143.90118408203125,308.7705993652344,66.03058624267578,583.1331787109375,316.5646057128906,136.27474975585938,243.9275665283203,82.33998107910156,54.827545166015625,120.72467041015625,99.20159149169922,40.02116394042969,28.071475982666016,60.746734619140625,184.78775024414062,57.326995849609375,894.9426879882812,24.564273834228516,76.79795837402344,246.9920196533203,21.656007766723633,265.0694580078125,69.09599304199219,680.0753784179688,1600.8409423828125
2009-11-13,215.3919677734375,250.8913116455078,75.67169952392578,137.78713989257812,189.4163055419922,181.356201171875,200.11819458007812,587.0260620117188,238.54119873046875,200.67161560058594,59.82451629638672,96.53423309326172,104.33748626708984,33.35749816894531,43.62714767456055,246.8739013671875,33.129661560058594,114.96287536621094,131.46627807617188,112.84464263916016,216.01283264160156,103.34246826171875,1304.91455078125,200.90719604492188,53.720848083496094,144.6690216064453,311.8350830078125,66.41741180419922,584.359130859375,315.3226318359375,135.84805297851562,244.12451171875,82.10520935058594,53.67582321166992,116.86402893066406,101.448974609375,40.47829055786133,27.97539520263672,59.799076080322266,183.1118927001953,57.903099060058594,929.0712890625,24.938030242919922,77.54039764404297,246.59657287597656,22.188020706176758,269.3598327636719,74.89579010009766,681.38232421875,1586.178955078125
2009-11-16,218.85733032226562,251.4312286376953,75.73101806640625,139.35609436035156,193.17189025878906,182.2938232421875,203.48910522460938,590.078369140625,236.9750518798828,200.01255798339844,60.27824020385742,97.79793548583984,104.21614837646484,33.42119598388672,44.563629150390625,247.17288208007812,34.13483810424805,118.08183288574219,132.40377807617188,115.55679321289062,220.0406494140625,103.45514678955078,1375.5291748046875,204.2581787109375,53.953033447265625,145.39773559570312,318.2705078125,67.30709838867188,589.2232055664062,330.18304443359375,135.9211883544922,246.2545166015625,82.14306640625,53.19239807128906,116.6823501586914,101.52786254882812,41.607662200927734,28.08021354675293,60.09720993041992,182.10147094726562,57.20660400390625,969.2021484375,25.041852951049805,75.64966583251953,247.5038604736328,22.20366859436035,275.07244873046875,77.2817153930664,689.50341796875,1603.577880859375
2009-11-17,216.6978302001953,246.5728302001953,76.8755874633789,139.5455780029297,193.604248046875,182.46678161621094,204.9214324951172,591.2743530273438,245.7671356201172,203.9542236328125,60.7319450378418,95.63748931884766,104.43458557128906,33.405269622802734,44.858455657958984,247.4392547607422,34.277984619140625,118.74079895019531,135.21624755859375,114.0460205078125,217.05125427246094,102.5032730102539,1373.7640380859375,205.97084045410156,53.75249481201172,145.56259155273438,315.4647521972656,67.42314910888672,577.359619140625,322.9027404785156,133.06021118164062,244.4645233154297,82.48387908935547,52.29661560058594,115.6831283569336,100.7787094116211,43.02387237548828,28.150083541870117,60.555076599121094,179.21798706054688,57.95470428466797,992.3275756835938,24.585031509399414,75.27351379394531,247.78297424316406,21.843782424926758,274.51812744140625,77.50736999511719,699.0248413085938,1587.1533203125
2009-11-18,213.41539001464844,245.82537841796875,76.8733901977539,137.26414489746094,191.71412658691406,181.91146850585938,201.30357360839844,581.1179809570312,244.5034637451172,206.93067932128906,60.93046188354492,96.18775939941406,104.36174011230469,33.26197052001953,44.789093017578125,247.30337524414062,34.825111389160156,118.3014907836914,135.3965606689453,117.66826629638672,215.7925567626953,102.81409454345703,1376.3238525390625,206.0825958251953,54.617950439453125,145.5321807861328,312.2164306640625,67.42314910888672,576.7662963867188,325.85772705078125,135.92929077148438,241.3319549560547,80.93888092041016,51.770511627197266,116.5915298461914,100.1872787475586,44.135318756103516,28.241790771484375,60.11851119995117,179.46446228027344,58.42762756347656,980.5592651367188,24.647327423095703,75.32298278808594,248.8299560546875,21.812484741210938,277.6515808105469,80.6788558959961,707.0059204101562,1619.6773681640625
2009-11-19,211.7639617919922,243.66607666015625,75.55306243896484,134.37637329101562,187.88858032226562,179.61744689941406,193.62335205078125,576.4415893554688,242.01173400878906,204.94496154785156,61.07697296142578,94.86707305908203,103.65792846679688,33.30973815917969,44.765953063964844,245.9932403564453,34.17300796508789,114.303955078125,133.66583251953125,115.96633911132812,212.69827270507812,102.4799575805664,1368.6446533203125,205.1517791748047,54.1746826171875,146.60365295410156,309.8193664550781,66.34005737304688,580.0093994140625,313.6953125,136.8152313232422,243.39047241210938,80.3935775756836,50.682777404785156,115.63771057128906,97.78216552734375,45.47980880737305,27.905529022216797,58.65974044799805,176.80279541015625,56.432743072509766,965.3480834960938,23.81675148010254,74.52116394042969,247.1083526611328,21.624710083007812,267.93768310546875,80.13147735595703,711.9532470703125,1577.7813720703125
2009-11-20,215.77813720703125,239.8043212890625,77.06671905517578,135.97564697265625,192.302978515625,180.61880493164062,195.9076690673828,583.2242431640625,246.7281951904297,206.36935424804688,61.35110092163086,95.28284454345703,104.41029357910156,34.01032257080078,45.12436294555664,245.86825561523438,35.178199768066406,118.25760650634766,137.88455200195312,116.84004974365234,218.21556091308594,102.65480041503906,1361.8037109375,205.97084045410156,54.860721588134766,146.707763671875,316.0504455566406,67.30709838867188,605.9111938476562,321.2325744628906,137.22976684570312,243.99917602539062,81.84012603759766,52.730281829833984,116.81861114501953,100.62100219726562,45.15714645385742,29.682920455932617,60.5018424987793,177.76394653320312,56.080177307128906,971.9678344726562,24.107450485229492,75.1546859741211,247.6201629638672,21.78118896484375,270.9507751464844,80.13147735595703,738.7904663085938,1585.0657958984375
2009-11-23,223.05946350097656,228.59268188476562,77.56980895996094,139.0453338623047,191.07171630859375,181.95703125,198.8340606689453,583.8489379882812,247.06631469726562,204.68978881835938,60.95881652832031,96.725830078125,104.77433776855469,33.81925582885742,47.04356384277344,245.09083557128906,36.456939697265625,117.0275650024414,140.26434326171875,117.85026550292969,218.9077911376953,104.03792572021484,1377.206787109375,209.13563537597656,56.73933792114258,147.51461791992188,322.4518737792969,68.42887878417969,623.8253173828125,318.70587158203125,134.05177307128906,241.5288848876953,81.67351531982422,52.78716278076172,114.77474212646484,99.99015808105469,45.058555603027344,29.582475662231445,59.8948974609375,177.41891479492188,59.08968734741211,972.9680786132812,24.06592559814453,76.11491394042969,248.41114807128906,21.875072479248047,274.51812744140625,81.19281005859375,761.987060546875,1581.7247314453125
2009-11-24,221.25563049316406,234.61375427246094,78.0728759765625,137.84776306152344,189.88162231445312,182.08444213867188,192.1910400390625,588.7752075195312,248.82843017578125,207.04971313476562,61.171504974365234,95.65377807617188,104.70155334472656,33.07090759277344,46.5753288269043,243.11744689941406,35.54400634765625,118.21367645263672,140.3364715576172,118.32351684570312,224.530029296875,103.75430297851562,1411.9842529296875,208.42813110351562,55.683929443359375,147.47560119628906,320.3203125,69.78277587890625,619.8709106445312,319.6907958984375,135.9658966064453,240.61598205566406,82.81712341308594,54.77066421508789,111.14117431640625,99.59587097167969,45.41706848144531,29.70039176940918,61.5240364074707,185.18209838867188,58.419029235839844,994.2106323242188,23.87904930114746,76.58019256591797,250.667724609375,21.74989891052246,271.48101806640625,83.53279876708984,764.2739868164062,1587.61767578125
2009-11-25,223.0340576171875,233.9908447265625,79.20648193359375,136.7108612060547,191.2446746826172,185.09765625,195.08035278320312,589.3108520507812,250.16314697265625,207.37713623046875,61.015525817871094,96.20001983642578,104.45886993408203,33.34157943725586,48.41936111450195,245.1832733154297,35.82393264770508,118.60902404785156,139.43499755859375,117.28600311279297,222.3272705078125,103.87474822998047,1431.6678466796875,211.66744995117188,56.76046371459961,145.90093994140625,322.26800537109375,71.13663482666016,628.01708984375,309.1129150390625,135.49447631835938,244.26760864257812,84.35455322265625,54.3796501159668,112.82170867919922,98.68901062011719,45.88315963745117,29.866342544555664,60.555076599121094,182.10147094726562,58.9177360534668,1014.7174072265625,23.733694076538086,77.23350524902344,250.5281982421875,21.796838760375977,271.505126953125,83.85871887207031,774.6821899414062,1645.7528076171875
2009-11-26,216.20494079589844,232.91123962402344,77.38307189941406,131.20059204101562,185.68959045410156,181.58377075195312,193.66038513183594,582.2782592773438,244.85940551757812,203.54177856445312,59.48423767089844,95.72306060791016,102.34732818603516,32.832054138183594,47.309478759765625,244.29713439941406,34.589717864990234,116.93971252441406,138.53359985351562,115.28376007080078,215.16323852539062,103.34246826171875,1394.1099853515625,213.49188232421875,55.15621566772461,146.1438446044922,321.4984130859375,71.17532348632812,632.8020629882812,303.4599914550781,134.0924530029297,247.57916259765625,82.80953216552734,54.77777099609375,110.0965347290039,95.61360931396484,45.34536361694336,30.76594352722168,60.11851119995117,177.51748657226562,57.903099060058594,1024.16162109375,23.71293067932129,76.085205078125,249.55105590820312,21.249176025390625,263.64727783203125,81.91568756103516,769.92138671875,1653.5015869140625
2009-11-27,212.5871124267578,235.5688018798828,76.9063491821289,128.9873809814453,184.7218780517578,176.82273864746094,188.59786987304688,567.4097290039062,238.64810180664062,197.96310424804688,58.85090637207031,94.98934936523438,101.0124740600586,32.52953338623047,47.737247467041016,242.23692321777344,34.66287612915039,116.72004699707031,137.92062377929688,114.53746795654297,213.78915405273438,102.64702606201172,1383.341064453125,211.70469665527344,54.100807189941406,142.296142578125,322.9488830566406,69.16384887695312,625.9213256835938,300.2908935546875,131.9385986328125,245.448974609375,78.7425308227539,54.628482818603516,109.59693145751953,94.7067642211914,43.96503448486328,30.259376525878906,59.106956481933594,188.16412353515625,56.91426086425781,1028.4276123046875,23.11076545715332,74.01626586914062,247.5503692626953,21.06141471862793,250.8722686767578,78.75674438476562,763.6671752929688,1656.656494140625
2009-11-30,216.1541290283203,248.77365112304688,77.60494232177734,131.5568084716797,184.44598388671875,181.95703125,194.3765106201172,576.3878784179688,245.0374755859375,202.34271240234375,59.460594177246094,97.81012725830078,101.83765411376953,31.781179428100586,48.40202713012695,243.94924926757812,36.84819793701172,121.3326416015625,142.1754150390625,120.70801544189453,215.93939208984375,105.25788879394531,1374.646728515625,212.3749237060547,54.26966857910156,145.7274169921875,324.2700500488281,71.4460678100586,630.864501953125,301.1474914550781,130.29673767089844,246.12925720214844,79.20452117919922,56.29208755493164,110.50533294677734,96.16559600830078,45.0226936340332,32.02803421020508,59.87359619140625,187.9176483154297,57.97188949584961,1015.2764892578125,23.8375186920166,74.53103637695312,246.64306640625,21.249176025390625,254.053955078125,82.99793243408203,780.9830932617188,1668.11669921875
2009-12-01,223.16615295410156,252.92608642578125,78.63530731201172,134.49008178710938,188.73275756835938,188.775390625,201.37767028808594,581.5999145507812,244.0941925048828,203.73731994628906,60.32076644897461,97.65116882324219,102.15318298339844,32.640987396240234,47.5638313293457,242.4813995361328,37.004066467285156,124.84696960449219,147.7643585205078,127.96160888671875,226.59629821777344,105.6502685546875,1400.9947509765625,207.49740600585938,54.47019958496094,148.1349639892578,326.60589599609375,72.91602325439453,640.1574096679688,317.4638977050781,132.12144470214844,247.7582244873047,79.34085083007812,58.851444244384766,113.50299835205078,98.68901062011719,45.10335922241211,35.0107421875,62.578189849853516,192.89596557617188,58.573760986328125,1018.336181640625,24.003631591796875,77.2236328125,247.87606811523438,21.609071731567383,258.7301025390625,84.8949966430664,784.9970092773438,1676.93212890625
2009-12-02,223.6641387939453,253.0921173095703,79.39981079101562,135.45266723632812,190.1616668701172,190.7052764892578,201.8592529296875,580.6717529296875,243.5779266357422,203.70758056640625,59.8339729309082,96.60357666015625,101.47364044189453,32.81613540649414,48.85293197631836,239.17080688476562,36.568275451660156,125.41804504394531,151.47830200195312,133.42227172851562,224.5404510498047,105.07915496826172,1423.7239990234375,204.6304931640625,54.24856185913086,147.23268127441406,325.61163330078125,72.83866882324219,632.9603271484375,330.18304443359375,131.7434844970703,246.21876525878906,80.49203491210938,60.678565979003906,121.1788558959961,104.09069061279297,45.6321907043457,34.33820724487305,65.01659393310547,188.65699768066406,56.82313537597656,1003.6546630859375,24.273571014404297,78.93620300292969,254.62254333496094,21.577774047851562,254.51190185546875,85.46326446533203,779.1160888671875,1693.727783203125
2009-12-03,223.50152587890625,254.79464721679688,79.39322662353516,134.04283142089844,193.91720581054688,191.0967254638672,199.09335327148438,579.9042358398438,245.62466430664062,202.13856506347656,60.561805725097656,97.82643127441406,101.5464096069336,32.832054138183594,49.685359954833984,240.04598999023438,37.128116607666016,128.3173828125,151.26194763183594,128.65328979492188,223.9950408935547,105.4676742553711,1450.24853515625,201.54017639160156,53.9213752746582,146.3694305419922,331.3728332519531,73.07074737548828,645.21923828125,328.8554382324219,132.69039916992188,245.448974609375,80.62078094482422,59.34199523925781,128.0825958251953,104.95811462402344,46.57333755493164,33.796688079833984,67.18877410888672,189.39634704589844,57.82350540161133,996.6231079101562,24.377391815185547,80.60914611816406,256.46038818359375,21.56212615966797,264.2498779296875,85.15406036376953,789.4774780273438,1714.74560546875
2009-12-04,221.21502685546875,257.5353088378906,78.62870788574219,132.10252380371094,191.73471069335938,186.9911346435547,196.53736877441406,579.3509521484375,247.4578857421875,202.70411682128906,60.297142028808594,96.12664794921875,101.86194610595703,33.03905487060547,47.77772903442383,240.14930725097656,36.64142608642578,129.3716583251953,152.88450622558594,129.1538543701172,219.57913208007812,105.69690704345703,1405.1873779296875,202.50828552246094,54.18523406982422,145.5452423095703,329.18695068359375,73.41890716552734,642.5697021484375,325.6863708496094,133.2105712890625,245.1446533203125,80.71923828125,58.04808807373047,124.1765365600586,103.2232666015625,47.55034255981445,34.61333084106445,67.87023162841797,187.4494171142578,58.62553024291992,980.2650756835938,24.398155212402344,84.74701690673828,256.553466796875,21.765541076660156,260.10406494140625,84.99108123779297,780.65625,1717.2049560546875
2009-12-07,214.42652893066406,262.7673645019531,78.97142791748047,130.4729461669922,191.21585083007812,183.7139129638672,193.7467803955078,584.4736328125,248.95281982421875,203.2994384765625,60.29241943359375,96.12255859375,100.43001556396484,32.95943832397461,48.25751876831055,240.60597229003906,35.362693786621094,125.37411499023438,147.728271484375,128.1436309814453,215.4673614501953,105.82898712158203,1392.432861328125,202.3592987060547,53.784183502197266,144.97694396972656,328.1109619140625,73.45758056640625,634.779296875,316.5217590332031,135.4822998046875,244.9120635986328,80.36328125,56.58356857299805,120.31591033935547,103.0655517578125,48.2136344909668,34.884090423583984,67.11424255371094,176.2113037109375,59.66904067993164,986.7374877929688,24.377391815185547,84.06396484375,253.25001525878906,22.188020706176758,259.50140380859375,79.29994201660156,778.9761352539062,1733.0723876953125
2009-12-08,219.578857421875,272.8578186035156,80.54877471923828,132.25411987304688,190.02577209472656,189.29428100585938,199.15504455566406,591.3099975585938,248.56137084960938,208.05323791503906,61.209312438964844,96.17961883544922,101.83765411376953,33.34157943725586,48.40781784057617,241.1115264892578,36.14838409423828,128.36129760742188,150.61289978027344,131.69305419921875,216.83094787597656,107.15384674072266,1384.4443359375,206.2686767578125,54.586299896240234,147.24569702148438,332.0470886230469,75.70116424560547,640.9483642578125,327.65625,135.8927459716797,246.3440704345703,80.22695922851562,58.12630844116211,130.39901733398438,108.34893035888672,47.12009811401367,35.84046936035156,69.25447845458984,176.13739013671875,60.203731536865234,983.2658081054688,24.398155212402344,81.65846252441406,252.41250610351562,22.907800674438477,266.7325134277344,84.58159637451172,791.0177612304688,1733.675537109375
2009-12-09,217.85125732421875,275.0586242675781,79.27896881103516,129.6543731689453,188.9221649169922,184.95196533203125,195.14212036132812,591.4526977539062,251.5513458251953,208.9078826904297,61.880428314208984,96.19593048095703,100.6484146118164,33.118675231933594,47.44821548461914,242.334716796875,34.66605758666992,124.53947448730469,146.17782592773438,130.96498107910156,216.170166015625,105.96109008789062,1422.0908203125,206.04530334472656,54.153564453125,147.49290466308594,330.12664794921875,75.62378692626953,646.4450073242188,327.87042236328125,134.76702880859375,247.00634765625,77.03846740722656,56.72574996948242,125.85706329345703,106.77181243896484,47.56826400756836,35.4954719543457,68.3387451171875,175.25015258789062,61.30757141113281,1000.38916015625,24.585031509399414,81.06450653076172,256.29754638671875,23.518054962158203,264.8765869140625,82.47142791748047,796.0584106445312,1743.1868896484375
2009-12-10,217.84109497070312,284.36016845703125,78.43317413330078,132.78469848632812,189.1733856201172,185.95333862304688,197.66099548339844,602.4658203125,251.17758178710938,208.60174560546875,61.28963851928711,97.45960998535156,100.96391296386719,33.59634017944336,48.38468551635742,249.2712860107422,34.92372131347656,125.63768768310547,148.55760192871094,129.82733154296875,218.84490966796875,105.856201171875,1403.4222412109375,203.32736206054688,53.65751647949219,147.345458984375,324.9987487792969,76.28138732910156,642.5302124023438,331.12518310546875,134.25906372070312,245.90325927734375,77.30355072021484,58.48176193237305,132.57913208007812,108.23065948486328,47.00357437133789,35.932186126708984,67.63600158691406,177.22178649902344,60.39345932006836,986.4434204101562,24.356624603271484,81.26250457763672,254.59933471679688,23.11121368408203,262.90008544921875,81.47695922851562,794.9850463867188,1698.2747802734375
2009-12-11,217.72930908203125,275.3493347167969,78.43537902832031,131.04898071289062,186.6614227294922,182.7489776611328,198.26605224609375,603.536865234375,251.3376922607422,209.26499938964844,60.91154098510742,96.9826889038086,101.49787902832031,33.48487091064453,48.13033676147461,257.81695556640625,34.771026611328125,124.6712646484375,152.1273193359375,129.58160400390625,215.96035766601562,105.73188018798828,1405.0111083984375,203.25291442871094,53.35145568847656,148.12631225585938,327.0076599121094,75.81719207763672,645.970703125,328.0846252441406,134.94992065429688,245.50546264648438,75.66007995605469,57.116764068603516,128.4913787841797,104.56383514404297,46.922916412353516,35.814273834228516,67.08229064941406,173.67291259765625,59.93636703491211,982.7362670898438,24.16974639892578,80.13401794433594,260.6013488769531,22.876506805419922,263.23748779296875,81.80706787109375,802.8726196289062,1706.34765625
2009-12-14,217.05859375,265.3834533691406,77.21170043945312,128.95706176757812,185.0513153076172,181.09214782714844,197.1424102783203,606.8565673828125,250.98178100585938,212.49664306640625,62.24906921386719,98.08326721191406,100.96391296386719,33.42119598388672,48.517642974853516,261.97564697265625,34.6406135559082,123.13372802734375,153.6056671142578,129.33587646484375,218.15257263183594,104.69841003417969,1420.634521484375,199.2317352294922,52.918731689453125,148.5687255859375,334.7165222167969,76.82293701171875,678.8721313476562,327.6134948730469,133.25933837890625,245.0172119140625,77.03846740722656,55.659339904785156,128.1734619140625,101.72499084472656,46.3671760559082,37.71394729614258,67.17811584472656,167.73348999023438,59.09983825683594,991.1506958007812,23.8582820892334,80.13401794433594,258.4145812988281,22.626155853271484,269.96246337890625,81.4727783203125,839.3246459960938,1718.1790771484375
2009-12-15,213.73548889160156,263.14111328125,74.72923278808594,125.15970611572266,179.5827178955078,174.72897338867188,194.72230529785156,600.4130249023438,249.5045928955078,213.117431640625,62.30106735229492,97.32914733886719,101.13381958007812,33.42119598388672,46.251590728759766,255.94146728515625,34.76784896850586,124.40768432617188,154.00234985351562,125.35868072509766,213.2541961669922,102.95008087158203,1393.6243896484375,198.338134765625,53.07704544067383,150.486083984375,328.4173583984375,75.23696899414062,673.01953125,326.7142028808594,131.8654327392578,243.082275390625,74.90271759033203,53.41988754272461,127.08336639404297,98.01875305175781,45.506710052490234,37.8012809753418,66.77350616455078,166.05763244628906,58.45304489135742,976.9107055664062,23.463748931884766,78.08483123779297,259.39166259765625,22.250614166259766,267.93768310546875,79.63005828857422,828.4029541015625,1716.5084228515625
2009-12-16,212.83102416992188,270.3248291015625,74.40188598632812,124.69741821289062,177.28489685058594,170.6415557861328,191.64772033691406,600.823486328125,253.84727478027344,216.42123413085938,63.430606842041016,96.9337387084961,100.93966674804688,33.29380798339844,47.33259201049805,254.22361755371094,35.477195739746094,125.68164825439453,152.41578674316406,129.1538543701172,219.5686492919922,102.9034423828125,1385.7684326171875,196.43927001953125,52.644325256347656,153.46621704101562,331.3660583496094,75.85587310791016,680.8098754882812,325.0011901855469,133.2024383544922,240.20693969726562,75.76612854003906,53.718482971191406,126.76547241210938,99.79301452636719,45.47085952758789,41.565696716308594,67.5827407836914,167.5855712890625,59.37582778930664,973.4392700195312,24.439685821533203,77.20382690429688,261.2062683105469,22.547914505004883,273.1441955566406,81.71930694580078,847.9591064453125,1739.568115234375
2009-12-17,210.35140991210938,269.3282165527344,73.44185638427734,125.1824722290039,178.4049835205078,171.46087646484375,193.5121612548828,592.5593872070312,257.2643737792969,217.6203155517578,63.48261642456055,97.8835220336914,100.8183364868164,33.32566833496094,47.67367172241211,253.55502319335938,35.89391326904297,127.52664184570312,153.74989318847656,129.63621520996094,221.7923126220703,102.40225219726562,1372.0867919921875,200.16261291503906,52.612667083740234,153.62672424316406,331.04595947265625,76.59083557128906,685.120361328125,313.2669982910156,131.72315979003906,240.2248992919922,75.61463928222656,54.91286087036133,128.26429748535156,100.6998519897461,45.62323760986328,43.67935562133789,69.70169067382812,168.91639709472656,61.7646484375,979.5289916992188,24.335853576660156,77.66907501220703,261.99725341796875,22.375791549682617,269.89013671875,82.4839859008789,852.9531860351562,1737.4803466796875
2009-12-18,204.80274963378906,263.9715576171875,73.1167221069336,122.68883514404297,176.68783569335938,170.1044464111328,191.36375427246094,589.0430297851562,258.9551086425781,214.80972290039062,63.77565002441406,96.6280288696289,100.62413024902344,33.29380798339844,46.41923904418945,252.09808349609375,35.83347702026367,125.50593566894531,153.6778106689453,133.59519958496094,221.2469024658203,102.45276641845703,1367.0997314453125,196.10421752929688,52.13772964477539,156.16876220703125,327.150634765625,76.04928588867188,681.4822998046875,306.1152038574219,132.75135803222656,239.80906677246094,76.02362060546875,54.628482818603516,125.35745239257812,97.50616455078125,45.2557373046875,49.601097106933594,68.07255554199219,166.42726135253906,63.00648880004883,984.3837890625,24.024396896362305,77.89678192138672,262.3927001953125,22.313199996948242,266.85302734375,81.70677947998047,839.3712768554688,1720.0347900390625
2009-12-21,206.6929168701172,257.5353088378906,72.6180191040039,122.9238052368164,176.72076416015625,173.74581909179688,192.51205444335938,574.763671875,261.28662109375,213.46185302734375,64.02613067626953,96.03288269042969,101.20665740966797,33.29380798339844,46.19956970214844,249.53756713867188,35.365867614746094,120.49796295166016,152.74029541015625,132.35745239257812,213.49542236328125,102.32068634033203,1342.7818603515625,195.17340087890625,51.67333221435547,150.77667236328125,326.7217102050781,74.9275131225586,677.646240234375,300.5050964355469,132.52783203125,238.07302856445312,75.79639434814453,55.24700164794922,121.86017608642578,95.33760833740234,43.911231994628906,50.007225036621094,67.08229064941406,167.11732482910156,61.436973571777344,982.7362670898438,23.920574188232422,78.22344207763672,269.44158935546875,21.593416213989258,265.7684326171875,80.45320892333984,833.5371704101562,1714.1427001953125
2009-12-22,207.1502227783203,267.3766784667969,72.3456039428711,125.16732788085938,178.38438415527344,176.64065551757812,197.29058837890625,577.2091064453125,257.7270812988281,212.80697631835938,64.15374755859375,96.12395477294922,104.26465606689453,33.9147834777832,46.99153137207031,248.776611328125,36.72095489501953,125.15447998046875,162.58404541015625,132.10263061523438,211.82766723632812,102.67422485351562,1351.608642578125,194.57762145996094,51.97941207885742,150.6595916748047,323.56866455078125,74.2699203491211,662.302734375,304.573486328125,131.5240936279297,238.09100341796875,76.42501068115234,56.135677337646484,121.1334457397461,98.21587371826172,44.70896530151367,45.27334213256836,66.76284790039062,167.63485717773438,62.02338409423828,999.594970703125,24.107450485229492,78.76789855957031,265.09130859375,21.890722274780273,265.2622375488281,82.18728637695312,818.6483154296875,1741.5166015625
2009-12-23,216.7029266357422,270.9477233886719,74.27008056640625,130.760986328125,182.01229858398438,178.8618621826172,200.05645751953125,596.87890625,265.7359924316406,219.72506713867188,65.55269622802734,97.60588836669922,111.54574584960938,34.886051177978516,48.01472091674805,257.1374206542969,38.42913055419922,134.7749786376953,170.7691650390625,135.8704833984375,218.62461853027344,104.07678985595703,1375.5291748046875,196.81163024902344,53.530879974365234,152.5118865966797,329.1528625488281,76.70689392089844,676.8554077148438,313.3526916503906,133.2105712890625,240.0080108642578,77.0309066772461,56.711524963378906,125.31202697753906,102.04042053222656,45.54255676269531,46.46990203857422,68.31746673583984,168.99034118652344,64.0413589477539,1002.9192504882812,24.16974639892578,79.59943389892578,264.53289794921875,22.42273712158203,275.3616638183594,85.09136199951172,840.677978515625,1744.2081298828125
2009-12-24,218.75570678710938,266.71221923828125,75.16201782226562,131.10964965820312,182.7576446533203,179.76312255859375,198.8340606689453,600.5022583007812,266.71490478515625,220.40968322753906,65.63776397705078,99.13752746582031,111.6185531616211,34.647216796875,48.740821838378906,257.6104736328125,39.16392517089844,138.94825744628906,171.0576171875,141.94091796875,223.40765380859375,105.18795013427734,1382.23779296875,197.81690979003906,54.005821228027344,152.40780639648438,329.3231201171875,76.97766876220703,680.9285278320312,317.42108154296875,132.1661376953125,239.95376586914062,77.87157440185547,57.315826416015625,126.67462158203125,102.04042053222656,45.92798614501953,46.024471282958984,68.61559295654297,170.34584045410156,64.66229248046875,1021.1607055664062,24.460447311401367,79.76773071289062,276.8162536621094,22.500967025756836,279.33880615234375,85.65129089355469,838.9977416992188,1735.3927001953125
2009-12-29,219.5585174560547,270.6985778808594,74.56007385253906,133.42892456054688,182.84410095214844,179.2897186279297,199.69837951660156,600.9842529296875,263.9028015136719,219.16384887695312,64.38058471679688,97.82115936279297,113.02621459960938,34.933815002441406,48.566558837890625,258.202880859375,39.57427978515625,142.330810546875,171.886962890625,143.07855224609375,222.29579162597656,105.09469604492188,1383.2969970703125,197.33287048339844,54.07969665527344,153.19728088378906,330.31732177734375,78.29285430908203,679.8609008789062,312.1535949707031,133.6779022216797,236.8251190185547,76.85670471191406,57.0741081237793,126.08418273925781,101.84326934814453,45.68596649169922,46.31705856323242,68.45587921142578,169.06430053710938,64.2656021118164,1026.1036376953125,25.62325668334961,79.68854522705078,309.4786682128906,22.735681533813477,279.0013732910156,85.5844497680664,840.21142578125,1737.758544921875
2009-12-30,218.70489501953125,270.490966796875,74.36454772949219,133.3683319091797,183.1899871826172,178.6798095703125,202.40252685546875,593.844482421875,264.38348388671875,219.40618896484375,64.40424346923828,97.22921752929688,113.07475280761719,34.66313552856445,47.77076721191406,257.01788330078125,39.113040924072266,140.48574829101562,171.7066192626953,143.08767700195312,223.29229736328125,105.61921691894531,1386.165771484375,198.1520233154297,52.918731689453125,153.17124938964844,334.3760681152344,78.83440399169922,689.1934814453125,313.2669982910156,135.4863739013672,240.9120635986328,78.24266815185547,56.476924896240234,126.9925765991211,100.42386627197266,45.91004943847656,45.88471603393555,70.83038330078125,168.32492065429688,64.10172271728516,1003.7136840820312,27.824275970458984,78.0650405883789,301.9643859863281,22.704389572143555,279.33880615234375,84.69023895263672,844.9720458984375,1778.58837890625
