date,RELIANCE.NS,ITC.NS,HINDUNILVR.NS,SBIN.NS,IDBI.NS,ONGC.NS,IOC.NS,BPCL.NS,HINDPETRO.NS,GAIL.NS,TATASTEEL.NS,HINDALCO.NS,BHEL.NS,TATAPOWER.NS,TATAMOTORS.NS,M&M.NS,CIPLA.NS,SUNPHARMA.NS,DRREDDY.NS,BRITANNIA.NS
1996-01-01,4.617048740386963,2.9001805782318115,33.360713958740234,11.965004920959473,25.9926815032959,5.200869560241699,,,,,5.08521842956543,58.14008331298828,4.545985698699951,6.147127151489258,52.527034759521484,24.77086639404297,7.228331565856934,1.3970909118652344,9.592759132385254,
1996-01-02,4.581144332885742,2.7905216217041016,33.71696472167969,11.584160804748535,25.633739471435547,5.280789852142334,,2.944420099258423,8.708691596984863,,4.99078893661499,58.26662063598633,4.339932918548584,6.070607662200928,52.222923278808594,24.41770362854004,7.136669158935547,1.350581407546997,9.511030197143555,7.37700891494751
1996-01-03,4.615927219390869,2.701063871383667,33.51725769042969,11.275290489196777,25.68324851989746,5.225463390350342,,2.941274881362915,8.649041175842285,,4.9920654296875,58.0135612487793,4.404324531555176,6.032346248626709,52.05012893676758,15.573400497436523,7.086469650268555,1.3562828302383423,9.515331268310547,7.284215927124023
1996-01-04,4.573288917541504,2.7518527507781982,33.51993942260742,11.236308097839355,25.23765754699707,5.226998329162598,,2.9570038318634033,8.649041175842285,,4.833829879760742,57.38407897949219,4.327057838439941,5.94307279586792,51.656192779541016,15.49365520477295,7.012267589569092,1.3502814769744873,9.173345565795898,7.284215927124023
1996-01-05,4.541873931884766,2.702218532562256,33.46597671508789,11.173332214355469,25.299543380737305,5.228535175323486,,2.9570038318634033,8.708691596984863,,4.738122940063477,57.229087829589844,4.404324531555176,6.0604023933410645,51.469581604003906,15.573400497436523,6.994807720184326,1.3469809293746948,8.956110954284668,7.288857460021973
1996-01-08,4.360109329223633,2.619108200073242,33.4794807434082,10.846471786499023,24.928220748901367,5.219314098358154,,2.8815059661865234,8.382116317749023,,4.560745716094971,56.960208892822266,4.339932918548584,6.111418724060059,51.49031448364258,15.322771072387695,6.874772548675537,1.290269374847412,8.839963912963867,7.3306121826171875
1996-01-09,4.234445571899414,2.612182140350342,33.60631561279297,11.440221786499023,24.866334915161133,5.225463390350342,,2.894718885421753,8.496936798095703,,4.539052486419678,56.938072204589844,4.327057838439941,6.200689792633057,50.6332893371582,14.844290733337402,6.893321514129639,1.2527616024017334,8.594767570495605,7.3306121826171875
1996-01-10,4.125609874725342,2.603524684906006,33.84651565551758,10.915437698364258,24.594026565551758,5.194722652435303,,2.919255256652832,8.261323928833008,,4.514807224273682,56.938072204589844,4.249786853790283,6.147127151489258,51.44883728027344,15.094924926757812,6.950067520141602,1.3199753761291504,8.73027229309082,7.005838871002197
1996-01-11,4.254641532897949,2.617375612258911,33.68189239501953,11.332269668579102,24.606407165527344,5.194722652435303,,2.8815059661865234,8.277729988098145,,4.620723247528076,57.25438690185547,4.249786853790283,6.371587753295898,51.884254455566406,15.018970489501953,7.02099609375,1.2962703704833984,8.92599868774414,7.005838871002197
1996-01-12,4.209761142730713,2.6433475017547607,33.70077896118164,11.338262557983398,24.742555618286133,5.163985252380371,,2.8815059661865234,8.410446166992188,,4.6028571128845215,57.38092041015625,4.275543212890625,6.499120712280273,52.513206481933594,15.33036994934082,7.143216133117676,1.314273715019226,8.947508811950684,7.005838871002197
1996-01-15,4.16600227355957,2.615067958831787,33.68189239501953,11.374250411987305,24.75493621826172,5.196258544921875,,2.8815059661865234,8.410446166992188,,4.564574718475342,56.938072204589844,4.224030494689941,6.5093231201171875,52.20909881591797,15.33036994934082,7.110478401184082,1.2908693552017212,8.947508811950684,7.005838871002197
1996-01-16,4.17385721206665,2.6069867610931396,33.80872344970703,11.61414909362793,24.07417869567871,5.1793532371521,,2.9570038318634033,8.206151962280273,,4.555643081665039,56.083988189697266,4.275543212890625,6.414947032928467,52.09160614013672,15.413908958435059,7.323269367218018,1.3082724809646606,8.82921028137207,6.7274603843688965
1996-01-17,4.007800102233887,2.6064107418060303,33.965267181396484,11.137348175048828,23.826631546020508,5.225463390350342,,2.9570038318634033,8.206151962280273,,4.401234149932861,57.38407897949219,4.069493293762207,6.3333258628845215,51.85661697387695,15.33036994934082,7.127939224243164,1.290269374847412,8.861473083496094,6.7274603843688965
1996-01-18,3.8967220783233643,2.5740902423858643,34.00574493408203,11.0623779296875,23.45530128479004,5.1685943603515625,,2.7682583332061768,8.298604965209961,,4.308080196380615,57.004478454589844,4.069493293762207,6.404745101928711,51.98793411254883,15.569605827331543,7.1159348487854,1.2812672853469849,8.799099922180176,6.5882720947265625
1996-01-19,3.8282809257507324,2.462700366973877,34.3727912902832,11.19432258605957,22.861188888549805,5.225463390350342,,2.7682583332061768,8.283696174621582,,4.2710747718811035,57.197444915771484,4.030858039855957,6.430251121520996,52.07778549194336,15.341758728027344,7.137759208679199,1.2551616430282593,8.82060718536377,6.866649150848389
1996-01-22,3.8933565616607666,2.445385217666626,34.308021545410156,11.584160804748535,22.465103149414062,5.200869560241699,,2.7682583332061768,8.261323928833008,,4.315737247467041,57.108890533447266,4.017980098724365,6.340978145599365,52.533931732177734,15.341758728027344,7.223966598510742,1.2602626085281372,8.790493965148926,6.866649150848389
1996-01-23,3.728421688079834,2.2941722869873047,34.35660171508789,11.707109451293945,22.53936767578125,5.163985252380371,,2.7682583332061768,8.171854019165039,,4.144741535186768,56.944393157958984,4.069493293762207,6.414947032928467,51.15164566040039,15.74428939819336,6.959888935089111,1.2542614936828613,8.934601783752441,6.866649150848389
1996-01-24,3.6005120277404785,2.194902181625366,34.18927001953125,11.31127643585205,22.34132957458496,5.191648483276367,,2.7682583332061768,8.171854019165039,,4.088593482971191,56.84634017944336,4.017980098724365,6.40984582901001,49.59657287597656,15.49365520477295,6.572500228881836,1.2380578517913818,9.005579948425293,6.866649150848389
1996-01-25,3.449042320251465,2.172393560409546,34.167686462402344,11.419228553771973,22.378463745117188,5.102508544921875,,2.7682583332061768,8.103257179260254,,4.000543117523193,57.232242584228516,3.9664666652679443,6.376688003540039,49.797000885009766,15.949352264404297,6.483017921447754,1.2428587675094604,9.119575500488281,6.959442615509033
1996-01-26,3.449042320251465,2.172393560409546,34.167686462402344,11.419228553771973,22.378463745117188,5.102508544921875,,2.7682583332061768,8.103257179260254,,4.000543117523193,57.232242584228516,3.9664666652679443,6.376688003540039,49.797000885009766,15.949352264404297,6.483017921447754,1.2428587675094604,9.119575500488281,6.959442615509033
1996-01-29,3.720566987991333,2.2941722869873047,34.47804260253906,11.94101619720459,22.353710174560547,5.1393961906433105,,2.8085248470306396,8.232992172241211,,4.183023929595947,57.31764602661133,3.9664666652679443,6.478715896606445,50.025081634521484,16.120235443115234,6.608510494232178,1.2542614936828613,9.130329132080078,6.7274603843688965
1996-01-30,4.054924011230469,2.437305450439453,34.72903060913086,12.207901000976562,22.55175018310547,5.197797775268555,,2.8311736583709717,8.201676368713379,,4.218754291534424,57.61499786376953,4.172519207000732,6.511873722076416,49.9075813293457,17.08859634399414,6.499387741088867,1.269264817237854,9.1453857421875,6.7274603843688965
1996-01-31,3.9662857055664062,2.346115827560425,34.70475769042969,11.791078567504883,22.7745418548584,5.196258544921875,,2.8311736583709717,8.201676368713379,,4.260865688323975,57.31764602661133,4.020557880401611,6.529727935791016,50.83372116088867,17.08859634399414,6.607419490814209,1.2620632648468018,9.252925872802734,6.843449592590332
1996-02-01,4.125609874725342,2.4921345710754395,34.97464370727539,12.375831604003906,22.824052810668945,5.216240882873535,,2.894089460372925,8.350800514221191,,4.356571674346924,58.80437088012695,4.172519207000732,6.603696346282959,52.27820587158203,17.82909393310547,6.8027520179748535,1.2782665491104126,9.216362953186035,7.284215927124023
1996-02-02,4.573288917541504,2.777824640274048,35.6061897277832,13.230475425720215,23.665721893310547,5.1993327140808105,,2.945049285888672,8.589391708374023,,4.674319744110107,61.366573333740234,4.51765251159668,6.991400718688965,54.65574645996094,17.646818161010742,6.898778915405273,1.3319774866104126,9.63577651977539,7.980160713195801
1996-02-05,4.95365047454834,2.9198036193847656,36.69383239746094,14.064126014709473,24.01228904724121,5.1993327140808105,,3.2338292598724365,8.947283744812012,,4.8568010330200195,63.546043395996094,4.339932918548584,6.940386772155762,54.94602966308594,18.379730224609375,6.9293341636657715,1.3772869110107422,9.893877029418945,8.154147148132324
1996-02-06,4.538508892059326,2.892099142074585,36.118961334228516,14.18407154083252,25.0519962310791,5.291548728942871,,3.3470778465270996,8.948773384094238,,4.445898056030273,63.504913330078125,4.327057838439941,6.930184364318848,53.798728942871094,18.19745635986328,7.001354217529297,1.3685853481292725,9.786334991455078,8.21214485168457
1996-02-07,4.622658729553223,2.849391460418701,36.199951171875,13.935181617736816,25.41093635559082,5.286935806274414,,3.2715790271759033,9.245523452758789,,4.620723247528076,63.60614013671875,4.327057838439941,6.932735919952393,54.61428451538086,18.508838653564453,7.22614860534668,1.3802876472473145,9.90032958984375,8.026556015014648
1996-02-08,5.026580810546875,3.1489319801330566,37.02846908569336,14.331012725830078,26.747713088989258,5.374540328979492,,3.334494113922119,9.245523452758789,,5.291945457458496,65.54203033447266,4.378568172454834,7.427566051483154,58.96849822998047,19.139223098754883,7.282893657684326,1.4342989921569824,10.23801326751709,8.068313598632812
1996-02-09,5.318303108215332,3.252819299697876,36.83687210083008,15.344587326049805,30.98081398010254,5.901699542999268,,3.4439659118652344,10.091046333312988,,5.600760459899902,68.69894409179688,4.996718883514404,7.486230850219727,61.09723663330078,19.1582088470459,7.579708099365234,1.5273178815841675,10.620864868164062,8.815292358398438
1996-02-12,4.985065460205078,3.150663375854492,37.70319747924805,14.444966316223145,29.11180305480957,6.381211280822754,,3.586153268814087,9.327543258666992,,5.285566329956055,69.8123779296875,5.522149085998535,7.453073024749756,59.327903747558594,18.808841705322266,7.4651288986206055,1.4985121488571167,11.154271125793457,9.047274589538574
1996-02-13,5.284641742706299,3.225693464279175,38.29155731201172,14.522933006286621,29.384113311767578,6.48725700378418,,3.7119829654693604,10.04183292388916,,5.288117408752441,70.74555206298828,5.74365234375,7.6520256996154785,59.0790901184082,19.65567398071289,7.512052059173584,1.5243182182312012,11.412373542785645,8.815292358398438
1996-02-14,5.2880072593688965,3.326118230819702,38.108028411865234,14.948756217956543,30.188648223876953,6.6440205574035645,,3.7126128673553467,10.362446784973145,,5.43742036819458,77.03087615966797,6.181509017944336,8.090740203857422,59.45230484008789,21.189855575561523,7.57861852645874,1.5807294845581055,11.375809669494629,9.116870880126953
1996-02-15,5.203856945037842,3.3590149879455566,38.545249938964844,14.861793518066406,29.730680465698242,6.656317234039307,,3.7119829654693604,10.14174747467041,,5.3621320724487305,73.08000183105469,6.181509017944336,8.047380447387695,59.327903747558594,21.262004852294922,7.485864639282227,1.5879309177398682,11.491957664489746,9.093669891357422
1996-02-16,5.111853122711182,3.2591681480407715,38.054039001464844,14.513936996459961,29.136558532714844,6.178338050842285,,3.664168357849121,10.243149757385254,,5.249835014343262,72.93132019042969,5.795165061950684,7.789759635925293,57.74516296386719,20.863271713256836,7.482586860656738,1.6512441635131836,11.550030708312988,8.83849048614502
1996-02-19,5.16346549987793,3.2580134868621826,38.369808197021484,14.612900733947754,29.26033592224121,6.199854373931885,,3.7119829654693604,9.952363014221191,,5.281736850738525,70.90686798095703,5.911068439483643,7.723444938659668,56.7015380859375,21.265806198120117,7.698653221130371,1.6506441831588745,11.420975685119629,8.815292358398438
1996-02-20,4.890817165374756,3.114880323410034,38.059444427490234,14.157086372375488,27.82454490661621,6.3012919425964355,,3.611318826675415,9.961309432983398,,5.0788397789001465,70.74238586425781,5.787436485290527,7.815268516540527,56.88124084472656,21.284788131713867,7.711747169494629,1.6788499355316162,11.55863094329834,8.90808391571045
1996-02-21,4.890817165374756,3.114880323410034,38.059444427490234,14.157086372375488,27.82454490661621,6.3012919425964355,,3.611318826675415,9.961309432983398,,5.0788397789001465,70.74238586425781,5.787436485290527,7.815268516540527,56.88124084472656,21.284788131713867,7.711747169494629,1.6788499355316162,11.55863094329834,8.90808391571045
1996-02-22,5.148879528045654,3.191063642501831,38.71528244018555,14.549918174743652,28.208251953125,6.3012919425964355,,3.7119829654693604,9.961309432983398,,5.307260036468506,71.23583221435547,5.769408702850342,7.899440288543701,58.40867233276367,21.345550537109375,7.976917743682861,1.6806507110595703,11.451087951660156,8.954482078552246
1996-02-23,5.093900203704834,3.1500871181488037,38.83132553100586,14.765832901000977,28.084468841552734,6.544124126434326,,3.6742336750030518,10.13577938079834,,5.261319160461426,72.25122833251953,6.078483581542969,7.9759626388549805,59.721839904785156,21.470869064331055,8.203895568847656,1.6803500652313232,11.567234992980957,8.996238708496094
1996-02-26,5.105119705200195,3.1575896739959717,38.55064010620117,15.158666610717773,28.492931365966797,6.949865818023682,,3.7623143196105957,10.432535171508789,,5.293221473693848,72.75101470947266,6.078483581542969,7.822921276092529,57.005638122558594,22.177194595336914,8.640387535095215,1.6812498569488525,11.584443092346191,8.980000495910645
1996-02-27,5.046777725219727,3.1477785110473633,38.542545318603516,15.131675720214844,28.381540298461914,7.39249324798584,,3.7623143196105957,10.289374351501465,,5.207724571228027,71.12512969970703,6.227870941162109,7.715792179107666,58.851009368896484,22.386056900024414,8.266097068786621,1.6803500652313232,11.334941864013672,9.279254913330078
1996-02-28,5.071460247039795,3.129887104034424,38.591129302978516,15.149672508239746,28.31964874267578,7.358681678771973,,3.7623143196105957,10.17008113861084,,5.258768558502197,72.81431579589844,5.939398765563965,7.9198455810546875,58.692039489746094,21.797447204589844,8.161337852478027,1.683350682258606,11.14136791229248,9.41844654083252
1996-02-29,4.753933429718018,2.9325006008148193,38.28346252441406,14.411981582641602,27.539867401123047,7.260319232940674,,3.586153268814087,9.782365798950195,,4.9257073402404785,71.39717864990234,5.6663818359375,7.432667255401611,58.415584564208984,21.06454086303711,7.960549831390381,1.6806507110595703,11.184383392333984,9.093669891357422
1996-03-01,4.780862331390381,2.9827120304107666,38.318546295166016,14.58890438079834,27.403717041015625,7.274152755737305,,3.6239027976989746,9.731663703918457,,4.981856346130371,71.1030044555664,5.923945426940918,7.501534938812256,58.581451416015625,21.23921775817871,7.994376182556152,1.6824510097503662,11.165026664733887,9.279254913330078
1996-03-04,4.7314934730529785,2.994832754135132,38.14580535888672,14.441967964172363,26.970502853393555,7.321791172027588,,3.649068832397461,9.842011451721191,,4.956335067749023,72.627685546875,6.142873764038086,7.595910549163818,59.02378463745117,20.680997848510742,8.174432754516602,1.6905527114868164,11.22955322265625,9.00551700592041
1996-03-05,4.7314934730529785,2.994832754135132,38.14580535888672,14.441967964172363,26.970502853393555,7.321791172027588,,3.649068832397461,9.842011451721191,,4.956335067749023,72.627685546875,6.142873764038086,7.595910549163818,59.02378463745117,20.680997848510742,8.174432754516602,1.6905527114868164,11.22955322265625,9.00551700592041
1996-03-06,4.89979362487793,2.9913697242736816,37.9568977355957,14.61589241027832,26.834352493286133,7.346382141113281,,3.6912217140197754,9.752538681030273,,5.048213958740234,72.66877746582031,6.011518478393555,7.504086017608643,58.7127685546875,20.85567855834961,8.260639190673828,1.6506441831588745,11.416675567626953,9.511238098144531
1996-03-07,4.943552017211914,2.953855037689209,36.9178352355957,14.522933006286621,26.57442855834961,7.315645694732666,,3.6773808002471924,9.797276496887207,,5.011206150054932,71.99817657470703,5.936824321746826,7.481130599975586,58.47087097167969,20.84048843383789,8.280281066894531,1.6023342609405518,11.399466514587402,9.650424003601074
1996-03-08,4.917746067047119,2.910568952560425,36.191837310791016,14.387991905212402,26.25261116027832,7.374046802520752,,3.611318826675415,9.843503952026367,,4.9869608879089355,71.48887634277344,5.923945426940918,7.486230850219727,58.33953857421875,20.768335342407227,8.187525749206543,1.580429196357727,10.96929931640625,9.490358352661133
1996-03-11,4.933453559875488,2.8309218883514404,36.29169464111328,14.058127403259277,26.09170150756836,7.315645694732666,,3.649698495864868,9.779378890991211,,4.89125394821167,69.8123779296875,5.820921421051025,7.389307975769043,56.95035934448242,19.659473419189453,8.05985164642334,1.6053341627120972,11.186535835266113,9.488038063049316
1996-03-12,5.187027931213379,2.7489676475524902,36.88542938232422,14.037137031555176,25.534717559814453,7.312572479248047,,3.6239027976989746,9.6332426071167,,4.82362174987793,69.36952209472656,5.671535015106201,7.363797664642334,57.59312057495117,19.40884780883789,8.005289077758789,1.5786291360855103,11.266118049621582,9.462522506713867
1996-03-13,5.098389625549316,2.967130184173584,37.328060150146484,14.372998237609863,26.1783504486084,7.25724458694458,,3.6239027976989746,9.737626075744629,,5.015035152435303,69.3379135131836,5.771984100341797,7.447971820831299,58.284263610839844,19.822769165039062,8.127507209777832,1.5945326089859009,11.270417213439941,9.46484088897705
1996-03-14,5.097267150878906,2.947506904602051,37.76797103881836,14.358006477355957,26.500158309936523,7.254169940948486,,3.6239027976989746,9.812190055847168,,4.963991165161133,69.89778900146484,5.820921421051025,7.498983383178711,57.82810974121094,20.088584899902344,8.283556938171387,1.5918316841125488,11.180082321166992,9.372050285339355
1996-03-15,4.930088996887207,2.9123008251190186,37.79767608642578,14.10011100769043,26.017440795898438,7.289517879486084,,3.598736524581909,9.810699462890625,,4.85935115814209,69.53085327148438,5.8698577880859375,7.552547931671143,57.68296432495117,20.354412078857422,8.296650886535645,1.5903315544128418,11.061786651611328,9.374367713928223
1996-03-18,4.705687046051025,2.7085657119750977,38.53984832763672,13.731266975402832,25.089126586914062,7.254169940948486,,3.578603506088257,9.455788612365723,,4.659006595611572,69.07220458984375,5.6741108894348145,7.524491310119629,57.966346740722656,19.746822357177734,8.293375015258789,1.5783295631408691,11.225249290466309,9.156304359436035
1996-03-19,4.416210651397705,2.6433475017547607,38.44538116455078,13.356420516967773,24.730182647705078,7.120461940765381,,3.5232372283935547,9.469206809997559,,4.4573822021484375,70.08126068115234,5.717896938323975,7.570405006408691,57.413421630859375,19.68606185913086,8.314107894897461,1.5756282806396484,11.085444450378418,9.232858657836914
1996-03-20,4.416210651397705,2.6433475017547607,38.44538116455078,13.356420516967773,24.730182647705078,7.120461940765381,,3.5232372283935547,9.469206809997559,,4.4573822021484375,70.08126068115234,5.717896938323975,7.570405006408691,57.413421630859375,19.68606185913086,8.314107894897461,1.5756282806396484,11.085444450378418,9.232858657836914
1996-03-21,4.732614994049072,2.717801094055176,38.33203887939453,13.779245376586914,25.75750732421875,7.131218433380127,,3.5767159461975098,9.543769836425781,,4.734295845031738,69.58779907226562,5.6663818359375,7.580605506896973,58.332637786865234,19.97466468811035,8.478887557983398,1.5666263103485107,11.214496612548828,9.325651168823242
1996-03-22,4.54075288772583,2.5637013912200928,38.11883544921875,13.629305839538574,25.212905883789062,7.135830402374268,,3.5609865188598633,9.129213333129883,,4.659006595611572,69.5909652709961,5.967731475830078,7.511738300323486,58.34645462036133,19.22277069091797,8.445058822631836,1.5723276138305664,11.210193634033203,9.325651168823242
1996-03-25,4.513823509216309,2.3905558586120605,38.29964828491211,13.71927261352539,25.48520851135254,7.161956310272217,,3.595590353012085,9.363334655761719,,4.798098087310791,67.82587432861328,5.923945426940918,7.481130599975586,58.947757720947266,19.765810012817383,8.39704418182373,1.56632661819458,11.231701850891113,9.281578063964844
1996-03-26,4.484652519226074,2.467895030975342,38.52906799316406,13.614315032958984,25.943172454833984,7.137365818023682,,3.686816692352295,9.275350570678711,,4.928260803222656,68.2813949584961,6.078483581542969,7.64947509765625,59.05143737792969,19.367067337036133,8.437416076660156,1.5843305587768555,11.257513046264648,9.188783645629883
1996-03-27,4.643977165222168,2.50252366065979,38.14311981201172,13.866209983825684,26.141220092773438,7.0697431564331055,,3.649068832397461,9.245523452758789,,5.064803600311279,71.017578125,6.111968040466309,7.534695148468018,60.620330810546875,19.139223098754883,8.628386497497559,1.5906319618225098,11.184383392333984,9.279254913330078
1996-03-28,4.70456600189209,2.6335368156433105,38.16470718383789,14.097111701965332,26.747713088989258,6.9775285720825195,,3.649068832397461,9.603418350219727,,5.126054286956787,71.17256164550781,6.521491050720215,7.639270782470703,62.67304229736328,19.83036231994629,8.70804500579834,1.602034091949463,11.313435554504395,9.323330879211426
1996-03-29,4.641732692718506,2.5844783782958984,38.113426208496094,14.11810302734375,26.43827247619629,6.547196388244629,,3.7119829654693604,9.394649505615234,,5.035451889038086,71.33074951171875,6.214992046356201,7.455621242523193,62.20998001098633,19.480993270874023,8.643660545349121,1.6083346605300903,11.188684463500977,9.372050285339355
1996-04-01,4.68549108505249,2.6202616691589355,38.06753921508789,14.498946189880371,26.43827247619629,6.524145126342773,,3.686816692352295,9.394649505615234,,5.100533962249756,71.80520629882812,6.377256393432617,7.486230850219727,62.887290954589844,19.443017959594727,8.728777885437012,1.6083346605300903,11.356449127197266,9.46484088897705
1996-04-02,4.6978325843811035,2.712028980255127,38.54794692993164,14.95775318145752,26.43827247619629,6.6102094650268555,,3.6176111698150635,9.855433464050293,,5.123502731323242,71.28961944580078,6.7764811515808105,7.527044296264648,61.753807067871094,20.715164184570312,8.656757354736328,1.6263387203216553,11.251059532165527,9.420763969421387
1996-04-03,4.737102508544922,2.7108747959136963,39.039146423339844,15.161664009094238,26.43827247619629,6.639408111572266,,3.8126473426818848,10.0060453414917,,5.219207763671875,71.55216217041016,7.229789733886719,7.667329788208008,61.712337493896484,21.31137466430664,8.753877639770508,1.6278399229049683,11.399466514587402,9.650424003601074
1996-04-04,4.681004524230957,2.780133008956909,38.72607421875,15.116683959960938,26.43827247619629,6.608672142028809,,3.856687068939209,9.988150596618652,,5.164337635040283,71.70084381103516,7.237518787384033,7.606112957000732,60.99354553222656,20.779733657836914,8.688405990600586,1.620337724685669,11.463993072509766,9.557631492614746
1996-04-05,4.681004524230957,2.780133008956909,38.72607421875,15.116683959960938,26.43827247619629,6.608672142028809,,3.856687068939209,9.988150596618652,,5.164337635040283,71.70084381103516,7.237518787384033,7.606112957000732,60.99354553222656,20.779733657836914,8.688405990600586,1.620337724685669,11.463993072509766,9.557631492614746
1996-04-08,4.759543418884277,2.9088382720947266,38.960872650146484,15.917351722717285,26.43827247619629,6.740848064422607,,3.844104528427124,10.080610275268555,,5.376169204711914,72.184814453125,7.873696804046631,7.759153842926025,61.24927520751953,21.23542022705078,8.828079223632812,1.6218382120132446,11.313435554504395,9.743219375610352
1996-04-09,4.765154838562012,2.9596264362335205,38.66668701171875,16.02830696105957,26.43827247619629,6.777731895446777,,3.9007275104522705,9.991134643554688,,5.450181007385254,73.05155181884766,7.82991361618042,7.685184478759766,60.40605545043945,21.75947380065918,8.73314094543457,1.620337724685669,11.268265724182129,9.745538711547852
1996-04-10,4.762909412384033,2.873631477355957,39.20647430419922,15.767415046691895,26.43827247619629,6.762362957000732,,3.9636447429656982,9.991134643554688,,5.557372570037842,73.38682556152344,7.765522480010986,7.677533149719238,61.44971466064453,21.068336486816406,8.817168235778809,1.5978330373764038,11.399466514587402,9.928805351257324
1996-04-11,4.713540077209473,2.8482375144958496,38.48317337036133,15.731429100036621,26.43827247619629,6.766972541809082,,3.9888088703155518,9.991134643554688,,5.485911846160889,73.07051849365234,7.850514888763428,7.623967170715332,61.5395622253418,20.897451400756836,8.859726905822754,1.5723276138305664,11.442486763000488,9.928805351257324
1996-04-12,4.842573642730713,2.8713226318359375,38.294246673583984,16.106277465820312,26.43827247619629,6.8484272956848145,,4.010199546813965,10.14025592803955,,5.526747703552246,74.01947784423828,7.899450302124023,7.6035614013671875,61.463523864746094,20.753143310546875,8.899008750915527,1.5540238618850708,11.356449127197266,9.743219375610352
1996-04-15,4.967115879058838,2.8742082118988037,39.08772659301758,16.586069107055664,26.43827247619629,6.865334987640381,4.819818019866943,4.149241924285889,10.14025592803955,,5.5139851570129395,76.70507049560547,7.932933330535889,7.700488090515137,63.29506301879883,20.98099708557129,9.107438087463379,1.551323413848877,11.313435554504395,9.696823120117188
1996-04-16,4.978333950042725,2.935964584350586,41.292701721191406,17.038883209228516,26.43827247619629,6.93449592590332,4.819818019866943,4.1177849769592285,10.378849983215332,,5.4489054679870605,75.9680404663086,8.041115760803223,7.708140850067139,64.32488250732422,21.67972755432129,9.398797035217285,1.5723276138305664,11.334941864013672,9.696823120117188
1996-04-17,5.190393447875977,3.0808284282684326,42.27238464355469,17.16482925415039,26.43827247619629,7.008265018463135,4.819818019866943,4.231031894683838,10.662178993225098,,5.771756649017334,78.41001892089844,8.03596019744873,8.131552696228027,67.18620300292969,21.820234298706055,9.777453422546387,1.5903315544128418,11.838238716125488,10.114389419555664
1996-04-18,5.4753828048706055,3.176635503768921,42.007896423339844,18.07345199584961,26.43827247619629,7.220358371734619,4.819818019866943,4.278217792510986,10.826215744018555,,6.03718376159668,79.22931671142578,8.190500259399414,8.736061096191406,66.88900756835938,22.32529640197754,9.86911678314209,1.6503437757492065,12.147960662841797,10.253580093383789
1996-04-19,5.5101637840271,3.159898042678833,41.71642303466797,18.48128318786621,26.43827247619629,7.300276279449463,4.819818019866943,4.4896135330200195,11.073751449584961,,6.002727508544922,80.99755859375,8.185347557067871,9.006433486938477,66.91667938232422,22.025293350219727,9.851655960083008,1.6710480451583862,12.210338592529297,10.392766952514648
1996-04-22,5.3351311683654785,3.081982135772705,40.971527099609375,18.30135726928711,26.43827247619629,7.35560417175293,4.819818019866943,4.362523555755615,11.011124610900879,,5.830456733703613,80.07706451416016,8.13898754119873,8.825337409973145,66.48123931884766,21.459474563598633,9.551568031311035,1.6584460735321045,12.089888572692871,10.439165115356445
1996-04-23,5.299227237701416,3.130462408065796,40.960750579833984,18.10943603515625,26.43827247619629,7.400173187255859,4.819818019866943,4.3914642333984375,10.706918716430664,,5.831733226776123,79.24827575683594,8.375945091247559,8.651890754699707,66.86830139160156,20.76453971862793,9.241657257080078,1.6326396465301514,11.790922164916992,10.485557556152344
1996-04-24,5.728955268859863,3.2516653537750244,41.84596252441406,19.11101722717285,26.43827247619629,7.566163063049316,4.819818019866943,4.609777927398682,10.975339889526367,,6.405971527099609,80.86152648925781,8.883341789245605,9.001333236694336,69.12832641601562,21.968326568603516,9.609402656555176,1.6746493577957153,12.244749069213867,10.903124809265137
1996-04-25,5.437233924865723,3.1091086864471436,43.225093841552734,18.98206901550293,26.43827247619629,7.510833263397217,4.975296497344971,4.474513053894043,11.094634056091309,,6.16862154006958,80.7476577758789,8.692748069763184,8.53455924987793,65.94216918945312,21.493654251098633,9.385701179504395,1.6704481840133667,12.532960891723633,10.578353881835938
1996-04-26,5.485480785369873,3.159898042678833,42.8553352355957,18.65520477294922,26.43827247619629,7.621493339538574,5.053035736083984,4.504082679748535,10.78893756866455,,6.237528324127197,79.81135559082031,9.07394027709961,8.48609447479248,66.34300231933594,21.493654251098633,9.41734790802002,1.620638370513916,12.53080940246582,10.578353881835938
1996-04-29,5.440600395202637,3.176058292388916,42.253475189208984,18.493274688720703,26.43827247619629,7.481629848480225,5.558339595794678,4.479546070098877,11.122966766357422,,6.24135684967041,80.02961730957031,8.929704666137695,8.412128448486328,65.08511352539062,21.9113712310791,9.34205150604248,1.627239465713501,12.102795600891113,10.671143531799316
1996-04-30,5.489969253540039,3.1443145275115967,42.47210693359375,17.91752052307129,26.43827247619629,7.623025417327881,5.764348030090332,4.6418681144714355,11.184103012084961,,6.1405463218688965,82.75630950927734,9.261959075927734,8.18001651763916,66.08039093017578,21.979721069335938,9.381335258483887,1.6839509010314941,11.872653007507324,10.71754264831543
1996-05-01,5.97018575668335,3.188755750656128,43.18730926513672,18.211393356323242,26.43827247619629,7.5446457862854,5.764348030090332,4.719252109527588,11.167702674865723,,6.268155097961426,83.46488189697266,9.344381332397461,8.480995178222656,67.87734985351562,22.101245880126953,9.494823455810547,1.7424637079238892,12.001702308654785,10.71754264831543
1996-05-02,5.974675178527832,3.1870243549346924,42.693416595458984,17.851543426513672,26.43827247619629,7.598437309265137,5.596818923950195,4.718622207641602,11.048405647277832,,6.205626487731934,83.96781921386719,9.527252197265625,8.49374771118164,67.32441711425781,22.04428482055664,9.384608268737793,1.7664679288864136,12.044721603393555,10.682744979858398
1996-05-03,5.838912010192871,3.159320831298828,42.28588104248047,17.137845993041992,26.43827247619629,7.515443325042725,5.596818923950195,4.781538009643555,11.33322811126709,,6.081847190856934,83.61669158935547,9.627703666687012,8.639134407043457,66.12877655029297,22.025293350219727,9.16745376586914,1.7931735515594482,12.264106750488281,10.71754264831543
1996-05-06,5.511286735534668,3.03407883644104,41.86485290527344,16.142257690429688,26.43827247619629,7.558475971221924,5.596818923950195,4.617959976196289,11.184103012084961,,5.779412269592285,83.07894897460938,9.344381332397461,8.371315956115723,65.0574951171875,22.025293350219727,8.909919738769531,1.7202582359313965,12.30282211303711,10.578353881835938
1996-05-07,5.578608989715576,3.0456230640411377,41.810874938964844,16.472118377685547,26.43827247619629,7.576916694641113,5.519468307495117,4.74127197265625,11.380945205688477,,5.6951904296875,83.99945831298828,9.514371871948242,8.440183639526367,65.20955657958984,22.177194595336914,8.866272926330566,1.7091565132141113,12.216788291931152,10.624751091003418
1996-05-08,5.60890007019043,3.0842907428741455,43.173805236816406,16.673036575317383,26.43827247619629,7.707554340362549,5.83042573928833,4.806702613830566,11.541997909545898,,5.7883453369140625,85.40076446533203,9.591641426086426,8.583020210266113,66.00435638427734,22.10883903503418,9.057238578796387,1.7103567123413086,12.472739219665527,10.613149642944336
1996-05-09,5.472017288208008,3.0323486328125,41.86485290527344,16.397151947021484,26.43827247619629,7.5646233558654785,5.83042573928833,4.869619369506836,11.315333366394043,,5.632662296295166,84.56568145751953,9.460285186767578,8.340706825256348,65.36851501464844,22.101245880126953,8.964483261108398,1.6680474281311035,12.341536521911621,10.613149642944336
1996-05-10,5.414793491363525,3.049663543701172,41.6435546875,16.187236785888672,26.43827247619629,7.572309970855713,5.83042573928833,4.5311360359191895,11.334721565246582,,5.602036476135254,86.05555725097656,9.33407974243164,8.210623741149902,63.65446853637695,21.508848190307617,8.730961799621582,1.6299397945404053,12.259805679321289,10.160786628723145
1996-05-13,5.529239177703857,3.1939492225646973,41.724525451660156,16.613061904907227,26.43827247619629,7.573844909667969,5.83042573928833,4.404048919677734,11.336212158203125,,5.687536239624023,83.06946563720703,9.58133602142334,8.2335786819458,64.00003051757812,22.03289031982422,8.610926628112793,1.6863510608673096,12.128602981567383,10.288375854492188
1996-05-14,5.682953357696533,3.3619015216827393,42.14282989501953,17.281782150268555,26.43827247619629,7.369437217712402,5.83042573928833,4.4669623374938965,11.382438659667969,,5.839388370513916,83.72743225097656,9.789965629577637,8.294795036315918,64.35943603515625,21.782258987426758,8.525808334350586,1.6608455181121826,12.13720703125,10.165422439575195
1996-05-15,5.695295333862305,3.3313112258911133,42.015987396240234,17.392738342285156,26.43827247619629,7.204986095428467,5.803216934204102,4.649415016174316,11.363052368164062,,6.13544225692749,84.44548034667969,9.589068412780762,8.404474258422852,67.34517669677734,22.23035430908203,8.595649719238281,1.7064554691314697,12.335083961486816,10.299975395202637
1996-05-16,5.727833271026611,3.343431234359741,41.99169921875,17.67161750793457,26.43827247619629,7.169638633728027,5.597208023071289,4.530506134033203,11.482349395751953,,6.266880989074707,85.72344207763672,9.722996711730957,8.524354934692383,68.2643814086914,23.362003326416016,8.651301383972168,1.6923524141311646,12.406061172485352,11.135109901428223
1996-05-17,5.614510536193848,3.29610538482666,41.68404006958008,17.1528377532959,26.43827247619629,7.115851879119873,5.83042573928833,4.541203022003174,11.392874717712402,,6.187761306762695,85.5937271118164,9.684365272521973,8.384069442749023,68.18145751953125,23.04681396484375,8.636022567749023,1.6773498058319092,12.434025764465332,10.624751091003418
1996-05-20,5.438356399536133,3.127578020095825,41.074092864990234,16.283199310302734,26.43827247619629,6.616355895996094,5.83042573928833,4.630541801452637,11.415243148803711,,5.974654674530029,84.3885498046875,9.617398262023926,8.218276977539062,66.45359802246094,22.15441131591797,8.578186988830566,1.620337724685669,12.391007423400879,10.3742094039917
1996-05-21,5.41928243637085,3.071016550064087,41.34667205810547,16.208223342895508,26.43827247619629,6.826912879943848,5.83042573928833,4.605376243591309,11.313838005065918,,5.974654674530029,83.82549285888672,9.560734748840332,8.11879825592041,66.28079986572266,22.131624221801758,8.240997314453125,1.5825300216674805,12.421116828918457,10.095831871032715
1996-05-22,5.448454856872559,3.1316165924072266,41.31159591674805,16.28919219970703,26.43827247619629,6.9467902183532715,5.791556358337402,4.555044651031494,11.358577728271484,,6.011660575866699,83.38263702392578,9.504071235656738,8.15705680847168,66.50888061523438,22.310102462768555,8.329386711120605,1.6443431377410889,12.53080940246582,10.021595001220703
1996-05-23,5.403573513031006,3.1062233448028564,41.743412017822266,16.0552978515625,26.43827247619629,6.983677864074707,5.83042573928833,4.541203022003174,11.503223419189453,,5.977206230163574,83.25608825683594,9.375287055969238,8.136653900146484,66.41902923583984,22.03289031982422,8.296650886535645,1.623337984085083,12.6039400100708,9.743219375610352
1996-05-24,5.700369834899902,3.1489319801330566,41.999794006347656,16.223222732543945,26.43827247619629,7.06666898727417,5.83042573928833,4.529877185821533,11.571824073791504,,6.012937545776367,84.82820129394531,9.542706489562988,8.164710998535156,67.00652313232422,22.629098892211914,8.244268417358398,1.5993335247039795,12.487794876098633,9.662027359008789
1996-05-27,5.532678127288818,3.0669772624969482,41.34937286376953,15.665458679199219,26.43827247619629,6.837669372558594,5.6749467849731445,4.429214954376221,11.224366188049316,,5.871291637420654,83.31619262695312,9.349532127380371,8.146855354309082,66.45359802246094,22.537954330444336,8.053302764892578,1.5753284692764282,12.498547554016113,9.557631492614746
1996-05-28,5.353260040283203,3.05889630317688,41.260318756103516,15.725430488586426,26.43827247619629,6.810007095336914,5.752686500549316,4.403418064117432,11.266122817993164,,5.8011064529418945,83.80020141601562,9.117725372314453,8.090740203857422,65.81083679199219,22.860736846923828,8.234448432922363,1.5723276138305664,12.431869506835938,9.511238098144531
1996-05-29,5.658154010772705,3.19568133354187,41.91613006591797,16.535091400146484,26.43827247619629,7.0589823722839355,5.985903739929199,4.403418064117432,11.218405723571777,,6.152032852172852,83.50916290283203,9.349532127380371,8.389169692993164,67.62163543701172,22.913902282714844,8.373035430908203,1.6323401927947998,12.582432746887207,9.696823120117188
1996-05-30,5.554959297180176,3.155857563018799,41.829769134521484,16.391155242919922,26.43827247619629,7.035928249359131,5.985903739929199,4.3914642333984375,11.243755340576172,,6.029526710510254,83.82549285888672,9.362408638000488,8.32030200958252,66.90977478027344,22.67845916748047,8.26282024383545,1.620337724685669,12.339385986328125,9.420763969421387
1996-05-31,5.590138912200928,3.164515256881714,42.48829650878906,16.643047332763672,26.43827247619629,7.085108757019043,5.985903739929199,4.324773788452148,11.33322811126709,,6.183934211730957,84.41382598876953,9.194994926452637,8.373865127563477,67.01342010498047,22.674657821655273,8.274825096130371,1.6503437757492065,12.612543106079102,9.557631492614746
1996-06-03,5.761349678039551,3.2643630504608154,42.64213562011719,17.891277313232422,26.43827247619629,7.074351787567139,5.908163547515869,4.30841588973999,11.392874717712402,,6.434046268463135,84.4992446899414,9.091971397399902,8.44273567199707,67.74601745605469,22.936683654785156,8.249726295471191,1.6503437757492065,12.689972877502441,9.374367713928223
1996-06-04,5.679262161254883,3.2060699462890625,43.37082290649414,17.739425659179688,26.43827247619629,7.183474540710449,6.35516357421875,4.378882884979248,11.224366188049316,,6.397041320800781,83.88873291015625,8.893646240234375,8.394275665283203,68.1330795288086,22.921497344970703,8.257364273071289,1.6755492687225342,13.343829154968262,9.650424003601074
1996-06-05,5.642909526824951,3.204915761947632,44.19667053222656,17.851795196533203,26.43827247619629,7.323329925537109,5.9159369468688965,4.34742546081543,11.184103012084961,,6.3613104820251465,84.14180755615234,8.58199405670166,8.458038330078125,68.61687469482422,23.1341552734375,8.402497291564941,1.6743495464324951,13.464278221130371,9.60403060913086
1996-06-06,5.735550880432129,3.3024544715881348,44.54752731323242,18.428836822509766,26.43827247619629,7.321791172027588,5.775619983673096,4.3914642333984375,11.385417938232422,,6.529754161834717,83.99945831298828,8.757137298583984,8.616179466247559,70.20651245117188,23.996183395385742,8.556363105773926,1.7103567123413086,13.249191284179688,9.279254913330078
1996-06-07,5.730860233306885,3.38844895362854,45.01713180541992,18.428836822509766,26.43827247619629,7.377121448516846,5.83042573928833,4.5047125816345215,11.553925514221191,,6.494022369384766,84.05955505371094,8.692748069763184,8.730960845947266,71.4367446899414,23.912635803222656,8.64256763458252,1.6503437757492065,13.156706809997559,9.325651168823242
1996-06-10,5.679262161254883,3.3832550048828125,45.86998748779297,18.5047607421875,26.43827247619629,7.314109802246094,5.752686500549316,4.325405120849609,11.464451789855957,,6.457017421722412,83.76221466064453,8.844709396362305,8.889102935791016,72.88124084472656,24.679725646972656,8.878274917602539,1.6347403526306152,13.120141983032227,9.372050285339355
1996-06-11,5.634701251983643,3.4565536975860596,46.064300537109375,18.611055374145508,26.43827247619629,7.015951633453369,5.519468307495117,4.220335960388184,11.486820220947266,,6.448083877563477,83.19283294677734,8.896221160888672,8.886551856994629,74.13264465332031,24.15947151184082,8.793158531188965,1.5906319618225098,13.042712211608887,9.327972412109375
1996-06-12,5.720305442810059,3.5512068271636963,46.18303680419922,18.77809715270996,26.43827247619629,7.177326202392578,5.985903739929199,4.215301990509033,11.485328674316406,,6.58079719543457,84.7744369506836,8.885920524597168,9.807348251342773,72.76241302490234,24.675922393798828,8.899008750915527,1.6383413076400757,13.376091957092285,9.650424003601074
1996-06-13,5.698026180267334,3.6164252758026123,45.74312973022461,18.72039031982422,26.43827247619629,7.217284202575684,5.985903739929199,4.364410877227783,12.20708179473877,,6.534857273101807,83.82549285888672,9.313474655151367,10.113428115844727,74.39826965332031,25.17719078063965,9.111801147460938,1.620337724685669,13.54601001739502,10.114389419555664
1996-06-14,5.75783109664917,3.7745635509490967,47.00349807739258,18.911725997924805,26.43827247619629,7.24955940246582,5.985903739929199,4.4669623374938965,12.181731224060059,,6.75179386138916,84.35692596435547,9.540130615234375,10.858222961425781,75.09040832519531,27.39111328125,9.275486946105957,1.6323401927947998,13.907352447509766,10.562112808227539
1996-06-17,5.679262161254883,3.592184066772461,47.205936431884766,18.79631805419922,26.43827247619629,7.331016540527344,5.985903739929199,4.4669623374938965,11.974448204040527,,6.681607723236084,84.58464813232422,9.504071235656738,10.959362983703613,74.13264465332031,26.79110336303711,9.184915542602539,1.6500444412231445,13.657855987548828,10.441482543945312
1996-06-18,5.53385066986084,3.5327367782592773,48.692996978759766,18.76898193359375,26.43827247619629,7.294130802154541,5.985903739929199,4.446201801300049,11.91927433013916,,6.661190509796143,83.83182525634766,9.403621673583984,11.159049034118652,75.15333557128906,27.026552200317383,9.232929229736328,1.6743495464324951,13.182517051696777,9.743219375610352
1996-06-19,5.368504524230957,3.3526670932769775,49.6537971496582,18.35594367980957,26.43827247619629,7.3264055252075195,5.83042573928833,4.341132640838623,11.898394584655762,,6.6165289878845215,83.70845031738281,9.431950569152832,10.894526481628418,73.65026092529297,28.477190017700195,9.166363716125488,1.668347716331482,13.221232414245605,9.696823120117188
1996-06-20,5.376712322235107,3.474445104598999,48.85222625732422,18.428836822509766,26.43827247619629,7.329476833343506,5.791556358337402,4.278217792510986,11.893922805786133,,6.668848037719727,83.36681365966797,9.529826164245605,10.889344215393066,73.74813079833984,28.013893127441406,9.080154418945312,1.6503437757492065,13.02765941619873,9.60403060913086
1996-06-21,5.227782249450684,3.5425500869750977,48.45549774169922,18.119056701660156,26.43827247619629,7.338696002960205,5.791556358337402,4.215301990509033,11.741816520690918,,6.5667619705200195,83.92668151855469,9.305747985839844,10.795984268188477,72.79035949707031,27.69870948791504,9.07906436920166,1.642242431640625,12.99754524230957,9.325651168823242
1996-06-24,5.183219909667969,3.7156941890716553,47.205936431884766,18.319499969482422,26.43827247619629,7.21420955657959,5.791556358337402,4.345561981201172,11.735857963562012,,6.524649620056152,80.59583282470703,9.27226448059082,10.707810401916504,72.48277282714844,27.508840560913086,9.053966522216797,1.6424816846847534,12.726539611816406,9.000879287719727
1996-06-25,5.074161529541016,3.687412738800049,44.3397102355957,18.35594367980957,26.43827247619629,7.114312171936035,5.908163547515869,4.348102569580078,11.785061836242676,,6.3549299240112305,80.4250259399414,9.27226448059082,10.46922779083252,71.53897094726562,27.379714965820312,8.956847190856934,1.6661185026168823,12.709329605102539,9.244458198547363
1996-06-26,4.976830959320068,3.622195243835449,44.81471633911133,18.170682907104492,26.43827247619629,7.21420955657959,5.752686500549316,4.409738540649414,11.704540252685547,,6.275811672210693,77.51483154296875,9.091971397399902,10.225452423095703,71.09854125976562,27.011363983154297,8.986310958862305,1.6606647968292236,12.606090545654297,9.41844654083252
1996-06-27,5.065951824188232,3.6498992443084717,45.09809112548828,18.29216766357422,26.43827247619629,7.315645694732666,5.83042573928833,4.3563642501831055,11.743311882019043,,6.330684185028076,78.21707916259766,9.117725372314453,10.20730209350586,71.75569152832031,27.049339294433594,8.901192665100098,1.6746044158935547,12.784608840942383,9.453241348266602
1996-06-28,5.009665489196777,3.6204638481140137,44.67976760864258,18.17979621887207,26.43827247619629,7.244948387145996,5.83042573928833,4.371613025665283,11.729889869689941,,6.210731506347656,78.8876724243164,9.261959075927734,10.139875411987305,72.0213394165039,27.33035659790039,8.944841384887695,1.682483434677124,12.896451950073242,9.325651168823242
1996-07-01,4.89591646194458,3.534468173980713,44.304622650146484,18.05224609375,26.43827247619629,7.212676048278809,6.156928062438965,4.2699480056762695,11.773138999938965,,6.113748073577881,77.56227111816406,9.143485069274902,9.968713760375977,71.42012786865234,27.193645477294922,8.877184867858887,1.6576341390609741,13.130899429321289,9.279254913330078
1996-07-02,4.792719841003418,3.489449977874756,44.06443405151367,18.079574584960938,26.43827247619629,7.080498695373535,5.908163547515869,4.225469589233398,11.725418090820312,,6.009109020233154,76.9486312866211,9.15378475189209,9.748281478881836,72.63656616210938,27.318967819213867,9.152175903320312,1.6706651449203491,13.333075523376465,9.093669891357422
1996-07-03,4.471407890319824,3.450782060623169,44.52324676513672,17.827497482299805,26.43827247619629,7.0697431564331055,5.947033405303955,4.345561981201172,11.849185943603516,,5.857254505157471,74.41172790527344,9.01469898223877,9.40855884552002,71.685791015625,26.85567283630371,9.094341278076172,1.6700586080551147,13.318018913269043,8.966081619262695
1996-07-04,4.454990863800049,3.442701578140259,46.52579879760742,17.857872009277344,26.43827247619629,7.003657817840576,5.835866928100586,4.301717281341553,11.720940589904785,,5.908298492431641,74.75650787353516,9.117725372314453,9.527849197387695,72.951171875,26.289844512939453,9.014678955078125,1.6394511461257935,13.345980644226074,8.815292358398438
1996-07-05,4.388147354125977,3.5390872955322266,46.938724517822266,18.082612991333008,26.43827247619629,7.065131664276123,5.835866928100586,4.263594150543213,11.647871017456055,,5.89681339263916,75.7592544555664,9.143485069274902,9.597869873046875,73.52442169189453,26.22149085998535,9.213285446166992,1.618844747543335,13.72668170928955,8.629709243774414
1996-07-08,4.42215633392334,3.5670175552368164,48.182899475097656,19.10306167602539,26.43827247619629,7.074351787567139,5.8692946434021,4.295364856719971,11.650856971740723,,5.901917934417725,75.34803771972656,9.24651050567627,9.701603889465332,74.26545715332031,26.38478660583496,9.177274703979492,1.628845453262329,13.98908519744873,8.81761360168457
1996-07-09,4.205210208892822,3.506500005722046,47.71870803833008,18.942096710205078,26.43827247619629,7.095867156982422,5.752686500549316,4.283291339874268,11.236299514770508,,5.659460067749023,74.52243041992188,9.043031692504883,9.475985527038574,74.56607818603516,26.137950897216797,9.072516441345215,1.6061170101165771,14.195565223693848,8.727139472961426
1996-07-10,4.133676528930664,3.5943667888641357,46.56897735595703,18.22535514831543,26.43827247619629,7.075888156890869,5.752686500549316,4.264864921569824,11.55690860748291,,5.6645636558532715,74.14600372314453,9.112573623657227,9.514884948730469,74.03475952148438,26.217697143554688,8.905557632446289,1.5921767950057983,13.954669952392578,9.000879287719727
1996-07-11,4.144232749938965,3.6647753715515137,46.59867477416992,18.56854248046875,26.43827247619629,7.071280002593994,5.752686500549316,4.264864921569824,11.562874794006348,,5.781965732574463,75.2025375366211,9.066210746765137,9.603059768676758,74.39826965332031,26.46832847595215,9.158724784851074,1.5882376432418823,13.72668170928955,8.90808391571045
1996-07-12,3.9894399642944336,3.6502270698547363,46.30990219116211,18.422761917114258,26.43827247619629,7.082038879394531,5.752686500549316,4.276301860809326,11.264629364013672,,5.670945644378662,74.01947784423828,9.0816650390625,9.387813568115234,74.58004760742188,26.32781982421875,9.116167068481445,1.6127839088439941,13.464278221130371,9.511238098144531
1996-07-15,4.211073398590088,3.651973247528076,46.4421501159668,18.54120445251465,26.43827247619629,7.072818756103516,5.6749467849731445,4.194335460662842,11.184103012084961,,5.8215250968933105,74.27252960205078,9.112573623657227,9.328165054321289,74.39826965332031,25.518966674804688,9.171818733215332,1.6242990493774414,13.507292747497559,9.975198745727539
1996-07-16,5.085888862609863,3.609495162963867,45.45705032348633,18.46831703186035,26.43827247619629,7.0697431564331055,5.636078357696533,4.130157947540283,11.184103012084961,,5.642871379852295,72.59603881835938,9.151208877563477,7.951113224029541,73.82502746582031,23.707569122314453,9.174005508422852,1.5879344940185547,13.337377548217773,9.975198745727539
1996-07-17,5.176185131072998,3.648482322692871,46.70661926269531,19.49180030822754,26.43827247619629,7.040544033050537,5.636078357696533,4.130157947540283,11.13936710357666,,5.767928123474121,72.627685546875,9.238779067993164,8.755043983459473,76.60746002197266,24.383522033691406,9.222017288208008,1.637633204460144,13.515898704528809,10.021595001220703
1996-07-18,5.425964832305908,3.685723304748535,47.14925003051758,19.58595085144043,26.43827247619629,7.0697431564331055,5.636078357696533,3.970670700073242,11.143842697143555,,5.95168399810791,72.7288818359375,9.282567024230957,8.814687728881836,77.77494812011719,24.372129440307617,9.80146312713623,1.659148931503296,13.49008846282959,9.931127548217773
1996-07-19,5.6945085525512695,3.657792568206787,47.160037994384766,19.330839157104492,26.43827247619629,6.980602264404297,5.636078357696533,4.006252288818359,11.026036262512207,,5.872567176818848,72.2480697631836,9.318625450134277,8.726516723632812,77.8448486328125,24.345548629760742,10.06226634979248,1.6685434579849243,13.505144119262695,10.0679931640625
1996-07-22,5.610073566436768,3.649064302444458,47.42721939086914,19.4644718170166,26.43827247619629,6.932956695556641,5.636078357696533,4.003077983856201,10.976831436157227,,5.7666521072387695,72.01082611083984,9.323773384094238,9.00659465789795,77.86583709716797,24.937946319580078,10.133194923400879,1.6861201524734497,12.995393753051758,10.042475700378418
1996-07-23,5.658154010772705,3.6356794834136963,46.909061431884766,18.68091583251953,26.43827247619629,6.9775285720825195,5.076355934143066,3.990368604660034,11.191561698913574,,5.186032295227051,69.51504516601562,9.066210746765137,8.474963188171387,74.30741119384766,26.32781982421875,10.165931701660156,1.663695216178894,13.113690376281738,10.578353881835938
1996-07-24,5.106997966766357,3.588547706604004,46.23434066772461,17.88216209411621,26.43827247619629,6.916050434112549,5.43395471572876,3.952242851257324,10.938054084777832,,4.914223670959473,67.06987762451172,9.27226448059082,8.583885192871094,73.48249053955078,25.7885799407959,10.031712532043457,1.633694052696228,12.679218292236328,10.132946968078613
1996-07-25,4.877153396606445,3.58156418800354,45.826805114746094,18.11601448059082,26.43827247619629,6.866870403289795,5.43395471572876,3.812453031539917,10.884370803833008,,4.879769325256348,65.32695770263672,9.238779067993164,8.674650192260742,73.01406860351562,25.807573318481445,9.989152908325195,1.6367247104644775,12.479192733764648,10.439165115356445
1996-07-26,4.87949800491333,3.5472333431243896,46.06698226928711,17.566312789916992,26.43827247619629,6.912980079650879,5.43395471572876,3.812453031539917,10.609987258911133,,4.773852825164795,65.0042724609375,9.03015422821045,8.734296798706055,72.93017578125,25.648080825805664,9.9651460647583,1.6258150339126587,12.152260780334473,10.033196449279785
1996-07-29,4.976830959320068,3.4238715171813965,45.640567779541016,16.943714141845703,26.43827247619629,7.020560264587402,5.43395471572876,3.5709986686706543,10.150694847106934,,4.745779991149902,64.09011840820312,9.066210746765137,8.550169944763184,71.50399780273438,25.541749954223633,9.56684684753418,1.6327846050262451,11.334941864013672,10.299975395202637
1996-07-30,4.8454909324646,3.313892364501953,45.24652862548828,16.95282745361328,26.43827247619629,6.991359233856201,5.43395471572876,3.3810105323791504,10.114904403686523,,4.688355922698975,62.52430725097656,8.808649063110352,8.446436882019043,70.22466278076172,26.039222717285156,8.758241653442383,1.618844747543335,10.745612144470215,10.190943717956543
1996-07-31,5.0143561363220215,3.5193030834198,46.053497314453125,17.775861740112305,26.43827247619629,6.9775285720825195,5.43395471572876,3.6078524589538574,10.34902286529541,,4.923157215118408,64.35582733154297,8.860161781311035,8.6668701171875,71.69976806640625,25.986053466796875,8.761513710021973,1.5939960479736328,11.679078102111816,10.253580093383789
1996-08-01,4.922887325286865,3.5483968257904053,46.47452163696289,17.326385498046875,26.43827247619629,7.012876987457275,5.43395471572876,3.7025270462036133,10.690515518188477,,4.861904144287109,64.21348571777344,8.788043975830078,8.467185020446777,69.03617858886719,26.696184158325195,8.609835624694824,1.5879344940185547,11.722095489501953,10.439165115356445
1996-08-02,4.856043815612793,3.5419955253601074,46.45024871826172,17.201860427856445,26.43827247619629,7.103553295135498,5.83042573928833,3.7025270462036133,10.589112281799316,,4.8172407150268555,63.48908615112305,8.911674499511719,8.428282737731934,69.04320526123047,26.711366653442383,8.49306869506836,1.6061170101165771,11.771563529968262,10.12598991394043
1996-08-05,4.780993461608887,3.578073024749756,46.59867477416992,17.02875518798828,26.43827247619629,7.045149326324463,5.83042573928833,3.6218316555023193,10.516044616699219,,4.8032026290893555,63.5492057800293,8.970911979675293,8.345298767089844,69.5115966796875,27.25440216064453,8.56181812286377,1.6061170101165771,11.958685874938965,10.24893856048584
1996-08-06,4.830246925354004,3.562361717224121,46.396270751953125,17.30816078186035,26.43827247619629,7.082038879394531,5.83042573928833,3.3930842876434326,10.706918716430664,,4.772578239440918,63.34675979614258,8.873042106628418,8.213037490844727,70.27360534667969,27.55060577392578,8.596741676330566,1.5879344940185547,11.993101119995117,10.207181930541992
1996-08-07,4.938132286071777,3.553633213043213,47.16273498535156,17.566312789916992,26.43827247619629,7.100479602813721,5.83042573928833,3.5074572563171387,10.58761978149414,,5.008653163909912,63.64410400390625,8.860161781311035,8.482746124267578,69.94501495361328,27.117692947387695,8.762603759765625,1.5879344940185547,12.324331283569336,10.253580093383789
1996-08-08,4.841973781585693,3.484388828277588,46.71202850341797,17.38408660888672,26.43827247619629,7.183474540710449,5.83042573928833,3.475687265396118,10.58761978149414,,4.874664306640625,62.50532531738281,8.860161781311035,8.332331657409668,69.84015655517578,27.056941986083984,8.769155502319336,1.6000564098358154,12.406061172485352,10.346370697021484
1996-08-09,4.880671501159668,3.51173734664917,46.54738998413086,17.481277465820312,26.43827247619629,7.271078586578369,6.211346626281738,3.475687265396118,10.538408279418945,,4.878493309020996,61.372894287109375,8.808649063110352,8.332331657409668,69.93103790283203,26.958200454711914,8.835719108581543,1.6373300552368164,11.883408546447754,10.207181930541992
1996-08-12,4.87949800491333,3.548978805541992,46.19924545288086,17.508607864379883,26.43827247619629,7.369437217712402,5.83042573928833,3.44518780708313,10.1820068359375,,4.814689636230469,61.55318832397461,8.757137298583984,8.236379623413086,69.98695373535156,26.631620407104492,8.914287567138672,1.6121782064437866,11.816731452941895,10.253580093383789
1996-08-13,4.907642841339111,3.5902934074401855,45.484031677246094,17.517719268798828,26.43827247619629,7.546177864074707,6.102512359619141,3.5328726768493652,10.228238105773926,,4.766197204589844,61.44880676269531,8.61805248260498,8.148205757141113,69.04320526123047,26.578458786010742,8.908831596374512,1.5879344940185547,11.122008323669434,10.276777267456055
1996-08-14,4.8408002853393555,3.535595178604126,45.551517486572266,17.080385208129883,26.43827247619629,7.599974155426025,5.993676662445068,3.501103401184082,9.916574478149414,,4.768749713897705,60.97749710083008,8.558816909790039,8.041881561279297,68.53981018066406,26.521493911743164,8.912104606628418,1.623996615409851,11.451087951660156,9.975198745727539
1996-08-15,4.8408002853393555,3.535595178604126,45.551517486572266,17.080385208129883,26.43827247619629,7.599974155426025,5.993676662445068,3.501103401184082,9.916574478149414,,4.768749713897705,60.97749710083008,8.558816909790039,8.041881561279297,68.53981018066406,26.521493911743164,8.912104606628418,1.623996615409851,11.451087951660156,9.975198745727539
1996-08-16,4.8408002853393555,3.490788221359253,45.08729553222656,16.485118865966797,26.43827247619629,7.450892448425293,5.908163547515869,3.495384931564331,9.680959701538086,,4.777681350708008,60.57576370239258,8.314132690429688,7.927775859832764,65.6595458984375,26.46453094482422,8.78115463256836,1.6000564098358154,11.057485580444336,9.838330268859863
1996-08-19,4.6262006759643555,3.303417682647705,44.26416778564453,16.138896942138672,26.43827247619629,7.045149326324463,5.83042573928833,3.443915605545044,9.560174942016602,,4.630931377410889,59.71855163574219,7.837640285491943,7.536182880401611,63.52027130126953,25.77719497680664,8.592371940612793,1.5870251655578613,10.78217601776123,9.60403060913086
1996-08-20,4.676626205444336,3.3232016563415527,44.50705337524414,16.0325984954834,26.43827247619629,7.251098155975342,5.83042573928833,3.443915605545044,9.603418350219727,,4.637311935424805,60.44607162475586,7.804155349731445,7.4402289390563965,64.61786651611328,25.401248931884766,8.639297485351562,1.5758126974105835,10.75851821899414,9.831375122070312
1996-08-21,4.911160469055176,3.3645176887512207,45.46514892578125,16.476011276245117,26.43827247619629,7.346382141113281,5.83042573928833,3.4312081336975098,9.840519905090332,,4.833829879760742,60.48087692260742,8.278070449829102,7.813666820526123,67.17657470703125,25.818967819213867,8.83790111541748,1.5758126974105835,10.88971996307373,9.83601188659668
1996-08-22,4.946341037750244,3.3127286434173584,45.29512023925781,16.205711364746094,26.43827247619629,7.28644323348999,5.83042573928833,3.4566242694854736,9.979205131530762,,4.821067810058594,61.423500061035156,8.1621675491333,7.769581317901611,68.53285217285156,26.09617805480957,9.058333396911621,1.581873893737793,10.984354972839355,9.743219375610352
1996-08-23,5.006147861480713,3.345895767211914,45.62979507446289,16.308971405029297,26.43827247619629,7.186547756195068,5.83042573928833,3.443915605545044,10.04183292388916,,4.850419044494629,63.49858474731445,8.525331497192383,7.865534782409668,69.06415557861328,26.491113662719727,9.156543731689453,1.5758126974105835,11.11340618133545,9.696823120117188
1996-08-26,4.907642841339111,3.277815103530884,45.386878967285156,16.126745223999023,26.43827247619629,6.9775285720825195,5.83042573928833,3.5455832481384277,10.42507553100586,,4.805755615234375,63.0114631652832,8.391399383544922,7.774769306182861,69.2039794921875,26.692378997802734,9.364968299865723,1.5761160850524902,11.130611419677734,9.662027359008789
1996-08-27,4.867773056030273,3.310983419418335,45.28971481323242,16.172304153442383,26.43827247619629,6.5425848960876465,5.83042573928833,3.5455832481384277,10.448936462402344,,4.8108601570129395,63.663089752197266,8.383670806884766,7.7903289794921875,69.9800033569336,26.75693702697754,9.909494400024414,1.5758126974105835,11.180082321166992,10.52963638305664
1996-08-28,5.003800868988037,3.3453140258789062,45.84568786621094,16.39400863647461,26.43827247619629,7.014411926269531,5.83042573928833,3.5900607109069824,10.304289817810059,,4.978027820587158,63.76744079589844,8.61032772064209,7.992607593536377,70.18270111083984,27.20123863220215,9.507918357849121,1.5761160850524902,11.511310577392578,9.975198745727539
1996-08-29,4.95689582824707,3.358116626739502,45.818702697753906,16.40919303894043,26.43827247619629,7.020560264587402,5.83042573928833,3.562103033065796,10.438497543334961,,4.9869608879089355,63.53969955444336,8.60260009765625,7.930367946624756,69.70732116699219,27.341751098632812,9.62686538696289,1.581873893737793,11.453241348266602,10.207181930541992
1996-08-30,4.9615864753723145,3.372664213180542,45.51641845703125,16.55497169494629,26.43827247619629,7.2587809562683105,5.83042573928833,3.551300525665283,10.448936462402344,,4.994617938995361,64.023681640625,9.019851684570312,7.948521137237549,71.20340728759766,27.03415870666504,9.638867378234863,1.5782370567321777,11.442486763000488,10.160786628723145
1996-09-02,4.9885573387146,3.453547477722168,44.636600494384766,16.913347244262695,26.43827247619629,7.570770740509033,5.83042573928833,3.5119056701660156,10.223761558532715,,5.045661449432373,65.09918975830078,9.41650104522705,8.072999954223633,72.41981506347656,27.049339294433594,9.667240142822266,1.5879344940185547,11.78877067565918,10.091190338134766
1996-09-03,4.863080024719238,3.4651858806610107,43.6245231628418,16.80704689025879,26.43827247619629,7.350996017456055,5.83042573928833,3.532238721847534,10.3162202835083,,4.946125507354736,65.56101989746094,9.128028869628906,7.818852424621582,69.62344360351562,26.692378997802734,9.59412670135498,1.5870251655578613,11.664021492004395,10.207181930541992
1996-09-04,4.8689446449279785,3.434927225112915,44.59341049194336,16.828304290771484,26.43827247619629,7.378658294677734,5.402860164642334,3.5074572563171387,10.30130672454834,,4.957611083984375,43.064151763916016,9.231056213378906,7.831821918487549,70.56022644042969,26.905033111572266,9.399888038635254,1.5761160850524902,11.674775123596191,10.253580093383789
1996-09-05,4.941649913787842,3.4744958877563477,45.1062126159668,17.2960147857666,26.43827247619629,7.679891586303711,5.402860164642334,3.5500285625457764,10.319201469421387,,5.004826545715332,43.52281951904297,9.529826164245605,7.909618854522705,71.2942886352539,27.170862197875977,9.58648681640625,1.5773286819458008,11.81027889251709,10.276777267456055
1996-09-06,4.900607109069824,3.4948620796203613,44.957763671875,17.14415740966797,26.43827247619629,7.596895217895508,5.402860164642334,3.5551130771636963,10.296833992004395,,4.961437702178955,44.03842544555664,9.617398262023926,8.254532814025879,70.72102355957031,26.92022132873535,9.519922256469727,1.5849041938781738,11.745752334594727,10.207181930541992
1996-09-09,4.863080024719238,3.447728395462036,44.280357360839844,16.794902801513672,26.43827247619629,7.427837371826172,5.441730976104736,3.4896650314331055,10.029905319213867,,4.827450275421143,43.96883773803711,9.305747985839844,7.873313903808594,67.7358627319336,26.912630081176758,9.391156196594238,1.5788434743881226,11.659722328186035,10.207181930541992
1996-09-10,4.8196916580200195,3.4366726875305176,43.81882095336914,16.67949104309082,26.43827247619629,7.352531909942627,5.822650909423828,3.48649001121521,9.94043254852295,,4.738122940063477,43.12425994873047,9.12030029296875,7.629542827606201,66.01608276367188,26.984786987304688,9.477363586425781,1.5758126974105835,11.511310577392578,10.31853199005127
1996-09-11,4.76809549331665,3.3424057960510254,44.24256896972656,16.369712829589844,26.43827247619629,7.289517879486084,5.519468307495117,3.469331741333008,9.847976684570312,,4.701116561889648,42.709869384765625,8.983792304992676,7.663255214691162,65.10725402832031,26.912630081176758,9.144537925720215,1.5758126974105835,11.317733764648438,10.207181930541992
1996-09-12,4.732913970947266,3.3447325229644775,44.345123291015625,16.45779037475586,26.43827247619629,7.280296802520752,5.519468307495117,3.438833475112915,9.901660919189453,,4.65390157699585,42.792118072509766,9.112573623657227,7.712528705596924,64.28230285644531,26.491113662719727,9.204557418823242,1.5621763467788696,11.311283111572266,10.13990592956543
1996-09-13,4.69187068939209,3.325531005859375,44.261444091796875,16.01741600036621,26.43827247619629,7.194230079650879,5.519468307495117,3.4686970710754395,9.931486129760742,,4.581164836883545,42.627628326416016,9.099696159362793,7.601016044616699,63.79994583129883,26.373388290405273,9.249295234680176,1.5636911392211914,11.302680015563965,10.207181930541992
1996-09-16,4.5241780281066895,3.2661774158477783,44.26955032348633,15.233857154846191,26.43827247619629,7.082038879394531,5.519468307495117,3.4470930099487305,9.938942909240723,,4.405063152313232,42.66242218017578,9.323773384094238,7.520622730255127,62.6883544921875,25.95946502685547,9.228564262390137,1.5376298427581787,11.472599983215332,10.207181930541992
1996-09-17,4.592193126678467,3.365098237991333,44.847103118896484,15.379632949829102,26.43827247619629,7.188083648681641,5.441730976104736,3.443915605545044,9.92999267578125,,4.467591285705566,42.817420959472656,9.576190948486328,7.248323917388916,63.429420471191406,26.092378616333008,9.379154205322266,1.527326226234436,11.552178382873535,10.190943717956543
1996-09-18,4.816174507141113,3.4995172023773193,44.976646423339844,16.430452346801758,26.43827247619629,7.3094964027404785,5.441730976104736,3.4566242694854736,9.94639778137207,,4.684527397155762,43.80435562133789,9.279991149902344,7.58804988861084,67.38630676269531,26.11895751953125,9.242745399475098,1.5152044296264648,11.302680015563965,10.323173522949219
1996-09-19,4.642617225646973,3.4081597328186035,44.830909729003906,15.97793197631836,26.43827247619629,7.160419464111328,5.441730976104736,3.4629788398742676,9.922538757324219,,4.481630325317383,43.46588897705078,9.225902557373047,7.336496829986572,64.54096984863281,25.98225212097168,9.211103439331055,1.5152044296264648,11.259664535522461,10.190943717956543
1996-09-20,4.616819381713867,3.424452066421509,44.790443420410156,16.01741600036621,26.43827247619629,7.082038879394531,5.441730976104736,3.434384346008301,9.903152465820312,,4.4586591720581055,43.956180572509766,9.218174934387207,7.1886796951293945,64.09356689453125,25.8873233795166,9.03541374206543,1.5152044296264648,11.195138931274414,10.137587547302246
1996-09-23,4.55701208114624,3.4180524349212646,44.75263977050781,15.792673110961914,26.43827247619629,7.160419464111328,5.441730976104736,3.462343454360962,9.874820709228516,,4.356571674346924,44.202919006347656,9.251659393310547,7.167932033538818,64.26832580566406,24.706300735473633,8.786613464355469,1.5142958164215088,10.924131393432617,10.253580093383789
1996-09-24,4.592193126678467,3.4995172023773193,44.64200210571289,15.79570484161377,26.43827247619629,6.6916656494140625,5.441730976104736,3.3073034286499023,9.777892112731934,,4.416549205780029,45.10126495361328,9.27484130859375,7.061604976654053,63.85584259033203,24.880985260009766,8.404683113098145,1.4849002361297607,10.711201667785645,10.207181930541992
1996-09-25,4.625027656555176,3.484388828277588,44.787723541259766,16.102453231811523,26.43827247619629,6.556417942047119,5.441730976104736,3.503645420074463,9.695874214172363,,4.416549205780029,44.30730438232422,9.187270164489746,7.064198970794678,64.4151611328125,25.11643409729004,8.550909042358398,1.386109471321106,10.739160537719727,10.116708755493164
1996-09-26,4.552322864532471,3.4558756351470947,44.137306213378906,15.792673110961914,26.43827247619629,6.123013973236084,5.146711349487305,3.5074572563171387,9.786839485168457,,4.356571674346924,43.810665130615234,9.012124061584473,6.854140281677246,64.03063201904297,24.805036544799805,8.438509941101074,1.3064097166061401,10.218655586242676,10.207181930541992
1996-09-27,4.412774085998535,3.461111307144165,44.37211227416992,15.416078567504883,26.43827247619629,5.695753574371338,4.866462230682373,3.5582900047302246,9.609382629394531,,4.301701068878174,43.295066833496094,9.05075740814209,6.664827823638916,62.97500991821289,24.23161506652832,8.238815307617188,1.2803477048873901,9.812148094177246,10.207181930541992
1996-09-30,4.480787754058838,3.525702476501465,44.450382232666016,15.35837459564209,26.43827247619629,5.360709190368652,5.091906547546387,3.5709986686706543,9.455788612365723,,4.3808183670043945,43.3013916015625,9.19241714477539,6.472921848297119,62.61846160888672,24.132892608642578,8.249726295471191,1.2961065769195557,9.401333808898926,10.165422439575195
1996-10-01,4.469063758850098,3.5641071796417236,44.23176193237305,14.98178482055664,26.43827247619629,5.3591718673706055,4.780947685241699,3.6682169437408447,9.43789291381836,,4.351468086242676,42.96925354003906,9.138330459594727,6.2524895668029785,61.2901611328125,24.12908935546875,8.030385971069336,1.3115613460540771,9.405635833740234,10.207181930541992
1996-10-02,4.469063758850098,3.5641071796417236,44.23176193237305,14.98178482055664,26.43827247619629,5.3591718673706055,4.780947685241699,3.6682169437408447,9.43789291381836,,4.351468086242676,42.96925354003906,9.138330459594727,6.2524895668029785,61.2901611328125,24.12908935546875,8.030385971069336,1.3115613460540771,9.405635833740234,10.207181930541992
1996-10-03,4.449127197265625,3.6333529949188232,44.023956298828125,14.556593894958496,26.43827247619629,4.984168529510498,5.053035736083984,3.647247076034546,9.372279167175293,,4.393579483032227,42.336605072021484,8.983792304992676,6.2395243644714355,60.82875442504883,23.973398208618164,8.0565767288208,1.289439082145691,9.044296264648438,10.207181930541992
1996-10-04,4.472580432891846,3.5902934074401855,43.12792205810547,13.991703987121582,26.43827247619629,4.6352925300598145,4.822539329528809,3.4947502613067627,9.194828033447266,,4.352744102478027,40.34377670288086,8.70047378540039,6.1513495445251465,56.57121658325195,23.111370086669922,8.1111421585083,1.2830753326416016,8.702310562133789,10.0679931640625
1996-10-07,4.385801792144775,3.528029203414917,41.57606887817383,13.244587898254395,26.43827247619629,4.311007022857666,4.822539329528809,3.3899059295654297,9.078511238098145,,4.208546161651611,38.32880783081055,8.311553955078125,5.749386310577393,55.25691604614258,22.780990600585938,8.047846794128418,1.248528242111206,8.36247730255127,9.975198745727539
1996-10-08,4.4045634269714355,3.6851422786712646,42.71229934692383,12.688804626464844,26.43827247619629,4.29256534576416,4.822539329528809,3.475687265396118,9.103863716125488,,4.176642894744873,38.170650482177734,8.60775089263916,5.83496618270874,56.25663757324219,23.79490852355957,8.104592323303223,1.2712572813034058,8.41409969329834,10.207181930541992
1996-10-09,4.4620256423950195,3.6153149604797363,41.90532684326172,12.943916320800781,26.43827247619629,4.576888561248779,4.822539329528809,3.4947502613067627,9.178420066833496,,4.234067916870117,36.78831481933594,8.59487247467041,5.956852912902832,55.62044906616211,23.787315368652344,7.99547004699707,1.264892578125,8.814154624938965,10.207181930541992
1996-10-10,4.581638813018799,3.754969596862793,42.72578811645508,13.211182594299316,26.43827247619629,4.898101329803467,5.014165878295898,3.5455832481384277,9.320087432861328,,4.313183784484863,38.07258224487305,8.852437973022461,6.327696800231934,57.4870491027832,24.334156036376953,8.349030494689941,1.2854995727539062,9.255074501037598,10.207181930541992
1996-10-11,4.57577657699585,3.7764999866485596,42.89582061767578,13.171696662902832,26.43827247619629,5.0241289138793945,5.014165878295898,3.594507932662964,9.411049842834473,,4.453554630279541,38.268707275390625,9.194994926452637,6.27583122253418,59.1229362487793,24.554414749145508,8.764788627624512,1.3188345432281494,9.515331268310547,10.207181930541992
1996-10-14,4.44091796875,3.7130722999572754,42.55306625366211,12.71613883972168,26.43827247619629,4.759779930114746,5.014165878295898,3.513810634613037,9.400613784790039,,4.368056774139404,37.43677520751953,9.277414321899414,5.995753288269043,58.75242614746094,24.27719497680664,8.723321914672852,1.2842872142791748,9.093765258789062,10.098151206970215
1996-10-15,4.428018093109131,3.7066712379455566,43.4032096862793,12.740434646606445,26.43827247619629,4.78898286819458,4.664341449737549,3.5582900047302246,9.40657901763916,,4.365505218505859,37.36719512939453,9.429376602172852,6.169505596160889,59.584346771240234,24.546815872192383,8.773520469665527,1.294287919998169,9.05935287475586,10.232701301574707
1996-10-16,4.420982360839844,3.6164777278900146,42.860740661621094,12.71613883972168,26.43827247619629,4.862752914428711,4.664341449737549,3.534144163131714,9.3499116897583,,4.374436855316162,36.18413543701172,9.341808319091797,6.226558685302734,58.75242614746094,24.182252883911133,8.715682983398438,1.301560878753662,9.119575500488281,10.513399124145508
1996-10-17,4.534730911254883,3.544323205947876,42.99027633666992,12.673616409301758,26.43827247619629,4.844310283660889,4.664341449737549,3.4947502613067627,9.431929588317871,,4.389750957489014,36.199954986572266,9.287718772888184,6.2550835609436035,58.570640563964844,24.273391723632812,8.780068397521973,1.2924693822860718,9.061502456665039,10.439165115356445
1996-10-18,4.568739891052246,3.5227928161621094,43.384307861328125,13.068431854248047,26.43827247619629,5.105581760406494,4.664341449737549,3.5328726768493652,9.248506546020508,,4.376989841461182,36.26954650878906,9.316049575805664,6.2550835609436035,58.619590759277344,24.258207321166992,8.785521507263184,1.29095458984375,9.12602710723877,10.439165115356445
1996-10-21,4.568739891052246,3.5227928161621094,43.384307861328125,13.068431854248047,26.43827247619629,5.105581760406494,4.664341449737549,3.5328726768493652,9.248506546020508,,4.376989841461182,36.26954650878906,9.316049575805664,6.2550835609436035,58.619590759277344,24.258207321166992,8.785521507263184,1.29095458984375,9.12602710723877,10.439165115356445
1996-10-22,4.731741428375244,3.574582099914551,44.2398681640625,13.584736824035645,26.43827247619629,5.463681697845459,4.664341449737549,3.6059460639953613,9.506489753723145,,4.401234149932861,37.408302307128906,9.385590553283691,6.57924747467041,60.5630989074707,24.573392868041992,9.051783561706543,1.3079246282577515,9.130329132080078,10.3440523147583
1996-10-23,5.007321357727051,3.7218010425567627,44.55833053588867,14.438146591186523,26.43827247619629,5.846369743347168,4.664341449737549,3.6059460639953613,9.757013320922852,,4.710049152374268,37.38932800292969,9.849205017089844,7.033080101013184,62.02421188354492,25.025293350219727,9.166363716125488,1.3609570264816284,9.588459014892578,10.299975395202637
1996-10-24,4.941649913787842,3.625206470489502,44.35862350463867,13.797327041625977,26.43827247619629,5.445237636566162,4.664341449737549,3.506822109222412,9.573594093322754,,4.786613464355469,37.13943862915039,9.643153190612793,6.680390357971191,59.69620132446289,25.021499633789062,9.128169059753418,1.3294403553009033,9.49812126159668,10.207181930541992
1996-10-25,5.017874240875244,3.6508102416992188,44.06443405151367,14.113184928894043,26.43827247619629,5.5512847900390625,4.664341449737549,3.5455832481384277,9.499032974243164,,4.909119129180908,37.30708312988281,9.851778984069824,6.734846591949463,60.19255828857422,24.520231246948242,9.14890193939209,1.3427740335464478,9.646533966064453,10.392766952514648
1996-10-28,4.9615864753723145,3.689213991165161,43.694679260253906,14.06155014038086,26.43827247619629,5.646572113037109,4.664341449737549,3.565279245376587,9.554210662841797,,4.865732192993164,37.50954055786133,10.060405731201172,6.698540687561035,60.311424255371094,24.721498489379883,9.158724784851074,1.33428955078125,9.732565879821777,10.369569778442383
1996-10-29,4.884188652038574,3.7613699436187744,43.419395446777344,14.113184928894043,26.43827247619629,5.391445159912109,4.353383541107178,3.563373327255249,9.472192764282227,,4.790442943572998,37.768917083740234,9.728150367736816,6.527381420135498,58.249061584472656,23.851879119873047,9.059425354003906,1.280044674873352,9.672340393066406,10.299975395202637
1996-10-30,4.884188652038574,3.7613699436187744,43.419395446777344,14.113184928894043,26.43827247619629,5.391445159912109,4.353383541107178,3.563373327255249,9.472192764282227,,4.790442943572998,37.768917083740234,9.728150367736816,6.527381420135498,58.249061584472656,23.851879119873047,9.059425354003906,1.280044674873352,9.672340393066406,10.299975395202637
1996-10-31,4.737606048583984,3.50417160987854,42.90662384033203,13.940074920654297,26.43827247619629,5.23160982131958,4.625471591949463,3.6656723022460938,9.440874099731445,,4.606686115264893,37.155250549316406,9.491191864013672,6.374375820159912,57.98340606689453,24.110109329223633,8.620745658874512,1.2788327932357788,9.646533966064453,10.543556213378906
1996-11-01,4.614473819732666,3.496607542037964,42.65021896362305,13.90362548828125,26.43827247619629,5.2961602210998535,4.625471591949463,3.6345393657684326,9.649645805358887,,4.578611850738525,36.930667877197266,9.478313446044922,6.288797378540039,57.97642135620117,24.04175567626953,8.55527400970459,1.289439082145691,9.60566520690918,10.369569778442383
1996-11-04,4.425673961639404,3.383720636367798,42.23729705810547,13.363030433654785,26.43827247619629,5.171669960021973,4.93642520904541,3.5328726768493652,9.560174942016602,,4.3923020362854,36.85157775878906,9.452556610107422,6.107264041900635,57.04662322998047,23.53668975830078,8.466880798339844,1.2730748653411865,9.599214553833008,10.295332908630371
1996-11-05,4.342414379119873,3.1975133419036865,42.24810028076172,13.074511528015137,26.43827247619629,5.254661560058594,4.93642520904541,3.4979262351989746,9.485613822937012,,4.231514930725098,36.85791015625,9.321199417114258,5.9309186935424805,55.0052375793457,23.639225006103516,8.522533416748047,1.2173157930374146,9.631475448608398,10.369569778442383
1996-11-06,4.290816783905029,2.974064826965332,41.978206634521484,12.822439193725586,26.43827247619629,5.050255298614502,5.247383117675781,3.482041597366333,9.394649505615234,,4.200889587402344,36.443511962890625,9.200146675109863,5.8868327140808105,55.15903854370117,23.677194595336914,8.402497291564941,1.230346441268921,9.452956199645996,10.3440523147583
1996-11-07,4.350622653961182,2.8885269165039062,42.25889205932617,12.937843322753906,26.43827247619629,5.193186283111572,5.091906547546387,3.482041597366333,9.42447280883789,,4.291491985321045,36.800968170166016,9.282567024230957,5.977598190307617,56.06088638305664,24.182252883911133,8.434144973754883,1.2182246446609497,9.511030197143555,10.299975395202637
1996-11-08,4.3893208503723145,2.9857044219970703,42.490997314453125,13.186881065368652,26.43827247619629,5.176280975341797,5.053035736083984,3.4947502613067627,9.588505744934082,,4.310633182525635,36.981266021728516,9.444831848144531,6.068365097045898,56.57121658325195,24.432889938354492,8.402497291564941,1.2242857217788696,9.50672435760498,10.362611770629883
1996-11-11,4.302542209625244,3.009561538696289,43.001060485839844,13.323548316955566,26.43827247619629,5.130174160003662,4.74207878112793,3.5455832481384277,9.618332862854004,,4.267245769500732,37.395660400390625,9.388169288635254,5.993160247802734,58.75941467285156,25.05946922302246,8.334844589233398,1.2427711486816406,9.478765487670898,10.448444366455078
1996-11-12,4.302542209625244,3.009561538696289,43.001060485839844,13.323548316955566,26.43827247619629,7.695261001586914,28.452482223510742,3.5455832481384277,9.618332862854004,,44.78935241699219,37.395660400390625,14.082253456115723,5.993160247802734,58.75941467285156,50.11893844604492,8.334844589233398,1.2427711486816406,9.478765487670898,10.448444366455078
1996-11-13,4.378767013549805,3.130013942718506,43.14680862426758,13.624215126037598,26.43827247619629,5.144006252288818,4.74207878112793,3.595778703689575,9.630258560180664,,4.323394298553467,37.13626480102539,9.514371871948242,6.1513495445251465,58.52871322631836,24.70250701904297,8.36430549621582,1.29095458984375,9.54974365234375,10.323173522949219
1996-11-14,4.321305751800537,3.056112766265869,43.70280075073242,13.3873291015625,26.43827247619629,5.174742698669434,4.74207878112793,3.5837066173553467,9.822628021240234,,4.260865688323975,37.19321060180664,9.591641426086426,6.057991981506348,56.83687973022461,24.37972640991211,8.413413047790527,1.2848936319351196,9.609965324401855,10.743059158325195
1996-11-15,4.3764214515686035,3.085789203643799,43.49496841430664,13.51792049407959,26.43827247619629,5.171669960021973,4.74207878112793,3.6218316555023193,9.782365798950195,,4.2723493576049805,36.8167839050293,9.594215393066406,6.169505596160889,57.29829025268555,24.303775787353516,8.467973709106445,1.254589319229126,9.625021934509277,10.719861030578613
1996-11-18,4.496033668518066,3.295854091644287,43.72708511352539,13.882363319396973,26.43827247619629,5.208556652069092,4.74207878112793,3.6218316555023193,9.852449417114258,,4.347639083862305,35.864654541015625,9.6122465133667,6.270644187927246,57.03963088989258,24.524023056030273,8.415595054626465,1.249135136604309,9.58200454711914,10.763938903808594
1996-11-19,4.439745903015137,3.3266940116882324,43.98344802856445,13.706214904785156,26.43827247619629,5.205483913421631,4.74207878112793,3.6326329708099365,9.858416557312012,,4.273626327514648,35.28578567504883,9.676633834838867,6.174692630767822,56.17274856567383,24.44808006286621,8.571640968322754,1.2500439882278442,9.500274658203125,10.624751091003418
1996-11-20,4.288469314575195,3.1625993251800537,43.775657653808594,13.299253463745117,26.43827247619629,5.210093975067139,4.74207878112793,3.6218316555023193,9.843503952026367,,4.101353168487549,34.362117767333984,9.743602752685547,5.959445476531982,54.20825958251953,24.588581085205078,8.51162338256836,1.2424676418304443,9.35401725769043,10.624751091003418
1996-11-21,4.213420867919922,3.1975133419036865,43.82424545288086,13.277993202209473,26.43827247619629,5.207019805908203,4.74207878112793,3.710787057876587,9.991134643554688,,4.027340888977051,35.99434280395508,9.632848739624023,5.941292762756348,52.81006622314453,24.132892608642578,8.53890323638916,1.230346441268921,9.313150405883789,10.207181930541992
1996-11-22,4.171203136444092,3.189948558807373,43.51926040649414,13.135254859924316,26.43827247619629,5.207019805908203,4.74207878112793,3.619288921356201,9.773418426513672,,3.9750211238861084,36.0576057434082,9.604520797729492,5.648247718811035,49.15376663208008,22.63668441772461,8.5607271194458,1.2048912048339844,9.21851634979248,10.299975395202637
1996-11-25,4.3705573081970215,3.1882030963897705,43.03077697753906,13.366072654724121,26.43827247619629,5.11787748336792,4.74207878112793,3.6593215465545654,9.931486129760742,,4.068176746368408,36.81361389160156,9.71012020111084,5.759759902954102,49.251644134521484,21.755678176879883,8.585827827453613,1.2000423669815063,8.812002182006836,10.31621265411377
1996-11-26,4.442091464996338,3.330185651779175,43.06854248046875,13.417699813842773,26.43827247619629,4.934986591339111,4.74207878112793,3.6466128826141357,9.824117660522461,,4.0426554679870605,37.582275390625,9.704968452453613,5.718266487121582,48.02821350097656,22.245546340942383,8.613104820251465,1.254589319229126,8.568960189819336,10.385807991027832
1996-11-27,4.259154319763184,3.1724917888641357,41.9188232421875,13.302295684814453,26.43827247619629,4.650661945343018,4.431123733520508,3.6466128826141357,9.771925926208496,,3.920149803161621,35.89944839477539,9.6895170211792,5.6508402824401855,44.784385681152344,21.19365119934082,9.044143676757812,1.2418617010116577,8.149544715881348,10.434521675109863
1996-11-28,4.236873149871826,3.1980950832366943,42.20491027832031,13.126139640808105,26.43827247619629,4.5968708992004395,4.431123733520508,3.5074572563171387,9.734644889831543,,3.922701835632324,36.377105712890625,9.838899612426758,5.55748176574707,44.357940673828125,21.25820541381836,9.495915412902832,1.2603474855422974,8.076416015625,10.323173522949219
1996-11-29,4.252117156982422,3.201004981994629,42.99839401245117,13.332663536071777,26.43827247619629,4.570743083953857,4.431123733520508,3.482041597366333,9.697365760803223,,3.9303574562072754,37.01606750488281,9.998589515686035,5.497834205627441,44.455810546875,21.67593002319336,9.852747917175293,1.3024698495864868,7.99898624420166,10.41596508026123
1996-12-02,4.241562843322754,3.239410400390625,42.833744049072266,13.22332763671875,26.43827247619629,4.527709484100342,4.431123733520508,3.5582900047302246,9.765961647033691,,3.89717960357666,36.92749786376953,9.996011734008789,5.448562145233154,41.5056037902832,21.1784610748291,9.895305633544922,1.2770143747329712,7.598929405212402,10.397405624389648
1996-12-03,4.275571823120117,3.1608543395996094,42.52337646484375,12.907472610473633,26.43827247619629,4.472379684448242,4.656565189361572,3.4960196018218994,9.543769836425781,,3.8525164127349854,37.1457633972168,10.101617813110352,5.425222873687744,40.904380798339844,20.82529640197754,9.897490501403809,1.2830753326416016,7.293508529663086,10.41596508026123
1996-12-04,4.21576452255249,3.056112766265869,41.1955451965332,12.606804847717285,26.43827247619629,4.280269145965576,4.656565189361572,3.3041257858276367,9.339476585388184,,3.778503656387329,35.82669448852539,9.833751678466797,5.285182952880859,41.3797607421875,20.605043411254883,9.787274360656738,1.2364064455032349,6.93001651763916,10.346370697021484
1996-12-05,4.288469314575195,3.1195387840270996,41.419532775878906,12.743474960327148,26.43827247619629,4.320227146148682,4.656565189361572,3.3676676750183105,9.334999084472656,,3.844860315322876,36.440364837646484,10.021773338317871,5.269621849060059,43.12053298950195,21.960737228393555,9.928046226501465,1.2667112350463867,6.684820652008057,10.671143531799316
1996-12-06,4.295505523681641,3.170745849609375,42.01870346069336,12.728288650512695,26.43827247619629,4.294099807739258,4.656565189361572,3.3930842876434326,9.308159828186035,,3.8831427097320557,36.47831726074219,10.093889236450195,5.342235088348389,43.55397415161133,22.640487670898438,10.103732109069824,1.2945903539657593,6.876245498657227,10.72218132019043
1996-12-09,4.288469314575195,3.205659866333008,42.639427185058594,12.649324417114258,26.43827247619629,4.406294822692871,4.656565189361572,3.397531747817993,9.367809295654297,,3.8793141841888428,36.674434661865234,10.629624366760254,5.362982749938965,42.59620666503906,22.932889938354492,10.608973503112793,1.28640878200531,6.867642879486084,11.158305168151855
1996-12-10,4.214592456817627,3.1870388984680176,42.015987396240234,12.397250175476074,26.43827247619629,4.415515422821045,4.656565189361572,3.475687265396118,9.49455738067627,,3.802748441696167,36.7123908996582,11.330190658569336,5.313709735870361,42.76398849487305,23.343019485473633,10.818490028381348,1.254589319229126,6.738590717315674,10.89616584777832
1996-12-11,4.508934020996094,3.3220391273498535,42.909324645996094,13.089695930480957,26.43827247619629,4.618383407592773,4.656565189361572,3.4470930099487305,9.669031143188477,,4.060519218444824,37.13943862915039,11.680476188659668,5.687147617340088,45.665260314941406,23.85947036743164,10.919975280761719,1.2518624067306519,7.067671298980713,10.903124809265137
1996-12-12,4.410428524017334,3.2859621047973633,42.188724517822266,12.700953483581543,26.43827247619629,4.595332622528076,4.656565189361572,3.4318442344665527,9.542279243469238,,3.935462474822998,37.009735107421875,11.240044593811035,5.733826637268066,44.469791412353516,23.559473037719727,11.023638725280762,1.26186203956604,6.985938549041748,10.450761795043945
1996-12-13,4.4116010665893555,3.2516300678253174,42.32636642456055,12.667549133300781,26.43827247619629,4.652198791503906,4.656565189361572,3.4629788398742676,9.543769836425781,,3.9303574562072754,37.073001861572266,11.353373527526855,5.702707290649414,43.98041915893555,23.5177001953125,11.116395950317383,1.2606502771377563,7.011748313903809,10.221100807189941
1996-12-16,4.568739891052246,3.306328296661377,42.39921569824219,13.26584243774414,26.43827247619629,4.705990314483643,4.858687877655029,3.482041597366333,9.731663703918457,,4.070727825164795,38.02197265625,11.56714916229248,5.9361066818237305,47.042484283447266,24.250608444213867,11.562714576721191,1.254589319229126,7.181663990020752,10.578353881835938
1996-12-17,4.507761001586914,3.291781187057495,43.16840744018555,13.126139640808105,26.43827247619629,4.730581760406494,4.858687877655029,3.4674270153045654,9.865870475769043,,4.018408298492432,39.10063171386719,11.538817405700684,5.998344421386719,48.580509185791016,24.539213180541992,11.024733543395996,1.2445886135101318,7.048312187194824,10.497159957885742
1996-12-18,4.57460355758667,3.3127286434173584,43.28716278076172,13.347844123840332,26.43827247619629,4.778223991394043,4.858687877655029,3.625643491744995,9.853940963745117,,4.0936970710754395,40.17296600341797,11.688202857971191,5.987972259521484,47.825477600097656,24.97212791442871,11.100028038024902,1.28792405128479,7.196720123291016,10.578353881835938
1996-12-19,4.576948165893555,3.318547487258911,43.39242935180664,13.308363914489746,26.43827247619629,4.841235637664795,4.858687877655029,3.65677809715271,9.901660919189453,,4.069451808929443,39.54349136352539,11.675325393676758,5.9801926612854,47.308143615722656,25.017698287963867,11.090206146240234,1.3030765056610107,7.10423469543457,10.531956672668457
1996-12-20,4.784512519836426,3.444819211959839,44.06174087524414,13.700143814086914,26.43827247619629,4.864288806915283,4.858687877655029,3.666308879852295,9.935955047607422,,4.191955089569092,41.24846267700195,11.613508224487305,6.249897003173828,48.01424026489258,25.61769676208496,10.731191635131836,1.354593276977539,7.039709568023682,10.59459114074707
1996-12-23,4.712979316711426,3.5286121368408203,43.6245231628418,13.660662651062012,26.43827247619629,4.927303791046143,4.858687877655029,3.7489116191864014,9.935955047607422,,4.139636516571045,41.38132858276367,11.327614784240723,6.338069438934326,47.440975189208984,25.450611114501953,10.62752628326416,1.3739874362945557,6.988088607788086,10.578353881835938
1996-12-24,4.703597545623779,3.6100778579711914,43.50844955444336,13.639402389526367,26.43827247619629,4.964189052581787,4.858687877655029,3.7489116191864014,9.828594207763672,,4.130703926086426,42.317630767822266,10.609016418457031,6.32510232925415,47.0914192199707,25.086050033569336,10.878508567810059,1.4006553888320923,7.024653911590576,10.578353881835938
1996-12-25,4.703597545623779,3.6100778579711914,43.50844955444336,13.639402389526367,26.43827247619629,4.964189052581787,4.858687877655029,3.7489116191864014,9.828594207763672,,4.130703926086426,42.317630767822266,10.609016418457031,6.32510232925415,47.0914192199707,25.086050033569336,10.878508567810059,1.4006553888320923,7.024653911590576,10.578353881835938
1996-12-26,4.919369220733643,3.8614561557769775,43.694679260253906,14.331850051879883,26.43827247619629,4.990316390991211,4.858687877655029,3.698079824447632,9.901660919189453,,4.280006408691406,42.26069259643555,11.178224563598633,6.62333345413208,48.748287200927734,25.484785079956055,10.959259986877441,1.4412630796432495,6.6912736892700195,10.810332298278809
1996-12-27,4.919369220733643,3.8614561557769775,43.694679260253906,14.331850051879883,26.43827247619629,4.990316390991211,4.858687877655029,3.698079824447632,9.901660919189453,,4.280006408691406,42.26069259643555,11.178224563598633,6.62333345413208,48.748287200927734,25.484785079956055,10.959259986877441,1.4412630796432495,6.6912736892700195,10.810332298278809
1996-12-30,4.919369220733643,3.8614561557769775,43.694679260253906,14.331850051879883,26.43827247619629,4.990316390991211,4.858687877655029,3.698079824447632,9.901660919189453,,4.280006408691406,42.26069259643555,11.178224563598633,6.62333345413208,48.748287200927734,25.484785079956055,10.959259986877441,1.4412630796432495,6.6912736892700195,10.810332298278809
1996-12-31,4.846663951873779,3.8765852451324463,42.73387908935547,14.195181846618652,26.43827247619629,4.8074235916137695,4.586600303649902,3.653601884841919,9.959816932678223,,4.2723493576049805,41.647029876708984,10.910360336303711,6.423649787902832,47.16831970214844,24.383522033691406,10.722463607788086,1.4255043268203735,6.766552448272705,10.578353881835938
1997-01-01,5.145695209503174,4.0086750984191895,44.00775909423828,15.051631927490234,26.43827247619629,5.071770668029785,4.431123733520508,3.653601884841919,10.052274703979492,,4.572231292724609,42.709869384765625,11.162773132324219,6.872292518615723,50.39117431640625,25.27591896057129,10.85995864868164,1.4424749612808228,7.097782611846924,10.9495210647583
1997-01-02,5.023737907409668,3.948157787322998,43.71357727050781,14.641630172729492,26.43827247619629,5.1163434982299805,4.353383541107178,3.6351749897003174,9.901660919189453,,4.595200538635254,42.94395446777344,11.075204849243164,6.672606945037842,49.88084411621094,25.01390838623047,10.520583152770996,1.4130803346633911,7.31716775894165,10.903124809265137
1997-01-03,5.082371234893799,3.9353573322296143,43.70548629760742,14.820816993713379,26.43827247619629,5.160911560058594,4.353383541107178,3.6345393657684326,10.035867691040039,,4.638587474822998,43.02619552612305,11.618659019470215,6.734846591949463,50.132511138916016,25.708837509155273,10.390728950500488,1.412170648574829,7.334375381469727,10.903124809265137
1997-01-06,5.049535274505615,3.7893013954162598,43.4517936706543,14.66592788696289,26.43827247619629,5.197797775268555,4.353383541107178,3.717141628265381,10.026924133300781,,4.625827312469482,43.086299896240234,11.827287673950195,6.693353652954102,49.426422119140625,26.324024200439453,10.278328895568848,1.4242926836013794,7.293508529663086,10.78713321685791
1997-01-07,5.084716796875,3.7328567504882812,43.951087951660156,14.930150032043457,26.43827247619629,5.202409267425537,4.197906494140625,3.6815595626831055,9.98367691040039,,4.789166450500488,43.61456298828125,11.698508262634277,6.654455184936523,48.09113693237305,26.832883834838867,10.339437484741211,1.3558050394058228,7.0805745124816895,10.849771499633789
1997-01-08,5.1679768562316895,3.7613699436187744,45.18986129760742,15.282449722290039,26.43827247619629,5.309991836547852,4.197906494140625,3.8804426193237305,10.089553833007812,,4.790442943572998,44.920963287353516,11.855621337890625,6.79449462890625,48.88811492919922,26.680988311767578,10.586058616638184,1.3642901182174683,7.435466766357422,11.063196182250977
1997-01-09,5.156249523162842,3.8015198707580566,46.85237503051758,15.355334281921387,26.43827247619629,5.6742377281188965,4.197906494140625,3.863285779953003,10.16858959197998,,4.775129795074463,45.550453186035156,11.886526107788086,6.768561363220215,48.73430633544922,26.60503387451172,11.014911651611328,1.364593744277954,7.5494585037231445,10.982000350952148
1997-01-10,5.2207465171813965,4.024968147277832,48.374534606933594,15.485931396484375,26.43827247619629,6.070757865905762,4.197906494140625,3.9141182899475098,10.71735954284668,,4.796823978424072,47.20798110961914,12.118332862854004,6.9449052810668945,49.99269485473633,27.174650192260742,11.565985679626465,1.384897232055664,7.928006649017334,11.262696266174316
1997-01-13,5.212536811828613,4.1826629638671875,47.610740661621094,15.349264144897461,26.43827247619629,5.938584327697754,4.201793193817139,3.9541501998901367,10.781479835510254,,4.805755615234375,48.40052032470703,11.791230201721191,6.93453311920166,49.356502532958984,27.113906860351562,11.754770278930664,1.3879270553588867,8.134488105773926,11.61530876159668
1997-01-14,5.420101642608643,4.456736087799072,47.37864685058594,15.816972732543945,26.43827247619629,5.5251593589782715,4.431123733520508,4.003077983856201,10.490690231323242,,4.852972030639648,49.29572296142578,11.47957706451416,7.173116683959961,48.447669982910156,27.702505111694336,11.87153148651123,1.371260166168213,8.136637687683105,11.691862106323242
1997-01-15,5.800047874450684,4.769212245941162,48.48517608642578,16.925493240356445,26.43827247619629,5.91091775894165,4.431123733520508,4.221657752990723,11.033492088317871,,5.193686008453369,51.51628494262695,12.241964340209961,7.67622184753418,51.83131790161133,27.736682891845703,12.216360092163086,1.4667179584503174,8.5431489944458,11.886725425720215
1997-01-16,5.655808925628662,4.550419330596924,47.35976028442383,16.904237747192383,26.43827247619629,5.6035380363464355,4.703209400177002,4.464383125305176,10.7307767868042,,4.985682964324951,49.86825180053711,11.713957786560059,7.352057456970215,49.433414459228516,26.620227813720703,11.69693374633789,1.4303532838821411,8.347421646118164,11.640826225280762
1997-01-17,5.714444160461426,4.598716735839844,47.586456298828125,17.119863510131836,26.43827247619629,5.437555313110352,4.975296497344971,4.483444690704346,10.417621612548828,,4.956335067749023,49.346317291259766,11.56199836730957,7.214609622955322,48.31485366821289,26.282255172729492,11.626004219055176,1.410352110862732,8.138790130615234,11.65938663482666
1997-01-20,5.510396957397461,4.611517906188965,46.892845153808594,16.54586410522461,26.43827247619629,5.4652180671691895,4.664341449737549,4.4548516273498535,10.498147010803223,,4.784063339233398,47.76786804199219,11.116413116455078,6.872292518615723,46.804786682128906,25.944284439086914,11.539795875549316,1.4182318449020386,7.8398237228393555,11.661704063415527
1997-01-21,5.4025115966796875,4.532962799072266,47.08986282348633,16.299861907958984,26.43827247619629,5.200869560241699,4.8820085525512695,4.466926097869873,10.405694007873535,,4.660282135009766,47.98929214477539,11.613508224487305,6.7581868171691895,46.82575607299805,26.567058563232422,11.100028038024902,1.3633816242218018,7.555911064147949,11.647784233093262
1997-01-22,5.771902084350586,4.710441589355469,47.55677795410156,16.974082946777344,26.43827247619629,5.388373851776123,4.9115495681762695,4.550164222717285,10.802355766296387,,4.89125394821167,48.966732025146484,11.793806076049805,6.9889936447143555,46.678955078125,26.392375946044922,11.3062744140625,1.386715054512024,7.768846035003662,11.67794418334961
1997-01-23,5.771902084350586,4.710441589355469,47.55677795410156,16.974082946777344,26.43827247619629,5.388373851776123,4.9115495681762695,4.550164222717285,10.802355766296387,,4.89125394821167,48.966732025146484,11.793806076049805,6.9889936447143555,46.678955078125,26.392375946044922,11.3062744140625,1.386715054512024,7.768846035003662,11.67794418334961
1997-01-24,6.076798915863037,4.546928882598877,47.73759841918945,16.731121063232422,26.43827247619629,5.285399436950684,4.912326335906982,4.7020263671875,11.064807891845703,,4.888702869415283,49.40959548950195,11.680476188659668,6.981215953826904,46.82575607299805,26.122758865356445,11.232069969177246,1.3939882516860962,7.594627380371094,11.645466804504395
1997-01-27,6.292571067810059,4.627229690551758,48.188297271728516,17.666536331176758,26.43827247619629,5.294620513916016,4.923600196838379,4.790982723236084,11.340683937072754,,5.226865768432617,49.542449951171875,11.894255638122559,7.100505352020264,49.46836471557617,27.227819442749023,11.358650207519531,1.4106558561325073,7.72367525100708,11.65938663482666
1997-01-28,6.455572128295898,4.644103527069092,47.853660583496094,18.84491539001465,26.43827247619629,5.202409267425537,4.8820085525512695,4.797337055206299,11.573314666748047,,5.346818447113037,50.50405502319336,11.847891807556152,7.569894790649414,49.34951400756836,27.748077392578125,11.368474006652832,1.3818671703338623,7.743034839630127,11.668662071228027
1997-01-29,6.432119369506836,4.79714298248291,47.96969223022461,18.161577224731445,26.43827247619629,5.305380344390869,4.9321513175964355,4.691860675811768,11.46594524383545,,5.194964408874512,48.998374938964844,11.894255638122559,7.5465569496154785,48.49661636352539,28.207563400268555,11.639098167419434,1.4545966386795044,7.743034839630127,11.701141357421875
1997-01-30,6.425085067749023,4.689493179321289,48.26116180419922,17.62401580810547,26.43827247619629,5.3192138671875,4.916991710662842,4.638484001159668,11.30489444732666,,5.021413803100586,47.32185363769531,11.737139701843262,7.3209381103515625,46.7838249206543,27.35313606262207,11.940276145935059,1.5036892890930176,7.618285655975342,11.703458786010742
1997-01-31,6.280844688415527,4.516669750213623,47.94270706176758,16.6126766204834,26.43827247619629,5.363783836364746,4.780947685241699,4.511402606964111,11.154280662536621,,4.696010589599609,46.787261962890625,11.61093521118164,6.929346561431885,44.87527084350586,27.561994552612305,11.765682220458984,1.5185377597808838,7.360185146331787,11.645466804504395
1997-02-03,5.934906005859375,4.368868827819824,47.89952850341797,15.574003219604492,26.43827247619629,5.365320682525635,4.780947685241699,4.445955753326416,10.955949783325195,,4.542881965637207,46.1830940246582,11.49502944946289,6.693353652954102,43.029640197753906,26.94680404663086,11.556163787841797,1.5061136484146118,7.164458751678467,11.691862106323242
1997-02-04,6.1870317459106445,4.459063529968262,47.95621109008789,16.01437759399414,26.43827247619629,5.422184944152832,4.975296497344971,4.388771057128906,10.900774955749512,,4.688355922698975,45.81299591064453,11.330190658569336,6.7530012130737305,43.00168228149414,27.03415870666504,11.335737228393555,1.5573276281356812,7.170910358428955,11.761454582214355
1997-02-05,6.169440746307373,4.452662467956543,47.98319625854492,16.029563903808594,26.43827247619629,5.346877098083496,4.858687877655029,4.485987663269043,11.251212120056152,,4.683250904083252,45.31637191772461,11.43579387664795,6.900819301605225,43.74272918701172,26.715166091918945,11.47323226928711,1.5576303005218506,7.276301383972168,11.865846633911133
1997-02-06,6.269118785858154,4.449751853942871,47.52977752685547,16.160160064697266,26.43827247619629,5.382226467132568,4.843141078948975,4.472009181976318,11.2899808883667,,4.758542060852051,44.69953918457031,11.240044593811035,6.978620529174805,44.39988327026367,26.94680404663086,11.349923133850098,1.5376298427581787,7.282753944396973,11.854249000549316
1997-02-07,6.418047904968262,4.635958671569824,48.11004638671875,16.445642471313477,26.43827247619629,5.379151821136475,4.843141078948975,4.463748455047607,11.228837966918945,,4.795548915863037,44.99055862426758,11.45382022857666,7.118658542633057,44.70749282836914,26.82908821105957,11.474322319030762,1.5212657451629639,7.312867164611816,11.877447128295898
1997-02-10,6.394594192504883,4.67319917678833,48.026371002197266,16.448678970336914,26.43827247619629,5.419111251831055,4.8820085525512695,4.4288010597229,11.213929176330566,,4.970373153686523,45.44922637939453,11.41518497467041,7.134219169616699,44.56767272949219,26.64300537109375,11.544159889221191,1.5336899757385254,7.2870564460754395,11.831053733825684
1997-02-11,6.447363376617432,4.730225563049316,48.70649719238281,17.02875518798828,26.43827247619629,5.454460144042969,4.74207878112793,4.5431742668151855,11.231822967529297,,4.997169017791748,46.043914794921875,11.659872055053711,7.227576732635498,46.36435317993164,27.47846031188965,11.565985679626465,1.579145908355713,7.280602931976318,11.812494277954102
1997-02-12,6.422737121582031,4.8995561599731445,49.31373977661133,17.0166072845459,26.43827247619629,5.446777820587158,4.8820085525512695,4.784631252288818,11.219895362854004,,5.008653163909912,46.78410720825195,11.703655242919922,7.28722620010376,46.5740852355957,27.72149658203125,11.695844650268555,1.6021772623062134,7.349429607391357,11.831053733825684
1997-02-13,6.399284839630127,4.901885032653809,49.16530990600586,16.943714141845703,26.43827247619629,5.3899126052856445,4.874235153198242,4.855159282684326,11.327262878417969,,4.963991165161133,47.14155578613281,11.590330123901367,7.097911357879639,46.692928314208984,28.8569393157959,12.167255401611328,1.5788434743881226,7.379543304443359,11.92384147644043
1997-02-14,6.426255702972412,4.912358283996582,49.10319900512695,17.332456588745117,26.43827247619629,5.379151821136475,4.8820085525512695,4.899639129638672,11.376473426818848,,5.015035152435303,47.533790588378906,11.65214729309082,7.01233434677124,47.867435455322266,28.864534378051758,12.103962898254395,1.593389630317688,7.734431266784668,11.970240592956543
1997-02-17,6.4532270431518555,4.915851593017578,49.11670684814453,17.763723373413086,26.43827247619629,5.339191436767578,4.74207878112793,4.886293888092041,11.604628562927246,,5.053317070007324,47.44838333129883,11.554272651672363,7.191273212432861,48.48262023925781,28.872127532958984,12.22618293762207,1.5758126974105835,7.940912246704102,12.295012474060059
1997-02-18,6.291398048400879,4.765720844268799,48.390724182128906,17.247417449951172,26.43827247619629,5.369930267333984,4.75801420211792,4.837369441986084,11.671734809875488,,4.942297458648682,46.84104537963867,11.54911994934082,7.025301456451416,47.65071105957031,28.3328857421875,12.519725799560547,1.580965280532837,7.7559428215026855,12.063028335571289
1997-02-19,6.399284839630127,4.874535083770752,48.5931396484375,17.60275650024414,26.43827247619629,5.641963005065918,4.75801420211792,4.84562873840332,11.482349395751953,,4.960163593292236,46.98655700683594,11.713957786560059,7.103100299835205,48.2868766784668,28.249338150024414,12.583015441894531,1.5339932441711426,8.05705738067627,12.067673683166504
1997-02-20,6.3359599113464355,4.84544038772583,47.89683151245117,17.499496459960938,26.43827247619629,5.5251593589782715,4.586600303649902,4.832284450531006,11.494280815124512,,4.897635459899902,47.03400421142578,11.59290599822998,7.04345178604126,47.9443244934082,27.972122192382812,12.334214210510254,1.5170233249664307,7.97532844543457,11.993440628051758
1997-02-21,6.245663166046143,4.786087989807129,46.590579986572266,17.29905128479004,26.43827247619629,5.537453651428223,4.819818019866943,4.797973155975342,11.391385078430176,,4.819793701171875,46.379207611083984,11.688202857971191,6.900819301605225,48.042205810546875,27.65693473815918,12.280745506286621,1.5015685558319092,7.775297164916992,11.877447128295898
1997-02-24,6.0111284255981445,4.594643592834473,45.829498291015625,16.64912223815918,26.43827247619629,5.565116882324219,4.676001071929932,4.562236309051514,11.194546699523926,,4.65390157699585,46.49940490722656,11.793806076049805,6.548129081726074,47.0145263671875,26.620227813720703,11.795145988464355,1.4545966386795044,7.484934329986572,11.645466804504395
1997-02-25,6.133088111877441,4.516088008880615,47.022403717041016,16.61874771118164,26.43827247619629,5.4575324058532715,4.4699931144714355,4.499965667724609,11.2034912109375,,4.618170738220215,46.25901412963867,11.93031120300293,6.496261119842529,47.36405944824219,26.53668212890625,11.795145988464355,1.4364144802093506,7.3644866943359375,11.745219230651855
1997-02-26,6.18820333480835,4.503286361694336,46.58248519897461,16.636974334716797,26.43827247619629,5.5266947746276855,4.4699931144714355,4.581298828125,11.310861587524414,,4.655177593231201,46.49309158325195,11.927735328674316,6.791901111602783,47.16133117675781,26.586042404174805,11.80278491973877,1.435807466506958,7.508594036102295,11.599069595336914
1997-02-27,6.325405597686768,4.592316150665283,48.582332611083984,17.10468101501465,26.43827247619629,5.548211574554443,4.4699931144714355,4.638484001159668,11.358577728271484,,4.850419044494629,46.80941390991211,12.087427139282227,7.269070148468018,48.86713790893555,27.239213943481445,11.918455123901367,1.4424749612808228,7.648397922515869,11.724340438842773
1997-02-28,6.889462471008301,4.9606547355651855,50.954647064208984,18.81757926940918,26.43827247619629,5.99852180480957,4.4699931144714355,4.832284450531006,11.521120071411133,,5.180926322937012,51.446712493896484,13.09964656829834,7.728088855743408,50.86656951904297,28.272119522094727,12.029760360717773,1.472778558731079,7.857028961181641,12.230056762695312
1997-03-03,7.158005237579346,5.052595615386963,54.787044525146484,19.646690368652344,26.43827247619629,6.8699445724487305,4.4699931144714355,5.075011253356934,12.083307266235352,,5.289393424987793,55.79613494873047,14.938644409179688,7.505063056945801,54.480918884277344,28.029085159301758,13.017326354980469,1.5758126974105835,8.663597106933594,13.246136665344238
1997-03-04,7.2213287353515625,5.273715496063232,55.48336410522461,19.868398666381836,26.43827247619629,6.871480941772461,4.4699931144714355,4.996855735778809,12.308481216430664,,5.328953266143799,57.08988952636719,14.866528511047363,7.463568687438965,54.3830451965332,27.398714065551758,13.175553321838379,1.5939960479736328,9.095914840698242,13.130149841308594
1997-03-05,7.128688812255859,5.294082164764404,56.29030990600586,19.892698287963867,26.43827247619629,7.352531909942627,4.4699931144714355,4.9587321281433105,12.29207706451416,,5.37106466293335,59.936805725097656,15.847846031188965,7.559524059295654,56.17274856567383,28.462005615234375,13.30759334564209,1.5970261096954346,9.54974365234375,13.118549346923828
1997-03-06,7.052464008331299,5.238802909851074,55.642601013183594,19.652767181396484,26.43827247619629,7.587677001953125,4.4699931144714355,4.905356407165527,12.221990585327148,,5.2983269691467285,62.58125686645508,16.455690383911133,7.422077178955078,57.04662322998047,28.629091262817383,13.322872161865234,1.5758126974105835,10.027229309082031,12.712576866149902
1997-03-07,7.052464008331299,5.238802909851074,55.642601013183594,19.652767181396484,26.43827247619629,11.381516456604004,4.4699931144714355,4.905356407165527,12.221990585327148,,55.61165237426758,62.58125686645508,24.683536529541016,7.422077178955078,57.04662322998047,57.258182525634766,13.322872161865234,1.5758126974105835,10.027229309082031,12.712576866149902
1997-03-10,6.712390422821045,5.0083723068237305,53.39980697631836,18.6566162109375,26.43827247619629,7.6675944328308105,4.4699931144714355,4.7020263671875,11.743311882019043,,5.05969762802124,60.07597351074219,15.652095794677734,6.970839023590088,55.12409210205078,27.607572555541992,12.986771583557129,1.5091439485549927,9.526082992553711,12.526996612548828
1997-03-11,6.354723930358887,4.886174201965332,53.94498825073242,18.07046127319336,26.43827247619629,7.770568370819092,4.4699931144714355,4.606080055236816,11.348137855529785,,4.82362174987793,58.690486907958984,16.39903450012207,7.017519474029541,53.13166427612305,26.293643951416016,13.062068939208984,1.5185377597808838,9.085160255432129,12.341412544250488
1997-03-12,6.537658214569092,5.064233779907227,54.45508575439453,18.668758392333984,26.43827247619629,7.716778755187988,4.782890796661377,4.7020263671875,11.506210327148438,,4.928260803222656,59.437015533447266,16.095104217529297,7.300191879272461,54.08940505981445,27.125286102294922,13.304322242736816,1.527326226234436,9.541138648986816,12.550193786621094
1997-03-13,6.452054500579834,4.946690082550049,54.24186706542969,18.380245208740234,26.43827247619629,7.676819801330566,4.782890796661377,4.693764686584473,11.656819343566895,,4.851694107055664,58.519683837890625,15.976624488830566,7.113471508026123,54.697635650634766,27.239213943481445,13.292319297790527,1.5155075788497925,9.69385051727295,12.619789123535156
1997-03-14,6.582220554351807,5.024664878845215,54.11499786376953,18.68091583251953,26.43827247619629,7.607656478881836,4.782890796661377,4.842451095581055,11.550943374633789,,4.844038963317871,59.38322830200195,15.871024131774902,7.1160688400268555,54.53684616088867,27.455673217773438,13.404715538024902,1.6018750667572021,9.719658851623535,12.526996612548828
1997-03-17,6.673690319061279,4.990331172943115,53.569847106933594,19.336915969848633,26.43827247619629,7.758272647857666,4.975296497344971,4.867232799530029,11.589715957641602,,4.82234525680542,60.094974517822266,15.829812049865723,7.162744998931885,54.29916763305664,27.402507781982422,13.399258613586426,1.6661185026168823,9.633626937866211,12.387805938720703
1997-03-18,6.761641502380371,4.910613059997559,52.393157958984375,19.200244903564453,26.43827247619629,7.686038017272949,4.975296497344971,4.892648220062256,11.574798583984375,,4.747056007385254,60.43341827392578,15.997222900390625,7.559524059295654,52.97085952758789,27.543010711669922,13.382890701293945,1.637633204460144,9.472312927246094,12.299654006958008
1997-03-19,6.6220903396606445,4.791323661804199,53.005767822265625,18.84794807434082,26.43827247619629,7.71523904800415,4.905331611633301,4.794795036315918,11.625504493713379,,4.66921329498291,59.902015686035156,15.968902587890625,7.419484615325928,52.2927360534668,27.318967819213867,13.509477615356445,1.6079349517822266,9.201306343078613,12.299654006958008
1997-03-20,6.666655540466309,4.804125785827637,54.096126556396484,18.805431365966797,26.43827247619629,7.695261001586914,4.905331611633301,4.790348052978516,11.69410228729248,,4.6998395919799805,59.841888427734375,15.981773376464844,7.401327610015869,53.24351119995117,27.379714965820312,13.494195938110352,1.6518760919570923,9.048595428466797,11.877447128295898
1997-03-21,6.767505645751953,4.933888912200928,54.12311553955078,19.194175720214844,26.43827247619629,7.681428909301758,5.247383117675781,4.759212970733643,11.7522611618042,,4.7087721824646,59.96210861206055,16.270244598388672,7.44801139831543,53.61402893066406,27.193645477294922,13.499649047851562,1.6367247104644775,9.020635604858398,11.831053733825684
1997-03-24,6.767505645751953,4.933888912200928,54.12311553955078,19.194175720214844,26.43827247619629,7.681428909301758,5.247383117675781,4.759212970733643,11.7522611618042,,4.7087721824646,59.96210861206055,16.270244598388672,7.44801139831543,53.61402893066406,27.193645477294922,13.499649047851562,1.6367247104644775,9.020635604858398,11.831053733825684
1997-03-25,6.767505645751953,4.8902459144592285,54.044837951660156,19.13646697998047,26.43827247619629,7.581531524658203,5.241164207458496,4.743964195251465,11.64936351776123,,4.680698871612549,60.594764709472656,16.427358627319336,7.323531627655029,54.80949020385742,26.980985641479492,13.51711368560791,1.702484130859375,8.801249504089355,11.554993629455566
1997-03-26,6.841385364532471,4.807618141174316,54.24457550048828,18.860095977783203,26.43827247619629,7.052835464477539,4.93642520904541,4.829108715057373,11.626996994018555,,4.6730427742004395,60.8984260559082,16.903850555419922,7.284629821777344,54.58577346801758,26.582252502441406,13.532388687133789,1.6879382133483887,8.960413932800293,11.462201118469238
1997-03-27,6.839036464691162,4.836711883544922,53.815452575683594,18.829727172851562,26.43827247619629,7.074351787567139,4.93642520904541,4.829744815826416,11.512174606323242,,4.688355922698975,61.93594741821289,16.90900230407715,7.1886796951293945,54.1033935546875,26.122758865356445,13.490921974182129,1.6485427618026733,9.009880065917969,11.48307991027832
1997-03-28,6.839036464691162,4.836711883544922,53.815452575683594,18.829727172851562,26.43827247619629,7.074351787567139,4.93642520904541,4.829744815826416,11.512174606323242,,4.688355922698975,61.93594741821289,16.90900230407715,7.1886796951293945,54.1033935546875,26.122758865356445,13.490921974182129,1.6485427618026733,9.009880065917969,11.48307991027832
1997-03-31,6.163577079772949,4.353157043457031,50.41217041015625,16.95282745361328,20.769393920898438,6.371988296508789,4.93642520904541,4.682328224182129,10.890337944030762,,4.225135326385498,57.33030700683594,15.229689598083496,6.472921848297119,48.73430633544922,23.84807777404785,12.815448760986328,1.5758126974105835,8.123734474182129,10.903124809265137
1997-04-01,6.123706817626953,4.251325607299805,51.40806579589844,15.917191505432129,21.648193359375,6.5041632652282715,4.858687877655029,4.701390266418457,11.433136940002441,,4.140912055969238,57.703548431396484,15.981773376464844,6.462548732757568,49.84587097167969,24.729089736938477,13.299958229064941,1.6727867126464844,8.097926139831543,11.042315483093262
1997-04-02,6.226902008056641,4.3566484451293945,53.97736358642578,16.609643936157227,22.83643341064453,6.793098449707031,4.858687877655029,4.822754859924316,11.410771369934082,4.9788408279418945,4.259589195251465,59.48762512207031,16.85233497619629,6.81005334854126,51.146202087402344,25.53795623779297,13.6731595993042,1.6182390451431274,8.472169876098633,11.36940860748291
1997-04-03,6.283188343048096,4.419493198394775,54.557655334472656,16.740230560302734,23.26963996887207,6.806931495666504,4.858687877655029,4.911711692810059,11.483839988708496,5.410680294036865,4.240448474884033,59.595176696777344,18.03197479248047,6.970839023590088,51.3629264831543,25.37845802307129,13.75282096862793,1.6064205169677734,8.631333351135254,11.367084503173828
1997-04-04,6.256217956542969,4.3618855476379395,54.776241302490234,16.472976684570312,22.72502899169922,6.765435218811035,4.858687877655029,4.857701778411865,11.412261962890625,5.768852233886719,4.181746959686279,59.63630676269531,18.371959686279297,6.869699001312256,50.98542022705078,25.067062377929688,13.92741584777832,1.6000564098358154,8.642087936401367,11.343892097473145
1997-04-07,6.19289493560791,4.208847522735596,56.19314956665039,16.120676040649414,22.564123153686523,6.765435218811035,5.052257061004639,4.779544830322266,11.286999702453613,5.6291375160217285,4.103907108306885,59.085906982421875,19.108591079711914,6.672606945037842,50.85957336425781,24.182252883911133,13.842300415039062,1.573388695716858,8.738876342773438,11.077109336853027
1997-04-08,6.19289493560791,4.208847522735596,56.19314956665039,16.120676040649414,22.564123153686523,6.765435218811035,5.052257061004639,4.779544830322266,11.286999702453613,5.6291375160217285,4.103907108306885,59.085906982421875,19.108591079711914,6.672606945037842,50.85957336425781,24.182252883911133,13.842300415039062,1.573388695716858,8.738876342773438,11.077109336853027
1997-04-09,6.432119369506836,4.502705097198486,57.51022720336914,17.244388580322266,22.861188888549805,6.880703926086426,5.052257061004639,4.908534526824951,11.451031684875488,6.190527439117432,4.31190824508667,59.563541412353516,19.304338455200195,7.142000198364258,53.704917907714844,24.61895179748535,13.990707397460938,1.593389630317688,9.177645683288574,11.381007194519043
1997-04-10,6.240972518920898,4.429967880249023,56.527809143066406,16.703784942626953,22.242313385009766,6.688589096069336,5.052257061004639,4.88883638381958,11.467434883117676,6.182906627655029,4.1894049644470215,58.877132415771484,19.116315841674805,7.009738445281982,51.97814178466797,24.41770362854004,14.051814079284668,1.5636911392211914,9.020635604858398,11.253416061401367
1997-04-11,6.280844688415527,4.578351020812988,56.565589904785156,16.819198608398438,22.378463745117188,6.786951065063477,5.052257061004639,4.843087196350098,11.412261962890625,6.055897235870361,4.222583770751953,59.370582580566406,19.0416202545166,7.004553318023682,52.712196350097656,24.075925827026367,14.127110481262207,1.5697516202926636,8.964715003967285,11.181504249572754
1997-04-14,6.280844688415527,4.578351020812988,56.565589904785156,16.819198608398438,22.378463745117188,10.180427551269531,5.052257061004639,4.843087196350098,11.412261962890625,6.055897235870361,44.32056427001953,59.370582580566406,28.562437057495117,7.004553318023682,52.712196350097656,48.151851654052734,14.127110481262207,1.5697516202926636,8.964715003967285,11.181504249572754
1997-04-15,6.228074073791504,4.79597806930542,56.66545486450195,17.247417449951172,22.304197311401367,6.7469892501831055,4.858687877655029,4.829108715057373,11.594189643859863,5.906024932861328,4.207270622253418,58.105289459228516,19.077680587768555,6.838582515716553,52.82405090332031,24.280994415283203,14.183853149414062,1.545508623123169,8.92599868774414,11.146705627441406
1997-04-16,6.228074073791504,4.79597806930542,56.66545486450195,17.247417449951172,22.304197311401367,6.7469892501831055,4.858687877655029,4.829108715057373,11.594189643859863,5.906024932861328,4.207270622253418,58.105289459228516,19.077680587768555,6.838582515716553,52.82405090332031,24.280994415283203,14.183853149414062,1.545508623123169,8.92599868774414,11.146705627441406
1997-04-17,6.559940814971924,4.840204238891602,56.84357833862305,18.034015655517578,22.168046951293945,6.7638983726501465,5.052257061004639,4.803691864013672,11.615067481994629,6.193070411682129,4.322117805480957,59.367431640625,19.152381896972656,6.685573577880859,53.52313995361328,24.41770362854004,13.89140796661377,1.54975163936615,9.274436950683594,11.146705627441406
1997-04-18,6.559940814971924,4.840204238891602,56.84357833862305,18.034015655517578,22.168046951293945,6.7638983726501465,5.052257061004639,4.803691864013672,11.615067481994629,6.193070411682129,4.322117805480957,59.367431640625,19.152381896972656,6.685573577880859,53.52313995361328,24.41770362854004,13.89140796661377,1.54975163936615,9.274436950683594,11.146705627441406
1997-04-21,7.017282962799072,4.932724475860596,57.529109954833984,18.896543502807617,22.291820526123047,6.914517879486084,5.091906547546387,4.803691864013672,11.925239562988281,6.210849285125732,4.531396389007568,60.31954574584961,19.27342987060547,6.8800740242004395,54.46693801879883,25.87972068786621,13.687346458435059,1.5576303005218506,9.420692443847656,11.146705627441406
1997-04-22,7.1028900146484375,4.8274006843566895,57.82057571411133,18.629283905029297,22.180423736572266,7.384806156158447,5.091906547546387,4.778911590576172,11.904365539550781,6.005091667175293,4.481630325317383,60.26578140258789,19.051929473876953,6.986401081085205,55.04019546508789,26.26706314086914,13.532388687133789,1.5697516202926636,9.455105781555176,11.067831039428711
1997-04-23,7.190841197967529,4.8547515869140625,57.739593505859375,18.929950714111328,22.242313385009766,7.58306884765625,5.286251068115234,4.830379962921143,12.132516860961914,6.147345066070557,4.733019828796387,60.10128402709961,19.209041595458984,7.077167510986328,55.98398208618164,27.383514404296875,13.749545097351074,1.581873893737793,9.771278381347656,11.297494888305664
1997-04-24,7.143933296203613,4.784342288970947,58.31174087524414,18.80239486694336,22.229930877685547,8.045672416687012,5.286251068115234,4.783358097076416,12.157868385314941,6.640148162841797,4.655177593231201,60.65487289428711,19.25025177001953,7.020112991333008,55.872127532958984,27.132883071899414,13.738630294799805,1.5700546503067017,9.678793907165527,11.285896301269531
1997-04-25,7.163868427276611,4.844276428222656,58.867733001708984,19.142541885375977,22.155672073364258,8.290040016174316,5.130773544311523,4.775099277496338,12.21155071258545,7.115170001983643,4.63986349105835,60.35749435424805,19.445993423461914,7.051233291625977,55.90009307861328,26.958200454711914,13.679704666137695,1.5758126974105835,9.837956428527832,11.278935432434082
1997-04-28,7.158005237579346,4.8052897453308105,59.021568298339844,19.142541885375977,21.672943115234375,8.045672416687012,5.363991737365723,4.808774471282959,12.27865982055664,7.419999599456787,4.666662216186523,59.65842056274414,19.577350616455078,7.162744998931885,55.662410736083984,26.96200180053711,13.726628303527832,1.5788434743881226,9.777731895446777,11.146705627441406
1997-04-29,7.156830787658691,4.748264312744141,58.79216384887695,18.920833587646484,21.660566329956055,7.5600152015686035,5.363991737365723,4.8240251541137695,12.262250900268555,7.371734619140625,4.607962131500244,58.766414642333984,19.693256378173828,7.1160688400268555,55.886112213134766,27.09111976623535,13.718992233276367,1.5758126974105835,9.786334991455078,11.227896690368652
1997-04-30,7.263545036315918,4.8471856117248535,59.48846435546875,19.503952026367188,22.353710174560547,7.655303478240967,5.586324214935303,4.871044635772705,12.357687950134277,7.747686386108398,4.733019828796387,59.32946014404297,20.435035705566406,7.253509998321533,56.72504425048828,28.575923919677734,13.722261428833008,1.5997530221939087,9.850859642028809,11.32069206237793
1997-05-01,7.263545036315918,4.8471856117248535,59.48846435546875,19.503952026367188,22.353710174560547,7.655303478240967,5.586324214935303,4.871044635772705,12.357687950134277,7.747686386108398,4.733019828796387,59.32946014404297,20.435035705566406,7.253509998321533,56.72504425048828,28.575923919677734,13.722261428833008,1.5997530221939087,9.850859642028809,11.32069206237793
1997-05-02,7.161521911621094,4.7674665451049805,58.88930892944336,19.081798553466797,22.13091468811035,7.841266632080078,5.586324214935303,4.899001598358154,12.551548957824707,7.498746395111084,4.630931377410889,58.95936965942383,20.684879302978516,7.243139266967773,55.117103576660156,28.678455352783203,13.775734901428223,1.6006618738174438,9.769129753112793,11.227896690368652
1997-05-05,7.016110897064209,4.665634632110596,58.182212829589844,18.331645965576172,21.8338565826416,7.659912586212158,5.363991737365723,4.954283714294434,12.84233570098877,7.3056864738464355,4.419099807739258,57.488460540771484,21.596647262573242,7.269070148468018,53.29943084716797,27.94174575805664,13.94705867767334,1.5618727207183838,9.280887603759766,11.32069206237793
1997-05-06,7.101717948913574,4.757575988769531,58.47637939453125,18.51994514465332,21.90811538696289,7.576916694641113,5.107454299926758,4.992407321929932,12.828914642333984,6.812887668609619,4.4063401222229,56.681854248046875,21.97269058227539,7.14459228515625,52.453521728515625,28.256938934326172,14.052905082702637,1.5155075788497925,9.065804481506348,11.552674293518066
1997-05-07,7.054808139801025,4.75059175491333,57.77738571166992,18.598905563354492,21.89574432373047,7.684502601623535,5.465051174163818,5.186209678649902,12.825932502746582,7.496206283569336,4.554366111755371,56.29593276977539,21.81815528869629,6.976025104522705,52.2927360534668,27.577190399169922,14.708739280700684,1.547023892402649,9.259381294250488,11.459880828857422
1997-05-08,7.079435348510742,4.761647701263428,58.46021270751953,18.805431365966797,22.328954696655273,7.684502601623535,5.83042573928833,5.315832138061523,12.839351654052734,7.531768798828125,4.550539016723633,56.621742248535156,22.052541732788086,7.051233291625977,52.418575286865234,27.565799713134766,15.44422721862793,1.545508623123169,9.317452430725098,11.332291603088379
1997-05-09,7.064190864562988,4.732552528381348,59.623435974121094,18.723426818847656,22.217559814453125,7.684502601623535,5.83042573928833,5.223695755004883,12.831894874572754,7.541930198669434,4.521187782287598,56.988677978515625,21.959810256958008,6.957873821258545,52.07600784301758,27.32655906677246,16.112060546875,1.530356764793396,9.384127616882324,11.413484573364258
1997-05-12,6.869528293609619,4.651087760925293,60.457359313964844,18.346832275390625,21.80910301208496,7.684502601623535,5.943145751953125,5.223062038421631,12.705140113830566,7.267584323883057,4.428032875061035,57.26070785522461,22.109193801879883,6.8359880447387695,51.54730987548828,26.26706314086914,16.146989822387695,1.5212657451629639,9.285188674926758,11.506278038024902
1997-05-13,6.863662242889404,4.648179054260254,57.62083435058594,18.273948669433594,21.8338565826416,7.761345386505127,5.6749467849731445,5.2224249839782715,12.378570556640625,7.211701393127441,4.410167217254639,57.406211853027344,22.019046783447266,6.8463616371154785,52.66185760498047,25.8873233795166,16.14043617248535,1.5221751928329468,9.201306343078613,11.36940860748291
1997-05-14,6.943404674530029,4.7331342697143555,57.55606460571289,18.474393844604492,22.01951789855957,7.901207447052002,5.6749467849731445,5.253560543060303,12.563477516174316,7.51144552230835,4.454832077026367,57.79845428466797,21.81815528869629,6.957873821258545,54.26936340332031,26.677188873291016,15.589369773864746,1.533387541770935,9.545442581176758,11.506278038024902
1997-05-15,6.898843765258789,4.9333062171936035,57.24571990966797,18.586767196655273,21.858612060546875,8.036453247070312,5.6749467849731445,5.2179789543151855,12.739439010620117,7.607975482940674,4.440794467926025,57.890201568603516,21.728002548217773,6.918971538543701,54.490840911865234,27.216428756713867,15.467146873474121,1.551872968673706,9.934741973876953,11.738258361816406
1997-05-16,7.1883721351623535,5.104384899139404,57.607337951660156,18.516904830932617,21.784347534179688,7.93040657043457,5.83042573928833,5.115677833557129,12.687248229980469,7.5597100257873535,4.509702682495117,57.874366760253906,21.815574645996094,7.126438140869141,56.14835739135742,27.117692947387695,15.418041229248047,1.545508623123169,9.898180961608887,11.831053733825684
1997-05-19,7.2469048500061035,5.232400417327881,57.13507080078125,18.860095977783203,21.80910301208496,7.924260139465332,5.791556358337402,5.1118645668029785,12.693215370178223,7.572413921356201,4.5900959968566895,57.906002044677734,21.588926315307617,7.048638820648193,57.4700813293457,26.93541717529297,15.612279891967773,1.545508623123169,9.403486251831055,11.937763214111328
1997-05-20,7.245684623718262,5.20156192779541,57.31317901611328,18.881359100341797,22.564123153686523,7.83665132522583,5.83042573928833,5.167782306671143,12.60821533203125,7.3107686042785645,4.568403720855713,57.40304946899414,21.918601989746094,7.009738445281982,57.14857864379883,25.73541831970215,16.393604278564453,1.5349023342132568,9.04644775390625,11.691862106323242
1997-05-21,7.133500576019287,4.8727898597717285,57.56687927246094,18.6049861907959,23.170621871948242,7.852024078369141,5.83042573928833,5.20908260345459,12.67531681060791,7.364112377166748,4.559469699859619,57.108890533447266,21.828449249267578,6.851547718048096,56.27696228027344,26.01263999938965,15.675567626953125,1.530356764793396,9.005579948425293,11.691862106323242
1997-05-22,7.068868637084961,4.91934061050415,57.14049530029297,18.498687744140625,22.526994705200195,7.850488185882568,5.83042573928833,5.160156726837158,12.548566818237305,7.3056864738464355,4.536500453948975,56.6723518371582,21.661041259765625,6.8593268394470215,56.00545883178711,25.708837509155273,15.360206604003906,1.5212657451629639,9.248627662658691,11.691862106323242
1997-05-23,7.078627586364746,4.938543319702148,56.73830795288086,18.362024307250977,22.63838768005371,7.868930339813232,5.793887615203857,5.17349910736084,12.612688064575195,7.242180347442627,4.439518928527832,57.58652114868164,21.349390029907227,6.789306163787842,56.105472564697266,26.26706314086914,15.464964866638184,1.5261144638061523,9.181947708129883,11.812494277954102
1997-05-26,7.027410984039307,4.967056751251221,55.90167999267578,18.36809730529785,22.811674118041992,7.852024078369141,5.908163547515869,5.187480449676514,12.623123168945312,6.835747718811035,4.302977085113525,57.890201568603516,21.315908432006836,6.77374792098999,57.119998931884766,26.126562118530273,15.353660583496094,1.5212657451629639,9.024935722351074,11.594430923461914
1997-05-27,6.942051410675049,5.026991844177246,55.772125244140625,18.234464645385742,23.30677604675293,7.71523904800415,5.9602484703063965,5.118218898773193,12.551548957824707,6.660470962524414,4.2697978019714355,58.53864669799805,21.57347297668457,6.791901111602783,56.091209411621094,26.40757179260254,14.642173767089844,1.5167200565338135,9.085160255432129,11.970240592956543
1997-05-28,6.890838623046875,4.964146137237549,56.84089660644531,18.240541458129883,23.009719848632812,7.841266632080078,5.908163547515869,5.077552795410156,12.658912658691406,7.153275966644287,4.26214075088501,58.26028823852539,21.56316375732422,6.833393096923828,56.52700424194336,26.21010398864746,14.969545364379883,1.5215685367584229,9.115272521972656,12.167424201965332
1997-05-29,7.176178455352783,5.007789611816406,58.84883117675781,18.522985458374023,22.972579956054688,7.990345001220703,6.063640594482422,5.055948734283447,12.691723823547363,7.364112377166748,4.309357643127441,58.567134857177734,21.586345672607422,6.8230204582214355,56.412696838378906,26.373388290405273,14.932439804077148,1.5385394096374512,9.083008766174316,11.99576187133789
1997-05-30,7.342015743255615,5.168974876403809,59.92835235595703,18.671794891357422,22.923070907592773,8.024157524108887,6.273537635803223,5.083271026611328,12.876630783081055,7.846755027770996,4.398683071136475,58.80437088012695,21.52452850341797,6.9604644775390625,56.519866943359375,26.692378997802734,15.586094856262207,1.5330837965011597,9.138932228088379,12.179021835327148
1997-06-02,7.427372932434082,5.51287317276001,62.03350830078125,19.127357482910156,22.824052810668945,8.002638816833496,6.385091781616211,5.083271026611328,12.837861061096191,7.844213962554932,4.4573822021484375,59.13650894165039,21.661041259765625,7.007146835327148,56.98424530029297,26.286052703857422,15.527169227600098,1.5191444158554077,9.375524520874023,12.03287410736084
1997-06-03,7.3981099128723145,5.627509117126465,64.07923889160156,19.264028549194336,22.78691864013672,8.081025123596191,6.802162170410156,4.918066501617432,12.80207347869873,8.016950607299805,4.467591285705566,58.72211837768555,21.84132957458496,6.963058948516846,57.4700813293457,25.87972068786621,15.63956069946289,1.533387541770935,9.672340393066406,11.92384147644043
1997-06-04,7.407864093780518,5.56233549118042,66.98861694335938,19.564693450927734,22.885936737060547,8.333077430725098,6.375374794006348,5.012740612030029,12.819967269897461,8.225248336791992,4.439518928527832,59.23456573486328,22.897340774536133,6.976025104522705,57.30577087402344,25.73541831970215,15.697396278381348,1.5349023342132568,9.642229080200195,11.981839179992676
1997-06-05,7.578581809997559,5.633909702301025,66.28962707519531,19.394615173339844,22.762163162231445,8.431435585021973,6.6855549812316895,4.9625420570373535,12.904970169067383,8.837442398071289,4.454832077026367,59.25040817260742,22.69644546508789,6.924160480499268,57.684417724609375,25.913902282714844,15.80870246887207,1.5276294946670532,9.655135154724121,12.046793937683105
1997-06-06,7.515172958374023,5.621687412261963,67.1640625,19.16987419128418,23.09634780883789,8.532870292663574,6.949866771697998,4.944116115570068,12.840845108032227,9.170214653015137,4.41144323348999,59.21242141723633,22.12722396850586,6.8593268394470215,57.65583419799805,25.739219665527344,15.688674926757812,1.5279325246810913,9.63577651977539,12.065353393554688
1997-06-09,7.533461570739746,5.649039268493652,65.06160736083984,18.963356018066406,23.343908309936523,8.57897663116455,7.050926685333252,4.879942417144775,12.972073554992676,8.900948524475098,4.322117805480957,60.137386322021484,21.140762329101562,6.771154403686523,56.812782287597656,26.09617805480957,15.236897468566895,1.5412558317184448,9.603515625,11.877447128295898
1997-06-10,7.648086071014404,5.663003444671631,65.46646118164062,18.996767044067383,23.54194450378418,8.780314445495605,6.9187703132629395,4.972711086273193,12.984000205993652,9.033041000366211,4.360400199890137,59.215606689453125,20.59988021850586,6.968245983123779,56.9556770324707,27.072128295898438,15.225982666015625,1.5240281820297241,9.601364135742188,11.8519287109375
1997-06-11,7.7383222579956055,5.774145126342773,67.29901123046875,19.49180030822754,23.814250946044922,9.17682933807373,6.9187703132629395,5.210351943969727,13.49399471282959,9.289604187011719,4.498217582702637,61.51365280151367,21.07379150390625,7.450601100921631,57.48435974121094,27.349348068237305,15.491153717041016,1.571403980255127,9.773432731628418,11.96560287475586
1997-06-12,7.9017205238342285,5.987701416015625,69.71988677978516,19.40676498413086,23.83900260925293,9.345891952514648,6.942094802856445,5.228144645690918,13.839954376220703,9.348030090332031,4.546710014343262,61.872825622558594,20.530338287353516,7.512843132019043,57.87015151977539,28.146808624267578,15.583907127380371,1.5729421377182007,9.872369766235352,11.970240592956543
1997-06-13,7.874894618988037,6.216386318206787,70.60511016845703,19.62542724609375,24.18557357788086,9.252142906188965,6.9187703132629395,5.4314751625061035,13.677413940429688,9.215934753417969,4.6564531326293945,61.96184539794922,19.93794059753418,7.577674388885498,60.69937515258789,28.568328857421875,15.550078392028809,1.556638240814209,9.896028518676758,11.879766464233398
1997-06-16,7.690764427185059,5.781711101531982,72.98013305664062,19.204143524169922,24.07417869567871,9.270585060119629,6.9187703132629395,5.568725109100342,13.47610092163086,8.784098625183105,4.592649459838867,61.287986755371094,19.89930534362793,7.344278335571289,60.99943923950195,30.411813735961914,15.533710479736328,1.5400253534317017,9.861615180969238,11.970240592956543
1997-06-17,7.800512313842773,5.695589542388916,74.65340423583984,19.86529541015625,24.643539428710938,9.273656845092773,6.436788558959961,5.617015838623047,12.992949485778809,8.174444198608398,4.736845970153809,61.64717102050781,19.631441116333008,7.536182880401611,61.64958953857422,32.01669692993164,15.32419204711914,1.5446399450302124,10.177788734436035,11.875128746032715
1997-06-18,7.895623683929443,5.841644763946533,74.45096588134766,21.01231575012207,24.556900024414062,9.345891952514648,6.600040435791016,5.680556297302246,13.210665702819824,8.420845031738281,5.004826545715332,60.74765396118164,20.332012176513672,7.559524059295654,63.58576202392578,32.555503845214844,15.320919036865234,1.5415635108947754,10.687538146972656,11.877447128295898
1997-06-19,8.338268280029297,5.907980918884277,73.58463287353516,20.960037231445312,24.29697036743164,9.60870361328125,6.405692100524902,5.6017656326293945,13.085405349731445,8.431005477905273,5.02907133102417,60.70950698852539,20.23413848876953,7.530995845794678,62.671241760253906,32.189884185791016,15.304556846618652,1.5443322658538818,10.930583953857422,11.812494277954102
1997-06-20,8.77237319946289,5.876559257507324,71.75212860107422,21.083044052124023,24.123685836791992,9.85921859741211,6.063640594482422,5.6138386726379395,13.322504997253418,8.357341766357422,4.955058574676514,60.6904296875,19.355850219726562,7.473944664001465,64.70742797851562,31.893543243408203,15.255444526672363,1.5464857816696167,10.971449851989746,11.548033714294434
1997-06-23,8.902850151062012,5.777637481689453,69.57415771484375,20.920061111450195,23.51719093322754,10.549285888671875,6.221062660217285,5.720108985900879,13.417943000793457,8.56309986114502,4.883598327636719,60.49335861206055,20.177478790283203,7.414295673370361,65.82910919189453,32.00514221191406,15.278361320495605,1.525874376296997,10.861760139465332,11.863527297973633
1997-06-24,8.995525360107422,5.782874584197998,69.23677062988281,21.01231575012207,23.30677604675293,11.117937088012695,6.438733100891113,5.75980281829834,13.35084342956543,8.527538299560547,4.815964221954346,60.44886016845703,19.90703582763672,7.44282341003418,65.21466827392578,34.16037368774414,15.37329387664795,1.525874376296997,11.14566707611084,11.761454582214355
1997-06-25,8.988210678100586,5.735740661621094,72.66708374023438,20.93235969543457,23.158248901367188,11.366915702819824,6.7943878173828125,5.741236209869385,13.410489082336426,9.0152587890625,4.813411712646484,59.4476318359375,20.097633361816406,7.346869468688965,64.90033721923828,33.81785583496094,15.689757347106934,1.525874376296997,10.984354972839355,11.879766464233398
1997-06-26,9.260135650634766,5.958607196807861,74.19733428955078,21.0615177154541,23.220130920410156,11.452983856201172,6.763293743133545,5.663774013519287,13.361276626586914,9.104165077209473,4.775129795074463,59.514381408691406,19.724164962768555,7.1783061027526855,64.22874450683594,33.636962890625,15.544622421264648,1.5289504528045654,10.859607696533203,11.92384147644043
1997-06-27,9.015036582946777,6.154702663421631,74.88823699951172,21.027685165405273,23.554323196411133,11.476036071777344,6.763293743133545,5.659933090209961,13.416457176208496,9.25403881072998,4.678146839141846,60.23910140991211,19.541296005249023,6.93453311920166,63.27852249145508,33.382957458496094,15.457326889038086,1.5203371047973633,10.960695266723633,11.831053733825684
1997-06-30,8.983330726623535,6.4066643714904785,77.7787094116211,20.883163452148438,25.212905883789062,11.468351364135742,6.607814788818359,5.8391876220703125,13.719171524047852,8.992396354675293,4.7610931396484375,61.93959426879883,19.791126251220703,6.963058948516846,63.6857795715332,33.606170654296875,15.806519508361816,1.525258183479309,10.668182373046875,11.919204711914062
1997-07-01,8.918701171875,6.3356733322143555,77.77061462402344,21.418228149414062,26.84672737121582,11.325420379638672,6.146045207977295,5.79885196685791,13.39259147644043,8.85014533996582,5.09542989730835,63.284080505371094,20.061569213867188,7.214609622955322,63.914390563964844,33.971805572509766,15.710493087768555,1.5089541673660278,10.414381980895996,11.814814567565918
1997-07-02,9.027231216430664,6.560865879058838,76.9393539428711,21.532011032104492,25.299543380737305,11.18863582611084,6.523858070373535,5.903205871582031,13.547677040100098,9.149893760681152,5.405517101287842,64.74939727783203,21.30817222595215,7.126438140869141,64.94318389892578,33.69853973388672,15.735590934753418,1.5135687589645386,10.709049224853516,12.016636848449707
1997-07-03,8.907730102539062,6.548647880554199,75.07982635498047,21.31060218811035,25.509965896606445,10.406352043151855,6.600040435791016,5.860952854156494,13.626714706420898,8.989852905273438,5.5471649169921875,63.811710357666016,20.550945281982422,7.038266181945801,63.835811614990234,33.48685836791992,15.627558708190918,1.5074156522750854,10.967151641845703,11.831053733825684
1997-07-04,8.7540864944458,6.512569427490234,74.50768280029297,21.51970863342285,25.41093635559082,9.976020812988281,6.763293743133545,5.801413536071777,13.570049285888672,8.441169738769531,5.626281261444092,64.85428619384766,20.5664005279541,7.087538719177246,63.66433334350586,33.498416900634766,16.038951873779297,1.5074156522750854,11.51561450958252,12.109428405761719
1997-07-07,8.788226127624512,6.452054500579834,73.46053314208984,21.756492614746094,25.633739471435547,10.675313949584961,6.739971160888672,5.787971019744873,13.680397033691406,7.605434417724609,5.452733039855957,66.57701110839844,20.252168655395508,7.100505352020264,62.33546447753906,33.55228805541992,16.22118377685547,1.4917265176773071,11.965140342712402,12.958480834960938
1997-07-08,8.682138442993164,6.4578728675842285,72.64814758300781,21.741119384765625,25.373811721801758,11.151751518249512,6.739971160888672,5.746998310089111,13.707242965698242,7.265040874481201,5.326401233673096,67.50833892822266,19.103439331054688,7.149776935577393,61.049468994140625,33.77552032470703,16.5256404876709,1.525874376296997,11.967290878295898,13.863211631774902
1997-07-09,8.912606239318848,6.385135173797607,74.80184173583984,21.79954719543457,25.534717559814453,11.379209518432617,6.417355060577393,5.761722564697266,14.59152889251709,7.907718658447266,5.645423412322998,68.53817749023438,19.9199161529541,7.482388019561768,64.73600769042969,34.42594528198242,17.200029373168945,1.5886313915252686,12.565223693847656,14.835209846496582
1997-07-10,8.951626777648926,6.346728801727295,75.67628479003906,21.670392990112305,25.943172454833984,11.310050010681152,6.731419563293457,5.775807857513428,14.755565643310547,7.5470099449157715,5.568857192993164,67.79439544677734,19.891582489013672,7.591483116149902,64.3001937866211,34.629905700683594,16.908662796020508,1.6233948469161987,13.193269729614258,14.719222068786621
1997-07-11,8.749207496643066,6.332183837890625,74.734375,21.56891632080078,25.43569564819336,11.305438995361328,6.296860694885254,5.759161949157715,14.615387916564941,7.618133544921875,5.46804666519165,66.30049133300781,19.935365676879883,7.3653082847595215,62.999900817871094,34.06415939331055,16.526731491088867,1.6498513221740723,12.646960258483887,14.93959903717041
1997-07-14,8.440698623657227,5.889361381530762,72.83167266845703,20.778606414794922,24.173198699951172,11.29468059539795,6.7341413497924805,5.748919486999512,14.857452392578125,7.232021808624268,5.21282958984375,65.76968383789062,19.752492904663086,7.056649208068848,60.48503875732422,33.67545700073242,15.978936195373535,1.5920162200927734,12.300670623779297,14.816651344299316
1997-07-15,8.478500366210938,5.986536026000977,71.88436889648438,21.153772354125977,23.678098678588867,11.190173149108887,6.420851707458496,5.896162509918213,14.633429527282715,7.094846725463867,5.309812068939209,63.636898040771484,20.679723739624023,6.9794840812683105,59.02757263183594,34.28738021850586,16.27356719970703,1.5434095859527588,12.565223693847656,14.858407020568848
1997-07-16,8.55532169342041,5.874814510345459,72.83167266845703,20.44649314880371,24.049421310424805,11.171727180480957,6.4134674072265625,5.882079601287842,14.749197959899902,7.122792720794678,5.295775413513184,62.80412292480469,20.813655853271484,7.0326995849609375,57.92732238769531,33.78321075439453,16.297574996948242,1.575095534324646,12.560924530029297,14.80969524383545
1997-07-17,8.535809516906738,5.9399847984313965,72.32430267333984,20.71710205078125,23.913267135620117,10.845901489257812,6.600040435791016,5.946737289428711,14.612380027770996,6.914492607116699,5.325124740600586,62.4290657043457,20.890920639038086,7.163082122802734,58.034481048583984,33.83324432373047,16.15025520324707,1.5584832429885864,12.580284118652344,14.872330665588379
1997-07-18,8.535809516906738,5.9399847984313965,72.32430267333984,20.71710205078125,23.913267135620117,10.845901489257812,6.600040435791016,5.946737289428711,14.612380027770996,6.914492607116699,5.325124740600586,62.4290657043457,20.890920639038086,7.163082122802734,58.034481048583984,33.83324432373047,16.15025520324707,1.5584832429885864,12.580284118652344,14.872330665588379
1997-07-21,8.417527198791504,5.87946891784668,70.82373046875,20.037498474121094,23.579072952270508,10.721418380737305,6.141381740570068,5.828300952911377,14.534199714660645,6.716355323791504,5.154128074645996,61.33565902709961,21.39059829711914,7.618093013763428,56.37697219848633,35.899967193603516,16.31612777709961,1.525874376296997,12.748048782348633,14.881607055664062
1997-07-22,8.396799087524414,5.919037342071533,71.31491088867188,19.911415100097656,23.739986419677734,10.936583518981934,6.41269063949585,5.9537787437438965,14.651473045349121,6.772242069244385,5.289393424987793,61.98409652709961,21.413776397705078,7.852249622344971,56.74848937988281,35.61900329589844,16.23756217956543,1.5200291872024536,13.386847496032715,14.568431854248047
1997-07-23,8.78334903717041,5.978390216827393,73.7358169555664,20.323490142822266,23.52956771850586,11.088738441467285,6.41269063949585,5.9172892570495605,14.889022827148438,7.348872661590576,5.52036714553833,64.20267486572266,21.447261810302734,7.836284637451172,58.2845458984375,36.153961181640625,16.915212631225586,1.5504851341247559,13.77184772491455,15.589150428771973
1997-07-24,8.65774917602539,5.980136394500732,75.53594207763672,20.175884246826172,23.51719093322754,10.950416564941406,6.41269063949585,5.955060958862305,14.863465309143066,7.343791484832764,5.466771602630615,66.78043365478516,21.323627471923828,7.615433692932129,56.88423538208008,35.568973541259766,16.53328514099121,1.538179874420166,13.664305686950684,15.900004386901855
1997-07-25,8.556540489196777,5.857357025146484,74.28095245361328,19.656185150146484,23.60383415222168,11.011890411376953,6.41269063949585,5.954420566558838,14.717628479003906,7.32346773147583,5.422106742858887,66.41809844970703,21.210304260253906,7.431832790374756,54.983802795410156,35.199501037597656,16.56928825378418,1.5200291872024536,13.46642780303955,15.75849723815918
1997-07-28,8.576051712036133,5.5600080490112305,74.06776428222656,19.474750518798828,23.52956771850586,10.956565856933594,5.97035551071167,5.976186752319336,14.678539276123047,7.326011657714844,5.410621643066406,66.0621109008789,21.16651725769043,7.508997440338135,55.27671813964844,33.798606872558594,16.620817184448242,1.5135687589645386,13.475031852722168,15.790973663330078
1997-07-29,8.643117904663086,5.635654926300049,74.75868225097656,19.5516300201416,24.136058807373047,11.067218780517578,5.97035551071167,5.960178852081299,14.689059257507324,7.366650104522705,5.456562519073486,66.9393539428711,21.480741500854492,7.477067470550537,55.791133880615234,33.636962890625,16.882831573486328,1.5197213888168335,13.421259880065918,15.91160774230957
1997-07-30,8.618730545043945,5.494834899902344,76.88267517089844,19.490123748779297,25.20052719116211,11.076441764831543,6.071416854858398,5.928171634674072,14.592836380004883,7.397135257720947,5.552268028259277,70.28633880615234,21.380294799804688,7.514319896697998,55.71969223022461,33.64081954956055,17.45180320739746,1.538179874420166,13.296514511108398,15.87448787689209
1997-07-31,8.779691696166992,5.87946891784668,77.07699584960938,19.988298416137695,25.311922073364258,11.088738441467285,6.071416854858398,5.92177152633667,14.752204895019531,7.5495500564575195,5.632662296295166,73.26458740234375,21.97783851623535,7.580840110778809,56.14120864868164,34.041072845458984,17.363000869750977,1.538179874420166,13.44706916809082,15.876809120178223
1997-08-01,8.871147155761719,6.281557083129883,78.33739471435547,19.849916458129883,24.990110397338867,11.0902738571167,6.071416854858398,5.810377597808838,14.752204895019531,7.747686386108398,5.573960781097412,73.26141357421875,22.7144718170166,7.554231643676758,56.23408126831055,33.79091262817383,17.31258201599121,1.538179874420166,13.324472427368164,15.735294342041016
1997-08-04,8.849197387695312,6.370752811431885,80.95529174804688,20.15743064880371,25.138639450073242,11.205538749694824,6.024772644042969,5.774526119232178,14.80783462524414,7.724823951721191,5.636490345001221,73.03575134277344,23.25277328491211,7.516980171203613,56.462711334228516,34.30276870727539,17.315868377685547,1.5600217580795288,13.42556381225586,15.844328880310059
1997-08-05,9.047959327697754,6.744438171386719,83.01180267333984,20.57872200012207,25.299543380737305,11.658927917480469,6.366825103759766,5.816779136657715,15.45583724975586,7.925502300262451,5.632662296295166,74.24675750732422,23.76532554626465,7.607449531555176,56.412696838378906,35.83451843261719,17.337791442871094,1.6612337827682495,13.369641304016113,16.0067195892334
1997-08-06,9.10283088684082,6.770092487335205,84.60681915283203,20.886234283447266,25.76988983154297,11.614356994628906,6.366825103759766,5.981308460235596,16.156461715698242,8.232866287231445,5.831733226776123,74.02745056152344,23.296560287475586,7.8123369216918945,57.96304702758789,36.89290237426758,17.485790252685547,1.6803078651428223,13.475031852722168,16.067031860351562
1997-08-07,9.088199615478516,6.711211204528809,83.7054214477539,20.3081111907959,26.821975708007812,12.035466194152832,6.024772644042969,5.936495780944824,16.260202407836914,8.870464324951172,5.584169864654541,73.09295654296875,22.356449127197266,7.572856903076172,54.726593017578125,36.92369079589844,17.21391487121582,1.72368323802948,13.928858757019043,15.837371826171875
1997-08-08,9.088199615478516,6.721121311187744,83.27628326416016,19.976001739501953,26.116455078125,11.83874797821045,6.024772644042969,5.79885196685791,15.122062683105469,8.855225563049316,5.456562519073486,72.99442291259766,23.015819549560547,7.458439350128174,53.840694427490234,37.004512786865234,17.49894142150879,1.828895926475525,13.711625099182129,15.784013748168945
1997-08-11,9.223553657531738,6.764262676239014,82.59081268310547,20.366539001464844,26.02981948852539,11.791099548339844,6.180250644683838,5.914087772369385,15.030350685119629,8.534940719604492,5.43742036819458,71.17314910888672,23.059606552124023,7.413206100463867,53.869266510009766,37.51253128051758,17.44632339477539,1.957179307937622,13.550312042236328,15.802573204040527
1997-08-12,9.232086181640625,6.626096248626709,83.23578643798828,20.22815704345703,26.500158309936523,11.903294563293457,6.035267353057861,5.807816982269287,14.643952369689941,9.208820343017578,5.327676773071289,68.56359100341797,21.846487045288086,7.461099624633789,53.19054412841797,37.75115203857422,17.354238510131836,2.0033257007598877,13.640645980834961,15.851286888122559
1997-08-13,9.133317947387695,6.668654918670654,82.245361328125,19.936023712158203,28.022584915161133,11.798785209655762,6.219120025634766,5.886561870574951,15.036371231079102,9.47785758972168,5.302155017852783,68.07091522216797,22.091167449951172,7.394580841064453,53.16911315917969,37.03529357910156,17.18979263305664,2.0365498065948486,13.518048286437988,15.723695755004883
1997-08-14,9.091858863830566,6.696054935455322,79.1767349243164,19.742290496826172,27.391334533691406,11.625113487243652,6.219120025634766,5.86415433883667,15.14612102508545,9.472729682922363,5.248560428619385,66.11296081542969,21.44211196899414,7.26153564453125,53.1762580871582,36.10392761230469,17.27530288696289,2.049163579940796,13.126594543457031,15.679622650146484
1997-08-15,9.091858863830566,6.696054935455322,79.1767349243164,19.742290496826172,27.391334533691406,11.625113487243652,6.219120025634766,5.86415433883667,15.14612102508545,9.472729682922363,5.248560428619385,66.11296081542969,21.44211196899414,7.26153564453125,53.1762580871582,36.10392761230469,17.27530288696289,2.049163579940796,13.126594543457031,15.679622650146484
1997-08-18,8.907730102539062,6.315371036529541,75.33084106445312,19.54547882080078,27.29231834411621,11.454520225524902,6.219120025634766,5.82573938369751,14.886016845703125,9.224194526672363,5.180926322937012,65.12760162353516,21.145912170410156,7.173725128173828,53.18340301513672,35.49200439453125,17.000137329101562,1.961179256439209,13.00829792022705,15.811851501464844
1997-08-19,8.830904006958008,6.252993106842041,72.37287902832031,19.48090171813965,26.203100204467773,11.325420379638672,5.791556358337402,5.6880998611450195,14.123744010925293,9.211380004882812,5.175821781158447,64.46648406982422,21.336509704589844,7.051327705383301,53.412025451660156,34.98398208618164,16.718387603759766,1.9793288707733154,12.50930404663086,15.002233505249023
1997-08-20,8.921140670776367,6.3573431968688965,75.9920654296875,19.75459098815918,26.43827247619629,11.409950256347656,6.174420356750488,5.934574127197266,14.565778732299805,9.226754188537598,5.239626884460449,63.5828857421875,21.529678344726562,7.208317756652832,52.46180725097656,35.08019256591797,16.485971450805664,2.05316162109375,13.135201454162598,15.171585083007812
1997-08-21,8.758959770202637,6.2390007972717285,75.48465728759766,19.59160804748535,26.04219627380371,11.214763641357422,6.568946361541748,5.758520603179932,14.495108604431152,9.172945022583008,5.012482643127441,61.682125091552734,21.388025283813477,7.149777889251709,51.23296356201172,34.51445007324219,16.30618667602539,2.1156132221221924,13.053465843200684,14.983675956726074
1997-08-22,8.493134498596191,6.105500221252441,74.96378326416016,19.18569564819336,25.25003433227539,10.603079795837402,6.6117024421691895,5.579909324645996,14.215461730957031,8.793733596801758,4.920604705810547,60.90020751953125,21.26953887939453,7.040684223175049,49.682621002197266,33.67929458618164,16.004703521728516,2.1380696296691895,12.969581604003906,14.735458374023438
1997-08-25,8.290711402893066,6.143392562866211,74.1487045288086,18.9089298248291,24.705425262451172,9.919157028198242,6.345444679260254,5.570305347442627,13.931299209594727,8.401701927185059,4.812135219573975,61.59946823120117,20.95531463623047,7.13381290435791,49.43254470825195,32.40924835205078,15.218666076660156,2.092539072036743,12.773855209350586,14.744741439819336
1997-08-26,8.329731941223145,6.106666088104248,74.4132308959961,18.85050392150879,25.23765754699707,10.415572166442871,6.300745010375977,5.556220531463623,14.322206497192383,8.41195297241211,4.830002307891846,61.704376220703125,21.13303565979004,7.139134407043457,49.32538604736328,32.678653717041016,14.967617988586426,2.096538543701172,12.778158187866211,14.80969524383545
1997-08-27,8.47118091583252,6.241330623626709,75.85440826416016,19.047311782836914,25.967931747436523,10.337188720703125,6.241274356842041,5.779646396636963,14.986749649047852,8.122413635253906,4.9052910804748535,63.570152282714844,21.1124267578125,7.19767427444458,50.04697799682617,33.37141036987305,15.254844665527344,1.9725624322891235,12.76095199584961,14.962803840637207
1997-08-28,8.271198272705078,5.934686660766602,73.21223449707031,18.73365020751953,24.44549560546875,10.03106689453125,6.241274356842041,5.659291744232178,14.720626831054688,7.343480110168457,4.778957843780518,61.59946823120117,20.035816192626953,7.1258320808410645,48.63237380981445,32.17448425292969,14.792210578918457,1.8531990051269531,12.337236404418945,14.661224365234375
1997-08-29,8.055367469787598,5.7831130027771,72.54019927978516,17.44516944885254,24.556900024414062,9.329137802124023,6.133068084716797,5.536375045776367,14.475567817687988,6.966824531555176,4.600305080413818,61.15449142456055,19.322368621826172,6.6282453536987305,47.5678596496582,30.79283332824707,14.456746101379395,1.8396626710891724,12.122153282165527,14.37588882446289
1997-09-01,8.244372367858887,5.919530868530273,72.3809814453125,17.371370315551758,24.668292999267578,8.920970916748047,6.476832389831543,5.553021430969238,14.46353530883789,6.620920658111572,4.661557197570801,61.993614196777344,19.464027404785156,6.41537618637085,48.68238830566406,30.969860076904297,14.23748779296875,1.8581204414367676,11.69198226928711,14.498834609985352
1997-09-02,8.260224342346191,6.066439151763916,74.6399154663086,17.931045532226562,26.277362823486328,8.42158317565918,6.4780049324035645,5.755320072174072,14.460530281066895,7.281989574432373,4.712601661682129,61.399234771728516,19.623716354370117,6.362158298492432,49.08962631225586,28.933942794799805,14.735204696655273,1.8381253480911255,11.898462295532227,14.575393676757812
1997-09-03,8.298025131225586,6.201107978820801,75.96508026123047,18.050966262817383,26.277362823486328,9.010640144348145,6.3233113288879395,5.816779136657715,14.899547576904297,7.36910343170166,4.7138752937316895,62.1716194152832,19.28888702392578,6.540436267852783,49.38968276977539,28.86850929260254,15.471906661987305,1.7689071893692017,11.971592903137207,14.893206596374512
1997-09-04,8.396799087524414,6.27572774887085,75.57371520996094,18.035594940185547,26.64868927001953,9.638358116149902,6.047126293182373,5.716908931732178,15.04538631439209,7.989173412322998,4.661557197570801,61.72663497924805,19.00556755065918,6.606960296630859,49.768341064453125,28.325862884521484,15.413802146911621,1.802438735961914,11.971592903137207,15.194783210754395
1997-09-05,8.423628807067871,6.349768161773682,75.06094360351562,18.192426681518555,27.044769287109375,10.023338317871094,5.781491756439209,5.659291744232178,15.02434253692627,8.762983322143555,4.72153377532959,62.30193328857422,19.615985870361328,6.612281322479248,50.53995132446289,29.245685577392578,15.374338150024414,1.8119750022888184,12.28991985321045,15.677301406860352
1997-09-08,8.407773971557617,6.3188676834106445,74.89900970458984,18.1216983795166,27.069517135620117,10.097545623779297,5.9135284423828125,5.5510993003845215,15.018324851989746,8.791168212890625,4.718981742858887,63.12199783325195,20.584426879882812,6.6042985916137695,50.57566833496094,30.09238624572754,15.587020874023438,1.8304338455200195,12.859891891479492,15.579869270324707
1997-09-09,8.416309356689453,6.474522113800049,74.78024291992188,18.014066696166992,27.05714225769043,10.100638389587402,5.898683071136475,5.421780109405518,14.782279014587402,8.586185455322266,4.8108601570129395,62.320987701416016,20.530338287353516,6.537777423858643,51.075782775878906,31.293149948120117,16.36648178100586,1.8885769844055176,12.745894432067871,15.410523414611816
1997-09-10,8.34558391571045,6.412142753601074,77.91094970703125,17.534353256225586,26.04219627380371,10.015603065490723,5.898683071136475,5.56134033203125,14.919092178344727,8.363265037536621,4.7406744956970215,62.457679748535156,19.840068817138672,6.524471759796143,49.98982620239258,32.16294479370117,16.496938705444336,1.9076498746871948,12.494247436523438,15.217982292175293
1997-09-11,8.47484016418457,6.476271152496338,76.65328216552734,17.6235294342041,26.116455078125,10.027974128723145,5.781491756439209,5.784127235412598,14.946161270141602,8.450385093688965,4.726637840270996,62.88996505737305,19.610836029052734,6.519150733947754,50.57566833496094,32.24761199951172,16.583545684814453,1.907342791557312,12.160866737365723,15.009195327758789
1997-09-12,8.423628807067871,6.431382179260254,75.84093475341797,17.460548400878906,26.116455078125,10.683520317077637,5.509994983673096,5.770684242248535,14.842412948608398,8.158284187316895,4.651348114013672,61.98090744018555,19.551603317260742,6.428679943084717,50.36134338378906,32.00899124145508,16.483783721923828,1.911034345626831,12.15871524810791,15.078787803649902
1997-09-15,8.405336380004883,6.654079914093018,75.66548156738281,17.528202056884766,26.153587341308594,10.400579452514648,5.586169719696045,5.755960464477539,14.197420120239258,7.5894622802734375,4.6628336906433105,61.88554763793945,19.4022159576416,6.386106967926025,50.918609619140625,31.88584327697754,16.537498474121094,1.907342791557312,11.980199813842773,15.387325286865234
1997-09-16,8.569953918457031,6.687307357788086,75.06636047363281,17.681955337524414,26.240234375,10.547464370727539,5.3127217292785645,5.711147308349609,14.409412384033203,7.43828821182251,4.637311935424805,61.872825622558594,19.178136825561523,6.308940887451172,51.20439147949219,31.762683868408203,16.905855178833008,1.8965758085250854,11.999554634094238,15.405884742736816
1997-09-17,8.58824348449707,6.719372749328613,75.00157165527344,17.672731399536133,26.066953659057617,10.774737358093262,5.549450874328613,5.7623610496521,14.087664604187012,7.960989952087402,4.6998395919799805,62.25426483154297,19.05450439453125,6.263706207275391,50.532814025878906,31.627981185913086,16.820344924926758,1.908572793006897,12.001702308654785,15.44996166229248
1997-09-18,8.463863372802734,6.64591646194458,72.3351058959961,17.07923126220703,25.423320770263672,11.090142250061035,5.4299139976501465,5.690018653869629,13.916264533996582,7.668891429901123,4.568403720855713,61.98090744018555,18.286970138549805,6.120020389556885,47.603572845458984,30.369478225708008,16.749086380004883,1.8642736673355103,11.760810852050781,15.060235023498535
1997-09-19,8.463863372802734,6.639504909515381,71.66036224365234,17.026954650878906,25.86890983581543,11.498311996459961,5.586169719696045,5.697704315185547,13.974908828735352,7.971240043640137,4.5109782218933105,62.18433380126953,17.895469665527344,6.050835132598877,47.725040435791016,30.404123306274414,17.1810245513916,1.8704266548156738,11.588744163513184,15.08111572265625
1997-09-22,8.223644256591797,6.5508928298950195,69.40140533447266,16.664093017578125,25.18815040588379,10.960273742675781,5.3127217292785645,5.582468032836914,13.970394134521484,7.799564838409424,4.391026496887207,61.888729095458984,17.71517562866211,6.0215654373168945,46.53904342651367,29.865312576293945,17.16019058227539,1.8519680500030518,11.455389976501465,15.122868537902832
1997-09-23,8.217545509338379,6.439545631408691,70.41889953613281,16.7409725189209,25.79465103149414,10.683520317077637,5.376786708831787,5.662493705749512,13.940325736999512,7.689389705657959,4.36422872543335,61.88554763793945,18.27151107788086,5.99761962890625,45.002994537353516,30.885196685791016,17.05604362487793,1.8827314376831055,11.455389976501465,14.997600555419922
1997-09-24,8.296810150146484,6.3847455978393555,71.3418960571289,16.808618545532227,25.93079376220703,10.884510040283203,5.376786708831787,5.697704315185547,14.204936027526855,8.02504825592041,4.413997173309326,61.996788024902344,18.66043472290039,6.1466288566589355,46.424739837646484,30.558063507080078,16.608760833740234,1.8818095922470093,11.88770866394043,15.078787803649902
1997-09-25,8.469964027404785,6.654662132263184,71.45526123046875,16.940855026245117,25.967931747436523,10.663421630859375,5.376786708831787,5.582468032836914,14.260564804077148,8.081416130065918,4.440794467926025,61.669403076171875,18.51619529724121,6.375462532043457,46.64621353149414,30.942930221557617,16.289737701416016,1.8627355098724365,12.104942321777344,15.125184059143066
1997-09-26,8.578489303588867,6.6336750984191895,72.07329559326172,16.888574600219727,26.017440795898438,10.717534065246582,5.376786708831787,5.697704315185547,14.31769847869873,8.032732009887695,4.420377254486084,61.98090744018555,19.1729793548584,6.609619617462158,47.02487564086914,31.566402435302734,16.439931869506836,1.8618125915527344,12.044721603393555,15.125184059143066
1997-09-29,8.738231658935547,6.864532470703125,72.34318542480469,17.122282028198242,25.819393157958984,10.600028038024902,5.484602928161621,5.726511478424072,14.25605583190918,8.260775566101074,4.459935665130615,63.38262939453125,19.28888702392578,6.745323657989502,48.0179557800293,30.61964988708496,16.370866775512695,1.8673501014709473,12.242597579956055,15.44996166229248
1997-09-30,8.81505298614502,6.915252685546875,72.51319885253906,16.97467613220215,24.470252990722656,10.284625053405762,5.41428804397583,6.037643909454346,14.986749649047852,8.160845756530762,4.4088921546936035,67.5719223022461,18.724817276000977,6.774594783782959,48.725250244140625,31.616436004638672,17.2281551361084,1.8611980676651,12.442625999450684,15.020793914794922
1997-10-01,8.801641464233398,6.888434410095215,72.51864624023438,16.744043350219727,25.151012420654297,10.497984886169434,5.609610080718994,5.739315509796143,14.337246894836426,8.176219940185547,4.371885299682617,65.1562271118164,18.495586395263672,6.48721981048584,47.289215087890625,30.053895950317383,16.706327438354492,1.8088983297348022,12.180225372314453,14.997600555419922
1997-10-02,8.801641464233398,6.888434410095215,72.51864624023438,16.744043350219727,25.151012420654297,10.497984886169434,5.609610080718994,5.739315509796143,14.337246894836426,8.176219940185547,4.371885299682617,65.1562271118164,18.495586395263672,6.48721981048584,47.289215087890625,30.053895950317383,16.706327438354492,1.8088983297348022,12.180225372314453,14.997600555419922
1997-10-03,8.801641464233398,6.888434410095215,72.51864624023438,16.744043350219727,25.151012420654297,10.497984886169434,5.609610080718994,5.739315509796143,14.337246894836426,8.176219940185547,4.371885299682617,65.1562271118164,18.495586395263672,6.48721981048584,47.289215087890625,30.053895950317383,16.706327438354492,1.8088983297348022,12.180225372314453,14.997600555419922
1997-10-06,8.801641464233398,6.888434410095215,72.51864624023438,16.744043350219727,25.151012420654297,10.497984886169434,5.609610080718994,5.739315509796143,14.337246894836426,8.176219940185547,4.371885299682617,65.1562271118164,18.495586395263672,6.48721981048584,47.289215087890625,30.053895950317383,16.706327438354492,1.8088983297348022,12.180225372314453,14.997600555419922
1997-10-07,8.801641464233398,6.888434410095215,72.51864624023438,16.744043350219727,25.151012420654297,10.497984886169434,5.609610080718994,5.739315509796143,14.337246894836426,8.176219940185547,4.371885299682617,65.1562271118164,18.495586395263672,6.48721981048584,47.289215087890625,30.053895950317383,16.706327438354492,1.8088983297348022,12.180225372314453,14.997600555419922
1997-10-08,8.801641464233398,6.888434410095215,72.51864624023438,16.744043350219727,25.151012420654297,10.497984886169434,5.609610080718994,5.739315509796143,14.337246894836426,8.176219940185547,4.371885299682617,65.1562271118164,18.495586395263672,6.48721981048584,47.289215087890625,30.053895950317383,16.706327438354492,1.8088983297348022,12.180225372314453,14.997600555419922
1997-10-09,9.349151611328125,6.799240589141846,72.89915466308594,16.900869369506836,25.509965896606445,10.757730484008789,5.547105312347412,5.828943252563477,14.851439476013184,7.907183647155762,4.4088921546936035,64.47920227050781,19.278581619262695,6.612281322479248,47.753604888916016,29.40348243713379,16.169147491455078,1.784288763999939,13.034109115600586,15.408203125
1997-10-10,10.279553413391113,7.258624076843262,72.82090759277344,17.549728393554688,25.732757568359375,10.940173149108887,5.586169719696045,5.787331581115723,14.949163436889648,7.7124505043029785,4.5109782218933105,64.54279327392578,19.4022159576416,6.766612529754639,48.92530059814453,29.76524543762207,16.449796676635742,1.78705632686615,13.475031852722168,15.732978820800781
1997-10-13,10.491732597351074,6.932159423828125,73.27967834472656,17.340618133544922,25.472835540771484,10.83194637298584,5.586169719696045,5.729712963104248,15.003286361694336,7.945621490478516,4.468868732452393,64.32345581054688,19.087987899780273,6.686784744262695,48.02509307861328,29.542028427124023,16.159282684326172,1.7535250186920166,13.275004386901855,15.705142974853516
1997-10-14,9.743019104003906,6.7584309577941895,74.58052825927734,16.89472198486328,25.522340774536133,10.88605785369873,5.468978404998779,5.800134181976318,15.061925888061523,7.707327365875244,4.499494552612305,61.8410530090332,18.639829635620117,6.612281322479248,48.2180061340332,28.772300720214844,15.660469055175781,1.7415270805358887,13.040563583374023,15.589150428771973
1997-10-15,9.808867454528809,6.907674789428711,74.08393859863281,17.21761131286621,25.522340774536133,10.853590965270996,5.468978404998779,5.813576698303223,15.028849601745605,8.109601974487305,4.7317423820495605,63.172813415527344,19.03389549255371,6.638890266418457,48.98245620727539,29.372695922851562,16.00579833984375,1.7473721504211426,13.257797241210938,15.821131706237793
1997-10-16,9.861300468444824,7.063911437988281,75.78961944580078,17.94026756286621,25.55947494506836,10.853590965270996,5.468978404998779,5.843667030334473,15.033357620239258,8.255654335021973,4.768749713897705,63.91979217529297,19.281158447265625,6.74000358581543,50.197017669677734,29.561277389526367,16.084733963012695,1.764291524887085,13.971877098083496,16.54490852355957
1997-10-17,9.907638549804688,7.106467247009277,77.02301788330078,17.798812866210938,25.6461181640625,10.822665214538574,5.508042335510254,5.831502914428711,15.101012229919434,8.260775566101074,4.750884056091309,63.7481575012207,20.63593864440918,6.689447402954102,49.646888732910156,29.280319213867188,16.126388549804688,1.8565829992294312,14.759086608886719,16.767616271972656
1997-10-20,10.00640869140625,7.551279067993164,78.39945983886719,18.124773025512695,25.720382690429688,10.818029403686523,5.453352451324463,5.787331581115723,15.101012229919434,7.8584980964660645,4.696010589599609,63.7481575012207,20.419580459594727,6.601637363433838,48.61093521118164,28.907001495361328,16.04197883605957,1.895037055015564,14.733275413513184,16.816329956054688
1997-10-21,9.96373176574707,7.300597190856934,78.34819030761719,17.598928451538086,25.596603393554688,10.821122169494629,5.381083965301514,5.7802863121032715,15.261890411376953,7.310173988342285,4.542881965637207,63.95792007446289,20.254741668701172,6.396749973297119,47.80361557006836,28.46441078186035,15.471906661987305,1.8116676807403564,14.48377799987793,16.336132049560547
1997-10-22,10.056405067443848,7.3647260665893555,77.71124267578125,17.423646926879883,26.537296295166016,10.697430610656738,5.381083965301514,5.790531158447266,15.228811264038086,7.307611465454102,4.499494552612305,63.570152282714844,19.79628562927246,6.330229759216309,47.31064987182617,28.891613006591797,15.786542892456055,1.8476619720458984,14.645089149475098,16.447479248046875
1997-10-23,9.888129234313965,7.284856796264648,75.86522674560547,16.913175582885742,26.054569244384766,10.64177131652832,5.586169719696045,5.8007731437683105,15.08146858215332,7.274299621582031,4.412720680236816,62.97897720336914,20.138843536376953,6.237097263336182,47.746456146240234,27.63311767578125,15.530012130737305,1.836586356163025,14.36117935180664,16.368608474731445
1997-10-24,9.656442642211914,6.855788707733154,75.01237487792969,16.768648147583008,25.670862197875977,10.584567070007324,5.586169719696045,5.746356964111328,14.905560493469238,6.9950127601623535,4.320842266082764,62.4258918762207,20.05127716064453,6.218472480773926,47.57499694824219,28.179611206054688,15.19454574584961,1.7781356573104858,14.240735054016113,16.35468864440918
1997-10-27,18.456859588623047,6.804485321044922,73.80598449707031,16.85167121887207,24.495012283325195,10.140840530395508,5.508042335510254,5.6336822509765625,14.46203327178955,6.82077693939209,4.313183784484863,62.457679748535156,19.75507164001465,6.17057466506958,46.489044189453125,28.479806900024414,15.161662101745605,1.7725979089736938,14.408495903015137,16.38252830505371
1997-10-28,16.63995361328125,6.139895439147949,67.74430847167969,15.286437034606934,22.502241134643555,9.431180953979492,5.293190002441406,5.25981330871582,13.582490921020508,6.3518805503845215,3.8933517932891846,57.435646057128906,17.795019149780273,5.806035041809082,43.252593994140625,26.713289260864258,14.376717567443848,1.7289133071899414,13.399751663208008,15.992801666259766
1997-10-29,18.24955940246582,6.738612174987793,73.2203140258789,16.5472354888916,24.408367156982422,10.091361999511719,5.351786136627197,5.512046813964844,14.465042114257812,6.692664623260498,4.183023929595947,60.531490325927734,19.435701370239258,6.290313720703125,46.63192367553711,28.00642967224121,15.130966186523438,1.7765971422195435,14.23642635345459,16.530994415283203
1997-10-30,17.681325912475586,6.558470249176025,69.2232894897461,16.138242721557617,24.1484375,9.936748504638672,5.351786136627197,5.505644798278809,14.370319366455078,6.736223220825195,4.103907108306885,59.73051834106445,19.304338455200195,6.114697456359863,45.56740188598633,27.994888305664062,15.10684585571289,1.7765971422195435,14.163302421569824,16.6098690032959
1997-10-31,17.681325912475586,6.558470249176025,69.2232894897461,16.138242721557617,24.1484375,9.936748504638672,5.351786136627197,5.505644798278809,14.370319366455078,6.736223220825195,4.103907108306885,59.73051834106445,19.304338455200195,6.114697456359863,45.56740188598633,27.994888305664062,15.10684585571289,1.7765971422195435,14.163302421569824,16.6098690032959
1997-11-03,17.695955276489258,6.639504909515381,70.25696563720703,15.839960098266602,24.371234893798828,9.751220703125,5.3513946533203125,5.505644798278809,14.326716423034668,6.505618572235107,4.094972610473633,59.81950378417969,19.026168823242188,6.061478614807129,46.767662048339844,27.7100830078125,14.746166229248047,1.7535250186920166,14.120285987854004,16.42428970336914
1997-11-04,17.274045944213867,6.654662132263184,71.57940673828125,15.97526741027832,24.544517517089844,9.562599182128906,5.0861496925354,5.472995758056641,14.549242973327637,6.29038667678833,4.0860419273376465,61.21169662475586,19.139503479003906,6.002939224243164,48.61808776855469,27.58308219909668,14.207886695861816,1.753832221031189,14.281596183776855,16.459083557128906
1997-11-05,8.908947944641113,6.542147636413574,71.57670593261719,15.935288429260254,24.532146453857422,9.622901916503906,5.0861496925354,5.403214931488037,14.553747177124023,6.24170446395874,4.138360977172852,62.044471740722656,18.632099151611328,6.03753137588501,47.73217010498047,27.32522201538086,14.306554794311523,1.7839806079864502,14.479475975036621,16.47068214416504
1997-11-06,8.8040771484375,6.616770267486572,71.12062072753906,15.978340148925781,24.3959903717041,9.285847663879395,5.0861496925354,5.302706718444824,14.410910606384277,6.380066394805908,4.144741535186768,60.858882904052734,18.83042335510254,5.994958877563477,47.753604888916016,27.032730102539062,14.098258018493652,1.765830636024475,14.492380142211914,16.551876068115234
1997-11-07,8.708964347839355,6.563718795776367,71.55511474609375,15.858407974243164,24.123685836791992,9.305948257446289,5.156466007232666,5.275177478790283,14.421438217163086,6.300636291503906,4.147293567657471,58.8627815246582,18.51619529724121,5.811356544494629,48.32516860961914,27.102001190185547,14.75713062286377,1.7535250186920166,14.36548137664795,17.67698097229004
1997-11-10,8.513859748840332,6.534568786621094,72.19205474853516,15.809205055236816,23.913267135620117,9.616710662841797,5.211153507232666,5.505005836486816,14.428959846496582,6.105901718139648,4.1128387451171875,57.11778259277344,18.431201934814453,5.720887184143066,48.603797912597656,27.348316192626953,14.794402122497559,1.7227606773376465,14.027799606323242,17.326692581176758
1997-11-11,8.557760238647461,6.605690956115723,73.0232925415039,16.00293731689453,23.93802261352539,9.584244728088379,5.3127217292785645,5.376966953277588,14.275604248046875,5.993164539337158,4.110286712646484,56.35811996459961,18.673309326171875,5.6836347579956055,48.63237380981445,27.32906723022461,14.387677192687988,1.7227606773376465,14.391291618347168,17.41252899169922
1997-11-12,8.255349159240723,6.459946155548096,70.3783950805664,15.624699592590332,22.26706886291504,9.493023872375488,5.3127217292785645,5.2745361328125,13.789973258972168,6.131524562835693,4.03499698638916,55.71925354003906,18.01395034790039,5.5159993171691895,47.69645309448242,27.390647888183594,14.518134117126465,1.70430326461792,13.978328704833984,17.39164924621582
1997-11-13,7.999272346496582,6.329944133758545,69.6712875366211,14.981995582580566,21.512039184570312,9.493023872375488,5.292016983032227,5.18298864364624,13.42162036895752,6.118713855743408,3.9367384910583496,55.693809509277344,17.449886322021484,5.321755886077881,47.3678092956543,27.33291244506836,14.123476028442383,1.698150873184204,13.599780082702637,17.42412757873535
1997-11-14,7.999272346496582,6.329944133758545,69.6712875366211,14.981995582580566,21.512039184570312,9.493023872375488,5.292016983032227,5.18298864364624,13.42162036895752,6.118713855743408,3.9367384910583496,55.693809509277344,17.449886322021484,5.321755886077881,47.3678092956543,27.33291244506836,14.123476028442383,1.698150873184204,13.599780082702637,17.42412757873535
1997-11-17,8.155360221862793,6.298463344573975,70.18949127197266,15.197261810302734,21.41301727294922,9.471379280090332,5.321314334869385,5.198354244232178,13.29232120513916,6.246829032897949,3.9341862201690674,55.30921173095703,17.558063507080078,5.380294322967529,45.18159484863281,27.37140655517578,13.550115585327148,1.691997766494751,13.37824535369873,18.224462509155273
1997-11-18,7.970007419586182,6.121822357177734,69.3447265625,14.966619491577148,21.115964889526367,9.496115684509277,5.420147895812988,5.198354244232178,13.092357635498047,6.218643665313721,3.884418249130249,53.948829650878906,16.540693283081055,5.316434383392334,46.51046371459961,26.659414291381836,13.612605094909668,1.7073792219161987,13.201874732971191,17.512279510498047
1997-11-19,7.672474384307861,5.709659099578857,68.15451049804688,14.622208595275879,20.23716163635254,9.386341094970703,5.483041286468506,5.211157321929932,13.314874649047852,6.244266986846924,3.7963688373565674,54.613121032714844,15.937992095947266,5.324415683746338,44.888671875,25.504825592041016,13.521614074707031,1.6929205656051636,12.825478553771973,16.80241584777832
1997-11-20,7.577359199523926,5.892714500427246,69.61194610595703,14.64066219329834,20.311424255371094,9.275022506713867,5.3908491134643555,5.287980079650879,13.540399551391602,6.323697090148926,3.774675130844116,54.71482467651367,16.180103302001953,5.356346130371094,45.31733703613281,24.727401733398438,13.557787895202637,1.6606190204620361,12.96528148651123,16.772254943847656
1997-11-21,7.579801082611084,6.314205646514893,70.78594207763672,14.612983703613281,20.13814353942871,9.5084867477417,5.399054050445557,5.309746742248535,14.087664604187012,6.321132183074951,3.518181324005127,54.48916244506836,16.424781799316406,5.3270769119262695,45.70314025878906,25.789621353149414,13.679472923278809,1.6646184921264648,13.201874732971191,17.574913024902344
1997-11-24,7.233490467071533,6.276310443878174,69.84942626953125,13.592041969299316,19.779193878173828,9.88727855682373,5.289282321929932,5.437785625457764,13.755392074584961,6.159712791442871,3.271895170211792,53.859806060791016,16.213579177856445,5.252573013305664,44.25282669067383,25.535606384277344,13.455838203430176,1.6612337827682495,12.726539611816406,17.389328002929688
1997-11-25,7.682228088378906,6.515330791473389,73.2203140258789,13.558218002319336,20.039119720458984,9.680099487304688,5.2060770988464355,5.420500755310059,13.777945518493652,6.231455326080322,3.3586695194244385,54.368385314941406,17.473066329956055,5.308452129364014,44.6314811706543,26.78256607055664,13.354975700378418,1.6741549968719482,12.930867195129395,18.038875579833984
1997-11-26,7.984641075134277,6.691972255706787,73.8356704711914,13.330657958984375,20.60848617553711,9.697107315063477,5.234592914581299,5.377607822418213,14.155325889587402,6.251952648162842,3.3676021099090576,52.63609313964844,17.200048446655273,5.199355125427246,44.417144775390625,25.870445251464844,13.395541191101074,1.7289133071899414,13.100786209106445,17.987838745117188
1997-11-27,8.143163681030273,6.9187493324279785,75.20668029785156,13.91185474395752,21.41301727294922,9.650723457336426,5.234592914581299,5.3135881423950195,14.305668830871582,6.405689716339111,3.446719169616699,53.43070602416992,18.003644943237305,5.364329814910889,46.0246467590332,26.19757652282715,13.747445106506348,1.7273759841918945,13.53310489654541,18.667545318603516
1997-11-28,7.7383222579956055,6.705380916595459,74.20539093017578,13.465963363647461,20.79414939880371,9.62444019317627,5.234592914581299,5.455070972442627,14.26807975769043,6.3390703201293945,3.319110870361328,53.01751708984375,17.4653377532959,5.316434383392334,44.888671875,25.939720153808594,13.471182823181152,1.6366236209869385,13.242742538452148,18.226787567138672
1997-12-01,7.838311672210693,6.854039669036865,74.6399154663086,13.964131355285645,20.447574615478516,9.520853996276855,5.234592914581299,5.4678754806518555,14.391366958618164,6.333944797515869,3.317835569381714,51.91774368286133,18.201967239379883,5.3137736320495605,43.266883850097656,26.04363250732422,13.374711990356445,1.6304705142974854,13.133049011230469,18.61882781982422
1997-12-02,7.709055423736572,6.950232028961182,75.32814025878906,13.924155235290527,20.29904556274414,9.148247718811035,4.97676944732666,5.339197158813477,14.367318153381348,6.162273406982422,3.2884840965270996,52.632911682128906,18.037132263183594,5.319095134735107,41.98802185058594,25.566402435302734,13.368131637573242,1.5843247175216675,13.11799430847168,18.58171272277832
1997-12-03,7.7383222579956055,7.323916435241699,74.6048583984375,13.635096549987793,20.497087478637695,9.372428894042969,4.97676944732666,5.30078649520874,14.155325889587402,6.251952648162842,3.2808279991149902,52.66468811035156,17.985620498657227,5.321755886077881,41.552207946777344,25.670310974121094,13.462411880493164,1.5504851341247559,13.178214073181152,19.143108367919922
1997-12-04,7.845630645751953,7.192746639251709,73.31208038330078,13.321429252624512,20.42282485961914,9.174529075622559,4.97676944732666,5.230363368988037,13.848612785339355,6.234014511108398,3.2234036922454834,51.50453567504883,17.48851203918457,5.297805309295654,41.33073043823242,24.981407165527344,13.369231224060059,1.5197213888168335,12.911511421203613,19.14542579650879
1997-12-05,7.965128421783447,7.29127311706543,72.44573974609375,13.10617446899414,20.55897331237793,9.237916946411133,4.97676944732666,5.120891094207764,13.69525146484375,6.123838424682617,3.16215181350708,49.88031768798828,17.29534912109375,5.372311592102051,40.0947380065918,24.55036735534668,13.154354095458984,1.5012627840042114,12.795366287231445,19.66738510131836
1997-12-08,8.172430038452148,7.2685346603393555,72.04632568359375,13.382932662963867,20.633243560791016,9.276572227478027,4.97676944732666,5.029344081878662,13.689244270324707,6.257075786590576,3.1315252780914307,49.870784759521484,17.120203018188477,5.5319647789001465,40.087589263916016,24.277114868164062,13.06994342803955,1.4920339584350586,12.741596221923828,20.235736846923828
1997-12-09,7.606629371643066,6.5514750480651855,69.92228698730469,13.115400314331055,20.38568687438965,9.152883529663086,4.9220805168151855,4.853931903839111,13.546409606933594,6.049532890319824,3.0638926029205322,49.76590347290039,17.315948486328125,5.465443134307861,38.95876693725586,24.55805778503418,12.829855918884277,1.5163377523422241,12.593185424804688,19.53515625
1997-12-10,7.521268844604492,6.3695855140686035,68.47032928466797,12.780208587646484,20.150516510009766,9.214726448059082,5.156466007232666,4.80847692489624,13.678715705871582,6.000851154327393,3.0141255855560303,49.8326530456543,16.857492446899414,5.380294322967529,36.743988037109375,24.939077377319336,12.497679710388184,1.448657751083374,12.414666175842285,19.20109748840332
1997-12-11,7.613943099975586,6.6628217697143555,67.19105529785156,12.958568572998047,20.23716163635254,9.166797637939453,5.000208377838135,4.720770359039307,13.340436935424805,5.982913017272949,3.089414119720459,47.903297424316406,16.901281356811523,5.436172962188721,37.82994079589844,23.330350875854492,12.004350662231445,1.4572715759277344,12.25765609741211,19.110626220703125
1997-12-12,7.33836030960083,6.465777397155762,66.65666961669922,12.995467185974121,20.175275802612305,9.12196159362793,5.000208377838135,4.6862006187438965,13.206624031066895,6.005974769592285,3.125145196914673,45.099853515625,16.75446891784668,5.409564971923828,38.39435958862305,22.39128875732422,11.971460342407227,1.458194613456726,12.317878723144531,19.103670120239258
1997-12-15,7.543216705322266,6.526407241821289,67.6552505493164,13.152299880981445,20.29904556274414,9.152883529663086,5.000208377838135,4.609377384185791,13.205119132995605,6.095652103424072,3.243821859359741,44.813777923583984,17.169143676757812,5.420207977294922,39.43744659423828,21.53689193725586,11.975847244262695,1.439736247062683,12.702879905700684,19.24517822265625
1997-12-16,7.621258735656738,6.573045253753662,71.05044555664062,13.625869750976562,20.47233009338379,9.137421607971191,5.000208377838135,4.494144439697266,13.272774696350098,5.972663402557373,3.2833805084228516,44.90277862548828,17.282470703125,5.497375011444092,41.323585510253906,21.94485092163086,11.904587745666504,1.452041506767273,13.010451316833496,19.361167907714844
1997-12-17,7.665158748626709,6.90067720413208,71.25821685791016,13.770406723022461,20.311424255371094,9.247198104858398,5.000208377838135,4.7105278968811035,13.830568313598633,6.182773113250732,3.2808279991149902,46.31403350830078,17.686843872070312,5.694277286529541,40.7591667175293,22.610658645629883,12.098633766174316,1.4388129711151123,13.37824535369873,19.340290069580078
1997-12-18,7.667594909667969,6.7584309577941895,71.64419555664062,13.70582389831543,20.596107482910156,9.261110305786133,5.000208377838135,4.673396110534668,13.833574295043945,6.146900177001953,3.25020170211792,46.876644134521484,17.33140754699707,5.643721580505371,40.07331085205078,23.403472900390625,12.253207206726074,1.372056245803833,13.296514511108398,19.321733474731445
1997-12-19,7.840752601623535,6.870364665985107,75.16889953613281,13.853426933288574,20.905542373657227,9.177620887756348,5.078337669372559,4.836645603179932,13.998961448669434,6.175084590911865,3.278275489807129,47.01012420654297,17.71517562866211,5.744833469390869,40.787750244140625,23.372684478759766,12.320080757141113,1.3535977602005005,13.44706916809082,19.252134323120117
1997-12-22,7.938305854797363,7.111716270446777,76.47784423828125,14.290099143981934,21.660566329956055,9.206995964050293,5.117400646209717,5.012699127197266,14.239519119262695,6.21095609664917,3.3203868865966797,47.995460510253906,18.402870178222656,5.904488563537598,40.594852447509766,23.357297897338867,12.466983795166016,1.3772861957550049,13.662158012390137,19.115262985229492
1997-12-23,8.026102066040039,7.227725505828857,75.68438720703125,14.428476333618164,23.158248901367188,8.746258735656738,5.117400646209717,4.962123394012451,14.122247695922852,6.280138969421387,3.36887788772583,46.92430877685547,17.97531509399414,5.891180038452148,40.23762512207031,23.788341522216797,12.725708961486816,1.3877452611923218,14.027799606323242,18.816015243530273
1997-12-24,7.930985927581787,7.0703229904174805,75.66548156738281,14.265496253967285,22.044273376464844,9.264203071594238,5.117400646209717,5.115128517150879,14.373329162597656,6.305758953094482,3.3203868865966797,46.51428985595703,17.874866485595703,5.845947742462158,39.080230712890625,23.834514617919922,12.830951690673828,1.3695952892303467,14.021347999572754,18.966798782348633
1997-12-25,7.930985927581787,7.0703229904174805,75.66548156738281,14.265496253967285,22.044273376464844,9.264203071594238,5.117400646209717,5.115128517150879,14.373329162597656,6.305758953094482,3.3203868865966797,46.51428985595703,17.874866485595703,5.845947742462158,39.080230712890625,23.834514617919922,12.830951690673828,1.3695952892303467,14.021347999572754,18.966798782348633
1997-12-26,8.1212158203125,7.2009100914001465,75.1473159790039,14.769817352294922,22.427968978881836,9.058577537536621,5.117400646209717,5.102325916290283,14.272592544555664,6.526117324829102,3.375258684158325,46.19643020629883,17.828506469726562,5.845947742462158,39.45173263549805,24.011560440063477,12.758594512939453,1.348060965538025,14.036402702331543,18.528356552124023
1997-12-29,8.26510238647461,7.209071636199951,75.09330749511719,14.880517959594727,22.84881019592285,8.851398468017578,5.117400646209717,5.211157321929932,14.640947341918945,6.536364555358887,3.4811737537384033,47.118202209472656,18.29983901977539,5.907148361206055,42.95252227783203,24.542667388916016,13.120369911193848,1.3409850597381592,13.909501075744629,18.546913146972656
1997-12-30,8.074878692626953,7.0703229904174805,73.67910766601562,14.760589599609375,22.34132957458496,8.557635307312012,5.117400646209717,5.111929416656494,14.603357315063477,6.29038667678833,3.4314069747924805,46.99741744995117,17.872285842895508,5.824660301208496,42.223793029785156,24.546520233154297,13.604928970336914,1.341292381286621,13.741738319396973,18.748735427856445
1997-12-31,8.179744720458984,7.259206295013428,75.43069458007812,15.065027236938477,22.972579956054688,8.780274391174316,5.13302755355835,5.377607822418213,14.866469383239746,6.367255687713623,3.463308334350586,47.65855407714844,18.279245376586914,5.856593132019043,42.545291900634766,25.300846099853516,13.949167251586914,1.3772861957550049,13.915953636169434,18.88328742980957
1998-01-01,8.255349159240723,7.30468225479126,75.56565856933594,15.151134490966797,23.13349151611328,8.794190406799316,5.383034706115723,5.339197158813477,14.668011665344238,6.4876813888549805,3.460756778717041,47.90965270996094,18.111818313598633,5.872557640075684,42.90251159667969,24.900583267211914,13.90092945098877,1.4437353610992432,13.939613342285156,18.693056106567383
1998-01-02,8.25778865814209,7.277863502502441,75.75724792480469,15.32026481628418,23.07159996032715,8.655041694641113,5.6486735343933105,5.538935661315918,14.558259963989258,6.508180618286133,3.6011271476745605,48.26564407348633,18.001060485839844,6.064141750335693,43.74555969238281,24.98910903930664,13.923948287963867,1.5064929723739624,14.27299690246582,18.586347579956055
1998-01-05,8.411430358886719,7.197994709014893,76.89888000488281,15.231083869934082,22.960203170776367,8.780274391174316,5.703361988067627,5.581829071044922,14.652976989746094,6.684978008270264,3.620267152786255,49.4130744934082,17.988189697265625,6.412714958190918,42.67387771606445,25.08147621154785,13.973280906677246,1.565866231918335,14.595621109008789,18.94127655029297
1998-01-06,8.343146324157715,7.1548542976379395,75.76261901855469,15.240304946899414,22.526994705200195,8.426219940185547,5.781491756439209,5.410896301269531,14.322206497192383,6.538926124572754,3.5641205310821533,49.08568572998047,17.627601623535156,6.290313720703125,41.830841064453125,24.569608688354492,13.865851402282715,1.4981868267059326,14.2213716506958,18.667545318603516
1998-01-07,8.426065444946289,7.181673049926758,75.31465148925781,15.243386268615723,22.51461410522461,8.587011337280273,5.781491756439209,5.529973030090332,14.33574104309082,6.587611198425293,3.571776866912842,47.54093551635742,17.501399993896484,6.30627965927124,41.88800048828125,24.85055923461914,13.859270095825195,1.538179874420166,14.397747993469238,18.87401008605957
1998-01-08,8.20901107788086,6.9747161865234375,74.88823699951172,14.67756175994873,21.858612060546875,8.367467880249023,5.781491756439209,5.332795143127441,14.075637817382812,6.48512077331543,3.4492714405059814,45.85951232910156,16.999147415161133,6.25040340423584,41.230709075927734,24.61578941345215,13.287006378173828,1.4908032417297363,13.995534896850586,18.57939338684082
1998-01-09,7.999272346496582,6.949065685272217,74.66423034667969,14.385424613952637,21.1778507232666,8.22368049621582,5.781491756439209,5.214357852935791,14.177875518798828,6.136650562286377,3.3356993198394775,44.060462951660156,16.656597137451172,6.104054927825928,40.294776916503906,23.865306854248047,12.93729019165039,1.4145097732543945,13.868637084960938,18.143264770507812
1998-01-12,7.628576278686523,6.754350662231445,72.72101593017578,14.108661651611328,20.620861053466797,7.594419479370117,5.774068832397461,5.142016410827637,13.907249450683594,5.785618305206299,3.168532133102417,40.30984115600586,15.997222900390625,6.005600929260254,38.722999572753906,23.468902587890625,12.495488166809082,1.3535977602005005,13.773998260498047,17.7906551361084
1998-01-13,7.701738357543945,6.886686325073242,70.62942504882812,14.45615291595459,20.05150032043457,7.67017936706543,5.468978404998779,5.172746181488037,13.905740737915039,5.77793025970459,3.1825687885284424,40.20176696777344,16.223886489868164,6.010922431945801,39.13737487792969,23.86915397644043,12.517414093017578,1.3539059162139893,14.090171813964844,18.15950584411621
1998-01-14,7.552973747253418,6.792243480682373,71.65767669677734,14.293172836303711,18.62809181213379,7.708830833435059,5.468978404998779,5.159942150115967,13.898223876953125,5.585761070251465,3.1659791469573975,41.756046295166016,16.138893127441406,5.986976146697998,36.58681106567383,23.661331176757812,12.721323013305664,1.390514850616455,14.27299690246582,18.3497314453125
1998-01-15,7.628576278686523,6.867448806762695,71.73052215576172,14.505355834960938,19.457380294799805,7.7273850440979,5.4611639976501465,5.121531009674072,13.817039489746094,5.32697057723999,3.183844804763794,41.79420471191406,14.910311698913574,5.909809112548828,34.879268646240234,22.10264015197754,12.677471160888672,1.4317368268966675,14.25578784942627,18.254613876342773
1998-01-16,7.667594909667969,6.905923366546631,71.65227508544922,15.065027236938477,19.704931259155273,7.736660957336426,5.4611639976501465,5.031906604766846,13.53889274597168,5.411526679992676,3.2348885536193848,41.864131927490234,15.051972389221191,5.907148361206055,35.82234573364258,21.267494201660156,12.814508438110352,1.4400434494018555,14.621429443359375,18.289413452148438
1998-01-19,7.8553876876831055,6.973549842834473,73.06647491455078,15.839960098266602,19.98961067199707,7.6933698654174805,5.234592914581299,5.121531009674072,13.531373977661133,5.473021030426025,3.3025219440460205,41.48271179199219,15.613466262817383,6.072123050689697,36.26530838012695,21.602319717407227,12.832046508789062,1.4314298629760742,14.873079299926758,18.783533096313477
1998-01-20,7.726128578186035,6.937988758087158,73.35257720947266,15.593945503234863,19.643043518066406,7.642345905303955,5.222874164581299,4.955722332000732,13.367496490478516,5.416650772094727,3.2872085571289062,41.07268142700195,15.86844253540039,5.99761962890625,35.950950622558594,21.39064598083496,12.932906150817871,1.3997437953948975,14.726820945739746,18.563156127929688
1998-01-21,7.745638847351074,6.907674789428711,73.13126373291016,15.412515640258789,20.187650680541992,7.991768836975098,5.156466007232666,4.967884063720703,13.520851135253906,5.485831260681152,3.3395280838012695,40.94236373901367,15.523317337036133,5.994958877563477,36.03668212890625,21.44452667236328,13.098444938659668,1.4218934774398804,14.62358283996582,18.500516891479492
1998-01-22,7.606629371643066,6.8155622482299805,72.42143249511719,14.858994483947754,19.85346031188965,7.8077802658081055,5.054899215698242,4.827043056488037,13.152499198913574,5.521704196929932,3.228508234024048,40.66582107543945,15.440897941589355,5.853930950164795,35.065040588378906,20.678646087646484,12.965794563293457,1.4031271934509277,14.408495903015137,18.403087615966797
1998-01-23,7.531024932861328,6.856952667236328,71.92486572265625,14.945100784301758,19.680173873901367,7.759854316711426,4.687694549560547,4.820643901824951,12.72099781036377,5.519141674041748,3.201709747314453,39.99833679199219,15.229689598083496,5.835303783416748,34.90785598754883,20.55934715270996,12.619367599487305,1.3834388256072998,14.4278564453125,18.3265323638916
1998-01-26,7.531024932861328,6.856952667236328,71.92486572265625,14.945100784301758,19.680173873901367,7.759854316711426,4.687694549560547,4.820643901824951,12.72099781036377,5.519141674041748,3.201709747314453,39.99833679199219,15.229689598083496,5.835303783416748,34.90785598754883,20.55934715270996,12.619367599487305,1.3834388256072998,14.4278564453125,18.3265323638916
1998-01-27,7.389571189880371,6.786997318267822,71.00725555419922,14.794413566589355,18.9622802734375,7.540306568145752,5.078337669372559,4.650350570678711,12.28348445892334,5.475582122802734,3.139181613922119,38.15799331665039,15.203939437866211,5.603808879852295,33.65043640136719,18.969860076904297,12.485620498657227,1.3535977602005005,14.25363540649414,18.04119110107422
1998-01-28,7.228611469268799,6.427884101867676,70.20567321777344,14.480753898620605,19.482133865356445,7.459909915924072,5.119353294372559,4.482621669769287,11.782821655273438,5.432023048400879,3.1213161945343018,37.33794021606445,14.026874542236328,5.630416393280029,33.600425720214844,18.08468246459961,12.488909721374512,1.3659034967422485,14.0858736038208,17.7744140625
1998-01-29,7.3017754554748535,6.45644998550415,69.58223724365234,14.573006629943848,19.72968292236328,7.190891742706299,4.781449794769287,4.468535900115967,11.548276901245117,5.411526679992676,3.1379058361053467,37.56996536254883,13.761582374572754,5.675653457641602,33.45752716064453,18.738941192626953,12.27623176574707,1.3659034967422485,14.049307823181152,17.723384857177734
1998-01-30,7.521268844604492,6.537483215332031,72.7588119506836,15.040425300598145,20.24953842163086,6.924959182739258,5.156466007232666,4.375068187713623,11.833939552307129,5.424336910247803,3.2221269607543945,38.02448654174805,14.19686222076416,5.744833469390869,33.86476516723633,19.235416412353516,12.559070587158203,1.372056245803833,14.54830265045166,17.955360412597656
1998-02-02,7.645646095275879,6.666321277618408,73.46324157714844,15.184955596923828,20.43520164489746,7.15532922744751,5.156466007232666,4.398113250732422,12.286487579345703,5.44483757019043,3.2348885536193848,39.97291564941406,14.505940437316895,5.723547458648682,33.19318389892578,19.066078186035156,12.534952163696289,1.4274301528930664,14.516039848327637,18.233741760253906
1998-02-03,7.762709617614746,6.788747310638428,74.00028228759766,15.046576499938965,20.373315811157227,7.294478893280029,4.883017063140869,4.346899032592773,12.758584976196289,5.41921329498291,3.200434446334839,38.70469284057617,14.508517265319824,5.609129905700684,31.79288101196289,18.092376708984375,12.475754737854004,1.4182014465332031,14.494528770446777,18.245336532592773
1998-02-04,7.526146411895752,6.7881622314453125,75.32543182373047,14.699090003967285,19.940101623535156,7.438264846801758,4.883017063140869,4.481340408325195,12.734527587890625,5.467895984649658,3.174912452697754,38.793697357177734,14.583207130432129,5.603808879852295,32.21440124511719,17.892248153686523,12.548110961914062,1.4403516054153442,14.260088920593262,18.11774444580078
1998-02-05,7.616380214691162,6.943816184997559,76.77743530273438,14.717538833618164,19.964855194091797,7.416618347167969,4.883017063140869,4.6337056159973145,12.749567031860352,5.462772369384766,3.1863975524902344,38.65700912475586,14.745475769042969,5.5851826667785645,32.5359001159668,18.026945114135742,12.477947235107422,1.415124773979187,14.490230560302734,18.164140701293945
1998-02-06,7.628576278686523,6.936822414398193,76.73961639404297,14.88667106628418,19.95247459411621,7.572774410247803,5.273656845092773,4.506307125091553,12.782639503479004,5.3756537437438965,3.174912452697754,38.83182907104492,14.851075172424316,5.563895225524902,32.207252502441406,17.526626586914062,12.499872207641602,1.390514850616455,14.875232696533203,18.071352005004883
1998-02-09,7.709055423736572,6.886686325073242,76.44277954101562,14.868218421936035,19.828702926635742,7.456816673278809,5.273656845092773,4.514630317687988,12.399252891540527,5.380778789520264,3.1353540420532227,39.20689392089844,14.817588806152344,5.574540138244629,33.371795654296875,17.796031951904297,12.607309341430664,1.3865152597427368,14.879531860351562,17.994792938232422
1998-02-10,7.674914836883545,6.8447113037109375,75.16079711914062,14.662188529968262,19.123188018798828,7.475371360778809,5.273656845092773,4.436526298522949,12.64882755279541,5.255227088928223,3.0945188999176025,39.07975769042969,14.596087455749512,5.476086616516113,32.72879409790039,17.41501808166504,12.607309341430664,1.3569815158843994,14.91179370880127,17.89272689819336
1998-02-11,7.438348293304443,6.9170002937316895,74.35651397705078,14.47152328491211,19.42024803161621,7.4197096824646,5.273656845092773,4.48198127746582,12.54659366607666,5.303908824920654,3.070272922515869,39.37853240966797,14.137624740600586,5.558575630187988,32.60733413696289,16.68378448486328,12.607309341430664,1.372056245803833,14.625734329223633,17.781373977661133
1998-02-12,7.279827117919922,6.908838748931885,74.50768280029297,14.576081275939941,19.23458480834961,7.543397903442383,4.9220805168151855,4.343698978424072,12.37369155883789,5.309033393859863,3.075378179550171,39.17828369140625,14.199435234069824,5.476086616516113,32.5216064453125,16.40283203125,12.094245910644531,1.3535977602005005,14.44936466217041,17.67698097229004
1998-02-13,7.35786771774292,7.0790696144104,80.10243225097656,14.779041290283203,19.06130027770996,7.510929107666016,4.9220805168151855,4.340497016906738,12.633796691894531,5.329533100128174,3.1225931644439697,39.4579963684082,14.410645484924316,5.436172962188721,33.52897644042969,16.441314697265625,12.168791770935059,1.3659034967422485,14.264389991760254,17.700180053710938
1998-02-16,7.35786771774292,7.0790696144104,80.10243225097656,14.779041290283203,19.06130027770996,7.510929107666016,4.9220805168151855,4.340497016906738,12.633796691894531,5.329533100128174,3.1225931644439697,39.4579963684082,14.410645484924316,5.436172962188721,33.52897644042969,16.441314697265625,12.168791770935059,1.3659034967422485,14.264389991760254,17.700180053710938
1998-02-17,7.379818916320801,7.29593563079834,83.62987518310547,14.911271095275879,18.739486694335938,7.475371360778809,4.996692180633545,4.405797958374023,12.68341064453125,5.355156421661377,3.1276967525482178,39.51202392578125,14.902594566345215,5.446815490722656,34.11482620239258,16.733808517456055,12.358449935913086,1.3769782781600952,14.105229377746582,18.19198226928711
1998-02-18,7.321288585662842,7.193914413452148,82.3182144165039,14.73598861694336,18.99941635131836,7.537215232849121,4.996692180633545,4.410276412963867,12.5931978225708,5.421774387359619,3.1072797775268555,39.07339096069336,15.070005416870117,5.53728723526001,33.96479034423828,17.06479263305664,12.426421165466309,1.3997437953948975,14.20201587677002,18.289413452148438
1998-02-19,7.4529805183410645,7.296515464782715,82.74462127685547,14.858994483947754,19.160316467285156,7.534121513366699,4.996692180633545,4.506307125091553,12.666871070861816,5.434586524963379,3.117488145828247,38.51397705078125,15.131820678710938,5.5851826667785645,33.950496673583984,17.796031951904297,12.571131706237793,1.4335829019546509,14.363327980041504,18.164140701293945
1998-02-20,7.333480358123779,7.255708694458008,82.49364471435547,14.791338920593262,19.04892349243164,7.4150710105896,5.078337669372559,4.649068355560303,12.414284706115723,5.483268737792969,3.084310293197632,38.698326110839844,14.81243896484375,5.630416393280029,33.164608001708984,17.7075138092041,12.75531005859375,1.41327965259552,14.374085426330566,18.702342987060547
1998-02-23,7.448106288909912,7.313423156738281,83.61904907226562,15.154204368591309,19.6182861328125,7.546492576599121,5.070522308349609,4.670197486877441,12.62778377532959,5.585761070251465,3.1187641620635986,38.94307327270508,14.943798065185547,5.824660301208496,33.45039367675781,17.934581756591797,13.03266716003418,1.4483497142791748,14.619281768798828,19.061914443969727
1998-02-24,7.448106288909912,7.430600166320801,82.5260009765625,15.341787338256836,20.076250076293945,7.767579555511475,5.3908491134643555,4.63498592376709,12.657853126525879,5.895795822143555,3.114935874938965,38.64430236816406,15.296660423278809,5.822000980377197,33.421810150146484,18.023099899291992,12.83533763885498,1.452041506767273,14.544000625610352,19.333330154418945
1998-02-25,7.665158748626709,7.5425310134887695,83.18184661865234,15.587799072265625,20.781768798828125,7.96084451675415,5.3127217292785645,4.731655597686768,12.817218780517578,6.385191440582275,3.2055392265319824,39.197357177734375,15.968902587890625,6.010922431945801,35.20792770385742,18.823617935180664,13.327570915222168,1.4741910696029663,14.79134750366211,20.015352249145508
1998-02-26,7.672474384307861,7.5256266593933105,82.73651123046875,15.553971290588379,21.19022560119629,8.028873443603516,5.234592914581299,4.800796031951904,13.647144317626953,6.321132183074951,3.2234036922454834,39.594669342041016,16.775068283081055,5.99761962890625,35.3936882019043,18.765884399414062,13.362649917602539,1.4701918363571167,14.756936073303223,19.86456871032715
1998-02-27,7.813925743103027,7.789130210876465,82.87149047851562,15.77230453491211,20.97980308532715,8.154108047485352,5.031459331512451,4.840487003326416,13.907249450683594,6.328820705413818,3.379086494445801,40.70079040527344,16.473722457885742,5.978992462158203,35.62229919433594,18.9467716217041,13.73100471496582,1.4717302322387695,15.352718353271484,20.579071044921875
1998-03-02,8.150479316711426,8.235107421875,85.82133483886719,16.55338478088379,21.573925018310547,8.253058433532715,5.000208377838135,4.86545467376709,13.946337699890137,6.275014400482178,3.5283894538879395,43.72356033325195,16.65916633605957,6.2716875076293945,36.643959045410156,20.840290069580078,14.031384468078613,1.4738835096359253,15.634480476379395,19.95503807067871
1998-03-03,7.826117992401123,8.24209976196289,82.1832504272461,16.06443977355957,20.509464263916016,7.674815654754639,4.9185638427734375,4.790551662445068,13.842596054077148,5.854797840118408,3.356117010116577,41.7052001953125,15.91223430633545,5.915130138397217,34.43632888793945,21.432981491088867,13.80007266998291,1.3428308963775635,14.892436027526855,19.024799346923828
1998-03-04,8.106582641601562,8.263090133666992,84.6959228515625,17.07923126220703,21.153091430664062,8.052064895629883,4.81465482711792,4.926912784576416,13.681720733642578,6.149461269378662,3.476069927215576,42.3758659362793,16.476301193237305,6.194523811340332,35.47941589355469,21.890962600708008,14.007266998291016,1.445888876914978,15.395735740661621,19.952722549438477
1998-03-05,8.133406639099121,8.14941120147705,84.33966827392578,16.759416580200195,21.10358238220215,7.977849960327148,4.81465482711792,4.852650165557861,13.869657516479492,6.052093505859375,3.439063549041748,41.98809051513672,16.234188079833984,6.093410491943359,35.22221755981445,21.698537826538086,13.706886291503906,1.41204833984375,15.221515655517578,20.077991485595703
1998-03-06,8.084632873535156,8.182058334350586,84.00768280029297,16.787092208862305,21.227357864379883,7.803141117095947,4.81465482711792,4.798875331878662,13.626093864440918,6.02903413772583,3.432682752609253,41.92768859863281,16.3243350982666,6.080105781555176,35.122196197509766,21.521495819091797,13.805551528930664,1.372056245803833,15.126875877380371,19.97591781616211
1998-03-09,8.818713188171387,8.495113372802734,85.0440444946289,16.96852684020996,21.536794662475586,7.945384979248047,5.07599401473999,4.750860691070557,13.574978828430176,6.046970844268799,3.4926586151123047,42.18832778930664,16.38614845275879,6.109375953674316,35.843788146972656,21.636959075927734,13.791298866271973,1.3954362869262695,15.339814186096191,19.945758819580078
1998-03-10,8.606536865234375,8.559240341186523,83.7135238647461,17.14688491821289,21.375890731811523,7.541854381561279,5.044352054595947,4.727813720703125,13.173547744750977,5.91117000579834,3.53859806060791,42.00079345703125,15.886480331420898,6.013583183288574,35.436546325683594,20.71328353881836,13.57094669342041,1.3788238763809204,15.010737419128418,19.999116897583008
1998-03-11,8.389482498168945,8.412330627441406,85.94012451171875,16.845518112182617,21.54917335510254,7.685639381408691,5.044352054595947,4.699004650115967,13.266761779785156,5.957291126251221,3.4747936725616455,42.3599739074707,15.863296508789062,6.05881929397583,35.065040588378906,20.6747989654541,13.583006858825684,1.3689799308776855,15.021485328674316,20.038558959960938
1998-03-12,8.306561470031738,8.507940292358398,85.56764221191406,16.787092208862305,21.28925323486328,7.5588579177856445,5.044352054595947,4.718209743499756,13.131450653076172,5.93935489654541,3.464585304260254,42.3695068359375,15.852993965148926,6.018906116485596,34.522056579589844,20.724836349487305,13.615894317626953,1.3625195026397705,15.169896125793457,19.85761070251465
1998-03-13,8.306561470031738,8.507940292358398,85.56764221191406,16.787092208862305,21.28925323486328,7.5588579177856445,5.044352054595947,4.718209743499756,13.131450653076172,5.93935489654541,3.464585304260254,42.3695068359375,15.852993965148926,6.018906116485596,34.522056579589844,20.724836349487305,13.615894317626953,1.3625195026397705,15.169896125793457,19.85761070251465
1998-03-16,8.60165786743164,8.474710464477539,85.41109466552734,17.026954650878906,21.586307525634766,7.6516242027282715,5.093961715698242,4.7438178062438965,13.199106216430664,5.85736083984375,3.5449788570404053,42.66192626953125,16.963090896606445,6.143966197967529,35.15790939331055,20.774864196777344,13.763890266418457,1.3858994245529175,15.217215538024902,20.145267486572266
1998-03-17,8.526054382324219,8.282325744628906,85.48128509521484,16.89472198486328,21.25210952758789,7.336221694946289,4.804888725280762,4.661874771118164,12.799174308776855,5.785618305206299,3.655998468399048,42.3758659362793,17.066118240356445,6.101393699645996,34.90785598754883,20.343820571899414,13.59615707397461,1.3249882459640503,15.189254760742188,19.74857521057129
1998-03-18,8.718720436096191,8.381433486938477,86.64608764648438,17.196086883544922,21.784347534179688,7.586688041687012,4.724414825439453,4.687480926513672,12.957040786743164,6.000851154327393,3.75170636177063,43.030635833740234,17.40352439880371,6.327568054199219,36.165287017822266,20.7479305267334,13.769376754760742,1.402820110321045,16.204450607299805,20.562829971313477
1998-03-19,8.594344139099121,8.495697975158691,86.58363342285156,17.042329788208008,21.598684310913086,7.561951160430908,4.567377090454102,4.7367753982543945,12.714980125427246,5.988037109375,3.7363932132720947,42.59200668334961,17.648202896118164,6.343532562255859,37.572750091552734,20.836444854736328,13.769376754760742,1.481574296951294,16.869062423706055,22.263254165649414
1998-03-20,8.650436401367188,8.479374885559082,86.51304626464844,17.070009231567383,21.487279891967773,7.500105857849121,4.3779168128967285,4.733577251434326,12.751065254211426,6.008535861968994,3.818060874938965,41.78466796875,18.068035125732422,6.338212013244629,39.237403869628906,20.178327560424805,13.713461875915527,1.5338729619979858,17.740154266357422,22.4720401763916
1998-03-23,8.789444923400879,8.552830696105957,88.51410675048828,17.21761131286621,21.660566329956055,7.500105857849121,4.164236068725586,4.733577251434326,12.839775085449219,6.046970844268799,3.8793141841888428,41.95630645751953,18.64754867553711,6.399411201477051,39.90184020996094,20.23990821838379,13.725523948669434,1.538179874420166,17.85199737548828,22.400127410888672
1998-03-24,8.716282844543457,8.40067195892334,88.09327697753906,17.488224029541016,21.33875274658203,7.736660957336426,4.259161949157715,4.801436424255371,12.657853126525879,6.07003116607666,3.8703815937042236,42.08343505859375,18.341053009033203,6.378124237060547,40.69486618041992,21.113542556762695,13.87242317199707,1.6113964319229126,18.439178466796875,21.59746551513672
1998-03-25,8.96747875213623,8.470629692077637,87.54205322265625,17.783435821533203,22.749786376953125,8.511256217956543,4.072044849395752,4.929473400115967,12.935995101928711,6.395440578460693,3.9392905235290527,42.18196487426758,18.8098201751709,6.867725849151611,40.923492431640625,21.178972244262695,15.041069030761719,1.6803078651428223,19.318872451782227,22.091588973999023
1998-03-26,8.752864837646484,8.317891120910645,86.65422821044922,17.325244903564453,22.51461410522461,8.43085765838623,4.220098495483398,4.891702651977539,12.830750465393066,6.313446998596191,3.847412109375,42.83993148803711,18.61922836303711,6.644211769104004,39.44459533691406,20.89417266845703,15.152889251708984,1.5997065305709839,18.29507064819336,21.810895919799805
1998-03-27,8.799201965332031,8.3587007522583,86.77368927001953,17.528202056884766,22.3660888671875,8.494246482849121,4.462687015533447,4.862894058227539,13.214139938354492,6.341630935668945,3.892075300216675,43.45655822753906,18.66815948486328,6.641550540924072,41.68080520629883,21.032724380493164,15.226338386535645,1.6113964319229126,18.088592529296875,21.713457107543945
1998-03-30,8.647994995117188,8.14824390411377,86.47772979736328,17.208389282226562,21.970006942749023,8.239142417907715,4.453310966491699,4.857131004333496,12.96606731414795,6.275014400482178,3.802748441696167,43.335777282714844,18.44922637939453,6.41537618637085,40.53055953979492,21.02887535095215,14.762612342834473,1.5572527647018433,17.54657745361328,21.806249618530273
1998-03-31,8.535809516906738,8.2910737991333,86.47232055664062,17.15303611755371,20.707502365112305,8.523622512817383,4.541594982147217,4.743178367614746,13.262249946594238,6.134087562561035,3.7593626976013184,42.42990493774414,18.54452896118164,6.298296928405762,41.552207946777344,20.98653793334961,14.731912612915039,1.4388129711151123,17.14006996154785,21.701858520507812
1998-04-01,8.918701171875,8.819249153137207,87.48779296875,17.635831832885742,21.30162239074707,8.65813159942627,4.2251763343811035,4.992853164672852,13.370501518249512,6.7490339279174805,3.8818671703338623,42.89395523071289,18.948898315429688,6.524471759796143,41.752254486083984,22.8762149810791,14.913896560668945,1.5431021451950073,18.383256912231445,23.870887756347656
1998-04-02,8.869926452636719,8.934093475341797,86.83612060546875,17.55587387084961,22.824052810668945,8.689053535461426,3.954461097717285,4.999892234802246,13.558440208435059,6.5338029861450195,3.913768768310547,43.214996337890625,20.298526763916016,6.590994834899902,45.23160934448242,23.09173583984375,15.2658052444458,1.5197213888168335,18.804824829101562,23.32805824279785
1998-04-03,9.021132469177246,9.111902236938477,86.58363342285156,17.943340301513672,22.58888053894043,8.713794708251953,3.9353199005126953,4.967884063720703,13.537388801574707,6.513306617736816,3.991610050201416,42.760467529296875,22.116926193237305,6.575030326843262,46.096092224121094,23.14946746826172,15.915904998779297,1.5135687589645386,19.185518264770508,23.323408126831055
1998-04-06,9.016253471374512,9.115983009338379,87.55024719238281,18.001768112182617,24.111303329467773,8.75399398803711,3.9083664417266846,4.9102678298950195,13.469732284545898,6.444121837615967,4.226410865783691,43.41206359863281,21.66619300842285,6.606960296630859,45.753150939941406,23.095582962036133,15.357892990112305,1.5246435403823853,18.955379486083984,23.83144760131836
1998-04-07,9.040644645690918,9.203429222106934,89.1385726928711,18.364633560180664,23.999914169311523,9.0137357711792,3.9392268657684326,5.120250225067139,13.185569763183594,6.346757888793945,4.183023929595947,44.1176872253418,20.993953704833984,6.540436267852783,43.93846130371094,22.452865600585938,15.621004104614258,1.5532532930374146,18.97903823852539,23.520593643188477
1998-04-08,9.040644645690918,9.203429222106934,89.1385726928711,18.364633560180664,23.999914169311523,9.0137357711792,3.9392268657684326,5.120250225067139,13.185569763183594,6.346757888793945,4.183023929595947,44.1176872253418,20.993953704833984,6.540436267852783,43.93846130371094,22.452865600585938,15.621004104614258,1.5532532930374146,18.97903823852539,23.520593643188477
1998-04-09,9.728384971618652,9.043691635131836,88.63357543945312,18.6044921875,23.64096450805664,9.899648666381836,4.201737880706787,5.031906604766846,13.379525184631348,6.490245342254639,4.181746959686279,45.665618896484375,21.61467933654785,6.891674518585205,42.38811492919922,23.399625778198242,16.161470413208008,1.779982328414917,20.028654098510742,24.406768798828125
1998-04-10,9.508893013000488,8.936429977416992,87.94120025634766,18.539915084838867,23.492431640625,9.596611976623535,4.205643177032471,5.05623197555542,13.349452018737793,6.357005596160889,4.157501220703125,44.64849853515625,20.919261932373047,6.708072185516357,41.83798599243164,22.868515014648438,15.701037406921387,1.7402960062026978,19.684513092041016,23.938159942626953
1998-04-13,9.228429794311523,8.79476547241211,86.03787994384766,17.91567039489746,22.03189468383789,8.96426010131836,4.125173091888428,4.986449718475342,12.90592098236084,6.011100769042969,4.055415153503418,43.53602600097656,20.058990478515625,6.449968338012695,40.251922607421875,22.268129348754883,16.17462921142578,1.66523277759552,18.847835540771484,23.863924026489258
1998-04-14,9.228429794311523,8.79476547241211,86.03787994384766,17.91567039489746,22.03189468383789,8.96426010131836,4.125173091888428,4.986449718475342,12.90592098236084,6.011100769042969,4.055415153503418,43.53602600097656,20.058990478515625,6.449968338012695,40.251922607421875,22.268129348754883,16.17462921142578,1.66523277759552,18.847835540771484,23.863924026489258
1998-04-15,9.694241523742676,9.089749336242676,87.35745239257812,18.675222396850586,24.160818099975586,9.414173126220703,4.224785327911377,4.9934916496276855,13.230682373046875,6.454370975494385,4.203441143035889,46.80352020263672,21.46271324157715,6.7373433113098145,41.73082733154297,22.452865600585938,17.792743682861328,1.790132999420166,19.682369232177734,25.984241485595703
1998-04-16,9.508893013000488,8.984228134155273,87.485107421875,18.23548126220703,25.955549240112305,9.231729507446289,4.179861545562744,5.042787075042725,13.173547744750977,6.357005596160889,4.149846076965332,48.0908317565918,21.009401321411133,6.80918550491333,40.509117126464844,22.37974739074707,18.263057708740234,1.9061118364334106,19.267253875732422,25.302209854125977
1998-04-17,9.701560020446777,9.177779197692871,87.69955444335938,18.318504333496094,27.29231834411621,9.03692626953125,4.1154069900512695,5.202834606170654,12.934490203857422,6.303199768066406,4.165158271789551,52.09255599975586,21.39317512512207,6.803864002227783,41.07353591918945,22.568323135375977,19.71782684326172,1.9562571048736572,19.198429107666016,25.749935150146484
1998-04-20,9.647905349731445,9.019793510437012,88.35932922363281,18.213958740234375,27.52748680114746,9.157522201538086,4.125953674316406,5.302706718444824,13.054773330688477,6.231455326080322,4.13580846786499,53.815311431884766,21.480741500854492,6.6042985916137695,40.61627960205078,22.56447410583496,18.867109298706055,1.9670240879058838,20.471723556518555,25.916961669921875
1998-04-21,9.718629837036133,9.13813591003418,89.63544464111328,18.364633560180664,27.539867401123047,8.941070556640625,4.1411895751953125,5.149698734283447,13.114908218383789,6.341630935668945,4.110286712646484,53.8884162902832,21.5013484954834,6.527132987976074,40.180477142333984,22.44131851196289,19.166399002075195,2.0799269676208496,20.878231048583984,27.652179718017578
1998-04-22,9.660099029541016,9.075758934020996,89.19832611083984,18.229331970214844,27.416091918945312,8.828206062316895,4.164628028869629,5.138815879821777,13.250224113464355,6.390315055847168,4.1345319747924805,51.377403259277344,21.282424926757812,6.423357963562012,40.6234245300293,23.076339721679688,19.163108825683594,2.191598653793335,22.231111526489258,26.84953498840332
1998-04-23,9.31135082244873,8.962079048156738,87.485107421875,17.92181396484375,26.636308670043945,8.600927352905273,4.156033515930176,5.239965915679932,13.157007217407227,6.218643665313721,3.952052116394043,50.46198654174805,20.85228157043457,6.018906116485596,39.70893859863281,23.037853240966797,17.452896118164062,2.057161808013916,20.865325927734375,26.39484405517578
1998-04-24,9.345495223999023,9.004053115844727,86.70307922363281,18.1555233001709,26.165971755981445,8.390658378601074,4.098607540130615,5.134335517883301,13.0111665725708,6.121276378631592,3.89717960357666,47.24851608276367,20.849721908569336,5.883201599121094,40.001861572265625,22.69148063659668,16.609851837158203,1.9313381910324097,21.17289924621582,26.90056610107422
1998-04-27,9.177218437194824,8.94808578491211,86.75740051269531,18.07864761352539,27.03213119506836,8.358189582824707,4.122047424316406,5.121531009674072,12.788653373718262,6.072592258453369,3.7963688373565674,47.71257400512695,20.77501678466797,5.859251976013184,39.69466018676758,22.229642868041992,17.039596557617188,1.908572793006897,20.837369918823242,27.139503479003906
1998-04-28,9.023571968078613,8.869967460632324,85.37537384033203,18.026369094848633,27.975866317749023,8.304078102111816,4.140798091888428,5.104245185852051,12.474424362182617,5.818929195404053,3.731288194656372,45.81183624267578,20.046117782592773,5.776765823364258,39.33741760253906,21.987180709838867,16.608760833740234,1.7289133071899414,19.342527389526367,25.993513107299805
1998-04-29,9.289402961730957,8.90727710723877,85.65506744384766,17.632755279541016,26.85114288330078,8.344277381896973,4.127124786376953,5.126013278961182,12.4458589553833,6.013661861419678,3.871657371520996,47.490081787109375,20.08475685119629,5.861913681030273,39.351715087890625,22.32586097717285,16.69646453857422,1.7615234851837158,20.03725814819336,26.513154983520508
1998-04-30,9.362565994262695,9.222670555114746,85.87226104736328,17.718856811523438,26.553802490234375,8.441678047180176,4.130249977111816,5.121531009674072,12.14816951751709,6.075155735015869,3.8767621517181396,48.11307144165039,20.324289321899414,5.944401264190674,39.70893859863281,22.383588790893555,16.6646671295166,1.8335107564926147,20.248035430908203,26.986391067504883
1998-05-01,9.362565994262695,9.222670555114746,85.87226104736328,17.718856811523438,26.553802490234375,8.441678047180176,4.130249977111816,5.121531009674072,12.14816951751709,6.075155735015869,3.8767621517181396,48.11307144165039,20.324289321899414,5.944401264190674,39.70893859863281,22.383588790893555,16.6646671295166,1.8335107564926147,20.248035430908203,26.986391067504883
1998-05-04,9.499138832092285,9.423213005065918,90.20833587646484,17.78958511352539,26.90285873413086,8.433952331542969,4.138454437255859,5.035105228424072,12.269952774047852,6.072592258453369,3.976296901702881,49.69914627075195,20.70290756225586,5.9630279541015625,40.41624450683594,22.683780670166016,18.327743530273438,1.9953267574310303,20.904043197631836,28.11150550842285
1998-05-05,9.501577377319336,9.324105262756348,88.66344451904297,17.76498794555664,27.148481369018555,8.709151268005371,4.406435012817383,4.9934916496276855,12.127118110656738,6.049532890319824,4.072004795074463,50.7321662902832,20.723508834838867,6.143966197967529,40.580570220947266,22.679933547973633,17.574586868286133,2.046701669692993,20.538400650024414,28.16950035095215
1998-05-06,9.610796928405762,9.19176959991455,88.70415496826172,17.346771240234375,26.39866828918457,8.681324005126953,4.493546485900879,5.11897087097168,12.109078407287598,6.062346458435059,3.9775731563568115,50.54145812988281,20.298526763916016,6.077444553375244,39.93756103515625,22.595264434814453,17.17444610595703,1.9368762969970703,20.181360244750977,28.31797218322754
1998-05-07,9.610796928405762,9.19176959991455,88.70415496826172,17.346771240234375,26.39866828918457,8.681324005126953,4.493546485900879,5.11897087097168,12.109078407287598,6.062346458435059,3.9775731563568115,50.54145812988281,20.298526763916016,6.077444553375244,39.93756103515625,22.595264434814453,17.17444610595703,1.9368762969970703,20.181360244750977,28.31797218322754
1998-05-08,9.565485000610352,9.198766708374023,87.72402954101562,17.100759506225586,25.816917419433594,8.608658790588379,4.409167289733887,5.003094673156738,12.139148712158203,6.121276378631592,3.9852294921875,48.840946197509766,20.411861419677734,6.077444553375244,39.16596221923828,22.329710006713867,16.663572311401367,1.8867307901382446,19.92325782775879,27.833133697509766
1998-05-11,9.603243827819824,9.141053199768066,88.03356170654297,17.134586334228516,26.16596794128418,8.634942054748535,4.533782958984375,4.86545467376709,12.032398223876953,6.021346092224121,4.006923198699951,45.24288558959961,20.42473602294922,6.138644695281982,38.07285690307617,22.41438102722168,17.21281623840332,1.902420163154602,19.858734130859375,27.833133697509766
1998-05-12,9.331382751464844,9.016879081726074,85.8967056274414,16.23357391357422,25.054176330566406,8.378289222717285,4.511125087738037,5.00245475769043,11.93166446685791,5.952167510986328,3.9175972938537598,43.95875930786133,20.18777847290039,6.03753137588501,37.136932373046875,21.533044815063477,16.774301528930664,1.8067452907562256,18.970430374145508,26.34844207763672
1998-05-13,8.800243377685547,8.826828002929688,84.88665771484375,15.781526565551758,22.559097290039062,8.164925575256348,4.450185775756836,4.878899097442627,11.336282730102539,5.921419143676758,3.7644665241241455,44.13676834106445,19.435701370239258,5.829983234405518,36.936885833740234,20.39769744873047,16.654804229736328,1.7356821298599243,18.11009407043457,24.770977020263672
1998-05-14,8.996589660644531,9.27804946899414,86.24153137207031,16.10749053955078,21.511945724487305,8.001039505004883,4.525578498840332,4.86545467376709,11.406946182250977,5.913732528686523,3.8869712352752686,45.43358612060547,19.677799224853516,5.939078330993652,38.965911865234375,20.57858657836914,16.902565002441406,1.7661381959915161,19.675912857055664,26.042226791381836
1998-05-15,8.921072959899902,9.33926010131836,86.59992980957031,15.532441139221191,20.9431209564209,8.13245677947998,4.549799919128418,4.776468753814697,11.364851951599121,5.895795822143555,3.847412109375,44.24165344238281,19.582504272460938,5.901827812194824,38.14430618286133,20.33612060546875,17.45948028564453,1.7135323286056519,19.168315887451172,25.70122528076172
1998-05-18,9.019244194030762,9.360251426696777,86.55915832519531,15.735405921936035,21.27924156188965,8.16956615447998,4.670506954193115,4.743178367614746,11.712156295776367,6.013661861419678,3.8984546661376953,44.05729675292969,19.38675880432129,5.949722766876221,40.001861572265625,20.39000129699707,17.39480209350586,1.8042848110198975,19.987781524658203,27.155746459960938
1998-05-19,9.107349395751953,9.347423553466797,87.5801010131836,15.624699592590332,20.930185317993164,8.008771896362305,4.724414825439453,4.763021945953369,11.35132122039795,5.890672206878662,3.9711921215057373,44.292510986328125,19.98687744140625,5.790069580078125,39.86610794067383,19.766523361206055,17.992273330688477,1.9848670959472656,20.389995574951172,28.085988998413086
1998-05-20,9.223142623901367,9.62900161743164,89.09516906738281,16.03061294555664,21.705862045288086,8.151013374328613,4.918174743652344,4.853931903839111,11.381389617919922,5.903482437133789,3.9597079753875732,44.47050476074219,19.863248825073242,5.776765823364258,39.91612243652344,19.608732223510742,18.20714569091797,2.1835994720458984,20.818010330200195,28.563858032226562
1998-05-21,9.112384796142578,9.521149635314941,89.63273620605469,15.667754173278809,21.42144775390625,8.1309175491333,4.776371479034424,4.814239501953125,11.1588773727417,5.839425563812256,3.8729352951049805,43.173675537109375,19.680381774902344,5.638400554656982,38.78730773925781,19.55870246887207,18.43517303466797,2.0710058212280273,20.319013595581055,27.802978515625
1998-05-22,9.155174255371094,9.405725479125977,90.6129379272461,15.793828010559082,21.240459442138672,8.112359046936035,4.7896528244018555,4.775830268859863,11.022056579589844,5.790742874145508,3.8601725101470947,43.2722053527832,19.7138614654541,5.691616535186768,38.701568603515625,19.504817962646484,18.275114059448242,2.122380256652832,20.3663330078125,27.448036193847656
1998-05-25,9.190417289733887,9.28271484375,89.93956756591797,15.649295806884766,21.098251342773438,8.03969669342041,4.7908244132995605,4.745097637176514,11.067166328430176,5.718998908996582,3.793816566467285,43.26902389526367,19.721590042114258,5.688957214355469,38.2228889465332,19.797313690185547,18.58536720275879,2.268815040588379,20.23943328857422,27.735698699951172
1998-05-26,9.155174255371094,9.057104110717773,88.16384887695312,15.363316535949707,20.490642547607422,7.894359111785889,4.722462177276611,4.396833419799805,11.134820938110352,5.670316219329834,3.686624526977539,42.388580322265625,19.59023666381836,5.462780475616455,37.37983703613281,19.770376205444336,18.25648307800293,2.2303600311279297,19.54901123046875,27.8632869720459
1998-05-27,8.739830017089844,8.299817085266113,88.01454162597656,15.126524925231934,20.581140518188477,7.812419891357422,4.766214370727539,4.603616714477539,11.197966575622559,5.726686000823975,3.6700360774993896,42.22966766357422,19.358421325683594,5.598485946655273,38.30862808227539,19.350873947143555,18.397899627685547,2.160527229309082,19.561918258666992,27.847042083740234
1998-05-28,8.372316360473633,8.327218055725098,86.91484832763672,14.960471153259277,20.387218475341797,7.96084451675415,4.773245811462402,4.5696868896484375,11.09572696685791,5.654940128326416,3.5028674602508545,41.295169830322266,19.322368621826172,5.484067916870117,36.751136779785156,18.835161209106445,19.190519332885742,2.1623735427856445,19.29091453552246,27.65682601928711
1998-05-29,8.400006294250488,8.022905349731445,86.74382019042969,14.889745712280273,19.66326332092285,7.9082770347595215,4.727151393890381,4.554960250854492,11.076183319091797,5.613943576812744,3.8486881256103516,38.990753173828125,18.626949310302734,5.393598556518555,35.80805969238281,18.688913345336914,19.1729736328125,2.095308542251587,19.641498565673828,27.640575408935547
1998-06-01,8.31945514678955,7.793212890625,85.52203369140625,14.548402786254883,19.68911361694336,7.7273850440979,4.663865089416504,4.716289043426514,11.182930946350098,5.724124431610107,3.856344699859619,40.487823486328125,17.64305877685547,5.5053558349609375,34.071956634521484,17.37653350830078,19.042518615722656,2.1063833236694336,19.497392654418945,27.320446014404297
1998-06-02,7.831112861633301,7.451588153839111,84.58529663085938,13.979509353637695,18.822948455810547,7.218719482421875,4.554876804351807,4.5088677406311035,10.933347702026367,5.316721439361572,3.8614490032196045,41.63526916503906,16.084796905517578,5.28184175491333,32.7930908203125,15.867876052856445,18.506433486938477,2.0051705837249756,18.729541778564453,26.742813110351562
1998-06-03,8.347143173217773,7.7098469734191895,85.95103454589844,13.272233009338379,18.900514602661133,7.540306568145752,4.596285343170166,4.6337056159973145,11.36635684967041,5.28853702545166,4.074556827545166,43.07514190673828,16.9450626373291,5.332398414611816,31.278467178344727,16.460559844970703,18.4296932220459,2.0020947456359863,19.194124221801758,27.800655364990234
1998-06-04,8.22631549835205,7.67020320892334,85.46771240234375,12.912439346313477,19.19785499572754,7.569682598114014,4.595502853393555,4.7124481201171875,11.427999496459961,5.324409484863281,4.020960807800293,43.0465202331543,16.59992218017578,5.343043327331543,31.02840805053711,16.225793838500977,18.145755767822266,1.9814828634262085,18.923118591308594,28.17181968688965
1998-06-05,7.9544548988342285,7.483069896697998,85.26677703857422,12.260515213012695,17.568946838378906,7.068744659423828,4.538862705230713,4.6221818923950195,11.48663330078125,5.063056945800781,3.7912638187408447,42.544315338134766,15.278626441955566,5.079615116119385,29.86386489868164,15.475316047668457,16.53092384338379,1.9230321645736694,17.632612228393555,26.87504768371582
1998-06-08,7.833629131317139,7.2662034034729,82.72811889648438,12.014504432678223,17.465526580810547,6.433302402496338,4.568551063537598,4.532555103302002,12.079008102416992,4.617221355438232,3.681520938873291,42.1152229309082,15.420289039611816,4.770954608917236,28.92079734802246,15.625408172607422,15.596885681152344,1.8276649713516235,16.576549530029297,25.02847671508789
1998-06-09,7.79335355758667,7.515131950378418,86.45877075195312,12.34354019165039,17.517236709594727,6.436392307281494,4.54081392288208,4.7438178062438965,13.044245719909668,4.668467044830322,3.6662073135375977,42.18516159057617,15.791173934936523,4.741683483123779,30.30147933959961,15.833231925964355,16.44212532043457,1.8882689476013184,16.509872436523438,27.52691078186035
1998-06-10,7.534077167510986,7.1670966148376465,83.87661743164062,11.879199028015137,17.517236709594727,6.431754112243652,4.533782958984375,4.756620407104492,12.509005546569824,4.791455268859863,3.4926586151123047,42.27733612060547,15.033942222595215,4.747005462646484,28.810638427734375,16.171916961669922,15.805179595947266,1.9048819541931152,16.094758987426758,25.33932876586914
1998-06-11,7.637284755706787,7.278445243835449,83.9363784790039,12.119057655334473,16.715713500976562,6.31734561920166,4.4814372062683105,4.673396110534668,12.157188415527344,4.832451820373535,3.4582042694091797,41.69247817993164,14.82016658782959,4.677821636199951,28.810638427734375,16.58371353149414,16.092409133911133,1.8559678792953491,15.99151611328125,25.21870231628418
1998-06-12,7.639801979064941,7.4958953857421875,84.59884643554688,12.512677192687988,16.883771896362305,6.467316150665283,4.443543910980225,4.613858699798584,12.424808502197266,4.829888820648193,3.557738780975342,42.02304458618164,14.745475769042969,4.669840335845947,29.28799819946289,16.341257095336914,16.488168716430664,1.8396626710891724,16.081851959228516,26.03063201904297
1998-06-15,7.335216045379639,7.051084995269775,80.7026138305664,11.823846817016602,16.573501586914062,6.201388359069824,4.104077339172363,4.3725080490112305,11.799359321594238,4.806829929351807,3.30890154838562,39.33720779418945,13.27479076385498,4.689287185668945,27.261043548583984,15.55228042602539,15.493831634521484,1.6852293014526367,15.455960273742676,25.053993225097656
1998-06-16,7.299975395202637,7.1496076583862305,83.41776275634766,11.983752250671387,16.289091110229492,5.887531757354736,3.7911736965179443,4.255992412567139,11.29569149017334,4.696651935577393,3.2336127758026123,37.824249267578125,13.16403865814209,4.753180980682373,26.967281341552734,15.205906867980957,15.706515312194824,1.6058597564697266,14.924699783325195,24.889286041259766
1998-06-17,7.732937812805176,7.855009078979492,88.89696502685547,13.13385009765625,17.594802856445312,6.181288242340088,3.9650087356567383,4.506947994232178,11.85047721862793,4.804267406463623,3.460756778717041,41.60029602050781,13.61219596862793,5.228220462799072,29.390817642211914,16.59910774230957,16.58244514465332,1.7190696001052856,16.415233612060547,26.125747680664062
1998-06-18,7.496317386627197,7.7553181648254395,85.42697143554688,12.9247407913208,17.956787109375,6.1039838790893555,3.9540703296661377,4.353300094604492,11.62946605682373,4.7683939933776855,3.317835569381714,42.658756256103516,13.061012268066406,4.997645854949951,28.4581241607666,16.437463760375977,16.313858032226562,1.5504851341247559,16.68193817138672,25.673383712768555
1998-06-19,7.15146017074585,7.263288974761963,82.22038269042969,12.503449440002441,17.000123977661133,5.909175872802734,3.8302359580993652,4.2252631187438965,11.470096588134766,4.755581855773926,3.185121774673462,41.101280212402344,12.332110404968262,4.855967998504639,26.98197364807129,15.598464012145996,16.02772331237793,1.477883219718933,15.088163375854492,24.344131469726562
1998-06-22,7.005459308624268,7.177553176879883,79.98580169677734,12.112908363342285,16.302019119262695,5.848878383636475,3.698591947555542,4.146520614624023,11.504677772521973,4.486543655395508,3.0970709323883057,39.20689392089844,11.162773132324219,4.872635841369629,24.60984230041504,14.428483009338379,15.16823673248291,1.3892842531204224,14.961265563964844,24.163185119628906
1998-06-23,7.010493755340576,7.383082866668701,76.79822540283203,12.589552879333496,16.263235092163086,5.561305046081543,3.6442928314208984,4.161243438720703,11.802369117736816,4.632594108581543,3.071549415588379,39.899803161621094,10.137674331665039,4.942086219787598,25.109241485595703,14.593978881835938,14.821810722351074,1.4006669521331787,14.632185935974121,23.75257682800293
1998-06-24,7.254664421081543,7.549851417541504,80.06182098388672,13.02551555633545,17.07769012451172,5.80713415145874,3.6634345054626465,4.289281368255615,11.719676971435547,4.673590183258057,3.2106435298919678,41.361915588378906,11.149895668029785,5.092098712921143,25.762866973876953,15.171270370483398,15.60675048828125,1.5384869575500488,16.040992736816406,24.61554718017578
1998-06-25,7.415767669677734,7.667880058288574,80.23831176757812,13.254470825195312,17.336246490478516,5.875160217285156,3.7954704761505127,4.213099002838135,11.844463348388672,4.637718200683594,3.2514781951904297,42.604713439941406,11.999856948852539,5.225442409515381,26.108028411865234,16.675731658935547,15.366667747497559,1.690459132194519,16.84109878540039,25.682659149169922
1998-06-26,7.232009410858154,7.5210771560668945,80.47451782226562,13.05373764038086,16.85791778564453,6.05141544342041,4.037668704986572,4.257272720336914,11.697123527526855,4.630033016204834,3.1634278297424316,42.43625259399414,11.886526107788086,5.111543655395508,24.617189407348633,17.055803298950195,14.934728622436523,1.694766879081726,16.18939781188965,26.072385787963867
1998-06-29,7.362905979156494,7.745980739593506,81.0284194946289,13.304651260375977,16.8708438873291,5.9926652908325195,4.047433853149414,4.289281368255615,11.907610893249512,4.737648963928223,3.2387168407440186,43.04335021972656,12.648914337158203,5.222665786743164,24.543750762939453,17.293344497680664,15.041069030761719,1.7455257177352905,17.469146728515625,27.334365844726562
1998-06-30,7.226975440979004,7.6837358474731445,81.43569946289062,13.332880973815918,16.612287521362305,5.505645275115967,3.901334524154663,4.47749662399292,11.692610740661621,4.776081085205078,3.196605920791626,42.91521072387695,12.651487350463867,5.133767127990723,24.272022247314453,17.190412521362305,15.11670970916748,1.7912033796310425,17.245458602905273,26.179094314575195
1998-07-01,7.161526203155518,7.498760223388672,87.620849609375,13.02551555633545,16.819133758544922,5.562849998474121,3.917740821838379,4.289281368255615,11.602402687072754,4.760708332061768,3.1723592281341553,42.178462982177734,12.283175468444824,5.094876289367676,24.103113174438477,16.921194076538086,15.073952674865723,1.766019344329834,17.03898048400879,26.524755477905273
1998-07-02,7.169078350067139,7.475860595703125,81.85384368896484,12.887513160705566,16.63814353942871,5.5071916580200195,3.8646140098571777,4.060093402862549,11.44754409790039,4.709461688995361,3.1468379497528076,41.637081146240234,11.896829605102539,5.025425910949707,23.207136154174805,16.74303436279297,14.79659652709961,1.7159665822982788,16.718503952026367,26.304370880126953
1998-07-03,7.028113842010498,7.280903339385986,82.5977554321289,12.51427936553955,16.289091110229492,5.437616348266602,3.8353164196014404,4.097224235534668,10.876220703125,4.594160556793213,3.076653003692627,39.26341247558594,11.477002143859863,4.900415420532227,22.1716251373291,16.45401954650879,14.512656211853027,1.6432486772537231,16.20659828186035,26.216217041015625
1998-07-06,7.226975440979004,7.591541767120361,83.12450408935547,13.012968063354492,16.612287521362305,5.524198055267334,3.7997689247131348,4.139477252960205,10.536431312561035,4.612097263336182,3.15321946144104,39.356300354003906,11.858192443847656,4.922639846801758,23.001502990722656,16.093740463256836,14.756030082702637,1.700856328010559,17.776714324951172,28.350446701049805
1998-07-07,7.221940517425537,7.6396942138671875,82.59507751464844,13.561840057373047,16.314950942993164,5.459262371063232,3.634525775909424,4.026804447174072,10.643177032470703,4.586472034454346,3.1136603355407715,39.91368865966797,12.113186836242676,4.922639846801758,23.603721618652344,16.4144287109375,14.845927238464355,1.726669430732727,19.551162719726562,28.05118751525879
1998-07-08,7.345284461975098,7.944460391998291,84.57442474365234,13.452061653137207,16.676923751831055,5.893716812133789,3.7095301151275635,4.148440837860107,10.383073806762695,4.650529861450195,3.183844804763794,40.63443374633789,12.285747528076172,4.98653507232666,23.80935287475586,16.335247039794922,15.346932411193848,1.7764077186584473,21.106220245361328,29.102075576782227
1998-07-09,7.3478007316589355,8.091263771057129,86.8714370727539,13.452061653137207,16.728639602661133,5.907631874084473,3.7146077156066895,4.148440837860107,10.399614334106445,4.655654430389404,3.2055392265319824,42.54362869262695,12.625730514526367,5.005980014801025,25.711454391479492,16.256065368652344,15.819429397583008,1.766019344329834,19.96412467956543,29.0208683013916
1998-07-10,7.541629314422607,8.223973274230957,87.67241668701172,14.295760154724121,16.94841194152832,5.875160217285156,3.728280544281006,4.161243438720703,10.855170249938965,4.676153182983398,3.3267672061920166,42.005462646484375,13.14343547821045,5.15599250793457,25.88037109375,15.90766429901123,16.651517868041992,1.8201650381088257,21.215917587280273,29.802661895751953
1998-07-13,7.4359049797058105,7.95679235458374,85.98355865478516,13.61515998840332,17.155254364013672,5.766932487487793,3.6954662799835205,4.177248477935791,11.064154624938965,4.637718200683594,3.252753257751465,41.47050857543945,12.710725784301758,5.1059889793396,24.764070510864258,15.927462577819824,17.94074821472168,1.840311884880066,20.704015731811523,29.47323989868164
1998-07-14,7.4359049797058105,8.091849327087402,86.35281372070312,13.630836486816406,17.051830291748047,5.596864700317383,3.6708555221557617,4.175968170166016,11.14083480834961,4.5736613273620605,3.227231979370117,41.44167709350586,12.422258377075195,5.061539649963379,24.72735023498535,15.610726356506348,17.114147186279297,1.8560514450073242,21.033096313476562,29.55211067199707
1998-07-15,7.445973873138428,8.011991500854492,88.1285629272461,13.395610809326172,17.517236709594727,5.445348262786865,3.6642143726348877,4.283519744873047,11.47761344909668,4.686401844024658,3.2361648082733154,41.531368255615234,12.566494941711426,5.122656345367432,24.77141761779785,15.911625862121582,18.025165557861328,1.8497557640075684,20.93845558166504,29.28765296936035
1998-07-16,7.59700870513916,8.4541654586792,92.27188110351562,13.819028854370117,17.465526580810547,5.473177433013916,3.7021071910858154,4.314889430999756,11.427999496459961,4.824765205383301,3.30890154838562,41.544193267822266,13.550382614135742,5.15599250793457,25.3883113861084,16.497570037841797,18.63689422607422,1.8573111295700073,21.56435203552246,29.723779678344727
1998-07-17,7.518973350524902,8.185803413391113,92.4103775024414,13.643386840820312,17.297462463378906,5.575219631195068,3.7001543045043945,4.326413154602051,11.44754409790039,4.796578407287598,3.291036605834961,41.43526840209961,13.653407096862793,5.075429439544678,24.756725311279297,16.125415802001953,18.62921905517578,1.8654956817626953,21.76007843017578,29.861722946166992
1998-07-20,7.345284461975098,7.948572158813477,91.37860870361328,13.307792663574219,17.1294002532959,5.398965358734131,3.6626522541046143,4.209258556365967,11.197966575622559,4.69921350479126,3.196605920791626,41.33917236328125,12.599973678588867,5.0809855461120605,22.781185150146484,15.662198066711426,18.157814025878906,1.87021803855896,21.794492721557617,29.6746826171875
1998-07-21,7.1011152267456055,7.885149955749512,91.8863296508789,13.000420570373535,16.883771896362305,5.241263389587402,3.570852279663086,4.182371139526367,11.103245735168457,4.668467044830322,3.1213161945343018,40.2724609375,12.718452453613281,5.003201961517334,21.114089965820312,15.30984115600586,17.904571533203125,1.883439540863037,21.869775772094727,29.852367401123047
1998-07-22,7.091042995452881,7.958550930023193,90.97945404052734,13.091378211975098,16.961336135864258,5.414426803588867,3.622025728225708,4.1100287437438965,11.276142120361328,4.691526889801025,3.136629819869995,40.4710693359375,12.49437427520752,5.000424861907959,21.378475189208984,15.36922550201416,17.957195281982422,2.01061749458313,21.372926712036133,29.7518367767334
1998-07-23,6.831768989562988,7.648503303527832,89.37755584716797,12.529961585998535,16.715713500976562,5.329390525817871,3.5833518505096436,4.1068291664123535,10.798036575317383,4.545477390289307,2.8865160942077637,39.56452560424805,11.739716529846191,4.914303302764893,20.14468002319336,14.680343627929688,17.526351928710938,1.8913087844848633,20.93630599975586,29.3403377532959
1998-07-24,6.743664264678955,7.522838592529297,89.1385726928711,12.718149185180664,16.470081329345703,5.324753284454346,3.536085367202759,4.033206462860107,10.366538047790527,4.466045379638672,2.6580963134765625,39.54850387573242,11.366250991821289,4.867079734802246,18.543676376342773,13.508450508117676,17.655710220336914,1.874940037727356,20.81370735168457,29.471267700195312
1998-07-27,6.5825629234313965,7.411851406097412,88.85076904296875,12.210046768188477,16.224451065063477,5.272185325622559,3.4591288566589355,4.174048900604248,9.810248374938965,4.4045515060424805,2.57387375831604,38.94627380371094,10.560078620910645,4.853189468383789,17.280506134033203,12.42761516571045,17.48798370361328,1.9108271598815918,20.387836456298828,29.319297790527344
1998-07-28,6.763803005218506,7.583909511566162,89.44268035888672,12.636598587036133,15.991751670837402,5.329390525817871,3.4978017807006836,4.195173263549805,9.825281143188477,4.422488689422607,2.7129671573638916,39.478031158447266,11.098381996154785,4.880969047546387,18.66852569580078,12.376148223876953,17.51428985595703,1.8573111295700073,21.03955078125,29.553098678588867
1998-07-29,6.97273588180542,7.748327732086182,93.33080291748047,12.943964004516602,16.289091110229492,5.564396858215332,3.7587506771087646,4.264315128326416,10.118463516235352,4.627471446990967,2.7040352821350098,39.75992202758789,11.840165138244629,5.000424861907959,19.123859405517578,12.700791358947754,18.297040939331055,1.8969767093658447,22.30638885498047,29.938875198364258
1998-07-30,6.874560832977295,7.450610160827637,93.43942260742188,12.900056838989258,16.030532836914062,5.262908935546875,3.7489840984344482,4.226543426513672,9.74259090423584,4.691526889801025,2.6772372722625732,39.46841812133789,11.144746780395508,4.9476423263549805,19.219329833984375,12.451369285583496,18.267446517944336,1.876828908920288,21.942899703979492,31.493690490722656
1998-07-31,6.844357490539551,7.475860595703125,92.36418914794922,13.160379409790039,15.20315170288086,5.2551774978637695,3.7146077156066895,4.097224235534668,9.521578788757324,4.737648963928223,2.6096034049987793,39.29864501953125,11.219440460205078,4.930972576141357,19.366212844848633,12.32468032836914,18.13588523864746,1.867069959640503,22.89788055419922,32.940948486328125
1998-08-03,6.668149471282959,7.0577592849731445,90.64276123046875,12.705599784851074,15.125585556030273,5.236626148223877,3.7106597423553467,4.097864627838135,9.366718292236328,4.7043375968933105,2.535590887069702,37.43109130859375,10.709465026855469,4.875413417816162,18.88150405883789,11.43783950805664,17.94074821472168,1.8510143756866455,22.45265769958496,33.21684646606445
1998-08-04,6.708425998687744,7.056587219238281,90.50704956054688,12.746371269226074,15.022160530090332,5.21343469619751,3.7276368141174316,4.085062503814697,9.583220481872559,4.724836826324463,2.507517099380493,36.97941970825195,10.742944717407227,4.872635841369629,19.18995475769043,11.014216423034668,17.88483238220215,1.8576263189315796,22.450498580932617,32.81236267089844
1998-08-05,6.663115501403809,7.078315734863281,89.96673583984375,12.812236785888672,15.50049114227295,5.241263389587402,3.830281972885132,4.076098442077637,9.447906494140625,4.722273349761963,2.61470890045166,36.56298828125,10.79961109161377,4.900415420532227,20.416406631469727,11.639752388000488,18.15635871887207,1.8573111295700073,22.951648712158203,32.97134017944336
1998-08-06,6.55990743637085,6.998452186584473,89.52143096923828,12.686782836914062,15.422926902770996,5.298468589782715,3.833440065383911,4.031286716461182,9.09157943725586,4.640281677246094,2.5636651515960693,37.18764114379883,10.80733871459961,4.872635841369629,20.688135147094727,11.441800117492676,18.206026077270508,1.830553412437439,23.069944381713867,32.55283737182617
1998-08-07,6.554875373840332,6.960870742797852,89.30692291259766,12.636598587036133,15.280718803405762,5.278369426727295,3.857917070388794,3.7720072269439697,8.745779037475586,4.663341045379639,2.56494140625,37.08513641357422,10.732646942138672,4.836521148681641,21.371129989624023,10.966708183288574,18.352819442749023,1.8683297634124756,24.532514572143555,34.1427116394043
1998-08-10,6.3761491775512695,6.817588806152344,87.88418579101562,12.40450382232666,15.358283996582031,5.301559925079346,3.8796310424804688,3.5987768173217773,8.437561988830566,4.6018476486206055,2.5202786922454834,35.94474411010742,10.79961109161377,4.85874605178833,19.689348220825195,10.86376953125,18.525001525878906,1.8680142164230347,24.227096557617188,34.13103103637695
1998-08-11,6.25532341003418,6.745951175689697,88.45978546142578,12.250822067260742,15.035088539123535,5.199516773223877,3.816859483718872,3.461364507675171,8.0241060256958,4.5992841720581055,2.457749605178833,35.10226058959961,10.882030487060547,4.844855785369873,19.219329833984375,10.927116394042969,18.16187286376953,1.9124006032943726,24.0313663482666,35.58296203613281
1998-08-12,6.142046928405762,6.737139701843262,87.6860122680664,11.93090534210205,15.21607780456543,5.2551774978637695,3.750929117202759,3.3695380687713623,8.219557762145996,4.617221355438232,2.3837363719940186,33.85295867919922,10.830520629882812,4.811519145965576,19.4102725982666,11.030052185058594,18.08902359008789,1.9108271598815918,23.016170501708984,32.73753356933594
1998-08-13,6.192393779754639,6.862805366516113,88.29420471191406,12.219456672668457,15.293647766113281,5.320112705230713,3.815279483795166,3.3806092739105225,8.324800491333008,4.560849666595459,2.448817729949951,33.66074752807617,11.371399879455566,4.8643012046813965,20.00514030456543,11.861462593078613,18.109996795654297,1.9344372749328613,22.986061096191406,31.736841201782227
1998-08-14,6.0640130043029785,6.821113109588623,88.0172119140625,12.040678024291992,15.048020362854004,5.318565845489502,3.7548768520355225,3.404054641723633,8.210537910461426,4.5890350341796875,2.414362907409668,33.43011474609375,11.111263275146484,4.828186511993408,19.75544548034668,11.948564529418945,18.37379264831543,2.0033774375915527,22.633323669433594,32.33773422241211
1998-08-17,6.036323547363281,6.644948959350586,87.84343719482422,11.902677536010742,15.073872566223145,5.671570301055908,3.7371103763580322,3.3851680755615234,8.121832847595215,4.635157585144043,2.391392946243286,33.317996978759766,10.629624366760254,4.85874605178833,19.48371696472168,11.718935012817383,18.68284034729004,1.9844893217086792,20.839519500732422,31.52408218383789
1998-08-18,5.761946201324463,6.710128307342529,84.604248046875,11.482400894165039,14.828246116638184,5.591555118560791,3.722898483276367,3.211937427520752,7.497887134552002,4.5172905921936035,2.341625452041626,31.604202270507812,10.469931602478027,4.761514663696289,19.278079986572266,11.663508415222168,18.589017868041992,2.0430424213409424,20.721221923828125,31.781272888183594
1998-08-19,5.512739181518555,6.816415786743164,85.3971176147461,11.451037406921387,15.009235382080078,5.560179233551025,3.7280304431915283,3.0667097568511963,7.652743816375732,4.612097263336182,2.363318920135498,31.71953010559082,10.974753379821777,4.805961608886719,20.401718139648438,12.039623260498047,18.43118667602539,2.1044278144836426,21.01589012145996,31.31366539001465
1998-08-20,5.953254699707031,7.200455665588379,87.14838409423828,12.031274795532227,15.422926902770996,5.663726806640625,3.729214906692505,3.1819796562194824,7.87525749206543,4.617221355438232,2.447540521621704,32.616458892822266,11.608358383178711,4.8865251541137695,21.21690559387207,12.59389877319336,18.624340057373047,2.1730542182922363,21.218063354492188,32.11561584472656
1998-08-21,5.839979648590088,7.100041389465332,86.67864227294922,11.53571891784668,15.09972858428955,5.651175022125244,3.728820562362671,3.2614316940307617,7.643725872039795,4.507041931152344,2.4309520721435547,31.54654884338379,11.412611961364746,4.8643012046813965,20.614694595336914,12.229660987854004,18.485265731811523,2.2020163536071777,20.99007797241211,33.06720733642578
1998-08-24,5.759429454803467,7.175204753875732,87.67787170410156,11.560811996459961,15.112654685974121,5.740603446960449,3.738295316696167,3.319392442703247,7.852708339691162,4.625027656555176,2.4220194816589355,30.332473754882812,11.649569511413574,4.825409889221191,20.181400299072266,11.980236053466797,18.438907623291016,2.3320276737213135,20.95566749572754,34.01178741455078
1998-08-25,5.809771537780762,7.359004497528076,88.08513641357422,11.723901748657227,14.918740272521973,5.933577060699463,3.7331628799438477,3.454850435256958,8.127846717834473,4.648626327514648,2.4130868911743164,30.486236572265625,12.01015567779541,4.83929967880249,20.24749755859375,12.399900436401367,18.41242218017578,2.3805062770843506,21.91278839111328,34.72021484375
1998-08-26,5.809771537780762,7.359004497528076,88.08513641357422,11.723901748657227,14.918740272521973,5.933577060699463,3.7331628799438477,3.454850435256958,8.127846717834473,4.648626327514648,2.4130868911743164,30.486236572265625,12.01015567779541,4.83929967880249,20.24749755859375,12.399900436401367,18.41242218017578,2.3805062770843506,21.91278839111328,34.72021484375
1998-08-27,5.724186897277832,7.303216934204102,87.96023559570312,11.7772216796875,14.621397972106934,6.093603610992432,3.7426366806030273,3.565563201904297,8.640534400939941,5.020936012268066,2.4054300785064697,30.236385345458984,11.896829605102539,4.9837565422058105,20.00514030456543,12.973971366882324,18.50071907043457,2.248291492462158,20.497533798217773,33.9112434387207
1998-08-28,5.427154064178467,7.298519611358643,86.95015716552734,11.353805541992188,14.052573204040527,5.869251251220703,3.6980271339416504,3.3070194721221924,8.29924488067627,5.167759418487549,2.3250362873077393,28.24709701538086,11.556845664978027,4.9393086433410645,18.87415885925293,12.249455451965332,17.935611724853516,2.130556583404541,18.858591079711914,33.68679428100586
1998-08-31,5.391912460327148,7.374271869659424,88.25584411621094,11.46044635772705,14.285273551940918,5.591555118560791,3.564981460571289,3.2965986728668213,8.402982711791992,5.170383930206299,2.2995145320892334,27.49431037902832,11.737139701843262,5.061539649963379,18.91822624206543,12.490962028503418,18.35392951965332,2.048393964767456,17.677780151367188,33.551177978515625
1998-09-01,5.18549919128418,7.3261189460754395,87.47190856933594,11.17189884185791,13.910364151000977,5.626071453094482,3.379429340362549,3.0328447818756104,8.215047836303711,5.020936012268066,2.206360101699829,25.886232376098633,11.569724082946777,5.033760070800781,18.492271423339844,12.063379287719727,18.32632827758789,1.8966608047485352,17.22825813293457,33.56755065917969
1998-09-02,5.2836713790893555,7.294999599456787,88.0755844116211,11.407127380371094,13.962076187133789,5.646467685699463,3.4003520011901855,2.9768381118774414,8.23609447479248,5.078615665435791,2.2382616996765137,26.17133140563965,11.793806076049805,5.053206443786621,18.896190643310547,12.273207664489746,18.357234954833984,2.048393964767456,18.204734802246094,32.192771911621094
1998-09-03,5.349119186401367,7.399521350860596,88.31049346923828,11.422809600830078,13.987933158874512,5.673138618469238,3.363638162612915,2.865474224090576,8.103788375854492,4.981606960296631,2.2242257595062256,25.937490463256836,12.126062393188477,5.147657871246338,19.043075561523438,12.487003326416016,18.432294845581055,2.120168447494507,17.57884407043457,33.092918395996094
1998-09-04,5.774531364440918,7.749503135681152,88.9879150390625,11.811720848083496,13.987933158874512,5.680984973907471,3.3494248390197754,2.980746030807495,8.228581428527832,5.057642936706543,2.2484705448150635,27.80183219909668,12.569067001342773,5.164325714111328,19.689348220825195,13.488653182983398,18.538249969482422,2.1242599487304688,17.58098793029785,33.42960739135742
1998-09-07,5.900392532348633,7.7465667724609375,89.24466705322266,12.642868995666504,14.117213249206543,5.7876691818237305,3.3896937370300293,3.211937427520752,8.648052215576172,5.133675575256348,2.3480052947998047,29.172866821289062,12.798303604125977,5.253223419189453,20.379688262939453,13.924149513244629,19.023893356323242,2.1406309604644775,17.828338623046875,34.294673919677734
1998-09-08,5.8752217292785645,7.9509196281433105,91.15130615234375,12.771462440490723,14.052573204040527,5.804927825927734,3.38377046585083,3.251664400100708,8.79840087890625,5.209710121154785,2.3901166915893555,29.57327651977539,12.870416641235352,5.222665786743164,21.180185317993164,14.27255916595459,19.447721481323242,2.1352791786193848,18.462839126586914,34.49342346191406
1998-09-09,5.940669536590576,7.933303356170654,90.96825408935547,12.73068904876709,14.336987495422363,5.9225945472717285,3.4954981803894043,3.472435235977173,9.174270629882812,5.18087100982666,2.386289119720459,30.185131072998047,12.885869979858398,5.228220462799072,20.981901168823242,13.983540534973145,19.867143630981445,2.1563704013824463,18.888708114624023,33.49506759643555
1998-09-10,6.026254653930664,7.921555042266846,92.18108367919922,12.79969310760498,14.336987495422363,5.9100422859191895,3.567744493484497,3.54016375541687,9.59524917602539,5.18087100982666,2.386289119720459,30.08902359008789,12.754512786865234,5.180994510650635,20.930492401123047,13.967702865600586,19.820777893066406,2.1422040462493896,18.62845230102539,33.4225959777832
1998-09-11,5.923048496246338,7.865184307098389,91.79864501953125,12.473505973815918,14.0784273147583,5.875524997711182,3.5460309982299805,3.4893667697906494,9.950071334838867,5.18087100982666,2.3390729427337646,29.374677658081055,12.896174430847168,5.089320659637451,20.732200622558594,13.445103645324707,19.60224151611328,2.2341253757476807,18.327333450317383,33.041481018066406
1998-09-14,6.184840679168701,8.147048950195312,92.5279769897461,12.91887092590332,13.949149131774902,5.899059295654297,3.5401086807250977,3.6300361156463623,10.077865600585938,5.3460516929626465,2.4092583656311035,31.71953010559082,13.416450500488281,5.1698832511901855,21.363784790039062,13.860810279846191,19.43337631225586,2.2366437911987305,18.609092712402344,33.15137481689453
1998-09-15,6.074082851409912,8.003769874572754,92.92680358886719,12.718149185180664,13.9362211227417,5.944559574127197,3.5401086807250977,3.6534810066223145,10.094402313232422,5.5584235191345215,2.39522123336792,32.25448989868164,13.545233726501465,5.211551666259766,21.268312454223633,14.423002243041992,19.06031036376953,2.2174408435821533,18.458539962768555,32.8591194152832
1998-09-16,6.031289100646973,7.988500595092773,92.2520751953125,12.620917320251465,14.168922424316406,6.258337497711182,3.545241594314575,3.605940580368042,9.783182144165039,5.6397013664245605,2.419466972351074,32.161590576171875,13.122827529907227,5.205996990203857,21.89255714416504,14.521977424621582,19.155231475830078,2.2039034366607666,17.972444534301758,32.978355407714844
1998-09-17,6.053945541381836,7.937413215637207,91.59650421142578,12.439002990722656,14.013788223266602,6.101446628570557,3.5523483753204346,3.584449291229248,9.74108600616455,5.5217180252075195,2.4028778076171875,32.69975280761719,13.189794540405273,5.211551666259766,22.010059356689453,14.189419746398926,19.04926872253418,2.197293996810913,17.761661529541016,32.63933181762695
1998-09-18,6.0388407707214355,7.728950023651123,89.91390991210938,12.335503578186035,14.039643287658691,6.110860824584961,3.5140531063079834,3.533651113510132,9.456929206848145,5.477145195007324,2.466682195663452,32.648502349853516,13.158888816833496,5.197662353515625,21.855838775634766,14.007295608520508,18.68614387512207,2.2001278400421143,17.84769630432129,32.475669860839844
1998-09-21,6.169737339019775,7.699588775634766,89.57244873046875,12.250822067260742,14.052573204040527,6.151650428771973,3.4556238651275635,3.4659225940704346,9.1832914352417,5.325075149536133,2.464130401611328,31.77718734741211,12.885869979858398,5.150437355041504,21.525354385375977,14.090435981750488,18.494102478027344,2.2035892009735107,17.781021118164062,32.35877227783203
1998-09-22,6.0942206382751465,7.774753570556641,90.78794860839844,12.072043418884277,13.962076187133789,6.021434307098389,3.3024444580078125,3.384516477584839,9.069028854370117,5.38800048828125,2.442436695098877,31.879690170288086,13.704919815063477,5.219886779785156,21.312374114990234,13.235269546508789,18.39145278930664,2.1925721168518066,18.748899459838867,32.68610382080078
1998-09-23,6.189876079559326,7.768294811248779,90.81257629394531,12.410778045654297,13.703520774841309,6.024571895599365,3.3202102184295654,3.4854607582092285,9.5772066116333,5.3644022941589355,2.4539220333099365,32.95602035522461,13.970210075378418,5.200440883636475,21.775053024291992,13.635140419006348,18.542661666870117,2.2350692749023438,19.749042510986328,33.61431884765625
1998-09-24,6.328324794769287,8.313817977905273,93.40209197998047,13.028651237487793,13.690591812133789,6.20185661315918,3.324552297592163,3.559701919555664,9.717031478881836,5.338184356689453,2.4934799671173096,34.1380500793457,15.000462532043457,5.281002998352051,22.35523223876953,14.620959281921387,18.752368927001953,2.285123109817505,19.985631942749023,34.12635040283203
1998-09-25,6.373633861541748,8.333197593688965,92.54984283447266,13.251335144042969,13.71644401550293,6.146947383880615,3.314683198928833,3.578587293624878,9.640353202819824,5.327697277069092,2.488375425338745,33.65113830566406,15.335294723510742,5.3198957443237305,21.95865249633789,14.874337196350098,18.763408660888672,2.283548355102539,21.577259063720703,33.95333480834961
1998-09-28,6.308183670043945,8.247465133666992,91.78772735595703,13.006695747375488,13.703520774841309,6.090466022491455,3.3375813961029053,3.5082528591156006,9.40580940246582,5.230687141418457,2.4564733505249023,33.77607727050781,15.443469047546387,5.333785057067871,21.628173828125,15.13959789276123,19.481929779052734,2.2904744148254395,21.867618560791016,34.404571533203125
1998-09-29,6.079118728637695,8.197549819946289,90.56401824951172,12.708736419677734,12.73393440246582,5.72805118560791,3.304417133331299,3.4314053058624268,9.172770500183105,5.1730055809021,2.3645951747894287,33.10015869140625,15.314685821533203,5.26711368560791,20.893770217895508,14.712016105651855,19.883695602416992,2.209886074066162,21.889129638671875,34.11231994628906
1998-09-30,6.003599643707275,8.175238609313965,92.09364318847656,12.605236053466797,12.953702926635742,5.513111591339111,3.313103199005127,3.470482349395752,8.851022720336914,5.214954376220703,2.3569376468658447,32.8406982421875,14.503366470336914,5.239332675933838,20.416406631469727,14.423002243041992,19.42344093322754,2.2190146446228027,21.357872009277344,33.31270217895508
1998-10-01,6.003599643707275,8.175238609313965,92.09364318847656,12.605236053466797,12.953702926635742,5.513111591339111,3.313103199005127,3.470482349395752,8.851022720336914,5.214954376220703,2.3569376468658447,32.8406982421875,14.503366470336914,5.239332675933838,20.416406631469727,14.423002243041992,19.42344093322754,2.2190146446228027,21.357872009277344,33.31270217895508
1998-10-02,6.003599643707275,8.175238609313965,92.09364318847656,12.605236053466797,12.953702926635742,5.513111591339111,3.313103199005127,3.470482349395752,8.851022720336914,5.214954376220703,2.3569376468658447,32.8406982421875,14.503366470336914,5.239332675933838,20.416406631469727,14.423002243041992,19.42344093322754,2.2190146446228027,21.357872009277344,33.31270217895508
1998-10-05,5.525325775146484,7.523423671722412,85.69640350341797,11.598443984985352,11.919477462768555,5.2322773933410645,3.1472907066345215,3.1930501461029053,8.142884254455566,4.923924446105957,2.175733804702759,31.197385787963867,13.344330787658691,4.992090225219727,19.013696670532227,13.282781600952148,19.0051212310791,2.1173343658447266,19.650100708007812,31.563819885253906
1998-10-06,5.505187511444092,7.77299165725708,90.26898193359375,10.968027114868164,11.20844841003418,5.4660444259643555,3.1828222274780273,2.9377634525299072,7.564040184020996,4.8242902755737305,2.1923224925994873,31.517711639404297,13.439634323120117,4.933752536773682,19.211984634399414,13.358007431030273,18.94993782043457,2.127408027648926,20.469575881958008,32.13899612426758
1998-10-07,5.76698112487793,8.175238609313965,93.04966735839844,11.328715324401855,11.26015567779541,5.4864373207092285,3.2376973628997803,3.006795644760132,7.6948442459106445,4.748257637023926,2.2586803436279297,33.00727462768555,13.58901596069336,5.0448713302612305,19.75544548034668,13.71432113647461,19.322999954223633,2.2048492431640625,21.480472564697266,32.76793670654297
1998-10-08,5.4674296379089355,8.098309516906738,92.31217193603516,10.494428634643555,10.859393119812012,5.379755020141602,3.2467780113220215,2.8811049461364746,7.132540702819824,4.643380641937256,2.1668007373809814,32.20964050292969,12.651487350463867,4.961531162261963,18.778688430786133,13.20755386352539,19.633153915405273,2.1692774295806885,22.205299377441406,32.72584915161133
1998-10-09,5.565601348876953,8.227497100830078,92.87214660644531,10.481882095336914,10.510340690612793,5.470749855041504,3.187164545059204,2.9612069129943848,7.12802791595459,4.520153045654297,2.175733804702759,32.52997589111328,12.504677772521973,4.919861793518066,18.70524787902832,12.52263355255127,19.670677185058594,2.0688557624816895,21.985916137695312,32.67206573486328
1998-10-12,5.396946430206299,8.209881782531738,92.09912109375,10.105514526367188,10.251784324645996,5.475456237792969,3.1666347980499268,2.9436252117156982,7.037818908691406,4.1819281578063965,2.1387269496917725,32.645294189453125,11.871071815490723,4.8865251541137695,18.044286727905273,12.471165657043457,19.770008087158203,2.089317798614502,21.16429901123047,32.91991424560547
1998-10-13,5.208153247833252,7.86870813369751,92.40230560302734,9.6538724899292,9.553679466247559,5.4864373207092285,3.06398868560791,2.9397165775299072,6.952117919921875,3.9721734523773193,2.0915119647979736,32.50114059448242,11.131867408752441,4.817075252532959,17.897403717041016,11.639752388000488,19.55257225036621,2.0767264366149902,19.576976776123047,32.37046432495117
1998-10-14,5.520290851593018,8.17758560180664,91.82048797607422,10.409748077392578,10.329352378845215,5.4174089431762695,3.0809648036956787,3.160489082336426,7.466311931610107,4.042966365814209,2.09661602973938,33.12899398803711,12.0050048828125,4.739291667938232,18.014909744262695,12.348429679870605,19.924531936645508,2.108835458755493,20.503990173339844,32.5879020690918
1998-10-15,5.35667085647583,8.120039939880371,92.1427993774414,10.071016311645508,10.044939041137695,5.477026462554932,3.0963613986968994,3.1663503646850586,7.503901481628418,4.087539196014404,2.0060136318206787,33.942649841308594,11.605782508850098,4.71151065826416,16.575481414794922,12.625570297241211,19.957645416259766,2.0776710510253906,20.37708854675293,32.76793670654297
1998-10-16,5.394430160522461,8.16055679321289,93.20264434814453,10.01142406463623,10.044939041137695,5.469181060791016,3.110574960708618,3.417731761932373,7.873756408691406,3.856812000274658,1.9587986469268799,34.72746276855469,11.737139701843262,4.683730125427246,15.253552436828613,12.285086631774902,19.814163208007812,2.039893865585327,20.379234313964844,32.40554428100586
1998-10-19,5.311361789703369,8.110641479492188,93.34195709228516,9.84832763671875,10.032011985778809,5.44407844543457,3.0647776126861572,3.38581919670105,7.774529933929443,3.772911310195923,1.9217915534973145,33.949058532714844,11.912282943725586,4.636504173278809,14.467741012573242,12.38802433013916,19.768905639648438,2.047450304031372,20.011444091796875,32.433597564697266
1998-10-20,5.099914073944092,7.920970916748047,90.74153900146484,9.531553268432617,9.243412017822266,5.470749855041504,3.082543134689331,3.278364419937134,7.882779598236084,3.6523044109344482,1.8401217460632324,33.606300354003906,11.574872970581055,4.539273738861084,13.711302757263184,12.039623260498047,19.964269638061523,1.9583611488342285,19.660856246948242,32.033782958984375
1998-10-21,5.099914073944092,7.920970916748047,90.74153900146484,9.531553268432617,9.243412017822266,5.470749855041504,3.082543134689331,3.278364419937134,7.882779598236084,3.6523044109344482,1.8401217460632324,33.606300354003906,11.574872970581055,4.539273738861084,13.711302757263184,12.039623260498047,19.964269638061523,1.9583611488342285,19.660856246948242,32.033782958984375
1998-10-22,5.336534023284912,8.161144256591797,87.27251434326172,9.600553512573242,9.618319511413574,5.393874645233154,3.047802209854126,3.291388988494873,7.9399094581604,3.612975597381592,1.7865264415740967,32.936805725097656,11.999856948852539,4.583721160888672,14.423676490783691,11.60412311553955,19.67950439453125,2.024153709411621,18.886554718017578,32.15068817138672
1998-10-23,5.371775150299072,8.321452140808105,87.3544692993164,9.754239082336426,9.760527610778809,5.522524356842041,3.0971519947052,3.3161356449127197,7.954944133758545,3.5684032440185547,1.8426743745803833,31.450441360473633,12.110608100891113,4.622613906860352,14.9083833694458,11.857503890991211,19.66847038269043,2.0952987670898438,19.075828552246094,32.77961730957031
1998-10-26,5.802220821380615,8.465320587158203,86.73438262939453,10.306245803833008,10.5361967086792,5.685689449310303,3.193481206893921,3.495229482650757,8.243617057800293,3.757179021835327,1.9907013177871704,33.06493377685547,12.914200782775879,4.9809770584106445,15.951239585876465,12.768095970153809,20.091196060180664,2.181553840637207,19.873790740966797,33.28932571411133
1998-10-27,5.8047380447387695,8.478241920471191,87.4227523803711,10.205879211425781,10.342279434204102,5.724912643432617,3.1887423992156982,3.5525381565093994,8.190995216369629,3.649681568145752,2.030259609222412,32.63569259643555,12.721030235290527,4.833744049072266,16.861894607543945,12.344473838806152,20.132028579711914,2.1352791786193848,19.80710792541504,33.68446350097656
1998-10-28,5.736774921417236,8.434196472167969,87.88985443115234,9.976920127868652,10.355206489562988,5.589987754821777,3.2558577060699463,3.4509429931640625,8.112812042236328,3.670657157897949,1.9983569383621216,32.95602035522461,12.54588794708252,4.683730125427246,16.215620040893555,12.055459976196289,20.741291046142578,2.111353635787964,19.69742202758789,33.46467971801758
1998-10-29,5.691462993621826,8.423041343688965,88.28317260742188,9.980058670043945,10.109579086303711,5.6386237144470215,3.234144449234009,3.3838655948638916,7.846695899963379,3.644439220428467,2.02770733833313,33.24753189086914,12.422258377075195,4.694842338562012,16.62688446044922,11.905014991760254,20.502885818481445,2.0937249660491943,19.53611183166504,33.291648864746094
1998-10-30,5.573153495788574,8.294442176818848,87.89529418945312,9.84832763671875,10.096650123596191,5.626071453094482,3.227433443069458,3.3428385257720947,8.013582229614258,3.670657157897949,2.0800271034240723,32.96562194824219,12.311505317687988,4.636504173278809,16.597515106201172,11.821871757507324,20.26558494567871,2.047135353088379,19.31241798400879,33.15605163574219
1998-11-02,5.563083648681641,8.295029640197754,88.35421752929688,9.487641334533691,9.398547172546387,5.640193939208984,3.2294068336486816,3.307671070098877,8.019597053527832,3.5920000076293945,2.0800271034240723,32.74459457397461,11.940611839294434,4.542051792144775,16.648916244506836,11.679346084594727,19.9046630859375,2.0524868965148926,18.890857696533203,32.55283737182617
1998-11-03,5.469946384429932,8.217514991760254,90.4383316040039,9.434322357177734,9.398547172546387,5.657450199127197,3.2219064235687256,3.325254201889038,7.969979286193848,3.6024889945983887,2.1259660720825195,32.517154693603516,11.958642959594727,4.617058277130127,16.50203514099121,11.584327697753906,19.788772583007812,2.050597667694092,18.643512725830078,32.849769592285156
1998-11-04,5.469946384429932,8.217514991760254,90.4383316040039,9.434322357177734,9.398547172546387,5.657450199127197,19.331439971923828,3.325254201889038,7.969979286193848,3.6024889945983887,22.314313888549805,32.517154693603516,17.937969207763672,4.617058277130127,16.50203514099121,23.168655395507812,19.788772583007812,2.050597667694092,18.643512725830078,32.849769592285156
1998-11-05,5.600842475891113,8.232782363891602,89.91664123535156,9.566051483154297,9.734668731689453,5.685689449310303,3.2420408725738525,3.38191294670105,7.9820075035095215,3.65754771232605,2.2203972339630127,32.10072708129883,12.09000301361084,4.83929967880249,17.823965072631836,12.05150032043457,19.851682662963867,2.048079252243042,18.56822967529297,33.649383544921875
1998-11-06,5.9633259773254395,8.282695770263672,89.77459716796875,9.76678466796875,9.721744537353516,5.72805118560791,3.252700090408325,3.3109261989593506,8.099279403686523,3.6942553520202637,2.2191202640533447,31.882892608642578,12.535584449768066,5.028203964233398,18.646493911743164,12.328636169433594,20.0878849029541,2.058467388153076,19.120996475219727,33.43428039550781
1998-11-09,6.169737339019775,8.406012535095215,89.82649230957031,10.259198188781738,10.45862865447998,5.861407279968262,3.2700700759887695,3.4131715297698975,8.30224895477295,3.757179021835327,2.268888473510742,33.10337829589844,13.540081024169922,5.211551666259766,19.593870162963867,12.973971366882324,20.085676193237305,2.080188274383545,19.46297836303711,33.76160430908203
1998-11-10,6.157150745391846,8.424215316772461,89.26925659179688,10.38465690612793,10.98867130279541,5.9069037437438965,3.2815191745758057,3.3747501373291016,8.183476448059082,3.754556179046631,2.2714409828186035,33.145015716552734,14.204591751098633,5.336561679840088,19.711376190185547,13.136292457580566,20.02165985107422,2.098133087158203,19.278005599975586,34.52614974975586
1998-11-11,6.05142879486084,8.567496299743652,89.35116577148438,10.215291976928711,11.195520401000977,5.9241623878479,3.293757915496826,3.412519931793213,8.099279403686523,3.720473527908325,2.2676126956939697,35.05100631713867,13.970210075378418,5.005980014801025,20.10061264038086,13.247147560119629,19.81305694580078,2.096557855606079,19.22854232788086,34.93063735961914
1998-11-12,6.288046836853027,8.62739372253418,88.95237731933594,10.328202247619629,11.01452922821045,5.92887020111084,3.3103411197662354,3.4164280891418457,8.17896556854248,3.7309603691101074,2.26633620262146,35.19835662841797,13.769307136535645,4.9809770584106445,20.51188087463379,13.175881385803223,19.624313354492188,2.0619311332702637,19.28230857849121,34.87920379638672
1998-11-13,6.182324409484863,8.573957443237305,88.75572967529297,10.143150329589844,10.846467018127441,5.955539226531982,3.305206537246704,3.38581919670105,7.825645923614502,3.6863884925842285,2.350558280944824,35.550724029541016,13.71007251739502,5.011535167694092,20.724857330322266,13.0491943359375,19.749038696289062,2.0650784969329834,19.411357879638672,35.0101318359375
1998-11-16,5.950736999511719,8.457684516906738,87.55929565429688,10.03964900970459,10.277641296386719,5.975938320159912,3.3099448680877686,3.4086132049560547,7.8060994148254395,3.702119827270508,2.3148274421691895,34.900447845458984,13.09964656829834,4.892082691192627,20.29155731201172,13.005642890930176,19.475313186645508,2.067282199859619,19.13174819946289,35.08962631225586
1998-11-17,6.058978080749512,8.455336570739746,87.03489685058594,10.102377891540527,10.238856315612793,6.004176616668701,3.313497543334961,3.490669012069702,7.86774206161499,3.7624242305755615,2.3492822647094727,34.509647369384766,13.17176628112793,4.933752536773682,21.547388076782227,13.4926176071167,19.63756561279297,2.047135353088379,19.080127716064453,34.80204772949219
1998-11-18,6.121910095214844,8.541072845458984,87.92806243896484,10.459928512573242,10.574981689453125,6.0575175285339355,3.3320529460906982,3.516719341278076,8.088759422302246,3.783398389816284,2.4181909561157227,35.281639099121094,13.810522079467773,5.111543655395508,21.444570541381836,13.698484420776367,19.933361053466797,2.1132419109344482,19.619993209838867,35.070919036865234
1998-11-19,6.016185760498047,8.39074420928955,87.95539093017578,10.161969184875488,10.238856315612793,6.010451793670654,3.352977752685547,3.4984848499298096,8.091761589050293,3.8804097175598145,2.4654064178466797,35.04459762573242,13.637956619262695,5.017090797424316,20.879077911376953,13.199642181396484,19.75676727294922,2.087114095687866,19.465131759643555,34.69683837890625
1998-11-20,6.026254653930664,8.338481903076172,87.40906524658203,10.096104621887207,10.161290168762207,6.035555362701416,3.3442916870117188,3.438570499420166,8.117321014404297,3.8804097175598145,2.411810874938965,35.0413932800293,13.480840682983398,4.994867324829102,20.43109703063965,13.080862998962402,19.86492919921875,2.0531153678894043,18.884403228759766,34.4162712097168
1998-11-23,5.907946586608887,8.2280855178833,87.7341079711914,9.820101737976074,9.928590774536133,6.077916145324707,3.308366298675537,3.399496078491211,8.102288246154785,3.9197380542755127,2.344177484512329,34.708255767822266,13.20525074005127,4.900415420532227,19.314802169799805,12.90270709991455,19.62541961669922,2.045560836791992,18.755355834960938,33.91359329223633
1998-11-24,5.8827714920043945,8.191678047180176,86.75350189208984,9.826375961303711,9.825162887573242,6.071640491485596,3.3162620067596436,3.413822889328003,8.058686256408691,3.932847261428833,2.3467307090759277,33.63512420654297,12.787993431091309,4.917083740234375,19.1826114654541,12.906669616699219,19.403573989868164,2.021005868911743,18.583282470703125,34.182472229003906
1998-11-25,5.8827714920043945,8.191678047180176,86.75350189208984,9.826375961303711,9.825162887573242,9.107457160949707,19.897571563720703,3.413822889328003,8.058686256408691,3.932847261428833,24.631465911865234,33.63512420654297,19.18199920654297,4.917083740234375,19.1826114654541,25.813339233398438,19.403573989868164,2.021005868911743,18.583282470703125,34.182472229003906
1998-11-26,5.7116007804870605,8.04428768157959,86.86277770996094,9.55036735534668,9.605392456054688,6.008882999420166,3.300469160079956,3.3174383640289307,7.738440990447998,3.7624242305755615,2.2089123725891113,32.4178581237793,12.156968116760254,4.944862365722656,17.735837936401367,12.277167320251465,18.666284561157227,2.021005868911743,18.170320510864258,34.17778778076172
1998-11-27,5.636083126068115,8.011991500854492,85.71552276611328,9.503324508666992,9.127062797546387,5.92887020111084,3.230985403060913,3.2041220664978027,7.5475006103515625,3.712606906890869,2.1540400981903076,31.713125228881836,11.881376266479492,4.833744049072266,16.964712142944336,11.877299308776855,17.915742874145508,1.9958231449127197,17.79822540283203,34.72021484375
1998-11-30,5.651187896728516,8.019035339355469,86.99932861328125,9.434322357177734,9.346837043762207,5.836305141448975,3.217562437057495,3.1845853328704834,7.32949686050415,3.77815580368042,2.194875478744507,31.97579574584961,12.02045726776123,4.836521148681641,17.55223274230957,11.86938190460205,18.101163864135742,2.0021190643310547,17.75735855102539,36.099674224853516
1998-12-01,5.646153926849365,8.003769874572754,86.74801635742188,9.381006240844727,9.282196998596191,5.859838008880615,3.202561855316162,3.0413119792938232,6.9160356521606445,3.862056255340576,2.309722900390625,32.033447265625,12.002429962158203,5.014313697814941,17.78724479675293,11.449716567993164,18.32191276550293,1.960879921913147,17.701440811157227,35.6788215637207
1998-12-02,5.691462993621826,7.922144412994385,86.5732421875,9.572327613830566,9.501969337463379,5.820613384246826,3.236119270324707,3.112947702407837,7.0874342918396,3.8804097175598145,2.3365213871002197,32.12955856323242,12.218783378601074,5.078207492828369,17.6036434173584,11.7506103515625,18.564739227294922,1.967490792274475,18.144512176513672,37.0816535949707
1998-12-03,5.638601779937744,7.927427768707275,86.33558654785156,9.475095748901367,9.37269115447998,5.851991653442383,3.2463839054107666,3.112947702407837,6.956630706787109,3.8804097175598145,2.316103935241699,32.19362258911133,12.141514778137207,5.222665786743164,17.581607818603516,11.798118591308594,18.542661666870117,1.9498612880706787,18.372501373291016,37.22193908691406
1998-12-04,5.7141194343566895,8.31440544128418,87.24517822265625,9.635053634643555,9.256340026855469,5.9069037437438965,3.2475671768188477,3.0751748085021973,6.870932102203369,3.9118728637695312,2.3990490436553955,32.34096908569336,12.311505317687988,5.278225421905518,18.007558822631836,11.798118591308594,18.61992835998535,1.9076792001724243,18.45423126220703,37.40898132324219
1998-12-07,5.832427978515625,8.305598258972168,89.39762878417969,9.820101737976074,9.411474227905273,5.961816787719727,3.2834928035736084,3.1585347652435303,7.072398662567139,3.917116165161133,2.4500935077667236,32.654911041259766,12.509830474853516,5.3143391609191895,19.101825714111328,12.087132453918457,18.930070877075195,1.9693800210952759,19.931861877441406,37.87660598754883
1998-12-08,5.8450140953063965,8.268601417541504,88.91415405273438,9.961238861083984,9.463188171386719,5.930436611175537,3.260991096496582,3.1201117038726807,7.306941509246826,3.953822135925293,2.501136541366577,31.793195724487305,12.618002891540527,5.32267427444458,19.520435333251953,12.479084014892578,18.630962371826172,1.8636070489883423,20.142642974853516,37.923362731933594
1998-12-09,5.950736999511719,8.339658737182617,92.16741180419922,9.84832763671875,9.514896392822266,5.914750099182129,3.276782274246216,3.1520228385925293,7.209214210510254,3.9852845668792725,2.45519757270813,32.7061653137207,12.41710376739502,5.631032943725586,19.57184410095215,12.332594871520996,18.763408660888672,1.7568905353546143,19.568374633789062,37.551612854003906
1998-12-10,6.013668537139893,8.353164672851562,95.16661834716797,9.854602813720703,9.463188171386719,5.899059295654297,3.2538838386535645,3.1585347652435303,7.2828874588012695,3.96431040763855,2.4654064178466797,34.07717514038086,12.502103805541992,5.544914245605469,20.504531860351562,12.312800407409668,18.675106048583984,1.6652843952178955,19.559768676757812,38.952110290527344
1998-12-11,6.033806324005127,8.420693397521973,95.4343032836914,9.929878234863281,9.398547172546387,5.946125507354736,3.2692809104919434,3.1976094245910645,7.231767654418945,4.006261348724365,2.633849859237671,33.95225524902344,12.844657897949219,5.517134189605713,20.996585845947266,12.431575775146484,18.564739227294922,1.7864817380905151,19.856578826904297,40.30817794799805
1998-12-14,5.948221206665039,8.388396263122559,94.78419494628906,9.929878234863281,9.398547172546387,5.900628089904785,3.2649388313293457,3.1930501461029053,7.191173553466797,3.9721734523773193,2.56494140625,33.12899398803711,12.78027057647705,5.497687816619873,20.519224166870117,12.550349235534668,18.102275848388672,1.797499656677246,19.426414489746094,40.16789245605469
1998-12-15,5.802220821380615,8.169361114501953,91.81778717041016,9.697782516479492,9.308052062988281,5.8912129402160645,3.172952651977539,3.058243751525879,6.937087059020996,3.830592632293701,2.529210329055786,32.161590576171875,12.357866287231445,5.558804512023926,20.313589096069336,12.221741676330566,17.968717575073242,1.7502800226211548,19.0994873046875,40.12113571166992
1998-12-16,5.867669105529785,8.29150676727295,92.16192626953125,9.738555908203125,9.385621070861816,5.888077735900879,3.1867685317993164,2.8804545402526855,6.744638442993164,3.830592632293701,2.582805871963501,32.3377685546875,12.569067001342773,5.619921684265137,21.42988395690918,12.403857231140137,18.189472198486328,1.8003324270248413,19.353288650512695,39.653526306152344
1998-12-17,5.638601779937744,8.077756881713867,90.68692779541016,9.377869606018066,8.6358060836792,5.836305141448975,3.1196558475494385,2.696152687072754,6.716070652008057,3.765045404434204,2.4500935077667236,31.392784118652344,12.221358299255371,5.40323543548584,20.019824981689453,12.114847183227539,17.99079704284668,1.730133056640625,19.185518264770508,39.045631408691406
1998-12-18,5.671325206756592,8.172887802124023,90.68692779541016,9.468822479248047,8.920214653015137,5.750016212463379,3.1611087322235107,2.7156894207000732,6.70554780960083,3.827970266342163,2.4858241081237793,31.84125328063965,12.298626899719238,5.611586570739746,20.768917083740234,12.19798755645752,17.6596736907959,1.7187995910644531,19.404911041259766,40.102420806884766
1998-12-21,5.870185852050781,8.432435989379883,92.05268096923828,9.691508293151855,8.958998680114746,5.742170333862305,3.2112464904785156,2.716991901397705,6.720582962036133,3.9302260875701904,2.6848936080932617,32.161590576171875,12.710725784301758,5.65603494644165,22.436012268066406,12.827484130859375,19.07245445251465,1.7370580434799194,20.688961029052734,41.78116226196289
1998-12-22,5.950736999511719,8.363144874572754,90.57763671875,9.672691345214844,8.765083312988281,5.702949047088623,3.2373030185699463,2.903247594833374,6.777717113494873,3.917116165161133,2.7614595890045166,32.22565460205078,12.49437427520752,5.667149066925049,22.91337776184082,12.859155654907227,18.873779296875,1.6973936557769775,20.303956985473633,40.77580261230469
1998-12-23,5.870185852050781,8.244526863098145,90.853515625,9.613100051879883,8.855576515197754,5.820613384246826,3.2538838386535645,2.9468812942504883,7.042331218719482,3.859433650970459,2.756354331970215,32.36981201171875,12.703001976013184,5.700484752655029,23.111663818359375,12.669121742248535,18.895856857299805,1.7187995910644531,20.00714874267578,41.00959396362305
1998-12-24,5.857600688934326,8.250398635864258,90.41375732421875,9.52214241027832,8.855576515197754,5.793943405151367,3.2696762084960938,2.9455783367156982,7.006245136260986,3.8541908264160156,2.878859758377075,32.0975227355957,12.811180114746094,5.744930267333984,24.42624855041504,12.669121742248535,18.873779296875,1.7184854745864868,20.389995574951172,41.14988327026367
1998-12-25,5.857600688934326,8.250398635864258,90.41375732421875,9.52214241027832,8.855576515197754,8.690916061401367,19.618057250976562,2.9455783367156982,7.006245136260986,3.8541908264160156,30.216745376586914,32.0975227355957,19.216764450073242,5.744930267333984,24.42624855041504,25.33824348449707,18.873779296875,1.7184854745864868,20.389995574951172,41.14988327026367
1998-12-28,6.066528797149658,8.643834114074707,90.79617309570312,9.845193862915039,8.997782707214355,6.244220733642578,3.363638162612915,3.0530338287353516,7.009251594543457,4.163573741912842,2.986051559448242,32.4178581237793,13.388116836547852,5.73937463760376,25.285505294799805,13.096702575683594,18.978633880615234,1.7187995910644531,21.035247802734375,41.14988327026367
1998-12-29,6.006117343902588,8.432435989379883,88.56177520751953,9.90478515625,8.803866386413574,6.510929107666016,3.30481219291687,3.105132818222046,6.91904354095459,4.496554851531982,3.1162121295928955,31.584978103637695,13.746129989624023,5.697706699371338,25.5205078125,12.985847473144531,18.763408660888672,1.6873196363449097,20.734127044677734,40.499900817871094
1998-12-30,6.184840679168701,9.107149124145508,91.77954864501953,10.287426948547363,9.514896392822266,6.39169454574585,3.3695590496063232,3.119460344314575,7.106977939605713,4.858376502990723,3.089414119720459,32.738189697265625,13.959908485412598,5.96995210647583,24.778764724731445,13.445103645324707,18.873779296875,1.7219481468200684,21.20946502685547,40.96284484863281
1998-12-31,6.0212202072143555,8.819999694824219,90.96551513671875,9.885967254638672,9.450257301330566,6.338353633880615,3.3581089973449707,3.080385684967041,7.045337200164795,4.470335483551025,2.998811960220337,32.80225372314453,13.501448631286621,5.778266429901123,24.0296688079834,13.06502914428711,18.92344856262207,1.716281771659851,20.981477737426758,40.82489776611328
1999-01-01,6.152116775512695,8.955058097839355,90.68692779541016,10.036516189575195,9.514896392822266,6.3540425300598145,3.371532440185547,3.0738730430603027,7.030301570892334,4.58569860458374,3.164703845977783,33.410884857177734,13.674015045166016,5.883831977844238,24.40421485900879,13.144214630126953,19.42675018310547,1.7184854745864868,21.185806274414062,40.84593200683594
1999-01-04,6.217565536499023,9.166457176208496,90.82349395751953,10.105514526367188,9.8639497756958,6.306973934173584,3.349820137023926,3.0738730430603027,6.964147567749023,4.404788970947266,3.08048152923584,33.55824661254883,13.601893424987793,5.792155742645264,24.279369354248047,13.294654846191406,19.867143630981445,1.7370580434799194,21.75147819519043,40.890357971191406
1999-01-05,6.192393779754639,9.195817947387695,90.96005249023438,10.108650207519531,9.721744537353516,6.189305305480957,3.276782274246216,2.964463710784912,6.9160356521606445,4.252718448638916,3.0945188999176025,33.50699996948242,13.367509841918945,5.722707271575928,26.225536346435547,13.06502914428711,20.856081008911133,1.8384240865707397,22.067649841308594,40.82489776611328
1999-01-06,6.24273681640625,9.360238075256348,95.98609924316406,10.08669662475586,9.631250381469727,6.283437252044678,3.308366298675537,3.047823667526245,7.096454620361328,4.29991340637207,3.185121774673462,34.56410217285156,14.438979148864746,5.822716236114502,26.99665641784668,14.015212059020996,21.246803283691406,1.9253077507019043,22.304244995117188,40.86932373046875
1999-01-07,6.544804096221924,9.621551513671875,96.53238677978516,10.72652530670166,9.954442977905273,6.244220733642578,3.3186302185058594,3.1389975547790527,7.3941450119018555,4.213391304016113,3.2106435298919678,34.78191375732422,15.595429420471191,5.889388561248779,28.12763214111328,15.13959789276123,21.43443489074707,1.9265668392181396,23.401172637939453,41.24340057373047
1999-01-08,7.068389892578125,9.859375953674316,98.06205749511719,11.58590030670166,10.574981689453125,6.211271286010742,3.3182358741760254,3.254920482635498,7.816624164581299,4.192415714263916,3.3305952548980713,36.38999938964844,15.788602828979492,5.964394569396973,30.382265090942383,15.994763374328613,21.85385513305664,1.9171231985092163,24.992795944213867,44.54475021362305
1999-01-11,7.305008411407471,9.863484382629395,95.0573501586914,11.736452102661133,10.911103248596191,6.150084018707275,3.300469160079956,3.275758981704712,7.667778015136719,4.313023567199707,3.343356132507324,36.35796356201172,14.681085586547852,5.875497817993164,32.81312942504883,15.282124519348145,21.19161033630371,1.9259371757507324,23.725948333740234,48.11028289794922
1999-01-12,7.128803253173828,9.43364143371582,93.85546875,11.560811996459961,10.574981689453125,6.0528106689453125,3.2759923934936523,3.288783311843872,7.697847843170166,4.119001388549805,3.1953301429748535,35.65324401855469,14.547147750854492,5.847717761993408,31.43244743347168,14.4982271194458,20.441072463989258,1.7880558967590332,22.58385467529297,46.00136184692383
1999-01-13,6.977768421173096,9.455368995666504,93.31192016601562,11.375762939453125,10.187145233154297,5.676276206970215,3.3162620067596436,3.236684560775757,7.624176502227783,4.142598628997803,3.151942253112793,36.261863708496094,14.165959358215332,5.506022930145264,30.514448165893555,14.783278465270996,21.081233978271484,1.8525899648666382,23.594749450683594,45.12459945678711
1999-01-14,6.854423999786377,9.490015029907227,93.39115142822266,11.134259223937988,9.825162887573242,5.456630706787109,3.2534899711608887,3.1240174770355225,7.276873588562012,3.932847261428833,3.209367275238037,35.68845748901367,13.774463653564453,5.5004658699035645,32.96001052856445,14.925806999206543,20.52826690673828,1.8510143756866455,23.100061416625977,44.42316436767578
1999-01-15,6.799044609069824,9.440102577209473,92.2165756225586,10.789253234863281,9.579537391662598,5.020477771759033,3.0201666355133057,3.0217740535736084,7.007747650146484,3.8017523288726807,3.0919671058654785,32.83428955078125,13.702342987060547,5.1671037673950195,31.285572052001953,14.419041633605957,20.705970764160156,1.8195350170135498,22.28273582458496,44.093509674072266
1999-01-18,6.821699142456055,9.736058235168457,93.96200561523438,10.817480087280273,9.68295955657959,5.145992279052734,2.9688432216644287,2.9468812942504883,7.314459323883057,3.563159465789795,3.0358188152313232,32.32495880126953,13.856880187988281,5.1671037673950195,31.46917152404785,14.494260787963867,21.27880859375,1.8258317708969116,22.687091827392578,45.89615249633789
1999-01-19,6.5473222732543945,9.395471572875977,93.1015853881836,10.3501558303833,9.43733024597168,4.973409652709961,2.8748834133148193,2.8140270709991455,6.731107234954834,3.356029748916626,2.845681667327881,31.713125228881836,13.200098991394043,4.917083740234375,31.101966857910156,14.015212059020996,20.97086524963379,1.8069437742233276,21.809553146362305,45.35839080810547
1999-01-20,6.5473222732543945,9.395471572875977,93.1015853881836,10.3501558303833,9.43733024597168,4.973409652709961,2.8748834133148193,2.8140270709991455,6.731107234954834,3.356029748916626,2.845681667327881,31.713125228881836,13.200098991394043,4.917083740234375,31.101966857910156,14.015212059020996,20.97086524963379,1.8069437742233276,21.809553146362305,45.35839080810547
1999-01-21,6.708425998687744,9.653847694396973,96.42314147949219,10.663795471191406,9.799307823181152,5.124023914337158,2.9135725498199463,2.954044818878174,6.9491119384765625,3.626084804534912,2.8597192764282227,32.033447265625,14.256105422973633,4.85874605178833,33.59159469604492,14.684301376342773,21.63199806213379,1.87619948387146,23.18609046936035,48.98706817626953
1999-01-22,6.801564693450928,9.497651100158691,95.06279754638672,10.757890701293945,9.69588851928711,5.08009672164917,2.9104137420654297,2.9169235229492188,6.78072452545166,3.644439220428467,2.835472822189331,31.713125228881836,13.728102684020996,5.0559844970703125,32.607505798339844,14.648669242858887,21.61213493347168,1.87021803855896,22.411781311035156,51.57764434814453
1999-01-25,6.705906867980957,9.418960571289062,96.5870361328125,10.419156074523926,9.411474227905273,4.998513698577881,2.878042221069336,2.7677879333496094,6.7626824378967285,3.455662727355957,2.766563653945923,31.649059295654297,13.73325252532959,4.867079734802246,31.13869285583496,14.41111946105957,20.877050399780273,1.8352757692337036,23.196842193603516,53.07401657104492
1999-01-26,6.705906867980957,9.418960571289062,96.5870361328125,10.419156074523926,9.411474227905273,4.998513698577881,2.878042221069336,2.7677879333496094,6.7626824378967285,3.455662727355957,2.766563653945923,31.649059295654297,13.73325252532959,4.867079734802246,31.13869285583496,14.41111946105957,20.877050399780273,1.8352757692337036,23.196842193603516,53.07401657104492
1999-01-27,6.85945987701416,9.661481857299805,99.02357482910156,10.601066589355469,9.514896392822266,4.9655656814575195,2.8958075046539307,2.8218414783477783,6.9310712814331055,3.476637840270996,2.9796712398529053,32.21924591064453,13.75385570526123,5.003201961517334,31.667457580566406,14.767439842224121,22.5481014251709,1.8954010009765625,23.659273147583008,52.60636901855469
1999-01-28,6.673182964324951,9.430708885192871,100.30194854736328,10.53206729888916,9.346837043762207,4.777298450469971,2.8346147537231445,2.806863307952881,6.8799519538879395,3.3035926818847656,2.89162015914917,31.713125228881836,13.61219596862793,4.933752536773682,30.99181365966797,14.573447227478027,24.083383560180664,1.882494568824768,23.035526275634766,51.664154052734375
1999-01-29,6.678217887878418,9.477683067321777,106.08184814453125,10.475611686706543,9.37269115447998,4.799262046813965,2.8622491359710693,2.744995355606079,6.870932102203369,3.565782308578491,2.947768211364746,31.77718734741211,13.393270492553711,4.794850826263428,31.124008178710938,14.490304946899414,23.509445190429688,1.9045321941375732,23.358156204223633,51.250308990478516
1999-02-01,6.4692888259887695,9.397823333740234,103.25201416015625,10.102377891540527,9.114134788513184,4.816520690917969,2.877647876739502,2.72871470451355,6.789742946624756,3.5133445262908936,2.862269878387451,30.88344955444336,12.826628684997559,4.667062282562256,29.082368850708008,14.351737976074219,22.383642196655273,1.9265668392181396,22.803237915039062,51.904964447021484
1999-02-02,6.31321907043457,9.313263893127441,103.470458984375,9.832649230957031,8.946073532104492,4.432138919830322,2.6530094146728516,2.686383008956909,6.6153411865234375,3.356029748916626,2.8584418296813965,30.159496307373047,12.466043472290039,4.517050266265869,28.97220230102539,14.094401359558105,22.29534149169922,1.9108271598815918,22.497817993164062,52.58300018310547
1999-02-03,6.507046222686768,9.571639060974121,104.7952651977539,9.976920127868652,9.075349807739258,4.6125617027282715,2.77302622795105,2.7417383193969727,6.6153411865234375,3.4609060287475586,2.9834980964660645,30.880252838134766,12.97601318359375,4.658727645874023,28.97220230102539,14.038970947265625,22.60439109802246,1.9832305908203125,24.298070907592773,52.395965576171875
1999-02-04,6.323288917541504,9.603934288024902,103.25201416015625,9.741690635681152,8.920214653015137,4.5294108390808105,2.784080982208252,2.650564193725586,6.221424579620361,3.2931036949157715,2.988602876663208,30.49264907836914,12.414530754089355,4.639281272888184,28.494834899902344,14.074600219726562,22.957578659057617,2.032024621963501,24.17548179626465,52.13877487182617
1999-02-05,6.167220115661621,9.595129013061523,103.08807373046875,9.581737518310547,8.765083312988281,4.377228736877441,2.6372175216674805,2.5007786750793457,6.12069034576416,3.182983875274658,3.011573076248169,30.17551040649414,12.414530754089355,4.697619438171387,27.67230796813965,14.371532440185547,23.112106323242188,2.0528011322021484,25.2078800201416,51.81145095825195
1999-02-08,5.965841770172119,9.665006637573242,101.67313385009766,9.302594184875488,8.648731231689453,4.3081955909729,2.5069358348846436,2.513803720474243,5.734294891357422,2.9732320308685303,2.8814120292663574,29.727046966552734,11.96379566192627,4.650393962860107,26.673524856567383,14.094401359558105,23.178325653076172,2.021636724472046,23.928129196166992,52.6297721862793
1999-02-09,6.056461811065674,9.700823783874512,102.15934753417969,9.613100051879883,8.545310974121094,4.110515117645264,2.401920795440674,2.4538893699645996,5.710239887237549,2.905062675476074,2.9094855785369873,29.15044593811035,12.002429962158203,4.653172492980957,27.17291831970215,14.193374633789062,24.17168426513672,2.037376642227173,23.83133888244629,52.41933822631836
1999-02-10,6.192393779754639,9.871118545532227,110.33208465576172,9.666417121887207,8.144545555114746,4.389780044555664,2.336385488510132,2.4747283458709717,5.457655429840088,3.1384119987487793,3.005192518234253,29.66297149658203,12.963138580322266,4.692063331604004,29.243928909301758,15.329639434814453,24.878074645996094,2.1019093990325928,25.7391357421875,55.27177047729492
1999-02-11,6.147083282470703,9.923970222473145,110.35395812988281,9.779328346252441,8.351388931274414,4.392917633056641,2.392446279525757,2.6727068424224854,5.895170211791992,3.282616138458252,2.973289728164673,29.59891128540039,12.672093391418457,4.611501693725586,30.125221252441406,15.757219314575195,25.330598831176758,2.0943546295166016,26.242441177368164,56.20700454711914
1999-02-12,6.147083282470703,10.006179809570312,110.84563446044922,9.722871780395508,8.247968673706055,4.330161094665527,2.4635086059570312,2.7352263927459717,5.776393413543701,3.3035926818847656,2.9911553859710693,29.086376190185547,12.620579719543457,4.525383472442627,30.551176071166992,15.678033828735352,26.608720779418945,2.0745229721069336,26.75649070739746,56.464195251464844
1999-02-15,5.998564720153809,9.885798454284668,107.62238311767578,9.446867942810059,8.196255683898926,4.306629180908203,2.341122627258301,2.5164079666137695,5.41254997253418,3.172496795654297,3.0511322021484375,29.022310256958008,12.321807861328125,4.355924606323242,29.31003189086914,16.933073043823242,26.489511489868164,2.039893865585327,26.393001556396484,55.412052154541016
1999-02-16,6.031289100646973,9.87699031829834,106.25666046142578,9.440596580505371,8.041121482849121,4.119928359985352,2.359677791595459,2.66879940032959,5.382480621337891,3.1462767124176025,3.1953301429748535,28.205455780029297,12.208481788635254,4.278140544891357,30.257408142089844,18.291044235229492,26.77428436279297,2.008413791656494,26.971574783325195,55.084739685058594
1999-02-17,6.134496212005615,9.783036231994629,107.07612609863281,9.446867942810059,8.273825645446777,4.28309440612793,2.368757963180542,2.6056292057037354,5.707234859466553,3.15938663482666,3.2068145275115967,28.83011245727539,12.489224433898926,4.447598934173584,30.11052131652832,19.755910873413086,27.24005126953125,2.089632749557495,27.788888931274414,54.28980255126953
1999-02-18,6.6253557205200195,9.683208465576172,105.32794189453125,9.628783226013184,8.273825645446777,4.247010707855225,2.3727059364318848,2.60823392868042,5.710239887237549,3.1069486141204834,3.2029857635498047,28.772445678710938,12.592248916625977,4.278140544891357,29.89021110534668,18.76613426208496,26.710262298583984,2.0745229721069336,27.10277557373047,53.775413513183594
1999-02-19,7.118732452392578,9.653847694396973,105.32794189453125,9.75737476348877,8.312607765197754,4.203080177307129,2.368757963180542,2.650564193725586,5.532830238342285,3.15938663482666,3.2144715785980225,28.31757354736328,12.363018035888672,4.272583484649658,29.7286376953125,19.320409774780273,26.555742263793945,2.0524868965148926,26.67045021057129,53.775413513183594
1999-02-22,6.59514856338501,9.430708885192871,104.45384216308594,9.446867942810059,8.144545555114746,4.23916482925415,2.285062074661255,2.5919525623321533,5.5313239097595215,3.0938401222229004,3.1493918895721436,27.869102478027344,12.105457305908203,4.267027378082275,28.201080322265625,18.548383712768555,25.82838249206543,1.9533249139785767,25.302515029907227,52.886959075927734
1999-02-23,6.93749475479126,9.55754280090332,102.76028442382812,9.421778678894043,8.066978454589844,4.079136848449707,2.2108404636383057,2.513803720474243,5.427585124969482,3.049267530441284,3.139181613922119,27.516738891601562,11.96379566192627,4.167019844055176,28.274520874023438,18.76613426208496,24.524877548217773,1.9045321941375732,24.906761169433594,53.25872039794922
1999-02-24,7.093563556671143,9.53640365600586,103.08807373046875,9.503324508666992,8.015266418457031,4.204649925231934,2.3292784690856934,2.692244291305542,5.862092018127441,3.120058536529541,3.151942253112793,28.18943977355957,12.365594863891602,4.222580432891846,28.2377986907959,19.20163345336914,24.83392906188965,1.8837541341781616,25.595029830932617,52.84019470214844
1999-02-25,7.03314733505249,9.395471572875977,102.4325180053711,9.371594429016113,8.015266418457031,4.290940284729004,2.354151964187622,2.7743008136749268,6.29960823059082,3.1462767124176025,3.185121774673462,28.39764976501465,12.46088981628418,4.258693695068359,27.39323616027832,19.142250061035156,24.878074645996094,1.8447188138961792,25.143354415893555,52.03357696533203
1999-02-26,7.043217182159424,9.07602596282959,100.11072540283203,9.189682006835938,8.235040664672852,4.367815971374512,2.4240291118621826,2.7547638416290283,6.254502773284912,2.939147472381592,3.201709747314453,28.455322265625,12.311505317687988,4.278140544891357,26.710243225097656,18.702791213989258,24.282054901123047,1.8069437742233276,24.923967361450195,51.437355041503906
1999-03-01,7.299975395202637,10.569908142089844,111.89729309082031,10.080426216125488,8.066978454589844,4.024226188659668,2.1792571544647217,2.422628164291382,5.502758502960205,2.93652606010437,2.9873268604278564,26.908096313476562,12.03333854675293,4.167019844055176,25.895051956176758,19.39958953857422,27.969614028930664,2.107891321182251,28.70515251159668,56.62785339355469
1999-03-02,7.299975395202637,10.569908142089844,111.89729309082031,10.080426216125488,8.066978454589844,6.0363383293151855,13.075544357299805,2.422628164291382,5.502758502960205,2.93652606010437,31.355234146118164,26.908096313476562,18.050004959106445,4.167019844055176,25.895051956176758,38.79917907714844,27.969614028930664,2.107891321182251,28.70515251159668,56.62785339355469
1999-03-03,7.576871395111084,10.887007713317871,116.42345428466797,10.7798433303833,8.713370323181152,4.203080177307129,2.2566370964050293,2.383554458618164,5.472689151763916,2.93652606010437,3.0281624794006348,27.3565731048584,12.311505317687988,4.133684158325195,27.33448028564453,19.95386505126953,29.646183013916016,2.1758875846862793,31.00225067138672,58.077449798583984
1999-03-04,7.6322479248046875,11.145379066467285,116.0901870727539,11.291077613830566,8.73922348022461,4.032070159912109,2.1914968490600586,2.279355049133301,5.274229049682617,2.889331102371216,3.001363754272461,26.908096313476562,12.02818489074707,4.0475664138793945,27.099477767944336,19.249141693115234,28.915512084960938,2.0713751316070557,30.068790435791016,56.291160583496094
1999-03-05,7.6876301765441895,11.333288192749023,116.636474609375,12.194365501403809,8.726301193237305,3.9206771850585938,2.2266335487365723,2.2774007320404053,5.41254997253418,2.8867101669311523,3.0102970600128174,26.27383804321289,12.128636360168457,3.9475560188293457,26.93790626525879,20.112224578857422,29.160539627075195,2.0650784969329834,30.80007553100586,55.64586639404297
1999-03-08,7.692663192749023,11.895844459533691,114.72443389892578,13.169787406921387,8.338461875915527,4.01481294631958,2.3521764278411865,2.459750175476074,5.746324062347412,2.952256917953491,2.840576171875,26.5205020904541,13.09964656829834,3.939223051071167,26.915874481201172,19.660890579223633,29.690326690673828,2.0613009929656982,31.458227157592773,54.991207122802734
1999-03-09,7.551700115203857,11.521198272705078,116.90962219238281,14.223625183105469,8.325535774230957,3.8594908714294434,2.34625506401062,2.6570775508880615,6.0440144538879395,3.0676212310791016,2.8839640617370605,26.587770462036133,13.316003799438477,3.7503178119659424,26.306316375732422,20.349777221679688,29.84595489501953,2.077040672302246,31.05817222595215,55.36531066894531
1999-03-10,7.249629974365234,11.700300216674805,116.57909393310547,13.088241577148438,8.235040664672852,3.9850025177001953,2.5341763496398926,2.795792818069458,6.268033504486084,3.1987149715423584,2.973289728164673,26.26742935180664,13.022377967834473,4.050343990325928,28.4140567779541,20.112224578857422,31.787418365478516,2.241366386413574,33.544551849365234,55.07536697387695
1999-03-11,7.028113842010498,11.555841445922852,118.00230407714844,12.865555763244629,8.118690490722656,3.9065589904785156,2.4891700744628906,2.623863458633423,5.8936662673950195,3.1462767124176025,2.9235236644744873,25.178295135498047,12.41710376739502,3.878105640411377,27.18760108947754,20.112224578857422,32.44966506958008,2.124890089035034,34.00913619995117,55.13148498535156
1999-03-12,6.927423477172852,11.714981079101562,118.16614532470703,13.89743709564209,8.131617546081543,3.765357255935669,2.4481124877929688,2.66879940032959,5.675660610198975,3.143655300140381,2.9094855785369873,25.629962921142578,12.259991645812988,3.8447704315185547,27.39323616027832,20.025131225585938,32.08542251586914,2.0650784969329834,33.510128021240234,54.10274887084961
1999-03-15,7.010493755340576,11.865307807922363,118.54854583740234,14.446307182312012,8.07990550994873,3.5033512115478516,2.335200309753418,2.5470168590545654,5.460660934448242,3.004694700241089,2.849508762359619,26.13288688659668,12.115757942199707,3.7586519718170166,27.246353149414062,19.79154396057129,31.844816207885742,2.041469097137451,33.55314254760742,53.86894226074219
1999-03-16,6.721010208129883,11.626310348510742,118.82716369628906,13.737479209899902,7.8342766761779785,3.475111246109009,2.1555700302124023,2.448679208755493,5.262200355529785,3.1462767124176025,2.7793238162994385,25.915069580078125,12.429984092712402,3.6530871391296387,26.36507225036621,18.85719108581543,29.869140625,1.958046793937683,32.619693756103516,54.94443130493164
1999-03-17,6.64549446105957,11.800129890441895,120.62454986572266,13.135290145874023,8.157475471496582,3.6712231636047363,2.328094244003296,2.5222692489624023,5.653109550476074,3.1462767124176025,2.817607879638672,26.45963478088379,12.267717361450195,3.74198317527771,25.924427032470703,19.074941635131836,29.866933822631836,2.0310802459716797,32.39170455932617,59.265167236328125
1999-03-18,6.705906867980957,11.838297843933105,121.00694274902344,14.185985565185547,8.041121482849121,3.926954746246338,2.35296630859375,2.552877426147461,5.9507975578308105,3.1462767124176025,2.832920789718628,26.84404182434082,12.52528190612793,3.8558826446533203,25.68941879272461,19.16204261779785,28.410003662109375,2.1280384063720703,34.585567474365234,62.75356674194336
1999-03-19,6.670665740966797,11.7091064453125,120.29129028320312,14.333395004272461,7.976483345031738,3.908125877380371,2.238476514816284,2.552877426147461,5.677164077758789,3.1462767124176025,2.809951066970825,26.77997398376465,12.180147171020508,3.73087215423584,25.204713821411133,18.524625778198242,28.36585807800293,2.0493381023406982,34.24141311645508,59.48031234741211
1999-03-22,6.464254379272461,11.503584861755371,120.13285064697266,13.806482315063477,7.847204685211182,3.9850025177001953,2.2108404636383057,2.7677879333496094,5.8936662673950195,3.104328155517578,2.7831530570983887,28.183032989501953,12.30893325805664,3.7280943393707275,24.602502822875977,18.19602394104004,29.359210968017578,2.2687525749206543,35.65236282348633,58.87240219116211
1999-03-23,6.441598415374756,11.145379066467285,123.34134674072266,13.985258102416992,7.821348667144775,4.079136848449707,2.1567542552948,2.683126926422119,5.8936662673950195,3.14103364944458,2.741041660308838,28.95824432373047,12.419684410095215,3.6391968727111816,26.570697784423828,18.053491592407227,28.476232528686523,2.4503917694091797,38.504390716552734,60.08818435668945
1999-03-24,6.42649507522583,11.275741577148438,121.693115234375,13.684161186218262,7.976483345031738,3.953625202178955,2.219526529312134,2.528130054473877,5.713247299194336,3.332432270050049,2.730832815170288,27.324527740478516,12.311505317687988,3.739206552505493,25.909746170043945,19.39958953857422,30.754335403442383,2.6465115547180176,37.30637741088867,59.83102035522461
1999-03-25,6.270426273345947,10.734329223632812,123.34134674072266,13.107060432434082,7.976483345031738,4.036777019500732,2.227816581726074,2.6310269832611084,5.713247299194336,3.3114564418792725,2.56494140625,27.65127944946289,12.478920936584473,3.74198317527771,25.263469696044922,18.845314025878906,33.21565246582031,2.8583710193634033,36.52131652832031,60.32198715209961
1999-03-26,6.139530181884766,10.81653881072998,122.24531555175781,13.100790023803711,7.795493125915527,3.8532161712646484,2.2175521850585938,2.5919525623321533,5.591465473175049,3.1462767124176025,2.5509042739868164,27.805038452148438,12.13121223449707,3.7503178119659424,24.382186889648438,17.899089813232422,31.677045822143555,2.896146059036255,36.3384895324707,58.93084716796875
1999-03-29,6.139530181884766,10.81653881072998,122.24531555175781,13.100790023803711,7.795493125915527,5.779822826385498,13.305316925048828,2.5919525623321533,5.591465473175049,3.1462767124176025,26.77449607849121,27.805038452148438,18.19681739807129,3.7503178119659424,24.382186889648438,35.798179626464844,31.677045822143555,2.896146059036255,36.3384895324707,58.93084716796875
1999-03-30,6.220081806182861,11.450733184814453,123.34134674072266,12.91887092590332,7.756710052490234,3.718290328979492,2.171361207962036,2.5007786750793457,5.624542713165283,3.054511308670044,2.4500935077667236,28.18943977355957,11.899404525756836,3.7503178119659424,23.66246795654297,17.578405380249023,31.456302642822266,3.0598416328430176,36.994510650634766,63.17676544189453
1999-03-31,6.564944267272949,11.30980396270752,124.44017791748047,13.367382049560547,7.769638538360596,3.7496678829193115,2.218736410140991,2.5860908031463623,5.761359691619873,3.1987149715423584,2.6466102600097656,29.66297149658203,12.259991645812988,4.02811861038208,24.7493896484375,17.895132064819336,30.904436111450195,3.304755926132202,37.25690460205078,68.23165130615234
1999-04-01,6.61025333404541,11.103686332702637,122.02281188964844,12.972196578979492,7.808420658111572,3.733978033065796,2.2266335487365723,2.461703300476074,5.743316650390625,3.177739143371582,2.5777018070220947,30.55990982055664,12.156968116760254,3.889218330383301,24.462966918945312,18.13267707824707,30.904436111450195,3.534557580947876,36.478302001953125,69.95479583740234
1999-04-02,6.61025333404541,11.103686332702637,122.02281188964844,12.972196578979492,7.808420658111572,3.733978033065796,2.2266335487365723,2.461703300476074,5.743316650390625,3.177739143371582,2.5777018070220947,30.55990982055664,12.156968116760254,3.889218330383301,24.462966918945312,18.13267707824707,30.904436111450195,3.534557580947876,36.478302001953125,69.95479583740234
1999-04-05,6.084151268005371,10.33502197265625,119.00105285644531,11.937176704406738,7.70499849319458,3.5096261501312256,2.1476736068725586,2.4037439823150635,5.435102462768555,3.1462767124176025,2.406705617904663,28.951839447021484,11.185954093933105,3.803100824356079,22.509458541870117,17.214160919189453,30.529172897338867,3.2550172805786133,33.56175231933594,67.71259307861328
1999-04-06,6.345943450927734,11.161825180053711,120.86904907226562,11.604720115661621,7.614504814147949,3.522178888320923,2.1220123767852783,2.350992202758789,5.532830238342285,3.1462767124176025,2.4756147861480713,29.15044593811035,10.590987205505371,4.1086812019348145,21.73832893371582,17.174577713012695,30.396724700927734,3.1290974617004395,33.55314254760742,67.34786224365234
1999-04-07,6.315735816955566,11.099577903747559,122.51728820800781,11.573356628417969,7.562792778015137,3.542574882507324,2.1334614753723145,2.350992202758789,5.487725257873535,3.2039592266082764,2.441160202026367,29.185680389404297,9.746177673339844,4.167019844055176,22.693058013916016,16.711360931396484,32.09646224975586,3.1479852199554443,33.04769515991211,66.21391296386719
1999-04-08,6.257840633392334,11.145379066467285,120.8141098022461,11.26598834991455,7.485226154327393,3.4515786170959473,2.1133272647857666,2.429142713546753,5.502758502960205,3.1987149715423584,2.4092583656311035,29.15044593811035,9.58133602142334,4.061455249786377,22.03209114074707,16.76679229736328,33.19467544555664,3.0466203689575195,32.32717514038086,61.25723648071289
1999-04-09,6.071566104888916,10.982132911682129,120.04493713378906,10.688886642456055,7.265451908111572,3.4405953884124756,2.045027732849121,2.3548994064331055,5.41254997253418,3.1331677436828613,2.328864336013794,28.798080444335938,8.816377639770508,3.9475560188293457,20.739543914794922,16.11750030517578,34.87786102294922,2.9263675212860107,31.40230941772461,63.12763977050781
1999-04-12,6.071566104888916,10.910493850708008,122.18760681152344,10.437973022460938,7.355946063995361,3.3903913497924805,1.9775182008743286,2.3347113132476807,5.4426188468933105,2.9889638423919678,2.3046183586120605,29.249740600585938,9.066210746765137,3.9308884143829346,21.077369689941406,16.161046981811523,34.10525894165039,2.8709633350372314,31.40230941772461,65.71121978759766
1999-04-13,6.066528797149658,10.6990966796875,122.51728820800781,10.34074878692627,7.368875026702881,3.23193359375,1.9198788404464722,2.3184304237365723,5.329858303070068,2.93652606010437,2.2905824184417725,29.031917572021484,9.16923713684082,3.889218330383301,20.651418685913086,15.915582656860352,32.935302734375,2.7664496898651123,31.40230941772461,67.57000732421875
1999-04-14,6.066528797149658,10.6990966796875,122.51728820800781,10.34074878692627,7.368875026702881,3.23193359375,1.9198788404464722,2.3184304237365723,5.329858303070068,2.93652606010437,2.2905824184417725,29.031917572021484,9.16923713684082,3.889218330383301,20.651418685913086,15.915582656860352,32.935302734375,2.7664496898651123,31.40230941772461,67.57000732421875
1999-04-15,5.905426502227783,10.552290916442871,118.97635650634766,10.061605453491211,7.343018531799316,3.153486967086792,1.918694257736206,2.2402803897857666,5.01563024520874,2.93652606010437,2.217844247817993,29.342647552490234,9.091971397399902,3.9225544929504395,20.783607482910156,15.602810859680176,31.809490203857422,2.5498688220977783,29.53108024597168,66.54124450683594
1999-04-16,6.378666400909424,11.396708488464355,128.49478149414062,10.86766242980957,7.937698841094971,3.4060800075531006,2.072268486022949,2.3008456230163574,5.41254997253418,3.1698741912841797,2.39522123336792,31.690692901611328,9.820873260498047,4.111460208892822,22.45070457458496,16.85388946533203,34.35469436645508,2.7538576126098633,31.894855499267578,71.8486328125
1999-04-19,6.502013206481934,11.060232162475586,122.24249267578125,10.459928512573242,7.472297668457031,3.326066017150879,1.8950061798095703,2.1315228939056396,4.782589435577393,2.9942078590393066,2.2382616996765137,30.367721557617188,9.161511421203613,3.9558908939361572,21.59879493713379,17.420042037963867,34.21011734008789,2.7365434169769287,30.886112213134766,70.0950927734375
1999-04-20,6.680734634399414,11.074912071228027,119.49553680419922,10.56970500946045,7.394730091094971,3.278999090194702,1.8950061798095703,2.083981513977051,4.662310600280762,2.93652606010437,2.2357094287872314,32.79905700683594,9.182116508483887,3.8336591720581055,21.158153533935547,18.813644409179688,33.11189651489258,2.834761381149292,32.26265335083008,72.01229095458984
1999-04-21,6.5624237060546875,11.215846061706543,119.50101470947266,10.397199630737305,7.343018531799316,3.542574882507324,1.9897575378417969,2.044907331466675,4.644268989562988,3.0151829719543457,2.2229490280151367,35.42580032348633,9.022429466247559,3.875328779220581,21.180185317993164,19.39958953857422,32.17371368408203,2.94651460647583,33.16600036621094,74.44387817382812
1999-04-22,6.343425750732422,10.928109169006348,119.77027130126953,10.102377891540527,6.9810380935668945,3.38568377494812,2.013444662094116,1.9517794847488403,4.450318813323975,2.97585391998291,2.143831729888916,37.47914123535156,9.040459632873535,3.8336591720581055,20.541255950927734,19.15016746520996,33.11189651489258,2.7513391971588135,33.98332214355469,72.9475326538086
1999-04-23,6.368598461151123,11.09840202331543,119.14392852783203,10.067880630493164,7.110316753387451,3.421769380569458,1.9767283201217651,1.8482317924499512,4.230808734893799,3.0361580848693848,2.1004445552825928,38.11981201171875,8.960613250732422,3.733649730682373,20.548599243164062,18.92449378967285,32.008174896240234,2.7513391971588135,35.35985565185547,72.19934844970703
1999-04-26,5.998564720153809,10.417229652404785,115.375,9.264957427978516,6.942255020141602,3.1503493785858154,1.9336955547332764,1.7518476247787476,4.420248985290527,3.0099382400512695,1.9332767724990845,37.08833694458008,8.244588851928711,3.4975180625915527,18.9108829498291,17.41212272644043,29.872446060180664,2.53129506111145,34.39197540283203,66.42433166503906
1999-04-27,5.998564720153809,10.417229652404785,115.375,9.264957427978516,6.942255020141602,4.725524425506592,11.602178573608398,1.7518476247787476,4.420248985290527,3.0099382400512695,20.291820526123047,37.08833694458008,12.36688232421875,3.4975180625915527,18.9108829498291,34.82424545288086,29.872446060180664,2.53129506111145,34.39197540283203,66.42433166503906
1999-04-28,6.24273681640625,10.828282356262207,114.22126770019531,9.628783226013184,7.368875026702881,3.2633094787597656,1.9577786922454834,1.8925164937973022,4.77507209777832,3.078108549118042,1.9907013177871704,37.79948043823242,8.242011070251465,3.439181089401245,19.388240814208984,17.586322784423828,31.125181198120117,2.3924691677093506,35.9190788269043,66.86856079101562
1999-04-29,6.743664264678955,11.157126426696777,113.61688995361328,9.84832763671875,7.265451908111572,3.4876632690429688,2.05173921585083,2.044255495071411,5.156956672668457,3.0938401222229004,2.090235948562622,35.68845748901367,8.901371002197266,3.486406087875366,20.504531860351562,18.99576187133789,30.911046981811523,2.583866596221924,38.66786193847656,67.94406127929688
1999-04-30,6.829255104064941,11.249905586242676,113.42459106445312,9.929878234863281,7.291309356689453,3.519040822982788,2.0710840225219727,2.208369255065918,5.570417404174805,3.148900270462036,2.257403612136841,36.19780731201172,9.323773384094238,3.6086392402648926,21.011272430419922,17.677383422851562,30.242198944091797,2.7906887531280518,37.854835510253906,70.0015640258789
1999-05-03,6.768838882446289,11.224067687988281,110.70508575439453,9.823237419128418,7.368875026702881,3.5974843502044678,2.008706569671631,2.0318827629089355,5.650100231170654,3.1567654609680176,2.3684229850769043,35.300865173339844,9.048182487487793,3.5780813694000244,19.82888412475586,17.459630966186523,29.999387741088867,2.8945727348327637,36.671875,69.82621765136719
1999-05-04,7.312557697296143,11.908759117126465,111.80935668945312,10.610479354858398,7.950627326965332,3.6178812980651855,2.0320000648498535,2.1946933269500732,5.983872890472412,3.1987149715423584,2.507517099380493,36.51814270019531,9.220748901367188,3.6114187240600586,21.41519546508789,17.701135635375977,29.160539627075195,2.85207462310791,37.682769775390625,72.83063507080078
1999-05-05,7.410730838775635,11.979225158691406,112.63343811035156,11.46044635772705,8.092833518981934,3.908125877380371,2.0094964504241943,2.2402803897857666,5.7733869552612305,3.251152992248535,2.4271228313446045,36.6302490234375,9.166664123535156,3.591970682144165,20.636728286743164,17.863460540771484,29.270910263061523,3.0661377906799316,36.994510650634766,71.544677734375
1999-05-06,7.571835994720459,12.937565803527832,112.6279525756836,12.379413604736328,8.07990550994873,4.221909046173096,1.983835220336914,2.243536949157715,5.713247299194336,3.2590198516845703,2.5483524799346924,37.98207092285156,9.321199417114258,3.594749927520752,22.289133071899414,18.19602394104004,29.66826057434082,3.122802972793579,37.16656494140625,67.33617401123047
1999-05-07,8.00346851348877,12.860054016113281,111.63906860351562,12.605236053466797,8.247968673706055,4.560788631439209,1.9846251010894775,2.2142302989959717,5.707234859466553,3.2459094524383545,2.526658535003662,40.490291595458984,10.068130493164062,3.664199113845825,23.80935287475586,19.320409774780273,29.756553649902344,3.124061107635498,37.42466354370117,66.86856079101562
1999-05-10,8.116605758666992,12.907031059265137,114.40254974365234,12.997283935546875,8.90728759765625,4.675319671630859,1.9980473518371582,2.242234468460083,5.7733869552612305,3.2773725986480713,2.7295570373535156,41.96381759643555,10.598712921142578,3.9114420413970947,23.794660568237305,18.92449378967285,29.138473510742188,3.2613131999969482,38.84422302246094,67.14912414550781
1999-05-11,8.766457557678223,12.613424301147461,119.49553680419922,13.110198974609375,9.385621070861816,5.034595489501953,2.0331838130950928,2.42197847366333,6.01394510269165,3.15938663482666,2.8584418296813965,41.643489837646484,11.276103973388672,4.000338554382324,24.088420867919922,19.340208053588867,29.029207229614258,3.26729416847229,40.34981918334961,63.74491500854492
1999-05-12,8.366548538208008,12.38499641418457,124.9346694946289,12.388822555541992,8.73922348022461,4.962429523468018,2.053713798522949,2.5646004676818848,6.104152679443359,3.1987149715423584,2.730832815170288,40.9227294921875,10.688858985900879,3.914219856262207,24.78610610961914,19.241230010986328,30.35256576538086,3.0724334716796875,39.618526458740234,64.7760009765625
1999-05-13,8.919055938720703,12.747307777404785,128.0113067626953,13.379925727844238,9.204630851745605,5.1146111488342285,2.0766117572784424,2.759974241256714,6.592784881591797,3.1462767124176025,3.0264525413513184,40.04182052612305,10.82279109954834,4.03923225402832,26.76899528503418,19.716320037841797,30.68369483947754,3.1467268466949463,42.156524658203125,65.9333267211914
1999-05-14,9.634685516357422,13.112557411193848,125.20935821533203,14.452582359313965,9.553679466247559,5.2322773933410645,2.242818593978882,2.980746030807495,7.120509147644043,3.3035926818847656,3.1682968139648438,39.721492767333984,11.332763671875,4.3642578125,28.9134464263916,20.428958892822266,31.456302642822266,3.1290974617004395,40.220767974853516,64.99810028076172
1999-05-17,9.416315078735352,12.864749908447266,122.13270568847656,15.60991382598877,9.618319511413574,5.538215160369873,2.422450542449951,3.2197518348693848,7.69033145904541,3.2668843269348145,3.238556146621704,38.98470687866211,11.178224563598633,4.71428918838501,28.193735122680664,20.793041229248047,30.904436111450195,3.0157699584960938,37.16656494140625,62.89384078979492
1999-05-18,9.705723762512207,12.755529403686523,120.92396545410156,15.807513236999512,9.825162887573242,5.618228435516357,2.616293430328369,3.477644681930542,8.30675983428955,3.5080997943878174,3.263742685317993,38.11981201171875,11.070053100585938,5.092098712921143,28.259836196899414,20.712127685546875,30.794057846069336,2.896146059036255,37.097747802734375,62.42625045776367
1999-05-19,9.655733108520508,12.766100883483887,120.86904907226562,16.908390045166016,10.613765716552734,5.710791110992432,2.825927495956421,3.7563765048980713,8.971301078796387,3.788642406463623,3.3340024948120117,37.158809661865234,11.564574241638184,5.5004658699035645,28.369991302490234,20.3723201751709,30.247722625732422,3.127838134765625,38.074214935302734,62.46833038330078
1999-05-20,9.24003791809082,12.54295539855957,122.35240936279297,17.124801635742188,10.73011589050293,5.477026462554932,2.6845929622650146,3.456153392791748,8.25413703918457,4.090160369873047,3.2624170780181885,37.543212890625,11.180804252624512,5.128212928771973,27.760433197021484,19.660341262817383,30.74991798400879,3.1794655323028564,37.682769775390625,65.69953918457031
1999-05-21,8.792769432067871,12.862985610961914,124.16545867919922,16.328153610229492,10.600836753845215,5.1365742683410645,2.5479941368103027,3.2431962490081787,7.818127632141113,4.116380214691162,3.0025906562805176,37.222877502441406,10.534320831298828,4.719843864440918,26.291627883911133,18.810823440551758,30.35256576538086,3.1542809009552,36.82243728637695,67.38294982910156
1999-05-24,8.790136337280273,13.117257118225098,125.70378112792969,16.365787506103516,10.497414588928223,4.926340579986572,2.4260034561157227,3.2562217712402344,7.732429504394531,3.87778639793396,2.925703287124634,38.11981201171875,10.611589431762695,4.342033863067627,25.850994110107422,19.389307022094727,29.735597610473633,3.1007659435272217,37.16656494140625,66.16716003417969
1999-05-25,8.945367813110352,12.519466400146484,129.11012268066406,16.516340255737305,10.600836753845215,4.998513698577881,2.5108840465545654,3.282270908355713,7.6377081871032715,3.8253490924835205,3.0622453689575195,39.08081817626953,10.462206840515137,4.689287185668945,26.952594757080078,19.255807876586914,31.125181198120117,3.2015016078948975,36.994510650634766,63.59526062011719
1999-05-26,8.62701416015625,12.566444396972656,127.18722534179688,15.641275405883789,8.687515258789062,4.9232048988342285,2.708280324935913,3.2171471118927,7.368587017059326,3.707364320755005,2.9190750122070312,37.543212890625,10.457050323486328,4.314255714416504,25.72614288330078,18.406295776367188,30.30841827392578,3.1479852199554443,36.92997360229492,62.192440032958984
1999-05-27,8.113974571228027,11.874701499938965,124.71481323242188,14.637630462646484,9.239812850952148,4.549808979034424,2.645113468170166,3.1259725093841553,7.022782325744629,3.670657157897949,2.7334845066070557,36.838470458984375,9.890417098999023,4.169798851013184,24.675945281982422,16.93783187866211,29.800697326660156,3.0850253105163574,35.66097640991211,61.49101638793945
1999-05-28,8.156067848205566,11.943994522094727,123.12434387207031,14.2894868850708,9.404008865356445,4.392917633056641,2.5266754627227783,3.1272754669189453,6.645409107208252,3.4189555644989014,2.691063642501831,35.2368049621582,9.90329360961914,3.9753365516662598,24.984392166137695,16.986373901367188,29.690326690673828,3.0094735622406006,35.31684112548828,62.089561462402344
1999-05-31,8.808554649353027,12.408489227294922,126.08837890625,15.43427848815918,10.001091957092285,4.714540481567383,2.6802499294281006,3.2431962490081787,7.108484268188477,3.6942553520202637,2.907144069671631,36.774410247802734,10.482810974121094,4.25036096572876,26.989315032958984,17.928937911987305,29.71240234375,3.1473560333251953,36.048133850097656,62.89384078979492
1999-06-01,8.737517356872559,11.994492530822754,129.11012268066406,15.007721900939941,9.986164093017578,4.540393352508545,2.600107192993164,3.1780717372894287,6.765686988830566,3.4661483764648438,2.826279401779175,35.65964126586914,10.637347221374512,4.111460208892822,25.931772232055664,17.071325302124023,30.46294593811035,3.1067464351654053,34.67158508300781,60.415523529052734
1999-06-02,9.163737297058105,12.052630424499512,125.2643051147461,15.299413681030273,9.851820945739746,4.596872806549072,2.6135294437408447,3.432708978652954,6.9160356521606445,3.6654129028320312,2.8779804706573486,35.30406951904297,10.354026794433594,4.147573947906494,26.98197364807129,17.678123474121094,30.242198944091797,3.1007659435272217,34.76192855834961,61.02341079711914
1999-06-03,9.366324424743652,12.136013984680176,124.71481323242188,15.371546745300293,10.030946731567383,4.785140514373779,2.6684062480926514,3.4515950679779053,7.370089054107666,3.670657157897949,2.942936897277832,35.9415283203125,10.724918365478516,4.278140544891357,27.760433197021484,18.143341064453125,30.68369483947754,3.127591133117676,34.99637222290039,61.64301300048828
1999-06-04,9.682042121887207,12.428447723388672,125.2643051147461,15.99882984161377,10.19514274597168,4.810243129730225,2.6865670680999756,3.321345806121826,7.427222728729248,3.6470606327056885,3.178901433944702,36.39321517944336,10.755825996398926,4.622613906860352,29.37611961364746,19.013090133666992,31.235553741455078,3.1263155937194824,34.88667297363281,61.25723648071289
1999-06-07,9.513660430908203,12.589933395385742,126.85755920410156,15.682051658630371,10.090651512145996,4.863587379455566,2.675907850265503,3.3734467029571533,7.382118225097656,3.6182186603546143,3.21071720123291,38.76047897338867,10.71718978881836,4.889303684234619,28.72250747680664,18.52764892578125,30.242198944091797,3.1164278984069824,35.144771575927734,60.78959274291992
1999-06-08,10.26086139678955,12.519466400146484,122.24249267578125,16.18387794494629,10.01601791381836,5.252674579620361,2.6806445121765137,3.6078946590423584,7.818127632141113,3.565782308578491,3.4599387645721436,41.57941818237305,10.616743087768555,4.847634315490723,30.03708839416504,18.450788497924805,29.472896575927734,3.106858491897583,37.940860748291016,65.65276336669922
1999-06-09,9.889890670776367,12.497742652893066,123.2754135131836,15.86396598815918,10.06080150604248,5.291895389556885,2.670380115509033,3.319392442703247,7.355055332183838,3.623462438583374,3.2438595294952393,38.62914276123047,10.892333984375,4.780961513519287,29.207212448120117,19.49448013305664,30.2642822265625,3.088357448577881,35.27167510986328,60.48332977294922
1999-06-10,9.950406074523926,12.43549633026123,124.1242446899414,15.939240455627441,9.86674976348877,5.467611789703369,2.6648528575897217,3.318742036819458,7.35806131362915,3.6182186603546143,3.1696226596832275,38.97189712524414,11.45382022857666,4.686509132385254,28.157018661499023,20.48558807373047,30.242198944091797,3.1004786491394043,36.183631896972656,61.96330261230469
1999-06-11,9.611007690429688,12.114285469055176,122.6738510131836,15.66323471069336,9.717476844787598,5.20717716217041,2.6210310459136963,3.2731544971466064,7.091944694519043,3.565782308578491,3.1828784942626953,38.51062774658203,11.44609260559082,4.489269256591797,26.81305503845215,19.91115379333496,29.90887451171875,3.0800633430480957,35.4329833984375,61.4676399230957
1999-06-14,9.324228286743164,11.929902076721191,121.86618041992188,15.19277286529541,9.29952335357666,4.901240825653076,2.683014154434204,3.278364419937134,6.968659400939941,3.416332721710205,3.257115125656128,38.51702117919922,11.093231201171875,4.333700180053711,26.225536346435547,20.598859786987305,29.578857421875,2.999361991882324,34.72536087036133,60.350040435791016
1999-06-15,9.113749504089355,11.767239570617676,123.27816009521484,14.731719970703125,8.896492958068848,4.810243129730225,2.770657777786255,3.254268169403076,7.102468013763428,3.3402981758117676,3.392331600189209,40.474266052246094,11.126715660095215,4.333700180053711,26.4678897857666,20.52199935913086,29.839336395263672,2.9980862140655518,34.686649322509766,59.6556282043457
1999-06-16,9.587328910827637,12.15597915649414,126.65975189208984,15.895329475402832,9.284595489501953,4.827502727508545,2.881594657897949,3.2907376289367676,7.129530429840088,3.489745855331421,3.5368261337280273,40.7369384765625,11.677899360656738,4.244803428649902,27.80451011657715,21.962148666381836,29.587684631347656,2.978628396987915,35.51042556762695,59.84737014770508
1999-06-17,9.708353996276855,12.35915756225586,131.7801971435547,16.387739181518555,9.239812850952148,4.788279056549072,3.1121537685394287,3.3623735904693604,7.521942615509033,3.6024889945983887,3.6137142181396484,42.19766616821289,12.221358299255371,4.28369665145874,28.99847412109375,22.710529327392578,29.726755142211914,2.9674644470214844,35.63301467895508,60.47631072998047
1999-06-18,9.637316703796387,12.583473205566406,132.30209350585938,16.18387794494629,9.120396614074707,4.658061504364014,3.2700700759887695,3.4034039974212646,7.652743816375732,3.5710246562957764,3.8602843284606934,41.48652267456055,12.041068077087402,4.380926132202148,29.69246482849121,22.136091232299805,29.691438674926758,2.96012806892395,34.94044876098633,59.99700164794922
1999-06-21,9.903045654296875,12.844202041625977,132.5823516845703,16.428516387939453,9.448793411254883,4.645510196685791,3.340343952178955,3.357164144515991,7.782043933868408,3.5920000076293945,3.978266954421997,41.630672454833984,12.360442161560059,4.733615875244141,31.07299041748047,22.1401309967041,29.889005661010742,2.8363633155822754,35.57279586791992,59.643943786621094
1999-06-22,9.81096076965332,12.959290504455566,133.9778289794922,16.40970230102539,9.433866500854492,4.416450500488281,3.3079705238342285,3.3903777599334717,7.843687534332275,3.5133445262908936,3.942474842071533,43.35087585449219,12.141514778137207,4.721956729888916,32.81169891357422,22.160362243652344,29.596513748168945,2.9192984104156494,36.26750946044922,58.80224609375
1999-06-23,9.56364917755127,12.680365562438965,129.37109375,15.261775016784668,9.404008865356445,4.640802383422852,3.3075764179229736,3.6235251426696777,8.108299255371094,3.5238304138183594,3.705183506011963,41.646697998046875,12.347564697265625,4.675320148468018,30.759571075439453,21.444337844848633,30.050138473510742,2.978628396987915,36.686927795410156,57.462547302246094
1999-06-24,9.505765914916992,12.799004554748535,126.09662628173828,15.27745532989502,9.374156951904297,4.549808979034424,3.2898104190826416,3.372795343399048,7.789562225341797,3.447796106338501,3.780745267868042,40.666473388671875,12.265142440795898,4.60536527633667,31.214767456054688,20.987215042114258,30.020343780517578,2.9154715538024902,36.00510787963867,57.189002990722656
1999-06-25,9.350542068481445,12.689218521118164,126.36309051513672,14.913633346557617,9.418936729431152,4.5623579025268555,3.2574379444122314,3.355860948562622,7.782043933868408,3.4058451652526855,3.6680657863616943,40.30769729614258,13.032683372497559,4.549984931945801,31.296850204467773,20.96698760986328,30.200254440307617,2.9725680351257324,35.643775939941406,57.21703338623047
1999-06-28,9.361062049865723,12.767719268798828,129.42877197265625,14.766222953796387,10.18021297454834,4.584323406219482,3.2811248302459717,3.3747501373291016,7.792569637298584,3.329810619354248,3.718440532684326,40.62482833862305,12.955413818359375,4.555813312530518,31.51326560974121,20.809215545654297,31.457399368286133,2.9856460094451904,36.2933235168457,60.8270149230957
1999-06-29,9.21109676361084,12.832643508911133,131.55496215820312,14.988905906677246,10.165287017822266,4.4901885986328125,3.3911631107330322,3.3311145305633545,7.738440990447998,3.26426362991333,3.6667404174804688,40.13471221923828,12.736485481262207,4.541239261627197,31.744592666625977,20.55031394958496,31.83928680419922,2.8886775970458984,35.790035247802734,59.7608528137207
1999-06-30,9.337381362915039,12.940653800964355,130.81600952148438,14.753679275512695,10.01601791381836,4.774160861968994,3.394829273223877,3.357164144515991,7.853098392486572,3.2485313415527344,3.6906023025512695,40.42941665649414,12.777694702148438,4.485857963562012,30.729713439941406,20.408729553222656,31.78190803527832,2.915151834487915,35.990047454833984,59.185699462890625
1999-07-01,9.176894187927246,12.85448169708252,131.3764190673828,15.029680252075195,9.926456451416016,4.744348526000977,3.3964595794677734,3.291388988494873,7.609653949737549,3.2590198516845703,3.77809476852417,41.83249282836914,12.334684371948242,4.480030059814453,29.968563079833984,20.453227996826172,31.577713012695312,2.8896331787109375,35.66312026977539,58.519351959228516
1999-07-02,9.492612838745117,12.857431411743164,132.72792053222656,15.641275405883789,10.04587173461914,4.797692775726318,3.4017577171325684,3.2484066486358643,7.686615467071533,3.2590198516845703,3.9027042388916016,41.848506927490234,12.399076461791992,4.497518062591553,30.759571075439453,20.877986907958984,32.23332977294922,2.904625654220581,36.29762268066406,59.510684967041016
1999-07-05,9.837271690368652,13.038043022155762,133.41201782226562,16.514671325683594,10.448901176452637,4.874569416046143,3.428248167037964,3.2835733890533447,7.7981276512146,3.306213617324829,4.2155585289001465,45.232879638671875,13.393270492553711,4.745274543762207,32.684837341308594,21.66278076171875,33.13176345825195,2.9968101978302,38.21833419799805,60.67036437988281
1999-07-06,9.85042953491211,12.970166206359863,132.31314086914062,16.35529136657715,10.747442245483398,4.840053558349609,3.452699899673462,3.3767027854919434,8.110681533813477,3.3009707927703857,4.153252601623535,47.32628631591797,13.965062141418457,4.6490864753723145,32.35649490356445,21.81650733947754,34.29290008544922,2.9776721000671387,36.75790023803711,60.705440521240234
1999-07-07,9.747818946838379,12.797228813171387,133.23890686035156,16.686796188354492,11.538572311401367,4.8839826583862305,3.453923225402832,3.4066591262817383,7.945765018463135,3.374382495880127,4.069736957550049,48.028385162353516,13.890364646911621,4.75985050201416,33.17735290527344,23.56409454345703,34.91870880126953,2.982456922531128,35.62657165527344,60.44589614868164
1999-07-08,9.534707069396973,12.506251335144043,133.37896728515625,16.84298324584961,11.463936805725098,4.788279056549072,3.4514777660369873,3.353256940841675,7.931631088256836,3.3009707927703857,4.073714256286621,51.13126754760742,13.648255348205566,4.684063911437988,35.83393096923828,25.327852249145508,35.37564468383789,2.971611261367798,36.101898193359375,59.92451095581055
1999-07-09,9.476825714111328,12.268975257873535,130.8352508544922,17.12986183166504,11.956528663635254,4.769453525543213,3.4592204093933105,3.32655668258667,7.887651443481445,3.3167006969451904,4.382589817047119,55.224239349365234,14.472458839416504,4.698638916015625,38.7069091796875,26.719453811645508,38.20561981201172,2.9381189346313477,35.92122268676758,60.09286117553711
1999-07-12,9.853056907653809,12.676231384277344,132.27749633789062,18.49413299560547,12.911858558654785,5.147557258605957,3.6071600914001465,3.5356051921844482,8.519041061401367,3.578890800476074,4.562877655029297,59.63750076293945,15.631488800048828,5.010519981384277,41.803768157958984,27.787425994873047,39.59962463378906,3.013078212738037,37.076229095458984,61.1800422668457
1999-07-13,10.063538551330566,12.330953598022461,133.77455139160156,18.019187927246094,12.538681030273438,5.376617431640625,3.7502059936523438,3.7231638431549072,8.95881462097168,3.5841338634490967,4.354750156402588,59.42723846435547,15.976624488830566,5.127111911773682,44.937923431396484,28.80280876159668,38.0102424621582,2.940988063812256,37.16227340698242,60.84894943237305
1999-07-14,10.213505744934082,12.264847755432129,135.4859619140625,17.76418685913086,12.67302417755127,5.8080644607543945,3.766508102416992,3.9524025917053223,9.305924415588379,3.8725430965423584,4.50189733505249,58.19770431518555,16.836885452270508,5.182494163513184,41.56496810913086,27.641794204711914,36.3943977355957,2.9725680351257324,37.493499755859375,61.06498336791992
1999-07-15,9.768864631652832,12.12496566772461,133.626220703125,17.241426467895508,12.165508270263672,6.2740278244018555,3.707008123397827,3.798707962036133,9.395448684692383,4.024613857269287,4.167834281921387,57.23673629760742,16.48659896850586,5.062987804412842,41.7291374206543,27.31007957458496,36.088661193847656,2.918661117553711,38.00324249267578,61.9690055847168
1999-07-16,9.750450134277344,12.106074333190918,131.64292907714844,17.445432662963867,12.001311302185059,6.77607536315918,3.6756253242492676,3.827362298965454,9.544655799865723,4.336618423461914,4.177115440368652,57.68649673461914,16.963090896606445,4.949310779571533,42.348506927490234,26.8408145904541,36.83367919921875,3.1521530151367188,38.54310607910156,61.445369720458984
1999-07-19,9.753081321716309,12.319737434387207,134.72779846191406,17.68130874633789,12.225215911865234,7.31891393661499,3.6340572834014893,3.838435173034668,9.431573867797852,4.292047500610352,3.9809179306030273,55.76457214355469,17.197477340698242,4.972628593444824,41.57242965698242,25.647445678710938,39.780635833740234,3.4044651985168457,40.4724006652832,61.3514518737793
1999-07-20,9.376849174499512,11.747809410095215,137.99122619628906,17.327491760253906,11.583353996276855,6.794900894165039,3.6120495796203613,3.5772864818573,8.771910667419434,3.9983932971954346,3.933194637298584,55.39895248413086,16.02298927307129,4.955139636993408,39.393436431884766,24.797924041748047,42.474830627441406,3.32121205329895,40.39067459106445,61.013336181640625
1999-07-21,9.547863960266113,11.835164070129395,141.96070861816406,16.980045318603516,11.777405738830566,6.934534549713135,3.5729246139526367,3.6652028560638428,8.914837837219238,4.142598628997803,3.9504284858703613,57.41792678833008,16.332063674926758,5.025094509124756,40.72172927856445,26.39179039001465,44.68450927734375,3.5850086212158203,41.311248779296875,64.3265151977539
1999-07-22,9.500507354736328,11.85405158996582,148.19647216796875,17.907623291015625,11.747550010681152,6.573685169219971,3.5651824474334717,3.747260332107544,9.075041770935059,4.048210620880127,3.8549821376800537,56.282257080078125,15.994658470153809,5.197068214416504,40.79635238647461,27.002628326416016,43.70108413696289,3.447209596633911,40.41864776611328,65.22114562988281
1999-07-23,9.347909927368164,11.941408157348633,150.61654663085938,17.44862174987793,11.538572311401367,6.330508232116699,3.5549933910369873,3.6267812252044678,8.84101676940918,3.9721734523773193,3.8602843284606934,55.136863708496094,15.085457801818848,4.993031978607178,40.06505584716797,26.97835922241211,43.51896667480469,3.368421792984009,40.23583221435547,64.29129791259766
1999-07-26,9.095333099365234,11.824542045593262,148.9381561279297,16.91948699951172,11.225106239318848,6.195582866668701,3.5081264972686768,3.555143117904663,8.740497589111328,3.9747979640960693,3.786048650741577,53.08554458618164,14.395190238952637,4.90850305557251,38.848697662353516,28.831119537353516,43.14114761352539,3.3712923526763916,40.35411071777344,66.172119140625
1999-07-27,8.987464904785156,11.743091583251953,149.9903106689453,16.450916290283203,10.52353572845459,5.7531514167785645,3.2379257678985596,3.281620502471924,8.34941291809082,4.035099983215332,3.8457014560699463,53.06613540649414,14.155656814575195,4.896844863891602,38.662132263183594,29.50669288635254,43.0635986328125,3.282297372817993,40.629425048828125,61.795230865478516
1999-07-28,9.21109676361084,11.967374801635742,149.0425262451172,16.546537399291992,10.88178539276123,6.214409351348877,3.346738338470459,3.5212786197662354,8.471924781799316,3.8201045989990234,3.695904493331909,53.70352554321289,14.444127082824707,4.937650680541992,37.51294708251953,28.45085906982422,42.07862854003906,3.286125421524048,40.41648864746094,62.797882080078125
1999-07-29,9.461042404174805,11.989806175231934,149.092041015625,16.47641372680664,10.702659606933594,6.21284294128418,3.352444887161255,3.4685275554656982,8.4954833984375,3.751936435699463,3.6998815536499023,54.95568084716797,13.959908485412598,4.838548183441162,36.072723388671875,30.2955322265625,41.52133560180664,3.2650716304779053,40.12613296508789,62.579505920410156
1999-07-30,9.42420482635498,11.865854263305664,149.9903106689453,15.791095733642578,10.732513427734375,5.964955806732178,3.3336973190307617,3.3851680755615234,7.9756059646606445,3.696875810623169,3.681321859359741,55.03010177612305,13.504019737243652,4.7015533447265625,36.38614273071289,30.817380905151367,41.44931411743164,3.2066988945007324,38.885093688964844,61.835166931152344
1999-08-02,9.276872634887695,11.803291320800781,149.25132751464844,15.258774757385254,10.150361061096191,6.062225818634033,3.2660460472106934,3.114902973175049,7.3677754402160645,3.660169839859009,3.5514092445373535,54.308563232421875,12.829208374023438,4.517921447753906,34.460872650146484,29.838415145874023,42.05204772949219,3.104306697845459,37.59243392944336,60.50613784790039
1999-08-03,9.132169723510742,11.570151329040527,149.17706298828125,15.322526931762695,9.851820945739746,6.117138862609863,3.0606448650360107,2.9071555137634277,7.271969318389893,3.607731819152832,3.4824745655059814,57.0555534362793,13.09964656829834,4.380926132202148,34.625038146972656,30.68388557434082,44.23247528076172,3.039872884750366,38.90444564819336,59.84160232543945
1999-08-04,9.437361717224121,11.806833267211914,150.00123596191406,15.893095970153809,10.2399263381958,6.3367838859558105,3.211843729019165,2.9781408309936523,7.449448585510254,3.770289659500122,3.66939115524292,56.9584846496582,13.76415729522705,4.608278751373291,37.2890739440918,33.13941192626953,46.47829055786133,3.2832539081573486,40.05514907836914,62.96224594116211
1999-08-05,9.429468154907227,11.748991012573242,151.1714630126953,15.4181547164917,10.19514274597168,6.306973934173584,3.1877975463867188,2.999630928039551,7.364637851715088,3.6863884925842285,3.5620133876800537,57.10731506347656,13.751280784606934,4.515007495880127,37.71442794799805,34.45819091796875,49.578311920166016,3.4542269706726074,43.19108581542969,65.01451110839844
1999-08-06,9.303179740905762,11.652783393859863,149.1002197265625,15.18864917755127,9.89660358428955,6.283437252044678,3.1486737728118896,2.9286458492279053,7.177732467651367,3.702119827270508,3.535501718521118,55.69015121459961,13.375243186950684,4.375096321105957,38.71437072753906,33.349769592285156,49.74340057373047,3.7090916633605957,45.74413299560547,68.65409851074219
1999-08-09,9.29002857208252,11.446796417236328,149.42434692382812,15.144023895263672,9.956310272216797,6.399540424346924,3.146228075027466,3.0940628051757812,7.331653594970703,3.7099850177764893,3.7542333602905273,56.98759460449219,13.818246841430664,4.456711292266846,41.66943359375,33.806888580322266,51.41749954223633,3.960127830505371,45.038658142089844,71.47180938720703
1999-08-10,9.124273300170898,11.066104888916016,147.53436279296875,15.230083465576172,10.04587173461914,6.299129486083984,3.0871355533599854,3.144207715988159,7.22170877456665,3.780776262283325,3.6389012336730957,57.01995849609375,14.92577075958252,4.395500183105469,39.4531364440918,32.581153869628906,50.54666519165039,3.9014368057250977,45.12038040161133,71.8521957397461
1999-08-11,9.040082931518555,11.308095932006836,147.54261779785156,14.911331176757812,10.165287017822266,6.19244384765625,3.099360942840576,3.085829257965088,7.157314300537109,3.7362043857574463,3.80593204498291,55.965171813964844,14.549728393554688,4.497518062591553,39.60984802246094,32.39910888671875,51.04966354370117,3.8628392219543457,48.069190979003906,71.32857513427734
1999-08-12,8.905902862548828,11.247895240783691,144.1583251953125,15.312967300415039,10.01601791381836,6.214409351348877,3.1205530166625977,3.019894599914551,7.218570709228516,3.780776262283325,3.787374496459961,55.98134231567383,13.910972595214844,4.40132999420166,38.66959762573242,32.37484359741211,50.698455810546875,3.9760775566101074,50.42866516113281,70.6476058959961
1999-08-13,8.808554649353027,11.09443473815918,140.90306091308594,15.070710182189941,10.10558032989502,6.711750507354736,3.078983783721924,3.0164618492126465,7.0709309577941895,3.883030652999878,3.657460927963257,59.446617126464844,13.697190284729004,4.494602680206299,37.19206237792969,31.573854446411133,49.63371658325195,4.082935333251953,50.77924728393555,70.4480209350586
1999-08-16,8.97693920135498,11.187689781188965,140.1476593017578,15.210963249206543,10.747442245483398,7.365535736083984,3.298649549484253,3.0748391151428223,7.146320343017578,3.982663631439209,3.6375763416290283,61.92826843261719,14.431243896484375,4.686977863311768,39.37851333618164,32.443607330322266,52.5930290222168,4.40956974029541,49.55326843261719,71.44834899902344
1999-08-17,8.984831809997559,11.182376861572266,142.3947296142578,15.18546199798584,10.986273765563965,7.23026704788208,3.413577079772949,3.1194827556610107,7.10862398147583,3.987907648086548,3.630948066711426,63.81784439086914,14.212322235107422,4.745274543762207,41.348567962646484,32.83599853515625,56.8010139465332,4.762362003326416,49.90170669555664,73.05677795410156
1999-08-18,9.24003791809082,11.911298751831055,142.9468994140625,15.72415828704834,11.463936805725098,7.618349075317383,3.4958994388580322,3.3591785430908203,7.67719030380249,4.032479286193848,3.8854730129241943,62.46539306640625,14.81243896484375,5.127111911773682,44.355873107910156,35.46548080444336,61.345794677734375,4.828707218170166,49.87375259399414,72.57542419433594
1999-08-19,9.174262046813965,11.628588676452637,143.1309356689453,15.711404800415039,11.10568904876709,8.228655815124512,3.465334177017212,3.379096746444702,8.01172924041748,3.9092493057250977,3.7886996269226074,60.52082443237305,14.63987922668457,5.197068214416504,41.05754089355469,34.97598648071289,61.26824951171875,4.450079441070557,49.45218276977539,72.01422882080078
1999-08-20,9.190047264099121,11.478079795837402,142.2299041748047,15.63171672821045,11.016128540039062,8.207722663879395,3.456366777420044,3.554919719696045,8.371402740478516,3.953822135925293,3.8470280170440674,60.2296142578125,14.155656814575195,5.357381343841553,42.1171760559082,35.80528259277344,61.79452133178711,4.698246479034424,49.63285827636719,72.32888793945312
1999-08-23,9.847797393798828,11.581958770751953,141.5926055908203,15.60303020477295,11.10568904876709,8.280186653137207,3.5232043266296387,3.605742931365967,8.555164337158203,3.980041027069092,4.1559038162231445,61.25851821899414,14.392606735229492,5.785854339599609,45.49013900756836,34.502689361572266,61.986183166503906,4.596172332763672,50.75774383544922,73.38787078857422
1999-08-24,9.747818946838379,11.766111373901367,141.8123321533203,15.816596984863281,11.359448432922363,8.23831844329834,3.5052731037139893,3.6078040599823,8.602285385131836,4.040344715118408,4.2646074295043945,59.757240295410156,15.299233436584473,5.727558612823486,46.18412780761719,33.7219352722168,61.781211853027344,4.548325538635254,51.25028991699219,74.23552703857422
1999-08-25,9.426837921142578,11.653965950012207,144.59231567382812,15.23646354675293,11.478864669799805,7.834131717681885,3.517091989517212,3.5267608165740967,8.17193603515625,4.084916114807129,4.0710625648498535,60.284629821777344,15.479524612426758,5.409846782684326,44.83345413208008,33.463043212890625,62.05156707763672,4.436045169830322,51.35137176513672,72.25841522216797
1999-08-26,9.524186134338379,12.148573875427246,148.39146423339844,15.198213577270508,11.657986640930176,7.859899520874023,3.545621156692505,3.784313440322876,8.300725936889648,4.103270053863525,4.122762680053711,59.986942291259766,16.342365264892578,5.500204563140869,46.10950469970703,33.47922134399414,63.16615676879883,4.579905986785889,53.7302131652832,72.76559448242188
1999-08-27,9.739925384521484,12.483230590820312,147.82008361816406,15.172707557678223,11.643060684204102,7.753618240356445,3.5549933910369873,3.8241491317749023,8.2598876953125,4.090160369873047,4.387892246246338,57.75119400024414,15.883898735046387,5.354464530944824,46.803504943847656,33.2809944152832,61.91969680786133,4.801595211029053,52.88492965698242,72.79849243164062
1999-08-30,9.921463966369629,12.12968635559082,147.66078186035156,15.59665584564209,11.389301300048828,7.425112724304199,3.5651824474334717,3.6483240127563477,8.129528045654297,4.350943088531494,4.560226917266846,57.78679275512695,16.087383270263672,5.395273685455322,47.31093215942383,32.60946273803711,61.651588439941406,4.770336627960205,52.70425033569336,72.21382904052734
1999-08-31,10.18193244934082,11.99157428741455,146.71580505371094,15.246023178100586,11.254959106445312,7.39934778213501,3.5590686798095703,3.759586811065674,7.94105339050293,4.334473133087158,4.402473449707031,58.24946975708008,16.316606521606445,5.27285099029541,46.38561248779297,33.13534927368164,60.80181121826172,4.728549480438232,53.672142028808594,70.68753051757812
1999-09-01,9.981977462768555,12.301444053649902,148.45703125,14.758328437805176,11.359448432922363,7.286629676818848,3.5712950229644775,3.7788188457489014,8.047856330871582,4.276824951171875,4.337517261505127,61.8927001953125,15.899358749389648,5.246619701385498,45.109561920166016,34.045570373535156,60.33979034423828,4.664434909820557,53.0677490234375,68.84896850585938
1999-09-02,9.668889045715332,11.813915252685547,146.11424255371094,14.222825050354004,11.090763092041016,7.104665756225586,3.5578465461730957,3.596813440322876,7.537403106689453,4.03525972366333,4.15457820892334,60.34933090209961,15.55937385559082,4.978459358215332,45.042396545410156,33.23649597167969,60.35419845581055,4.435727596282959,52.22031021118164,68.56483459472656
1999-09-03,9.642579078674316,11.636260986328125,145.1153106689453,14.257885932922363,11.001200675964355,7.270524978637695,3.599416494369507,3.65794038772583,7.601799964904785,4.062710762023926,4.17446231842041,60.29109573364258,15.940563201904297,4.969714641571045,44.29616928100586,32.79555892944336,62.35957717895508,4.418182373046875,51.18576431274414,68.19854736328125
1999-09-06,9.763604164123535,11.656329154968262,145.5154571533203,14.398134231567383,11.031055450439453,7.310782432556152,3.5875983238220215,3.573462963104248,7.5201263427734375,4.342706680297852,4.292445182800293,60.03226089477539,16.216157913208008,5.0134358406066895,45.0722541809082,32.42338943481445,67.33645629882812,4.503347396850586,50.18992614746094,69.13777923583984
1999-09-07,9.66099739074707,11.43440055847168,145.66168212890625,13.993317604064941,11.090763092041016,7.896935939788818,3.7836263179779053,3.642143726348877,7.722736358642578,4.595254421234131,4.2672576904296875,59.05835723876953,16.051319122314453,5.007606506347656,45.38566207885742,30.647480010986328,66.27505493164062,4.863798141479492,50.417911529541016,69.87039947509766
1999-09-08,10.008288383483887,11.551265716552734,144.6627960205078,14.210070610046387,11.150468826293945,7.859899520874023,4.086430072784424,3.6490113735198975,7.849956512451172,4.899958610534668,4.106855869293213,60.89614486694336,15.850414276123047,4.9609694480896,45.69907760620117,30.31576156616211,66.09777069091797,5.252951145172119,50.75129318237305,72.20912170410156
1999-09-09,10.489758491516113,11.537101745605469,144.9304656982422,14.455513000488281,11.195250511169434,7.879220485687256,4.410832405090332,3.832390308380127,7.76514196395874,5.103094577789307,4.084318161010742,60.058128356933594,15.322416305541992,5.089219570159912,44.9603157043457,29.915271759033203,67.10932922363281,5.673366069793701,50.1038932800293,71.80522918701172
1999-09-10,10.405567169189453,11.472765922546387,144.5882110595703,14.302512168884277,11.016128540039062,7.800314903259277,4.451994895935059,3.8097245693206787,8.07769775390625,4.899958610534668,4.079015731811523,59.511329650878906,14.789262771606445,4.9230756759643555,45.69907760620117,29.462196350097656,68.02891540527344,5.904943466186523,49.434967041015625,71.68081665039062
1999-09-13,10.405567169189453,11.472765922546387,144.5882110595703,14.302512168884277,11.016128540039062,7.800314903259277,4.451994895935059,3.8097245693206787,8.07769775390625,4.899958610534668,4.079015731811523,59.511329650878906,14.789262771606445,4.9230756759643555,45.69907760620117,29.462196350097656,68.02891540527344,5.904943466186523,49.434967041015625,71.68081665039062
1999-09-14,10.20824146270752,11.342326164245605,138.56724548339844,14.034757614135742,10.911637306213379,7.523345947265625,4.095803737640381,4.095437526702881,8.644691467285156,4.573294162750244,3.8828210830688477,58.71862030029297,15.026220321655273,5.319487571716309,45.348350524902344,29.842466354370117,73.23406219482422,5.768422603607178,49.45218276977539,71.03271484375
1999-09-15,10.008288383483887,11.272682189941406,141.19415283203125,14.206888198852539,10.971344947814941,7.344595432281494,4.42346715927124,3.8866477012634277,7.983458518981934,4.471726417541504,3.8775179386138916,59.07451629638672,14.626996994018555,5.185408592224121,45.281192779541016,29.304428100585938,73.81462097167969,5.700797080993652,49.40271759033203,69.79994201660156
1999-09-16,9.816222190856934,11.050756454467773,139.138427734375,13.512002944946289,10.822076797485352,7.022538661956787,4.359888553619385,3.983487606048584,7.972463607788086,4.3015313148498535,3.7661635875701904,58.92569351196289,13.86718463897705,4.969714641571045,42.87833023071289,29.005069732666016,71.719482421875,5.544179439544678,48.57463455200195,70.03945922851562
1999-09-17,9.979345321655273,10.876643180847168,136.45628356933594,13.706446647644043,10.642951965332031,6.858286380767822,4.296314239501953,3.904503583908081,7.909640789031982,4.2960405349731445,3.7847232818603516,58.475955963134766,13.48342227935791,4.879354953765869,43.54994583129883,29.98809051513672,72.7232894897461,5.598087787628174,50.450172424316406,70.04182434082031
1999-09-20,9.824117660522461,10.730854988098145,136.50596618652344,13.298436164855957,10.52353572845459,7.175516128540039,4.219696998596191,3.7712628841400146,7.659911632537842,4.205453395843506,3.6799960136413574,58.615074157714844,12.849811553955078,4.774422645568848,41.49781036376953,30.190357208251953,76.3850326538086,5.752154350280762,53.78182601928711,69.71072387695312
1999-09-21,9.663626670837402,10.397972106933594,134.99929809570312,12.909553527832031,10.47875690460205,7.119156360626221,4.154489994049072,3.880465507507324,7.421180248260498,3.963888645172119,3.6269705295562744,58.31093215942383,12.66951847076416,4.646172046661377,40.50532531738281,30.1215877532959,82.49093627929688,5.8960137367248535,52.47412109375,71.72303009033203
1999-09-22,9.834641456604004,10.719643592834473,138.2029571533203,12.982867240905762,10.717585563659668,7.599026679992676,4.183016777038574,3.95601487159729,7.697608947753906,4.271337032318115,3.6587867736816406,58.45653533935547,13.272215843200684,4.768593788146973,40.96798324584961,30.566570281982422,89.09098052978516,6.367464542388916,56.67041015625,51.64436340332031
1999-09-23,10.184564590454102,10.3466215133667,138.74661254882812,12.989243507385254,10.68773365020752,7.547499656677246,4.231922149658203,4.131836891174316,7.906498432159424,4.194474220275879,3.6720430850982666,57.87415313720703,13.267065048217773,4.727786064147949,39.99788284301758,29.93954849243164,95.97571563720703,6.8768744468688965,58.46420669555664,55.777034759521484
1999-09-24,10.997539520263672,10.349569320678711,140.93756103515625,13.496068000793457,10.747442245483398,7.547499656677246,4.223771095275879,3.880465507507324,7.782420635223389,4.213689804077148,3.776768445968628,57.5991325378418,13.35721206665039,4.713212013244629,41.7813720703125,29.41769790649414,96.18733215332031,7.4271159172058105,59.11161804199219,80.88658142089844
1999-09-27,11.336936950683594,9.951764106750488,142.06898498535156,13.132682800292969,10.598173141479492,7.180347919464111,4.106399059295654,3.8152191638946533,7.681901931762695,4.290552139282227,3.6415529251098633,58.0909309387207,13.14343547821045,4.666576385498047,39.572532653808594,29.110252380371094,93.32551574707031,7.537798881530762,59.35467529296875,77.14600372314453
1999-09-28,11.847349166870117,9.716259002685547,140.2559814453125,13.35262680053711,10.463830947875977,7.006438255310059,4.0721659660339355,3.753406286239624,7.620645999908447,4.287807941436768,3.6362500190734863,57.087913513183594,13.156311988830566,4.579130172729492,40.02027130126953,27.957324981689453,87.86224365234375,7.499521255493164,60.32038879394531,74.16976928710938
1999-09-29,12.576132774353027,10.030851364135742,141.53355407714844,13.706446647644043,10.68773365020752,7.305951118469238,4.066458702087402,3.76027512550354,7.849956512451172,4.337218284606934,3.8085851669311523,58.026214599609375,14.209744453430176,4.71904182434082,40.445621490478516,28.746164321899414,90.70635986328125,7.700162410736084,65.14686584472656,73.76826477050781
1999-09-30,12.61559772491455,9.815420150756836,141.2300567626953,14.178196907043457,10.702659606933594,7.259252071380615,4.04282283782959,3.8859598636627197,7.992883205413818,4.386628150939941,3.880169153213501,57.90971755981445,14.114445686340332,4.672405242919922,40.6918830871582,27.730792999267578,86.24131774902344,7.495376110076904,63.28424072265625,72.64469909667969
1999-10-01,12.541930198669434,9.755216598510742,139.2681427001953,13.79250431060791,10.598173141479492,7.154583930969238,4.064828872680664,3.8413174152374268,7.779280662536621,4.4195709228515625,3.764838695526123,60.88319396972656,13.364936828613281,4.576217174530029,39.76655960083008,27.540658950805664,87.32044982910156,7.303350448608398,61.5463752746582,71.46476745605469
1999-10-04,12.149911880493164,9.392229080200195,139.11634826660156,13.362184524536133,10.38919448852539,7.0708489418029785,3.9898416996002197,3.768517255783081,7.703891277313232,4.389374256134033,3.730372190475464,58.25269317626953,13.13312816619873,4.468369960784912,38.69198226928711,25.861848831176758,88.30320739746094,6.887401103973389,59.298736572265625,71.77118682861328
1999-10-05,12.502467155456543,9.31786060333252,137.67318725585938,13.658626556396484,10.269776344299316,6.887274265289307,4.046898365020752,3.799422025680542,7.639494895935059,4.364667892456055,3.738323926925659,57.6443977355957,13.370089530944824,4.445051670074463,39.25166702270508,26.051979064941406,87.03128814697266,6.637323379516602,58.935237884521484,72.05297088623047
1999-10-06,12.523512840270996,9.598807334899902,138.4320068359375,13.725564956665039,10.284704208374023,7.276965618133545,4.284903049468994,3.940218448638916,8.080839157104492,4.4278059005737305,3.705183506011963,57.935604095458984,13.506598472595215,4.576217174530029,38.11738967895508,25.90633773803711,88.09379577636719,7.0433831214904785,58.95029830932617,71.8557357788086
1999-10-07,13.057602882385254,10.277565002441406,143.9894561767578,14.82526683807373,10.47875690460205,7.384858131408691,4.31587553024292,4.206699848175049,8.600715637207031,4.595254421234131,3.89607834815979,58.54713439941406,14.588362693786621,4.713212013244629,39.72178268432617,27.981597900390625,95.14144134521484,7.60701847076416,62.75516891479492,72.78204345703125
1999-10-08,12.73136043548584,10.164833068847656,138.60580444335938,16.01103401184082,10.777294158935547,7.599026679992676,4.370486736297607,4.372220993041992,8.519041061401367,4.589764595031738,4.185068130493164,57.757667541503906,15.6907320022583,4.727786064147949,41.10230255126953,30.222721099853516,97.2775650024414,7.754705429077148,61.97438430786133,71.89800262451172
1999-10-11,12.620858192443848,9.810697555541992,138.3492431640625,16.023786544799805,11.643060684204102,7.697255611419678,4.259634017944336,4.381837368011475,8.371404647827148,4.452509880065918,4.171812534332275,57.032901763916016,15.765421867370605,4.791912078857422,41.62466812133789,32.64182662963867,104.47918701171875,7.756299018859863,63.555274963378906,69.69664001464844
1999-10-12,12.505097389221191,9.514405250549316,137.6317596435547,16.613479614257812,12.58346176147461,7.650556564331055,4.368856430053711,4.239666938781738,8.385542869567871,4.479962348937988,4.179764747619629,57.550594329833984,15.543919563293457,4.5878777503967285,41.40080261230469,33.16773986816406,108.90656280517578,7.888041019439697,64.58981323242188,68.175048828125
1999-10-13,12.739253997802734,9.678488731384277,138.83218383789062,16.25647735595703,12.061016082763672,7.79709529876709,4.4055352210998535,4.197770595550537,8.554381370544434,4.7572150230407715,4.06443452835083,56.64140701293945,15.29150390625,4.564558506011963,41.77391815185547,32.06334686279297,110.44881439208984,8.51930046081543,67.26116180419922,67.26280975341797
1999-10-14,12.791873931884766,10.452858924865723,138.16986083984375,16.297914505004883,11.926671981811523,7.798705577850342,4.478076457977295,4.165490627288818,8.398889541625977,5.034465789794922,4.137344837188721,55.3148193359375,15.77573013305664,4.570387363433838,43.43800735473633,33.325496673583984,103.948486328125,9.200960159301758,66.29975128173828,62.64173126220703
1999-10-15,12.326187133789062,9.635990142822266,136.63009643554688,15.80384635925293,11.598280906677246,7.7520060539245605,4.483783721923828,4.121535778045654,8.160940170288086,4.80113410949707,3.8205151557922363,54.05620574951172,15.417715072631836,4.4596266746521,40.91574478149414,31.881309509277344,99.31948852539062,8.478470802307129,64.4693603515625,60.56011962890625
1999-10-18,12.281464576721191,9.38514518737793,132.13772583007812,15.663594245910645,11.643060684204102,7.793877601623535,4.490304470062256,4.099557876586914,8.29994010925293,5.149760723114014,3.813887119293213,52.80726623535156,15.476951599121094,4.372181415557861,40.609806060791016,31.501052856445312,104.07592010498047,8.918024063110352,62.98744201660156,61.23991394042969
1999-10-19,12.281464576721191,9.38514518737793,132.13772583007812,15.663594245910645,11.643060684204102,7.793877601623535,4.490304470062256,4.099557876586914,8.29994010925293,5.149760723114014,3.813887119293213,52.80726623535156,15.476951599121094,4.372181415557861,40.609806060791016,31.501052856445312,104.07592010498047,8.918024063110352,62.98744201660156,61.23991394042969
1999-10-20,13.189153671264648,9.127809524536133,130.66421508789062,16.32022476196289,11.941600799560547,8.355871200561523,4.6516900062561035,4.22936487197876,8.413023948669434,5.416032314300537,4.096251010894775,54.8780403137207,16.015260696411133,4.573302745819092,42.2291145324707,30.554443359375,112.40210723876953,8.785327911376953,61.733497619628906,59.42599105834961
1999-10-21,13.949507713317871,9.087084770202637,129.72877502441406,16.020597457885742,11.747550010681152,8.267306327819824,4.713636875152588,4.203953742980957,8.380041122436523,5.23211145401001,3.93849778175354,54.14680480957031,15.567102432250977,4.552899360656738,42.1768798828125,31.136972427368164,108.64286804199219,8.181498527526855,56.795169830322266,60.00714874267578
1999-10-22,13.804807662963867,9.136664390563965,126.500244140625,16.35529136657715,12.001311302185059,8.320444107055664,4.731569766998291,4.192963600158691,8.438940048217773,5.28152322769165,4.238093852996826,55.36337661743164,15.340445518493652,4.471285343170166,41.945556640625,30.238903045654297,102.30430603027344,7.973206996917725,52.25258255004883,59.57392501831055
1999-10-25,13.568015098571777,9.463055610656738,127.01899719238281,17.053361892700195,13.16561508178711,8.214165687561035,5.040487766265869,4.170299530029297,8.4365816116333,5.33642578125,4.419708251953125,52.60667419433594,15.314685821533203,4.544155120849609,44.027523040771484,30.14585304260254,96.90972137451172,7.424880504608154,47.08625411987305,59.85569763183594
1999-10-26,13.439099311828613,9.2405424118042,124.71770477294922,16.434978485107422,14.225432395935059,8.215773582458496,4.918222904205322,4.214255332946777,8.528464317321777,5.163484573364258,4.414405822753906,51.43866729736328,15.214240074157715,4.669491291046143,42.39328384399414,29.130475997924805,94.1742172241211,6.8408308029174805,48.0283203125,59.63027572631836
1999-10-27,13.22598934173584,9.266510963439941,134.68194580078125,16.371225357055664,13.240249633789062,8.207722663879395,4.837530136108398,4.257524490356445,8.39182186126709,5.045446872711182,4.17446231842041,49.48115158081055,15.072578430175781,4.678234577178955,39.88595199584961,28.693586349487305,90.39498901367188,7.388197898864746,48.869300842285156,60.877140045166016
1999-10-28,12.810291290283203,8.757150650024414,130.5013885498047,15.65084171295166,12.180432319641113,7.874390602111816,4.669623374938965,4.159309387207031,8.113821983337402,4.655646800994873,4.065759181976318,49.86617660522461,15.062276840209961,4.45379638671875,38.63975143432617,29.312511444091797,87.09441375732422,7.323765754699707,47.91862487792969,59.65493392944336
1999-10-29,12.389336585998535,8.342811584472656,128.00689697265625,15.660406112670898,11.598280906677246,7.8647284507751465,4.4145002365112305,4.019887447357178,7.579028129577637,4.356431484222412,3.9358460903167725,47.59159851074219,14.021722793579102,4.310971260070801,36.020484924316406,29.215425491333008,85.9244384765625,7.683252811431885,45.541954040527344,58.6511344909668
1999-11-01,11.46322250366211,7.697107315063477,127.79444122314453,14.595766067504883,11.090763092041016,7.328497409820557,4.403903484344482,3.936096668243408,7.312806606292725,4.106630802154541,3.6269705295562744,47.52364730834961,12.94510555267334,4.12442684173584,33.140037536621094,30.54230499267578,82.96955108642578,7.150876998901367,41.900569915771484,58.01008987426758
1999-11-02,12.32882308959961,7.971561431884766,128.95339965820312,15.497840881347656,11.165396690368652,7.101444244384766,4.599525451660156,4.180601119995117,7.626142978668213,4.4058451652526855,3.917287826538086,51.322174072265625,13.97793960571289,4.363438606262207,33.811649322509766,31.986486434936523,88.97907257080078,7.212759494781494,45.25374221801758,56.34410858154297
1999-11-03,11.86313533782959,8.094327926635742,128.63333129882812,14.869895935058594,11.195250511169434,7.175516128540039,4.694891452789307,4.252027988433838,7.652059555053711,4.4278059005737305,3.66939115524292,50.99538803100586,14.117025375366211,4.238101005554199,32.662452697753906,29.591650009155273,83.1058349609375,6.646254062652588,42.808223724365234,53.21641159057617
1999-11-04,11.897337913513184,8.14626693725586,130.08750915527344,14.847580909729004,11.120615005493164,7.1594157218933105,4.653320789337158,4.2286763191223145,7.689755439758301,4.381138324737549,3.764838695526123,50.20591354370117,13.728102684020996,4.217698574066162,33.393760681152344,28.855396270751953,84.47858428955078,6.414355278015137,41.932838439941406,56.33707046508789
1999-11-05,12.234102249145508,8.555883407592773,132.435791015625,15.064336776733398,11.001200675964355,7.215775489807129,4.740533828735352,4.315900802612305,7.8381781578063965,4.260355472564697,3.776768445968628,48.12868881225586,13.702342987060547,4.130253791809082,34.87129592895508,28.15959930419922,85.38597869873047,6.917385101318359,45.21072006225586,57.016841888427734
1999-11-08,12.234102249145508,8.555883407592773,132.435791015625,15.064336776733398,11.001200675964355,10.823660850524902,28.44321632385254,4.315900802612305,7.8381781578063965,4.260355472564697,39.64126968383789,48.12868881225586,20.553524017333984,4.130253791809082,34.87129592895508,56.31919860839844,85.38597869873047,6.917385101318359,45.21072006225586,57.016841888427734
1999-11-09,12.052563667297363,8.526371002197266,130.65594482421875,15.309779167175293,11.075834274291992,7.080508232116699,4.6851091384887695,4.182662010192871,8.189213752746582,4.372902870178223,3.7529075145721436,48.96346664428711,14.006266593933105,4.200209140777588,34.82651138305664,27.791473388671875,85.46575927734375,7.486125469207764,49.30162048339844,57.281005859375
1999-11-10,12.391962051391602,8.50217056274414,131.14439392089844,15.265151977539062,11.254959106445312,7.090171813964844,4.676959991455078,4.175792694091797,8.007803916931152,4.482706069946289,3.8019559383392334,49.89854431152344,14.420948028564453,4.255591869354248,35.23694610595703,29.158796310424805,88.52703094482422,7.922489166259766,50.79646301269531,59.57744216918945
1999-11-11,12.426167488098145,9.084134101867676,132.719970703125,15.115333557128906,11.150468826293945,7.125597953796387,4.6068596839904785,4.162057876586914,8.1067533493042,4.438785076141357,3.767488718032837,53.858848571777344,13.954756736755371,4.156487941741943,34.63997268676758,31.45655059814453,86.2701416015625,7.813396453857422,51.35353469848633,59.78174591064453
1999-11-12,12.155172348022461,9.036324501037598,129.63499450683594,14.911331176757812,10.986273765563965,7.049915313720703,4.589745044708252,4.2149434089660645,8.24575138092041,4.449765682220459,3.726393938064575,54.764793395996094,13.79764461517334,4.083618640899658,34.30415344238281,31.5698184967041,84.78768920898438,8.4385986328125,54.26361846923828,60.116329193115234
1999-11-15,12.131495475769043,8.949559211730957,126.95556640625,14.72007942199707,11.04598331451416,6.938802719116211,4.636206150054932,4.175792694091797,8.271669387817383,4.361923694610596,3.681321859359741,53.13083267211914,13.895519256591797,4.1273393630981445,33.916114807128906,30.097318649291992,83.53459930419922,9.022649765014648,50.90399932861328,59.912044525146484
1999-11-16,11.976268768310547,8.761869430541992,126.35398864746094,14.439576148986816,11.001200675964355,6.824471473693848,4.478893756866455,4.179227352142334,8.31407642364502,4.326237678527832,3.722416639328003,54.33122253417969,14.088685035705566,4.130253791809082,33.60270309448242,30.999422073364258,90.1058349609375,8.911645889282227,54.612060546875,59.70425796508789
1999-11-17,11.955219268798828,8.629070281982422,128.58912658691406,14.248322486877441,11.001200675964355,6.892105579376221,4.5155720710754395,4.107112407684326,8.575583457946777,4.359177589416504,3.68530011177063,50.99213790893555,13.473115921020508,4.12442684173584,33.654937744140625,30.74456214904785,90.0759048461914,8.371611595153809,52.9150390625,59.45417785644531
1999-11-18,11.768417358398438,8.988515853881836,129.5770263671875,14.458701133728027,10.95641803741455,6.892105579376221,4.433248519897461,4.122221946716309,8.716940879821777,4.282315731048584,3.7144627571105957,50.293277740478516,13.625073432922363,4.095276355743408,33.684791564941406,32.64992141723633,91.91734313964844,7.950558662414551,52.951602935791016,59.45417785644531
1999-11-19,11.781572341918945,9.087675094604492,125.86009979248047,14.844393730163574,10.61309814453125,6.8083672523498535,4.436507701873779,4.206699848175049,8.792330741882324,4.367413520812988,3.738323926925659,51.063331604003906,13.138279914855957,4.039896488189697,33.692256927490234,33.5115852355957,92.17325592041016,7.952474594116211,53.117218017578125,59.084354400634766
1999-11-22,11.786837577819824,8.959593772888184,126.43678283691406,14.618077278137207,10.538463592529297,6.760059833526611,4.488673210144043,4.436094284057617,9.263516426086426,4.392119884490967,3.681321859359741,52.51933288574219,12.66951847076416,3.9466230869293213,33.25197982788086,35.429080963134766,95.86935424804688,7.929187774658203,52.558006286621094,59.4471321105957
1999-11-23,11.786837577819824,8.959593772888184,126.43678283691406,14.618077278137207,10.538463592529297,10.140087127685547,26.93204116821289,4.436094284057617,9.263516426086426,4.392119884490967,38.63945388793945,52.51933288574219,19.00428009033203,3.9466230869293213,33.25197982788086,70.85816192626953,95.86935424804688,7.929187774658203,52.558006286621094,59.4471321105957
1999-11-24,12.118342399597168,8.812039375305176,129.1603240966797,14.736016273498535,10.493680953979492,7.204502582550049,4.719343185424805,4.791173458099365,10.005633354187012,4.600745677947998,3.9769413471221924,53.42851257324219,12.744211196899414,4.074872970581055,35.8040771484375,34.26399612426758,96.7634506225586,8.503351211547852,51.538509368896484,59.429508209228516
1999-11-25,12.086770057678223,8.8468599319458,129.84190368652344,14.892206192016602,10.374265670776367,7.6102986335754395,4.8652424812316895,5.174413204193115,10.806648254394531,4.545842170715332,4.080342769622803,54.89744186401367,13.068741798400879,4.098191261291504,35.445892333984375,34.559329986572266,95.44391632080078,8.4810209274292,51.09113311767578,58.97162628173828
1999-11-26,11.8736572265625,8.594247817993164,127.61505889892578,14.63720417022705,10.433974266052246,7.884050369262695,4.90355110168457,5.588557243347168,11.108209609985352,4.5348615646362305,3.888122797012329,55.01716232299805,12.852389335632324,4.048641681671143,34.71459197998047,34.741363525390625,98.78105163574219,9.159490585327148,51.75358581542969,57.767059326171875
1999-11-29,11.676335334777832,8.293821334838867,126.91693115234375,14.962333679199219,10.314556121826172,7.289847373962402,4.949196815490723,5.440207004547119,10.49802303314209,4.447021007537842,3.8152120113372803,56.343727111816406,12.296052932739258,4.031152725219727,33.923580169677734,33.76643753051758,101.61959075927734,9.892507553100586,51.49763488769531,56.90414047241211
1999-11-30,11.571097373962402,8.210601806640625,126.31259155273438,14.857147216796875,10.344409942626953,7.085343837738037,4.875022888183594,5.1668572425842285,10.000920295715332,4.364667892456055,3.7489302158355713,54.907142639160156,12.298626899719238,4.133169174194336,32.6102180480957,32.9654655456543,107.40306091308594,9.91196346282959,48.37676239013672,56.86185836791992
1999-12-01,11.739477157592773,8.372322082519531,127.19014739990234,14.841208457946777,10.747442245483398,7.173908710479736,4.8399763107299805,4.991034030914307,9.4072265625,4.370157241821289,3.800630569458008,55.004215240478516,12.252267837524414,4.1710615158081055,33.28182601928711,32.8521842956543,105.23925018310547,9.624608993530273,48.004669189453125,56.43215560913086
1999-12-02,11.594773292541504,8.379998207092285,130.52622985839844,14.774270057678223,10.986273765563965,7.154583930969238,4.751945972442627,5.302846908569336,10.146990776062012,4.4058451652526855,3.831120729446411,55.23069763183594,12.316655158996582,4.2905683517456055,34.46833038330078,33.75025939941406,105.64144897460938,9.923556327819824,48.60475158691406,57.140106201171875
1999-12-03,11.418496131896973,8.41186809539795,133.81271362304688,15.708218574523926,11.269887924194336,7.161025047302246,4.782105445861816,5.243780136108398,9.734701156616211,4.43604040145874,3.7621867656707764,54.26976013183594,12.414530754089355,4.185635089874268,33.781803131103516,31.581951141357422,103.00563049316406,10.71582317352295,48.243408203125,56.604740142822266
1999-12-06,11.452703475952148,8.375863075256348,137.70907592773438,16.0556583404541,11.240030288696289,7.217388153076172,4.831009864807129,5.519190788269043,9.9608736038208,4.381138324737549,3.80593204498291,53.959136962890625,12.278024673461914,4.232271671295166,34.1549186706543,31.23405647277832,102.46052551269531,11.573201179504395,48.9553337097168,57.774105072021484
1999-12-07,11.771048545837402,8.290871620178223,135.58712768554688,15.695470809936523,10.777294158935547,7.220607280731201,4.83019495010376,5.618775367736816,9.784175872802734,4.186237812042236,3.9027042388916016,52.3704948425293,12.393925666809082,4.270164489746094,34.125064849853516,33.73407745361328,100.28341674804688,11.694448471069336,52.87202835083008,58.43274688720703
1999-12-08,12.234102249145508,8.126788139343262,136.4755859375,15.271520614624023,10.657878875732422,7.235097885131836,4.81063175201416,5.546664237976074,9.890193939208984,4.172513008117676,3.8443760871887207,51.42246627807617,12.002429962158203,4.343034267425537,33.64748001098633,32.97355270385742,97.78721618652344,11.450031280517578,53.91087341308594,57.6684455871582
1999-12-09,12.45247745513916,8.129149436950684,138.94805908203125,15.638090133666992,10.538463592529297,7.233486652374268,4.81063175201416,5.506141662597656,9.899616241455078,4.0764360427856445,3.8417251110076904,52.0372200012207,12.0050048828125,4.36635160446167,32.91617202758789,32.70250701904297,96.4111328125,11.377540588378906,53.62911605834961,58.2425422668457
1999-12-10,12.423538208007812,7.910768508911133,137.7476806640625,15.335275650024414,10.404120445251465,7.241539001464844,4.760913848876953,5.588557243347168,9.949092864990234,4.007807731628418,3.8258183002471924,51.72014236450195,11.811833381652832,4.465454578399658,33.08034133911133,32.823875427246094,97.54458618164062,11.459335327148438,53.044090270996094,56.69279098510742
1999-12-13,11.997314453125,7.668186187744141,137.89671325683594,15.010143280029297,10.329483985900879,7.183568954467773,4.8277506828308105,5.319328308105469,9.4779052734375,3.936436653137207,3.7568840980529785,52.173118591308594,11.40746021270752,4.378011703491211,32.25203323364258,32.78745651245117,90.87364196777344,11.503277778625488,57.28770065307617,55.6678466796875
1999-12-14,11.763154983520508,7.318772315979004,131.9832305908203,14.528828620910645,10.06080150604248,7.109495162963867,4.822858810424805,5.7451491355896,10.163481712341309,3.8568294048309326,3.6892759799957275,51.13774490356445,10.760978698730469,4.261419773101807,31.222232818603516,31.84894561767578,90.69082641601562,12.414546012878418,61.871150970458984,53.529884338378906
1999-12-15,11.723694801330566,7.6132965087890625,132.34469604492188,14.583014488220215,10.657878875732422,7.238321781158447,4.796775817871094,6.042537212371826,9.857210159301758,3.8623201847076416,3.7688148021698,51.817203521728516,11.157624244689941,4.2905683517456055,32.4982795715332,31.824674606323242,91.15950012207031,11.811203002929688,59.821407318115234,51.93083190917969
1999-12-16,11.77894401550293,7.421473503112793,131.6990509033203,14.71370792388916,11.52364444732666,7.227044582366943,4.816338539123535,5.859846115112305,9.701720237731934,3.865064859390259,3.744952440261841,52.71669387817383,10.910360336303711,4.389671325683594,31.938615798950195,32.01884460449219,95.25775909423828,12.046637535095215,60.13758087158203,52.448585510253906
1999-12-17,11.736845016479492,7.225518226623535,131.03399658203125,14.544766426086426,11.28481388092041,7.191620349884033,4.7674336433410645,5.601606845855713,9.442566871643066,3.851339340209961,3.7025325298309326,55.66750717163086,11.783501625061035,4.383841037750244,31.31178092956543,31.780168533325195,100.46290588378906,11.813448905944824,61.5463752746582,52.38519287109375
1999-12-20,11.597405433654785,7.217845439910889,129.74810791015625,14.532013893127441,12.195361137390137,7.206114768981934,4.7674336433410645,5.418229103088379,9.411937713623047,3.8815360069274902,3.7529075145721436,55.46366500854492,12.556190490722656,4.30222749710083,30.61033058166504,30.813335418701172,103.79668426513672,11.97735595703125,65.69534301757812,52.11397933959961
1999-12-21,11.552678108215332,7.795673847198486,125.28887939453125,14.382200241088867,11.837115287780762,7.123988628387451,4.641908645629883,5.434024810791016,9.004364967346191,3.8925154209136963,3.742302417755127,56.893768310546875,11.837591171264648,4.203124523162842,30.117816925048828,30.708154678344727,99.61198425292969,11.386199951171875,61.80231475830078,50.63819122314453
1999-12-22,12.470894813537598,8.419541358947754,127.63990020751953,15.293842315673828,11.687844276428223,7.1127166748046875,4.645985126495361,5.346803188323975,8.893633842468262,3.8568294048309326,3.9955005645751953,55.2371826171875,12.244542121887207,4.345949649810791,32.51321029663086,31.869171142578125,98.03318786621094,11.496222496032715,61.967952728271484,51.08198165893555
1999-12-23,12.226212501525879,8.660941123962402,126.6961898803711,14.802953720092773,11.359448432922363,7.053134918212891,4.462590217590332,5.427158832550049,8.969023704528809,3.8101634979248047,3.9186134338378906,54.677433013916016,11.757746696472168,4.372181415557861,32.707218170166016,31.65882110595703,97.37840270996094,11.163597106933594,60.51827621459961,51.99775314331055
1999-12-24,11.905234336853027,8.192301750183105,125.45445251464844,14.477827072143555,11.2997407913208,6.933971405029297,4.424282550811768,5.218369483947754,8.634482383728027,3.7195756435394287,3.8337714672088623,53.63235092163086,11.173080444335938,4.2643351554870605,31.796829223632812,31.54553985595703,91.80762481689453,10.860479354858398,58.816951751708984,50.307098388671875
1999-12-27,11.715801239013672,7.8765339851379395,123.46214294433594,14.226012229919434,10.807148933410645,6.764889717102051,4.1699748039245605,5.101611614227295,8.617988586425781,3.670165777206421,3.715789556503296,52.20547103881836,11.008235931396484,4.241016864776611,30.617794036865234,30.910415649414062,89.10203552246094,10.420084953308105,56.06172561645508,50.1309928894043
1999-12-28,11.768417358398438,7.880074977874756,122.08795166015625,14.576640129089355,10.822076797485352,6.750397205352783,4.0020670890808105,5.223862648010254,8.606212615966797,3.708596706390381,3.7118120193481445,51.658668518066406,10.95672607421875,4.243931770324707,30.319303512573242,32.536651611328125,92.49234008789062,10.45921516418457,55.541221618652344,50.183834075927734
1999-12-29,12.465633392333984,7.93496561050415,121.86721801757812,14.576640129089355,10.88178539276123,6.859899997711182,4.090096473693848,5.1551833152771,8.606212615966797,3.733302116394043,3.7913503646850586,52.19577407836914,10.90521240234375,4.30222749710083,30.834197998046875,34.16691970825195,92.2962417602539,10.97018051147461,59.984859466552734,49.65903854370117
1999-12-30,12.263047218322754,7.74373197555542,117.91571044921875,14.382200241088867,11.016128540039062,6.689205169677734,4.140633583068848,5.236225128173828,8.629770278930664,3.7223212718963623,3.774118423461914,52.639041900634766,10.80218505859375,4.232271671295166,30.08795928955078,33.960609436035156,89.70365142822266,10.899934768676758,60.073036193847656,49.539276123046875
