date,ETERNAL.NS,NYKAA.NS,PAYTM.NS,POLICYBZR.NS,DELHIVERY.NS,IRCTC.NS,AFFLE.NS,ROUTE.NS,ADANIENT.NS,ADANIGREEN.NS,ADANIPORTS.NS,ADANIPOWER.NS,TATAMOTORS.NS,TATAPOWER.NS,TATACHEM.NS,DIXON.NS,DEEPAKNTR.NS,BALAMINES.NS,LAURUSLABS.NS,DRREDDY.NS,CIPLA.NS,SUNPHARMA.NS,DIVISLAB.NS,LUPIN.NS,BIOCON.NS,GLAND.NS,BAJFINANCE.NS,BAJAJFINSV.NS,HDFCLIFE.NS,ICICIGI.NS,MUTHOOTFIN.NS,DMART.NS,JUBLFOOD.NS,RBA.NS
2020-02-03,,,,,,240.33621215820312,350.8800048828125,,218.81321716308594,196.14999389648438,352.6951599121094,11.800000190734863,160.95205688476562,51.094852447509766,294.1529235839844,946.0677490234375,398.58563232421875,385.8153991699219,83.7183609008789,605.4714965820312,423.75311279296875,392.9486389160156,1899.4686279296875,685.5484008789062,295.4910888671875,,426.0467529296875,906.06689453125,556.7781372070312,1252.1605224609375,673.649658203125,2131.64990234375,385.8004150390625,
2020-02-04,,,,,,271.4241638183594,359.3399963378906,,223.3202667236328,198.0,357.63970947265625,12.09000015258789,162.7693328857422,52.49089050292969,291.8919677734375,949.4560546875,393.8150634765625,396.4056396484375,85.23821258544922,624.2855834960938,427.470703125,400.57147216796875,1888.4439697265625,698.0761108398438,287.1757507324219,,441.67401123046875,950.8160400390625,564.4605712890625,1265.301513671875,693.4985961914062,2155.300048828125,381.3611755371094,
2020-02-05,,,,,,289.85028076171875,353.8599853515625,,234.01821899414062,193.25,351.9751281738281,12.399999618530273,180.50009155273438,53.23543930053711,297.6833801269531,928.0095825195312,397.5146789550781,407.0445251464844,85.28691864013672,603.3917236328125,426.61279296875,401.1360778808594,1889.743896484375,698.9468994140625,292.2738342285156,,442.5487060546875,956.4503173828125,574.6546020507812,1286.4815673828125,683.8217163085938,2248.89990234375,383.28485107421875,
2020-02-06,,,,,,289.0336608886719,339.07000732421875,,234.26585388183594,202.89999389648438,355.4314880371094,12.15999984741211,175.686767578125,53.70078659057617,298.7543640136719,929.7037963867188,386.70794677734375,409.0362243652344,85.28691864013672,608.3214721679688,419.0823669433594,405.2768249511719,1947.8519287109375,698.3663940429688,292.57080078125,,456.05035400390625,959.272216796875,584.7008056640625,1326.289794921875,687.287353515625,2294.35009765625,367.5698547363281,
2020-02-07,,,,,,290.8014221191406,339.19000244140625,,237.23753356933594,213.0,354.807373046875,12.170000076293945,170.5296173095703,53.9799919128418,302.97894287109375,916.3297119140625,394.009765625,400.049072265625,85.53048706054688,609.81396484375,422.4663391113281,405.4179992675781,2008.463623046875,684.532470703125,305.7862548828125,,454.8726501464844,959.63134765625,586.7199096679688,1330.188720703125,684.9918212890625,2287.199951171875,375.2941589355469,
2020-02-10,,,,,,284.4031677246094,334.30999755859375,,242.1903076171875,213.35000610351562,353.55926513671875,11.979999542236328,165.91273498535156,53.002769470214844,302.0467529296875,919.5885009765625,399.7052307128906,424.04718017578125,84.91670227050781,606.4246826171875,423.94378662109375,395.53662109375,2011.35205078125,679.0667724609375,306.627685546875,,461.4646911621094,960.000244140625,579.185302734375,1325.90478515625,684.4067993164062,2483.64990234375,366.0013732910156,
2020-02-11,,,,,,270.5307922363281,350.739990234375,,242.9827423095703,211.25,359.2719421386719,12.029999732971191,166.74771118164062,53.65425109863281,300.7773742675781,920.6748046875,402.3825988769531,412.2424011230469,84.98490905761719,614.5318603515625,429.52008056640625,393.8897705078125,2067.1494140625,682.065673828125,302.7669982910156,,464.1620788574219,970.4309692382812,574.7037963867188,1317.48095703125,672.7944946289062,2394.5,360.1809997558594,
2020-02-12,,,,,,271.9237976074219,388.3599853515625,,247.34117126464844,207.64999389648438,359.1758728027344,12.09000015258789,167.9264678955078,52.11861038208008,300.1427001953125,920.8043212890625,415.42864990234375,400.146240234375,85.66688537597656,615.3984985351562,425.89788818359375,390.1725158691406,2042.982177734375,680.2760009765625,304.35089111328125,,466.05316162109375,974.4446411132812,569.6314086914062,1300.8741455078125,667.6184692382812,2482.14990234375,359.0859680175781,
2020-02-13,,,,,,303.6457824707031,398.0899963378906,,249.07464599609375,199.9499969482422,354.3753662109375,12.020000457763672,166.50210571289062,51.467132568359375,301.76904296875,935.3245849609375,416.3048400878906,391.11053466796875,85.9883804321289,640.2207641601562,422.6569519042969,394.2661437988281,2075.718994140625,680.469482421875,303.9548645019531,,468.65771484375,968.9949951171875,568.498779296875,1297.1195068359375,666.4932250976562,2544.14990234375,362.0652160644531,
2020-02-14,,,,,,299.2362365722656,392.260009765625,,253.730224609375,206.8000030517578,352.21514892578125,11.920000076293945,166.1092071533203,50.07109069824219,304.1094665527344,894.8731689453125,447.7029724121094,409.6677551269531,85.17976379394531,636.3116455078125,426.183837890625,393.8897705078125,2066.716064453125,694.2550048828125,304.69732666015625,,467.32855224609375,966.3323974609375,565.2978515625,1303.1363525390625,672.3443603515625,2408.35009765625,357.6259765625,
2020-02-17,,,,,,291.7908630371094,396.1400146484375,,250.11473083496094,198.35000610351562,348.32666015625,11.510000228881836,166.1092071533203,48.163185119628906,298.57586669921875,904.0715942382812,442.2995910644531,401.6521911621094,85.4233169555664,634.6266479492188,411.6949462890625,387.1123962402344,2074.80419921875,689.3211669921875,300.09417724609375,,466.8301696777344,950.2127685546875,557.3692016601562,1288.743896484375,786.667236328125,2339.449951171875,361.6607666015625,
2020-02-18,,,,,,314.837890625,408.5899963378906,,247.09353637695312,189.25,351.9751281738281,11.350000381469727,158.74185180664062,47.97704315185547,297.3462219238281,897.6337280273438,469.94940185546875,398.49456787109375,83.8060302734375,626.1150512695312,415.6031188964844,387.349365234375,2094.446533203125,683.0330810546875,297.6194152832031,,465.0074462890625,950.2776489257812,554.1188354492188,1289.4659423828125,782.5263671875,2364.89990234375,361.5325012207031,
2020-02-19,,,,,,351.9782409667969,453.69000244140625,,251.60052490234375,197.85000610351562,356.4875793457031,11.6899995803833,155.254638671875,47.7909049987793,303.3558044433594,892.2222900390625,470.728271484375,400.34051513671875,85.4623031616211,631.2759399414062,426.56512451171875,382.51519775390625,2104.65283203125,685.9352416992188,303.01446533203125,,476.74017333984375,973.1283569335938,570.3700561523438,1305.0137939453125,787.7474365234375,2424.5,374.3964538574219,
2020-02-20,,,,,,370.83660888671875,440.30999755859375,,256.2066345214844,194.85000610351562,356.0555419921875,11.529999732971191,155.69667053222656,48.02357482910156,302.9194030761719,867.4671630859375,471.1176452636719,404.51837158203125,85.80329895019531,626.8756713867188,415.36480712890625,383.84228515625,2088.765380859375,676.7932739257812,311.874267578125,,476.9747314453125,968.2470092773438,564.8545532226562,1295.290283203125,821.59423828125,2462.64990234375,371.54547119140625,
2020-02-24,,,,,,371.5029296875,436.3999938964844,,244.91432189941406,185.89999389648438,347.79864501953125,11.210000038146973,147.98550415039062,48.256248474121094,297.4255065917969,821.8434448242188,455.3943176269531,402.9638366699219,84.99462890625,611.6626586914062,410.02679443359375,377.1123046875,2080.196044921875,650.9154663085938,311.08233642578125,,469.49822998046875,944.0352172851562,552.345947265625,1256.444580078125,840.2728881835938,2389.699951171875,367.8362121582031,
2020-02-25,,,,,,376.9977111816406,423.1300048828125,,244.12185668945312,180.5500030517578,344.1022033691406,11.210000038146973,147.24876403808594,48.11664962768555,297.3462219238281,826.8463134765625,492.9746398925781,415.3029479980469,83.93270874023438,594.4467163085938,405.8802490234375,368.6288146972656,2052.5986328125,647.3360595703125,300.7871398925781,,471.6483459472656,949.828857421875,560.9148559570312,1238.923095703125,850.1298217773438,2331.75,363.1602478027344,
2020-02-26,,,,,,376.93975830078125,425.760009765625,,240.50636291503906,171.5500030517578,344.1022033691406,10.890000343322754,141.99339294433594,45.92953109741211,295.10491943359375,805.5293579101562,488.2041015625,442.26434326171875,81.789306640625,592.2225952148438,402.4486999511719,355.1689758300781,2077.91650390625,647.96484375,295.7385559082031,,470.0894470214844,936.067626953125,548.6525268554688,1189.39111328125,846.1240844726562,2358.39990234375,364.2552490234375,
2020-02-27,,,,,,368.7796325683594,416.80999755859375,,231.9380645751953,163.0,339.5897521972656,10.5600004196167,142.68101501464844,45.88298797607422,290.285400390625,800.78564453125,481.24298095703125,439.0095520019531,80.76634216308594,590.6242065429688,401.4955139160156,368.2496643066406,2091.93359375,641.1930541992188,295.8870544433594,,465.1833801269531,938.1616821289062,558.1570434570312,1204.120849609375,837.8424072265625,2319.699951171875,365.5771789550781,
2020-02-28,,,,,,336.7958068847656,359.7799987792969,,216.58448791503906,154.9499969482422,328.5484924316406,9.460000038146973,126.66931915283203,43.463199615478516,283.224609375,762.9951171875,449.69879150390625,397.280029296875,80.58123779296875,563.6739501953125,383.2890625,353.4627685546875,2043.8194580078125,619.1362915039062,284.00799560546875,,436.4551086425781,902.536865234375,535.897705078125,1190.5465087890625,792.38330078125,2323.949951171875,346.62646484375,
2020-03-02,,,,,,332.82684326171875,360.45001220703125,,216.53497314453125,156.0500030517578,327.060302734375,9.40999984741211,123.18209838867188,40.764198303222656,279.8925476074219,784.3321533203125,491.7576904296875,386.8841552734375,81.09758758544922,559.5241088867188,383.14605712890625,350.2400817871094,2046.0506591796875,609.268798828125,279.80084228515625,,426.18353271484375,888.9500732421875,546.1409301757812,1154.3966064453125,774.2447509765625,2228.949951171875,329.0964050292969,
2020-03-03,,,,,,335.9266662597656,363.42999267578125,,223.617431640625,159.5,333.44500732421875,9.779999732971191,128.0445556640625,41.32261657714844,287.3698425292969,804.23388671875,518.8720092773438,391.3048400878906,81.40934753417969,586.1277465820312,405.4037170410156,373.0364685058594,2117.688232421875,628.4234008789062,300.93560791015625,,436.30731201171875,894.3529052734375,555.00537109375,1165.804443359375,779.5558471679688,2233.050048828125,334.7095947265625,
2020-03-04,,,,,,302.3398132324219,345.260009765625,,219.0113525390625,152.0,332.1489562988281,9.529999732971191,123.96794891357422,41.648353576660156,283.3589782714844,775.8710327148438,508.0165710449219,379.0628662109375,81.7016372680664,610.70947265625,426.7080993652344,384.3162536621094,2109.636962890625,642.7409057617188,300.836669921875,,419.8800964355469,877.99462890625,560.0283813476562,1169.22216796875,786.1270751953125,2198.449951171875,326.5709228515625,
2020-03-05,,,,,,276.3529968261719,344.45001220703125,,219.65521240234375,152.5,335.2212219238281,9.350000381469727,123.52590942382812,41.183006286621094,283.3589782714844,817.4883422851562,506.11810302734375,390.4789733886719,82.18876647949219,613.2321166992188,419.9879455566406,383.7948303222656,2157.119873046875,654.4947509765625,309.79541015625,,424.2195129394531,885.9967651367188,556.4334716796875,1215.67333984375,790.3129272460938,2247.199951171875,337.5704345703125,
2020-03-06,,,,,,262.54351806640625,330.6400146484375,,212.72132873535156,144.89999389648438,327.7803649902344,8.819999694824219,112.18018341064453,40.06618118286133,279.2203674316406,883.093505859375,505.29052734375,379.9858703613281,81.62370300292969,610.6323852539062,414.0780029296875,380.0033264160156,2172.931640625,641.8702392578125,306.9246520996094,,413.9487609863281,858.3888549804688,539.8867797851562,1217.26171875,782.8414306640625,2242.14990234375,333.8611755371094,
2020-03-09,,,,,,249.4197235107422,314.1099853515625,,197.81350708007812,137.6999969482422,309.0583190917969,8.149999618530273,103.83052062988281,36.994911193847656,268.3341064453125,853.9434814453125,477.6407165527344,348.11798095703125,78.23326110839844,589.5073852539062,406.2139587402344,372.846923828125,2116.37841796875,629.9229125976562,297.9658508300781,,394.4505615234375,818.86767578125,509.8465576171875,1162.868408203125,747.41943359375,2145.699951171875,326.82220458984375,
2020-03-11,,,,,,248.25125122070312,298.4100036621094,,193.9008026123047,130.85000610351562,307.4261779785156,8.239999771118164,97.15079498291016,35.273136138916016,265.81494140625,856.4150390625,462.64752197265625,323.5855407714844,80.45458221435547,577.8279418945312,397.5872802734375,365.83258056640625,2084.8037109375,617.9754638671875,293.7092590332031,,394.82769775390625,823.5473022460938,505.80828857421875,1145.6837158203125,750.5250244140625,2109.949951171875,325.3768005371094,
2020-03-12,,,,,,235.84205627441406,283.489990234375,,160.6182098388672,124.3499984741211,276.1746520996094,6.059999942779541,86.4435806274414,37.55331802368164,239.1839599609375,800.2674560546875,427.89056396484375,268.3511047363281,71.22830200195312,548.9037475585938,376.2828369140625,336.3063049316406,1855.5355224609375,574.4424438476562,271.7825012207031,,365.80322265625,742.1353759765625,465.7710876464844,1062.9862060546875,681.0759887695312,2004.5,291.87481689453125,
2020-03-13,,,,,,237.12643432617188,295.19000244140625,,147.3448028564453,123.4000015258789,281.07122802734375,6.190000057220459,88.16263580322266,39.22856521606445,248.18089294433594,781.2923583984375,456.3192138671875,296.6726989746094,72.76764678955078,555.5859985351562,405.6419677734375,364.1738586425781,1903.891845703125,586.0994873046875,285.0968933105469,,387.1773376464844,772.462158203125,499.5047912597656,1083.6846923828125,723.7896118164062,2101.0,301.3591613769531,
2020-03-16,,,,,,225.27732849121094,280.44000244140625,,133.42750549316406,117.69999694824219,253.7455291748047,5.690000057220459,81.48289489746094,37.646392822265625,226.76815795898438,774.5555419921875,421.96258544921875,272.77178955078125,73.64448547363281,544.3880004882812,377.8556823730469,349.3395690917969,1835.2132568359375,579.4728393554688,265.49652099609375,,359.72015380859375,747.87744140625,467.0514831542969,1047.245849609375,643.3585815429688,1996.300048828125,278.42059326171875,
2020-03-17,,,,,,214.01734924316406,266.4200134277344,,132.13980102539062,123.4000015258789,259.3271484375,5.369999885559082,76.57132720947266,36.2503547668457,214.4873046875,763.5133666992188,403.924072265625,251.73655700683594,72.79686737060547,535.577880859375,382.95538330078125,350.8561096191406,1838.511474609375,596.015380859375,260.5964050292969,,337.44488525390625,700.1747436523438,457.94091796875,1035.1634521484375,576.2501831054688,2021.949951171875,263.0853271484375,
2020-03-18,,,,,,203.3174285888672,253.10000610351562,,128.97003173828125,129.39999389648438,252.77479553222656,5.630000114440918,74.16466522216797,32.667198181152344,204.00587463378906,717.1721801757812,356.93560791015625,231.77999877929688,67.85736083984375,513.8655395507812,367.9422302246094,343.8419189453125,1751.1595458984375,592.9197387695312,249.8557586669922,,299.878662109375,629.603515625,413.1268615722656,958.6755981445312,541.0081176757812,1920.9000244140625,247.36398315429688,
2020-03-19,,,,,,193.15835571289062,240.4499969482422,,127.68233489990234,135.64999389648438,250.78485107421875,5.400000095367432,71.65975952148438,31.82958221435547,200.72195434570312,647.5507202148438,335.75146484375,214.91258239746094,68.666015625,505.2961120605469,360.9108581542969,341.6143493652344,1814.8909912109375,614.2992553710938,250.3507080078125,,268.99786376953125,577.2512817382812,410.66455078125,991.0228881835938,525.5700073242188,1824.9000244140625,243.08712768554688,
2020-03-20,,,,,,183.67520141601562,228.42999267578125,,136.39918518066406,142.35000610351562,248.89193725585938,5.809999942779541,75.9328384399414,34.156307220458984,205.98519897460938,711.5613403320312,371.48431396484375,235.06524658203125,70.74118041992188,557.92578125,378.3447570800781,346.2115478515625,1935.127197265625,621.0227661132812,271.7330017089844,,289.15728759765625,621.9058837890625,411.7972106933594,967.0029907226562,561.7572631835938,1916.0999755859375,291.2907409667969,
2020-03-23,,,,,,174.49143981933594,217.00999450683594,,120.6070327758789,135.25,201.71507263183594,5.130000114440918,65.02914428710938,30.619688034057617,180.56878662109375,641.1726684570312,318.4994201660156,211.5783233642578,62.68974685668945,533.1129150390625,361.4405822753906,307.5856628417969,1796.266357421875,572.8462524414062,253.0235137939453,,221.98374938964844,461.0677185058594,337.1398620605469,795.4946899414062,468.8304748535156,1820.300048828125,254.34353637695312,
2020-03-24,,,,,,165.77122497558594,206.16000366210938,,130.0341339111328,141.3000030517578,224.9637451171875,5.590000152587891,67.33759307861328,32.015716552734375,180.61380004882812,635.4251708984375,330.4431457519531,220.69850158691406,61.81904602050781,550.3577880859375,363.5596618652344,317.6805114746094,1862.4227294921875,572.8945922851562,268.268310546875,,242.3635711669922,448.765380859375,385.4012145996094,819.2257690429688,474.7335510253906,1808.699951171875,257.20465087890625,
2020-03-25,,,,,,157.4855499267578,195.86000061035156,,131.9794158935547,148.10000610351562,248.11534118652344,5.710000038146973,69.00752258300781,32.574134826660156,189.7906951904297,650.8316650390625,355.854248046875,228.05348205566406,63.609336853027344,562.6918334960938,362.596435546875,329.52899169921875,1870.2801513671875,548.0323486328125,268.9117126464844,,253.27590942382812,481.94573974609375,427.7529296875,948.2301025390625,554.1478271484375,1899.0999755859375,266.72857666015625,
2020-03-26,,,,,,165.35595703125,199.27000427246094,,139.91014099121094,152.10000610351562,240.9320526123047,6.019999980926514,69.54779052734375,32.76026916503906,202.52137756347656,664.9208984375,381.6094665527344,249.57907104492188,66.8964614868164,567.8046264648438,371.9394836425781,320.6663513183594,1826.8709716796875,540.4382934570312,279.6523742675781,,273.6606140136719,513.5695190429688,470.2524719238281,1055.91015625,559.3130493164062,1994.050048828125,265.9167785644531,
2020-03-27,,,,,,173.62232971191406,189.30999755859375,,127.68983459472656,148.75,243.94126892089844,5.519999980926514,69.44955444335938,31.596914291381836,201.98155212402344,676.7949829101562,369.6165771484375,245.41123962402344,63.93219757080078,561.6326904296875,392.64825439453125,320.6189270019531,1806.7427978515625,530.2321166992188,274.9007568359375,,249.0343780517578,487.9621887207031,434.35198974609375,984.6207885742188,570.6578979492188,2079.699951171875,280.0046081542969,
2020-03-30,,,,,,180.739501953125,191.5500030517578,,128.38815307617188,146.9499969482422,244.28102111816406,5.360000133514404,66.94465637207031,30.061269760131836,200.63201904296875,636.2134399414062,358.7541809082031,238.69369506835938,62.55278396606445,576.6050415039062,415.86138916015625,315.3581848144531,1837.1534423828125,542.32470703125,272.8218994140625,,219.62791442871094,465.0686950683594,406.2816162109375,989.3862915039062,564.4320678710938,2114.550048828125,276.65838623046875,
2020-03-31,,,,,,189.76873779296875,201.08999633789062,,137.26658630371094,153.25,243.94126892089844,5.550000190734863,69.79337310791016,30.573148727416992,201.12684631347656,714.4130249023438,378.5129089355469,246.73513793945312,63.5506477355957,600.9652709960938,407.2889099121094,333.9365539550781,1929.4525146484375,570.4276733398438,267.82281494140625,,217.05166625976562,458.0893859863281,434.69671630859375,1041.3250732421875,565.5389404296875,2187.5,291.35015869140625,
2020-04-01,,,,,,199.25189208984375,195.91000366210938,,133.6254119873047,152.89999389648438,237.63160705566406,5.360000133514404,66.74819946289062,29.36325454711914,202.1165008544922,713.0360717773438,373.9910583496094,247.1764373779297,63.335426330566406,596.006591796875,398.5238037109375,325.6426696777344,1820.7596435546875,560.1732177734375,275.5936584472656,,217.39939880371094,449.1794738769531,423.41925048828125,1064.5263671875,557.560546875,2082.699951171875,273.85662841796875,
2020-04-03,,,,,,209.2081756591797,191.11000061035156,,128.73728942871094,151.89999389648438,237.63160705566406,5.349999904632568,64.14506530761719,28.06028938293457,196.6283721923828,684.3784790039062,373.4012145996094,242.46926879882812,66.94535827636719,605.9817504882812,432.669189453125,356.35382080078125,1844.0892333984375,634.4696044921875,288.0171813964844,,216.23861694335938,450.0624694824219,415.9338684082031,1006.0895385742188,558.9440307617188,2066.949951171875,256.9670715332031,
2020-04-07,,,,,,219.6666717529297,200.66000366210938,,137.81524658203125,158.9499969482422,240.8350067138672,5.760000228881836,66.06057739257812,31.317707061767578,206.74993896484375,749.346923828125,425.0591125488281,265.9561767578125,76.76753997802734,690.0196533203125,474.1349182128906,395.5959167480469,2005.8914794921875,677.228759765625,315.0914611816406,,220.7299041748047,471.4294128417969,463.4072265625,1111.4110107421875,623.3701782226562,2170.25,279.2323913574219,
2020-04-08,,,,,,230.64657592773438,210.69000244140625,,137.76536560058594,166.4499969482422,243.5044708251953,5.789999961853027,66.40438842773438,33.179080963134766,205.67031860351562,752.210693359375,427.958984375,278.1654357910156,76.67948150634766,709.23828125,493.88055419921875,413.9373779296875,2103.962158203125,682.5977783203125,324.0997314453125,,228.52232360839844,459.8155517578125,469.4153137207031,1108.04150390625,633.7928466796875,2278.75,278.5492858886719,
2020-04-09,,,,,,242.177001953125,221.22000122070312,,142.10482788085938,174.75,244.523681640625,6.079999923706055,73.28057861328125,33.97016525268555,209.71893310546875,765.641357421875,461.9715881347656,304.79046630859375,80.54378509521484,697.4047241210938,558.2703857421875,430.7621154785156,2241.65869140625,764.3914794921875,330.3857421875,,249.96987915039062,480.9429931640625,465.13092041015625,1125.4185791015625,677.8811645507812,2392.64990234375,281.6777038574219,
2020-04-13,,,,,,249.30384826660156,232.27999877929688,,145.64622497558594,183.35000610351562,255.153076171875,5.929999828338623,72.936767578125,33.4117546081543,213.2277374267578,735.9461059570312,450.27362060546875,309.2034606933594,79.31114196777344,721.4857788085938,571.0327758789062,438.2502746582031,2271.05078125,799.1211547851562,337.1171875,,224.05551147460938,448.1318359375,470.59722900390625,1103.94970703125,688.0730590820312,2273.050048828125,273.5200500488281,
2020-04-15,,,,,,237.66722106933594,243.88999938964844,,144.89804077148438,187.8000030517578,261.02587890625,5.860000133514404,71.61064910888672,32.620670318603516,215.97181701660156,738.2510986328125,439.2637939453125,312.0473937988281,78.49913024902344,733.2326049804688,570.5512084960938,425.7857666015625,2323.675537109375,783.9813232421875,333.4544982910156,,213.78480529785156,458.8776550292969,464.5892028808594,1109.8707275390625,637.6205444335938,2180.89990234375,281.4500427246094,
2020-04-16,,,,,,249.54530334472656,256.0799865722656,,142.9527587890625,193.85000610351562,259.7640075683594,5.96999979019165,73.32969665527344,32.29492950439453,228.8824462890625,780.3892822265625,458.3343811035156,345.53704833984375,78.13717651367188,743.4484252929688,578.3531494140625,439.5299987792969,2321.49267578125,798.97607421875,346.3729553222656,,217.4630584716797,468.9050598144531,482.31787109375,1114.1065673828125,639.741943359375,2137.85009765625,296.85455322265625,
2020-04-17,,,,,,262.02203369140625,268.8800048828125,,143.55130004882812,198.9499969482422,260.2978515625,6.179999828338623,75.49078369140625,32.015716552734375,228.52256774902344,777.6651611328125,461.6275329589844,348.92034912109375,79.11547088623047,756.716552734375,575.9932861328125,433.27392578125,2262.320556640625,795.4450073242188,351.6690368652344,,226.09791564941406,498.84771728515625,488.0303955078125,1154.685302734375,651.9169311523438,2212.10009765625,306.497314453125,
2020-04-20,,,,,,275.1169128417969,282.239990234375,,146.34451293945312,200.75,262.57904052734375,6.949999809265137,79.02711486816406,31.224628448486328,230.726806640625,791.4950561523438,453.0751953125,343.5757141113281,79.89810943603516,740.3865966796875,563.8570556640625,448.7243957519531,2272.36083984375,783.3525390625,354.3418273925781,,226.1077117919922,487.12908935546875,500.6374206542969,1145.924560546875,677.9273071289062,2256.25,300.7552185058594,
2020-04-21,,,,,,282.3885498046875,294.1400146484375,,135.6205596923828,191.3000030517578,257.43426513671875,6.380000114440918,73.32969665527344,30.200876235961914,224.38397216796875,820.142578125,441.8687438964844,327.59088134765625,89.1822280883789,773.4413452148438,570.3104248046875,448.4873352050781,2334.491455078125,786.012939453125,353.4013977050781,,205.68380737304688,458.47357177734375,488.86761474609375,1115.983642578125,665.0604858398438,2238.199951171875,298.0030212402344,
2020-04-22,,,,,,277.04827880859375,290.6499938964844,,137.26658630371094,197.1999969482422,263.93804931640625,6.480000019073486,74.5575942993164,30.154340744018555,224.8338165283203,836.8262329101562,449.58551025390625,386.2346496582031,91.72579956054688,781.2211303710938,565.5906982421875,449.6248474121094,2313.0537109375,780.30517578125,356.965087890625,,210.43470764160156,476.50299072265625,496.0575256347656,1096.922119140625,700.893798828125,2290.050048828125,299.3197021484375,
2020-04-23,,,,,,264.86114501953125,292.25,,140.15956115722656,200.0,269.4711608886719,6.489999771118164,74.31201171875,30.433549880981445,237.02468872070312,832.2562255859375,474.2101745605469,376.03570556640625,91.5986328125,775.5018310546875,565.109130859375,452.563232421875,2344.870849609375,795.5418701171875,344.19512939453125,,212.8052215576172,471.8983154296875,481.13592529296875,1146.453857421875,753.8366088867188,2303.5,296.3992004394531,
2020-04-24,,,,,,251.62152099609375,290.1300048828125,,134.32369995117188,195.9499969482422,262.724609375,6.130000114440918,72.88764953613281,28.897907257080078,242.96266174316406,838.6522216796875,453.4192810058594,397.0709533691406,96.81298065185547,770.8223876953125,577.2454223632812,460.24102783203125,2352.72802734375,848.748779296875,353.7973327636719,,193.58621215820312,437.9946594238281,446.51580810546875,1094.130126953125,750.746826171875,2310.5,292.7856140136719,
2020-04-27,,,,,,244.8326873779297,284.1700134277344,,134.27386474609375,200.64999389648438,263.21002197265625,6.170000076293945,73.91908264160156,28.897907257080078,250.34014892578125,838.3031005859375,472.19500732421875,434.9736328125,101.34254455566406,766.489501953125,586.2994995117188,464.3642578125,2353.16455078125,867.564697265625,359.4894104003906,,200.2276611328125,460.7135009765625,477.44244384765625,1149.486328125,756.373046875,2323.949951171875,293.99346923828125,
2020-04-28,,,,,,256.5658874511719,276.20001220703125,,138.9624481201172,203.64999389648438,264.95733642578125,6.03000020980835,75.58901977539062,28.57217025756836,256.5030822753906,861.7918090820312,477.3558654785156,441.691162109375,102.97632598876953,760.6065063476562,576.5711669921875,449.2457275390625,2292.537109375,826.4985961914062,348.4517517089844,,218.2565155029297,485.0886535644531,478.8213195800781,1150.88232421875,762.41455078125,2305.800048828125,301.2700500488281,
2020-04-29,,,,,,254.7503204345703,290.010009765625,,139.16197204589844,207.9499969482422,279.2268371582031,6.25,76.76779174804688,28.944446563720703,256.4581298828125,835.708740234375,498.4908752441406,418.2043151855469,100.79470825195312,747.3094482421875,574.3076171875,452.7527770996094,2298.8427734375,826.5469970703125,348.60028076171875,,224.95181274414062,498.7429504394531,485.42034912109375,1185.3477783203125,760.2008666992188,2344.35009765625,307.6060791015625,
2020-04-30,,,,,,255.78367614746094,286.3299865722656,,141.05735778808594,210.4499969482422,281.6051025390625,6.329999923706055,91.60072326660156,29.502857208251953,254.3438262939453,912.2918090820312,497.5569763183594,401.97430419921875,100.27620697021484,758.016357421875,567.9024047851562,440.2408142089844,2262.99951171875,808.0696411132812,350.38214111328125,,227.07257080078125,509.2892150878906,493.4967346191406,1242.48486328125,795.7113647460938,2383.64990234375,318.486328125,
2020-05-04,,,,,,247.6717987060547,276.8500061035156,,131.2312469482422,209.5500030517578,258.5505676269531,5.96999979019165,82.41609954833984,28.01375389099121,252.90428161621094,915.3550415039062,476.81524658203125,396.1883850097656,95.81513214111328,758.5362548828125,589.3336181640625,441.1887512207031,2218.620361328125,814.2127075195312,354.3418273925781,,203.7148895263672,475.16595458984375,471.72991943359375,1163.782958984375,722.9379272460938,2281.300048828125,306.48736572265625,
2020-05-05,,,,,,243.74142456054688,273.9100036621094,,132.37843322753906,210.8000030517578,255.39576721191406,6.090000152587891,79.46915435791016,28.386030197143555,250.34014892578125,900.7568969726562,502.1280517578125,386.43072509765625,96.5977783203125,738.2971801757812,574.9337768554688,432.5156555175781,2215.8076171875,799.8466796875,345.6800537109375,,196.1428680419922,461.8808898925781,470.3509521484375,1168.114990234375,721.2777099609375,2198.949951171875,299.9731140136719,
2020-05-06,,,,,,234.89569091796875,270.8299865722656,,132.92709350585938,211.85000610351562,262.2392883300781,6.130000114440918,81.72846984863281,26.9899959564209,261.4064025878906,881.458984375,516.185302734375,386.2836608886719,99.0826644897461,741.8789672851562,569.9733276367188,430.7146301269531,2222.694580078125,800.2335815429688,349.6891784667969,,206.32052612304688,468.236572265625,483.5982360839844,1166.9598388671875,750.28564453125,2175.60009765625,308.29913330078125,
2020-05-07,,,,,,234.57696533203125,269.1300048828125,,134.5731201171875,210.5500030517578,274.1305847167969,6.110000133514404,81.04085540771484,26.9899959564209,257.3577880859375,868.5970458984375,543.4149780273438,380.8899841308594,95.63903045654297,739.0193481445312,567.854248046875,428.6293640136719,2191.16845703125,786.7867431640625,346.2244873046875,,201.8439483642578,466.29095458984375,487.0946960449219,1165.0823974609375,756.9265747070312,2182.10009765625,305.8240661621094,
2020-05-08,,,,,,239.78213500976562,263.9599914550781,,136.81765747070312,212.25,276.7029724121094,5.980000019073486,79.61650848388672,26.5246524810791,259.876953125,849.3089599609375,522.6241455078125,375.9376525878906,86.2375259399414,767.2019653320312,570.1177978515625,444.5536804199219,2231.861328125,807.7794189453125,355.6286926269531,,198.27830505371094,459.0672302246094,512.2102661132812,1189.1024169921875,746.7807006835938,2255.0,310.2197265625,
2020-05-11,,,,,,251.766357421875,268.3500061035156,,139.7106475830078,222.60000610351562,281.216796875,5.920000076293945,84.57717895507812,25.407821655273438,259.7419738769531,845.197998046875,509.3041076660156,368.9259338378906,83.99720764160156,743.7083740234375,564.4830932617188,439.672119140625,2257.179443359375,821.6132202148438,348.0558166503906,,197.38693237304688,454.77685546875,517.28271484375,1248.935546875,761.4459838867188,2313.550048828125,310.75433349609375,
2020-05-12,,,,,,264.3493957519531,262.30999755859375,,139.56100463867188,226.0500030517578,282.9641418457031,5.96999979019165,84.67540740966797,26.43157958984375,256.4131164550781,839.7598876953125,501.63653564453125,369.416259765625,86.77559661865234,726.6466064453125,549.168212890625,439.7195129394531,2292.731201171875,824.0799560546875,339.98797607421875,,202.740234375,465.7721252441406,518.8585815429688,1283.5931396484375,752.7298583984375,2303.35009765625,315.4964904785156,
2020-05-13,,,,,,277.5600891113281,264.8500061035156,,140.80795288085938,231.0,300.29144287109375,6.369999885559082,85.65772247314453,28.199892044067383,269.68359375,871.9696655273438,511.1718444824219,386.3327331542969,85.88534545898438,727.8404541015625,549.2163696289062,428.77154541015625,2269.401611328125,811.890869140625,333.8504333496094,,211.6885223388672,480.5588684082031,508.96002197265625,1270.8853759765625,749.224853515625,2352.14990234375,336.4154052734375,
2020-05-14,,,,,,268.3087463378906,265.94000244140625,,140.55856323242188,228.5500030517578,299.3692321777344,6.610000133514404,82.31787109375,28.758304595947266,263.3407897949219,861.59228515625,502.6195373535156,382.5080871582031,85.9049072265625,718.6742553710938,548.7828979492188,432.1839294433594,2295.690185546875,834.9149780273438,331.7716369628906,,206.8837890625,477.94970703125,487.5379333496094,1197.1412353515625,754.8972778320312,2324.39990234375,334.5541687011719,
2020-05-15,,,,,,256.8941955566406,263.7200012207031,,140.70822143554688,230.25,300.1943359375,6.46999979019165,82.8581314086914,29.223651885986328,263.79058837890625,879.3535766601562,508.86181640625,389.7650451660156,85.65054321289062,719.271240234375,549.312744140625,425.217041015625,2265.23095703125,814.357666015625,325.18865966796875,,204.38099670410156,471.2647705078125,479.9539794921875,1187.417724609375,756.1886596679688,2333.800048828125,329.93084716796875,
2020-05-18,,,,,,244.05047607421875,255.39999389648438,,135.57069396972656,229.25,284.7113952636719,6.179999828338623,79.22357177734375,29.13058090209961,248.63075256347656,849.4288330078125,492.4944152832031,377.70281982421875,83.2928466796875,708.4967651367188,578.3531494140625,417.7287902832031,2260.380615234375,828.9171142578125,328.4059143066406,,189.89816284179688,445.54266357421875,462.2746276855469,1122.5303955078125,716.2969970703125,2306.550048828125,306.8834228515625,
2020-05-19,,,,,,245.26724243164062,267.79998779296875,,139.36146545410156,233.64999389648438,309.8529968261719,7.059999942779541,80.3532485961914,30.200876235961914,252.2295379638672,858.4790649414062,494.85369873046875,361.8651428222656,86.3940658569336,712.4348754882812,573.0555419921875,418.6766357421875,2252.183837890625,812.9550170898438,333.2070007324219,,192.47930908203125,452.52691650390625,464.6383972167969,1176.97216796875,720.6781616210938,2337.5,298.3494873046875,
2020-05-20,,,,,,257.5219421386719,281.19000244140625,,141.00750732421875,234.6999969482422,314.2697448730469,6.920000076293945,81.97405242919922,30.945425033569336,259.876953125,876.2603149414062,497.0163269042969,373.8292541503906,89.78876495361328,752.9902954101562,597.8097534179688,431.99432373046875,2301.60693359375,844.7340698242188,343.35369873046875,,200.10519409179688,469.14947509765625,472.0253601074219,1188.9578857421875,748.0719604492188,2454.35009765625,301.2601013183594,
2020-05-21,,,,,,270.3946228027344,295.239990234375,,137.96487426757812,235.10000610351562,307.8630065917969,6.849999904632568,82.61255645751953,30.573148727416992,254.97357177734375,857.3914794921875,509.5990295410156,378.63446044921875,89.41700744628906,740.9161376953125,593.9087524414062,442.13665771484375,2286.71728515625,856.8749389648438,351.2730407714844,,194.95269775390625,452.901123046875,486.3559875488281,1202.77294921875,762.0917358398438,2470.25,310.8632507324219,
2020-05-22,,,,,,274.7789001464844,310.0,,137.76536560058594,239.64999389648438,301.50482177734375,6.599999904632568,81.33555603027344,31.410768508911133,265.4100646972656,866.5913696289062,485.5149841308594,374.8099060058594,89.52462768554688,749.649169921875,615.8215942382812,444.93280029296875,2250.486083984375,863.6468505859375,346.7689208984375,,185.65663146972656,430.5862731933594,487.29168701171875,1191.9425048828125,742.7683715820312,2398.300048828125,320.82275390625,
2020-05-26,,,,,,266.0972900390625,325.5,,139.16197204589844,239.89999389648438,306.3584289550781,7.340000152587891,81.6302490234375,33.272151947021484,269.45867919921875,898.0328369140625,492.6418762207031,380.3506774902344,89.32897186279297,744.1513061523438,604.600341796875,435.2171325683594,2226.9140625,876.41650390625,354.6882629394531,,179.16213989257812,408.8052978515625,499.8002624511719,1187.369384765625,741.2466430664062,2283.25,337.4053955078125,
2020-05-27,,,,,,268.8012390136719,309.2300109863281,,140.65834045410156,242.60000610351562,317.0848693847656,7.400000095367432,83.05460357666016,33.272151947021484,278.90545654296875,908.3504638671875,491.560546875,397.561279296875,87.97891998291016,747.7523193359375,609.75341796875,427.3971862792969,2221.772705078125,865.3880615234375,347.3133850097656,,189.68756103515625,424.84918212890625,495.7127990722656,1186.5992431640625,778.6017456054688,2200.199951171875,334.4848327636719,
2020-05-28,,,,,,266.78289794921875,300.0299987792969,,142.30435180664062,246.0,322.0840148925781,7.199999809265137,85.46126556396484,34.342445373535156,273.5973205566406,924.5849609375,497.4095153808594,400.6503601074219,89.86702728271484,748.6671752929688,605.2263793945312,435.1697692871094,2216.6318359375,852.4249267578125,341.96783447265625,,190.78956604003906,427.6329345703125,509.0093078613281,1207.490234375,786.48779296875,2308.449951171875,334.50469970703125,
2020-05-29,,,,,,272.3935852050781,308.0400085449219,,147.99053955078125,248.60000610351562,314.31829833984375,7.28000020980835,85.46126556396484,34.01669692993164,275.71160888671875,973.0393676757812,489.6436767578125,395.55096435546875,91.65733337402344,784.0038452148438,624.2977905273438,449.530029296875,2318.486083984375,841.4449462890625,351.12457275390625,,191.37240600585938,439.501220703125,515.3128662109375,1252.208740234375,795.6652221679688,2269.35009765625,328.0102233886719,
2020-06-01,,,,,,273.4365539550781,307.6600036621094,,150.13531494140625,260.75,319.7057800292969,7.909999847412109,87.9661636352539,36.71570587158203,277.510986328125,1008.1029663085938,495.83673095703125,397.4632263183594,90.94317626953125,761.3382568359375,618.8556518554688,441.1413269042969,2405.740478515625,822.0001831054688,381.6141357421875,,211.66896057128906,475.25079345703125,508.3198547363281,1254.0377197265625,816.648681640625,2305.5,331.841552734375,
2020-06-02,,,,,,272.2970275878906,302.82000732421875,,149.58663940429688,273.75,329.9953918457031,8.039999961853027,94.79324340820312,39.600833892822266,283.85382080078125,1037.2396240234375,490.626708984375,394.27606201171875,91.36385345458984,750.1210327148438,614.135986328125,448.43994140625,2338.759765625,842.8477172851562,378.84234619140625,,229.82513427734375,517.30615234375,492.1670837402344,1246.3359375,831.1295166015625,2381.699951171875,336.7322082519531,
2020-06-03,,,,,,268.9557800292969,301.1000061035156,,150.28494262695312,273.8500061035156,329.6070556640625,7.539999961853027,97.00345611572266,38.809757232666016,282.36932373046875,1074.6478271484375,482.71331787109375,391.6773376464844,92.0975570678711,763.0425415039062,617.6034545898438,451.3309631347656,2310.82275390625,839.1714477539062,378.64434814453125,,236.26089477539062,527.41845703125,493.7922058105469,1224.1453857421875,851.1907348632812,2349.300048828125,334.0789794921875,
2020-06-04,,,,,,276.4688720703125,296.8699951171875,,147.64138793945312,274.0,329.267333984375,7.75,96.75787353515625,39.55430221557617,283.85382080078125,1033.8568115234375,477.3558654785156,384.2733154296875,91.95082092285156,770.0714111328125,636.2413940429688,469.0562744140625,2348.60546875,878.0126342773438,389.68194580078125,,226.57789611816406,512.5269165039062,509.7971496582031,1234.0133056640625,840.0302734375,2414.199951171875,333.3265686035156,
2020-06-05,,,,,,281.2489929199219,298.2900085449219,,152.08059692382812,284.25,331.16021728515625,7.78000020980835,108.79120635986328,40.857269287109375,286.41790771484375,999.0726318359375,475.9797058105469,389.8140563964844,92.16605377197266,775.0781860351562,626.9465942382812,468.487548828125,2386.33984375,872.9337768554688,385.67279052734375,,234.14993286132812,522.464599609375,508.46759033203125,1254.1820068359375,844.2268676757812,2499.0,333.75225830078125,
2020-06-08,,,,,,295.9179382324219,296.2900085449219,,152.2801055908203,297.75,333.24725341796875,7.710000038146973,113.4080810546875,39.69390869140625,283.8988342285156,999.8310546875,483.4997863769531,400.3071594238281,91.57907104492188,764.0438842773438,611.72802734375,463.5111999511719,2340.748291015625,870.95068359375,377.4069519042969,,245.6010284423828,542.8736572265625,514.1801147460938,1241.61865234375,843.5812377929688,2459.5,332.32666015625,
2020-06-09,,,,,,288.4337158203125,303.19000244140625,,151.5319366455078,312.6000061035156,335.916748046875,7.670000076293945,109.47882843017578,39.7869758605957,281.2896728515625,1005.94775390625,474.40679931640625,388.2940368652344,92.92912292480469,794.1233520507812,616.495849609375,474.6487121582031,2349.236083984375,889.4281005859375,377.80291748046875,,239.36610412597656,529.8878784179688,499.20928955078125,1265.3497314453125,870.3294067382812,2390.10009765625,330.03973388671875,
2020-06-10,,,,,,280.93035888671875,300.4100036621094,,151.48204040527344,328.20001220703125,336.402099609375,7.760000228881836,109.42971801757812,39.8335075378418,280.2550354003906,1001.6869506835938,475.9305114746094,386.6269226074219,94.34767150878906,791.9473876953125,619.2890625,473.1321105957031,2322.899169921875,898.0862426757812,386.0192565917969,,238.58737182617188,521.1275634765625,494.1369323730469,1268.863525390625,895.694091796875,2388.35009765625,337.8905029296875,
2020-06-11,,,,,,276.83575439453125,296.8299865722656,,151.43215942382812,332.04998779296875,328.7334289550781,7.570000171661377,104.27257537841797,38.34440994262695,275.7565612792969,993.1256103515625,476.5694580078125,395.1586608886719,95.54120635986328,781.3753051757812,611.6317138671875,448.96136474609375,2285.69873046875,888.3638305664062,383.04949951171875,,229.11009216308594,514.6421508789062,494.087646484375,1251.34228515625,885.225341796875,2406.5,332.9305725097656,
2020-06-12,,,,,,275.2713623046875,292.82000732421875,,151.93096923828125,336.3999938964844,335.188720703125,7.599999904632568,103.43760681152344,38.809757232666016,280.47998046875,992.9759521484375,473.6695251464844,390.7947082519531,96.37276458740234,771.8140869140625,619.9151000976562,455.07513427734375,2323.3359375,882.1724243164062,380.9211120605469,,240.00772094726562,527.408447265625,494.7279052734375,1252.73828125,903.5340576171875,2397.800048828125,343.98895263671875,
2020-06-15,,,,,,274.8851013183594,300.7300109863281,,148.88833618164062,346.1499938964844,329.8012390136719,7.5,98.72250366210938,39.461238861083984,276.2513732910156,1056.0484619140625,468.2629089355469,395.50189208984375,99.4642105102539,772.6519165039062,619.9634399414062,460.4779968261719,2265.085205078125,913.1776733398438,383.6434020996094,,230.33453369140625,509.21435546875,492.3640441894531,1269.9708251953125,880.6136474609375,2365.300048828125,336.1481018066406,
2020-06-16,,,,,,272.5287780761719,295.9700012207031,,145.84571838378906,363.45001220703125,330.82049560546875,7.320000171661377,93.0741958618164,38.204803466796875,274.94683837890625,1058.3736572265625,463.74102783203125,431.0019836425781,98.21197509765625,771.3327026367188,614.32861328125,458.2030944824219,2250.82568359375,895.5711059570312,381.2181701660156,,231.66676330566406,511.6788635253906,498.07659912109375,1312.2822265625,904.3641967773438,2403.550048828125,335.2372741699219,
2020-06-17,,,,,,269.4482421875,292.7200012207031,,146.79342651367188,381.6000061035156,331.3058166503906,7.360000133514404,93.71269989013672,38.39094161987305,282.0544128417969,1065.34814453125,454.99212646484375,432.96331787109375,98.73046875,767.4330444335938,616.7847900390625,460.3358154296875,2231.1826171875,898.6666259765625,392.1072692871094,,234.70338439941406,502.5643615722656,492.8565368652344,1284.652099609375,922.0271606445312,2340.39990234375,328.73291015625,
2020-06-18,,,,,,272.24871826171875,291.6300048828125,,147.49176025390625,400.6499938964844,333.73260498046875,7.519999980926514,94.6458969116211,39.973114013671875,282.6842346191406,1110.9488525390625,457.1056213378906,422.76434326171875,99.48377990722656,771.6311645507812,618.4222412109375,459.0087585449219,2241.22216796875,889.3795776367188,389.8799133300781,,247.4328155517578,541.5366821289062,508.172119140625,1228.1405029296875,1084.4991455078125,2350.85009765625,329.6239318847656,
2020-06-19,,,,,,275.0202941894531,296.0899963378906,,152.32998657226562,420.6499938964844,338.68328857421875,7.599999904632568,100.68712615966797,40.205787658691406,282.7292175292969,1134.9764404296875,489.7911376953125,427.1282958984375,104.58073425292969,771.3615112304688,612.7875366210938,462.6581115722656,2235.693359375,884.639404296875,377.4069519042969,,264.34490966796875,588.6556396484375,513.2444458007812,1222.7974853515625,1088.373046875,2363.14990234375,334.44525146484375,
2020-06-22,,,,,,273.5621032714844,297.0299987792969,,154.2752227783203,441.6499938964844,339.3628234863281,7.639999866485596,100.83447265625,40.624595642089844,289.7217102050781,1106.8077392578125,486.1539001464844,437.6214599609375,112.54413604736328,776.609130859375,631.8107299804688,467.4922790527344,2278.85986328125,904.7612915039062,383.6434020996094,,278.2253723144531,616.9669189453125,512.5549926757812,1224.193603515625,1067.712158203125,2350.39990234375,333.0394592285156,
2020-06-23,,,,,,280.2060852050781,297.1700134277344,,156.819091796875,463.6000061035156,345.2356262207031,7.579999923706055,102.55352020263672,41.36914825439453,290.7005920410156,1178.850830078125,492.9859619140625,451.00750732421875,109.4331283569336,791.2445068359375,635.5189819335938,474.3643798828125,2308.73681640625,907.3248901367188,392.5032043457031,,296.36688232421875,630.5465087890625,528.9540405273438,1242.340576171875,1040.6876220703125,2359.89990234375,347.4342041015625,
2020-06-24,,,,,,274.4505920410156,306.92999267578125,,154.42489624023438,440.45001220703125,341.5469055175781,7.550000190734863,102.94644927978516,40.2523193359375,292.052490234375,1129.857666015625,490.9216003417969,441.1027526855469,104.92314147949219,778.496337890625,607.9715576171875,459.1509094238281,2271.19677734375,891.36279296875,385.9697265625,,287.447998046875,603.2478637695312,519.3017578125,1244.8919677734375,1026.344970703125,2358.35009765625,349.9983215332031,
2020-06-25,,,,,,272.7798767089844,302.239990234375,,161.25828552246094,418.45001220703125,333.9267578125,7.349999904632568,101.9641342163086,40.950340270996094,295.82843017578125,1136.253662109375,494.7554016113281,447.8203430175781,105.55905151367188,771.5540771484375,611.535400390625,462.2315673828125,2260.623046875,904.7612915039062,400.2245788574219,,294.39306640625,600.763427734375,530.2836303710938,1226.5040283203125,1019.0123291015625,2305.550048828125,353.0278015136719,
2020-06-26,,,,,,266.9664306640625,302.4599914550781,,161.75706481933594,397.54998779296875,333.1502380371094,7.349999904632568,99.60658264160156,43.137454986572266,293.8705749511719,1113.293701171875,495.54180908203125,515.1430053710938,105.97970581054688,770.0134887695312,611.535400390625,454.93292236328125,2280.31494140625,896.5383911132812,397.74981689453125,,284.4162292480469,593.2952270507812,533.73095703125,1215.48095703125,1005.3614501953125,2294.39990234375,350.4339599609375,
2020-06-29,,,,,,261.8675231933594,296.0899963378906,,159.36289978027344,377.70001220703125,332.6163330078125,7.25,97.69107055664062,41.741424560546875,290.9336853027344,1107.82568359375,484.7285461425781,511.8577575683594,101.25450134277344,765.2473754882812,621.1673583984375,456.8760681152344,2247.18798828125,894.4583740234375,393.7406005859375,,279.954345703125,587.6978759765625,529.1017456054688,1193.67529296875,1000.7958374023438,2290.949951171875,346.3254089355469,
2020-06-30,,,,,,262.4083251953125,292.04998779296875,,155.87136840820312,358.8500061035156,333.8297424316406,7.199999809265137,96.51229858398438,41.741424560546875,289.06903076171875,1149.2752685546875,466.9849853515625,483.8597412109375,101.63603973388672,759.68212890625,616.6885375976562,448.2978210449219,2210.617431640625,882.0757446289062,386.167724609375,,277.3143615722656,583.2030029296875,540.7238159179688,1219.379638671875,1001.7182006835938,2317.14990234375,341.9990234375,
2020-07-01,,,,,,263.25811767578125,290.1600036621094,,157.2679901123047,340.95001220703125,333.73260498046875,7.179999828338623,98.96807098388672,42.904781341552734,287.48406982421875,1172.2353515625,470.6221618652344,531.86328125,103.35139465332031,753.23095703125,604.0223388671875,443.7479553222656,2174.095947265625,873.9495849609375,384.5343933105469,,289.353271484375,615.5501098632812,541.364013671875,1219.379638671875,1011.7717895507812,2289.35009765625,336.0293273925781,
2020-07-02,,,,,,272.7798767089844,290.3500061035156,,157.81666564941406,357.95001220703125,336.644775390625,7.159999847412109,99.7539291381836,46.34833908081055,288.3697814941406,1189.0086669921875,473.17803955078125,523.625732421875,102.97888946533203,754.9833984375,622.4196166992188,448.34521484375,2130.83203125,865.8233642578125,387.99908447265625,,290.3670349121094,617.4908447265625,539.6897583007812,1241.041259765625,1022.83984375,2295.5,341.6822204589844,
2020-07-03,,,,,,271.379638671875,304.8599853515625,,159.6123046875,375.79998779296875,349.8465270996094,7.179999828338623,101.62031555175781,46.44140625,287.6239013671875,1194.0777587890625,470.81878662109375,545.4454956054688,103.91007995605469,755.1566772460938,615.2918701171875,451.9945068359375,2124.81787109375,870.7088012695312,391.6123046875,,287.1589660644531,613.5596313476562,563.52490234375,1231.6064453125,1057.3358154296875,2290.14990234375,343.9394836425781,
2020-07-06,,,,,,270.5395202636719,320.1000061035156,,163.8021240234375,394.54998779296875,348.9243469238281,7.179999828338623,107.07215881347656,46.86021041870117,288.9292297363281,1190.8746337890625,507.2889099121094,572.904052734375,107.25253295898438,749.4855346679688,611.2463989257812,455.169921875,2096.347412109375,847.0075073242188,397.7992858886719,,304.52667236328125,627.0891723632812,575.8856811523438,1239.0675048828125,1046.267578125,2323.0,343.84051513671875,
2020-07-07,,,,,,269.8924560546875,336.1000061035156,,167.74253845214844,413.75,335.8197021484375,7.190000057220459,107.12127685546875,47.325557708740234,290.60736083984375,1173.7520751953125,516.775146484375,560.8419189453125,107.62501525878906,736.29443359375,613.1246337890625,454.2693786621094,2119.0458984375,842.1220703125,396.1659240722656,,328.3447265625,657.4808349609375,573.8173217773438,1226.215087890625,1017.6287231445312,2361.699951171875,345.6620788574219,
2020-07-08,,,,,,268.4825439453125,352.8999938964844,,162.60501098632812,393.1000061035156,330.6263732910156,7.139999866485596,103.4867172241211,48.58199691772461,291.353271484375,1214.6329345703125,505.17547607421875,553.4378662109375,108.71302795410156,748.4649047851562,611.0537719726562,457.3500061035156,2098.67529296875,837.1883544921875,397.7002868652344,,314.24884033203125,639.1021118164062,573.1771240234375,1240.3670654296875,1000.9342041015625,2319.550048828125,335.0491943359375,
2020-07-09,,,,,,267.5072021484375,370.5400085449219,,162.3556365966797,373.6000061035156,333.1016540527344,7.110000133514404,105.05841827392578,48.86119842529297,286.31866455078125,1241.404541015625,522.2800903320312,580.945556640625,112.11428833007812,750.371337890625,615.5326538085938,456.8287048339844,2111.140380859375,838.7845458984375,401.85797119140625,,326.1946105957031,655.4453735351562,576.3782348632812,1223.712158203125,1003.6089477539062,2320.35009765625,333.712646484375,
2020-07-10,,,,,,270.5780944824219,356.3699951171875,,159.31300354003906,371.04998779296875,325.14178466796875,6.960000038146973,105.69691467285156,46.81368637084961,279.3262023925781,1243.310302734375,515.595458984375,578.0034790039062,117.2112808227539,752.0755615234375,615.38818359375,468.15582275390625,2137.089111328125,833.0284423828125,410.1237487792969,,324.6419677734375,646.924560546875,583.5681762695312,1213.1221923828125,1000.1041870117188,2322.699951171875,320.8821716308594,
2020-07-13,,,,,,269.8828430175781,341.5899963378906,,155.671875,364.75,322.4722900390625,6.940000057220459,106.08985137939453,46.20873260498047,278.1607666015625,1290.7470703125,541.8422241210938,614.38623046875,122.30827331542969,755.7774047851562,614.8583984375,473.65350341796875,2168.178466796875,841.4449462890625,410.6682434082031,,316.8495788574219,644.6946411132812,591.25048828125,1226.359619140625,1024.500244140625,2233.949951171875,323.6640625,
2020-07-14,,,,,,263.0843200683594,336.6600036621094,,149.3871307373047,348.1000061035156,311.0178527832031,7.139999866485596,103.2902603149414,46.25676727294922,284.9667663574219,1269.633056640625,539.4828491210938,619.142333984375,120.73017120361328,771.9801025390625,609.031005859375,466.44964599609375,2151.68798828125,844.5406494140625,433.1889343261719,,312.5738220214844,622.9434814453125,589.4284057617188,1213.4591064453125,998.0289306640625,2154.85009765625,327.1588134765625,
2020-07-15,,,,,,261.11431884765625,333.0799865722656,,147.3919677734375,354.54998779296875,305.92156982421875,6.940000057220459,101.37474060058594,45.29608917236328,276.1096496582031,1290.5972900390625,524.4918212890625,602.0298461914062,122.40628051757812,782.3101196289062,614.7138671875,469.29327392578125,2158.62353515625,829.2073974609375,420.5179443359375,,308.4889831542969,615.4603271484375,585.8334350585938,1205.949951171875,993.6477661132812,2146.35009765625,340.7120361328125,
2020-07-16,,,,,,263.48028564453125,341.5199890136719,,148.53919982910156,348.29998779296875,302.0872802734375,6.940000057220459,101.12916564941406,44.8637809753418,278.2539978027344,1286.895263671875,510.5820617675781,567.4124145507812,122.68074035644531,804.734130859375,649.6781005859375,473.65350341796875,2138.44677734375,850.8770751953125,422.1513366699219,,313.93048095703125,625.0836791992188,590.8073120117188,1203.1097412109375,1043.77734375,2007.050048828125,335.1581115722656,
2020-07-17,,,,,,264.783935546875,338.95001220703125,,151.232666015625,347.29998779296875,303.83453369140625,7.099999904632568,104.51815032958984,47.36154556274414,279.6058654785156,1291.036376953125,520.31396484375,584.8681640625,125.75855255126953,798.2608642578125,663.7407836914062,477.35015869140625,2195.58203125,868.145263671875,427.2493896484375,,323.3832702636719,634.73193359375,605.2364501953125,1240.2708740234375,1109.5408935546875,1989.75,347.56292724609375,
2020-07-20,,,,,,265.84613037109375,339.29998779296875,,160.3105926513672,349.95001220703125,308.00860595703125,7.070000171661377,103.19203186035156,47.12137985229492,285.5727844238281,1363.2789306640625,514.7107543945312,575.2576904296875,127.82674407958984,793.0957641601562,649.5335693359375,458.5821838378906,2229.873046875,836.0758056640625,423.6856689453125,,337.11669921875,660.5289306640625,607.1571044921875,1272.136962890625,1134.260009765625,2019.0,346.8699035644531,
2020-07-21,,,,,,268.50189208984375,356.260009765625,,166.89462280273438,347.3500061035156,305.4847717285156,7.050000190734863,106.53189086914062,46.92924118041992,281.1441955566406,1420.97314453125,525.327392578125,567.9027099609375,127.3758544921875,781.7482299804688,637.9270629882812,452.3736572265625,2213.8671875,823.9349975585938,422.0028381347656,,322.516357421875,637.0018920898438,617.9912109375,1284.5078125,1135.5511474609375,2040.800048828125,345.4344177246094,
2020-07-22,,,,,,265.1702575683594,352.4100036621094,,168.98951721191406,336.0,302.86383056640625,7.010000228881836,103.2902603149414,48.08205795288086,283.2419738769531,1472.02197265625,525.3765258789062,580.259033203125,132.59048461914062,787.1845092773438,637.3490600585938,449.57733154296875,2193.981689453125,823.0159301757812,426.3584899902344,,318.6519470214844,633.315185546875,600.4596557617188,1246.09521484375,1213.443603515625,2110.0,336.5638732910156,
2020-07-23,,,,,,264.89013671875,352.44000244140625,,169.53819274902344,320.29998779296875,304.70819091796875,7.03000020980835,104.1743392944336,48.034027099609375,286.4585266113281,1526.3037109375,541.743896484375,571.482177734375,140.80447387695312,800.4412231445312,646.7403564453125,451.1888427734375,2325.615478515625,834.8665771484375,425.9624938964844,,323.0404052734375,636.70263671875,613.3129272460938,1235.2646484375,1204.4508056640625,2100.35009765625,345.3848571777344,
2020-07-24,,,,,,262.25384521484375,342.510009765625,,168.3411102294922,336.29998779296875,300.3399353027344,7.0,101.9150161743164,46.97727966308594,281.1441955566406,1534.0068359375,582.7850341796875,572.8550415039062,142.9609375,788.027587890625,641.5390014648438,460.2884521484375,2278.71435546875,825.9664916992188,410.9652099609375,,318.539306640625,625.62255859375,613.0173950195312,1249.1761474609375,1201.822021484375,2031.4000244140625,341.72186279296875,
2020-07-27,,,,,,259.74298095703125,332.989990234375,,165.54786682128906,342.20001220703125,300.0002136230469,7.050000190734863,99.90127563476562,47.553688049316406,278.1141357421875,1470.9840087890625,601.7574462890625,563.3916015625,142.01011657714844,778.28857421875,628.8729858398438,450.7148742675781,2291.130615234375,817.84033203125,395.5719909667969,,310.6342468261719,615.9342651367188,623.90087890625,1257.8404541015625,1256.8863525390625,2026.0999755859375,333.9205627441406,
2020-07-28,,,,,,259.8781433105469,339.6000061035156,,173.1294708251953,338.04998779296875,309.2705383300781,7.099999904632568,104.5672607421875,47.21744918823242,279.372802734375,1414.7967529296875,605.7387084960938,548.4854736328125,148.97927856445312,785.1979370117188,638.2159423828125,457.4447937011719,2271.390625,813.7772216796875,394.9779968261719,,317.33935546875,632.8562622070312,630.8445434570312,1270.5001220703125,1230.829833984375,2051.39990234375,335.7619934082031,
2020-07-29,,,,,,261.26885986328125,338.2900085449219,,178.66603088378906,338.3999938964844,305.92156982421875,7.130000114440918,103.87964630126953,47.79384994506836,291.2599792480469,1446.986572265625,604.460693359375,569.4717407226562,149.74383544921875,833.8154907226562,656.1796875,467.3027038574219,2351.030517578125,831.2871704101562,391.81024169921875,,321.71307373046875,631.4393310546875,628.135986328125,1253.364013671875,1243.5123291015625,2049.699951171875,333.3760681152344,
2020-07-30,,,,,,258.9414978027344,336.4700012207031,,174.62583923339844,341.45001220703125,303.34918212890625,7.099999904632568,101.81678771972656,46.11266326904297,289.06903076171875,1407.1832275390625,606.5250854492188,556.90625,154.9192352294922,875.3687744140625,660.7067260742188,483.369140625,2485.57470703125,861.3733520507812,399.3831787109375,,315.2528381347656,616.3732299804688,625.5259399414062,1272.136962890625,1201.2222900390625,2040.199951171875,350.5230712890625,
2020-07-31,,,,,,258.0047607421875,337.7099914550781,,174.82533264160156,340.6499938964844,305.9701232910156,7.079999923706055,102.79910278320312,46.7851448059082,285.013427734375,1523.419921875,632.2311401367188,559.99853515625,182.95269775390625,876.231201171875,693.6481323242188,503.9854431152344,2538.15087890625,896.3449096679688,405.47119140625,,318.4854431152344,619.1969604492188,617.646484375,1255.0006103515625,1174.889404296875,2063.449951171875,340.6526184082031,
2020-08-03,,,,,,258.74835205078125,354.5899963378906,,171.83261108398438,339.79998779296875,302.2328796386719,7.03000020980835,111.050537109375,46.83317565917969,277.88104248046875,1590.2144775390625,635.8682250976562,607.7081909179688,197.34193420410156,877.4715576171875,684.2569580078125,492.32666015625,2562.595458984375,903.2581787109375,407.74798583984375,,310.96240234375,608.9450073242188,593.909912109375,1269.7781982421875,1182.821533203125,2093.14990234375,344.25628662109375,
2020-08-04,,,,,,258.76763916015625,354.7300109863281,,181.65875244140625,343.20001220703125,305.7274475097656,7.190000057220459,109.47882843017578,47.745826721191406,276.6224060058594,1589.2864990234375,619.6483764648438,600.3946533203125,197.9986572265625,898.286865234375,687.5799560546875,501.3788146972656,2609.93359375,916.0624389648438,409.6288146972656,,316.9475402832031,614.8168334960938,604.8917846679688,1299.33349609375,1186.1419677734375,2165.10009765625,357.6708984375,
2020-08-05,,,,,,258.21722412109375,358.7300109863281,,179.16481018066406,342.95001220703125,317.5216369628906,7.050000190734863,113.35897064208984,47.02531433105469,276.85552978515625,1570.1680908203125,630.0684814453125,591.6577758789062,201.63516235351562,891.7167358398438,695.5745849609375,501.28399658203125,2587.81640625,903.5989990234375,404.0852966308594,,319.5482482910156,622.8038940429688,595.879638671875,1300.3446044921875,1160.22412109375,2163.449951171875,368.5610046386719,
2020-08-06,,,,,,257.7536315917969,361.1499938964844,,185.49940490722656,341.6000061035156,314.31829833984375,7.039999961853027,114.73421478271484,47.45762252807617,276.1096496582031,1541.27099609375,632.3295288085938,611.3403930664062,202.55653381347656,888.2474365234375,704.1950073242188,504.5068359375,2656.01025390625,911.6320190429688,403.3428649902344,,327.68353271484375,628.1568603515625,597.7509765625,1324.6531982421875,1099.9022216796875,2150.550048828125,371.83795166015625,
2020-08-07,,,,,,257.1356506347656,368.44000244140625,,192.43255615234375,370.45001220703125,317.0848693847656,7.329999923706055,116.99352264404297,47.745826721191406,280.4915771484375,1553.9234619140625,600.8236083984375,601.916259765625,200.48834228515625,886.3965454101562,701.8353271484375,498.53521728515625,2701.407958984375,856.7150268554688,395.42352294921875,,339.3501281738281,645.2633056640625,597.80029296875,1305.7838134765625,1122.4998779296875,2138.39990234375,370.7291564941406,
2020-08-10,,,,,,255.6678009033203,405.2799987792969,,195.2257843017578,373.5,321.5986328125,7.53000020980835,121.65951538085938,49.4270133972168,280.77130126953125,1605.969970703125,578.754638671875,642.6558837890625,220.5332489013672,909.1500244140625,766.321533203125,515.502197265625,3024.381591796875,932.7615356445312,408.2924499511719,,337.2587890625,638.8427734375,599.671630859375,1331.0072021484375,1081.6397705078125,2116.5,372.39239501953125,
2020-08-11,,,,,,264.9964294433594,434.9100036621094,,195.37542724609375,360.6499938964844,325.1903381347656,7.53000020980835,120.1369400024414,49.85932159423828,276.94873046875,1600.072998046875,567.3516235351562,650.31298828125,206.12442016601562,890.738037109375,749.3692626953125,512.8480834960938,3037.62255859375,932.3233642578125,403.4418029785156,,338.67425537109375,642.5892944335938,599.5731201171875,1298.6116943359375,1083.0233154296875,2131.949951171875,372.9170837402344,
2020-08-12,,,,,,267.84521484375,422.79998779296875,,197.220947265625,362.5,331.2087707519531,7.460000038146973,123.13298034667969,50.86803436279297,275.8765869140625,1613.7330322265625,588.634033203125,639.3672485351562,201.6057586669922,875.669189453125,734.0542602539062,504.4120788574219,3023.60595703125,915.4782104492188,392.6022033691406,,334.8392639160156,634.2930297851562,599.5731201171875,1326.4825439453125,1057.88916015625,2169.199951171875,369.1253662109375,
2020-08-13,,,,,,267.3237609863281,429.67999267578125,,200.26353454589844,362.1499938964844,337.46990966796875,7.53000020980835,128.8303985595703,53.89418029785156,275.9698181152344,1616.97607421875,591.5831298828125,660.1298217773438,202.00758361816406,872.5875854492188,732.2724609375,493.6535949707031,3031.85107421875,906.0332641601562,389.2859802246094,,334.9764099121094,633.5746459960938,590.7088012695312,1313.293212890625,1086.6666259765625,2207.10009765625,374.8575134277344,
2020-08-14,,,,,,264.3300476074219,420.6300048828125,,195.7245635986328,357.6000061035156,337.90673828125,7.429999828338623,122.39624786376953,52.78939437866211,275.0374450683594,1584.427001953125,575.7564697265625,703.961669921875,197.9888458251953,875.911376953125,743.3972778320312,503.65374755859375,2997.220947265625,991.4273071289062,391.1173095703125,,326.3023376464844,623.267822265625,578.8897094726562,1260.92138671875,1118.7642822265625,2178.0,370.194580078125,
2020-08-17,,,,,,267.21746826171875,418.42999267578125,,197.32070922851562,367.25,346.9829406738281,7.409999847412109,121.36482238769531,53.84614562988281,272.3337097167969,1559.720947265625,595.908447265625,809.59033203125,204.72279357910156,875.8629760742188,743.2528686523438,500.80999755859375,3035.77978515625,977.2598266601562,387.30615234375,,331.5626525878906,625.5027465820312,580.2193603515625,1246.7210693359375,1131.9078369140625,2189.75,373.6794128417969,
2020-08-18,,,,,,266.0780029296875,420.7799987792969,,213.18218994140625,373.54998779296875,346.9829406738281,7.360000133514404,123.3785629272461,53.461875915527344,276.06304931640625,1573.0616455078125,593.9915771484375,787.5516357421875,206.8497772216797,876.1051635742188,736.703125,498.5826416015625,3056.441650390625,955.8870239257812,390.869873046875,,335.0008850097656,632.8812255859375,588.5912475585938,1286.288818359375,1142.14599609375,2259.449951171875,379.32244873046875,
2020-08-19,,,,,,263.0167236328125,422.6400146484375,,238.9695281982422,371.0,346.20635986328125,7.5,122.9365234375,54.4705924987793,290.0013427734375,1593.5469970703125,604.5098876953125,825.5917358398438,208.41810607910156,870.0679321289062,730.4423217773438,498.9625549316406,3064.929443359375,955.1567993164062,392.3547058105469,,334.02618408203125,628.4910888671875,594.35302734375,1261.7874755859375,1158.1488037109375,2266.60009765625,384.50018310546875,
2020-08-20,,,,,,260.1679382324219,420.95001220703125,,233.43296813964844,375.3999938964844,343.2456970214844,7.690000057220459,119.54753875732422,58.98578643798828,295.82843017578125,1604.702880859375,627.6600341796875,803.7984008789062,210.4176788330078,867.5,734.6322631835938,496.0185241699219,3093.739501953125,956.4225463867188,390.1768798828125,,332.4442443847656,627.533203125,586.0796508789062,1249.9461669921875,1096.9046630859375,2285.89990234375,389.608642578125,
2020-08-21,,,,,,259.1539611816406,463.0400085449219,,232.78456115722656,376.54998779296875,343.9737243652344,7.829999923706055,118.7616958618164,59.51416015625,294.0103759765625,1612.2562255859375,638.5715942382812,847.9739379882812,223.65025329589844,870.1649169921875,732.7539672851562,505.562744140625,3150.05029296875,955.5949096679688,390.0779113769531,,332.0033874511719,626.8297729492188,589.0836181640625,1243.30322265625,1090.2176513671875,2259.449951171875,391.657958984375,
2020-08-24,,,,,,258.4393005371094,509.3399963378906,,248.0973663330078,414.20001220703125,338.7803649902344,7.679999828338623,119.05638122558594,58.50544357299805,302.1683044433594,1621.2567138671875,741.0025634765625,907.169189453125,233.20712280273438,866.831298828125,724.0852661132812,506.6073913574219,3143.1142578125,944.592041015625,388.24658203125,,342.0684509277344,638.6082153320312,589.723876953125,1227.611083984375,1117.934326171875,2250.300048828125,420.5167541503906,
2020-08-25,,,,,,259.14422607421875,560.27001953125,,306.80474853515625,424.70001220703125,335.9653015136719,8.1899995803833,124.85203552246094,57.640830993652344,311.2585144042969,1640.025634765625,731.7130126953125,898.0394897460938,226.54183959960938,858.1388549804688,720.232421875,498.6775817871094,3148.643798828125,946.588134765625,383.49493408203125,,356.8451232910156,648.8003540039062,590.758056640625,1218.17626953125,1105.1595458984375,2341.14990234375,417.1606140136719,
2020-08-26,,,,,,264.46527099609375,588.280029296875,,284.8580627441406,427.6499938964844,343.8765869140625,8.029999732971191,135.4610137939453,60.18663787841797,311.8645324707031,1664.9814453125,729.8452758789062,953.995361328125,225.39501953125,859.5053100585938,720.4732055664062,498.72503662109375,3101.0146484375,953.0145263671875,388.3950500488281,,357.1047058105469,654.9664916992188,583.1248779296875,1217.11767578125,1112.6768798828125,2410.10009765625,411.26019287109375,
2020-08-27,,,,,,264.1175842285156,558.8699951171875,,286.00531005859375,432.75,340.28497314453125,7.889999866485596,141.69871520996094,59.177921295166016,306.96978759765625,1719.093505859375,749.0142211914062,930.8276977539062,233.51095581054688,859.94140625,728.3715209960938,505.4678039550781,3170.517822265625,957.3475952148438,387.4051513671875,,355.8263854980469,651.6090698242188,587.0645751953125,1229.0552978515625,1103.545654296875,2380.85009765625,429.258544921875,
2020-08-28,,,,,,263.9244384765625,530.9299926757812,,287.5515441894531,462.29998779296875,349.5068054199219,7.849999904632568,140.2743682861328,58.79364776611328,305.71112060546875,1658.984375,735.1044921875,867.165771484375,228.100341796875,847.789306640625,721.0511474609375,527.7852783203125,3174.7861328125,950.4342041015625,387.60308837890625,,359.5780944824219,653.0856323242188,580.465576171875,1236.0347900390625,1114.61376953125,2319.39990234375,429.2882385253906,
2020-08-31,,,,,,259.627197265625,506.3399963378906,,278.8725891113281,452.75,345.33270263671875,7.449999809265137,140.66726684570312,56.43998336791992,291.353271484375,1615.4693603515625,671.8469848632812,777.0967407226562,222.170166015625,826.547607421875,687.291015625,494.0716552734375,3029.232177734375,903.1608276367188,372.3583068847656,,341.6520690917969,617.6453857421875,566.1349487304688,1209.848876953125,1057.7049560546875,2251.25,415.2102966308594,
2020-09-01,,,,,,261.0273742675781,530.4500122070312,,280.4188537597656,494.6499938964844,338.5862121582031,7.760000228881836,141.2566680908203,57.16049575805664,289.11566162109375,1655.432373046875,690.08203125,823.3829345703125,220.13137817382812,843.4577026367188,709.4446411132812,495.2112731933594,3134.286865234375,924.9232177734375,401.2640075683594,,356.9382019042969,634.532470703125,570.5670166015625,1212.49658203125,1069.0958251953125,2241.60009765625,425.48663330078125,
2020-09-02,,,,,,262.62078857421875,536.5900268554688,,292.3398742675781,544.0999755859375,349.3611755371094,7.829999923706055,147.6417236328125,58.5534782409668,290.4208984375,1659.8426513671875,719.0320434570312,840.5623779296875,227.443603515625,843.6127319335938,711.0820922851562,488.6109924316406,3230.90234375,936.7050170898438,407.1045227050781,,359.3674621582031,635.0762939453125,572.09375,1214.99951171875,1058.304443359375,2218.449951171875,445.65313720703125,
2020-09-03,,,,,,264.3493957519531,563.4099731445312,,290.54425048828125,571.2999877929688,355.2825622558594,7.730000019073486,149.164306640625,58.31330871582031,291.6795654296875,1680.208251953125,724.34033203125,879.3876953125,233.1973419189453,859.1952514648438,711.4191284179688,497.110595703125,3184.14697265625,936.412841796875,421.0624084472656,,354.5725402832031,634.12841796875,573.4234008789062,1240.2227783203125,1047.236083984375,2278.39990234375,453.5335998535156,
2020-09-04,,,,,,263.6734313964844,545.2000122070312,,284.45904541015625,542.75,342.6632080078125,7.519999980926514,145.1859130859375,56.58408737182617,282.7757873535156,1713.5655517578125,720.01513671875,850.673583984375,231.80545043945312,837.75,697.934326171875,486.66412353515625,3126.574951171875,920.1519775390625,416.7067565917969,,352.329345703125,626.31103515625,565.9872436523438,1242.0999755859375,1035.706787109375,2251.449951171875,444.7918395996094,
2020-09-07,,,,,,273.2627258300781,565.219970703125,,284.5587463378906,553.0999755859375,341.7409973144531,7.440000057220459,146.7576141357422,55.14306640625,276.80889892578125,1780.1405029296875,704.9256591796875,814.0570068359375,235.1184844970703,856.6174926757812,690.3732299804688,487.4238586425781,3103.24560546875,900.9700317382812,417.7462158203125,,343.3516540527344,624.9589233398438,582.9279174804688,1235.2646484375,1009.6503295898438,2261.39990234375,442.2969970703125,
2020-09-08,,,,,,266.4256591796875,553.3200073242188,,277.027099609375,564.4000244140625,335.4799499511719,7.429999828338623,139.783203125,53.029563903808594,269.7231750488281,1916.7626953125,729.4029541015625,812.6825561523438,235.53997802734375,842.84716796875,682.1378173828125,476.6449890136719,3019.337890625,895.3711547851562,411.608642578125,,342.8471984863281,622.025634765625,573.07861328125,1216.9249267578125,1000.1963500976562,2246.60009765625,450.22698974609375,
2020-09-09,,,,,,260.5251770019531,542.47998046875,,282.36407470703125,590.0499877929688,333.78118896484375,7.420000076293945,137.6221160888672,53.461875915527344,267.9051208496094,1854.31884765625,718.3439331054688,793.2454223632812,237.27491760253906,858.4780883789062,700.7757568359375,483.67266845703125,3062.50439453125,916.3545532226562,423.5867004394531,,335.28985595703125,601.3270874023438,576.8706665039062,1172.543701171875,1008.5435180664062,2222.699951171875,440.722900390625,
2020-09-10,,,,,,264.76458740234375,569.5999755859375,,297.5771789550781,579.75,331.5970153808594,7.53000020980835,140.76551818847656,53.269737243652344,269.2569885253906,1881.739013671875,738.8399047851562,807.0379638671875,242.35231018066406,848.9231567382812,700.0534057617188,482.3905334472656,3061.970703125,937.1918334960938,426.3089599609375,,342.7198486328125,611.5491333007812,592.5308837890625,1206.5758056640625,1014.1239013671875,2237.75,448.4944152832031,
2020-09-11,,,,,,264.7066955566406,581.5900268554688,,295.28277587890625,608.6500244140625,332.470703125,7.480000019073486,141.74783325195312,54.4705924987793,273.2193908691406,1843.9813232421875,720.7031860351562,825.002685546875,246.56715393066406,853.0804443359375,699.2346801757812,480.111328125,3052.367431640625,942.2064208984375,428.7342834472656,,347.19647216796875,611.46435546875,595.6827392578125,1249.8017578125,1040.871826171875,2239.35009765625,460.8101806640625,
2020-09-14,,,,,,264.18524169921875,610.6599731445312,,292.43963623046875,638.9000244140625,341.352783203125,7.449999809265137,145.9226531982422,54.854854583740234,283.2419738769531,1960.3077392578125,782.0929565429688,860.3922119140625,260.75048828125,845.8124389648438,695.0447387695312,470.8518981933594,3069.9736328125,942.5472412109375,425.66552734375,,337.0383605957031,609.843017578125,590.413330078125,1256.6851806640625,1036.2139892578125,2162.699951171875,464.7801208496094,
2020-09-15,,,,,,264.56182861328125,604.6400146484375,,287.8507995605469,670.7999877929688,342.323486328125,7.429999828338623,145.77529907226562,55.47930145263672,285.3863220214844,1996.6785888671875,842.7455444335938,857.6435546875,262.6912841796875,860.9782104492188,715.1275024414062,480.9185485839844,3089.51953125,974.533447265625,435.61419677734375,,344.1597595214844,610.1821899414062,585.2424926757812,1255.866943359375,1043.2239990234375,2136.14990234375,467.94818115234375,
2020-09-16,,,,,,264.0982971191406,603.02001953125,,296.3800964355469,675.5499877929688,343.1971435546875,7.429999828338623,148.77134704589844,54.566654205322266,281.2840881347656,1992.8968505859375,842.6963500976562,844.0963134765625,263.7890625,896.93994140625,724.9038696289062,492.40966796875,3147.14013671875,1001.6025390625,434.2283020019531,,344.9532165527344,613.2153930664062,589.5761108398438,1267.2271728515625,1055.583251953125,2135.949951171875,471.779541015625,
2020-09-17,,,,,,264.7356872558594,607.22998046875,,292.98834228515625,666.75,335.9653015136719,7.400000095367432,145.03857421875,54.518619537353516,278.4404602050781,1944.302734375,833.0135498046875,851.7534790039062,274.78680419921875,935.5762939453125,723.8444213867188,486.23675537109375,3114.9345703125,1009.8302612304688,437.7425537109375,,340.0994873046875,599.3515625,582.9279174804688,1233.724365234375,1038.473876953125,2139.050048828125,476.73944091796875,
2020-09-18,,,,,,271.4278869628906,607.02001953125,,290.8435363769531,665.5999755859375,347.3712463378906,7.480000019073486,145.28414916992188,53.99024200439453,270.655517578125,1876.021484375,839.3540649414062,876.9334106445312,292.78314208984375,1033.664306640625,776.57958984375,497.015625,3244.1923828125,1057.34716796875,449.423583984375,,340.3786926269531,587.523193359375,576.2796630859375,1247.6357421875,1019.1967163085938,2149.050048828125,467.44329833984375,
2020-09-21,,,,,,269.8828430175781,590.3400268554688,628.2068481445312,276.4285583496094,651.75,337.6640625,7.400000095367432,135.01898193359375,50.91606903076172,267.2991638183594,1776.308837890625,799.0009155273438,820.4869995117188,279.3251037597656,996.5784912109375,739.83349609375,478.3069763183594,3064.1533203125,1013.1895751953125,425.0220947265625,,326.2093505859375,569.9426879882812,570.6163330078125,1228.4293212890625,963.6250610351562,2097.449951171875,457.3946533203125,
2020-09-22,,,,,,261.83856201171875,574.3099975585938,669.6339111328125,279.72052001953125,619.2000122070312,322.56939697265625,7.340000152587891,130.7459259033203,49.4270133972168,260.53973388671875,1706.80029296875,833.7508544921875,791.183837890625,278.5605773925781,1001.6077880859375,749.0321044921875,483.2452697753906,3139.622314453125,1012.4105834960938,417.7956237792969,,323.5497741699219,566.9544677734375,570.6656494140625,1207.9715576171875,935.9546508789062,2049.300048828125,456.7808837890625,
2020-09-23,,,,,,265.1509094238281,590.6300048828125,795.024658203125,282.8628845214844,588.25,315.0948791503906,7.329999923706055,129.0759735107422,51.34837341308594,273.6855773925781,1753.26904296875,829.7695922851562,784.4102783203125,267.67059326171875,989.9403686523438,739.1593017578125,477.5945739746094,3053.240478515625,989.8206787109375,419.6269836425781,,317.75567626953125,563.3974609375,571.5028076171875,1211.2447509765625,964.0863037109375,2055.300048828125,458.49359130859375,
2020-09-24,,,,,,258.58416748046875,562.010009765625,871.5609741210938,269.794677734375,616.9500122070312,304.56256103515625,7.260000228881836,120.62808990478516,48.46633529663086,259.9337158203125,1682.353759765625,786.3690795898438,757.3650512695312,253.24221801757812,974.3676147460938,706.4586791992188,461.3551025390625,2929.948486328125,953.8421630859375,404.1347961425781,,296.6999816894531,541.3521118164062,568.9419555664062,1204.650390625,939.690185546875,2047.3499755859375,447.801513671875,
2020-09-25,,,,,,261.13360595703125,579.6900024414062,905.512939453125,279.62078857421875,647.75,316.59942626953125,7.320000171661377,124.99938201904297,51.01213836669922,271.0284729003906,1754.855712890625,787.5487670898438,798.3992309570312,260.34857177734375,990.8028564453125,741.760009765625,465.0113525390625,2969.041015625,972.634765625,423.6856689453125,,307.4800720214844,579.02734375,568.794189453125,1222.7012939453125,1003.1018676757812,2102.699951171875,458.21636962890625,
2020-09-28,,,,,,264.0306701660156,592.1699829101562,887.0419921875,294.9835205078125,680.0999755859375,329.6070556640625,7.429999828338623,130.50033569335938,52.020851135253906,277.2750244140625,1797.851806640625,824.3137817382812,807.381591796875,286.3825378417969,994.2235717773438,746.2869873046875,484.4324035644531,3004.3505859375,982.4205322265625,445.8598937988281,,326.6990966796875,597.2512817382812,572.4384765625,1221.208984375,1005.177001953125,2108.39990234375,479.5708923339844,
2020-09-29,,,,,,267.1788635253906,590.97998046875,798.3522338867188,297.1781311035156,714.0999755859375,331.01458740234375,7.449999809265137,129.3706817626953,51.82871627807617,279.65252685546875,1812.4000244140625,809.7158813476562,800.6079711914062,283.4713439941406,985.3760986328125,734.295166015625,480.6811218261719,2970.15673828125,971.9044799804688,450.90850830078125,,322.7416687011719,586.3508911132812,562.1952514648438,1203.8800048828125,1042.5782470703125,2133.25,469.6510009765625,
2020-09-30,,,,,,267.3043518066406,575.010009765625,778.1450805664062,296.3800964355469,737.5999755859375,331.7426452636719,7.380000114440918,130.9423828125,51.20426940917969,279.23297119140625,1748.59912109375,807.2583618164062,792.607421875,281.4619140625,1005.4550170898438,746.190673828125,475.2679443359375,2956.624755859375,980.9112548828125,443.1871337890625,,321.15960693359375,583.9213256835938,550.9671630859375,1251.053466796875,1044.1923828125,2203.14990234375,464.1861267089844,
2020-10-01,,,,,,266.3966369628906,572.02001953125,755.671142578125,307.4033203125,747.0999755859375,342.9544372558594,7.409999847412109,131.13882446289062,52.309059143066406,281.1908264160156,1766.19091796875,805.4889526367188,791.4784545898438,274.79669189453125,990.773681640625,744.5532836914062,481.3933410644531,2973.06640625,1000.823486328125,448.08721923828125,,337.2440490722656,604.0011596679688,560.619384765625,1252.7862548828125,1064.1612548828125,2184.800048828125,468.512451171875,
2020-10-05,,,,,,265.7689514160156,550.3400268554688,798.0628662109375,325.80859375,749.4500122070312,340.0908203125,7.380000114440918,131.53176879882812,51.732643127441406,287.204345703125,1764.235107421875,794.5773315429688,791.8219604492188,289.64654541015625,999.9701538085938,749.9953002929688,496.7781677246094,3032.5302734375,1010.9013061523438,453.7297668457031,,331.37646484375,586.7947998046875,566.0857543945312,1207.634765625,1071.2633056640625,2110.449951171875,470.66082763671875,
2020-10-06,,,,,,263.4126281738281,546.8800048828125,778.0487060546875,326.3572692871094,735.9000244140625,352.2733459472656,7.369999885559082,142.1898651123047,52.45315170288086,283.6614990234375,1740.1474609375,791.3333740234375,794.7669067382812,305.0354919433594,995.5125122070312,751.6327514648438,494.8313293457031,3067.83984375,999.3629760742188,453.185302734375,,340.3297424316406,598.1941528320312,573.275634765625,1189.19873046875,1103.4532470703125,2083.050048828125,461.01812744140625,
2020-10-07,,,,,,262.0703430175781,534.02001953125,756.7322387695312,329.30010986328125,699.2999877929688,350.0892333984375,7.300000190734863,138.5061798095703,53.94221115112305,280.5848388671875,1739.4091796875,782.928466796875,789.0242309570312,319.5423583984375,989.397705078125,745.131103515625,485.9992980957031,3086.56103515625,998.9248657226562,447.59222412109375,,326.3072204589844,589.1995239257812,570.222412109375,1227.3221435546875,1084.8680419921875,2066.10009765625,464.7603759765625,
2020-10-08,,,,,,261.8192138671875,527.9199829101562,770.5733642578125,315.48370361328125,696.1500244140625,349.2155456542969,7.260000228881836,138.45706176757812,52.83742904663086,281.3772888183594,1685.1573486328125,747.2448120117188,830.5491333007812,331.59869384765625,1006.7341918945312,781.5882568359375,497.7278747558594,3134.626220703125,1015.8187255859375,464.4208679199219,,325.84686279296875,585.876953125,574.359130859375,1205.0352783203125,1059.780029296875,2065.35009765625,461.2458190917969,
2020-10-09,,,,,,260.93084716796875,554.3099975585938,760.059814453125,312.2415466308594,683.9500122070312,346.740234375,7.320000171661377,136.0012969970703,52.309059143066406,281.1441955566406,1694.37744140625,750.48876953125,815.8731079101562,320.0814514160156,998.7103881835938,773.59375,487.09149169921875,3094.41845703125,1002.137939453125,447.34478759765625,,325.00933837890625,590.1922607421875,565.1500244140625,1201.040283203125,1053.7386474609375,2057.60009765625,455.7809143066406,
2020-10-12,,,,,,257.77294921875,557.2100219726562,737.9718017578125,314.58587646484375,671.5499877929688,347.1770935058594,7.239999771118164,133.49639892578125,50.77196502685547,280.2119140625,1687.053466796875,721.8336791992188,797.172119140625,325.5215148925781,1011.7926025390625,783.7072143554688,488.0412292480469,3111.151611328125,1018.983154296875,457.9864501953125,,325.9202575683594,589.9478759765625,554.9067993164062,1162.9644775390625,1053.8310546875,2002.5999755859375,451.2268981933594,
2020-10-13,,,,,,258.13031005859375,544.6199951171875,750.5590209960938,312.44110107421875,705.0999755859375,339.65399169921875,7.239999771118164,131.7282257080078,51.924781799316406,286.64501953125,1800.10693359375,723.2099609375,824.3646240234375,320.9146423339844,1001.762939453125,758.1824951171875,477.83209228515625,3045.092041015625,1027.4542236328125,446.9488220214844,,320.5718994140625,585.4479370117188,558.1570434570312,1157.5732421875,1049.910888671875,1977.449951171875,451.1575622558594,
2020-10-14,,,,,,258.4296569824219,543.530029296875,745.205810546875,312.64056396484375,725.4500122070312,338.7318115234375,7.21999979019165,128.38836669921875,50.86803436279297,296.52764892578125,1859.4974365234375,741.3467407226562,857.93798828125,319.0032958984375,992.8959350585938,752.7404174804688,476.9299011230469,3036.65283203125,1008.9539794921875,442.19720458984375,,330.31365966796875,608.6356811523438,563.7218627929688,1200.7513427734375,1066.2828369140625,1974.550048828125,458.3846740722656,
2020-10-15,,,,,,256.7783203125,534.5900268554688,736.862548828125,306.3558654785156,704.25,332.7619323730469,7.21999979019165,124.70468139648438,50.81999969482422,296.90057373046875,1781.08837890625,714.0185546875,805.7618408203125,309.54443359375,979.9590454101562,740.0262451171875,465.6286315917969,3018.173583984375,977.1624145507812,429.0807800292969,,314.9051208496094,588.5808715820312,553.035400390625,1204.0244140625,1062.6392822265625,1977.699951171875,454.850341796875,
2020-10-16,,,,,,256.5079040527344,533.8900146484375,683.2823486328125,306.256103515625,705.3499755859375,339.7025451660156,7.199999809265137,125.49053192138672,52.020851135253906,298.0194091796875,1848.3118896484375,706.3018798828125,817.0510864257812,319.6404113769531,984.6686401367188,753.5591430664062,462.39971923828125,3126.138916015625,1013.0435791015625,443.3851013183594,,316.5312194824219,593.8938598632812,552.6907348632812,1192.7606201171875,1093.0308837890625,1984.199951171875,459.1172790527344,
2020-10-19,,,,,,256.7594909667969,536.5800170898438,690.37158203125,316.1819763183594,702.7999877929688,337.372802734375,7.130000114440918,125.98169708251953,53.029563903808594,296.6675109863281,1906.5848388671875,697.847900390625,814.891357421875,325.4234619140625,980.3272705078125,735.8843994140625,459.3133239746094,3000.712890625,987.5324096679688,433.48590087890625,,320.0429382324219,596.767333984375,561.8997802734375,1207.3458251953125,1126.9732666015625,2094.300048828125,445.108642578125,
2020-10-20,,,,,,257.7850646972656,540.6799926757812,694.80859375,321.1199951171875,688.7000122070312,338.7318115234375,7.090000152587891,127.35693359375,52.597259521484375,299.41790771484375,1907.902099609375,696.8157348632812,825.1990356445312,330.17742919921875,982.8468627929688,736.1734008789062,461.8774719238281,2993.2919921875,982.1771240234375,435.3667297363281,,319.5482482910156,593.8489990234375,562.3922729492188,1199.35546875,1133.890869140625,2143.050048828125,453.4643249511719,
2020-10-21,,,,,,257.6979675292969,544.5599975585938,726.011474609375,311.2439880371094,692.3499755859375,344.94439697265625,7.019999980926514,127.9463119506836,51.82871627807617,299.6976013183594,1868.7572021484375,708.5628662109375,815.1367797851562,327.2369384765625,978.1178588867188,738.8702392578125,465.53369140625,2986.69580078125,976.1887817382812,435.16876220703125,,316.6781311035156,589.0897216796875,554.2174072265625,1194.4454345703125,1118.9949951171875,2081.35009765625,448.2172546386719,
2020-10-22,,,,,,256.9239501953125,545.8599853515625,792.7096557617188,310.7452087402344,726.9500122070312,347.8565979003906,7.0,131.13882446289062,52.933494567871094,302.0284729003906,1894.8604736328125,718.9336547851562,814.4005737304688,329.197265625,973.3211059570312,729.6236572265625,461.11767578125,3000.81005859375,967.2306518554688,425.3190612792969,,324.67138671875,586.0216064453125,552.6414794921875,1209.1268310546875,1100.2252197265625,2100.300048828125,433.0602111816406,
2020-10-23,,,,,,256.962646484375,559.8099975585938,774.720947265625,314.6856689453125,720.2999877929688,353.6808776855469,7.070000171661377,134.57693481445312,53.07759475708008,300.1170959472656,1957.57373046875,708.2680053710938,828.978515625,328.9031982421875,972.5942993164062,729.6717529296875,460.1205749511719,2976.898681640625,965.3806762695312,412.99456787109375,,324.9113464355469,581.8460693359375,555.990234375,1210.9078369140625,1092.5235595703125,2116.550048828125,439.5843200683594,
2020-10-26,,,,,,255.55007934570312,543.52001953125,767.245849609375,306.65509033203125,704.7000122070312,353.0498962402344,7.03000020980835,131.33531188964844,51.780677795410156,298.48553466796875,1900.37841796875,701.681640625,816.609375,309.5933837890625,964.812744140625,719.654541015625,450.6236877441406,2950.998291015625,937.5813598632812,398.4922180175781,,322.65838623046875,568.8152465820312,569.9269409179688,1208.1640625,1092.846435546875,2144.25,428.5061340332031,
2020-10-27,,,,,,256.5853271484375,542.9299926757812,800.233154296875,313.2889709472656,739.9000244140625,353.7294006347656,7.079999923706055,133.2508087158203,51.63658142089844,301.2825622558594,1893.772705078125,732.4502563476562,831.4817504882812,317.18994140625,988.3220825195312,741.9044189453125,446.7774963378906,3062.261962890625,932.0798950195312,409.43084716796875,,338.2677307128906,565.4527587890625,578.4464721679688,1202.3399658203125,1153.0296630859375,2176.199951171875,430.5653381347656,
2020-10-28,,,,,,258.0075988769531,516.7899780273438,880.241943359375,318.0773620605469,776.8499755859375,343.294189453125,7.059999942779541,132.4158477783203,51.01213836669922,300.6765441894531,1832.1170654296875,744.8856201171875,829.2730712890625,316.1606750488281,959.5604248046875,737.0885009765625,440.0822448730469,3037.62255859375,917.0847778320312,402.3529357910156,,330.19122314453125,562.9684448242188,577.3139038085938,1184.72216796875,1107.5579833984375,2240.199951171875,431.5653076171875,
2020-10-29,,,,,,257.4754638671875,542.6199951171875,915.4960327148438,328.1029968261719,815.6500244140625,332.6648254394531,7.130000114440918,129.56712341308594,50.051456451416016,303.9862976074219,1805.7845458984375,727.0436401367188,846.2069702148438,323.4141540527344,957.806396484375,734.2469482421875,433.3869934082031,3014.487548828125,900.4344482421875,399.1357116699219,,331.0973205566406,561.1326293945312,577.2645874023438,1196.37109375,1142.0535888671875,2267.10009765625,439.9111022949219,
2020-10-30,,,,,,254.4954833984375,530.8800048828125,961.8422241210938,338.8768615722656,856.4000244140625,349.31268310546875,7.150000095367432,130.30386352539062,50.099491119384766,300.53668212890625,1855.8154296875,729.6487426757812,827.5060424804688,313.0731201171875,947.4762573242188,726.7339477539062,442.31402587890625,3047.905029296875,885.342041015625,399.53167724609375,,324.13751220703125,556.098876953125,580.8595581054688,1189.920654296875,1135.2283935546875,2239.89990234375,430.60498046875,
2020-11-02,,,,,,251.98963928222656,530.8499755859375,1058.0072021484375,340.2734680175781,859.2000122070312,346.4490051269531,7.190000057220459,130.50033569335938,50.579833984375,292.28558349609375,1897.425048828125,706.1052856445312,807.7742309570312,294.89056396484375,941.6619262695312,723.6036376953125,445.7803039550781,2957.3037109375,888.5065307617188,400.0760803222656,,334.9910583496094,568.865234375,578.6434936523438,1179.37890625,1141.8692626953125,2205.75,429.0704650878906,
2020-11-03,,,,,,251.83486938476562,528.3900146484375,1005.150146484375,343.9644775390625,830.4000244140625,343.294189453125,7.210000038146973,131.7282257080078,51.49247360229492,289.16229248046875,1897.7940673828125,706.79345703125,791.134765625,285.5787048339844,945.2861328125,731.3573608398438,461.1651916503906,2997.317626953125,912.6544799804688,402.79833984375,,341.9459533691406,573.0706787109375,590.0194091796875,1180.43798828125,1097.73486328125,2209.050048828125,426.7934265136719,
2020-11-04,,,,,,251.66064453125,529.5,954.8975830078125,350.9974060058594,840.9000244140625,350.52606201171875,7.230000019073486,133.49639892578125,51.20426940917969,285.2930908203125,1907.153564453125,699.4698486328125,795.7977905273438,271.70904541015625,956.5757446289062,752.4032592773438,479.256591796875,3100.4326171875,919.8112182617188,406.362060546875,,348.8665771484375,579.8804321289062,585.2916870117188,1185.3958740234375,1067.481689453125,2290.800048828125,429.47637939453125,
2020-11-05,,,,,,253.56666564941406,548.0,907.1527709960938,351.8952331542969,854.5999755859375,357.8549499511719,7.28000020980835,135.21542358398438,53.173667907714844,292.052490234375,1999.8016357421875,739.085693359375,827.9478149414062,276.4629821777344,961.0139770507812,764.298828125,486.7115478515625,3112.84912109375,911.3887329101562,409.13385009765625,,366.0530700683594,604.1558227539062,583.1248779296875,1197.285400390625,1124.66748046875,2281.949951171875,443.277099609375,
2020-11-06,,,,,,253.72146606445312,563.1699829101562,893.3597412109375,351.2467956542969,860.0,360.23321533203125,7.539999961853027,136.54156494140625,52.54922866821289,296.1081237792969,1998.654296875,749.0634155273438,870.6998901367188,271.3169250488281,950.2478637695312,760.87939453125,483.5301208496094,3140.252685546875,892.7908935546875,410.6187438964844,,370.34844970703125,627.23388671875,581.6967163085938,1213.4591064453125,1158.7943115234375,2294.60009765625,448.1083679199219,
2020-11-09,,,,,,254.04075622558594,587.6599731445312,900.4009399414062,357.0327453613281,899.3499755859375,356.3017883300781,7.409999847412109,138.5061798095703,52.78939437866211,296.2013854980469,1946.328125,764.6934814453125,852.88232421875,258.966552734375,945.7319946289062,735.1138305664062,484.47979736328125,3321.16455078125,893.8132934570312,411.8066711425781,,378.6012268066406,626.924560546875,583.9127807617188,1223.9046630859375,1178.8094482421875,2325.85009765625,462.45361328125,
2020-11-10,,,,,,265.94122314453125,558.280029296875,882.122802734375,358.6288757324219,854.8499755859375,356.01055908203125,7.269999980926514,143.41775512695312,54.4705924987793,293.35772705078125,1982.09033203125,771.7220458984375,857.8397827148438,255.13217163085938,910.526123046875,690.9030151367188,466.1984558105469,3165.618896484375,836.1212158203125,402.0559387207031,,412.2541809082031,667.263916015625,600.4596557617188,1221.930908203125,1093.1231689453125,2362.39990234375,443.385986328125,
2020-11-11,,,,,,265.3413391113281,568.5599975585938,868.763916015625,359.2274169921875,897.5499877929688,360.71856689453125,7.289999961853027,148.28021240234375,54.998958587646484,296.52764892578125,1982.9085693359375,782.9776611328125,872.3687133789062,277.4992980957031,946.216552734375,715.0310668945312,480.58612060546875,3252.679931640625,887.1433715820312,413.6874694824219,,418.1560363769531,692.9210815429688,614.0515747070312,1218.17626953125,1076.0596923828125,2398.199951171875,460.8992919921875,
2020-11-12,,,,,,267.3150939941406,572.8499755859375,891.1895141601562,364.6642150878906,942.3499755859375,357.2724914550781,7.210000038146973,148.52578735351562,53.41383743286133,303.24041748046875,2017.0443115234375,805.5380249023438,939.2700805664062,284.2340087890625,935.498779296875,712.4786376953125,483.6250915527344,3266.163818359375,871.9535522460938,418.4391174316406,,421.0457458496094,701.0427856445312,620.8969116210938,1212.4002685546875,1078.4576416015625,2400.300048828125,463.16644287109375,
2020-11-13,,,,,,268.8244323730469,592.1799926757812,886.8490600585938,367.70684814453125,989.3499755859375,354.7972106933594,7.230000019073486,143.76158142089844,53.07759475708008,302.54119873046875,2115.150146484375,810.8463134765625,937.6011962890625,279.2198791503906,941.32275390625,717.2464599609375,482.86541748046875,3330.089111328125,877.649658203125,429.0807800292969,,428.66180419921875,724.4800415039062,618.0404663085938,1248.935546875,1096.535888671875,2383.050048828125,491.44110107421875,
2020-11-14,,,,,,270.643310546875,591.7999877929688,900.4972534179688,370.35040283203125,1008.5999755859375,355.379638671875,7.28000020980835,146.2173614501953,53.75007629394531,302.4013671875,2055.92919921875,808.5363159179688,932.2019653320312,284.77471923828125,944.259033203125,718.3060302734375,488.1361389160156,3341.729248046875,882.4208984375,429.9716796875,,428.5394287109375,731.908447265625,626.5108642578125,1247.587646484375,1095.4749755859375,2374.14990234375,490.1936950683594,
2020-11-17,,,,,,267.0925598144531,600.0399780273438,907.5867309570312,393.34454345703125,1058.449951171875,368.5328674316406,7.5,155.2055206298828,55.383235931396484,300.3036193847656,2015.0584716796875,789.5148315429688,930.4840698242188,274.74639892578125,927.2230224609375,715.2238159179688,492.31475830078125,3324.317138671875,864.26123046875,423.8341979980469,,439.62799072265625,734.8817138671875,659.9490966796875,1279.6461181640625,1076.2901611328125,2432.14990234375,499.0939025878906,
2020-11-18,,,,,,264.19000244140625,603.6900024414062,898.1824340820312,393.5440673828125,1080.949951171875,379.6475830078125,7.880000114440918,170.43138122558594,58.21724319458008,305.2449645996094,2037.8089599609375,792.8079223632812,936.0305786132812,266.7336120605469,911.6502685546875,715.6090698242188,487.1864013671875,3348.3740234375,861.0479736328125,418.7361145019531,,455.86431884765625,777.2464599609375,654.7781982421875,1262.365234375,1085.3291015625,2375.050048828125,513.013427734375,
2020-11-19,,,,,,266.2701416015625,599.239990234375,911.7824096679688,384.81524658203125,1083.5,370.71697998046875,7.659999847412109,164.97952270507812,56.82425308227539,329.1591796875,2015.307861328125,788.5809936523438,967.3952026367188,263.980712890625,912.4060668945312,714.7903442382812,481.82073974609375,3332.12646484375,861.1453857421875,418.4886169433594,,444.3837890625,780.5839233398438,636.3108520507812,1248.116943359375,1078.82666015625,2392.199951171875,497.0544738769531,
2020-11-20,,,,,,267.2570495605469,629.2000122070312,957.3571166992188,387.35906982421875,1134.550048828125,364.8441162109375,7.599999904632568,166.1092071533203,55.8155403137207,332.2359313964844,2066.287109375,797.4281005859375,973.874267578125,278.0892333984375,905.2835083007812,712.67138671875,477.9270324707031,3365.156005859375,855.5952758789062,415.7168273925781,1784.343994140625,461.9473571777344,852.3424682617188,653.891845703125,1305.7359619140625,1091.4627685546875,2382.60009765625,518.4090576171875,
2020-11-23,,,,,,263.61920166015625,660.6599731445312,940.863525390625,408.05877685546875,1180.300048828125,364.1646423339844,7.679999828338623,167.68089294433594,56.536048889160156,334.1938171386719,2137.202392578125,804.161865234375,1014.2213134765625,285.51214599609375,935.866943359375,718.8358154296875,487.04388427734375,3440.04296875,861.0479736328125,416.0137939453125,2048.62939453125,471.3119812011719,875.4653930664062,651.3309936523438,1302.414306640625,1066.236572265625,2360.39990234375,518.81494140625,
2020-11-24,,,,,,263.6094665527344,661.5900268554688,951.8591918945312,406.2132873535156,1205.1500244140625,380.7638854980469,7.739999771118164,169.0070343017578,57.592796325683594,342.5381774902344,2169.232666015625,794.18408203125,993.164306640625,284.82391357421875,952.6800537109375,720.9066772460938,493.9766845703125,3431.070068359375,871.8074951171875,429.1797790527344,2008.864013671875,471.2336120605469,883.9812622070312,654.1381225585938,1321.0911865234375,1049.403564453125,2380.25,503.5390319824219,
2020-11-25,,,,,,261.98406982421875,631.5499877929688,922.3441772460938,398.28253173828125,1144.9000244140625,387.2677001953125,7.650000095367432,168.41763305664062,59.081851959228516,343.1441650390625,2177.23486328125,789.7113647460938,956.8421630859375,280.64544677734375,931.515869140625,704.7249145507812,480.7286071777344,3365.495361328125,871.0285034179688,415.9148254394531,2013.2769775390625,459.3907165527344,869.8181762695312,655.0736694335938,1331.2958984375,1031.6484375,2360.800048828125,480.3926086425781,
2020-11-26,,,,,,261.4906311035156,651.1799926757812,968.4492797851562,400.9760437011719,1104.449951171875,398.13970947265625,7.650000095367432,170.67694091796875,59.89842987060547,357.3621826171875,2270.62158203125,791.6774291992188,952.866455078125,287.4292907714844,949.937744140625,711.515380859375,485.95184326171875,3438.102783203125,875.8970336914062,421.4584045410156,2065.93798828125,472.27197265625,878.693115234375,650.8384399414062,1402.729736328125,1044.1002197265625,2373.050048828125,494.2230529785156,
2020-11-27,,,,,,261.8969421386719,683.7000122070312,1016.8692626953125,397.4346008300781,1136.4000244140625,399.4987487792969,7.699999809265137,177.1602325439453,62.348175048828125,365.5667419433594,2370.802978515625,850.4130859375,983.5928955078125,311.51690673828125,935.9056396484375,718.1615600585938,485.90435791015625,3497.0810546875,868.3507690429688,425.0220947265625,2072.115966796875,480.84808349609375,873.9139404296875,637.0494995117188,1397.29052734375,1062.5472412109375,2289.199951171875,495.16357421875,
2020-12-01,,,,,,262.7967834472656,717.8800048828125,1067.7008056640625,420.877685546875,1134.699951171875,411.3900146484375,8.210000038146973,176.57083129882812,66.14285278320312,377.54718017578125,2301.873291015625,849.5774536132812,987.42138671875,317.4650573730469,936.1868286132812,727.7935180664062,512.2105712890625,3512.26220703125,885.8775634765625,428.9322509765625,2148.65576171875,476.175537109375,872.691650390625,632.223388671875,1416.3040771484375,1064.069091796875,2426.699951171875,497.37127685546875,
2020-12-02,,,,,,261.2100524902344,753.77001953125,1064.6143798828125,452.6504821777344,1146.0,425.3683776855469,9.029999732971191,180.35275268554688,65.27823638916016,398.431396484375,2274.931884765625,825.9849243164062,996.452880859375,315.7445373535156,940.033935546875,730.4423217773438,517.243896484375,3530.498779296875,890.2592163085938,425.9624938964844,2142.477783203125,472.5315856933594,878.244140625,626.90478515625,1464.8250732421875,1065.9136962890625,2456.0,501.77679443359375,
2020-12-03,,,,,,266.6571960449219,771.030029296875,1117.8089599609375,446.4654846191406,1145.0,423.0386657714844,10.829999923706055,181.58062744140625,66.5271224975586,424.583251953125,2280.928955078125,832.9644165039062,980.4515380859375,314.4664611816406,954.1433715820312,734.1026000976562,520.6627197265625,3581.716552734375,891.3789672851562,429.52618408203125,2159.7861328125,476.7975769042969,909.3591918945312,638.1822509765625,1426.845703125,1087.5428466796875,2470.85009765625,503.6578369140625,
2020-12-04,,,,,,303.91619873046875,771.6799926757812,1173.6558837890625,444.86944580078125,1129.75,440.41448974609375,11.920000076293945,180.89300537109375,68.832763671875,457.6809997558594,2271.4794921875,830.7034912109375,965.6282348632812,326.06781005859375,951.3331298828125,738.725830078125,540.4159545898438,3600.729248046875,908.7596435546875,438.1880187988281,2136.299560546875,477.5714416503906,903.2129516601562,633.5531005859375,1396.1832275390625,1080.994140625,2441.89990234375,507.3010559082031,
2020-12-07,,,,,,327.3204650878906,748.8099975585938,1144.0926513671875,456.4412536621094,1106.25,457.6932373046875,11.359999656677246,180.3036346435547,68.832763671875,474.602783203125,2299.598388671875,836.9456176757812,963.7139282226562,326.4610290527344,974.6971435546875,744.69775390625,552.9993896484375,3606.161865234375,942.01171875,446.057861328125,2307.2763671875,473.0752258300781,903.1631469726562,639.7581176757812,1388.962890625,1084.7296142578125,2526.449951171875,504.4399719238281,
2020-12-08,,,,,,318.9901123046875,737.010009765625,1150.1209716796875,450.804931640625,1098.6500244140625,449.78192138671875,10.479999542236328,178.58457946777344,69.16900634765625,475.90802001953125,2357.7216796875,818.1207885742188,936.472412109375,327.05096435546875,972.0030517578125,737.810791015625,540.0836791992188,3579.43701171875,923.3165283203125,440.95977783203125,2260.891357421875,469.4214172363281,894.9266357421875,641.6786499023438,1409.8057861328125,1102.392822265625,2652.10009765625,506.8654479980469,
2020-12-09,,,,,,313.0398864746094,739.9000244140625,1153.9310302734375,448.0117492675781,1070.0999755859375,450.3158264160156,9.850000381469727,179.46865844726562,70.2737808227539,476.094482421875,2365.34521484375,844.9081420898438,923.8577270507812,322.9216613769531,980.0851440429688,734.3433227539062,540.890869140625,3613.776123046875,925.604736328125,446.40435791015625,2235.39453125,474.5151672363281,899.0423583984375,642.7621459960938,1399.2159423828125,1098.011474609375,2625.300048828125,498.5790710449219,
2020-12-10,,,,,,281.11181640625,732.719970703125,1095.38330078125,446.1662292480469,1036.699951171875,457.2078857421875,9.350000381469727,174.4588623046875,69.79344940185547,476.5140380859375,2413.739501953125,851.9367065429688,896.0762329101562,324.8388366699219,979.3485717773438,734.6803588867188,536.759765625,3620.421142578125,918.3019409179688,449.3741149902344,2206.514404296875,469.6810607910156,900.8583374023438,649.5089111328125,1395.701904296875,1092.7078857421875,2622.050048828125,510.47900390625,
2020-12-11,,,,,,274.9682312011719,731.8200073242188,1086.3162841796875,448.7100524902344,1041.5,452.6455078125,8.890000343322754,175.686767578125,69.93754577636719,473.7637023925781,2520.626953125,846.7759399414062,906.5311279296875,323.41326904296875,972.34228515625,728.0343627929688,539.5139770507812,3532.97265625,914.6992797851562,450.90850830078125,2198.22802734375,474.4858093261719,897.4859008789062,654.4827880859375,1411.875732421875,1081.9163818359375,2685.10009765625,524.339111328125,
2020-12-14,,,,,,286.1913146972656,738.780029296875,1070.546142578125,454.047119140625,1010.7999877929688,453.3250427246094,9.329999923706055,174.50796508789062,70.5619888305664,475.0223388671875,2574.4892578125,867.1243896484375,915.8079223632812,322.8724670410156,973.47607421875,760.2533569335938,547.2537231445312,3491.93994140625,916.6953735351562,449.423583984375,2181.360595703125,479.8537902832031,891.3446655273438,645.8646850585938,1434.2105712890625,1098.7955322265625,2671.949951171875,521.4681396484375,135.0
2020-12-15,,,,,,278.8382568359375,775.7100219726562,1077.0084228515625,461.3293762207031,1013.6500244140625,461.81878662109375,9.609999656677246,175.73587036132812,72.19513702392578,469.56817626953125,2601.909423828125,866.09228515625,905.7457885742188,322.8724670410156,975.1331176757812,752.8848876953125,542.8853149414062,3519.6826171875,919.5678100585938,450.71051025390625,2154.6376953125,501.7813720703125,927.608154296875,641.6294555664062,1401.43017578125,1108.7569580078125,2640.050048828125,511.1521911621094,162.0
2020-12-16,,,,,,275.4324951171875,805.1599731445312,1085.544921875,462.1274719238281,1019.4000244140625,461.6246337890625,9.380000114440918,179.32131958007812,73.15582275390625,464.48699951171875,2661.1904296875,894.7965087890625,922.1888427734375,333.24493408203125,976.6060791015625,757.8453369140625,547.586181640625,3606.5009765625,935.098388671875,455.3631286621094,2153.706298828125,504.1420593261719,923.6919555664062,638.9208374023438,1424.198486328125,1123.0072021484375,2627.050048828125,529.8831787109375,194.39999389648438
2020-12-17,,,,,,275.713134765625,790.3300170898438,1083.9534912109375,458.1870422363281,1041.550048828125,454.05303955078125,9.4399995803833,178.48634338378906,72.24317169189453,460.38470458984375,2737.304443359375,918.9296875,908.34716796875,336.39105224609375,983.1763916015625,754.3778686523438,542.600341796875,3710.10107421875,944.9815673828125,456.2540588378906,2136.15283203125,517.86572265625,927.32373046875,644.6827392578125,1422.465576171875,1123.8834228515625,2556.050048828125,555.3958129882812,175.0
2020-12-18,,,,,,275.64532470703125,755.8300170898438,1117.5677490234375,454.047119140625,1016.1500244140625,449.7333679199219,9.470000267028809,177.356689453125,73.05976104736328,456.7020263671875,2664.732666015625,906.9859619140625,904.3713989257812,347.79583740234375,1013.3914184570312,764.2506713867188,546.0667114257812,3718.055419921875,946.5394287109375,467.1926574707031,2183.419921875,514.515625,919.4913940429688,644.2394409179688,1406.9656982421875,1116.827392578125,2637.050048828125,546.13916015625,157.5
2020-12-21,,,,,,265.7767639160156,753.6599731445312,1031.8199462890625,428.1600036621094,1020.2999877929688,431.2412109375,9.0,161.63967895507812,66.33499145507812,429.6177978515625,2586.892578125,854.7383422851562,858.919677734375,325.9694519042969,982.343017578125,749.850830078125,524.7462158203125,3525.260498046875,907.2017822265625,445.46392822265625,2274.86572265625,493.8811950683594,882.6891479492188,619.71484375,1379.287353515625,1079.0111083984375,2682.39990234375,530.4573364257812,158.3000030517578
2020-12-22,,,,,,270.72076416015625,768.3400268554688,1024.5858154296875,457.688232421875,1029.9000244140625,454.9266662597656,8.960000038146973,162.0325927734375,68.832763671875,443.6028137207031,2496.8984375,867.0753173828125,866.1350708007812,331.77020263671875,1000.4158325195312,765.74365234375,539.7037353515625,3609.45947265625,929.4508666992188,457.4914245605469,2283.201171875,490.89837646484375,891.8785400390625,631.583251953125,1403.4517822265625,1091.0478515625,2625.75,536.2985229492188,173.35000610351562
2020-12-23,,,,,,273.1395568847656,773.4199829101562,1085.0625,462.4766540527344,1044.949951171875,456.9652099609375,9.399999618530273,166.20742797851562,71.23446655273438,441.97125244140625,2524.029052734375,892.3881225585938,887.3883666992188,338.5049133300781,1012.4902954101562,794.302490234375,545.6868286132812,3578.0791015625,938.0194091796875,478.7252502441406,2307.521484375,498.489990234375,899.3017578125,638.8223876953125,1403.8367919921875,1098.8876953125,2661.85009765625,545.654052734375,189.4499969482422
2020-12-24,,,,,,272.6364440917969,765.5399780273438,1081.2525634765625,472.5022888183594,1036.199951171875,464.5367736816406,9.579999923706055,172.83804321289062,71.57069396972656,443.9757385253906,2538.069091796875,892.584716796875,908.34716796875,342.4375305175781,1008.168212890625,802.5377807617188,560.7391967773438,3637.25146484375,950.5316162109375,477.09185791015625,2361.75146484375,507.89373779296875,897.2363891601562,647.3419799804688,1428.7232666015625,1095.7056884765625,2673.10009765625,536.090576171875,180.89999389648438
2020-12-28,,,,,,274.3779602050781,767.5700073242188,1106.4755859375,489.6606140136719,1038.0,469.390380859375,10.050000190734863,183.0541229248047,74.1645278930664,445.8869934082031,2692.541748046875,895.1897583007812,898.77587890625,341.9951171875,1008.168212890625,799.6001586914062,557.4152221679688,3653.16015625,957.883056640625,461.1046447753906,2347.335693359375,509.7745361328125,897.4859008789062,668.4686889648438,1441.816162109375,1123.5145263671875,2678.0,539.6546020507812,178.39999389648438
2020-12-29,,,,,,272.994384765625,757.8499755859375,1089.4029541015625,488.01458740234375,1038.699951171875,469.2447814941406,10.09000015258789,180.20538330078125,73.54009246826172,450.12908935546875,2674.64111328125,905.4131469726562,894.5054931640625,340.225341796875,1001.1522827148438,797.4810791015625,560.8816528320312,3670.814697265625,951.5540161132812,455.85809326171875,2303.157470703125,509.4219055175781,895.590087890625,663.0516357421875,1453.9945068359375,1115.812744140625,2665.699951171875,535.2193603515625,172.89999389648438
2020-12-30,,,,,,277.66748046875,754.2899780273438,1068.1348876953125,482.9768371582031,1052.949951171875,471.18621826171875,10.010000228881836,180.89300537109375,72.81958770751953,447.2388916015625,2667.875732421875,912.09765625,918.0167846679688,344.1581115722656,1002.1891479492188,793.4837036132812,554.6138916015625,3685.849853515625,951.894775390625,454.0762634277344,2305.510986328125,522.5137329101562,894.1583251953125,665.5138549804688,1453.802001953125,1118.3031005859375,2680.300048828125,531.0712280273438,175.60000610351562
2020-12-31,,,,,,278.218994140625,756.4000244140625,1059.6468505859375,478.3879699707031,1052.5999755859375,469.5845642089844,9.960000038146973,180.59832763671875,72.67548370361328,445.0945129394531,2683.861083984375,925.860107421875,909.427001953125,347.2059326171875,1008.807861328125,789.775390625,562.5436401367188,3726.78564453125,951.1646118164062,460.70867919921875,2294.478759765625,518.6984252929688,888.6358032226562,666.3017578125,1464.1510009765625,1116.55078125,2763.60009765625,552.6534423828125,175.5
2021-01-01,,,,,,279.6122131347656,773.4299926757812,1072.5716552734375,489.9598693847656,1065.949951171875,489.0959777832031,10.029999732971191,183.20144653320312,74.30863952636719,447.4719543457031,2718.45556640625,971.0791015625,921.9925537109375,347.4516296386719,1015.8335571289062,796.1807250976562,566.2473754882812,3733.721435546875,974.5822143554688,461.0551452636719,2323.84912109375,517.2241821289062,885.0537719726562,668.1732177734375,1462.562744140625,1119.13330078125,2789.10009765625,552.9801635742188,173.35000610351562
2021-01-04,,,,,,280.78289794921875,791.7100219726562,1144.189208984375,493.3017578125,1082.25,484.2908935546875,10.039999961853027,187.91656494140625,76.13392639160156,456.14263916015625,2748.60986328125,1016.494873046875,982.267578125,353.25244140625,1021.822265625,801.622802734375,573.9873657226562,3746.526123046875,999.9471435546875,462.2925720214844,2400.340087890625,510.95977783203125,887.8775634765625,685.360107421875,1491.6846923828125,1147.541748046875,2898.449951171875,543.9711303710938,171.25
2021-01-05,,,,,,281.9052429199219,801.1799926757812,1132.904052734375,493.20196533203125,1096.449951171875,484.8247985839844,9.960000038146973,189.78294372558594,77.95922088623047,453.62530517578125,2800.097412109375,996.490234375,1054.371826171875,353.4981689453125,1024.66162109375,796.8068237304688,573.0851440429688,3726.979736328125,1012.6053466796875,462.9360046386719,2420.786865234375,501.4384765625,880.10498046875,702.9902954101562,1525.187744140625,1192.2294921875,2991.14990234375,549.58447265625,170.1999969482422
2021-01-06,,,,,,287.0524597167969,788.9099731445312,1156.8248291015625,489.7104797363281,1107.25,482.25238037109375,10.140000343322754,191.9440460205078,79.20811462402344,457.82080078125,2882.787353515625,1015.5609741210938,1198.6787109375,349.7130126953125,1024.9329833984375,794.4468383789062,574.8419799804688,3763.598388671875,974.2900390625,455.1156311035156,2361.849365234375,492.749755859375,876.6627197265625,708.2103271484375,1551.6141357421875,1181.438232421875,2914.949951171875,552.1485595703125,168.1999969482422
2021-01-07,,,,,,288.2134704589844,789.260009765625,1143.4654541015625,516.844482421875,1063.0999755859375,498.8031311035156,10.199999809265137,193.27017211914062,78.63169860839844,464.7201232910156,3123.732421875,1041.5126953125,1149.7420654296875,347.2551574707031,1021.560791015625,796.1325073242188,571.6131591796875,3689.10009765625,995.3707275390625,450.21551513671875,2354.641845703125,497.7161560058594,896.782470703125,693.6827392578125,1512.6240234375,1178.255859375,2921.449951171875,566.6917724609375,165.25
2021-01-08,,,,,,284.74005126953125,793.0999755859375,1161.936767578125,516.7447509765625,1014.9000244140625,501.8608703613281,10.6899995803833,194.64540100097656,79.78453063964844,466.1651611328125,3067.12548828125,1036.7451171875,1124.7091064453125,347.6483459472656,1034.6138916015625,807.83544921875,589.56201171875,3743.518798828125,1011.4857177734375,460.9561462402344,2322.2802734375,497.8141174316406,915.1011962890625,706.1912841796875,1545.308349609375,1183.6517333984375,2967.5,576.7008666992188,166.8000030517578
2021-01-11,,,,,,282.6502380371094,788.510009765625,1146.6490478515625,517.8920288085938,968.2999877929688,493.46417236328125,11.220000267028809,216.74745178222656,80.02469635009766,466.4448547363281,2957.384521484375,1010.6950073242188,1141.98681640625,344.207275390625,1049.8377685546875,825.3174438476562,589.751953125,3707.8701171875,1047.2205810546875,466.4997253417969,2283.642578125,488.23883056640625,896.5928955078125,714.169189453125,1549.68896484375,1171.8455810546875,2984.85009765625,579.4431762695312,150.14999389648438
2021-01-12,,,,,,286.4718933105469,773.030029296875,1130.10693359375,524.1268920898438,924.1500244140625,496.279296875,11.140000343322754,233.59414672851562,82.66655731201172,487.60882568359375,2999.592529296875,1010.7439575195312,1174.77490234375,346.8126220703125,1037.6373291015625,812.1217041015625,578.97314453125,3654.614990234375,1032.42041015625,466.99468994140625,2204.84716796875,493.9154357910156,893.8890380859375,707.5701904296875,1507.5697021484375,1177.5181884765625,2998.199951171875,569.8597412109375,147.89999389648438
2021-01-13,,,,,,282.7373352050781,758.280029296875,1101.218505859375,534.7510375976562,922.1500244140625,520.9354858398438,10.729999542236328,238.3092498779297,82.47442626953125,505.27642822265625,2901.706298828125,1010.055908203125,1137.2255859375,342.2409362792969,1025.262451171875,810.7250366210938,571.992919921875,3607.955810546875,1039.3336181640625,458.1348876953125,2158.413330078125,480.2701416015625,877.39111328125,702.4978637695312,1491.25146484375,1141.3157958984375,2926.10009765625,561.45458984375,144.9499969482422
2021-01-14,,,,,,283.1146545410156,748.5800170898438,1139.897216796875,530.8106689453125,968.25,521.2267456054688,10.789999961853027,240.7650146484375,82.57048797607422,499.6824645996094,2968.2109375,1018.0183715820312,1131.7772216796875,360.6261291503906,1028.9256591796875,809.9544067382812,576.5038452148438,3613.097412109375,1076.723876953125,461.7481384277344,2216.22265625,477.767333984375,872.7714233398438,696.2435913085938,1496.7391357421875,1153.8597412109375,2895.550048828125,551.1585693359375,144.8000030517578
2021-01-15,,,,,,278.8768615722656,730.9500122070312,1108.4530029296875,526.0222778320312,947.75,512.490234375,10.819999694824219,255.69618225097656,82.18621826171875,497.7712097167969,2973.0107421875,1004.8458862304688,1130.3046875,363.82147216796875,1010.30029296875,793.387451171875,573.892333984375,3535.591796875,1064.4066162109375,452.4428405761719,2320.416748046875,478.3795471191406,861.67138671875,694.2244262695312,1493.032958984375,1109.5870361328125,2820.949951171875,541.1494750976562,143.89999389648438
2021-01-18,,,,,,275.4228515625,712.760009765625,1083.3265380859375,506.619384765625,949.75,500.40484619140625,10.710000038146973,241.5999755859375,78.87187194824219,475.90802001953125,3056.47900390625,994.4259033203125,1079.6502685546875,349.8113098144531,979.1547241210938,772.2452392578125,552.1921997070312,3458.4736328125,1035.0491943359375,444.3750305175781,2290.35986328125,462.33917236328125,833.5846557617188,683.48876953125,1466.75048828125,1083.4384765625,2744.89990234375,554.8809204101562,141.60000610351562
2021-01-19,,,,,,279.32196044921875,718.4099731445312,1105.6072998046875,528.8154907226562,992.8499755859375,517.1981811523438,11.0600004196167,254.0753631591797,82.0421142578125,493.0628967285156,3047.50830078125,997.2766723632812,1111.407470703125,357.0867614746094,986.2869873046875,792.183349609375,566.5322875976562,3491.600341796875,1060.560302734375,447.04779052734375,2245.78955078125,485.7801513671875,890.4118041992188,688.0193481445312,1453.7056884765625,1114.0604248046875,2778.39990234375,554.7522583007812,144.75
2021-01-20,,,,,,281.10223388671875,754.3300170898438,1142.742431640625,545.425048828125,1020.1500244140625,542.2427368164062,11.109999656677246,270.0379638671875,81.46571350097656,499.72906494140625,3014.669921875,992.1649169921875,1133.20068359375,365.6403503417969,984.6880493164062,802.1525268554688,564.7754516601562,3497.662841796875,1059.8787841796875,445.26593017578125,2230.540283203125,488.01361083984375,891.818603515625,692.3531494140625,1439.1688232421875,1116.7352294921875,2764.949951171875,556.5540771484375,145.10000610351562
2021-01-21,,,,,,281.45050048828125,746.989990234375,1156.9210205078125,535.5989990234375,1048.800048828125,531.6134033203125,10.75,285.46026611328125,79.73648834228516,492.82977294921875,2929.4755859375,995.9496459960938,1099.038330078125,363.9197998046875,979.1741333007812,782.84033203125,553.569091796875,3496.595947265625,1040.1124267578125,437.4950866699219,2161.943603515625,501.3699035644531,903.2479858398438,689.9400634765625,1408.3134765625,1091.0478515625,2719.14990234375,547.485595703125,141.6999969482422
2021-01-22,,,,,,277.18377685546875,755.5900268554688,1171.437255859375,525.5234985351562,1047.8499755859375,520.1104125976562,10.569999694824219,284.2323913574219,76.27803039550781,484.1591796875,2812.380859375,984.0057983398438,1085.4420166015625,364.3130798339844,976.2088623046875,778.5541381835938,546.256591796875,3438.490966796875,1050.8719482421875,389.78094482421875,2240.2978515625,487.0927429199219,905.063720703125,677.0374755859375,1385.3045654296875,1074.9066162109375,2862.75,543.7532958984375,138.75
2021-01-25,,,,,,275.9840087890625,749.72998046875,1195.2132568359375,512.6547241210938,1031.0999755859375,508.316162109375,10.239999771118164,274.2127685546875,76.13392639160156,472.78472900390625,2743.211669921875,969.4570922851562,1086.276611328125,373.16156005859375,985.0271606445312,806.0053100585938,556.89306640625,3462.111083984375,1053.452392578125,378.84234619140625,2207.44580078125,480.8382568359375,917.8251342773438,670.14306640625,1384.630615234375,1082.4239501953125,2837.0,538.5062255859375,135.1999969482422
2021-01-27,,,,,,278.3060607910156,744.6799926757812,1224.6319580078125,511.5573425292969,1028.550048828125,503.65667724609375,9.920000076293945,262.76885986328125,72.96368408203125,459.4990539550781,2789.061279296875,950.091552734375,1133.544189453125,360.1346130371094,951.4784545898438,811.4955444335938,541.1282348632812,3378.687744140625,1044.1048583984375,373.7441711425781,2142.625,474.59844970703125,910.5614013671875,672.5560302734375,1327.3970947265625,1044.008056640625,2811.75,522.3591918945312,139.9499969482422
2021-01-28,,,,,,281.94390869140625,738.989990234375,1107.29541015625,510.6097106933594,1032.9000244140625,503.8994140625,9.800000190734863,262.0812072753906,74.06846618652344,456.6087951660156,2801.81396484375,956.481201171875,1109.8857421875,352.2691955566406,944.21044921875,810.9176635742188,535.9525146484375,3326.98486328125,1021.7582397460938,376.2685546875,2101.6826171875,471.1944885253906,893.5198364257812,661.6726684570312,1320.1285400390625,1029.0657958984375,2794.449951171875,536.3281860351562,138.9499969482422
2021-01-29,,,,,,281.7601318359375,729.2000122070312,1093.9365234375,505.42230224609375,1004.9000244140625,494.774658203125,10.260000228881836,258.0537109375,72.435302734375,443.1366271972656,2819.35595703125,955.0558471679688,1103.7994384765625,339.5372314453125,892.055908203125,795.5064697265625,556.703125,3268.8798828125,981.10595703125,368.05218505859375,2075.352294921875,463.7791748046875,870.3170776367188,667.72998046875,1266.45703125,1019.980712890625,2651.5,512.8551025390625,137.60000610351562
2021-02-01,,,,,,282.4954528808594,763.030029296875,1101.6524658203125,535.8982543945312,1024.25,526.8568115234375,10.470000267028809,274.6548156738281,76.75836944580078,460.6177978515625,3029.43798828125,973.6349487304688,1148.318603515625,344.207275390625,858.22607421875,776.72412109375,560.4544067382812,3359.820556640625,962.410888671875,375.3775939941406,2037.891357421875,495.52191162109375,969.9977416992188,688.5119018554688,1314.4483642578125,1066.559326171875,2812.0,517.329833984375,136.9499969482422
2021-02-02,,,,,,284.5465393066406,760.3300170898438,1079.5166015625,562.8328857421875,1031.949951171875,534.6710815429688,10.5,316.3049011230469,80.31289672851562,484.4388122558594,3132.4931640625,964.8861083984375,1128.8812255859375,340.7169494628906,868.759765625,791.3646850585938,578.783203125,3442.273681640625,1005.3512573242188,387.5535888671875,2058.779052734375,506.7476806640625,945.5028686523438,670.7832641601562,1336.205810546875,1076.33642578125,2869.10009765625,534.3184814453125,138.9499969482422
2021-02-03,,,,,,284.3240051269531,757.4400024414062,1090.6087646484375,565.2269897460938,1026.699951171875,543.69873046875,10.5,325.145751953125,80.8893051147461,482.5741882324219,3168.94384765625,1031.9774169921875,1166.18505859375,335.9486999511719,901.135986328125,817.9971313476562,597.539306640625,3569.97900390625,1011.5341796875,397.1558532714844,2090.846435546875,513.790771484375,951.4644775390625,678.8103637695312,1382.849609375,1077.8121337890625,2877.0,523.8738403320312,141.8000030517578
2021-02-04,,,,,,293.9120788574219,759.010009765625,1089.8853759765625,588.2710571289062,1078.0,551.7557983398438,10.649999618530273,320.38153076171875,86.07697296142578,493.85546875,3209.44580078125,1008.8271484375,1197.64794921875,340.7662353515625,904.7021484375,803.7418212890625,599.7237548828125,3568.669677734375,1023.6570434570312,405.76812744140625,2095.5048828125,539.23486328125,967.8775024414062,670.14306640625,1415.4375,1092.7078857421875,2959.85009765625,559.3953857421875,147.89999389648438
2021-02-05,,,,,,300.8975524902344,834.9099731445312,1116.844482421875,593.9073486328125,1077.1500244140625,550.3482666015625,10.460000038146973,310.31280517578125,84.01150512695312,489.4734191894531,3254.9365234375,995.4580078125,1189.107421875,335.9978332519531,930.4693603515625,816.5042114257812,602.8101196289062,3707.91845703125,1041.7191162109375,403.0953674316406,2249.319580078125,542.5360107421875,970.0376586914062,671.2756958007812,1413.0308837890625,1073.7076416015625,2946.050048828125,544.55517578125,146.0
2021-02-08,,,,,,313.2237548828125,857.2100219726562,1151.4716796875,626.7775268554688,1063.449951171875,565.0060424804688,10.609999656677246,330.0081787109375,86.46124267578125,499.4959716796875,3449.901123046875,1010.9898071289062,1242.4124755859375,351.6484680175781,941.884765625,816.0707397460938,602.7151489257812,3668.53515625,1044.396728515625,404.877197265625,2277.611572265625,538.5345458984375,999.8555908203125,673.7379760742188,1418.0850830078125,1085.19091796875,2984.39990234375,556.4451904296875,150.6999969482422
2021-02-09,,,,,,317.6839599609375,841.75,1181.3724365234375,628.32373046875,1086.050048828125,564.908935546875,10.539999961853027,319.30096435546875,83.72332000732422,533.246337890625,3539.835205078125,1020.6233520507812,1413.666259765625,355.0444030761719,938.8419189453125,810.7731323242188,597.3982543945312,3611.20556640625,1030.4727783203125,400.71954345703125,2224.411376953125,528.99365234375,991.9332885742188,694.2737426757812,1456.401611328125,1094.4605712890625,2925.0,554.8018188476562,154.10000610351562
2021-02-10,,,,,,313.1656494140625,925.9199829101562,1226.0303955078125,649.1232299804688,1080.449951171875,559.9583129882812,10.420000076293945,323.0828857421875,84.63595581054688,523.083984375,3737.54443359375,1053.161376953125,1438.45361328125,353.66632080078125,934.9560546875,831.6264038085938,600.7512817382812,3637.978759765625,1040.98876953125,404.0357666015625,2253.4873046875,536.3991088867188,1020.4991455078125,708.2103271484375,1445.041015625,1169.447509765625,2967.699951171875,550.643798828125,152.4499969482422
2021-02-11,,,,,,313.2817687988281,1018.510009765625,1471.217529296875,657.0040893554688,1074.5999755859375,574.51904296875,10.760000228881836,319.2518615722656,84.3477554321289,524.9951782226562,3879.425048828125,1110.2750244140625,1609.412841796875,361.59014892578125,935.14990234375,828.158935546875,616.60595703125,3641.3740234375,1032.2742919921875,402.3034362792969,2239.660400390625,545.3278198242188,1019.37158203125,703.4334716796875,1441.9605712890625,1177.149169921875,2951.89990234375,553.0296630859375,151.0500030517578
2021-02-12,,,,,,335.1282958984375,1069.4300537109375,1538.01220703125,717.2078857421875,1068.949951171875,598.5443115234375,11.449999809265137,319.644775390625,83.86740112304688,522.99072265625,3726.49853515625,1091.7943115234375,1613.5850830078125,369.75994873046875,928.7444458007812,817.322998046875,600.7991333007812,3607.955810546875,1025.312255859375,403.9367980957031,2145.6650390625,546.3465576171875,1025.57275390625,700.2325439453125,1439.1688232421875,1212.8902587890625,2928.89990234375,552.2871704101562,149.5500030517578
2021-02-15,,,,,,331.49041748046875,1030.2900390625,1728.9434814453125,761.60009765625,1062.8499755859375,609.3677978515625,11.380000114440918,327.4541931152344,83.29100036621094,530.169677734375,3708.427978515625,1158.787353515625,1577.4593505859375,362.9189453125,912.82275390625,813.2293090820312,601.1344604492188,3599.8564453125,1030.7164306640625,403.83782958984375,2126.0029296875,566.1728515625,1051.4046630859375,684.7692260742188,1441.8642578125,1218.6087646484375,3044.550048828125,568.2957153320312,146.0
2021-02-16,,,,,,323.9534606933594,1037.8800048828125,1762.798828125,778.3094482421875,1078.300048828125,617.91015625,11.039999961853027,323.3775939941406,86.701416015625,544.2012329101562,3716.00146484375,1252.1744384765625,1533.4310302734375,366.85626220703125,910.2548217773438,817.1301879882812,604.6311645507812,3576.0419921875,1067.96044921875,413.19256591796875,2163.169677734375,564.2531127929688,1043.7119140625,684.8676147460938,1448.7958984375,1213.1668701171875,3130.85009765625,570.5726318359375,143.85000610351562
2021-02-17,,,,,,328.6943054199219,1074.0999755859375,1853.9964599609375,783.5467529296875,1104.25,636.5479125976562,10.850000381469727,324.310791015625,87.51800537109375,541.0779418945312,3829.84326171875,1278.9620361328125,1491.513427734375,361.0487365722656,891.6390991210938,804.94580078125,595.147216796875,3506.926513671875,1035.438720703125,414.4794616699219,2313.356201171875,558.8556518554688,1016.2786865234375,692.5007934570312,1442.0084228515625,1220.6839599609375,3190.25,570.6023559570312,143.10000610351562
2021-02-18,,,,,,329.187744140625,1072.8699951171875,1767.766357421875,806.2416381835938,1109.5,644.6048583984375,11.140000343322754,318.1221923828125,89.43936157226562,551.1004638671875,3983.198974609375,1291.4462890625,1616.9227294921875,363.4602966308594,894.8176879882812,795.072998046875,590.16552734375,3480.153564453125,1021.6118774414062,415.8653259277344,2404.40966796875,544.9653930664062,1017.6056518554688,702.6948852539062,1442.345703125,1192.8291015625,3127.75,574.700927734375,144.4499969482422
2021-02-19,,,,,,324.19537353515625,1055.969970703125,1794.1944580078125,780.00537109375,1117.699951171875,634.36376953125,11.170000076293945,306.3344421386719,87.51800537109375,576.7395629882812,3887.3779296875,1258.318359375,1576.6739501953125,359.6214599609375,907.3185424804688,777.6390380859375,581.7831420898438,3417.635009765625,994.8353271484375,399.9276123046875,2372.244384765625,538.5589599609375,1022.7440795898438,699.9370727539062,1438.0614013671875,1196.2879638671875,3101.64990234375,584.3535766601562,143.25
2021-02-22,,,,,,312.67230224609375,1086.030029296875,1686.7928466796875,803.9472045898438,1141.449951171875,654.0693969726562,11.100000381469727,299.1144104003906,86.55731201171875,594.0343017578125,3734.930419921875,1244.310302734375,1572.79638671875,352.4851989746094,866.1917114257812,763.2874755859375,570.2874145507812,3391.88037109375,969.3241577148438,393.6416320800781,2343.315185546875,526.696533203125,997.815185546875,680.189208984375,1411.4903564453125,1191.122802734375,2992.60009765625,616.5982666015625,141.25
2021-02-23,,,,,,315.9714660644531,1065.5400390625,1691.5673828125,797.7123413085938,1196.199951171875,642.6149291992188,11.0600004196167,318.26953125,88.4306411743164,609.7440795898438,3840.500244140625,1264.7081298828125,1616.28466796875,356.0779724121094,871.2114868164062,761.8425903320312,578.6697998046875,3344.930908203125,983.9296875,381.465576171875,2334.9306640625,527.3674926757812,998.6183471679688,695.0617065429688,1443.548828125,1186.5572509765625,3151.949951171875,634.3490600585938,141.5
2021-02-24,,,,,,324.2050476074219,1051.469970703125,1604.6619873046875,803.2488403320312,1169.3499755859375,645.7212524414062,11.050000190734863,315.96112060546875,90.35201263427734,626.8056640625,3962.7041015625,1296.2630615234375,1634.7894287109375,354.6014709472656,859.6603393554688,760.0125732421875,576.1788940429688,3375.777587890625,981.7875366210938,385.5737609863281,2329.19384765625,544.9213256835938,1017.6705322265625,707.964111328125,1430.7928466796875,1193.0596923828125,3139.699951171875,608.1138305664062,142.14999389648438
2021-02-25,,,,,,334.1705017089844,1039.239990234375,1620.191162109375,841.4560546875,1128.550048828125,683.6763305664062,11.300000190734863,327.2577209472656,92.22532653808594,683.0252075195312,4037.5107421875,1372.2015380859375,1655.5028076171875,351.7469177246094,868.3042602539062,779.3729248046875,583.9386596679688,3336.976318359375,997.658935546875,393.79010009765625,2364.938720703125,541.693603515625,1024.140869140625,722.4425659179688,1427.086669921875,1225.9415283203125,3089.199951171875,605.1437377929688,144.25
2021-02-26,,,,,,340.4980163574219,1039.8800048828125,1598.3924560546875,831.6299438476562,1159.8499755859375,656.1079711914062,11.039999961853027,317.2381591796875,91.40875244140625,689.458251953125,3961.147216796875,1345.4141845703125,1599.3017578125,344.6598205566406,857.9159545898438,758.086181640625,569.6168212890625,3262.33203125,991.5732421875,386.2667236328125,2355.180908203125,515.7303466796875,962.6941528320312,690.0877685546875,1372.8372802734375,1198.7783203125,2994.199951171875,592.996337890625,141.5
2021-03-01,,,,,,375.0964050292969,1070.0999755859375,1647.5838623046875,849.4367065429688,1141.0,672.610107421875,11.149999618530273,322.4934997558594,94.05062866210938,693.1410522460938,3888.226318359375,1537.2020263671875,1654.4229736328125,357.99737548828125,863.1197509765625,760.7349243164062,579.0530395507812,3357.83203125,996.2471313476562,391.6617736816406,2313.06201171875,515.9163818359375,975.2109985351562,694.6184692382812,1373.8961181640625,1200.991943359375,2908.449951171875,601.4114379882812,141.4499969482422
2021-03-02,,,,,,367.2014465332031,1123.5999755859375,1685.153076171875,870.4356689453125,1164.8499755859375,699.4019165039062,12.260000228881836,339.6348571777344,96.40428924560547,684.004150390625,3764.67529296875,1580.55322265625,1833.0885009765625,356.37322998046875,853.6812744140625,781.9253540039062,588.393310546875,3411.5234375,1026.8702392578125,393.9880676269531,2304.38330078125,520.7652587890625,985.48291015625,709.9340209960938,1377.8433837890625,1209.108642578125,3073.5,618.0634765625,141.1999969482422
2021-03-03,,,,,,364.9664611816406,1143.6300048828125,1690.988525390625,913.1319580078125,1176.300048828125,708.4780883789062,12.979999542236328,342.3362121582031,101.11162567138672,723.907958984375,3846.995849609375,1574.9500732421875,1809.2828369140625,359.0308837890625,872.645751953125,782.5995483398438,598.1167602539062,3458.327880859375,1033.0531005859375,398.6407165527344,2389.60205078125,542.9620971679688,1037.2265625,716.5330200195312,1441.0941162109375,1216.118408203125,3167.699951171875,622.1322631835938,147.8000030517578
2021-03-04,,,,,,379.4792175292969,1200.81005859375,1655.010986328125,916.1746215820312,1184.6500244140625,730.416259765625,14.270000457763672,333.2007141113281,105.00238800048828,720.0387573242188,3903.61279296875,1585.0260009765625,1727.01806640625,362.9681701660156,886.697021484375,777.0612182617188,592.9437866210938,3446.978515625,1020.8331909179688,395.720458984375,2618.142822265625,537.3787841796875,1010.7211303710938,709.6385498046875,1416.4486083984375,1212.65966796875,3178.699951171875,619.1821899414062,148.14999389648438
2021-03-05,,,,,,375.560791015625,1175.1400146484375,1635.0931396484375,907.6951293945312,1172.75,727.018798828125,14.869999885559082,319.399169921875,103.1290512084961,697.8958740234375,3817.859619140625,1554.94580078125,1760.7386474609375,345.5456848144531,870.6978759765625,775.5200805664062,585.519287109375,3392.122802734375,1006.08154296875,390.62237548828125,2500.2685546875,533.3623657226562,993.57470703125,706.4375,1439.794677734375,1189.693115234375,3286.10009765625,608.4702758789062,143.89999389648438
2021-03-08,,,,,,389.99615478515625,1170.8800048828125,1604.7099609375,907.994384765625,1171.5999755859375,726.4849243164062,15.609999656677246,315.5682067871094,104.76221466064453,716.4959106445312,3792.944091796875,1539.856201171875,1753.916015625,337.5234680175781,870.6494750976562,779.4691772460938,588.9680786132812,3402.59912109375,1022.8292236328125,389.3849792480469,2514.92919921875,521.19140625,981.7013549804688,712.0515747070312,1426.2681884765625,1161.6536865234375,3191.14990234375,595.5902099609375,143.5
2021-03-09,,,,,,392.173095703125,1155.949951171875,1558.653076171875,903.0065307617188,1166.199951171875,728.76611328125,16.3700008392334,309.6252136230469,102.79281616210938,711.1815795898438,3893.7841796875,1511.15185546875,1707.0899658203125,341.3131103515625,862.1314697265625,767.6699829101562,586.860595703125,3398.234375,1004.7183227539062,385.0788269042969,2456.58056640625,530.4384155273438,994.6771850585938,729.0415649414062,1413.511962890625,1163.6368408203125,3151.85009765625,592.491455078125,139.9499969482422
2021-03-10,,,,,,390.58636474609375,1167.5,1542.6419677734375,895.9736938476562,1185.6500244140625,723.5242309570312,15.5600004196167,315.7646789550781,103.1290512084961,715.097412109375,4012.006591796875,1572.1485595703125,1717.83935546875,359.2769775390625,872.22900390625,782.5033569335938,599.6974487304688,3422.38818359375,1029.9373779296875,398.4922180175781,2442.7041015625,543.1729125976562,996.9022216796875,720.3248901367188,1416.2557373046875,1203.5745849609375,3155.199951171875,594.322998046875,140.14999389648438
2021-03-12,,,,,,384.5587158203125,1162.9200439453125,1584.358154296875,891.9334106445312,1160.5999755859375,706.8278198242188,15.109999656677246,311.9336242675781,108.79706573486328,730.80712890625,4120.3505859375,1547.2286376953125,1740.2216796875,357.4559020996094,857.9063110351562,776.2906494140625,587.8184814453125,3406.819091796875,1021.9041748046875,396.1659240722656,2425.150390625,544.4266357421875,991.1800537109375,700.0847778320312,1416.352294921875,1178.993896484375,3129.35009765625,588.432373046875,141.0500030517578
2021-03-15,,,,,,376.7605285644531,1175.68994140625,1560.6304931640625,894.0284423828125,1193.0999755859375,697.9942626953125,15.859999656677246,312.91595458984375,107.16392517089844,729.3154296875,4168.34521484375,1526.781982421875,1719.50830078125,351.3039855957031,841.5777587890625,775.857177734375,580.058837890625,3308.796630859375,1034.75732421875,391.7607727050781,2492.71728515625,532.7894897460938,966.7301025390625,693.5350341796875,1410.2869873046875,1164.6973876953125,3108.75,586.6602783203125,138.1999969482422
2021-03-16,,,,,,368.4398498535156,1189.949951171875,1545.4390869140625,895.62451171875,1219.800048828125,696.3441162109375,16.6200008392334,314.29119873046875,105.38664245605469,724.607177734375,4135.91650390625,1544.2305908203125,1684.9532470703125,355.33966064453125,862.4027709960938,763.1428833007812,576.9932861328125,3277.02783203125,1025.9451904296875,387.7516174316406,2664.429443359375,534.44482421875,959.172119140625,692.4515380859375,1437.3878173828125,1174.5205078125,3071.0,583.640869140625,138.25
2021-03-17,,,,,,352.949951171875,1163.0400390625,1528.99365234375,871.7824096679688,1164.300048828125,668.0962524414062,17.440000534057617,300.39141845703125,99.23829650878906,683.4447631835938,4006.259033203125,1497.5369873046875,1685.3458251953125,343.7247314453125,844.2135620117188,743.7344970703125,560.1806640625,3277.07666015625,994.0562744140625,384.286865234375,2483.8916015625,525.0263061523438,950.3718872070312,679.4012451171875,1420.10693359375,1179.6856689453125,3014.85009765625,568.2263793945312,136.0500030517578
2021-03-18,,,,,,341.8525390625,1118.1600341796875,1517.6119384765625,868.9393310546875,1135.8499755859375,659.748046875,17.850000381469727,301.5702209472656,96.596435546875,666.7560424804688,4231.07861328125,1459.1500244140625,1609.8546142578125,337.91717529296875,816.4790649414062,727.360107421875,550.4093017578125,3174.834716796875,973.5597534179688,385.227294921875,2419.36474609375,526.206787109375,940.898193359375,670.5862426757812,1388.3955078125,1144.682373046875,3034.60009765625,552.623779296875,137.0
2021-03-19,,,,,,359.03564453125,1069.5,1510.13671875,887.4943237304688,1192.5999755859375,666.1547241210938,18.440000534057617,303.4857482910156,100.05488586425781,701.1590576171875,4257.970703125,1488.9354248046875,1657.711669921875,354.4538269042969,828.4373779296875,732.6576538085938,554.001708984375,3269.31640625,978.6716918945312,391.7112731933594,2504.926513671875,534.180419921875,941.9458618164062,678.0717163085938,1386.8026123046875,1134.905517578125,2960.300048828125,567.8797607421875,136.39999389648438
2021-03-22,,,,,,355.6686096191406,1059.81005859375,1495.090087890625,988.6484985351562,1252.199951171875,700.7609252929688,19.360000610351562,297.6900329589844,100.63128662109375,712.0673217773438,4044.834716796875,1504.516357421875,1660.803955078125,355.7334289550781,843.84521484375,744.4087524414062,566.168212890625,3303.89794921875,988.9929809570312,398.1952819824219,2438.879638671875,527.9210205078125,938.4736938476562,669.6013793945312,1384.8719482421875,1142.14599609375,2880.10009765625,570.1073608398438,137.39999389648438
2021-03-23,,,,,,356.46209716796875,1112.800048828125,1473.0499267578125,1055.8353271484375,1313.6500244140625,716.92333984375,20.31999969482422,301.963134765625,100.43914794921875,714.3049926757812,3860.436767578125,1553.3726806640625,1740.2216796875,355.5365905761719,847.3920288085938,747.5391235351562,563.1504516601562,3391.20166015625,988.1653442382812,396.7103576660156,2445.40087890625,526.8875122070312,938.4088134765625,673.2455444335938,1388.2989501953125,1141.8692626953125,2933.64990234375,580.4924926757812,137.6999969482422
2021-03-24,,,,,,340.67218017578125,1073.43994140625,1435.9154052734375,1022.9651489257812,1291.3499755859375,686.1515502929688,20.8700008392334,289.2421875,97.2688980102539,687.7335815429688,3668.405029296875,1512.380615234375,1686.3765869140625,350.56573486328125,843.1766357421875,763.76904296875,560.7074584960938,3376.8447265625,985.77978515625,398.0467834472656,2439.713134765625,516.2593383789062,918.1394653320312,666.3017578125,1354.222412109375,1124.5751953125,2855.60009765625,567.8797607421875,135.1999969482422
2021-03-25,,,,,,333.1836242675781,1029.030029296875,1364.8284912109375,979.1715698242188,1226.800048828125,668.0962524414062,19.829999923706055,280.4996032714844,94.7711410522461,681.5801391601562,3585.48583984375,1508.1044921875,1633.7586669921875,342.1006164550781,849.0006713867188,758.27880859375,551.5588989257812,3346.82177734375,966.1596069335938,394.4830627441406,2403.183837890625,501.75189208984375,903.7218627929688,656.9450073242188,1340.1287841796875,1094.87548828125,2796.0,559.2864379882812,135.5500030517578
2021-03-26,,,,,,338.1275939941406,1036.77001953125,1399.5035400390625,985.9051513671875,1212.3499755859375,682.462890625,18.84000015258789,291.15771484375,99.38240051269531,693.7936401367188,3616.7177734375,1534.4986572265625,1664.337890625,349.8274841308594,853.9331665039062,758.4713745117188,562.52783203125,3361.13037109375,953.2092895507812,391.2658386230469,2365.968017578125,507.7125549316406,944.619873046875,661.57421875,1351.4715576171875,1139.8402099609375,2855.199951171875,570.404296875,129.89999389648438
2021-03-30,,,,,,339.6465759277344,1057.469970703125,1374.0877685546875,1029.0504150390625,1157.6500244140625,689.7431640625,17.899999618530273,291.7961730957031,99.52649688720703,701.3455810546875,3627.64404296875,1598.4932861328125,1709.00439453125,354.650634765625,875.6788940429688,782.310546875,572.586669921875,3476.855712890625,979.45068359375,404.3327331542969,2449.078369140625,508.7411804199219,948.10205078125,677.3822021484375,1383.279296875,1116.0897216796875,2837.550048828125,585.2347412109375,130.6999969482422
2021-03-31,,,,,,339.9852294921875,1091.56005859375,1359.812744140625,1028.6513671875,1104.8499755859375,681.8319091796875,17.010000228881836,296.4621887207031,99.19026947021484,700.926025390625,3664.164306640625,1628.3773193359375,1727.0672607421875,356.32403564453125,875.25244140625,785.1038208007812,572.6824340820312,3514.250732421875,993.6181030273438,404.7782287597656,2430.34814453125,504.4604187011719,964.6895751953125,685.7048950195312,1383.5203857421875,1112.2618408203125,2859.050048828125,576.3740234375,128.5500030517578
2021-04-01,,,,,,338.9693908691406,1120.4599609375,1417.5888671875,1104.516845703125,1160.050048828125,714.690673828125,17.860000610351562,302.3069763183594,100.91949462890625,726.3786010742188,3580.24755859375,1618.79296875,1754.4068603515625,359.572265625,889.1390991210938,788.1861572265625,585.0882568359375,3507.751220703125,999.995849609375,406.41156005859375,2420.149169921875,516.4406127929688,976.7525024414062,680.5831909179688,1387.7679443359375,1120.0557861328125,2912.699951171875,584.254638671875,131.10000610351562
2021-04-05,,,,,,329.4683532714844,1085.9599609375,1465.2852783203125,1135.491943359375,1164.199951171875,720.5150146484375,18.75,299.6546936035156,99.28633117675781,710.20263671875,3489.29541015625,1589.6954345703125,1719.7535400390625,367.8897705078125,883.1212768554688,789.5828247070312,583.2202758789062,3502.8525390625,1001.8945922851562,402.3529357910156,2453.09912109375,486.10833740234375,946.03662109375,671.8666381835938,1361.752197265625,1092.2469482421875,2846.949951171875,561.7318725585938,127.25
2021-04-06,,,,,,326.73992919921875,1092.7900390625,1592.1708984375,1222.4306640625,1194.449951171875,811.0828857421875,19.68000030517578,302.3069763183594,100.583251953125,754.3485107421875,3475.126220703125,1629.016357421875,1764.66552734375,390.3815002441406,895.263427734375,805.3792724609375,594.3807373046875,3577.59375,1014.504150390625,410.07427978515625,2430.249755859375,489.1058044433594,949.8131103515625,686.6405639648438,1377.4871826171875,1110.7860107421875,2843.64990234375,553.7919921875,131.0
2021-04-07,,,,,,330.69708251953125,1137.1600341796875,1614.8380126953125,1162.725830078125,1196.199951171875,790.8920288085938,19.989999771118164,302.3560791015625,100.34307861328125,757.0523071289062,3606.041015625,1669.12353515625,1890.1240234375,414.054443359375,909.4892578125,809.90625,594.9553833007812,3588.11865234375,1007.0065307617188,410.02484130859375,2455.648681640625,497.3341064453125,951.8186645507812,689.2998046875,1399.2554931640625,1112.03125,2890.64990234375,567.5531005859375,132.0
2021-04-08,,,,,,334.06402587890625,1116.3499755859375,1645.2691650390625,1159.6829833984375,1165.5,798.9004516601562,19.479999542236328,308.3973083496094,100.82341766357422,763.9981689453125,3726.37890625,1683.033203125,1934.201416015625,414.1036376953125,908.7915649414062,811.0139770507812,588.4412841796875,3603.833251953125,1021.70947265625,409.0843505859375,2462.169921875,492.6714172363281,963.312744140625,690.8756713867188,1380.9140625,1140.947021484375,2936.5,567.9689331054688,137.75
2021-04-09,,,,,,334.93475341796875,1107.8599853515625,1639.771484375,1198.48876953125,1142.75,799.4827880859375,19.530000686645508,312.5721435546875,100.00684356689453,750.759033203125,3750.476318359375,1652.7071533203125,1961.4429931640625,414.79266357421875,922.6005859375,850.5533447265625,609.995849609375,3639.9189453125,1051.066650390625,416.0632629394531,2481.587158203125,477.27264404296875,960.7435913085938,684.3751831054688,1370.3919677734375,1138.04150390625,2947.75,570.5132446289062,138.85000610351562
2021-04-12,,,,,,306.1221923828125,1047.6700439453125,1484.4801025390625,1071.7965087890625,1085.6500244140625,722.8447265625,18.559999465942383,281.4819030761719,88.57473754882812,699.5274658203125,3549.813720703125,1555.9285888671875,1820.0321044921875,409.9695129394531,968.466064453125,869.1912231445312,593.326904296875,3666.40087890625,1017.6685791015625,400.2245788574219,2532.1396484375,441.8810119628906,914.2581787109375,676.9390258789062,1304.2183837890625,1069.879638671875,2814.89990234375,540.4268188476562,132.5500030517578
2021-04-13,,,,,,311.8594970703125,1090.02001953125,1487.1324462890625,1103.669189453125,1116.050048828125,709.6429443359375,18.1200008392334,297.4936218261719,92.08123779296875,707.7786254882812,3513.1435546875,1560.155517578125,1833.7265625,432.9041748046875,925.8953247070312,852.6241455078125,600.9907836914062,3607.03466796875,1008.75927734375,402.847900390625,2483.8427734375,463.2110290527344,978.4686279296875,695.4556274414062,1316.71923828125,1082.2393798828125,2832.699951171875,547.010498046875,132.14999389648438
2021-04-15,,,,,,311.1725769042969,1080.06005859375,1445.6571044921875,1127.2119140625,1122.699951171875,728.3777465820312,18.149999618530273,298.13214111328125,90.44806671142578,698.268798828125,3489.495361328125,1580.84814453125,1827.2965087890625,429.6559143066406,939.1229858398438,880.5570068359375,606.6428833007812,3670.03857421875,1022.4398193359375,400.5215759277344,2432.8486328125,456.50592041015625,971.7837524414062,683.9813232421875,1338.535888671875,1063.515625,2928.89990234375,548.72314453125,130.1999969482422
2021-04-16,,,,,,314.9168701171875,1080.8599853515625,1445.3193359375,1156.1915283203125,1108.5999755859375,733.3770141601562,18.350000381469727,304.51715087890625,93.33010864257812,702.1378784179688,3728.224853515625,1560.9910888671875,1809.1844482421875,439.49908447265625,948.3678588867188,903.529296875,618.905029296875,3707.336669921875,1028.0872802734375,408.6883850097656,2576.366943359375,452.2252502441406,980.2695922851562,680.2385864257812,1368.027099609375,1077.39697265625,2919.89990234375,558.4945068359375,131.35000610351562
2021-04-19,,,,,,312.0627136230469,1060.1600341796875,1404.5191650390625,1133.596435546875,1056.3499755859375,699.8387451171875,17.489999771118164,296.0692443847656,90.11184692382812,682.6522827148438,3822.12060546875,1532.3851318359375,1824.64599609375,433.5439758300781,962.8745727539062,911.4757080078125,613.73193359375,3693.028564453125,1036.6558837890625,402.25390625,2706.744384765625,438.80517578125,944.8643188476562,655.910888671875,1313.5333251953125,1054.0155029296875,2850.75,550.5150146484375,128.1999969482422
2021-04-20,,,,,,317.35504150390625,1068.75,1436.5423583984375,1139.98095703125,1043.949951171875,699.3533935546875,17.43000030517578,292.77850341796875,89.91969299316406,675.5665893554688,3926.193603515625,1533.3682861328125,1814.780029296875,436.3000793457031,999.4371337890625,914.365234375,618.0429077148438,3666.44921875,1061.1446533203125,397.1063537597656,2592.106201171875,451.9362487792969,979.73583984375,674.8706665039062,1350.505615234375,1053.277587890625,2778.25,560.3755493164062,130.75
2021-04-22,,,,,,323.7406311035156,1065.050048828125,1489.2061767578125,1154.99462890625,1030.449951171875,716.1953125,17.440000534057617,289.34039306640625,90.54414367675781,684.7500610351562,3931.7314453125,1571.4111328125,1848.8935546875,446.6354064941406,1007.7904052734375,909.597412109375,613.0614624023438,3642.73193359375,1032.8583984375,395.3244934082031,2609.07177734375,459.287841796875,983.173095703125,668.8133544921875,1332.2130126953125,1076.7474365234375,2717.60009765625,569.523193359375,132.0
2021-04-23,,,,,,331.277587890625,1075.56005859375,1473.3875732421875,1154.7950439453125,1052.4000244140625,704.1098022460938,17.559999465942383,288.8001403808594,91.88909149169922,677.01171875,3887.078857421875,1600.213623046875,1903.867431640625,456.08489990234375,981.9844360351562,901.1694946289062,611.1454467773438,3666.49755859375,1047.9508056640625,393.5921325683594,2606.816162109375,457.2405700683594,989.43896484375,676.0032958984375,1333.322998046875,1127.348388671875,2713.699951171875,563.24658203125,130.4499969482422
2021-04-26,,,,,,334.9251403808594,1126.010009765625,1495.04150390625,1170.5067138671875,1049.25,709.3517456054688,17.549999237060547,290.1753845214844,92.51353454589844,684.004150390625,3886.7294921875,1609.6998291015625,2038.553955078125,458.447265625,981.9844360351562,872.0809326171875,608.0319213867188,3670.9599609375,1034.6112060546875,391.5132751464844,2600.00048828125,463.9750671386719,997.9298706054688,693.8305053710938,1401.282470703125,1102.8458251953125,2808.25,571.404296875,130.10000610351562
2021-04-27,,,,,,346.99005126953125,1132.280029296875,1519.4927978515625,1188.2637939453125,1054.5999755859375,727.212890625,18.0,296.16748046875,94.14669799804688,708.2913818359375,4024.92822265625,1752.287353515625,2433.6796875,459.9237060546875,980.15283203125,878.8232421875,612.390869140625,3791.82666015625,1038.506103515625,394.0870666503906,2598.77490234375,476.5625,1006.8698120117188,668.5178833007812,1389.7950439453125,1104.2540283203125,2826.949951171875,584.3040771484375,131.1999969482422
2021-04-28,,,,,,347.5028381347656,1106.3499755859375,1561.643310546875,1182.3280029296875,1054.699951171875,724.3978271484375,18.899999618530273,300.4896545410156,94.0986557006836,712.9064331054688,4163.77587890625,1750.2230224609375,2379.687255859375,467.2569274902344,977.672119140625,876.7042236328125,616.366455078125,3766.266357421875,1027.0162353515625,386.9101867675781,2617.946533203125,517.297607421875,1046.5755615234375,662.4605712890625,1375.5081787109375,1105.7559814453125,2936.800048828125,574.5623779296875,131.75
2021-04-29,,,,,,346.86431884765625,1109.5699462890625,1553.541015625,1179.4351806640625,1055.75,724.8831787109375,19.399999618530273,296.5604248046875,93.81045532226562,711.6011962890625,4226.14013671875,1756.9075927734375,2489.536865234375,450.917236328125,988.8840942382812,873.1403198242188,617.4202270507812,3793.669921875,1027.7464599609375,389.9294128417969,2599.755615234375,537.27587890625,1115.146240234375,664.479736328125,1368.7027587890625,1094.8660888671875,2906.35009765625,581.7597045898438,131.1999969482422
2021-04-30,,,,,,346.6417541503906,1104.5899658203125,1581.271728515625,1155.892333984375,1018.9500122070312,708.6722412109375,18.950000762939453,288.6528015136719,94.96326446533203,738.8252563476562,4192.6630859375,1833.9273681640625,2542.596923828125,445.651123046875,1000.6677856445312,876.8486328125,626.9520874023438,3940.63037109375,1041.37841796875,375.82305908203125,2727.73046875,534.0481567382812,1101.6864013671875,655.0736694335938,1364.9859619140625,1086.557861328125,2852.89990234375,572.5625610351562,129.85000610351562
2021-05-03,,,,,,341.6396484375,1105.0,1551.4676513671875,1252.5078125,1036.5,739.1041870117188,19.110000610351562,287.8178405761719,95.92394256591797,730.154541015625,4241.7060546875,1871.7738037109375,2553.149658203125,469.76702880859375,1005.0963134765625,876.7042236328125,631.5025024414062,3951.931396484375,1044.6402587890625,374.6846618652344,2690.61279296875,543.7703247070312,1101.69140625,661.771240234375,1385.8372802734375,1088.717041015625,2898.64990234375,572.01806640625,129.14999389648438
2021-05-04,,,,,,342.5394592285156,1095.1300048828125,1518.4320068359375,1259.4407958984375,1045.0999755859375,746.2389526367188,19.139999389648438,284.33062744140625,97.07676696777344,660.6027221679688,4125.109375,1832.10888671875,2453.55859375,483.3013916015625,982.0910034179688,846.1226196289062,618.0429077148438,3865.937744140625,1030.132080078125,369.4380798339844,2597.205810546875,550.0982666015625,1096.1788330078125,657.7821655273438,1393.173828125,1078.8597412109375,2858.39990234375,550.4952392578125,129.0
2021-05-05,,,,,,333.5319519042969,1100.0,1531.2120361328125,1264.4285888671875,1064.550048828125,716.4865112304688,19.40999984741211,286.3443603515625,97.98941802978516,651.3726196289062,4109.24462890625,1871.675537109375,2354.654296875,483.8919372558594,1000.2510375976562,855.947265625,654.685791015625,3914.5361328125,1168.9339599609375,377.4564208984375,2558.813232421875,540.2439575195312,1108.9500732421875,664.2335205078125,1401.379150390625,1080.3148193359375,2874.39990234375,553.7721557617188,126.5999984741211
2021-05-06,,,,,,333.8318176269531,1055.1300048828125,1546.0177001953125,1283.6319580078125,1099.5999755859375,719.107421875,19.3700008392334,295.9219055175781,98.8540267944336,630.7215576171875,4110.5419921875,1859.0926513671875,2429.605712890625,473.7042541503906,1001.7046508789062,851.7572631835938,650.8538208007812,3941.309326171875,1166.791748046875,375.8725891113281,2583.280517578125,541.5809326171875,1100.3194580078125,661.6726684570312,1403.3580322265625,1098.5274658203125,2878.14990234375,559.9003295898438,131.0
2021-05-07,,,,,,327.6783752441406,1058.22998046875,1547.4644775390625,1295.7525634765625,1102.9000244140625,745.2682495117188,19.40999984741211,297.3953857421875,98.66189575195312,633.3786010742188,3946.150146484375,1772.439208984375,2359.415283203125,479.7578125,1002.916015625,850.4088134765625,650.9017333984375,3908.376953125,1165.0877685546875,377.30792236328125,2595.832763671875,538.152587890625,1129.30419921875,662.5098876953125,1399.6900634765625,1137.5341796875,2895.5,542.6345825195312,129.3000030517578
2021-05-10,,,,,,338.3695068359375,1052.0400390625,1549.3939208984375,1300.9398193359375,1102.8499755859375,743.0357055664062,19.700000762939453,309.2813720703125,105.62682342529297,637.5274658203125,3858.19189453125,1745.6519775390625,2294.96826171875,482.95684814453125,1032.5401611328125,867.120361328125,668.8638916015625,4015.274658203125,1190.4041748046875,380.6241760253906,2736.06591796875,538.5149536132812,1130.65625,669.7982788085938,1445.4951171875,1148.095458984375,2852.449951171875,547.4360961914062,128.64999389648438
2021-05-11,,,,,,346.81585693359375,1056.780029296875,1524.3636474609375,1300.34130859375,1077.949951171875,740.3176879882812,19.799999237060547,309.968994140625,105.0504150390625,649.5546264648438,3954.781005859375,1766.9342041015625,2331.977294921875,484.8301696777344,1026.4156494140625,858.1144409179688,678.3479614257812,3951.543212890625,1165.86669921875,383.742431640625,2811.870361328125,531.3837280273438,1116.79248046875,661.1309204101562,1433.33203125,1124.625732421875,2850.550048828125,558.06884765625,129.0
2021-05-12,,,,,,337.97283935546875,1043.72998046875,1515.8758544921875,1282.684326171875,1049.800048828125,729.5911254882812,19.489999771118164,320.23419189453125,102.40853881835938,673.4688110351562,3946.69873046875,1760.888916015625,2401.57861328125,477.83001708984375,1027.481689453125,865.531005859375,673.3185424804688,3939.75732421875,1180.374755859375,381.56463623046875,2805.0546875,524.8892822265625,1106.30615234375,658.7178955078125,1430.3392333984375,1097.54150390625,2856.14990234375,558.5044555664062,130.25
2021-05-14,,,,,,338.176025390625,1031.5899658203125,1484.576416015625,1217.392822265625,1088.050048828125,712.06982421875,19.15999984741211,306.7273864746094,97.50907897949219,654.8222045898438,3945.401611328125,1698.7618408203125,2362.1640625,461.4635925292969,1007.2088623046875,870.780517578125,662.3975219726562,3900.082763671875,1147.4635009765625,384.88079833984375,2809.76171875,522.1414794921875,1094.6873779296875,660.49072265625,1422.0374755859375,1096.4620361328125,2844.64990234375,555.4452514648438,130.0500030517578
2021-05-17,,,,,,340.9721374511719,1035.9200439453125,1482.1649169921875,1285.976318359375,1142.449951171875,732.1150512695312,19.40999984741211,315.4208068847656,99.38240051269531,656.4072265625,3942.25830078125,1689.4722900390625,2426.955078125,467.37921142578125,1017.568359375,848.7714233398438,658.2781372070312,3922.102783203125,1157.88232421875,381.91107177734375,2739.15478515625,531.9126586914062,1122.409912109375,656.2555541992188,1424.354248046875,1146.78125,2898.699951171875,557.6034545898438,130.5500030517578
2021-05-18,,,,,,355.08819580078125,1039.5699462890625,1494.1734619140625,1323.485107421875,1198.75,753.1796875,20.3799991607666,326.57012939453125,101.20769500732422,665.7305297851562,3918.111083984375,1763.838134765625,2580.195068359375,473.6398620605469,1010.8138427734375,851.8536987304688,661.7747802734375,3903.380859375,1155.69140625,381.119140625,3003.29345703125,557.2492065429688,1137.121826171875,656.6495971679688,1435.5040283203125,1190.6697998046875,3056.300048828125,586.8880004882812,142.64999389648438
2021-05-19,,,,,,359.54840087890625,1025.780029296875,1459.4019775390625,1291.5626220703125,1243.6500244140625,749.7822265625,20.479999542236328,308.88848876953125,100.15093231201172,664.192138671875,3911.675048828125,1745.2587890625,2663.981201171875,479.2596435546875,1015.1456298828125,870.6842651367188,673.8453369140625,3918.610595703125,1175.116943359375,382.7525329589844,3276.796875,551.6117553710938,1118.9976806640625,656.1078491210938,1452.7833251953125,1187.055419921875,3027.89990234375,596.8970336914062,140.10000610351562
2021-05-20,,,,,,359.0743408203125,1019.989990234375,1461.28271484375,1298.8450927734375,1268.8499755859375,743.2783203125,20.020000457763672,302.25787353515625,98.90205383300781,659.1109619140625,3895.211181640625,1744.0791015625,2627.70849609375,474.8722229003906,1014.8548583984375,890.1889038085938,657.9907836914062,3919.725830078125,1172.6339111328125,379.6837463378906,3098.17138671875,547.4534301757812,1120.2696533203125,657.4375,1474.8896484375,1185.8350830078125,3026.60009765625,591.1945190429688,144.9499969482422
2021-05-21,,,,,,360.30303955078125,1019.4600219726562,1471.410400390625,1311.9132080078125,1299.199951171875,746.67578125,20.219999313354492,307.5623474121094,100.77539825439453,659.949951171875,3936.271484375,1732.2337646484375,2751.64501953125,481.6751403808594,1011.0076904296875,892.7896728515625,661.3916625976562,3957.654541015625,1182.614501953125,378.64434814453125,3107.8798828125,551.6655883789062,1123.986328125,660.58935546875,1474.4552001953125,1187.759521484375,3034.14990234375,597.9959716796875,145.1999969482422
2021-05-24,,,,,,364.6568298339844,1043.3199462890625,1457.0867919921875,1303.633544921875,1360.949951171875,744.1033935546875,20.209999084472656,306.3344421386719,103.08101654052734,659.3906860351562,3897.855224609375,1756.8092041015625,2840.879638671875,506.7670593261719,1021.802978515625,896.9795532226562,661.9185180664062,3974.4365234375,1167.278564453125,379.58477783203125,3074.43994140625,548.8395385742188,1114.1734619140625,660.1460571289062,1441.7303466796875,1190.4351806640625,3040.449951171875,596.7188110351562,148.3000030517578
2021-05-25,,,,,,369.1945495605469,1029.43994140625,1620.2877197265625,1279.6417236328125,1314.25,741.6280517578125,20.079999923706055,309.67431640625,103.22512817382812,655.8478393554688,3914.618408203125,1774.7003173828125,2743.497314453125,508.44317626953125,1029.3712158203125,901.1694946289062,666.8521118164062,3975.066650390625,1179.20654296875,377.7038879394531,3211.28955078125,550.3823852539062,1135.0313720703125,649.21337890625,1428.5535888671875,1183.7227783203125,3103.85009765625,608.6484375,152.89999389648438
2021-05-26,,,,,,366.5048828125,1049.81005859375,1654.3359375,1319.5946044921875,1264.5999755859375,736.094970703125,19.850000381469727,309.9198913574219,101.92820739746094,652.4447631835938,3894.0634765625,1754.54833984375,2726.90673828125,516.23193359375,1024.3321533203125,910.3680419921875,674.228515625,3975.79443359375,1164.5035400390625,379.18878173828125,3195.550048828125,565.3206787109375,1187.967529296875,648.5731811523438,1425.657470703125,1192.54736328125,3096.199951171875,622.59765625,156.3000030517578
2021-05-27,,,,,,373.14202880859375,1052.969970703125,1703.2864990234375,1322.5875244140625,1266.5999755859375,729.3970947265625,19.030000686645508,312.965087890625,102.16837310791016,644.9395141601562,3984.7158203125,1735.3302001953125,2842.990234375,513.2741088867188,1021.163330078125,907.6709594726562,670.1093139648438,3956.9755859375,1171.7088623046875,378.0504150390625,3219.183837890625,556.6074829101562,1186.2113037109375,654.0394897460938,1396.26318359375,1167.998046875,3025.5,613.07373046875,152.0500030517578
2021-05-28,,,,,,366.9305725097656,1044.949951171875,1654.04638671875,1299.4434814453125,1238.949951171875,753.4223022460938,18.389999389648438,313.1124267578125,101.20769500732422,660.6027221679688,3987.958740234375,1763.838134765625,2794.3974609375,514.5064697265625,1006.76318359375,899.9654541015625,641.6091918945312,3996.79541015625,1177.113037109375,378.2978515625,3161.962890625,549.6085815429688,1168.6907958984375,658.8656616210938,1432.6080322265625,1188.6982421875,3022.10009765625,617.8851928710938,146.89999389648438
2021-05-31,,,,,,368.2754211425781,1062.5,1620.4803466796875,1313.1104736328125,1268.199951171875,747.0155639648438,18.5,313.1124267578125,102.26444244384766,656.2207641601562,4020.038818359375,1755.0889892578125,2756.210205078125,516.3798217773438,1028.973876953125,914.4134521484375,640.2201538085938,4068.336181640625,1187.4342041015625,384.286865234375,3092.826904296875,551.2933349609375,1177.979736328125,655.8616943359375,1420.8790283203125,1231.3194580078125,3069.39990234375,616.0240478515625,145.64999389648438
2021-06-01,,,,,,366.61126708984375,1056.0699462890625,1613.824951171875,1412.818115234375,1271.050048828125,774.8265991210938,19.06999969482422,312.473876953125,100.53522491455078,658.5982055664062,4098.46826171875,1730.4642333984375,2686.658203125,525.0066528320312,1030.398681640625,911.6201171875,642.8545532226562,4093.654296875,1177.405029296875,381.9605712890625,3020.65087890625,566.6577758789062,1180.33447265625,655.2213745117188,1415.9559326171875,1228.7847900390625,3044.800048828125,605.0447998046875,147.25
2021-06-02,,,,,,371.1296081542969,1053.300048828125,1658.194091796875,1543.001953125,1299.800048828125,787.7371826171875,19.280000686645508,317.2872619628906,103.84956359863281,663.6793823242188,4227.63671875,1722.60009765625,2613.817626953125,528.851806640625,1029.59423828125,919.5665893554688,648.9857788085938,4087.9794921875,1214.45458984375,384.1878967285156,3098.9560546875,568.9940795898438,1179.7059326171875,665.7108764648438,1416.2452392578125,1328.2967529296875,3066.199951171875,602.5202026367188,149.5
2021-06-03,,,,,,371.8745422363281,1075.5799560546875,1660.412353515625,1579.2640380859375,1286.9000244140625,801.1331176757812,20.149999618530273,319.890380859375,104.3779525756836,678.50341796875,4314.8466796875,1710.70556640625,2651.12109375,529.7884521484375,1023.8186645507812,913.3539428710938,647.1175537109375,4105.3916015625,1199.9951171875,381.2181701660156,3119.01025390625,578.0892333984375,1179.331787109375,668.2225341796875,1423.6785888671875,1419.1717529296875,3192.699951171875,628.9734497070312,149.8000030517578
2021-06-04,,,,,,371.855224609375,1071.1600341796875,1652.7928466796875,1696.828369140625,1277.25,809.4326782226562,21.149999618530273,329.02587890625,103.8976058959961,695.6582641601562,4277.92626953125,1702.25146484375,2651.6611328125,539.0068359375,1018.4793090820312,911.572021484375,645.6327514648438,4133.91064453125,1199.1187744140625,381.0201721191406,3073.5078125,587.0963745117188,1212.836181640625,670.635498046875,1397.3248291015625,1416.965576171875,3197.0,628.5575561523438,156.64999389648438
2021-06-07,,,,,,405.3505859375,1055.22998046875,1695.5218505859375,1620.3641357421875,1264.8499755859375,852.872314453125,25.3799991607666,339.3892822265625,108.89314270019531,697.5695190429688,4257.9208984375,1724.3695068359375,2613.62109375,564.0986938476562,1011.5406494140625,905.2149658203125,646.9739990234375,4103.20849609375,1201.1148681640625,385.1283264160156,3058.259033203125,561.2652587890625,1180.1998291015625,669.8475341796875,1394.283935546875,1420.532958984375,3188.949951171875,622.9441528320312,165.0
2021-06-08,,,,,,415.03546142578125,1074.5899658203125,1743.70068359375,1632.4844970703125,1267.550048828125,848.6011352539062,30.350000381469727,346.51104736328125,112.4476547241211,693.7936401367188,4217.109375,1794.6556396484375,2670.362060546875,600.2329711914062,1022.3068237304688,918.6514892578125,650.231201171875,4114.12158203125,1203.8897705078125,398.39324951171875,3066.006103515625,563.77783203125,1170.67626953125,679.3029174804688,1416.82470703125,1400.0203857421875,3179.800048828125,622.4490966796875,160.75
2021-06-09,,,,,,400.7839050292969,1045.4300537109375,1681.7291259765625,1590.7860107421875,1239.1500244140625,827.633544921875,30.469999313354492,337.27728271484375,119.74883270263672,688.6658935546875,4186.72607421875,1748.305908203125,2636.445068359375,601.7119140625,1012.2384033203125,923.3711547851562,644.5789184570312,4139.58544921875,1187.7750244140625,400.4225769042969,3045.020263671875,555.8532104492188,1153.2904052734375,674.5751953125,1422.8096923828125,1379.1790771484375,3194.699951171875,626.2805786132812,157.5500030517578
2021-06-10,,,,,,407.5855712890625,1047.52001953125,1697.4993896484375,1608.0938720703125,1233.5,821.9549560546875,30.81999969482422,338.65252685546875,122.58283996582031,697.5695190429688,4184.23095703125,1755.3837890625,2649.55078125,607.5781860351562,1025.6597900390625,938.3489379882812,647.6446533203125,4241.53564453125,1196.4896240234375,410.56927490234375,3093.218994140625,596.2014770507812,1196.6177978515625,678.8596801757812,1449.59765625,1391.3365478515625,3194.5,635.0916748046875,159.5500030517578
2021-06-11,,,,,,405.1474914550781,1046.3299560546875,1689.4453125,1597.7191162109375,1217.699951171875,815.1599731445312,29.65999984741211,344.5464172363281,120.7575454711914,697.8493041992188,4180.3896484375,1761.38037109375,2651.12109375,602.8949584960938,1056.853759765625,932.2325439453125,652.6739501953125,4204.6259765625,1197.9989013671875,410.81671142578125,3087.041015625,599.4927978515625,1188.076904296875,672.3098754882812,1463.2088623046875,1384.1077880859375,3175.550048828125,637.1705932617188,160.9499969482422
2021-06-14,,,,,,399.4681396484375,1040.1199951171875,1659.9302978515625,1497.811767578125,1212.9000244140625,745.9478149414062,28.18000030517578,349.65447998046875,118.54798126220703,697.6602783203125,4168.51513671875,1739.75390625,2615.38818359375,612.7542724609375,1058.4720458984375,940.2272338867188,648.650390625,4256.57080078125,1161.290283203125,407.89642333984375,3098.0732421875,606.7562255859375,1189.93798828125,671.4234619140625,1452.1561279296875,1411.4736328125,3274.10009765625,633.5669555664062,161.35000610351562
2021-06-15,,,,,,405.9601745605469,1031.0899658203125,1680.6678466796875,1535.12109375,1212.199951171875,739.541015625,26.780000686645508,346.46197509765625,117.34712982177734,703.0465087890625,4235.619140625,1744.9638671875,2622.11279296875,614.5288696289062,1048.6846923828125,934.0145874023438,644.914306640625,4183.818359375,1155.253173828125,406.362060546875,3085.570068359375,603.523681640625,1177.2215576171875,682.1099243164062,1450.9010009765625,1423.9127197265625,3359.5,628.8446044921875,162.5500030517578
2021-06-16,,,,,,404.412109375,1024.8499755859375,1656.988525390625,1444.79052734375,1182.75,686.0059814453125,25.450000762939453,343.17120361328125,120.99771881103516,696.5263061523438,4184.23095703125,1744.4722900390625,2602.380859375,609.9937133789062,1047.763916015625,921.5411376953125,640.4596557617188,4171.83935546875,1145.9056396484375,399.1851806640625,3081.010009765625,595.7312622070312,1182.9537353515625,681.7159423828125,1463.6434326171875,1421.941162109375,3310.39990234375,640.03173828125,161.64999389648438
2021-06-17,,,,,,396.7590637207031,995.8800048828125,1690.6510009765625,1364.3858642578125,1123.6500244140625,627.95703125,24.18000030517578,339.53662109375,120.56001281738281,685.6593017578125,4289.80078125,1742.7520751953125,2573.51953125,602.4019775390625,1024.584228515625,915.9545288085938,637.106689453125,4173.439453125,1132.1763916015625,394.63153076171875,3039.08740234375,592.660400390625,1179.2021484375,689.7429809570312,1455.8240966796875,1391.94677734375,3285.550048828125,644.219482421875,158.9499969482422
2021-06-18,,,,,,389.2705078125,946.0900268554688,1628.05224609375,1483.8956298828125,1067.550048828125,674.017578125,22.979999542236328,331.4325256347656,118.1283950805664,675.4537353515625,4417.52294921875,1725.0084228515625,2528.46044921875,585.1975708007812,1024.080322265625,925.5383911132812,640.411865234375,4071.536376953125,1125.21435546875,394.92852783203125,3014.08056640625,596.26513671875,1197.2415771484375,698.5089111328125,1480.8265380859375,1382.2772216796875,3317.699951171875,651.8623657226562,155.4499969482422
2021-06-21,,,,,,401.8771667480469,918.9600219726562,1676.3275146484375,1536.268310546875,1120.9000244140625,709.6429443359375,24.1200008392334,328.3873596191406,119.92779541015625,678.5249633789062,4578.27197265625,1716.8985595703125,2479.130859375,593.9230346679688,1023.7119750976562,924.8160400390625,643.1421508789062,4102.384765625,1126.139404296875,401.65997314453125,3009.422607421875,599.100830078125,1212.9112548828125,707.9149169921875,1474.406982421875,1395.7489013671875,3311.0,643.1799926757812,158.0
2021-06-22,,,,,,403.0672912597656,919.2100219726562,1669.672119140625,1537.8643798828125,1167.4000244140625,721.14599609375,25.31999969482422,331.9237060546875,118.1283950805664,684.0056762695312,4544.6455078125,1734.1014404296875,2538.424560546875,604.9161987304688,1028.8189697265625,920.6742553710938,638.7832641601562,4160.24609375,1128.4764404296875,397.3043212890625,3121.559814453125,589.3836669921875,1210.44189453125,705.9451293945312,1472.1383056640625,1414.477783203125,3373.800048828125,637.5963745117188,156.64999389648438
2021-06-23,,,,,,402.1481628417969,919.52001953125,1663.4027099609375,1501.1036376953125,1166.1500244140625,697.6546630859375,25.190000534057617,329.3205871582031,117.44754028320312,675.54833984375,4473.6005859375,1729.038818359375,2530.816650390625,606.1978149414062,1027.074462890625,922.5043334960938,637.2982177734375,4098.01953125,1124.0947265625,393.5426025390625,3121.952392578125,589.26611328125,1225.468017578125,706.9300537109375,1480.4404296875,1388.28564453125,3310.89990234375,637.7151489257812,155.35000610351562
2021-06-24,,,,,,401.1225891113281,917.7100219726562,1651.2977294921875,1504.8446044921875,1139.699951171875,693.9400634765625,23.940000534057617,328.731201171875,115.59950256347656,667.0909423828125,4544.34619140625,1712.671630859375,2496.8994140625,616.9937744140625,1022.8689575195312,915.9064331054688,636.8671875,4122.99755859375,1109.7325439453125,391.2163391113281,3092.875732421875,592.0089111328125,1230.556640625,708.7520751953125,1472.379638671875,1376.4097900390625,3323.800048828125,626.2310180664062,154.25
2021-06-25,,,,,,400.3292236328125,917.2000122070312,1653.033935546875,1515.76806640625,1167.25,696.1882934570312,23.350000381469727,333.64276123046875,117.7879638671875,676.54052734375,4489.31591796875,1754.99072265625,2642.286376953125,641.5433959960938,1029.003173828125,921.8782348632812,644.004150390625,4121.4453125,1122.0499267578125,392.9486999511719,3128.62060546875,595.1631469726562,1245.8572998046875,715.0064697265625,1495.4512939453125,1394.05908203125,3315.35009765625,617.3407592773438,154.85000610351562
2021-06-28,,,,,,402.0513916015625,918.1099853515625,1636.6365966796875,1522.0528564453125,1119.8499755859375,700.1472778320312,23.639999389648438,336.7370300292969,119.19831085205078,682.1629638671875,4464.9697265625,1745.79931640625,2651.75927734375,666.7337646484375,1047.4053955078125,927.6093139648438,647.8840942382812,4185.1279296875,1133.636962890625,400.0760803222656,3189.568115234375,591.3673095703125,1235.01171875,685.7048950195312,1542.9459228515625,1398.7530517578125,3332.199951171875,617.3506469726562,155.60000610351562
2021-06-29,,,,,,402.84478759765625,905.9600219726562,1627.6180419921875,1519.858154296875,1126.300048828125,695.0153198242188,23.260000228881836,335.5091247558594,119.44147491455078,680.9345703125,4468.01318359375,1730.4151611328125,2621.327392578125,669.7902221679688,1052.9969482421875,943.5501708984375,649.12939453125,4225.62744140625,1130.667236328125,403.4418029785156,3332.350830078125,592.8709716796875,1227.22900390625,676.1510009765625,1527.06591796875,1378.8505859375,3270.85009765625,615.5289916992188,161.25
2021-06-30,,,,,,393.556640625,860.6699829101562,1662.1004638671875,1503.89697265625,1124.9000244140625,687.8793334960938,22.690000534057617,333.5936584472656,118.76060485839844,683.9583740234375,4411.435546875,1777.8460693359375,2624.812255859375,678.9592895507812,1051.049072265625,936.1336059570312,647.06982421875,4276.16650390625,1118.8853759765625,400.3731384277344,3358.0439453125,589.2906494140625,1208.186767578125,677.9488525390625,1512.682861328125,1390.9610595703125,3344.10009765625,609.885986328125,158.9499969482422
2021-07-01,,,,,,393.7404479980469,841.6500244140625,1707.433837890625,1487.595458984375,1068.699951171875,687.2928466796875,21.559999465942383,338.161376953125,118.0311279296875,683.2496948242188,4401.90673828125,1850.39306640625,2753.01953125,657.12109375,1077.301025390625,942.1054077148438,655.4042358398438,4302.7939453125,1116.0616455078125,402.0559387207031,3301.999755859375,584.5202026367188,1178.992431640625,677.4056396484375,1504.76708984375,1380.352783203125,3315.64990234375,616.37060546875,159.14999389648438
2021-07-02,,,,,,398.7231140136719,883.72998046875,2027.662353515625,1419.51708984375,1015.2999877929688,694.4287719726562,21.8799991607666,338.7998962402344,117.6420669555664,725.4420166015625,4509.0234375,1894.8746337890625,2734.1220703125,668.1141967773438,1080.634521484375,943.1650390625,652.6260986328125,4384.228515625,1129.985595703125,403.9367980957031,3395.60302734375,587.5176391601562,1172.4075927734375,679.1343383789062,1499.602294921875,1386.97119140625,3314.300048828125,622.864990234375,158.4499969482422
2021-07-05,,,,,,420.5987243652344,908.52001953125,2047.8690185546875,1391.8662109375,964.5499877929688,694.0866088867188,21.360000610351562,339.9786682128906,122.45669555664062,730.8754272460938,4599.42626953125,1893.6951904296875,2766.370361328125,675.2128295898438,1073.308349609375,938.83056640625,651.6201782226562,4423.32080078125,1127.4539794921875,399.3336486816406,3421.001953125,594.8594970703125,1189.6336669921875,669.651123046875,1512.3448486328125,1463.201171875,3360.64990234375,622.3402709960938,157.85000610351562
2021-07-06,,,,,,419.689208984375,900.989990234375,1958.4561767578125,1412.27978515625,1012.75,696.6771240234375,22.3799991607666,311.29510498046875,119.63599395751953,718.1185913085938,4599.92578125,1853.83349609375,2725.23828125,665.6986694335938,1073.608642578125,933.4366455078125,644.9622802734375,4388.64208984375,1110.5601806640625,384.93035888671875,3336.175537109375,607.5643310546875,1206.3658447265625,671.7749633789062,1514.0821533203125,1441.233154296875,3364.60009765625,620.2908935546875,164.9499969482422
2021-07-07,,,,,,423.47222900390625,898.1799926757812,2009.5770263671875,1423.110595703125,1017.0499877929688,703.91064453125,21.959999084472656,311.4916076660156,120.46275329589844,727.6153564453125,4514.61083984375,1909.374267578125,2708.74560546875,673.7832641601562,1077.998779296875,929.68017578125,651.5244140625,4416.142578125,1117.8143310546875,388.1475524902344,3432.475341796875,607.192138671875,1234.637451171875,676.8623046875,1534.0162353515625,1466.345947265625,3396.39990234375,623.973876953125,168.35000610351562
2021-07-08,,,,,,424.5268249511719,880.0,2014.7855224609375,1423.360107421875,1028.6500244140625,695.6995849609375,21.75,300.9317321777344,120.02506256103516,722.2291259765625,4520.64794921875,1904.1151123046875,2744.037353515625,672.79736328125,1059.5186767578125,915.6656494140625,638.8790893554688,4375.35205078125,1110.1220703125,385.42529296875,3471.3583984375,600.24560546875,1230.9197998046875,673.009765625,1514.8062744140625,1439.40283203125,3389.199951171875,619.0436401367188,174.60000610351562
2021-07-09,,,,,,427.49713134765625,874.3200073242188,2036.82568359375,1428.8004150390625,1019.4000244140625,712.121826171875,21.90999984741211,300.8825988769531,121.04634094238281,722.7960815429688,4575.6787109375,1907.8016357421875,2746.246337890625,670.628173828125,1063.13037109375,924.4788818359375,639.8370971679688,4461.8798828125,1117.668212890625,384.63330078125,3565.1083984375,602.0459594726562,1282.9005126953125,674.93603515625,1514.22705078125,1440.670166015625,3377.60009765625,615.5388793945312,172.85000610351562
2021-07-12,,,,,,437.8785095214844,875.4299926757812,2004.0791015625,1418.1693115234375,1004.2000122070312,701.90673828125,21.639999389648438,302.01226806640625,120.41413116455078,736.0255126953125,4541.2529296875,1918.9097900390625,2851.580078125,667.6212158203125,1069.750244140625,924.527099609375,640.4596557617188,4451.2578125,1120.491943359375,383.4454345703125,3529.658203125,603.3607788085938,1288.3045654296875,674.6397094726562,1530.0584716796875,1463.0133056640625,3349.050048828125,613.232177734375,174.10000610351562
2021-07-13,,,,,,440.113525390625,886.1099853515625,1975.191162109375,1415.1748046875,989.2000122070312,688.1727294921875,21.350000381469727,305.45037841796875,120.65729522705078,739.8525390625,4576.2265625,1914.781005859375,2909.20458984375,661.5084228515625,1058.61328125,930.1136474609375,654.3026123046875,4468.03955078125,1134.4647216796875,383.8908996582031,3612.523193359375,603.8268432617188,1288.3544921875,684.9625854492188,1489.70751953125,1463.342041015625,3355.0,611.9253540039062,173.8000030517578
2021-07-14,,,,,,438.5558166503906,879.97998046875,2088.57275390625,1399.5526123046875,979.7000122070312,681.5743408203125,21.010000228881836,304.0751037597656,121.14361572265625,734.5135498046875,4583.11181640625,1925.102783203125,2834.302490234375,648.8392944335938,1049.6083984375,941.1904296875,657.128662109375,4484.67578125,1140.988525390625,395.3244934082031,3756.727783203125,601.8252563476562,1296.51806640625,680.1221923828125,1478.5579833984375,1452.4989013671875,3330.050048828125,624.755859375,168.0500030517578
2021-07-15,,,,,,438.9234313964844,877.77001953125,2059.416748046875,1405.4420166015625,995.7999877929688,683.3827514648438,20.81999969482422,304.76275634765625,121.04634094238281,734.9860229492188,4635.39794921875,1913.798095703125,2822.71826171875,664.0718994140625,1050.1534423828125,937.7710571289062,654.3026123046875,4469.251953125,1131.25146484375,399.1851806640625,3670.185546875,601.4130859375,1293.299560546875,685.20947265625,1494.292724609375,1472.5421142578125,3328.5,614.8458862304688,166.25
2021-07-16,,,,,,469.564697265625,875.3200073242188,2078.0498046875,1393.0142822265625,1008.6500244140625,672.141357421875,21.1299991607666,305.74505615234375,120.75454711914062,738.0098266601562,4636.1953125,1918.369140625,2856.734130859375,659.3887329101562,1052.665283203125,941.1904296875,659.667236328125,4615.048828125,1148.7293701171875,405.17413330078125,3880.24072265625,600.9962158203125,1272.0172119140625,689.5065307617188,1468.71142578125,1473.1522216796875,3349.199951171875,622.756103515625,168.64999389648438
2021-07-19,,,,,,469.148681640625,874.1699829101562,2050.29296875,1378.140869140625,979.1500244140625,658.5538940429688,20.43000030517578,303.38751220703125,122.35942077636719,736.7341918945312,4552.47900390625,1924.8079833984375,2780.702880859375,655.2478637695312,1055.1573486328125,938.15625,660.2899780273438,4663.40478515625,1155.4481201171875,407.2530212402344,3783.94091796875,590.1986694335938,1269.562255859375,670.44140625,1438.1102294921875,1447.476318359375,3331.60009765625,610.3711547851562,178.25
2021-07-20,,,,,,460.6636047363281,868.5900268554688,1988.6988525390625,1363.267333984375,945.0999755859375,657.4785766601562,19.40999984741211,296.8059997558594,118.46881866455078,717.8350830078125,4566.64794921875,1880.59521484375,2768.775390625,653.4730834960938,1040.496337890625,920.0000610351562,648.0277099609375,4644.39208984375,1143.130615234375,400.1750793457031,3721.42431640625,582.9823608398438,1257.1920166015625,655.3770141601562,1425.9952392578125,1434.802734375,3397.300048828125,606.7774047851562,175.60000610351562
2021-07-22,,,,,,457.6642150878906,873.510009765625,2001.2015380859375,1414.2265625,988.25,676.2468872070312,20.360000610351562,297.19891357421875,120.31685638427734,720.7172241210938,4576.42626953125,1902.0360107421875,2887.558349609375,644.402587890625,1048.3719482421875,914.9432373046875,658.4219360351562,4698.1318359375,1148.4373779296875,398.9377136230469,4066.466552734375,607.8740234375,1303.8433837890625,654.0433959960938,1490.3349609375,1506.4324951171875,3397.35009765625,679.1370849609375,183.3000030517578
2021-07-23,126.0,,,,,449.9627990722656,871.489990234375,2062.36181640625,1399.1534423828125,980.25,664.7610473632812,20.09000015258789,290.32269287109375,119.53874206542969,713.4882202148438,4540.50439453125,1905.9300537109375,2990.0947265625,638.6842651367188,1055.70263671875,913.1130981445312,664.8402709960938,4680.18701171875,1150.141357421875,394.1365661621094,3939.12890625,606.4366455078125,1317.47607421875,657.2538452148438,1433.33203125,1471.1339111328125,3413.199951171875,706.7387084960938,178.3000030517578
2021-07-26,140.64999389648438,,,,,447.6311340332031,866.3800048828125,2046.3837890625,1401.3994140625,942.2000122070312,667.44921875,19.59000015258789,287.9651794433594,119.24694061279297,716.559326171875,4520.64794921875,1894.4947509765625,3194.431396484375,641.9871826171875,1053.580322265625,915.5692749023438,673.8453369140625,4773.6982421875,1140.9398193359375,385.5737609863281,3941.482421875,604.62646484375,1349.79638671875,655.03125,1405.481689453125,1461.5113525390625,3483.550048828125,704.7883911132812,176.1999969482422
2021-07-27,132.89999389648438,,,,,444.1964416503906,853.0599975585938,2074.188232421875,1394.2620849609375,914.4500122070312,648.2899169921875,18.950000762939453,286.2461242675781,117.83660125732422,702.6685180664062,4508.27490234375,1882.1229248046875,3328.626708984375,623.1558837890625,943.0090942382812,879.4974975585938,659.3797607421875,4647.83642578125,1088.4090576171875,375.72406005859375,3790.118896484375,611.3964233398438,1378.0196533203125,660.6124877929688,1423.0511474609375,1464.9378662109375,3499.39990234375,726.5784301757812,175.4499969482422
2021-07-28,131.1999969482422,,,,,441.8937072753906,826.3800048828125,2101.22021484375,1397.4063720703125,945.6500244140625,650.4404907226562,19.40999984741211,279.4190673828125,117.0584716796875,698.08544921875,4406.0478515625,1873.004638671875,3289.80126953125,609.7965087890625,921.2803344726562,857.1512451171875,658.9006958007812,4744.06396484375,1079.9395751953125,377.8524169921875,3834.3955078125,614.3937377929688,1394.257080078125,656.7599487304688,1447.3775634765625,1451.5130615234375,3488.5,724.7469482421875,183.8000030517578
2021-07-29,141.5500030517578,,,,,449.14044189453125,829.2999877929688,2002.79443359375,1397.7557373046875,924.2999877929688,644.8197631835938,19.079999923706055,287.7196044921875,119.39282989501953,710.3226928710938,4225.44140625,1873.8424072265625,3143.45458984375,596.880859375,909.7735595703125,850.6014404296875,673.4622802734375,4698.66552734375,1063.245361328125,378.6938171386719,3921.91845703125,627.943359375,1456.981201171875,654.5867309570312,1444.09521484375,1467.3787841796875,3502.60009765625,737.2012329101562,180.0500030517578
2021-07-30,133.5,,,,,451.11419677734375,837.0499877929688,1992.995361328125,1417.72021484375,882.2999877929688,659.3358764648438,19.170000076293945,288.75103759765625,121.58130645751953,721.1424560546875,4295.23876953125,2010.2266845703125,3210.730712890625,632.4730224609375,917.2791748046875,886.1917114257812,741.4310913085938,4759.099609375,1084.2967529296875,382.4555358886719,3854.400390625,611.0676879882812,1419.37158203125,655.9696655273438,1424.595458984375,1459.5867919921875,3500.800048828125,747.4874877929688,180.85000610351562
2021-08-02,139.6999969482422,,,,,477.7402038574219,851.8800048828125,1976.29345703125,1435.63818359375,876.1500244140625,676.4424438476562,18.56999969482422,291.5997314453125,129.80020141601562,732.0093994140625,4339.1435546875,2032.0125732421875,3261.347900390625,645.2899169921875,915.4004516601562,887.1549072265625,742.43701171875,4781.26416015625,1100.795166015625,386.0687255859375,3872.395751953125,608.3597412109375,1409.68603515625,662.1929931640625,1408.624267578125,1487.656494140625,3502.39990234375,739.3297729492188,185.85000610351562
2021-08-03,139.39999389648438,,,,,477.53704833984375,846.5,1949.4056396484375,1440.2301025390625,890.9000244140625,689.198974609375,18.3700008392334,298.32861328125,128.97344970703125,729.7415161132812,4263.35888671875,2064.051025390625,3351.082275390625,638.2899169921875,919.3236694335938,893.9935913085938,761.4050903320312,4856.830078125,1120.3289794921875,385.3757629394531,3875.729736328125,621.2520141601562,1426.636962890625,665.6009521484375,1402.816650390625,1488.3607177734375,3566.25,749.2991943359375,184.10000610351562
2021-08-04,138.39999389648438,,,,,482.04571533203125,835.5900268554688,1929.276611328125,1427.0037841796875,898.1500244140625,679.0817260742188,18.049999237060547,292.8767395019531,128.04942321777344,721.4259643554688,4225.8408203125,2039.849853515625,3355.55419921875,637.6983642578125,928.4940185546875,905.0704345703125,752.7354125976562,4815.5068359375,1128.162109375,381.71307373046875,3867.149169921875,623.9256591796875,1415.8785400390625,667.082763671875,1398.992919921875,1494.8385009765625,3593.050048828125,738.9932250976562,187.25
2021-08-05,134.9499969482422,,,,,478.5141906738281,829.4099731445312,1902.4373779296875,1429.798583984375,889.6500244140625,677.9575805664062,17.6299991607666,294.3993225097656,130.87013244628906,726.953857421875,4302.72265625,2078.0986328125,3353.834228515625,662.0999755859375,931.1224975585938,910.6088256835938,753.1184692382812,4776.02587890625,1121.406005859375,380.2776794433594,3974.1875,613.044677734375,1396.6871337890625,661.3533325195312,1400.154541015625,1487.187255859375,3564.14990234375,731.04345703125,183.25
2021-08-06,131.35000610351562,,,,,481.35870361328125,832.25,1906.636962890625,1533.9129638671875,910.5499877929688,694.7219848632812,18.510000228881836,294.74310302734375,131.45370483398438,778.312255859375,4275.9306640625,2090.322265625,3381.20654296875,670.23388671875,931.9013671875,877.763671875,752.20849609375,4768.70263671875,1126.840087890625,379.7332458496094,3913.043701171875,610.6948852539062,1397.760009765625,665.2059326171875,1399.57373046875,1452.4989013671875,3529.199951171875,736.943603515625,177.6999969482422
2021-08-09,130.60000610351562,,,,,512.4354248046875,832.5800170898438,1881.728759765625,1490.739990234375,906.5499877929688,684.164794921875,18.06999969482422,292.82763671875,128.43849182128906,799.71533203125,4276.77978515625,2146.216796875,3385.92431640625,693.1566772460938,938.1707763671875,889.7247924804688,755.6572265625,4758.7109375,1110.048095703125,378.3968811035156,3969.23486328125,607.6386108398438,1421.4375,658.8837280273438,1392.410888671875,1407.436767578125,3523.0,734.6826782226562,175.64999389648438
2021-08-10,125.19999694824219,,,,,510.7712097167969,832.6900024414062,1868.212646484375,1443.9234619140625,908.4000244140625,677.419921875,17.170000076293945,288.99664306640625,126.4931869506836,797.2113037109375,4278.92431640625,2104.517822265625,3286.607177734375,696.9033203125,928.6790161132812,883.8652954101562,760.0160522460938,4806.58251953125,1096.5361328125,375.1795959472656,4119.07861328125,605.3770141601562,1400.8388671875,662.1436157226562,1390.765380859375,1384.7181396484375,3551.64990234375,744.0733642578125,169.0500030517578
2021-08-11,135.64999389648438,,,,,497.7388000488281,820.4299926757812,1851.607177734375,1434.490234375,901.5,683.4317016601562,16.68000030517578,290.2244873046875,126.05549621582031,812.51953125,4189.5703125,2069.078369140625,3261.642578125,693.6004028320312,923.8309936523438,881.2018432617188,746.7957763671875,4771.7099609375,1028.82861328125,368.89361572265625,4069.849609375,605.1513671875,1417.7747802734375,658.5379638671875,1395.4599609375,1354.9586181640625,3563.949951171875,728.3164672851562,165.0
2021-08-12,135.4499969482422,,,,,520.485107421875,828.2000122070312,1918.366943359375,1440.329833984375,913.7000122070312,688.2214965820312,17.0,300.5879211425781,129.99472045898438,827.6388549804688,4188.17236328125,2115.903564453125,3380.567626953125,698.7271728515625,918.2916870117188,876.795166015625,745.9336547851562,4761.7666015625,955.589111328125,370.6259765625,4232.73583984375,608.2615966796875,1431.1978759765625,666.7371215820312,1403.5906982421875,1359.7930908203125,3561.0,741.94140625,171.9499969482422
2021-08-13,137.35000610351562,,,,,514.8541870117188,839.3200073242188,1904.2716064453125,1434.440185546875,919.0999755859375,688.3193359375,16.989999771118164,301.8157653808594,128.9248046875,830.6154174804688,4205.08544921875,2112.009765625,3367.83984375,697.2975463867188,905.7918701171875,866.2384643554688,745.598388671875,4800.42236328125,956.4703979492188,367.65618896484375,4204.248046875,604.0476684570312,1428.882568359375,662.3412475585938,1403.5906982421875,1362.374755859375,3594.550048828125,749.9635009765625,170.5
2021-08-16,134.9499969482422,,,,,508.8362121582031,835.9199829101562,1873.5225830078125,1427.5526123046875,925.25,691.0075073242188,16.610000610351562,298.32861328125,128.4871368408203,823.5755004882812,4146.96240234375,2100.574462890625,3369.01953125,679.6495361328125,907.534423828125,860.2821044921875,747.993408203125,4752.16357421875,947.413330078125,363.2510986328125,4037.389892578125,625.691650390625,1452.01611328125,665.3541259765625,1395.12109375,1383.779296875,3633.5,744.0237426757812,167.89999389648438
2021-08-17,132.5,,,,,516.5762329101562,831.0499877929688,1886.6524658203125,1439.0821533203125,936.8499755859375,677.077880859375,15.989999771118164,292.4347229003906,127.51448059082031,817.716796875,4090.435791015625,2100.328369140625,3361.402099609375,685.0721435546875,915.1959228515625,876.1656494140625,751.2025756835938,4780.79931640625,954.0224609375,362.90460205078125,4033.71240234375,628.924560546875,1470.7734375,661.254638671875,1404.4617919921875,1383.685546875,3634.35009765625,771.4420776367188,165.5500030517578
2021-08-18,134.9499969482422,,,,,526.1450805664062,818.8099975585938,1870.964111328125,1457.3994140625,942.5,689.5411987304688,15.460000038146973,288.16162109375,126.88224029541016,812.2360229492188,4090.435791015625,2103.9755859375,3343.80908203125,683.6918334960938,912.5772094726562,880.2333984375,750.0051879882812,4782.8447265625,952.5047607421875,366.27032470703125,3992.574462890625,642.0718383789062,1497.629638671875,662.8844604492188,1436.840087890625,1388.848876953125,3650.60009765625,801.309814453125,163.35000610351562
2021-08-20,139.3000030517578,,,,,512.0677490234375,801.1099853515625,1829.01611328125,1427.5526123046875,935.8499755859375,671.7503051757812,15.489999771118164,278.0929260253906,122.74848175048828,793.14794921875,4034.507568359375,2069.029541015625,3262.0849609375,670.23388671875,887.0615234375,862.8001708984375,729.1690673828125,4693.47998046875,907.2686767578125,353.7478332519531,3882.496337890625,653.55126953125,1494.8551025390625,659.723388671875,1425.07958984375,1368.711669921875,3643.10009765625,786.9907836914062,158.5
2021-08-23,127.25,,,,,494.2266540527344,767.22998046875,1720.742431640625,1394.2120361328125,933.6500244140625,653.2752685546875,14.720000267028809,272.0517272949219,121.53266906738281,776.9892578125,3901.64697265625,2027.0838623046875,3212.9423828125,628.726318359375,879.0494995117188,870.0640258789062,729.3609008789062,4747.974609375,906.28955078125,329.84130859375,3796.34619140625,662.489501953125,1524.13134765625,660.661865234375,1438.292236328125,1368.9932861328125,3673.75,751.927001953125,148.25
2021-08-24,125.0,,,,,496.2972106933594,803.1500244140625,1826.1680908203125,1435.239013671875,949.7000122070312,679.7660522460938,15.449999809265137,274.8512878417969,122.45669555664062,784.1708984375,3810.445556640625,2062.621337890625,3267.5888671875,662.2972412109375,893.1751098632812,888.75634765625,740.8871459960938,4736.82275390625,920.1932373046875,345.97698974609375,3739.517333984375,684.8499755859375,1642.8731689453125,662.9338989257812,1418.303955078125,1411.05126953125,3708.550048828125,733.8001098632812,161.8000030517578
2021-08-25,124.25,,,,,510.1714172363281,791.5499877929688,1861.2132568359375,1472.721923828125,997.1500244140625,704.546142578125,16.219999313354492,279.36993408203125,122.60258483886719,776.8474731445312,3817.530029296875,2060.945556640625,3399.83154296875,667.6704711914062,885.6887817382812,883.8652954101562,738.6780395507812,4730.296875,921.1724243164062,343.6506652832031,3771.78076171875,681.401123046875,1587.254638671875,679.1836547851562,1417.5291748046875,1390.350830078125,3789.699951171875,759.1162109375,170.6999969482422
2021-08-26,125.8499984741211,,,,,507.3075256347656,831.1199951171875,1843.8839111328125,1473.0712890625,1046.449951171875,705.4747314453125,17.030000686645508,279.2716979980469,122.2135238647461,781.0997314453125,4033.90869140625,2056.707275390625,3676.55322265625,658.1563110351562,876.8396606445312,882.606201171875,730.5137329101562,4720.75146484375,917.8923950195312,337.56268310546875,3801.4453125,680.1256713867188,1592.683837890625,690.3461303710938,1424.0147705078125,1394.4815673828125,3847.800048828125,759.4534301757812,170.0500030517578
2021-08-27,124.69999694824219,,,,,512.5321044921875,872.6699829101562,1823.2716064453125,1503.367431640625,1049.0999755859375,710.6555786132812,17.8799991607666,280.6960754394531,123.76976776123047,783.36767578125,4037.45068359375,2100.673095703125,3723.73046875,649.3322143554688,895.7354736328125,894.8095703125,741.3193359375,4783.08837890625,920.4869384765625,343.2052001953125,3854.20458984375,683.5252685546875,1616.3165283203125,695.5322265625,1507.79150390625,1400.395751953125,3833.050048828125,756.0818481445312,171.75
2021-08-30,133.5500030517578,,,,,522.0233764648438,916.2999877929688,1914.2154541015625,1513.8487548828125,1060.3499755859375,713.588134765625,18.770000457763672,286.7864074707031,125.6177978515625,788.470458984375,4106.25048828125,2237.944580078125,3919.121337890625,640.0645141601562,910.7859497070312,905.2694702148438,756.1112060546875,4971.6083984375,932.6282958984375,353.0054016113281,3805.8583984375,703.040283203125,1652.723388671875,703.681884765625,1534.3623046875,1411.1920166015625,3888.35009765625,774.9425048828125,163.75
2021-08-31,134.5500030517578,,,,,532.52099609375,951.8800048828125,1907.3125,1584.7720947265625,1068.3499755859375,731.4766845703125,19.700000762939453,282.2186279296875,125.52053833007812,798.15625,4151.3525390625,2251.154541015625,3970.868408203125,657.2196044921875,915.8870849609375,917.9569702148438,762.6905517578125,5039.15625,937.86669921875,355.23272705078125,3818.557861328125,738.263427734375,1711.4405517578125,709.0162963867188,1543.509521484375,1421.3309326171875,3954.800048828125,792.3057861328125,161.25
2021-09-01,132.60000610351562,,,,,531.4083862304688,933.7899780273438,1895.34130859375,1562.411865234375,1079.800048828125,728.0064697265625,20.68000030517578,290.0280456542969,129.75157165527344,794.4237060546875,4133.69091796875,2271.7080078125,4097.8525390625,653.37451171875,927.452392578125,893.7925415039062,757.3599243164062,5067.451171875,942.1749267578125,351.12457275390625,3825.226318359375,737.78271484375,1675.2681884765625,709.8065185546875,1581.11474609375,1431.7047119140625,3968.60009765625,793.8230590820312,157.4499969482422
2021-09-02,137.60000610351562,,,,,547.6045532226562,922.6900024414062,1925.4149169921875,1567.75244140625,1085.3499755859375,736.9019165039062,21.709999084472656,287.9651794433594,129.94610595703125,799.9044189453125,4284.912109375,2288.86083984375,4027.186279296875,647.902587890625,946.1924438476562,925.1724243164062,758.7525634765625,5031.3154296875,947.609130859375,355.0347595214844,3826.059814453125,735.7075805664062,1666.979736328125,749.7643432617188,1576.7105712890625,1431.7984619140625,3917.64990234375,816.2733764648438,158.0500030517578
2021-09-03,149.75,,,,,555.3349609375,920.8900146484375,1928.3111572265625,1562.761474609375,1081.3499755859375,737.9283447265625,20.6299991607666,290.32269287109375,130.1892547607422,794.7071533203125,4230.97900390625,2315.329345703125,3981.090087890625,643.1207885742188,953.7567138671875,911.4679565429688,758.224365234375,5072.95458984375,949.2246704101562,359.83587646484375,3911.817626953125,738.155517578125,1670.08349609375,725.4636840820312,1577.533203125,1414.7593994140625,3938.89990234375,815.7279052734375,157.0500030517578
2021-09-06,144.0500030517578,,,,,582.13525390625,940.2899780273438,1955.3914794921875,1579.18212890625,1112.75,734.3114624023438,19.600000381469727,292.18914794921875,128.5843963623047,793.0062255859375,4278.92431640625,2326.074462890625,3966.445556640625,651.3534545898438,957.1444091796875,920.281494140625,753.2777099609375,5069.83837890625,961.4639282226562,357.85601806640625,3912.455078125,736.4827880859375,1671.3458251953125,727.0935668945312,1513.2608642578125,1431.6575927734375,3921.300048828125,823.6609497070312,157.64999389648438
2021-09-07,140.0500030517578,,,,,636.0259399414062,934.6400146484375,1929.3729248046875,1555.3245849609375,1110.050048828125,728.7396850585938,18.6200008392334,289.3895263671875,126.4931869506836,777.7451782226562,4316.74267578125,2332.235595703125,4152.9912109375,656.4801635742188,953.5424194335938,920.572021484375,739.494384765625,5074.70849609375,968.9542846679688,353.1539001464844,3909.56201171875,731.6701049804688,1674.7591552734375,725.3154907226562,1538.766357421875,1437.43115234375,3937.550048828125,808.389892578125,157.8000030517578
2021-09-08,141.25,,,,,637.8640747070312,981.3699951171875,1936.17919921875,1553.178466796875,1158.300048828125,730.0592651367188,19.549999237060547,290.0280456542969,129.60565185546875,786.486083984375,4300.9765625,2326.91259765625,4169.5517578125,647.65625,956.2390747070312,921.8310546875,746.7462158203125,4952.9072265625,961.6597900390625,351.8670349121094,3873.08203125,732.2490234375,1652.7581787109375,734.60107421875,1559.1422119140625,1450.386474609375,3932.949951171875,803.3722534179688,158.25
2021-09-09,141.60000610351562,,,,,637.5932006835938,1011.9500122070312,1926.8629150390625,1542.2479248046875,1215.949951171875,732.8451538085938,20.510000228881836,293.66259765625,129.1193389892578,783.6039428710938,4307.8115234375,2327.15869140625,4245.57568359375,646.818115234375,956.3850708007812,919.4097900390625,745.6416625976562,4923.541015625,961.3170166015625,349.1942138671875,3803.40673828125,729.0553588867188,1671.6951904296875,728.377685546875,1569.69287109375,1444.7069091796875,3950.5,812.6737060546875,160.0
2021-09-13,143.14999389648438,,,,,664.828857421875,981.7899780273438,1952.68798828125,1529.7203369140625,1185.199951171875,728.3485717773438,20.110000610351562,295.872802734375,127.4658432006836,791.2108154296875,4297.384765625,2393.1083984375,4565.6904296875,636.61376953125,960.1526489257812,920.5236206054688,749.4835815429688,4953.0537109375,963.569091796875,350.03564453125,3736.281005859375,730.517333984375,1690.427734375,725.9575805664062,1584.4058837890625,1450.0111083984375,3961.85009765625,820.1109008789062,158.39999389648438
2021-09-14,144.10000610351562,,,,,723.4022827148438,981.2000122070312,1943.5648193359375,1510.504638671875,1149.4000244140625,738.4171142578125,19.84000015258789,300.6861267089844,129.3625030517578,789.7461547851562,4279.82275390625,2416.323486328125,4889.490234375,641.9871826171875,960.0260620117188,923.1386108398438,750.5402221679688,4962.453125,962.1493530273438,352.114501953125,3738.5859375,727.7700805664062,1679.754150390625,730.2052612304688,1562.965087890625,1447.99267578125,3979.699951171875,816.3031005859375,159.9499969482422
2021-09-15,142.64999389648438,,,,,712.5272827148438,983.1300048828125,1987.0576171875,1514.098388671875,1126.949951171875,748.72998046875,19.899999618530273,306.43267822265625,136.2196807861328,811.5272827148438,4262.46044921875,2416.718017578125,4861.626953125,653.5224609375,966.227294921875,922.9449462890625,749.8198852539062,5024.8388671875,968.70947265625,353.8963317871094,3940.55078125,727.4364624023438,1679.5196533203125,737.2188720703125,1559.384033203125,1447.9456787109375,3982.60009765625,825.8721923828125,162.25
2021-09-16,142.0500030517578,,,,,729.4492797851562,974.8499755859375,1978.0791015625,1500.5223388671875,1169.6500244140625,752.3467407226562,19.709999084472656,306.1379699707031,136.4142303466797,817.7640991210938,4242.205078125,2413.810302734375,4833.9599609375,640.656005859375,960.2596435546875,923.9617309570312,750.2041015625,5032.63037109375,947.90283203125,372.9523010253906,3965.01806640625,727.176513671875,1669.94873046875,745.9611206054688,1564.4659423828125,1458.4132080078125,4084.5,812.406005859375,160.1999969482422
2021-09-17,137.89999389648438,,,,,747.5804443359375,986.9199829101562,1937.9654541015625,1477.6134033203125,1153.25,749.8540649414062,20.09000015258789,303.14190673828125,134.1284942626953,798.0144653320312,4235.86865234375,2381.91943359375,4698.96533203125,641.9871826171875,951.03076171875,924.01025390625,739.494384765625,4989.67626953125,931.1106567382812,373.5957336425781,3886.22265625,728.8738403320312,1680.6473388671875,738.6512451171875,1552.5599365234375,1420.861572265625,4239.64990234375,813.6852416992188,164.64999389648438
2021-09-20,134.3000030517578,,,,,717.4908447265625,943.010009765625,1899.1065673828125,1416.3226318359375,1131.1500244140625,732.0631713867188,19.09000015258789,293.66259765625,130.62693786621094,755.727783203125,4160.61474609375,2341.74853515625,4515.515625,624.0431518554688,929.6914672851562,908.5624389648438,726.6235961914062,4977.30712890625,914.26953125,356.76708984375,3824.24560546875,730.2131958007812,1698.486572265625,721.265380859375,1575.9844970703125,1385.1405029296875,4355.89990234375,809.8277587890625,161.39999389648438
2021-09-21,133.4499969482422,,,,,702.3092651367188,990.1599731445312,1882.259765625,1438.88232421875,1120.699951171875,732.7474365234375,18.90999984741211,296.60955810546875,132.13458251953125,757.8067016601562,4099.484375,2399.56494140625,4572.37353515625,615.3670654296875,945.0144653320312,925.9956665039062,734.3076782226562,5044.85498046875,910.6956787109375,363.54803466796875,3790.070068359375,766.6529541015625,1755.20263671875,726.8464965820312,1585.5673828125,1388.5670166015625,4361.9501953125,820.1406860351562,160.4499969482422
2021-09-22,132.10000610351562,,,,,711.3678588867188,1009.7000122070312,1912.8638916015625,1435.18896484375,1141.550048828125,728.5441284179688,19.18000030517578,304.6153869628906,134.07986450195312,779.8713989257812,4155.0751953125,2382.510986328125,4570.55517578125,612.162841796875,943.5932006835938,933.1626586914062,739.6865234375,5006.33203125,920.3890991210938,363.8450622558594,3802.1318359375,764.6709594726562,1757.9471435546875,724.1300659179688,1575.5489501953125,1449.0252685546875,4378.64990234375,814.9545288085938,159.75
2021-09-23,137.3000030517578,,,,,715.7759399414062,1034.739990234375,1928.2625732421875,1471.723876953125,1149.199951171875,737.5372924804688,19.40999984741211,315.81378173828125,139.72120666503906,800.5186157226562,4387.77294921875,2434.117431640625,4593.80029296875,613.3952026367188,934.0431518554688,937.6177368164062,739.4464111328125,5076.65576171875,920.7318115234375,364.4884948730469,3829.688232421875,775.0122680664062,1846.67919921875,715.832275390625,1526.2313232421875,1426.916748046875,4409.89990234375,829.223876953125,160.3000030517578
2021-09-24,136.64999389648438,,,,,714.8458251953125,1064.75,1926.8629150390625,1459.0963134765625,1151.800048828125,728.055419921875,19.170000076293945,312.3265380859375,135.29568481445312,836.2379760742188,4371.55517578125,2450.629150390625,4536.84326171875,601.5640258789062,932.68994140625,937.1820678710938,740.0227661132812,4975.796875,906.8770141601562,356.5196228027344,3769.67236328125,764.646484375,1848.8896484375,716.96826171875,1536.2982177734375,1412.9288330078125,4422.35009765625,816.491455078125,159.1999969482422
2021-09-27,143.6999969482422,,,,,743.0676879882812,1068.699951171875,1898.0447998046875,1528.5224609375,1153.449951171875,733.3828125,19.399999618530273,325.78424072265625,134.9552459716797,864.3975830078125,4483.23779296875,2408.240234375,4508.88134765625,591.2611083984375,932.9430541992188,932.3878784179688,732.9149169921875,4804.37060546875,916.6194458007812,354.539794921875,3771.731689453125,764.8475952148438,1799.4986572265625,712.2266845703125,1517.0357666015625,1401.8980712890625,4385.75,808.419677734375,162.75
2021-09-28,139.0,,,,,749.0162353515625,1057.949951171875,1876.515380859375,1484.6507568359375,1144.5,722.0924682617188,19.200000762939453,323.4757995605469,136.2196807861328,856.5072021484375,4440.7705078125,2366.294677734375,4440.130859375,584.2116088867188,941.0231323242188,940.426513671875,744.4890747070312,4659.72900390625,929.1034545898438,358.301513671875,3606.443115234375,740.1080322265625,1751.52001953125,716.96826171875,1512.3895263671875,1373.875,4315.75,793.61474609375,164.0500030517578
2021-09-29,138.5,,,,,730.5213623046875,1058.3499755859375,1897.12744140625,1483.0037841796875,1138.6500244140625,725.3182983398438,19.65999984741211,324.4090270996094,147.4538116455078,881.7374267578125,4456.73974609375,2340.319091796875,4523.67333984375,591.2611083984375,950.3396606445312,956.5038452148438,779.2594604492188,4681.54736328125,927.7815551757812,358.9449462890625,3642.874267578125,737.37060546875,1739.883544921875,725.8093872070312,1549.123779296875,1379.5548095703125,4251.2001953125,807.2793579101562,163.39999389648438
2021-09-30,136.60000610351562,,,,,736.0145874023438,1068.8900146484375,1882.45263671875,1465.4849853515625,1146.5999755859375,721.3104858398438,19.420000076293945,327.4541931152344,154.40826416015625,868.6971435546875,4602.955078125,2372.357421875,4439.93408203125,607.7753295898438,950.2811889648438,952.5813598632812,785.9348754882812,4673.9990234375,931.7471313476562,359.0439453125,3647.92431640625,752.3526611328125,1775.1126708984375,713.6096801757812,1538.5728759765625,1361.530029296875,4250.2001953125,801.4088745117188,162.4499969482422
2021-10-01,138.0,,,,,735.0651245117188,1082.8800048828125,1971.5625,1456.1015625,1151.050048828125,718.4268798828125,19.389999389648438,327.4050598144531,159.27151489257812,860.759521484375,4835.20361328125,2348.599853515625,4471.828125,610.4866333007812,964.9130249023438,955.14794921875,793.9551391601562,4706.7255859375,946.2383422851562,361.6177062988281,3655.4755859375,738.091796875,1714.3397216796875,720.5738525390625,1531.8455810546875,1439.9190673828125,4235.60009765625,802.4005126953125,160.5
2021-10-04,139.10000610351562,,,,,776.78271484375,1122.530029296875,1980.7340087890625,1523.9306640625,1176.0999755859375,727.4688720703125,20.350000381469727,335.951171875,163.98886108398438,884.2415771484375,4850.3740234375,2555.123291015625,4615.32470703125,611.7683715820312,981.8228759765625,927.3515625,799.1419067382812,5085.0322265625,941.2937622070312,361.2217712402344,3803.210693359375,754.9969482421875,1777.0537109375,717.8079833984375,1526.2313232421875,1427.7615966796875,4257.35009765625,822.1834106445312,162.5500030517578
2021-10-05,137.9499969482422,,,,,807.242431640625,1148.6700439453125,1936.3240966796875,1524.928955078125,1222.199951171875,727.2244262695312,21.299999237060547,338.8490295410156,174.49346923828125,879.7059326171875,4821.130859375,2632.606689453125,4607.1171875,613.4443969726562,980.2457885742188,905.1242065429688,788.0960083007812,5082.25634765625,943.6436767578125,358.3509826660156,3952.56396484375,757.85693359375,1781.1756591796875,724.2288208007812,1499.080078125,1427.9024658203125,4257.2998046875,806.9024658203125,162.5
2021-10-06,134.9499969482422,,,,,864.8389892578125,1099.3399658203125,1939.75146484375,1476.9146728515625,1214.5999755859375,707.7230224609375,20.309999465942383,330.10638427734375,171.13783264160156,909.56640625,4825.373046875,2845.78369140625,4553.060546875,618.078369140625,965.0591430664062,884.6885986328125,768.9819946289062,5003.0693359375,927.3899536132812,352.80743408203125,3821.989990234375,758.9313354492188,1758.1318359375,716.820068359375,1503.7261962890625,1409.220458984375,4218.5498046875,780.1980590820312,159.25
2021-10-07,137.10000610351562,,,,,908.9302368164062,1154.300048828125,1983.0997314453125,1518.041259765625,1205.6500244140625,719.5999145507812,20.389999389648438,369.8409729003906,172.8885955810547,906.259033203125,4856.36279296875,2827.6455078125,4490.0595703125,641.4940795898438,952.3060913085938,887.2067260742188,790.7374877929688,4965.37548828125,936.104248046875,356.1236877441406,3807.4765625,760.1822509765625,1743.526123046875,716.523681640625,1498.93505859375,1449.964111328125,4311.7001953125,788.2798461914062,160.3000030517578
2021-10-08,136.14999389648438,,,,,944.902587890625,1212.0,2043.2939453125,1545.142822265625,1176.550048828125,723.2655639648438,20.31999969482422,376.17694091796875,172.0132293701172,912.4957885742188,5243.91015625,2840.65771484375,4442.14599609375,640.0151977539062,944.148193359375,888.2235717773438,788.9605102539062,4939.51513671875,927.536865234375,355.1337585449219,3775.50732421875,758.641845703125,1751.43017578125,713.3132934570312,1480.3984375,1426.6351318359375,4407.9501953125,794.6460571289062,160.25
2021-10-11,136.85000610351562,,,,,924.7509155273438,1219.25,2216.6865234375,1537.0072021484375,1162.0999755859375,720.87060546875,20.3700008392334,408.3968200683594,186.26254272460938,914.9999389648438,5383.2392578125,2826.01904296875,4429.66357421875,630.1065673828125,952.9389038085938,884.9791259765625,799.6701049804688,5009.400390625,938.503173828125,356.4701232910156,3735.888916015625,766.9718627929688,1767.8472900390625,708.5717163085938,1487.36767578125,1439.8721923828125,4719.4501953125,806.0199584960938,160.14999389648438
2021-10-12,136.60000610351562,,,,,933.4122924804688,1192.75,2227.2099609375,1551.68115234375,1208.3499755859375,720.3330078125,20.329999923706055,413.4065856933594,190.4449462890625,917.3623046875,5452.9033203125,2810.3447265625,4411.13720703125,621.7262573242188,956.0443115234375,887.1099243164062,796.9327392578125,5090.09716796875,946.1404418945312,354.6882629394531,3715.834716796875,770.7639770507812,1818.615478515625,694.8408813476562,1483.8345947265625,1446.6783447265625,4739.0,848.0250854492188,161.6999969482422
2021-10-13,135.4499969482422,,,,,955.0267333984375,1171.800048828125,2181.543701171875,1566.9039306640625,1193.5,741.9361572265625,21.34000015258789,497.9346618652344,218.06822204589844,1046.15966796875,5493.22509765625,2834.841796875,4396.2470703125,625.4727783203125,959.5782470703125,884.7369995117188,809.2752685546875,5112.49951171875,943.2030029296875,348.69927978515625,3706.27294921875,777.9802856445312,1815.1822509765625,692.3712768554688,1471.638427734375,1471.1339111328125,5117.14990234375,897.5565795898438,162.60000610351562
2021-10-14,135.0,,,,,1058.642333984375,1176.5999755859375,2146.2578125,1643.41748046875,1206.550048828125,794.526611328125,22.399999618530273,488.7991638183594,216.51199340820312,1024.3785400390625,5500.61083984375,2856.627685546875,4388.138671875,641.839111328125,965.4679565429688,882.6547241210938,808.0745849609375,5232.54736328125,926.70458984375,344.1456298828125,3707.351806640625,771.4654541015625,1845.18701171875,685.357666015625,1471.5416259765625,1457.568359375,5323.75,874.5311279296875,162.35000610351562
2021-10-18,144.0500030517578,,,,,1138.889892578125,1149.5999755859375,2185.98583984375,1612.6224365234375,1203.6500244140625,792.3272094726562,24.639999389648438,500.5869140625,250.26292419433594,1034.1588134765625,5742.291015625,2826.117431640625,4408.18798828125,636.071533203125,949.6581420898438,875.2940063476562,802.8878173828125,5204.203125,916.9132080078125,339.0475769042969,3676.65771484375,771.7254638671875,1864.0543212890625,695.0383911132812,1470.7672119140625,1463.717529296875,4897.7998046875,866.518798828125,161.4499969482422
2021-10-19,138.5500030517578,,,,,1056.95654296875,1116.0,2093.351806640625,1566.6544189453125,1181.3499755859375,774.4386596679688,24.969999313354492,473.3768310546875,223.4664306640625,1020.456787109375,5710.203125,2884.328125,4403.9130859375,608.317626953125,934.9192504882812,877.6668701171875,794.675537109375,5057.17578125,918.8225708007812,340.9283752441406,3664.988037109375,759.3384399414062,1903.8343505859375,694.2481689453125,1480.2049560546875,1457.380615234375,4754.5498046875,858.9725952148438,163.10000610351562
2021-10-20,137.89999389648438,,,,,859.2197875976562,1077.25,2011.4349365234375,1586.8682861328125,1179.1500244140625,777.0289916992188,24.18000030517578,478.28839111328125,224.05001831054688,976.9417114257812,5199.24609375,2518.797119140625,4074.85400390625,591.0145874023438,925.5930786132812,877.3762817382812,782.71728515625,4983.443359375,910.2550659179688,338.3050842285156,3474.545654296875,761.5018920898438,1856.59423828125,694.8408813476562,1456.1995849609375,1439.40283203125,4596.39990234375,786.395751953125,161.9499969482422
2021-10-21,138.14999389648438,,,,,886.1337280273438,1066.699951171875,1951.67431640625,1592.2088623046875,1198.949951171875,761.82861328125,24.639999389648438,499.01519775390625,219.9648895263672,948.5457763671875,5257.6328125,2397.83984375,3756.950927734375,564.1973266601562,905.6847534179688,882.848388671875,786.0791015625,5058.685546875,905.0166625976562,341.47283935546875,3551.86962890625,759.1422119140625,1854.2388916015625,686.0985107421875,1457.1673583984375,1437.759765625,4521.25,767.2673950195312,162.4499969482422
2021-10-22,137.75,,,,,895.6863403320312,1098.199951171875,1917.11181640625,1540.25146484375,1202.1500244140625,744.6732177734375,23.40999984741211,482.2176513671875,215.9283905029297,933.3320922851562,5102.13525390625,2402.719970703125,3486.175048828125,528.9503784179688,902.9199829101562,868.1270141601562,780.4600219726562,4941.560546875,900.1209716796875,320.5360412597656,3622.4765625,756.4833984375,1862.0780029296875,682.3447875976562,1452.4727783203125,1470.1949462890625,4521.4501953125,734.0480346679688,162.85000610351562
2021-10-25,132.6999969482422,,,,,779.3888549804688,1042.800048828125,1853.6346435546875,1529.470703125,1202.4000244140625,735.1423950195312,22.239999771118164,471.4122314453125,207.75814819335938,926.6228637695312,4821.82958984375,2316.561767578125,3758.91650390625,545.9083862304688,910.4549560546875,873.453857421875,781.0844116210938,4866.12353515625,908.786376953125,318.06121826171875,3654.298828125,750.2482299804688,1805.092529296875,674.93603515625,1448.98828125,1427.385986328125,4400.60009765625,728.0586547851562,158.0
2021-10-26,135.4499969482422,,,,,811.776611328125,1071.4000244140625,1900.7479248046875,1541.0999755859375,1179.949951171875,733.0408325195312,22.440000534057617,499.65374755859375,219.1381378173828,951.191650390625,5151.08935546875,2431.948486328125,3897.79345703125,556.6549682617188,908.5176391601562,878.9259033203125,781.3724975585938,4888.47607421875,910.4019775390625,330.187744140625,3491.41259765625,770.754150390625,1831.6590576171875,681.6533203125,1457.50634765625,1435.6944580078125,4568.5,736.89404296875,158.25
2021-10-27,134.8000030517578,,,,,800.2766723632812,1065.699951171875,1872.7021484375,1563.7596435546875,1206.0999755859375,729.081787109375,21.75,489.0938720703125,218.1168670654297,942.4981079101562,5136.2685546875,2391.728271484375,3770.366455078125,566.81005859375,907.8362426757812,893.45361328125,792.514404296875,5015.53662109375,917.3048095703125,334.2959289550781,3453.804443359375,734.1083984375,1797.592529296875,685.406982421875,1452.3275146484375,1427.245361328125,4733.0,750.08251953125,157.10000610351562
2021-10-28,135.60000610351562,,,,,885.0194702148438,1039.949951171875,1825.6370849609375,1396.058837890625,1147.1500244140625,672.6300659179688,20.690000534057617,472.5418701171875,212.03778076171875,842.2855834960938,5150.44140625,2215.123779296875,3497.920166015625,530.9715576171875,889.7776489257812,863.671875,775.70556640625,4988.06982421875,863.3543701171875,334.44439697265625,3523.871826171875,734.3143310546875,1795.16748046875,674.787841796875,1424.6439208984375,1391.5244140625,4675.64990234375,738.7086791992188,150.85000610351562
2021-10-29,131.5500030517578,,,,,819.3334350585938,1050.0,1812.7484130859375,1421.0643310546875,1152.8499755859375,677.419921875,20.100000381469727,475.14501953125,208.43899536132812,851.7351684570312,4983.865234375,2198.660888671875,3400.56884765625,508.5416564941406,907.1548461914062,876.5530395507812,763.6031494140625,5016.31591796875,903.6459350585938,347.56085205078125,3628.605712890625,726.06787109375,1778.5457763671875,672.1701049804688,1437.98974609375,1377.9117431640625,4635.4501953125,731.6780395507812,152.64999389648438
2021-11-01,132.64999389648438,,,,,828.7794799804688,1068.699951171875,1886.459716796875,1442.7257080078125,1172.3499755859375,688.5636596679688,20.56999969482422,477.109619140625,216.8524169921875,855.2787475585938,5295.80859375,2270.179931640625,3232.894287109375,488.8724365234375,934.8511352539062,880.6207885742188,779.7396850585938,5092.33740234375,924.6483764648438,344.7890625,3610.41455078125,727.4169311523438,1753.052001953125,681.40625,1473.125244140625,1401.2408447265625,4564.75,743.0916748046875,155.0500030517578
2021-11-02,132.4499969482422,,,,,821.7554931640625,1066.9000244140625,1909.1470947265625,1470.1767578125,1174.25,686.5597534179688,20.81999969482422,479.22161865234375,222.2506103515625,860.5233154296875,5482.84521484375,2254.45654296875,3295.551025390625,484.4357604980469,924.0743408203125,874.9550170898438,783.1974487304688,5070.1298828125,911.3320922851562,342.0668029785156,3626.8896484375,731.4788208007812,1750.7464599609375,684.2216186523438,1464.05029296875,1400.0203857421875,4597.0498046875,744.7080078125,159.85000610351562
2021-11-03,128.35000610351562,,,,,794.2893676757812,1059.4000244140625,1906.878173828125,1483.25341796875,1204.5,693.2557373046875,20.649999618530273,476.3237609863281,222.5424041748047,846.774169921875,5550.9130859375,2239.029541015625,3336.04443359375,488.08367919921875,929.0489501953125,883.9137573242188,756.83154296875,5006.57568359375,916.374755859375,344.9375305175781,3628.164306640625,737.4539794921875,1747.438232421875,683.8759155273438,1483.365234375,1426.1187744140625,4741.2998046875,738.8177490234375,160.14999389648438
2021-11-04,131.35000610351562,,,,,796.614501953125,1082.6500244140625,1927.490234375,1486.7969970703125,1200.4000244140625,697.6546020507812,21.079999923706055,481.03887939453125,225.02267456054688,854.4283447265625,5579.65771484375,2261.7021484375,3393.787109375,491.4851379394531,927.9780883789062,882.025146484375,764.035400390625,5072.7109375,914.7590942382812,345.13555908203125,3604.923095703125,738.3223266601562,1755.8763427734375,687.926025390625,1483.704833984375,1436.445556640625,4783.7001953125,748.8034057617188,162.0
2021-11-08,131.14999389648438,,,,,806.8840942382812,1082.699951171875,1918.9945068359375,1565.45654296875,1226.0,714.0280151367188,20.899999618530273,492.53192138671875,228.13516235351562,874.8865966796875,5524.7138671875,2266.1875,3238.00537109375,490.20343017578125,932.3783569335938,884.9307250976562,768.4056396484375,4769.4521484375,909.912353515625,345.23455810546875,3586.24169921875,752.897216796875,1828.305908203125,694.6926879882812,1466.4281005859375,1557.831298828125,4748.5,768.1995239257812,161.89999389648438
2021-11-09,137.64999389648438,,,,,829.3123168945312,1101.699951171875,1903.4996337890625,1632.536865234375,1230.800048828125,720.7728271484375,21.940000534057617,500.6360168457031,235.2841339111328,895.722900390625,5584.3984375,2329.771240234375,3214.7607421875,483.6963195800781,933.0792846679688,885.3665771484375,769.7022705078125,4822.63330078125,917.79443359375,343.502197265625,3554.125244140625,743.4635009765625,1813.6104736328125,697.853759765625,1464.5355224609375,1529.3389892578125,4757.14990234375,774.2781982421875,162.25
2021-11-10,136.0500030517578,367.6333312988281,,,,823.3538818359375,1084.949951171875,1910.2574462890625,1652.9005126953125,1228.8499755859375,721.3104858398438,22.030000686645508,501.7165832519531,230.5181427001953,883.6273803710938,5516.57958984375,2327.750244140625,3152.74267578125,482.66107177734375,940.2833251953125,883.7200927734375,779.0672607421875,4778.2666015625,922.3963623046875,344.39306640625,3531.66845703125,743.8511352539062,1828.944580078125,697.9031372070312,1482.491455078125,1569.613037109375,4960.2998046875,768.6953125,161.64999389648438
2021-11-11,140.89999389648438,368.92498779296875,,,,820.8834838867188,1145.25,1884.67333984375,1661.9344482421875,1230.800048828125,718.573486328125,21.6200008392334,494.5456848144531,233.19293212890625,874.4140625,5372.21044921875,2311.336669921875,3077.652587890625,455.6959533691406,937.4796142578125,876.4078369140625,763.4590454101562,4707.65087890625,916.1298828125,343.1062316894531,3482.439453125,731.2188110351562,1783.5556640625,694.0505981445312,1463.4678955078125,1583.2255859375,4997.75,773.4749145507812,160.64999389648438
2021-11-12,153.0,393.04998779296875,,,,837.8863525390625,1168.6500244140625,1880.4737548828125,1702.1627197265625,1292.300048828125,733.4317016601562,21.690000534057617,498.0820007324219,233.2902069091797,884.3361206054688,5395.365234375,2320.80029296875,2927.177978515625,446.0831604003906,942.9896240234375,887.1099243164062,774.6489868164062,4717.92626953125,928.467041015625,342.9577331542969,3383.001708984375,743.6204833984375,1823.72021484375,711.83154296875,1465.8458251953125,1587.82568359375,5078.5498046875,794.0411987304688,162.60000610351562
2021-11-15,160.3000030517578,380.375,,1202.300048828125,,875.2344970703125,1198.9000244140625,1874.0052490234375,1746.4337158203125,1305.050048828125,732.9429321289062,21.43000030517578,496.5103454589844,235.04095458984375,885.8953247070312,5400.0556640625,2319.51904296875,3083.058837890625,484.13995361328125,948.9085693359375,908.6109008789062,778.6830444335938,4780.11767578125,925.0399780273438,358.103515625,3557.557373046875,739.2200927734375,1809.4189453125,705.904541015625,1491.3726806640625,1607.9627685546875,5023.2998046875,793.2677001953125,162.5
2021-11-16,157.60000610351562,372.7916564941406,,1341.9000244140625,,892.3341674804688,1189.300048828125,1890.852294921875,1708.5511474609375,1314.3499755859375,729.6683349609375,21.350000381469727,509.8697509765625,237.81301879882812,883.2966918945312,5468.72265625,2318.779296875,3280.0712890625,484.5836486816406,937.9955444335938,892.7272338867188,766.9169311523438,4726.498046875,912.0665283203125,365.62689208984375,3434.6328125,741.3246459960938,1817.3280029296875,704.9166870117188,1475.309326171875,1560.365966796875,5081.5,795.6774291992188,162.60000610351562
2021-11-17,156.5500030517578,353.8416748046875,,1447.949951171875,,875.42822265625,1197.199951171875,1861.45458984375,1703.410400390625,1313.5,719.0133666992188,20.860000610351562,520.7734985351562,243.06533813476562,888.8719482421875,5438.53173828125,2261.850341796875,3217.217529296875,477.9671325683594,928.396728515625,876.8435668945312,760.0972290039062,4640.0546875,891.1619262695312,372.6058044433594,3423.649658203125,746.4216918945312,1821.8837890625,702.397705078125,1484.04443359375,1538.86767578125,5126.39990234375,777.8777465820312,159.5500030517578
2021-11-18,154.6999969482422,354.2083435058594,1560.800048828125,1332.3499755859375,,862.882080078125,1156.8499755859375,1858.799560546875,1685.741943359375,1345.75,709.7268676757812,20.579999923706055,500.6851501464844,230.61541748046875,874.4140625,5377.9990234375,2257.216796875,3104.730224609375,476.0414123535156,909.539794921875,864.2044677734375,759.4249267578125,4661.2392578125,879.9508056640625,363.2510986328125,3352.30712890625,734.3829956054688,1788.535888671875,695.9274291992188,1467.8839111328125,1504.8834228515625,5080.89990234375,756.76611328125,155.5500030517578
2021-11-22,149.75,349.6166687011719,1359.5999755859375,1237.550048828125,,859.1035766601562,1105.75,1769.834716796875,1672.76513671875,1340.949951171875,698.9254150390625,20.190000534057617,477.5025634765625,221.42385864257812,842.8998413085938,5057.72119140625,2095.842529296875,2974.158447265625,465.9686279296875,897.108154296875,867.2069702148438,740.3108520507812,4557.55517578125,853.1223754882812,354.2428283691406,3471.946533203125,692.5224609375,1703.95556640625,680.4678955078125,1419.35400390625,1450.8558349609375,4828.2998046875,742.16943359375,151.5
2021-11-23,148.6999969482422,355.8166809082031,1494.699951171875,1214.8499755859375,,864.9649658203125,1117.550048828125,1740.775390625,1704.90771484375,1407.050048828125,712.85498046875,21.190000534057617,486.7362976074219,230.46951293945312,862.0824584960938,5074.1396484375,2122.064453125,3101.5849609375,481.7197570800781,901.84912109375,881.9282836914062,754.1902465820312,4639.5185546875,864.5782470703125,362.1126403808594,3457.7763671875,698.016845703125,1733.3316650390625,686.938232421875,1415.6171875,1434.7557373046875,4843.2998046875,754.2672119140625,154.35000610351562
2021-11-24,155.5,374.5833435058594,1752.449951171875,1303.8499755859375,,835.9002685546875,1153.4000244140625,1751.8779296875,1752.023681640625,1391.3499755859375,745.8950805664062,21.18000030517578,480.0074157714844,232.0257568359375,850.8375244140625,5067.70166015625,2124.529052734375,3132.102783203125,495.841552734375,895.2487182617188,865.3182983398438,748.1869506835938,4561.013671875,876.0342407226562,356.1731262207031,3441.987548828125,704.1980590820312,1737.383544921875,678.8379516601562,1444.15283203125,1404.4326171875,4882.60009765625,747.3358154296875,157.0
2021-11-25,159.75,399.5916748046875,1798.75,1260.6500244140625,,838.564453125,1196.8499755859375,1750.5745849609375,1759.9095458984375,1405.050048828125,745.30859375,21.010000228881836,484.0349426269531,236.15953063964844,851.0264282226562,5212.12158203125,2128.817626953125,3061.533935546875,528.380859375,893.992919921875,871.6136474609375,751.9810180664062,4675.06982421875,880.4892578125,358.8459167480469,3479.89013671875,699.1452026367188,1733.406494140625,680.41845703125,1449.0543212890625,1390.9610595703125,4894.5,745.3129272460938,158.25
2021-11-26,148.14999389648438,406.1833190917969,1782.5999755859375,1273.449951171875,,797.3895263671875,1181.5999755859375,1723.25244140625,1666.5762939453125,1372.550048828125,701.0270385742188,20.25,452.0606384277344,221.13209533691406,806.7080688476562,5092.60400390625,2075.68359375,3032.53955078125,516.6784057617188,925.0088500976562,936.261962890625,736.9971313476562,4809.484375,896.2533569335938,359.14288330078125,3437.03564453125,667.8711547851562,1664.9139404296875,662.4893798828125,1410.9100341796875,1352.4705810546875,4718.75,725.5697631835938,152.60000610351562
2021-11-29,149.10000610351562,414.3999938964844,1736.449951171875,1229.800048828125,,751.61279296875,1116.25,1690.2830810546875,1662.084228515625,1352.75,686.8040771484375,19.68000030517578,453.2885437011719,212.67001342773438,820.835205078125,4994.09521484375,2056.805419921875,2915.678955078125,496.0884094238281,914.6312866210938,934.6154174804688,721.3887939453125,4793.4619140625,874.3696899414062,360.7267761230469,3537.699462890625,677.5550537109375,1685.6572265625,675.3311767578125,1392.080322265625,1339.7498779296875,4673.35009765625,721.9502563476562,143.75
2021-11-30,152.5500030517578,406.7416687011719,1699.5999755859375,1215.5999755859375,,770.3594970703125,1148.9000244140625,1751.5882568359375,1659.887939453125,1295.4000244140625,668.4755859375,19.8700008392334,450.4889221191406,210.87060546875,824.2369384765625,5090.8076171875,2089.287109375,2945.852294921875,502.3099060058594,910.3965454101562,940.7171020507812,723.8380737304688,4752.01708984375,865.9490966796875,356.76708984375,3515.97802734375,686.532470703125,1720.28271484375,672.515869140625,1395.08935546875,1338.905029296875,4710.89990234375,724.082275390625,148.4499969482422
2021-12-01,151.39999389648438,415.51666259765625,1636.699951171875,1214.25,,786.6356811523438,1115.800048828125,1736.0445556640625,1690.283935546875,1328.5999755859375,692.0338745117188,20.25,466.84442138671875,219.04086303710938,835.2457275390625,5067.9013671875,2120.8818359375,2901.525390625,501.9642333984375,896.8648071289062,898.9256591796875,715.9140014648438,4628.7080078125,853.2203369140625,366.9632873535156,3550.546142578125,690.5994262695312,1734.813720703125,685.406982421875,1398.1466064453125,1371.1993408203125,4693.7001953125,733.9290771484375,148.0
2021-12-02,150.64999389648438,406.3666687011719,1600.8499755859375,1213.800048828125,,795.6456909179688,1114.0,1737.347900390625,1729.1644287109375,1341.5999755859375,722.4835205078125,20.350000381469727,470.6263427734375,220.2080535888672,850.4595336914062,5085.7666015625,2188.0634765625,2983.544921875,510.3583679199219,907.8458862304688,892.2429809570312,735.9885864257812,4653.15478515625,857.3327026367188,363.7955322265625,3566.0400390625,704.5120239257812,1772.2584228515625,696.7176513671875,1420.664306640625,1402.8367919921875,4782.9501953125,746.2747192382812,148.60000610351562
2021-12-03,144.89999389648438,387.45001220703125,1648.3499755859375,1210.5999755859375,,794.3377685546875,1097.0999755859375,1734.934326171875,1705.057373046875,1389.6500244140625,720.87060546875,20.15999984741211,471.6086730957031,219.42994689941406,859.9090576171875,5168.60595703125,2276.489013671875,3025.266845703125,505.025634765625,894.9468994140625,883.3325805664062,722.1093139648438,4633.43115234375,854.7869873046875,363.152099609375,3578.690673828125,693.5968017578125,1745.3673095703125,682.5424194335938,1406.78466796875,1391.805908203125,4799.0498046875,753.74169921875,152.10000610351562
2021-12-06,138.5500030517578,365.20001220703125,1604.449951171875,1146.75,,776.4146118164062,1066.550048828125,1691.8277587890625,1642.6688232421875,1378.699951171875,707.1853637695312,19.899999618530273,458.9368591308594,214.80984497070312,846.86865234375,5102.18505859375,2220.249755859375,2953.174560546875,495.6934509277344,875.9050903320312,866.7710571289062,708.037841796875,4526.0458984375,840.3446655273438,356.1236877441406,3491.853759765625,682.0682983398438,1685.961669921875,675.8745727539062,1377.6668701171875,1377.02001953125,4593.4501953125,735.0991821289062,148.10000610351562
2021-12-07,139.8000030517578,358.98333740234375,1577.5,1190.5999755859375,,797.3895263671875,1080.050048828125,1694.820556640625,1675.4603271484375,1389.699951171875,727.9577026367188,20.06999969482422,473.2785949707031,220.2566680908203,859.3892822265625,5210.37451171875,2253.421630859375,3012.981201171875,493.3233337402344,880.1885986328125,861.2505493164062,714.3290405273438,4504.6181640625,848.079833984375,356.5691223144531,3487.44091796875,696.9229125976562,1707.473388671875,685.9503784179688,1374.70654296875,1403.8695068359375,4660.64990234375,752.1153564453125,147.8000030517578
2021-12-08,147.60000610351562,363.8083190917969,1553.4000244140625,1187.6500244140625,,824.855712890625,1084.75,1788.274658203125,1712.4443359375,1390.5,744.2821655273438,20.790000915527344,485.1645812988281,223.12599182128906,873.0439453125,5366.9697265625,2301.380615234375,3221.345703125,500.2360534667969,889.9237060546875,869.6766357421875,727.632080078125,4485.2841796875,870.6979370117188,378.9413146972656,3452.774658203125,722.2708740234375,1758.6358642578125,678.0477294921875,1402.51416015625,1409.126708984375,4814.60009765625,760.157470703125,152.5500030517578
2021-12-09,146.25,360.57501220703125,1593.949951171875,1131.25,,830.1357421875,1066.9000244140625,1809.803955078125,1719.1822509765625,1390.0999755859375,752.4444580078125,20.709999084472656,485.2137145996094,221.4724884033203,884.3361206054688,5378.74755859375,2286.2978515625,3260.46337890625,509.71649169921875,894.5088500976562,866.3353271484375,729.7452392578125,4458.01123046875,869.0333251953125,369.1905822753906,3509.505615234375,730.002197265625,1756.135986328125,674.8372802734375,1395.331787109375,1417.1064453125,4821.2001953125,758.7493286132812,162.64999389648438
2021-12-10,140.5500030517578,352.4666748046875,1567.550048828125,1134.75,,831.201416015625,1083.949951171875,1780.7926025390625,1737.2999267578125,1388.9000244140625,750.4404907226562,20.809999465942383,485.7048645019531,221.76429748535156,888.3994750976562,5533.69677734375,2319.469482421875,3237.90625,519.9867553710938,894.3239135742188,865.754150390625,731.281982421875,4389.34375,865.4595947265625,368.4481506347656,3530.834716796875,731.1992797851562,1767.562744140625,676.417724609375,1397.564208984375,1400.630615234375,4796.60009765625,751.2625732421875,159.14999389648438
2021-12-13,142.64999389648438,346.9583435058594,1555.050048828125,1153.0,,831.9281616210938,1078.25,1761.8701171875,1716.4871826171875,1385.949951171875,741.3985595703125,20.75,486.5889587402344,223.95274353027344,884.3834228515625,5697.42822265625,2286.051513671875,3165.27392578125,506.655029296875,895.5894775390625,863.2360229492188,732.4827880859375,4412.6708984375,865.5574340820312,374.6846618652344,3485.430419921875,708.264892578125,1728.9302978515625,666.1937866210938,1379.1712646484375,1399.45703125,4765.7998046875,741.4456176757812,158.25
2021-12-14,140.64999389648438,335.9333190917969,1496.050048828125,1125.6500244140625,,828.3919067382812,1100.8499755859375,1747.8712158203125,1717.0361328125,1436.3499755859375,746.5304565429688,20.670000076293945,480.74420166015625,222.78558349609375,881.9736938476562,5518.6259765625,2291.916748046875,3121.782958984375,508.28448486328125,904.6918334960938,867.4005737304688,726.1913452148438,4533.44873046875,923.37548828125,374.3381652832031,3564.373046875,693.2681274414062,1708.9205322265625,661.3533325195312,1392.7596435546875,1404.197998046875,4814.39990234375,744.2915649414062,156.0
2021-12-15,140.60000610351562,354.79998779296875,1379.949951171875,1119.550048828125,,824.6619873046875,1094.050048828125,1756.5118408203125,1692.2802734375,1439.25,728.7396850585938,20.440000534057617,482.9543762207031,221.61839294433594,871.0595092773438,5573.91845703125,2312.223876953125,3138.933349609375,507.1982116699219,895.686767578125,867.4974975585938,744.4890747070312,4469.4560546875,899.6803588867188,371.61590576171875,3472.387939453125,671.8152465820312,1662.7332763671875,664.6625366210938,1359.32275390625,1374.20361328125,4749.4501953125,729.3775024414062,155.39999389648438
2021-12-16,138.39999389648438,360.9916687011719,1399.3499755859375,1101.8499755859375,,825.5823364257812,1085.949951171875,1753.422607421875,1699.018310546875,1402.25,728.3975219726562,20.260000228881836,483.2491149902344,215.8311309814453,856.979736328125,5515.6318359375,2327.109375,3122.9130859375,498.9029541015625,895.1124267578125,853.2603149414062,734.2596435546875,4481.875,884.552734375,359.4894104003906,3555.841552734375,689.6329956054688,1666.98974609375,661.3533325195312,1367.038818359375,1374.766845703125,4742.10009765625,728.4850463867188,153.35000610351562
2021-12-17,135.35000610351562,349.79998779296875,1321.0,1083.75,,806.4481201171875,1080.8499755859375,1733.6309814453125,1642.369384765625,1413.25,707.6741333007812,20.020000457763672,461.8837890625,209.89796447753906,834.9622192382812,5373.10888671875,2241.8876953125,3072.934814453125,491.39764404296875,879.6531372070312,833.115234375,738.5819702148438,4394.21337890625,856.5982666015625,349.6891784667969,3579.082763671875,677.0987548828125,1617.1746826171875,648.6103515625,1318.800048828125,1364.95654296875,4697.7998046875,704.7158203125,147.89999389648438
2021-12-20,126.55000305175781,325.45001220703125,1304.0,939.1500244140625,,769.342041015625,1056.9000244140625,1640.756103515625,1587.117919921875,1369.5,685.9244384765625,19.420000076293945,439.1432189941406,203.38119506835938,795.9828491210938,5216.86181640625,2155.384765625,2930.17578125,472.83197021484375,887.9766235351562,865.6573486328125,733.7793579101562,4293.89013671875,856.8920288085938,347.26385498046875,3571.875244140625,650.9071044921875,1579.450439453125,625.8901977539062,1311.666259765625,1321.114990234375,4618.9501953125,672.9739990234375,142.3000030517578
2021-12-21,131.60000610351562,327.2416687011719,1311.449951171875,955.7000122070312,,789.348388671875,1064.75,1628.639892578125,1617.613525390625,1383.1500244140625,709.2869873046875,19.770000457763672,445.5773620605469,206.1046142578125,809.3067016601562,5490.77978515625,2244.89453125,2948.55517578125,479.1522216796875,899.6976318359375,858.8292846679688,747.8027954101562,4291.2119140625,857.4796142578125,347.2143859863281,3626.59521484375,645.353759765625,1580.024169921875,630.9775390625,1329.3310546875,1319.2843017578125,4587.39990234375,676.7223510742188,144.1999969482422
2021-12-22,138.64999389648438,335.07501220703125,1342.199951171875,980.1500244140625,,813.5689697265625,1079.6500244140625,1637.2806396484375,1655.1463623046875,1403.0999755859375,706.598876953125,19.93000030517578,462.1784362792969,212.03778076171875,833.8756103515625,5402.7509765625,2294.38134765625,3080.84716796875,491.10137939453125,905.0714111328125,861.6864624023438,766.00439453125,4444.91162109375,883.5245971679688,356.4701232910156,3678.4716796875,664.3536987304688,1591.396240234375,632.1135864257812,1305.648681640625,1356.7890625,4655.85009765625,680.1435546875,143.0500030517578
2021-12-23,133.0,353.5916748046875,1348.800048828125,979.5999755859375,,815.1190795898438,1072.199951171875,1649.1553955078125,1673.2142333984375,1422.050048828125,714.85888671875,19.860000610351562,463.9957580566406,212.08642578125,837.3245849609375,5358.6865234375,2284.17822265625,3132.29931640625,498.80413818359375,914.0861206054688,881.1051025390625,761.15380859375,4362.11962890625,893.4138793945312,370.57647705078125,3789.82470703125,678.732421875,1613.75146484375,632.7062377929688,1314.044189453125,1402.742919921875,4647.89990234375,700.967529296875,144.89999389648438
2021-12-24,131.4499969482422,340.8083190917969,1369.550048828125,983.0499877929688,,811.0984497070312,1084.3499755859375,1638.5357666015625,1695.175048828125,1385.4000244140625,706.1590576171875,19.729999542236328,459.3297424316406,210.87060546875,824.189697265625,5412.880859375,2277.524169921875,3073.524658203125,495.39715576171875,903.1536254882812,879.7007446289062,754.38232421875,4331.68212890625,879.0206298828125,350.8771057128906,3818.509033203125,672.2813720703125,1588.8665771484375,629.5945434570312,1300.941162109375,1382.6995849609375,4628.89990234375,681.0953979492188,143.1999969482422
2021-12-27,132.75,351.14166259765625,1344.949951171875,977.3499755859375,,812.84228515625,1082.699951171875,1641.4803466796875,1727.1180419921875,1375.5,706.9409790039062,19.889999389648438,462.8169860839844,211.4055938720703,831.4659423828125,5606.455078125,2315.427978515625,3128.36767578125,512.77783203125,922.2830810546875,900.9596557617188,762.7387084960938,4356.9580078125,897.3305053710938,352.85693359375,3820.273681640625,676.0833740234375,1598.10302734375,631.9653930664062,1307.0560302734375,1396.21826171875,4668.64990234375,698.2207641601562,142.4499969482422
2021-12-28,132.85000610351562,358.875,1353.5,969.7999877929688,,836.5784301757812,1075.050048828125,1639.839111328125,1747.8809814453125,1398.800048828125,712.85498046875,20.200000762939453,471.7069091796875,215.53933715820312,857.6884155273438,5587.64111328125,2407.64892578125,3198.887451171875,522.40625,923.6265869140625,903.91357421875,782.9092407226562,4407.75244140625,897.477294921875,352.3619689941406,3800.12158203125,677.643310546875,1606.8603515625,634.4843139648438,1348.4517822265625,1400.865234375,4721.9501953125,695.6127319335938,141.5500030517578
2021-12-29,137.10000610351562,360.0,1341.550048828125,961.4500122070312,,822.86962890625,1103.5999755859375,1678.2630615234375,1714.98974609375,1392.6500244140625,706.5010986328125,19.969999313354492,467.5811767578125,213.4481201171875,851.4044799804688,5544.0263671875,2434.0185546875,3148.811279296875,541.416259765625,941.0231323242188,906.0927124023438,805.6732788085938,4501.50146484375,910.2061157226562,358.0044860839844,3826.403076171875,678.1339111328125,1621.6507568359375,636.9044799804688,1339.619384765625,1401.8980712890625,4683.9501953125,703.8532104492188,141.5
2021-12-30,133.9499969482422,351.2749938964844,1327.949951171875,929.0499877929688,,807.029296875,1105.75,1710.1710205078125,1693.37841796875,1311.050048828125,707.9674072265625,19.889999389648438,462.0802307128906,212.37823486328125,835.29296875,5544.72509765625,2405.726318359375,3111.708740234375,531.2446899414062,954.9539794921875,922.7510986328125,801.4950561523438,4507.6376953125,918.2839965820312,357.75701904296875,3798.65087890625,674.1553344726562,1613.5169677734375,633.1013793945312,1333.456298828125,1388.9425048828125,4639.35009765625,698.3695678710938,141.4499969482422
2021-12-31,137.39999389648438,350.2583312988281,1334.550048828125,950.2999877929688,,805.818359375,1127.449951171875,1721.7564697265625,1706.405029296875,1330.25,713.88134765625,19.940000534057617,473.86798095703125,214.90708923339844,844.9788208007812,5498.86376953125,2454.81884765625,3351.32763671875,532.1829833984375,955.4019165039062,914.3734130859375,812.30078125,4556.630859375,930.9148559570312,360.9742736816406,3789.775634765625,684.5750732421875,1637.334228515625,641.6461181640625,1360.0506591796875,1404.10400390625,4671.4501953125,712.2025146484375,141.5500030517578
2022-01-03,141.35000610351562,347.7083435058594,1339.800048828125,952.2999877929688,,819.2850341796875,1194.25,1741.837158203125,1714.09130859375,1346.9000244140625,720.0397338867188,20.260000228881836,488.7991638183594,217.2900848388672,863.8306274414062,5506.39990234375,2494.201171875,3656.4541015625,522.159423828125,944.9171752929688,901.20166015625,815.4225463867188,4530.380859375,925.5296020507812,359.0934143066406,3776.7822265625,708.3483276367188,1694.72900390625,642.58447265625,1368.349365234375,1446.115234375,4711.5,724.7466430664062,142.25
2022-01-04,138.35000610351562,352.32501220703125,1317.75,965.0499877929688,,821.6101684570312,1317.4000244140625,1758.8773193359375,1715.93798828125,1366.699951171875,722.630126953125,20.110000610351562,480.9406433105469,220.1107940673828,859.0585327148438,5470.3193359375,2477.837158203125,3719.0126953125,512.5802612304688,941.470947265625,895.1484985351562,804.6168823242188,4501.5986328125,912.8986206054688,360.7267761230469,3810.369384765625,720.4556884765625,1710.11328125,645.2023315429688,1381.7435302734375,1439.40283203125,4726.9501953125,714.8899536132812,140.8000030517578
2022-01-05,133.9499969482422,340.5,1288.3499755859375,942.7000122070312,,814.3923950195312,1327.199951171875,1743.4302978515625,1712.3944091796875,1399.6500244140625,737.9283447265625,19.969999313354492,481.0879821777344,217.38735961914062,864.8228149414062,5302.6455078125,2488.828857421875,3621.955810546875,520.6781616210938,932.6996459960938,899.3130493164062,802.119384765625,4439.9921875,912.6049194335938,359.6873779296875,3865.53125,752.6176147460938,1795.2373046875,645.5974731445312,1406.9305419921875,1439.5904541015625,4687.39990234375,721.4842529296875,139.5500030517578
2022-01-06,130.0,333.8416748046875,1254.050048828125,890.5999755859375,,816.959716796875,1334.25,1714.3704833984375,1710.0484619140625,1409.800048828125,723.1677856445312,19.969999313354492,480.20391845703125,222.2019805908203,854.381103515625,5328.146484375,2498.14404296875,3660.877197265625,519.4436645507812,922.779541015625,892.9693603515625,796.8366088867188,4372.49267578125,903.890625,356.7176208496094,3904.021728515625,760.2166748046875,1795.0478515625,639.0284423828125,1406.3482666015625,1439.44970703125,4705.64990234375,709.9813842773438,138.6999969482422
2022-01-07,129.25,334.2250061035156,1231.5999755859375,894.2000122070312,,834.1079711914062,1302.5999755859375,1710.895263671875,1696.073486328125,1423.0999755859375,719.5509643554688,20.040000915527344,481.9230041503906,223.5150604248047,876.1622924804688,5284.77978515625,2497.40478515625,3570.012451171875,519.2461547851562,916.7340698242188,885.9476318359375,796.2124633789062,4399.32763671875,896.9387817382812,354.88629150390625,3839.1025390625,751.4942016601562,1772.1336669921875,652.2652587890625,1404.0186767578125,1432.4556884765625,4731.35009765625,746.3838500976562,145.1999969482422
2022-01-10,130.1999969482422,334.2416687011719,1158.050048828125,899.75,,846.2182006835938,1308.9000244140625,1750.5745849609375,1749.478271484375,1438.9000244140625,722.2391357421875,21.739999771118164,494.791259765625,225.41172790527344,887.5490112304688,5279.93994140625,2558.81982421875,3610.456787109375,514.6046752929688,914.9136962890625,887.3519897460938,794.0512084960938,4349.74951171875,918.724609375,354.539794921875,3787.667236328125,758.5535888671875,1776.3153076171875,654.883056640625,1402.3203125,1445.1763916015625,4633.5498046875,750.1123046875,144.39999389648438
2022-01-11,131.3000030517578,330.3333435058594,1119.6500244140625,860.5499877929688,,835.5126953125,1388.4000244140625,1799.8116455078125,1840.615478515625,1567.949951171875,747.89892578125,21.709999084472656,492.4336853027344,226.7248077392578,918.6852416992188,5254.888671875,2538.019775390625,3622.34912109375,519.2954711914062,909.1114501953125,887.1099243164062,799.526123046875,4399.1806640625,926.3129272460938,355.0347595214844,3693.181640625,752.5243530273438,1776.3851318359375,650.1414794921875,1384.6068115234375,1431.939453125,4504.89990234375,754.9415893554688,142.75
2022-01-12,132.25,335.14166259765625,1082.699951171875,871.7000122070312,,834.3986206054688,1428.699951171875,1812.21728515625,1826.8402099609375,1647.550048828125,746.3838500976562,23.8799991607666,498.27850341796875,231.2476348876953,938.34033203125,5255.787109375,2596.969970703125,3621.80859375,514.01220703125,913.8135986328125,877.6668701171875,803.176025390625,4376.1455078125,932.9710693359375,361.1722412109375,3642.432861328125,762.7920532226562,1789.9381103515625,665.0576782226562,1385.1405029296875,1425.508544921875,4276.10009765625,776.876220703125,146.25
2022-01-13,133.10000610351562,343.2583312988281,1031.800048828125,918.1500244140625,,841.0835571289062,1436.5,1844.5113525390625,1850.0487060546875,1661.800048828125,754.83935546875,23.290000915527344,502.8953552246094,238.59115600585938,958.2316284179688,5259.22998046875,2619.10107421875,3623.4794921875,516.38232421875,920.1510620117188,894.9547729492188,831.31884765625,4470.77001953125,938.94384765625,366.517822265625,3677.24609375,766.1134033203125,1818.8499755859375,662.1929931640625,1368.5433349609375,1406.3572998046875,4254.60009765625,777.1439208984375,145.85000610351562
2022-01-14,133.60000610351562,342.9416809082031,1118.5999755859375,941.4000244140625,,874.5562744140625,1480.300048828125,1825.5404052734375,1866.9185791015625,1697.949951171875,762.561767578125,23.43000030517578,500.881591796875,237.71575927734375,972.1224365234375,5258.13232421875,2622.058349609375,3580.578125,514.3577880859375,912.9957885742188,892.485107421875,825.7959594726562,4496.630859375,931.9429321289062,354.0943298339844,3651.798095703125,768.4533081054688,1817.322998046875,663.2796630859375,1373.930419921875,1393.9652099609375,4322.7001953125,779.7122192382812,143.5
2022-01-17,134.0,345.2166748046875,1105.300048828125,1022.5999755859375,,869.3731079101562,1486.449951171875,1803.0457763671875,1874.455322265625,1835.300048828125,761.535400390625,23.209999084472656,515.7145385742188,241.07139587402344,972.594970703125,5377.64990234375,2622.107666015625,3582.49462890625,501.3717346191406,909.7247924804688,881.5408935546875,819.5047607421875,4510.0234375,922.8859252929688,353.5003967285156,3625.81103515625,770.4548950195312,1833.380859375,665.9468383789062,1390.236083984375,1404.6673583984375,4400.5,772.2650756835938,141.5
2022-01-18,133.0500030517578,342.5916748046875,1041.6500244140625,998.7999877929688,,834.2532958984375,1449.5,1775.144775390625,1837.6707763671875,1900.0999755859375,745.7974243164062,21.950000762939453,501.7656555175781,232.5607147216797,950.5775146484375,5225.4951171875,2553.7431640625,3540.37939453125,493.6689758300781,913.8428344726562,873.744384765625,813.2614135742188,4409.50537109375,924.011962890625,345.18505859375,3604.383544921875,759.7996215820312,1811.71923828125,660.9581909179688,1405.037841796875,1373.6873779296875,4441.14990234375,751.093994140625,139.9499969482422
2022-01-19,129.1999969482422,337.6333312988281,997.3499755859375,929.25,,848.640380859375,1388.3499755859375,1757.0428466796875,1846.0059814453125,1938.449951171875,727.4688720703125,22.780000686645508,511.6379089355469,241.70362854003906,955.9637451171875,5249.0,2531.266845703125,3452.119384765625,491.2000732421875,912.1683349609375,867.4490356445312,805.3851928710938,4365.041015625,939.433349609375,363.6470642089844,3608.74755859375,742.9043579101562,1804.109375,648.0669555664062,1381.1610107421875,1384.8118896484375,4483.39990234375,742.0305786132812,137.14999389648438
2022-01-20,125.19999694824219,341.8083190917969,995.3499755859375,915.4000244140625,,852.9515380859375,1391.6500244140625,1756.463623046875,1862.5263671875,1966.699951171875,721.4082641601562,22.75,506.57904052734375,241.8495330810547,943.1123046875,5216.11376953125,2613.97509765625,3401.305908203125,479.2015686035156,893.983154296875,854.5678100585938,787.6157836914062,4217.23583984375,919.8995361328125,360.52880859375,3563.8828125,738.8276977539062,1722.4383544921875,641.5473022460938,1345.6370849609375,1383.309814453125,4483.5498046875,732.9175415039062,137.8000030517578
2022-01-21,113.6500015258789,333.04998779296875,960.2999877929688,864.25,,834.8345336914062,1379.0999755859375,1727.1142578125,1825.09326171875,1934.550048828125,707.625244140625,21.989999771118164,492.9739990234375,235.332763671875,911.881591796875,4969.59326171875,2465.416015625,3293.19189453125,475.7945556640625,875.4086303710938,840.136962890625,776.8101196289062,4070.79248046875,884.552734375,373.2987976074219,3499.061767578125,723.4727172851562,1630.2484130859375,633.6446533203125,1341.02685546875,1345.0540771484375,4299.7998046875,734.1373291015625,135.39999389648438
2022-01-24,91.3499984741211,289.32501220703125,917.4500122070312,777.1500244140625,,784.5527954101562,1243.75,1563.5699462890625,1712.743896484375,1837.8499755859375,686.657470703125,20.559999465942383,469.9878845214844,223.27191162109375,861.9407348632812,4611.58837890625,2330.116455078125,3122.6669921875,463.6972351074219,849.7469482421875,864.0108032226562,769.2220458984375,3951.18359375,902.7646484375,369.0420837402344,3240.07177734375,680.1060180664062,1567.5692138671875,619.9631958007812,1291.8662109375,1353.64404296875,4035.300048828125,694.2642211914062,133.0
2022-01-25,100.44999694824219,276.7749938964844,914.7999877929688,777.5499877929688,,804.0260009765625,1283.8499755859375,1513.65673828125,1738.2982177734375,1929.0,695.1129760742188,21.43000030517578,481.8738708496094,232.26890563964844,868.64990234375,4543.27099609375,2184.514892578125,3141.73486328125,469.0793151855469,857.2429809570312,877.13427734375,776.1376953125,3943.9755859375,896.8409423828125,370.5269775390625,3331.370361328125,683.24560546875,1549.7847900390625,623.124267578125,1306.5706787109375,1372.84228515625,4095.449951171875,684.4669799804688,133.10000610351562
2022-01-27,90.5,270.29998779296875,893.7000122070312,735.4500122070312,,788.4279174804688,1208.75,1443.856201171875,1682.996826171875,1910.25,693.1580200195312,21.1299991607666,485.6557312011719,234.4573974609375,860.759521484375,4382.03369140625,2096.680419921875,3036.569580078125,458.90771484375,828.7191162109375,898.39306640625,780.0277709960938,3837.467529296875,869.5719604492188,355.7771911621094,3313.86572265625,670.8096923828125,1532.90869140625,613.9375,1332.8251953125,1347.6827392578125,4063.300048828125,643.1758422851562,130.25
2022-01-28,89.55000305175781,273.9333190917969,903.0499877929688,789.0499877929688,,818.2677001953125,1212.800048828125,1553.577392578125,1690.6829833984375,1938.4000244140625,694.1843872070312,21.149999618530273,488.5044250488281,237.37533569335938,892.084716796875,4383.4814453125,2190.03515625,3134.31396484375,493.5701904296875,821.369140625,902.8966064453125,794.675537109375,3838.295166015625,880.9788818359375,360.4298400878906,3257.67431640625,673.7775268554688,1516.8310546875,612.9002075195312,1332.8251953125,1350.3583984375,4076.0,655.3826904296875,134.39999389648438
2022-01-31,90.4000015258789,275.2583312988281,916.8499755859375,795.0499877929688,,840.9381713867188,1310.3499755859375,1734.306884765625,1711.895263671875,1877.8499755859375,700.196044921875,21.25,508.5927734375,239.3206329345703,882.3517456054688,4398.7021484375,2199.794189453125,3199.2314453125,496.43408203125,837.7630004882812,915.2451171875,801.543212890625,3931.21630859375,889.1546630859375,363.39959716796875,3361.8193359375,686.826904296875,1565.812744140625,614.8758544921875,1328.8458251953125,1368.383056640625,4114.35009765625,671.1791381835938,133.89999389648438
2022-02-01,94.55000305175781,283.95001220703125,965.5999755859375,862.4000244140625,,830.1842651367188,1312.8499755859375,1762.49755859375,1743.788330078125,1904.0,722.1414184570312,21.600000381469727,495.3806457519531,243.01670837402344,900.7783813476562,4429.1923828125,2232.128662109375,3236.82568359375,517.9129028320312,839.0578002929688,916.6011352539062,856.5322265625,4001.5888671875,885.189208984375,372.3583068847656,3444.978759765625,688.23486328125,1587.1998291015625,616.3082275390625,1328.8941650390625,1377.3016357421875,4225.60009765625,682.3151245117188,134.85000610351562
2022-02-02,98.9000015258789,303.7416687011719,957.0999755859375,900.7999877929688,,834.0594482421875,1309.25,1772.4896240234375,1776.1805419921875,1916.300048828125,728.4464721679688,21.670000076293945,497.4435119628906,243.74620056152344,913.5352783203125,4619.4228515625,2328.83447265625,3316.190673828125,518.85107421875,859.6766967773438,921.8310546875,855.4755249023438,4109.99658203125,894.490966796875,383.3464660644531,3407.125732421875,711.080810546875,1667.254150390625,636.3118286132812,1343.2591552734375,1379.9302978515625,4236.64990234375,654.7877197265625,136.35000610351562
2022-02-03,97.0999984741211,306.0333251953125,944.5,936.5,,833.8172607421875,1290.6500244140625,1742.51318359375,1748.7294921875,1912.550048828125,716.0318603515625,21.520000457763672,495.5771179199219,245.93466186523438,912.2122802734375,4516.2734375,2305.520751953125,3543.08203125,526.1588134765625,851.7523803710938,922.7510986328125,848.656005859375,4151.6845703125,881.2236328125,388.74151611328125,3510.2412109375,697.6587524414062,1631.535888671875,626.6805419921875,1343.6961669921875,1335.1029052734375,4140.0,632.158935546875,140.14999389648438
2022-02-04,94.19999694824219,313.0583190917969,953.2999877929688,941.5999755859375,,829.070068359375,1259.199951171875,1734.2586669921875,1754.169921875,1950.3499755859375,710.6067504882812,21.709999084472656,491.74609375,247.3936309814453,904.9833984375,4483.83642578125,2331.7431640625,3448.925048828125,522.40625,847.3326416015625,916.310546875,858.645263671875,4192.64111328125,854.0036010742188,387.7021179199219,3445.959228515625,702.34375,1617.329345703125,616.7527465820312,1324.720703125,1333.6009521484375,4081.89990234375,636.2047119140625,140.85000610351562
2022-02-07,93.55000305175781,315.8666687011719,957.5499877929688,892.1500244140625,,809.5482177734375,1292.300048828125,1697.317626953125,1728.7152099609375,2024.6500244140625,699.0719604492188,22.34000015258789,485.8522033691406,244.91339111328125,900.7310791015625,4388.7216796875,2315.97021484375,3363.4169921875,522.0606689453125,839.0091552734375,903.91357421875,852.017822265625,4092.318115234375,787.911865234375,395.27496337890625,3415.75537109375,679.9931640625,1567.9884033203125,595.909423828125,1297.689697265625,1335.80712890625,4073.550048828125,629.4617919921875,136.75
2022-02-08,93.55000305175781,310.3166809082031,937.9500122070312,886.9500122070312,,811.9219360351562,1288.9000244140625,1673.6246337890625,1712.943359375,1928.0,701.662353515625,21.6299991607666,484.0349426269531,228.42697143554688,876.8237915039062,4304.4853515625,2287.727294921875,3167.53466796875,517.9129028320312,841.4916381835938,918.1991577148438,858.789306640625,4166.3916015625,771.1685791015625,400.5215759277344,3400.260986328125,692.1986694335938,1595.712890625,593.1436157226562,1326.03125,1351.8133544921875,4015.0,642.610595703125,137.10000610351562
2022-02-09,94.19999694824219,308.3083190917969,941.5,926.25,,823.4508056640625,1286.5,1674.5433349609375,1779.973876953125,1919.800048828125,716.9605712890625,21.520000457763672,492.38458251953125,231.49081420898438,914.2911987304688,4476.30126953125,2274.46826171875,3066.939697265625,519.5424194335938,850.6036376953125,937.7631225585938,858.16015625,4216.943359375,784.2401123046875,403.1448669433594,3465.425537109375,698.3161010742188,1622.52392578125,592.8966064453125,1326.6619873046875,1367.20947265625,4002.10009765625,638.9515380859375,137.10000610351562
2022-02-10,94.44999694824219,285.2416687011719,938.3499755859375,868.0999755859375,,819.5272216796875,1262.199951171875,1693.690673828125,1782.9185791015625,1907.949951171875,714.6145629882812,24.549999237060547,498.4749755859375,234.70054626464844,906.9677124023438,4490.82275390625,2257.216796875,3073.377197265625,533.2691040039062,850.9833374023438,944.3489990234375,865.7595825195312,4201.65087890625,789.5274047851562,399.630615234375,3387.806640625,700.244140625,1636.07666015625,598.8729858398438,1304.7265625,1375.799560546875,4162.7001953125,630.7210693359375,136.5
2022-02-11,88.69999694824219,274.1499938964844,906.5,778.9000244140625,,804.8494873046875,1222.699951171875,1618.3577880859375,1761.1573486328125,1907.5999755859375,707.4297485351562,25.0,490.0270690917969,225.94668579101562,864.3504028320312,4356.08447265625,2180.423828125,2944.6728515625,543.0951538085938,842.163330078125,928.3201293945312,852.0128173828125,4179.73583984375,781.4495239257812,398.83868408203125,3474.594482421875,687.9404296875,1608.0830078125,588.1056518554688,1303.99853515625,1336.9805908203125,4142.25,610.8390502929688,134.9499969482422
2022-02-14,,252.47500610351562,863.5,763.9500122070312,,773.459716796875,1165.0,1538.092529296875,1660.9862060546875,1862.1500244140625,680.108154296875,22.670000076293945,463.1116943359375,214.46942138671875,837.0411376953125,4138.45751953125,2034.0338134765625,2794.68994140625,521.7642822265625,818.6432495117188,924.83349609375,837.2494506835938,4166.73291015625,745.4661865234375,389.5829162597656,3439.63427734375,665.8009033203125,1564.27587890625,550.5186157226562,1247.9464111328125,1272.250732421875,3979.75,584.6007080078125,130.0500030517578
2022-02-15,82.69999694824219,248.88333129882812,851.5,788.7000122070312,,794.9190063476562,1185.75,1562.172119140625,1741.1431884765625,1889.5,704.3994140625,23.59000015258789,495.0859680175781,224.09864807128906,862.4603881835938,4289.6142578125,2107.47509765625,2856.757080078125,543.0951538085938,832.8468017578125,892.8240356445312,848.818115234375,4213.38818359375,748.2568359375,399.8286437988281,3345.3447265625,700.739501953125,1634.245361328125,566.6202392578125,1257.0216064453125,1271.124267578125,4081.75,623.6309814453125,131.8000030517578
2022-02-16,84.94999694824219,250.64999389648438,861.3499755859375,775.7000122070312,,799.27880859375,1190.199951171875,1548.1982421875,1735.0040283203125,1931.75,724.096435546875,25.350000381469727,489.6341247558594,225.02267456054688,855.1370239257812,4264.61279296875,2084.851318359375,2995.53564453125,542.552001953125,840.420654296875,903.7197875976562,841.1217651367188,4349.11669921875,761.181396484375,397.7992858886719,3346.717529296875,693.532958984375,1623.98583984375,579.215087890625,1249.2567138671875,1273.0018310546875,4051.14990234375,606.90234375,139.89999389648438
2022-02-17,89.1500015258789,241.3000030517578,849.9500122070312,763.3499755859375,,798.1619262695312,1228.550048828125,1517.978271484375,1727.8668212890625,2047.5999755859375,717.693603515625,26.399999618530273,491.10760498046875,221.52113342285156,847.4828491210938,4185.36669921875,2055.819580078125,2999.6142578125,542.4531860351562,837.4125366210938,898.9742431640625,835.02294921875,4326.7626953125,756.1878051757812,391.7112731933594,3317.7392578125,694.8919067382812,1614.8792724609375,585.3890380859375,1258.8658447265625,1229.7236328125,4115.39990234375,601.0913696289062,133.10000610351562
2022-02-18,85.9000015258789,233.3333282470703,833.4000244140625,751.5499877929688,,792.8204956054688,1200.1500244140625,1468.1749267578125,1733.207275390625,2041.8499755859375,711.1443481445312,26.31999969482422,484.4278259277344,219.57582092285156,838.08056640625,4061.707275390625,2032.653564453125,2954.20654296875,545.1689453125,841.3358154296875,880.4754638671875,835.3617553710938,4240.2705078125,751.7327270507812,388.74151611328125,3155.245361328125,689.7555541992188,1606.43115234375,583.7591552734375,1244.88916015625,1243.00732421875,4073.10009765625,591.0759887695312,127.69999694824219
2022-02-21,81.55000305175781,221.25833129882812,807.7000122070312,727.7000122070312,,780.2437744140625,1227.550048828125,1445.8360595703125,1682.1982421875,1955.9000244140625,695.1129760742188,24.030000686645508,485.7048645019531,218.8463592529297,828.6310424804688,4078.87353515625,1976.3155517578125,2812.57763671875,532.972900390625,836.8771362304688,878.6837768554688,816.919677734375,4147.64208984375,744.8787231445312,383.5939636230469,3189.96044921875,687.4254150390625,1598.0181884765625,574.9180297851562,1229.50537109375,1240.94189453125,4096.60009765625,591.2644653320312,117.30000305175781
2022-02-22,79.69999694824219,221.84165954589844,815.9000244140625,686.9000244140625,,766.84130859375,1206.75,1450.2359619140625,1664.7293701171875,1971.949951171875,689.687744140625,24.110000610351562,469.7913818359375,216.56060791015625,820.693359375,4151.4326171875,1950.4385986328125,2739.50244140625,521.171875,821.3496704101562,884.6401977539062,818.8074340820312,4115.01220703125,736.5072021484375,380.42620849609375,3183.2919921875,687.9159545898438,1615.7025146484375,565.7806396484375,1238.240478515625,1265.9608154296875,4157.10009765625,593.832763671875,108.75
2022-02-23,84.1500015258789,228.61666870117188,821.9500122070312,676.3499755859375,,790.8780517578125,1200.0999755859375,1439.9854736328125,1685.69189453125,1987.3499755859375,690.8118896484375,25.110000610351562,468.5635070800781,215.15028381347656,816.5355834960938,4229.23095703125,1985.779052734375,2855.43017578125,525.3688354492188,817.9326171875,886.0929565429688,813.4346313476562,4072.93505859375,740.2278442382812,391.46380615234375,3291.16357421875,691.17333984375,1610.1287841796875,562.1256103515625,1242.2685546875,1261.7364501953125,4193.4501953125,600.7642211914062,108.94999694824219
2022-02-24,78.5,217.4250030517578,777.75,660.4000244140625,,716.7772827148438,1114.5,1373.9359130859375,1541.1998291015625,1849.75,640.1276245117188,22.229999542236328,420.38104248046875,198.7124786376953,742.3566284179688,4041.745849609375,1828.98876953125,2665.444580078125,494.60711669921875,796.8172607421875,867.5942993164062,792.1366577148438,3834.3505859375,698.3208618164062,370.37847900390625,3232.373291015625,650.2841186523438,1521.466796875,526.4649047851562,1204.36669921875,1234.558349609375,4014.64990234375,572.08642578125,96.25
2022-02-25,78.80000305175781,215.80833435058594,789.3499755859375,666.4000244140625,,776.9417724609375,1194.050048828125,1399.2242431640625,1615.8165283203125,1923.5,679.5216064453125,24.809999465942383,451.61859130859375,213.98309326171875,780.9108276367188,4425.54931640625,1968.182861328125,2778.9638671875,524.3319091796875,813.191650390625,894.5674438476562,805.01220703125,4030.809326171875,726.470947265625,390.5728759765625,3251.888671875,683.7999877929688,1574.0562744140625,532.3425903320312,1234.8919677734375,1264.505615234375,4190.75,583.2124633789062,109.44999694824219
2022-02-28,79.94999694824219,215.2083282470703,798.0999755859375,662.0499877929688,,786.022216796875,1218.25,1438.0516357421875,1641.520751953125,1843.4000244140625,691.593994140625,24.75,446.0193786621094,216.94969177246094,794.943359375,4309.87451171875,1970.6473388671875,2807.466796875,534.7997436523438,791.1514282226562,895.9232788085938,816.9681396484375,4154.16748046875,730.28955078125,345.3335266113281,3200.06103515625,687.0279541015625,1598.048095703125,516.8336181640625,1226.6419677734375,1275.5836181640625,4340.35009765625,577.2230224609375,104.6500015258789
2022-03-02,79.8499984741211,235.4250030517578,797.2000122070312,644.1500244140625,,785.4880981445312,1183.300048828125,1460.0518798828125,1638.8756103515625,1882.550048828125,694.3309936523438,24.6200008392334,439.6835021972656,219.2353973388672,808.7398071289062,4272.4970703125,1914.0628662109375,2840.834716796875,529.1708374023438,750.21533203125,894.0347290039062,794.7022094726562,4052.77294921875,712.9588623046875,341.3738708496094,3168.533203125,670.2750244140625,1602.0850830078125,553.9760131835938,1214.7520751953125,1301.447265625,4295.14990234375,566.6622924804688,106.3499984741211
2022-03-03,82.19999694824219,250.73333740234375,796.2999877929688,659.5999755859375,,776.601806640625,1194.75,1482.3905029296875,1640.8720703125,1950.9000244140625,690.8118896484375,24.540000915527344,429.36920166015625,220.402587890625,840.5847778320312,4214.01123046875,1946.84033203125,2771.69091796875,533.5159912109375,724.06689453125,905.463134765625,794.7022094726562,4052.335205078125,704.4893188476562,336.6222229003906,3187.705078125,662.1117553710938,1567.264892578125,525.279541015625,1204.075439453125,1336.60498046875,4276.5,555.1991577148438,106.9000015258789
2022-03-04,80.19999694824219,251.60833740234375,784.8499755859375,655.3499755859375,,725.7120971679688,1157.949951171875,1484.7117919921875,1612.123291015625,1894.300048828125,684.4092407226562,23.950000762939453,409.87030029296875,215.3934326171875,814.1259765625,4143.59765625,1886.509765625,2731.738037109375,529.9609375,745.445068359375,901.879638671875,803.1729125976562,3988.293212890625,689.6553955078125,324.8917236328125,3185.69482421875,641.4635620117188,1530.2489013671875,515.154296875,1182.4798583984375,1291.9185791015625,4110.2001953125,521.1963500976562,107.19999694824219
2022-03-07,79.0,224.53334045410156,753.4500122070312,668.0499877929688,,697.30517578125,1148.0,1474.4608154296875,1561.2640380859375,1803.75,662.5617065429688,23.290000915527344,387.031494140625,210.28701782226562,802.030517578125,4052.774169921875,1804.639892578125,2684.020751953125,521.5173950195312,733.9089965820312,911.5164184570312,796.3963012695312,3969.056640625,686.1795043945312,326.6735534667969,3137.8388671875,600.9520263671875,1434.4412841796875,497.3733215332031,1169.9105224609375,1267.65087890625,3991.64990234375,506.4113464355469,103.0999984741211
2022-03-08,78.1500015258789,226.75833129882812,737.75,689.2999877929688,,697.353759765625,1158.050048828125,1515.4154052734375,1598.7471923828125,1783.949951171875,673.3632202148438,23.739999771118164,384.8212890625,220.7429962158203,822.016357421875,4065.84912109375,1861.1749267578125,2757.390380859375,528.4300537109375,753.2137451171875,939.0221557617188,827.7138061523438,4056.036376953125,693.6209716796875,331.0787048339844,3127.836181640625,604.5675659179688,1442.17578125,506.8070373535156,1181.8487548828125,1287.60009765625,4124.0,511.1513366699219,105.8499984741211
2022-03-09,80.3499984741211,233.38333129882812,749.8499755859375,708.3499755859375,,713.86376953125,1217.5,1563.284423828125,1653.599365234375,1828.75,698.0455322265625,24.260000228881836,398.72100830078125,222.98011779785156,841.8604736328125,4084.412841796875,1946.59375,2829.43359375,548.625244140625,765.2658081054688,950.6443481445312,840.541015625,4124.02197265625,723.9742431640625,334.3948974609375,3235.7568359375,635.0469360351562,1498.5126953125,508.43701171875,1199.7562255859375,1338.247802734375,4096.7001953125,534.4345703125,108.69999694824219
2022-03-10,82.19999694824219,232.44166564941406,775.5999755859375,710.9500122070312,,736.2493896484375,1258.5999755859375,1584.65625,1739.7454833984375,1881.8499755859375,713.9791870117188,24.5,412.1786804199219,225.89804077148438,859.5310668945312,4117.34912109375,1983.56103515625,2875.922607421875,546.8478393554688,757.8768920898438,955.97119140625,841.7994995117188,4189.13427734375,724.12109375,329.84130859375,3291.899169921875,646.074951171875,1543.647216796875,514.9567260742188,1223.0992431640625,1305.671875,4168.60009765625,546.4331665039062,108.69999694824219
2022-03-11,79.9000015258789,231.28334045410156,775.0499877929688,703.0999755859375,,735.9094848632812,1251.0,1559.416259765625,1731.0111083984375,1860.050048828125,713.050537109375,24.360000610351562,410.75433349609375,226.7734375,876.20947265625,4145.8935546875,2021.5140380859375,2832.9716796875,570.7955322265625,774.0565795898438,1011.07958984375,873.2139892578125,4226.63427734375,732.296875,328.6039123535156,3264.97998046875,650.3037719726562,1553.781982421875,512.487060546875,1219.0712890625,1297.410400390625,4198.9501953125,568.1199340820312,106.69999694824219
2022-03-14,79.30000305175781,230.74166870117188,674.7999877929688,692.8499755859375,,731.1506958007812,1213.0,1545.2489013671875,1733.0076904296875,1822.4000244140625,714.125732421875,24.43000030517578,404.41845703125,225.2172088623047,880.5562744140625,4328.189453125,2176.283203125,2851.498779296875,571.9310913085938,770.4935302734375,1015.6316528320312,863.7750244140625,4279.62060546875,729.6531982421875,325.38665771484375,3265.225341796875,653.9781494140625,1564.7099609375,506.2143859863281,1220.1387939453125,1272.954833984375,4168.25,498.5874328613281,104.4000015258789
2022-03-15,76.55000305175781,237.13333129882812,592.4500122070312,690.1500244140625,,734.5984497070312,1192.699951171875,1494.0435791015625,1698.3695068359375,1798.75,705.083740234375,24.459999084472656,406.33392333984375,221.1807098388672,869.9727783203125,4275.89111328125,2168.988525390625,2850.810791015625,561.759521484375,759.307861328125,1034.4207763671875,863.1942749023438,4272.26708984375,722.5545043945312,324.1492919921875,3208.00439453125,654.0859985351562,1567.7437744140625,498.5586853027344,1175.1031494140625,1251.7381591796875,4231.0498046875,500.5805969238281,105.55000305175781
2022-03-16,75.94999694824219,249.35000610351562,634.0499877929688,700.75,,746.10693359375,1198.550048828125,1497.1864013671875,1754.8685302734375,1833.6500244140625,707.5274658203125,24.579999923706055,417.38494873046875,224.14727783203125,886.4150390625,4404.64111328125,2191.267333984375,3028.411865234375,571.782958984375,767.8650512695312,1022.556640625,860.8224487304688,4287.85107421875,733.9613647460938,325.8816223144531,3239.336181640625,671.162841796875,1609.2554931640625,511.0052795410156,1183.353271484375,1249.5791015625,4169.5498046875,508.3945617675781,106.3499984741211
2022-03-17,80.8499984741211,258.39166259765625,597.0499877929688,766.2999877929688,,748.2435302734375,1210.699951171875,1504.197509765625,1816.4088134765625,1901.199951171875,723.4609985351562,25.020000457763672,426.1275634765625,225.41172790527344,887.7852172851562,4469.9140625,2197.231201171875,3058.880126953125,573.8075561523438,787.0139770507812,1015.4863891601562,882.5074462890625,4387.29833984375,749.3827514648438,328.1089172363281,3236.296142578125,686.2529296875,1633.8011474609375,523.698974609375,1232.077392578125,1255.2119140625,4192.75,507.87896728515625,104.3499984741211
2022-03-21,80.4000015258789,250.5500030517578,565.7000122070312,747.5999755859375,,748.5347900390625,1231.300048828125,1507.7274169921875,1799.738525390625,1876.050048828125,718.622314453125,24.90999984741211,420.38104248046875,221.71566772460938,887.5490112304688,4499.65576171875,2237.55029296875,3055.24365234375,584.9666748046875,779.7710571289062,1017.2296752929688,884.6372680664062,4340.44775390625,739.3956298828125,326.4755554199219,3219.134765625,674.086669921875,1614.83935546875,515.993896484375,1204.075439453125,1271.6407470703125,4095.199951171875,506.2526550292969,102.0
2022-03-22,81.1500015258789,258.125,544.0,748.9500122070312,,743.7274780273438,1224.550048828125,1510.1932373046875,1828.28759765625,1877.449951171875,722.5324096679688,24.75,432.56170654296875,225.07130432128906,902.1485595703125,4365.5166015625,2223.404052734375,3028.804931640625,586.6455078125,784.7164916992188,1000.0869140625,884.927734375,4332.9482421875,741.4517822265625,331.3262023925781,3137.93701171875,685.4091186523438,1646.1566162109375,522.8593139648438,1213.635986328125,1285.206298828125,4054.0,519.8775634765625,102.1500015258789
2022-03-23,80.75,256.57501220703125,524.2999877929688,713.3499755859375,,744.3587646484375,1220.699951171875,1494.28515625,1807.774169921875,1921.4000244140625,717.2537841796875,26.040000915527344,428.0921630859375,227.89199829101562,909.0466918945312,4377.892578125,2189.000244140625,3037.896484375,598.2489013671875,803.5928344726562,982.5084838867188,872.05224609375,4435.21923828125,730.730224609375,333.8009948730469,3213.83935546875,687.2733154296875,1637.448974609375,519.4512939453125,1215.6741943359375,1254.6953125,4091.35009765625,525.8173828125,101.44999694824219
2022-03-24,80.3499984741211,263.7916564941406,574.3499755859375,720.0999755859375,,750.2343139648438,1219.5,1470.302490234375,1829.535400390625,1911.4000244140625,716.9605712890625,26.43000030517578,425.5381774902344,232.94976806640625,919.1577758789062,4314.76513671875,2208.518798828125,3003.103515625,596.7183227539062,842.7669067382812,996.6002197265625,879.8453369140625,4377.85009765625,758.4397583007812,338.8495178222656,3170.543701171875,686.5619506835938,1634.5897216796875,515.993896484375,1207.56982421875,1268.1202392578125,4042.85009765625,519.401611328125,99.69999694824219
2022-03-25,80.5999984741211,266.2749938964844,546.0,704.7000122070312,,747.85498046875,1208.75,1485.146728515625,1863.6744384765625,1921.25,726.5402221679688,28.639999389648438,424.4576416015625,234.74917602539062,921.4255981445312,4269.90283203125,2196.689453125,2942.559814453125,582.4484252929688,849.1822509765625,981.5883178710938,873.5526733398438,4338.40234375,740.570556640625,345.3830261230469,3138.034912109375,684.2022705078125,1630.0587158203125,513.2279663085938,1228.340576171875,1227.6112060546875,4001.300048828125,519.03466796875,100.30000305175781
2022-03-28,79.6500015258789,266.6000061035156,535.5499877929688,688.5999755859375,,744.1644897460938,1206.0,1449.8492431640625,1906.29833984375,1930.8499755859375,720.4307250976562,30.450000762939453,425.0470275878906,233.0470428466797,903.9912109375,4166.25390625,2143.111572265625,2837.885986328125,583.3865356445312,834.3849487304688,985.074951171875,876.989501953125,4301.779296875,736.7030029296875,342.2153015136719,3183.047119140625,686.939697265625,1648.5865478515625,506.362548828125,1228.5345458984375,1212.637451171875,4010.050048828125,524.4588623046875,98.1500015258789
2022-03-29,78.19999694824219,270.7416687011719,524.7999877929688,699.0499877929688,,745.4754638671875,1229.300048828125,1442.837890625,1913.8349609375,1923.300048828125,744.81982421875,34.709999084472656,426.02935791015625,232.5607147216797,933.1430053710938,4224.640625,2189.000244140625,2810.80859375,586.6455078125,841.8030395507812,1006.1400756835938,890.0101928710938,4443.06005859375,745.6131591796875,339.98797607421875,3219.3798828125,690.6631469726562,1646.8651123046875,516.635986328125,1238.337646484375,1214.045654296875,4006.10009765625,521.5236206054688,96.80000305175781
2022-03-30,85.05000305175781,283.48333740234375,541.2999877929688,717.9500122070312,,766.7929077148438,1247.949951171875,1498.78173828125,1991.6959228515625,1857.1500244140625,750.1472778320312,34.29999923706055,427.94482421875,235.089599609375,929.7412719726562,4357.8310546875,2185.007568359375,2895.481201171875,590.25,847.8096923828125,996.5518188476562,891.22021484375,4420.658203125,733.4718017578125,338.10711669921875,3181.4287109375,711.512451171875,1709.4593505859375,535.7011108398438,1290.798583984375,1234.6990966796875,3973.39990234375,518.7074584960938,100.25
2022-03-31,82.30000305175781,281.5916748046875,528.4500122070312,694.2999877929688,,752.3709106445312,1260.050048828125,1491.4808349609375,2011.1612548828125,1914.699951171875,756.79443359375,37.02000045776367,426.0784606933594,232.12303161621094,920.7168579101562,4300.44287109375,2211.87060546875,2855.675537109375,582.7446899414062,836.3319702148438,985.9950561523438,885.5569458007812,4287.65625,731.464599609375,332.21710205078125,3209.328125,712.3072509765625,1702.628173828125,531.6510009765625,1289.2457275390625,1249.485107421875,4003.35009765625,522.8821411132812,100.75
2022-04-01,84.30000305175781,282.3833312988281,571.2999877929688,728.25,,775.193603515625,1268.550048828125,1514.7867431640625,2040.009765625,1945.0999755859375,768.084716796875,40.689998626708984,433.3475646972656,238.73703002929688,932.8595581054688,4352.5419921875,2267.71533203125,2939.169189453125,589.2623901367188,833.2167358398438,982.8958129882812,879.7001953125,4265.88720703125,749.5296630859375,338.4535827636719,3278.12109375,726.8428955078125,1710.4874267578125,543.6531982421875,1308.9488525390625,1271.8282470703125,4082.199951171875,540.5231323242188,112.75
2022-04-04,86.25,298.2916564941406,610.5499877929688,766.9000244140625,,808.69921875,1270.1500244140625,1531.8551025390625,2062.17041015625,2110.449951171875,800.1472778320312,42.38999938964844,438.8485107421875,245.0592803955078,946.7976684570312,4395.80810546875,2280.82666015625,3145.616943359375,592.9656372070312,840.5570068359375,995.4381103515625,896.4962768554688,4380.7236328125,774.0570678710938,342.9577331542969,3322.69140625,734.9422607421875,1716.19091796875,564.8421630859375,1310.2589111328125,1278.916259765625,4106.64990234375,554.6140747070312,112.3499984741211
2022-04-05,83.9000015258789,299.6333312988281,609.0499877929688,816.2000122070312,,798.6475219726562,1272.199951171875,1554.4840087890625,2136.038330078125,2189.800048828125,828.9840698242188,46.619998931884766,449.9486389160156,266.1171569824219,948.49853515625,4629.703125,2293.445068359375,3362.87646484375,600.9647216796875,843.0393676757812,989.2880249023438,899.448974609375,4345.26953125,760.0064697265625,343.79913330078125,3316.21923828125,724.9149169921875,1678.5166015625,562.7183837890625,1312.1029052734375,1282.3428955078125,4109.7001953125,559.9093627929688,115.9000015258789
2022-04-06,84.55000305175781,298.3833312988281,637.2000122070312,765.5499877929688,,769.1237182617188,1254.050048828125,1559.609375,2156.152587890625,2197.39990234375,830.7435913085938,48.95000076293945,448.082275390625,281.87408447265625,945.4747314453125,4583.44384765625,2296.254638671875,3372.508544921875,597.705810546875,832.6909790039062,996.6002197265625,898.4808349609375,4272.89990234375,756.6773681640625,346.7689208984375,3271.060302734375,720.8432006835938,1668.6513671875,549.0863037109375,1327.1959228515625,1282.0142822265625,4101.89990234375,549.0907592773438,114.94999694824219
2022-04-07,82.5,299.2166748046875,624.1500244140625,749.9000244140625,,765.0447998046875,1245.800048828125,1539.398193359375,2095.311279296875,2166.0,799.023193359375,46.5099983215332,441.54986572265625,270.2022705078125,927.0008544921875,4454.7431640625,2293.001220703125,3284.985595703125,591.6818237304688,840.6056518554688,1004.0577392578125,901.2399291992188,4332.85107421875,768.231201171875,349.7882080078125,3224.724609375,715.2752075195312,1652.0745849609375,552.197998046875,1355.5859375,1275.1141357421875,4159.7001953125,545.947265625,111.75
2022-04-08,83.4000015258789,309.6666564941406,616.9500122070312,764.6500244140625,,767.56982421875,1275.949951171875,1553.4202880859375,2167.0830078125,2321.85009765625,820.4308471679688,44.189998626708984,444.0547790527344,270.49407958984375,944.5770263671875,4467.0693359375,2328.243408203125,3345.52880859375,597.5576782226562,862.5972290039062,979.7481079101562,895.0926513671875,4388.8564453125,765.734375,351.4215087890625,3202.80712890625,722.7710571289062,1671.545654296875,557.9273071289062,1339.619384765625,1290.7919921875,4146.25,553.6918334960938,112.9000015258789
2022-04-11,84.44999694824219,312.9083251953125,687.6500244140625,777.6500244140625,,778.3013916015625,1287.8499755859375,1524.5538330078125,2176.31640625,2665.14990234375,835.3380737304688,46.31999969482422,444.0547790527344,275.1628112792969,951.239013671875,4407.78515625,2255.097412109375,3301.546142578125,593.8050537109375,852.8912963867188,993.2105102539062,895.8671875,4386.76220703125,769.1124267578125,347.808349609375,3193.245361328125,719.8326416015625,1654.4649658203125,560.4957275390625,1316.1309814453125,1287.4122314453125,4171.60009765625,553.0374145507812,112.6500015258789
2022-04-12,81.5,297.8083190917969,699.0999755859375,765.2999877929688,,761.0143432617188,1257.0,1501.0548095703125,2193.03662109375,2792.39990234375,825.9049682617188,46.15999984741211,430.5479736328125,267.624755859375,921.00048828125,4338.56884765625,2226.16455078125,3184.78369140625,586.8429565429688,851.304443359375,994.9053955078125,891.8980102539062,4357.15185546875,757.460693359375,345.6304931640625,3167.503662109375,713.7348022460938,1628.5369873046875,555.457763671875,1312.8309326171875,1265.1160888671875,4088.699951171875,550.5384521484375,111.19999694824219
2022-04-13,83.9000015258789,303.4416809082031,691.2000122070312,775.9000244140625,,757.8095092773438,1270.0999755859375,1513.3843994140625,2195.5322265625,2864.300048828125,821.6038208007812,44.650001525878906,423.42620849609375,265.6308288574219,923.1737670898438,4423.25439453125,2264.807373046875,3188.272705078125,595.3357543945312,837.0620727539062,984.5906982421875,906.8548583984375,4382.330078125,756.8731689453125,347.1649169921875,3134.651611328125,719.0280151367188,1605.782470703125,557.9767456054688,1318.7032470703125,1254.97705078125,4090.89990234375,551.5004272460938,111.25
2022-04-18,82.9000015258789,305.2250061035156,661.3499755859375,777.7000122070312,,745.087158203125,1229.25,1488.96630859375,2229.87109375,2970.5,823.75439453125,46.880001068115234,426.1275634765625,250.8465118408203,933.6627807617188,4300.54248046875,2236.8603515625,3167.485595703125,590.5955200195312,834.2875366210938,995.4865112304688,897.900146484375,4407.3134765625,754.0826416015625,339.7405090332031,3138.133056640625,712.454345703125,1579.5550537109375,567.311767578125,1317.3929443359375,1238.4073486328125,4056.0,564.17333984375,107.25
2022-04-19,80.44999694824219,305.0416564941406,656.6500244140625,776.1500244140625,,731.0535888671875,1207.550048828125,1494.52685546875,2164.43798828125,2911.949951171875,800.8804931640625,46.4900016784668,417.43408203125,239.70970153808594,915.2361450195312,4188.859375,2179.97998046875,3115.394287109375,589.5093994140625,819.63623046875,968.803955078125,892.57568359375,4296.76318359375,753.4462280273438,334.5434265136719,3139.162841796875,712.26806640625,1568.906494140625,540.0476684570312,1302.9307861328125,1223.715087890625,4008.89990234375,541.6238403320312,105.8499984741211
2022-04-20,80.30000305175781,299.35833740234375,639.3499755859375,779.9500122070312,,726.052001953125,1207.75,1497.3314208984375,2180.059814453125,2810.85009765625,809.0427856445312,47.0099983215332,432.7581481933594,242.82215881347656,916.93701171875,4212.9130859375,2188.211669921875,3120.799560546875,598.545166015625,835.932861328125,980.1839599609375,894.0277099609375,4339.86376953125,760.9855346679688,348.9962463378906,3219.03662109375,689.9910888671875,1547.82373046875,552.4942626953125,1323.0223388671875,1235.591064453125,4054.800048828125,547.0776977539062,105.69999694824219
2022-04-21,80.80000305175781,303.29998779296875,641.1500244140625,770.2999877929688,,737.7547607421875,1225.8499755859375,1501.77978515625,2282.27783203125,2811.5,831.3790893554688,49.36000061035156,440.1255187988281,251.77056884765625,928.93798828125,4286.3203125,2258.301025390625,3246.064208984375,603.4335327148438,841.1703491210938,967.1090087890625,913.9703369140625,4411.3564453125,766.1260375976562,370.1805114746094,3381.971923828125,700.3519897460938,1580.4034423828125,564.0025634765625,1359.807861328125,1251.78515625,4030.25,589.76708984375,106.25
2022-04-22,81.19999694824219,303.875,625.5999755859375,749.0999755859375,,733.4329223632812,1218.8499755859375,1539.5916748046875,2269.2509765625,2882.800048828125,854.4973754882812,51.81999969482422,431.0882263183594,246.17782592773438,919.630126953125,4290.26318359375,2245.978759765625,3183.6533203125,600.2733764648438,816.3359985351562,936.552490234375,895.2861938476562,4375.755859375,738.4654541015625,371.7643737792969,3274.688720703125,697.6685180664062,1542.3248291015625,547.3081665039062,1279.248291015625,1231.9296875,4028.85009765625,569.5380249023438,108.94999694824219
2022-04-25,78.75,281.1666564941406,599.0499877929688,699.0,,724.1096801757812,1196.75,1538.3829345703125,2280.131103515625,2824.0,840.2255249023438,54.40999984741211,417.6305236816406,240.58506774902344,884.903076171875,4304.58544921875,2224.5380859375,3166.20751953125,586.497314453125,801.2857055664062,923.1386108398438,871.2777099609375,4295.4970703125,710.2662963867188,377.0109558105469,3229.873046875,687.3419189453125,1523.457763671875,533.4291381835938,1267.3585205078125,1217.4393310546875,3989.199951171875,536.0707397460938,105.19999694824219
2022-04-26,79.5999984741211,285.01666259765625,613.4000244140625,690.9500122070312,,739.1143798828125,1194.5999755859375,1550.2293701171875,2391.03369140625,2952.449951171875,889.0526733398438,57.130001068115234,427.2080993652344,242.0440673828125,909.2830200195312,4331.83203125,2251.449951171875,3203.605224609375,564.9690551757812,808.8984985351562,947.5935668945312,888.751708984375,4402.15185546875,742.7735595703125,376.2190246582031,3082.1376953125,710.4038696289062,1540.3438720703125,543.1592407226562,1289.1483154296875,1238.31689453125,4044.25,541.6734619140625,106.5
2022-04-27,75.8499984741211,282.89166259765625,592.0999755859375,651.0,,726.926025390625,1201.4000244140625,1532.0001220703125,2329.942626953125,2841.64990234375,867.3516845703125,59.84000015258789,422.64031982421875,240.58506774902344,908.9049682617188,4306.58154296875,2224.1435546875,3169.795166015625,572.0792846679688,793.80908203125,946.9639892578125,877.1830444335938,4412.865234375,727.107421875,378.0998840332031,3085.177734375,658.7513427734375,1479.670654296875,540.986083984375,1279.6365966796875,1193.8446044921875,3977.699951171875,527.6915893554688,104.75
2022-04-28,73.8499984741211,285.3500061035156,582.25,664.7999877929688,,735.5695190429688,1225.1500244140625,1550.8577880859375,2374.313232421875,2912.199951171875,867.1561279296875,56.849998474121094,428.3377380371094,241.46046447753906,906.5426025390625,4362.7724609375,2249.97119140625,3214.662353515625,564.771484375,802.590087890625,950.305419921875,891.6074829101562,4445.982421875,733.03125,372.9523010253906,3148.72412109375,660.0808715820312,1498.178466796875,564.4470825195312,1298.175048828125,1217.0103759765625,4024.550048828125,538.053955078125,103.5
2022-04-29,71.75,282.3666687011719,581.6500244140625,668.25,,724.4495849609375,1221.75,1584.36572265625,2327.84619140625,2882.800048828125,837.1464233398438,56.06999969482422,429.8603210449219,235.72181701660156,888.3994750976562,4387.72314453125,2293.543212890625,3176.23291015625,576.078857421875,804.498291015625,950.305419921875,899.0134887695312,4388.32080078125,729.1146850585938,364.7359619140625,3139.898193359375,654.6011352539062,1488.128662109375,575.313232421875,1242.5595703125,1203.997314453125,3944.25,541.425537109375,101.5
2022-05-02,,286.9583435058594,601.0999755859375,648.3499755859375,,716.2431640625,1219.6500244140625,1603.4169921875,2335.3330078125,2830.35009765625,837.29296875,56.06999969482422,425.1943664550781,241.70362854003906,976.1385498046875,3987.10205078125,2265.6455078125,3143.84765625,585.9541015625,802.930908203125,945.8501586914062,893.9309692382812,4392.4599609375,726.3731079101562,369.0420837402344,3143.0361328125,650.1221923828125,1492.749267578125,572.7942504882812,1246.15087890625,1214.197998046875,3983.35009765625,542.6650390625,99.5999984741211
2022-05-04,64.44999694824219,274.4750061035156,583.2000122070312,638.5999755859375,,700.8500366210938,1183.449951171875,1575.662353515625,2249.785400390625,2671.35009765625,794.526611328125,53.27000045776367,416.0097351074219,238.25071716308594,977.6032104492188,3803.0595703125,2255.541015625,3063.597900390625,572.1781005859375,777.3178100585938,927.4000244140625,872.1490478515625,4231.2607421875,711.588134765625,363.3500671386719,3065.515625,622.0221557617188,1429.37646484375,560.6932983398438,1237.6580810546875,1194.3687744140625,3867.14990234375,516.4862060546875,96.94999694824219
2022-05-05,61.150001525878906,265.85833740234375,575.2000122070312,629.25,,696.5282592773438,1152.25,1545.97412109375,2251.38232421875,2845.89990234375,793.1091918945312,55.630001068115234,418.76019287109375,240.73098754882812,988.7063598632812,3941.889892578125,2129.8525390625,3017.305419921875,568.968505859375,771.7590942382812,918.5381469726562,850.1250610351562,4252.34814453125,711.1964721679688,358.449951171875,3106.55615234375,619.0492553710938,1411.09326171875,562.817138671875,1251.974609375,1156.6173095703125,3943.800048828125,508.8011474609375,96.5
2022-05-06,60.5,256.5,568.0,616.9500122070312,,684.2427978515625,1110.4000244140625,1481.1815185546875,2243.6962890625,2874.800048828125,793.1580810546875,58.40999984741211,401.3241271972656,238.49388122558594,975.6659545898438,3902.017333984375,1999.77734375,2931.94482421875,557.51318359375,765.3046875,905.31787109375,855.1106567382812,4057.5947265625,708.74853515625,344.49212646484375,2996.72314453125,588.7171630859375,1361.318115234375,559.0634155273438,1243.724365234375,1154.3294677734375,3666.199951171875,492.3897705078125,95.0999984741211
2022-05-09,56.75,240.75,556.2000122070312,584.2000122070312,,670.8406372070312,1119.0,1430.8466796875,2193.735595703125,2706.39990234375,774.7807006835938,56.31999969482422,396.8055114746094,223.7095947265625,951.6641235351562,3816.8330078125,1969.7108154296875,2863.047119140625,535.836669921875,760.4663696289062,908.7561645507812,857.1436767578125,4121.14892578125,717.7566528320312,335.1373596191406,2972.500732421875,592.3130493164062,1375.6243896484375,556.9889526367188,1227.1756591796875,1145.558837890625,3520.300048828125,485.44842529296875,94.1500015258789
2022-05-10,52.45000076293945,226.13333129882812,545.7999877929688,568.25,,659.1864624023438,1079.0,1383.65478515625,2105.742431640625,2486.699951171875,751.8090209960938,53.5099983215332,384.8212890625,216.07427978515625,914.1022338867188,3672.962646484375,1907.5072021484375,2799.3583984375,520.9909057617188,762.0629272460938,896.9887084960938,834.34521484375,4184.703125,699.5447387695312,327.4654846191406,2897.48095703125,581.6676635742188,1360.2803955078125,552.3955688476562,1230.572998046875,1116.9591064453125,3414.949951171875,475.8297119140625,93.05000305175781
2022-05-11,54.20000076293945,211.88333129882812,530.5999755859375,590.3499755859375,,638.1604614257812,1035.300048828125,1354.643310546875,2115.52490234375,2648.050048828125,742.81591796875,51.060001373291016,381.2849426269531,220.30531311035156,933.9462280273438,3504.989013671875,1942.059326171875,2990.52294921875,535.3419189453125,756.2316284179688,908.0781860351562,827.5202026367188,4182.21875,701.8456420898438,330.88067626953125,2844.72216796875,569.7515869140625,1330.310302734375,556.6925048828125,1246.6846923828125,1100.514404296875,3339.699951171875,464.6244201660156,90.80000305175781
2022-05-12,51.95000076293945,214.35833740234375,515.9000244140625,549.5999755859375,,602.7610473632812,1002.4500122070312,1326.647216796875,2041.5570068359375,2436.800048828125,697.2635498046875,48.5099983215332,365.71527099609375,213.05908203125,883.9109497070312,3394.50341796875,1891.5374755859375,3018.092041015625,530.2448120117188,755.4430541992188,891.7587280273438,822.8734741210938,4123.38916015625,679.668212890625,324.64422607421875,2796.52294921875,548.7943115234375,1282.49609375,540.5908813476562,1212.3741455078125,1059.0447998046875,3270.449951171875,464.921875,87.3499984741211
2022-05-13,56.849998474121094,218.21665954589844,543.1500244140625,645.2000122070312,,633.01318359375,1034.300048828125,1357.93115234375,2050.4912109375,2171.550048828125,690.0299072265625,50.93000030517578,397.1492919921875,216.7064971923828,868.64990234375,3364.86083984375,1955.219482421875,2923.197509765625,532.8180541992188,764.068359375,905.1725463867188,854.336181640625,4169.849609375,681.8223266601562,322.8623352050781,2938.619384765625,541.1757202148438,1258.3048095703125,544.04833984375,1242.7537841796875,1067.1480712890625,3230.60009765625,471.31781005859375,90.05000305175781
2022-05-16,56.400001525878906,237.05833435058594,591.5,670.5499877929688,,634.9071044921875,966.9000244140625,1417.4532470703125,2102.14892578125,2281.699951171875,696.4815063476562,53.470001220703125,398.1807556152344,220.402587890625,870.8704833984375,3336.416015625,1949.6990966796875,2870.958984375,537.1233520507812,757.0784912109375,904.0104370117188,857.3372192382812,4108.48681640625,670.758056640625,316.6753234863281,3048.844482421875,553.8963012695312,1262.990478515625,543.0111083984375,1259.6907958984375,1085.642578125,3561.10009765625,481.82904052734375,95.6500015258789
2022-05-17,56.150001525878906,244.81666564941406,585.7000122070312,698.5,,663.4596557617188,1108.800048828125,1459.8582763671875,2180.958251953125,2285.800048828125,728.0064697265625,56.13999938964844,416.6482238769531,234.5546417236328,918.3072509765625,3482.332763671875,2022.8941650390625,2976.32080078125,553.453857421875,760.1159057617188,908.465576171875,863.2909545898438,4191.521484375,676.4860229492188,327.1190185546875,3044.48095703125,572.7244262695312,1294.6119384765625,548.098388671875,1272.793701171875,1133.68994140625,3657.0,491.3486022949219,97.30000305175781
2022-05-18,58.75,249.25833129882812,588.2000122070312,655.0999755859375,,652.3883056640625,1107.9000244140625,1245.85009765625,2177.21484375,2396.10009765625,742.7181396484375,58.939998626708984,407.8074035644531,231.19900512695312,926.3865966796875,3497.602783203125,2007.1707763671875,2912.0419921875,561.0747680664062,760.4663696289062,926.9641723632812,870.4548950195312,4253.2255859375,669.0444946289062,334.44439697265625,3048.69775390625,570.55615234375,1273.6591796875,543.3074951171875,1247.558349609375,1131.1636962890625,3664.050048828125,485.8451232910156,97.19999694824219
2022-05-19,55.349998474121094,243.9499969482422,553.75,617.2000122070312,,635.9752807617188,1061.5,1173.1763916015625,2110.9833984375,2317.5,716.3251953125,59.47999954223633,391.5992126464844,222.2019805908203,899.691650390625,3372.69580078125,1953.593017578125,2868.452880859375,554.39404296875,765.0711669921875,908.465576171875,856.3692016601562,4090.077880859375,621.6053466796875,319.2491455078125,3039.528564453125,559.940185546875,1238.8988037109375,522.2666625976562,1214.1695556640625,1106.4249267578125,3614.85009765625,477.6642761230469,93.69999694824219
2022-05-20,58.04999923706055,245.46665954589844,575.5,685.25,,643.162109375,1052.4000244140625,1243.529296875,2215.596435546875,2273.64990234375,750.2939453125,62.45000076293945,410.60699462890625,226.87071228027344,934.7022094726562,3421.5009765625,1936.9329833984375,2892.974853515625,568.5964965820312,827.3075561523438,947.5935668945312,886.4283447265625,4192.93310546875,625.081298828125,336.57275390625,3006.382568359375,566.0821533203125,1253.6541748046875,538.0719604492188,1214.8006591796875,1105.7099609375,3630.39990234375,483.4651794433594,98.0
2022-05-23,57.04999923706055,243.1666717529297,619.3499755859375,695.1500244140625,,634.4214477539062,1039.1500244140625,1235.7445068359375,2166.783447265625,2248.35009765625,736.608642578125,65.56999969482422,413.99603271484375,223.5150604248047,916.79541015625,3502.09423828125,1913.81640625,2859.803466796875,566.6666259765625,832.340576171875,939.5064697265625,892.6240234375,3796.607666015625,605.5964965820312,334.64239501953125,2925.87109375,568.4761352539062,1254.7718505859375,544.4435424804688,1184.954833984375,1107.2828369140625,3574.10009765625,481.3332214355469,95.05000305175781
2022-05-24,64.94999694824219,233.34165954589844,646.4500122070312,699.4000244140625,536.3499755859375,632.3820190429688,1015.6500244140625,1150.9344482421875,2156.35205078125,2136.300048828125,735.2401733398438,62.29999923706055,418.2199401855469,220.79164123535156,911.267333984375,3441.3125,1926.631591796875,2851.351318359375,561.37158203125,846.3883056640625,939.845458984375,880.8617553710938,3566.54541015625,588.3146362304688,326.0796203613281,2819.029052734375,568.9470825195312,1233.255126953125,546.1721801757812,1176.4619140625,1090.838134765625,3656.75,474.14398193359375,95.05000305175781
2022-05-25,62.29999923706055,227.875,594.0999755859375,667.25,510.70001220703125,628.7886962890625,944.75,1107.2236328125,2070.455322265625,2187.35009765625,691.9849853515625,59.869998931884766,409.6247253417969,214.8584747314453,869.925537109375,3338.7119140625,1819.4267578125,2727.41357421875,547.41650390625,838.6683349609375,941.2498168945312,882.1203002929688,3427.89453125,577.9358520507812,320.9320068359375,2690.17138671875,571.753173828125,1238.120361328125,562.175048828125,1212.810791015625,1070.5323486328125,3586.449951171875,460.55877685546875,93.0
2022-05-26,60.45000076293945,227.47500610351562,606.0,669.4000244140625,499.79998779296875,620.9707641601562,909.4000244140625,1080.919677734375,2042.7550048828125,2164.0,685.7288208007812,62.86000061035156,413.2101135253906,215.3934326171875,880.9342041015625,3358.124267578125,1817.5538330078125,2721.61474609375,553.94873046875,838.02587890625,934.1796264648438,871.2293701171875,3359.08056640625,587.9719848632812,322.1199035644531,2796.8173828125,570.811279296875,1245.2760009765625,571.01611328125,1230.5242919921875,1084.1649169921875,3577.449951171875,482.7711181640625,95.6500015258789
2022-05-27,62.04999923706055,225.24166870117188,616.2999877929688,689.0999755859375,541.5499877929688,633.64453125,937.4000244140625,1153.7869873046875,2076.444580078125,2166.449951171875,687.2928466796875,65.62000274658203,422.0018615722656,218.5059051513672,882.82421875,3414.5146484375,1869.307861328125,2779.897705078125,559.738525390625,854.83837890625,935.9229125976562,875.0532836914062,3423.365478515625,593.1124877929688,329.643310546875,2849.62548828125,588.0499267578125,1273.2847900390625,590.8220825195312,1223.147705078125,1044.9832763671875,3613.85009765625,512.4205932617188,97.30000305175781
2022-05-30,71.05000305175781,233.5749969482422,643.5,689.5499877929688,521.25,675.065185546875,1033.449951171875,1232.5048828125,2161.792236328125,2151.64990234375,718.1824340820312,68.05000305175781,434.5754699707031,226.87071228027344,897.6600341796875,3796.671875,1957.9796142578125,2986.394775390625,557.016845703125,850.9053955078125,955.72900390625,859.951171875,3473.8193359375,600.11328125,330.6827087402344,2863.452392578125,599.5980224609375,1289.816650390625,601.4907836914062,1252.3626708984375,1067.767822265625,3796.39990234375,562.100830078125,100.3499984741211
2022-05-31,74.6500015258789,249.09165954589844,652.9500122070312,663.6500244140625,530.25,672.6858520507812,1052.050048828125,1346.4232177734375,2163.689208984375,1888.949951171875,723.2166748046875,64.6500015258789,435.7051086425781,228.71875,896.289794921875,3851.2158203125,1968.6263427734375,3158.88525390625,561.6190185546875,850.77880859375,961.6854248046875,833.1351318359375,3497.974609375,605.6943969726562,330.7322082519531,2805.593994140625,596.7478637695312,1290.8096923828125,593.3182983398438,1228.631591796875,1089.7418212890625,3972.800048828125,546.3340454101562,97.19999694824219
2022-06-01,74.69999694824219,242.5500030517578,654.4000244140625,658.6500244140625,535.6500244140625,667.9755859375,1046.6500244140625,1341.733154296875,2147.068603515625,1848.4000244140625,720.3330078125,61.41999816894531,436.7365417480469,226.38438415527344,893.2659912109375,3884.7509765625,1984.201904296875,3198.936767578125,554.4931030273438,840.9171752929688,952.5813598632812,812.4664916992188,3462.76416015625,595.2666625976562,324.3966979980469,2746.60791015625,589.68359375,1257.13720703125,601.4412841796875,1215.8197021484375,1060.0458984375,3874.050048828125,551.3416748046875,102.1500015258789
2022-06-02,71.94999694824219,245.35833740234375,634.2999877929688,657.2999877929688,570.4500122070312,653.6993408203125,1029.550048828125,1335.7374267578125,2205.46435546875,1925.800048828125,731.623291015625,59.06999969482422,431.3829040527344,227.79470825195312,897.8489990234375,3910.700439453125,2016.7330322265625,3247.29296875,554.2951049804688,843.6722412109375,956.01953125,832.1185913085938,3432.764892578125,599.91748046875,319.6451110839844,2786.324462890625,594.3636474609375,1291.0091552734375,602.1841430664062,1199.5621337890625,1069.2930908203125,3856.89990234375,547.7222900390625,105.6500015258789
2022-06-03,72.1500015258789,243.35833740234375,623.4500122070312,659.2999877929688,535.6500244140625,646.2212524414062,1015.8499755859375,1357.8829345703125,2186.09912109375,1855.9000244140625,723.2655639648438,56.81999969482422,424.2611389160156,224.73086547851562,884.1943969726562,3637.38134765625,1930.2789306640625,3146.255615234375,548.3072509765625,845.0059814453125,930.6929321289062,837.4915161132812,3387.911376953125,598.3998413085938,317.0712890625,2785.00048828125,591.45458984375,1266.6181640625,597.0330200195312,1182.4798583984375,1054.1353759765625,3820.10009765625,538.8473510742188,105.4000015258789
2022-06-06,69.9000015258789,238.51666259765625,614.5,658.75,510.20001220703125,638.9375,999.8499755859375,1360.300537109375,2221.086669921875,1802.3499755859375,724.585205078125,59.65999984741211,424.7032165527344,225.89804077148438,894.4943237304688,3662.083740234375,1876.4053955078125,3098.833251953125,545.7835693359375,838.3374633789062,945.3175048828125,832.3606567382812,3408.706298828125,592.8187255859375,315.4874572753906,2788.481689453125,590.7481079101562,1249.13330078125,600.4010620117188,1165.5428466796875,1028.347900390625,3734.75,526.6007080078125,103.3499984741211
2022-06-07,65.4000015258789,242.0749969482422,617.7999877929688,582.9000244140625,511.29998779296875,635.8297729492188,996.8499755859375,1377.4658203125,2223.582275390625,1829.25,718.0357666015625,58.279998779296875,428.14129638671875,228.32968139648438,889.3916015625,3610.583984375,1863.048095703125,3061.681640625,538.3605346679688,806.8346557617188,942.1214599609375,821.1792602539062,3410.264892578125,596.9310913085938,313.5570983886719,2760.337158203125,576.7766723632812,1231.398681640625,599.6085815429688,1117.6923828125,1016.52685546875,3726.699951171875,518.1719360351562,100.8499984741211
2022-06-08,67.1500015258789,237.35000610351562,615.2999877929688,583.5499877929688,517.4000244140625,628.934326171875,998.5999755859375,1354.933349609375,2173.322021484375,1801.9000244140625,712.2196044921875,56.900001525878906,427.94482421875,226.62754821777344,885.0448608398438,3585.981201171875,1772.8973388671875,3050.5751953125,543.1112670898438,817.5821533203125,932.6300048828125,820.2111206054688,3404.4697265625,600.4070434570312,317.31878662109375,2748.520263671875,584.203857421875,1244.0035400390625,594.3088989257812,1075.131591796875,1024.2486572265625,3739.39990234375,512.0238647460938,104.6500015258789
2022-06-09,68.69999694824219,240.39166259765625,623.1500244140625,581.9000244140625,522.0,630.7794799804688,1014.75,1365.861083984375,2215.2470703125,1812.6500244140625,718.9644775390625,57.54999923706055,420.9212951660156,226.67617797851562,889.81689453125,3603.19775390625,1759.7862548828125,2996.5185546875,544.4967651367188,841.6766357421875,941.3466186523438,831.44091796875,3416.060546875,605.4985961914062,333.75146484375,2745.921630859375,578.7339477539062,1244.602294921875,599.21240234375,1092.214111328125,1023.24755859375,3830.35009765625,520.4526977539062,106.05000305175781
2022-06-10,69.0,240.99166870117188,600.5,590.75,519.4000244140625,626.0693969726562,1002.75,1344.150634765625,2199.17578125,1757.5999755859375,710.069091796875,56.02000045776367,420.4792175292969,223.95274353027344,892.3682250976562,3602.25,1827.066650390625,2910.223876953125,541.0327758789062,847.2546997070312,936.3587036132812,818.7106323242188,3436.36865234375,605.7433471679688,335.58282470703125,2729.05419921875,556.0646362304688,1222.8958740234375,587.5232543945312,1088.0892333984375,1012.7610473632812,3755.64990234375,520.303955078125,106.55000305175781
2022-06-13,67.5,242.65834045410156,582.25,587.75,502.3999938964844,608.5881958007812,981.4500122070312,1323.6978759765625,2076.045654296875,1798.699951171875,679.619384765625,53.2400016784668,399.50689697265625,213.49676513671875,856.5072021484375,3483.031494140625,1801.9781494140625,2835.920166015625,521.8322143554688,830.8316040039062,924.6881713867188,803.0276489257812,3383.868896484375,599.4768676757812,327.7129211425781,2673.74560546875,525.7227172851562,1136.3245849609375,576.5277099609375,1081.19775390625,991.2637939453125,3661.60009765625,513.5609741210938,102.0
2022-06-14,70.0,242.64166259765625,606.5,594.75,500.20001220703125,605.237548828125,969.5999755859375,1226.2191162109375,2192.53759765625,1788.75,688.8569946289062,53.33000183105469,397.9842834472656,214.37213134765625,858.4443359375,3406.380615234375,1790.8387451171875,2865.16015625,512.182373046875,839.3693237304688,934.324951171875,798.7196655273438,3434.03076171875,596.6373291015625,323.15936279296875,2637.314453125,527.439697265625,1131.3795166015625,567.0180053710938,1112.111328125,981.3491821289062,3648.300048828125,512.7676391601562,103.8499984741211
2022-06-15,70.19999694824219,243.71665954589844,617.0999755859375,585.4000244140625,498.54998779296875,605.3831787109375,1019.7000122070312,1228.25,2180.708740234375,1757.8499755859375,687.9282836914062,54.40999984741211,406.7760009765625,214.66627502441406,836.2155151367188,3458.728515625,1825.83447265625,2916.317626953125,508.1244812011719,844.1297607421875,938.2957763671875,796.0573120117188,3488.0400390625,600.8966674804688,322.2189025878906,2614.416259765625,538.15380859375,1178.6046142578125,574.298828125,1116.915771484375,993.837646484375,3662.89990234375,519.758544921875,105.0
2022-06-16,67.19999694824219,237.9583282470703,613.9500122070312,578.0999755859375,492.54998779296875,582.8033447265625,991.6500244140625,1194.0648193359375,2079.28955078125,1711.0999755859375,666.3740234375,51.86000061035156,386.00006103515625,205.6953125,818.0108642578125,3344.1513671875,1815.6314697265625,2820.68603515625,487.48870849609375,834.7840576171875,911.3226928710938,788.6031494140625,3472.260986328125,590.4198608398438,318.5067138671875,2600.68701171875,518.4278564453125,1144.8924560546875,565.185302734375,1098.5714111328125,986.4017333984375,3682.60009765625,507.1153869628906,103.44999694824219
2022-06-17,67.05000305175781,229.99166870117188,630.1500244140625,593.7999877929688,466.54998779296875,577.2191162109375,957.75,1128.3536376953125,2092.06689453125,1711.25,653.9105834960938,52.2599983215332,382.07080078125,206.18551635742188,802.9681396484375,3353.78271484375,1820.41259765625,2757.2431640625,463.43841552734375,807.3701171875,885.9476318359375,768.0797729492188,3391.466552734375,585.1324462890625,310.9338073730469,2517.478759765625,531.7371215820312,1173.130859375,545.6210327148438,1080.469970703125,953.1309204101562,3460.550048828125,486.4400634765625,100.8499984741211
2022-06-20,65.0,228.53334045410156,644.3499755859375,592.5,469.25,557.698486328125,928.75,1091.9443359375,2076.145751953125,1743.6500244140625,648.2410278320312,49.650001525878906,375.9313659667969,191.08680725097656,759.99560546875,3319.4990234375,1728.73388671875,2694.635498046875,438.4973449707031,808.3630981445312,896.6981811523438,779.5999145507812,3441.7255859375,594.1405639648438,312.91363525390625,2522.67626953125,536.7311401367188,1168.6197509765625,547.948974609375,1093.2330322265625,947.22021484375,3479.10009765625,492.7369079589844,102.0
2022-06-21,66.05000305175781,232.02499389648438,638.5,592.4000244140625,513.6500244140625,582.5606079101562,956.0,1101.469482421875,2157.94921875,1809.0999755859375,673.6076049804688,50.810001373291016,390.5678405761719,200.5480194091797,787.0150756835938,3455.335693359375,1755.153076171875,2773.485107421875,455.7680358886719,831.1139526367188,908.6593017578125,791.3621826171875,3505.961669921875,616.709716796875,321.72393798828125,2605.149169921875,544.4527587890625,1172.63671875,559.1427612304688,1107.452392578125,974.7711791992188,3519.550048828125,513.5113525390625,103.25
2022-06-22,67.5999984741211,225.99166870117188,621.7000122070312,592.5999755859375,504.0,572.80029296875,980.7000122070312,1063.7547607421875,2085.478759765625,1736.0999755859375,653.2752685546875,49.459999084472656,386.14739990234375,197.36160278320312,761.0494995117188,3359.17236328125,1754.906494140625,2758.660888671875,447.25640869140625,829.60498046875,888.0299072265625,783.4722900390625,3506.0595703125,600.3580932617188,310.8348388671875,2523.36279296875,533.7042846679688,1141.264892578125,546.6116333007812,1101.580322265625,942.97802734375,3486.35009765625,503.19854736328125,102.0999984741211
2022-06-23,69.55000305175781,238.63333129882812,628.0,587.5,500.70001220703125,572.509033203125,1016.25,1154.31884765625,2106.59130859375,1796.75,660.117919921875,50.52000045776367,399.9980163574219,198.9793243408203,759.4686889648438,3385.42138671875,1772.2073974609375,2777.868408203125,454.4319152832031,836.2249145507812,903.9619750976562,798.5745239257812,3571.026123046875,615.681640625,323.3573303222656,2556.802978515625,534.5431518554688,1152.97119140625,552.8524169921875,1092.16552734375,938.6881103515625,3440.449951171875,523.328369140625,104.05000305175781
2022-06-24,70.5,239.40834045410156,648.0499877929688,604.75,492.1000061035156,579.30712890625,1025.75,1219.64306640625,2157.599853515625,1857.5999755859375,670.9683837890625,52.88999938964844,402.06085205078125,203.8324737548828,774.176025390625,3520.5087890625,1775.904052734375,2816.530029296875,461.8548278808594,839.0966796875,904.3009643554688,798.283935546875,3585.343994140625,616.2691040039062,323.654296875,2592.49853515625,548.2400512695312,1155.9752197265625,556.1708984375,1087.4095458984375,939.3076782226562,3412.0,529.1293334960938,105.9000015258789
2022-06-27,65.8499984741211,245.38333129882812,701.3499755859375,603.0499877929688,491.3999938964844,595.3316040039062,1041.050048828125,1320.7967529296875,2177.714111328125,1917.6500244140625,672.2879638671875,54.58000183105469,407.1689147949219,204.07757568359375,779.5895385742188,3629.09765625,1788.472900390625,2896.9560546875,461.9538269042969,841.218994140625,902.993408203125,808.9814453125,3577.989990234375,616.8565063476562,316.7248840332031,2607.6005859375,553.4841918945312,1157.1927490234375,552.7533569335938,1099.9788818359375,954.5608520507812,3408.60009765625,538.103515625,106.80000305175781
2022-06-28,60.29999923706055,239.93333435058594,707.0999755859375,593.6500244140625,501.95001220703125,602.1784057617188,1026.949951171875,1283.3232421875,2200.673095703125,1909.8499755859375,662.8060302734375,54.04999923706055,409.72296142578125,204.5677947998047,780.8351440429688,3657.592041015625,1770.432861328125,2863.958251953125,463.7847900390625,851.7426147460938,915.3419799804688,802.15625,3519.54931640625,620.2345581054688,312.7651672363281,2601.667724609375,547.1116333007812,1134.1688232421875,560.628662109375,1085.3714599609375,946.9342041015625,3479.949951171875,531.0630493164062,109.3499984741211
2022-06-29,57.29999923706055,237.90834045410156,705.6500244140625,589.1500244140625,504.75,583.8231811523438,1043.050048828125,1199.1900634765625,2216.1455078125,1901.699951171875,662.5617065429688,54.0099983215332,409.5755920410156,203.2442169189453,772.9783935546875,3643.819091796875,1769.545654296875,2820.322509765625,461.8053894042969,849.7469482421875,917.811767578125,811.9340209960938,3490.231689453125,607.7015991210938,307.0731506347656,2603.8740234375,540.8863525390625,1108.75,536.1608276367188,1078.9168701171875,925.2938232421875,3445.25,509.09869384765625,110.69999694824219
2022-06-30,53.849998474121094,234.49166870117188,675.7000122070312,572.9500122070312,506.79998779296875,559.59228515625,1060.300048828125,1201.8975830078125,2186.997314453125,1929.5999755859375,656.94091796875,52.56999969482422,404.51666259765625,198.24398803710938,760.1392822265625,3568.066162109375,1711.72900390625,2824.3115234375,459.9248962402344,855.4808959960938,888.320556640625,804.092529296875,3536.058837890625,598.2040405273438,305.7841796875,2649.42529296875,531.7972412109375,1091.378662109375,544.8285522460938,1087.991943359375,930.7278442382812,3406.10009765625,507.9582824707031,111.0
2022-07-01,56.150001525878906,235.6750030517578,657.0,588.0499877929688,500.95001220703125,562.505859375,1009.4500122070312,1226.31591796875,2228.223876953125,1963.6500244140625,662.6594848632812,52.650001525878906,405.4007568359375,202.95008850097656,762.0556030273438,3588.725830078125,1698.4700927734375,2844.159423828125,460.3207702636719,853.9427490234375,919.4097900390625,802.7855834960938,3543.02294921875,615.1920166015625,308.9074401855469,2601.569580078125,552.8604736328125,1130.394287109375,560.13330078125,1112.062744140625,993.980712890625,3388.75,536.9136352539062,110.75
2022-07-04,54.29999923706055,232.60000610351562,644.75,584.7000122070312,505.95001220703125,558.8152465820312,1025.0,1226.2191162109375,2257.821044921875,1883.5999755859375,666.6671752929688,52.34000015258789,401.2259216308594,207.31300354003906,769.720703125,3584.434326171875,1716.8057861328125,2820.174560546875,464.8240051269531,847.8194580078125,901.3469848632812,802.9308471679688,3544.97119140625,615.1920166015625,308.6595764160156,2544.2998046875,554.4261474609375,1136.95849609375,568.900146484375,1127.6409912109375,1013.047119140625,3495.5,543.7061767578125,110.75
2022-07-05,55.45000076293945,230.5749969482422,656.25,585.8499755859375,507.54998779296875,554.3964233398438,1015.7999877929688,1206.1044921875,2242.44873046875,1876.4000244140625,663.4903564453125,52.54999923706055,404.713134765625,208.6365966796875,769.7686767578125,3517.813720703125,1695.16748046875,2831.89599609375,458.39080810546875,855.558837890625,907.884521484375,809.1265258789062,3516.23779296875,614.8983154296875,310.89044189453125,2477.22314453125,557.4590454101562,1150.5760498046875,559.5389404296875,1152.1485595703125,1009.6151733398438,3639.050048828125,550.4492797851562,110.44999694824219
2022-07-06,54.349998474121094,233.6999969482422,690.75,572.5499877929688,524.2999877929688,560.6605834960938,1011.7999877929688,1202.04296875,2268.8017578125,1903.699951171875,678.7395629882812,52.540000915527344,408.9862060546875,209.81312561035156,779.1105346679688,3661.63427734375,1718.531005859375,2835.29443359375,464.2301025390625,854.7410278320312,915.8262939453125,810.9660034179688,3550.084716796875,616.8076171875,318.2773132324219,2534.73828125,582.62841796875,1200.873291015625,552.2085571289062,1196.0196533203125,1006.0878295898438,3792.0,558.2335205078125,111.0999984741211
2022-07-07,54.45000076293945,242.21665954589844,690.75,569.7999877929688,595.2999877929688,565.8563842773438,1009.5,1261.999755859375,2270.2490234375,1909.699951171875,687.7816162109375,55.119998931884766,423.229736328125,210.3523712158203,785.3383178710938,3698.812255859375,1736.077880859375,2885.234375,485.6082458496094,844.3147583007812,905.8021850585938,822.3409423828125,3561.38330078125,619.7938842773438,318.6739196777344,2519.29296875,577.1140747070312,1194.768310546875,549.38525390625,1240.812744140625,998.0799560546875,3850.949951171875,566.0177612304688,110.80000305175781
2022-07-08,54.79999923706055,232.30833435058594,698.75,564.0499877929688,595.25,572.0233764648438,1039.8499755859375,1246.043701171875,2288.965576171875,1921.0,699.6096801757812,54.310001373291016,433.740478515625,215.74476623535156,801.43505859375,3650.80517578125,1746.77392578125,2872.330810546875,481.9957275390625,857.8951416015625,905.995849609375,830.3277587890625,3575.896240234375,621.752197265625,320.0619812011719,2472.467041015625,578.344970703125,1198.3375244140625,540.2222900390625,1238.6773681640625,987.259765625,3941.699951171875,571.58251953125,112.0
2022-07-11,56.099998474121094,235.0416717529297,709.5999755859375,558.3499755859375,590.9000244140625,575.8109741210938,1039.8499755859375,1260.3558349609375,2369.022705078125,2207.35009765625,712.80615234375,57.02000045776367,429.320068359375,216.43106079101562,807.8067016601562,3733.99365234375,1808.336669921875,2894.05029296875,486.6969299316406,882.3605346679688,917.71484375,829.8920288085938,3637.06396484375,629.1446533203125,326.1102600097656,2447.901611328125,577.19287109375,1191.8531494140625,541.5100708007812,1228.8258056640625,979.0134887695312,3986.85009765625,578.2901000976562,113.9000015258789
2022-07-12,59.0,233.52499389648438,697.0999755859375,560.25,616.25,573.2372436523438,1025.5999755859375,1238.645751953125,2361.436279296875,2294.75,715.4453735351562,58.54999923706055,422.9350280761719,217.16639709472656,800.0936889648438,3864.88916015625,1785.2196044921875,3059.58056640625,487.48870849609375,878.9691162109375,906.2864379882812,824.4223022460938,3591.626220703125,620.0877075195312,321.69805908203125,2438.193115234375,578.37939453125,1184.5252685546875,534.6749877929688,1194.46630859375,967.8596801757812,3878.39990234375,574.5636596679688,113.0
2022-07-13,58.349998474121094,239.2916717529297,707.75,559.7000122070312,599.75,575.7138061523438,1026.4000244140625,1232.6500244140625,2349.3076171875,2104.75,710.4111328125,57.33000183105469,419.5460510253906,216.43106079101562,802.7764892578125,3813.3896484375,1790.148681640625,3053.129150390625,507.3821716308594,882.4782104492188,923.3322143554688,832.699462890625,3680.6025390625,633.5018310546875,326.30859375,2398.32958984375,578.90625,1175.0858154296875,534.4273071289062,1195.728271484375,955.3711547851562,3883.35009765625,578.0416870117188,112.6500015258789
2022-07-14,55.650001525878906,236.00833129882812,718.3499755859375,544.9000244140625,598.25,568.8184204101562,1035.6500244140625,1263.014404296875,2379.83544921875,2087.0,713.06884765625,56.7400016784668,420.4792175292969,217.0193328857422,805.9383544921875,3692.12548828125,1748.104736328125,3005.010986328125,516.2897338867188,896.9456787109375,921.2015380859375,851.8192138671875,3636.77197265625,633.7481689453125,329.0848388671875,2384.551513671875,574.1747436523438,1170.697998046875,532.0994262695312,1213.927001953125,946.648193359375,3924.85009765625,556.1303100585938,113.30000305175781
2022-07-15,53.900001525878906,234.85000610351562,709.3499755859375,524.1500244140625,605.0999755859375,574.20849609375,1018.1500244140625,1263.837890625,2401.955078125,2072.64990234375,719.4174194335938,57.349998474121094,432.41436767578125,220.59793090820312,818.7294921875,3735.840576171875,1726.2694091796875,2954.529541015625,517.2299194335938,891.1821899414062,935.63232421875,850.3670654296875,3630.879150390625,631.3836059570312,329.5805969238281,2418.580322265625,582.4807739257812,1182.0792236328125,534.8236083984375,1217.4696044921875,970.4336547851562,3926.800048828125,561.7447509765625,114.05000305175781
2022-07-18,53.599998474121094,233.5500030517578,731.0499877929688,524.9500122070312,592.7999877929688,586.5909423828125,1069.25,1296.865966796875,2420.280029296875,2093.25,728.12841796875,57.970001220703125,442.92510986328125,223.3431396484375,822.8494262695312,3804.157470703125,1729.6705322265625,2987.675048828125,500.15716552734375,875.518798828125,936.8914184570312,854.6266479492188,3641.301025390625,635.866455078125,329.63018798828125,2414.90283203125,596.7197875976562,1222.987060546875,537.646728515625,1234.358154296875,1007.47021484375,3945.75,556.428466796875,114.9000015258789
2022-07-19,53.95000076293945,232.63333129882812,737.4000244140625,527.4000244140625,635.5499877929688,590.23291015625,1061.0999755859375,1305.5347900390625,2447.942138671875,2109.0,737.2330932617188,58.66999816894531,441.10784912109375,223.5392303466797,821.7955322265625,3805.30517578125,1744.457275390625,3044.460693359375,504.3634948730469,871.9509887695312,930.4024047851562,847.3658447265625,3655.716552734375,634.2900390625,326.259033203125,2402.203369140625,597.3253784179688,1242.4349365234375,530.8611450195312,1233.1448974609375,988.5466918945312,3931.300048828125,555.28564453125,115.19999694824219
2022-07-20,53.400001525878906,234.3000030517578,736.6500244140625,524.2999877929688,675.0999755859375,590.6213989257812,1055.800048828125,1320.9835205078125,2447.7421875,2084.300048828125,731.8687133789062,57.97999954223633,445.4300537109375,223.1470489501953,826.4904174804688,3926.020751953125,1732.4305419921875,3073.12451171875,509.1142272949219,874.0780029296875,950.5958862304688,839.8148803710938,3644.417724609375,647.7876586914062,323.2844543457031,2425.493896484375,598.1575317382812,1240.033935546875,520.2617797851562,1181.072509765625,977.4405517578125,3915.449951171875,573.718994140625,117.30000305175781
2022-07-21,53.5,235.0,745.0,527.1500244140625,699.2000122070312,590.3299560546875,1039.050048828125,1322.872314453125,2492.081298828125,2109.75,742.400634765625,58.79999923706055,446.8052673339844,225.59814453125,840.0001831054688,3940.6923828125,1839.635498046875,3080.85693359375,506.8873291015625,856.8953857421875,938.0051879882812,841.8963012695312,3695.89453125,640.3984985351562,328.3907775878906,2284.623046875,617.1133422851562,1269.5552978515625,524.1250610351562,1189.2740478515625,996.5070190429688,4035.35009765625,580.3768310546875,120.8499984741211
2022-07-22,53.650001525878906,242.30833435058594,743.0499877929688,520.0999755859375,668.5999755859375,592.17529296875,1043.5999755859375,1313.13818359375,2495.97607421875,2120.449951171875,742.400634765625,58.2599983215332,446.8543701171875,226.33346557617188,834.2992553710938,3849.169921875,1790.0994873046875,3269.83056640625,503.86865234375,857.3659057617188,941.4918823242188,846.591552734375,3698.0859375,630.0043334960938,324.771728515625,2236.27685546875,616.2615356445312,1273.3291015625,529.9696655273438,1179.3253173828125,989.88134765625,3963.39990234375,577.395751953125,118.69999694824219
2022-07-25,47.599998474121094,238.98333740234375,758.0,499.70001220703125,661.3499755859375,582.0264282226562,1029.0999755859375,1291.538818359375,2547.10595703125,2137.60009765625,738.1681518554688,58.34000015258789,441.5989685058594,227.95118713378906,855.3303833007812,3756.749755859375,1830.623779296875,3380.052734375,491.9424743652344,848.9461059570312,929.5792236328125,840.6376953125,3676.219482421875,623.1077270507812,320.012451171875,2184.5966796875,613.184326171875,1259.8812255859375,521.7971801757812,1154.2352294921875,1002.9419555664062,4040.050048828125,569.744140625,118.0
2022-07-26,41.650001525878906,242.35000610351562,698.9000244140625,471.8500061035156,622.4000244140625,578.8700561523438,1031.449951171875,1263.111328125,2556.193359375,2103.64990234375,737.3314819335938,59.540000915527344,433.3475646972656,221.7254180908203,835.1615600585938,3678.80078125,1800.391357421875,3234.76416015625,479.12554931640625,825.7059936523438,925.6083374023438,839.9601440429688,3591.187744140625,618.4771728515625,315.5506286621094,2164.640380859375,616.8720703125,1329.1123046875,517.6366577148438,1122.9820556640625,978.775146484375,3932.39990234375,548.9259033203125,115.6500015258789
2022-07-27,43.95000076293945,239.28334045410156,713.7999877929688,458.04998779296875,646.0,583.6289672851562,1039.8499755859375,1175.5528564453125,2545.20849609375,2099.199951171875,748.7000732421875,62.4900016784668,436.1962585449219,213.73486328125,841.8206176757812,3693.0732421875,1816.769287109375,3275.691162109375,508.5203552246094,840.2225341796875,943.3804931640625,865.4691772460938,3688.053466796875,631.0880737304688,320.55780029296875,2164.8857421875,629.8604736328125,1328.518310546875,516.3489379882812,1153.410400390625,973.2459106445312,4000.949951171875,555.1366577148438,116.25
2022-07-28,45.70000076293945,233.49166870117188,715.7000122070312,459.5,627.5,585.1342163085938,1042.550048828125,1196.6190185546875,2546.90625,2143.949951171875,752.4895629882812,64.38999938964844,434.4281005859375,213.88192749023438,852.743408203125,3571.559814453125,1882.8255615234375,3308.491943359375,519.8527221679688,835.12548828125,936.9883422851562,866.2921142578125,3749.611083984375,632.12255859375,304.1481628417969,2235.1494140625,696.845947265625,1461.798828125,526.6016235351562,1159.1121826171875,1014.2388305664062,4147.7998046875,561.8938598632812,115.55000305175781
2022-07-29,46.79999923706055,232.85000610351562,706.7999877929688,468.25,635.0,618.7369384765625,1061.4000244140625,1356.578369140625,2565.680419921875,2174.699951171875,751.7021484375,62.790000915527344,441.6481018066406,217.55856323242188,871.8104248046875,3692.723876953125,1899.450927734375,3350.01025390625,517.328857421875,801.858154296875,946.6250610351562,913.0989990234375,3732.078857421875,634.5856323242188,304.5943603515625,2216.811279296875,709.8934326171875,1502.2872314453125,550.2769165039062,1189.0357666015625,1015.9071044921875,4243.85009765625,546.7893676757812,119.94999694824219
2022-08-01,46.29999923706055,235.99166870117188,744.3499755859375,504.20001220703125,631.5999755859375,623.398681640625,1098.6500244140625,1444.7664794921875,2656.505859375,2273.699951171875,788.6622314453125,64.37000274658203,470.7245788574219,225.84324645996094,904.5308227539062,3740.930419921875,1953.681396484375,3489.979736328125,520.39697265625,805.7985229492188,972.920166015625,889.3810424804688,3696.575927734375,631.67919921875,306.577392578125,2216.4189453125,715.0042114257812,1504.8331298828125,540.9157104492188,1199.659912109375,1061.475830078125,4307.64990234375,556.1303100585938,120.05000305175781
2022-08-02,55.54999923706055,239.76666259765625,755.7000122070312,559.4000244140625,619.7999877929688,629.274169921875,1109.5,1444.0885009765625,2679.973876953125,2296.14990234375,789.6956787109375,65.70999908447266,467.8267517089844,228.09823608398438,903.4768676757812,3768.427001953125,1933.6912841796875,3712.344970703125,516.6360473632812,800.8877563476562,972.5811767578125,887.9771728515625,3725.50439453125,629.2161254882812,308.4612731933594,2225.931396484375,722.9705810546875,1519.913330078125,533.4367065429688,1210.4788818359375,1060.9515380859375,4259.10009765625,562.341064453125,119.55000305175781
2022-08-03,55.45000076293945,240.00833129882812,804.5499877929688,555.4500122070312,609.4500122070312,623.6414794921875,1088.25,1430.47998046875,2707.685791015625,2204.60009765625,794.5187377929688,67.91999816894531,459.52618408203125,227.95118713378906,898.6861572265625,3748.016845703125,1944.0821533203125,3618.769287109375,516.883544921875,803.0245971679688,979.9902954101562,868.3734741210938,3721.5595703125,618.329345703125,305.7841796875,2222.596923828125,718.4852294921875,1521.8848876953125,530.3163452148438,1198.4412841796875,1055.469970703125,4253.14990234375,569.5950927734375,122.9000015258789
2022-08-04,57.849998474121094,240.73333740234375,809.0499877929688,549.8499755859375,621.6500244140625,620.5821533203125,1104.800048828125,1400.357666015625,2719.869140625,2190.949951171875,794.5679321289062,69.44999694824219,460.60675048828125,223.19606018066406,910.9981689453125,3829.3583984375,1991.53369140625,3584.244873046875,538.2615966796875,813.1498413085938,1011.6122436523438,889.187255859375,3787.110595703125,650.2015380859375,311.336669921875,2271.82568359375,720.484130859375,1516.03466796875,529.87060546875,1171.783203125,1049.89306640625,4239.10009765625,565.7196655273438,120.6500015258789
2022-08-05,54.599998474121094,235.2083282470703,784.2999877929688,571.25,633.7000122070312,623.8355712890625,1099.25,1427.9134521484375,2694.703369140625,2106.199951171875,797.5208129882812,66.41000366210938,457.02130126953125,227.55902099609375,908.7944946289062,3819.876708984375,2004.05224609375,3522.82958984375,539.4987182617188,814.89453125,1001.6365356445312,886.7186889648438,3810.535888671875,658.2310791015625,310.6426086425781,2220.243408203125,719.3074340820312,1506.10595703125,534.1796875,1169.4927978515625,1090.981201171875,4232.25,572.0296630859375,125.0999984741211
2022-08-08,55.45000076293945,236.03334045410156,834.9500122070312,557.4500122070312,642.2999877929688,639.5202026367188,1106.3499755859375,1447.91455078125,2788.075439453125,2165.199951171875,789.0559692382812,65.72000122070312,459.96826171875,223.78433227539062,916.938720703125,3790.833251953125,1988.9114990234375,3519.332763671875,545.43701171875,827.9309692382812,1001.9772338867188,881.345703125,3835.275634765625,656.8025512695312,311.03924560546875,2283.397216796875,723.0001220703125,1550.5128173828125,531.703125,1183.3822021484375,1070.4847412109375,4250.0498046875,563.9805908203125,123.6500015258789
2022-08-10,55.95000076293945,231.6750030517578,826.75,560.5,599.7999877929688,653.7479248046875,1101.449951171875,1441.231201171875,2823.326904296875,2164.949951171875,778.1303100585938,67.94999694824219,467.13916015625,224.02943420410156,1029.1846923828125,3838.49072265625,1997.2734375,3609.657958984375,553.107421875,831.8419189453125,1010.5415649414062,890.3490600585938,3846.18505859375,659.9552001953125,310.79132080078125,2262.999755859375,704.0147094726562,1561.749267578125,535.8141479492188,1199.5133056640625,1074.6317138671875,4250.7001953125,565.02392578125,125.0999984741211
2022-08-11,57.900001525878906,236.35833740234375,825.7999877929688,583.25,563.25,650.7858276367188,1185.550048828125,1423.651611328125,2830.167724609375,2164.89990234375,780.2957763671875,68.4800033569336,468.2196960449219,224.9118194580078,1030.573974609375,3874.3896484375,2001.3309326171875,3637.63232421875,559.6890258789062,834.7824096679688,1010.5902099609375,891.656005859375,3874.89306640625,680.0538940429688,313.07183837890625,2302.667236328125,720.710693359375,1571.10888671875,536.4580688476562,1209.552978515625,1117.62646484375,4274.85009765625,584.451171875,124.05000305175781
2022-08-12,61.75,233.11666870117188,787.2999877929688,573.1500244140625,555.25,647.240966796875,1168.699951171875,1424.474853515625,2860.6259765625,2176.0,775.96484375,69.02999877929688,469.103759765625,227.85313415527344,1072.0615234375,3826.857421875,2032.4541015625,3500.2236328125,560.3324584960938,835.2725219726562,999.6415405273438,884.2984619140625,3657.15380859375,672.76318359375,308.5108337402344,2319.14208984375,719.770263671875,1573.954345703125,539.8261108398438,1206.5313720703125,1131.9739990234375,4336.7001953125,570.5391845703125,123.1500015258789
2022-08-16,64.25,233.24166870117188,783.9000244140625,577.0999755859375,557.5999755859375,648.89208984375,1214.8499755859375,1434.88720703125,2971.773681640625,2218.199951171875,811.2024536132812,72.47000122070312,481.18621826171875,231.3826904296875,1075.5106201171875,3894.111572265625,2073.819580078125,3504.114501953125,571.3678588867188,842.5259399414062,1006.8433227539062,885.4117431640625,3662.84619140625,673.452880859375,314.65826416015625,2292.90966796875,717.4758911132812,1588.95947265625,565.23486328125,1263.210205078125,991.5496826171875,4402.10009765625,580.5755615234375,122.5999984741211
2022-08-17,65.25,233.49166870117188,784.7000122070312,571.7999877929688,562.4500122070312,652.2911376953125,1205.800048828125,1491.112548828125,3004.528564453125,2227.050048828125,811.7930297851562,76.08999633789062,476.8149108886719,232.6572723388672,1060.7552490234375,4000.46044921875,2095.591064453125,3593.060791015625,584.8776245117188,846.0741577148438,998.2789306640625,891.4139404296875,3678.942138671875,677.787841796875,314.8069763183594,2324.1923828125,741.2075805664062,1681.2626953125,583.8085327148438,1321.20458984375,1017.9089965820312,4398.64990234375,602.0397338867188,126.0999984741211
2022-08-18,67.0999984741211,231.25,786.2000122070312,560.2000122070312,560.0999755859375,695.11865234375,1208.550048828125,1485.2528076171875,3149.329833984375,2296.35009765625,819.9625854492188,79.88999938964844,476.22552490234375,233.29454040527344,1071.4384765625,4062.372314453125,2082.379638671875,3574.24658203125,584.4816284179688,828.2741088867188,1004.55615234375,887.4932250976562,3674.2314453125,678.6253051757812,312.32818603515625,2352.582275390625,737.3819580078125,1677.8282470703125,581.2330322265625,1293.1820068359375,1010.9974365234375,4460.9501953125,616.2498168945312,127.6500015258789
2022-08-19,61.45000076293945,233.2083282470703,772.0999755859375,554.5499877929688,569.7999877929688,715.5589599609375,1232.199951171875,1437.8897705078125,3125.912109375,2411.35009765625,858.1038208007812,82.38999938964844,462.66961669921875,228.09823608398438,1077.0916748046875,3984.283203125,2020.034423828125,3529.77392578125,575.920654296875,824.1376953125,1002.512451171875,875.4494018554688,3627.709716796875,678.7731323242188,305.5362854003906,2364.938720703125,719.0120239257812,1626.0833740234375,571.22802734375,1256.6796875,995.3153686523438,4382.0,592.847900390625,129.14999389648438
2022-08-22,62.0,228.96665954589844,776.3499755859375,524.4500122070312,559.2999877929688,693.5125122070312,1300.1500244140625,1386.845947265625,3047.419921875,2519.75,827.0494995117188,86.5,446.5596923828125,219.7645263671875,1041.9757080078125,4028.77001953125,1959.8663330078125,3428.07177734375,565.6273803710938,820.7952880859375,995.1646728515625,855.2471313476562,3514.30078125,672.8125610351562,302.90875244140625,2324.045166015625,699.3668823242188,1584.5618896484375,561.322021484375,1228.7545166015625,981.3491821289062,4250.75,561.1485595703125,133.39999389648438
2022-08-23,64.44999694824219,227.44166564941406,776.2000122070312,512.4500122070312,557.5999755859375,695.897216796875,1255.550048828125,1356.2392578125,3026.498291015625,2412.89990234375,819.4212646484375,82.18000030517578,452.3062438964844,226.92172241210938,1055.1502685546875,4043.748779296875,1966.546142578125,3438.80859375,581.017578125,828.283935546875,1012.7799072265625,862.87158203125,3466.8466796875,685.1771850585938,304.34649658203125,2308.060791015625,709.7557373046875,1627.710693359375,560.529541015625,1217.837890625,987.4505004882812,4256.9501953125,577.5944213867188,136.0500030517578
2022-08-24,62.20000076293945,225.59165954589844,768.2999877929688,512.7000122070312,560.7999877929688,704.998046875,1286.0999755859375,1372.462890625,3130.35595703125,2358.85009765625,823.1615600585938,78.08000183105469,455.007568359375,225.10792541503906,1049.3055419921875,4085.090087890625,1969.465576171875,3500.765380859375,571.8626708984375,826.8919677734375,1009.5682983398438,855.6841430664062,3431.857177734375,667.5907592773438,304.1977233886719,2352.533203125,706.7227783203125,1630.700927734375,561.322021484375,1212.281982421875,983.5418090820312,4304.25,575.5076904296875,133.10000610351562
2022-08-25,62.099998474121094,227.40834045410156,768.7000122070312,505.75,555.4500122070312,697.8927001953125,1328.25,1427.0418701171875,3062.1494140625,2368.300048828125,803.1804809570312,78.69999694824219,451.0783386230469,224.81378173828125,1053.760986328125,4068.613525390625,1937.69921875,3471.559814453125,567.6563720703125,830.7833251953125,998.2789306640625,852.090576171875,3470.3310546875,655.0784301757812,303.9002685546875,2353.366943359375,693.946044921875,1621.960205078125,565.6806640625,1228.4134521484375,1002.4176025390625,4341.25,581.3208618164062,131.3000030517578
2022-08-26,61.849998474121094,227.7083282470703,762.0499877929688,512.1500244140625,558.5999755859375,699.498779296875,1333.5999755859375,1515.859375,3135.249267578125,2392.75,824.5396118164062,75.0999984741211,456.8248596191406,230.5003204345703,1064.1087646484375,4067.61474609375,1940.3216552734375,3479.095458984375,561.4210815429688,827.921142578125,993.4614868164062,854.858642578125,3521.02392578125,643.05859375,304.1481628417969,2341.550048828125,695.418212890625,1625.9237060546875,561.5697021484375,1228.169677734375,998.556640625,4409.64990234375,587.2831420898438,130.25
2022-08-29,59.20000076293945,224.39999389648438,726.4000244140625,496.1499938964844,562.4500122070312,673.3641357421875,1323.699951171875,1452.6119384765625,3138.294921875,2337.85009765625,823.260009765625,78.8499984741211,445.3318176269531,228.09823608398438,1084.9962158203125,3975.845703125,1923.1025390625,3387.98193359375,570.4771118164062,825.3433227539062,990.0552368164062,853.9845581054688,3516.0673828125,652.1719360351562,300.9257507324219,2296.390869140625,685.7925415039062,1605.9964599609375,555.6756591796875,1226.610107421875,989.3571166992188,4431.5498046875,599.4064331054688,127.19999694824219
2022-08-30,57.95000076293945,231.74166870117188,717.8499755859375,503.04998779296875,568.9000244140625,691.8091430664062,1309.449951171875,1471.5474853515625,3189.97412109375,2436.199951171875,828.919677734375,82.79000091552734,462.76788330078125,232.31411743164062,1082.265625,4097.8720703125,1958.4810791015625,3413.050537109375,573.099853515625,832.1849975585938,1010.6387939453125,867.387939453125,3559.64453125,659.2162475585938,307.2714538574219,2322.231201171875,719.4600219726562,1693.4276123046875,569.7916259765625,1255.7049560546875,1005.8494873046875,4531.35009765625,612.4239501953125,132.14999389648438
2022-09-01,62.45000076293945,227.84165954589844,732.3499755859375,495.54998779296875,569.9000244140625,688.207763671875,1312.550048828125,1419.9713134765625,3228.821044921875,2393.10009765625,824.6380004882812,81.69999694824219,458.6421203613281,232.55921936035156,1091.415771484375,4066.01708984375,1984.458251953125,3434.8193359375,568.2007446289062,823.7651977539062,995.6026000976562,846.797119140625,3532.5068359375,650.9404296875,299.0418395996094,2452.951904296875,707.156005859375,1737.7796630859375,570.1878662109375,1239.3299560546875,995.9826049804688,4565.85009765625,614.6101684570312,131.0500030517578
2022-09-02,59.75,227.2916717529297,727.2000122070312,483.29998779296875,564.3499755859375,693.6585693359375,1294.9000244140625,1391.68896484375,3351.203125,2383.10009765625,838.5657348632812,80.25,453.5832214355469,230.5983428955078,1072.9237060546875,4103.4638671875,1962.19189453125,3377.541015625,563.20263671875,821.3833618164062,988.4007568359375,844.5632934570312,3531.47607421875,644.0438232421875,293.0927429199219,2516.44921875,708.0471801757812,1730.0772705078125,569.4449462890625,1227.1461181640625,981.921142578125,4576.7998046875,602.5863647460938,130.5
2022-09-05,59.650001525878906,227.64166259765625,708.7000122070312,495.3500061035156,565.6500244140625,691.9552001953125,1279.199951171875,1398.8079833984375,3341.9658203125,2353.800048828125,837.5322265625,77.97000122070312,450.8818664550781,231.82388305664062,1072.301025390625,4198.728515625,1997.421875,3384.78076171875,557.0662841796875,826.1470336914062,998.181640625,859.1807861328125,3526.17626953125,643.5020141601562,290.3164978027344,2424.95458984375,708.6232299804688,1734.7545166015625,568.2562866210938,1229.9239501953125,982.4931030273438,4577.4501953125,595.1334228515625,133.14999389648438
2022-09-06,59.70000076293945,225.8000030517578,709.4500122070312,489.8999938964844,571.75,689.4244384765625,1259.8499755859375,1405.3455810546875,3431.093505859375,2374.89990234375,836.9907836914062,81.55000305175781,449.6539611816406,242.51063537597656,1073.1153564453125,4181.25341796875,1981.885009765625,3402.314208984375,554.9384155273438,831.0382690429688,1012.9745483398438,862.240234375,3519.06103515625,642.9108276367188,289.91986083984375,2407.253662109375,701.0557250976562,1694.1064453125,568.107666015625,1188.1094970703125,982.4931030273438,4557.10009765625,607.5051879882812,133.25
2022-09-07,59.5,225.76666259765625,706.75,489.8999938964844,573.5,687.623779296875,1259.5999755859375,1417.598388671875,3468.991455078125,2346.949951171875,861.1552124023438,81.26000213623047,437.9644470214844,242.11846923828125,1078.0498046875,4356.603515625,1997.81787109375,3383.254150390625,553.65185546875,833.0181884765625,1023.33935546875,868.0679321289062,3524.40966796875,656.4577026367188,299.6367492675781,2440.20361328125,705.6986694335938,1702.75732421875,571.5252075195312,1217.740234375,987.5457763671875,4426.2998046875,608.3994750976562,132.14999389648438
2022-09-08,61.349998474121094,225.3333282470703,707.0,498.6499938964844,568.7999877929688,695.751220703125,1320.199951171875,1415.46728515625,3458.056640625,2334.050048828125,871.1456298828125,80.37999725341797,434.3789978027344,240.1085662841797,1070.1451416015625,4386.56103515625,2013.3050537109375,3563.855224609375,555.3838500976562,837.3995971679688,1027.7674560546875,868.60205078125,3502.277587890625,656.9010620117188,297.6537170410156,2393.67138671875,714.6743774414062,1735.4285888671875,578.8555297851562,1197.61279296875,991.7879638671875,4406.0498046875,603.5800170898438,132.39999389648438
2022-09-09,62.79999923706055,224.625,727.9000244140625,513.3499755859375,568.5,692.8311767578125,1309.0999755859375,1421.908203125,3446.47216796875,2315.89990234375,892.6031494140625,79.4000015258789,438.0135498046875,237.60845947265625,1066.4561767578125,4533.60205078125,2023.4981689453125,3554.00537109375,549.7423706054688,834.1551513671875,1029.957275390625,864.4256591796875,3536.236572265625,658.6744384765625,299.587158203125,2344.491943359375,707.1166381835938,1717.737548828125,570.5346069335938,1190.4002685546875,996.5546264648438,4386.10009765625,597.22021484375,131.85000610351562
2022-09-12,62.54999923706055,223.25,736.6500244140625,505.04998779296875,572.7999877929688,702.0780029296875,1325.6500244140625,1431.158203125,3459.05517578125,2355.949951171875,923.7559204101562,79.5199966430664,443.0233459472656,238.04966735839844,1111.2012939453125,4491.16259765625,2155.759033203125,3598.52734375,541.082275390625,835.3411254882812,1036.2344970703125,862.1917114257812,3609.846923828125,661.7286987304688,300.9753112792969,2315.709716796875,717.5546264648438,1710.98876953125,573.110107421875,1209.016845703125,997.3173217773438,4443.9501953125,621.2183837890625,131.14999389648438
2022-09-13,65.44999694824219,226.93333435058594,735.7000122070312,565.0499877929688,575.5,700.7639770507812,1355.1500244140625,1428.25244140625,3550.92919921875,2335.64990234375,933.8942260742188,78.72000122070312,448.7207336425781,236.3339080810547,1112.111572265625,4591.91943359375,2233.04736328125,3599.118408203125,547.2186279296875,833.723876953125,1030.541259765625,864.5712890625,3599.6396484375,663.9946899414062,300.8265686035156,2390.484375,729.031494140625,1781.817138671875,581.5302124023438,1204.4844970703125,1001.17822265625,4493.25,620.3240356445312,128.0
2022-09-14,63.29999923706055,223.27499389648438,725.6500244140625,546.6500244140625,594.0,693.8532104492188,1326.5,1409.074951171875,3567.206787109375,2293.60009765625,932.9591064453125,76.91000366210938,442.2375183105469,236.7751007080078,1107.5125732421875,4591.5693359375,2228.7919921875,3624.974853515625,542.7647705078125,826.12744140625,1031.56298828125,858.3552856445312,3600.572021484375,656.5562133789062,302.6609191894531,2330.7138671875,736.9092407226562,1802.3831787109375,570.9307861328125,1213.7928466796875,992.9796752929688,4478.25,631.3045043945312,129.14999389648438
2022-09-15,64.5999984741211,222.50833129882812,729.75,519.6500244140625,579.9500122070312,705.0466918945312,1317.449951171875,1398.2755126953125,3743.564697265625,2343.89990234375,953.3339233398438,79.83999633789062,439.33966064453125,240.59877014160156,1121.309814453125,4577.8896484375,2207.16943359375,3683.3857421875,525.296142578125,817.2763671875,1005.6268310546875,849.1766967773438,3538.64111328125,653.10791015625,296.91009521484375,2277.856689453125,727.3427124023438,1769.2877197265625,561.4210815429688,1203.6072998046875,1010.091796875,4525.85009765625,630.5095825195312,126.80000305175781
2022-09-16,63.20000076293945,225.88333129882812,718.5999755859375,518.6500244140625,581.25,684.2656860351562,1269.5,1385.8292236328125,3697.128173828125,2316.60009765625,923.460693359375,77.55000305175781,424.8505554199219,231.67684936523438,1059.4617919921875,4440.384765625,2086.14013671875,3525.144287109375,511.4400329589844,799.3096313476562,1015.5536499023438,843.1063232421875,3507.4794921875,622.8121337890625,288.7796325683594,2249.172607421875,716.294189453125,1732.049072265625,541.6091918945312,1184.6495361328125,985.1625366210938,4327.5498046875,622.6095581054688,119.55000305175781
2022-09-19,63.95000076293945,222.9583282470703,706.9500122070312,514.0,575.5499877929688,673.5587768554688,1274.0999755859375,1373.9158935546875,3773.4736328125,2346.35009765625,944.5244750976562,78.37000274658203,417.9252624511719,227.8041229248047,1056.58740234375,4395.099609375,2050.16796875,3504.7548828125,502.2356262207031,803.583251953125,1008.5464477539062,849.7109375,3552.47998046875,631.7777099609375,287.54022216796875,2203.376220703125,738.1549072265625,1763.0479736328125,542.9464111328125,1177.4364013671875,980.1098022460938,4348.0,610.8341064453125,121.5999984741211
2022-09-20,62.849998474121094,220.875,697.4500122070312,511.3500061035156,581.3499755859375,687.3318481445312,1275.8499755859375,1384.2794189453125,3829.29736328125,2399.949951171875,955.0072021484375,79.6500015258789,426.5696105957031,230.64736938476562,1067.0311279296875,4487.41796875,2126.763671875,3567.10546875,522.2280883789062,826.4901123046875,1063.0467529296875,885.7447509765625,3564.257568359375,661.3345947265625,296.0177307128906,2188.71533203125,751.8720703125,1796.6427001953125,554.4869384765625,1184.8929443359375,985.686767578125,4349.2998046875,620.3736572265625,125.1500015258789
2022-09-21,63.45000076293945,219.2916717529297,684.5499877929688,509.8999938964844,592.5999755859375,681.686279296875,1262.949951171875,1359.435546875,3635.11376953125,2362.800048828125,918.2440185546875,78.0999984741211,420.0863342285156,226.67660522460938,1051.3656005859375,4486.06982421875,2118.74755859375,3514.998779296875,510.59869384765625,814.0908203125,1041.733154296875,879.2860107421875,3507.4794921875,651.580810546875,286.895751953125,2124.1396484375,757.3126220703125,1799.038818359375,546.2154541015625,1169.78515625,988.0224609375,4308.7001953125,619.1315307617188,123.69999694824219
2022-09-22,63.29999923706055,220.63333129882812,685.0,506.6499938964844,587.2999877929688,682.2216186523438,1267.949951171875,1346.844482421875,3711.20947265625,2363.60009765625,931.7779541015625,79.25,424.5558776855469,227.11778259277344,1101.9073486328125,4462.95263671875,2140.172607421875,3537.949462890625,515.893798828125,819.9033203125,1033.4608154296875,881.9083862304688,3513.760986328125,653.5020141601562,287.04449462890625,2132.965576171875,760.1585083007812,1769.4375,540.6680908203125,1164.326904296875,966.9540405273438,4431.7001953125,630.9567260742188,124.25
2022-09-23,60.79999923706055,217.9166717529297,692.5999755859375,492.54998779296875,584.7000122070312,667.5241088867188,1271.5999755859375,1308.9246826171875,3669.266845703125,2323.85009765625,899.4440307617188,77.12000274658203,415.6168212890625,220.10769653320312,1086.91259765625,4308.22265625,2141.211669921875,3495.84033203125,505.0563049316406,811.4345703125,1039.494873046875,894.6318359375,3575.10302734375,638.7728271484375,281.392822265625,2101.97705078125,739.2430419921875,1719.0704345703125,534.3777465820312,1149.5604248046875,955.704833984375,4367.0,617.1441650390625,123.69999694824219
2022-09-26,57.79999923706055,212.9166717529297,657.5,478.8999938964844,564.0499877929688,646.7916870117188,1202.6500244140625,1253.13525390625,3581.287353515625,2210.35009765625,849.8358154296875,73.30000305175781,390.4695739746094,211.0876922607422,1018.8367309570312,4168.1220703125,2065.655517578125,3347.695068359375,489.76507568359375,809.2095336914062,1037.1103515625,874.8181762695312,3601.994873046875,644.2902221679688,273.7085266113281,2024.01513671875,714.8565063476562,1674.0445556640625,517.8347778320312,1116.6153564453125,911.5660400390625,4375.2998046875,598.8599243164062,121.6500015258789
2022-09-27,58.849998474121094,214.8333282470703,660.0,477.6499938964844,570.0999755859375,658.6179809570312,1207.699951171875,1281.2720947265625,3554.224365234375,2146.300048828125,830.9375,74.51000213623047,391.7465515136719,213.24464416503906,1022.5255126953125,4201.2255859375,2033.3446044921875,3231.710693359375,503.3738098144531,819.7464599609375,1069.275146484375,871.3701782226562,3612.006103515625,646.6546630859375,277.7737731933594,2020.582763671875,713.2169189453125,1676.7900390625,515.95263671875,1129.091552734375,964.8090209960938,4283.2001953125,603.430908203125,126.25
2022-09-28,58.04999923706055,213.03334045410156,643.2000122070312,469.45001220703125,571.1500244140625,661.9759521484375,1205.1500244140625,1325.4873046875,3543.888671875,2051.050048828125,814.1060791015625,73.55000305175781,392.04132080078125,209.71507263183594,1004.0813598632812,4246.9599609375,2054.967529296875,3180.391845703125,496.7921447753906,837.017333984375,1067.7667236328125,891.4752807617188,3634.727294921875,660.3001098632812,281.64068603515625,2011.36474609375,709.2435913085938,1649.48486328125,509.61285400390625,1134.5985107421875,999.7006225585938,4318.14990234375,599.6051635742188,128.0500030517578
2022-09-29,61.20000076293945,214.13333129882812,632.1500244140625,467.20001220703125,577.1500244140625,688.1591186523438,1209.5999755859375,1296.236328125,3465.945556640625,2004.050048828125,803.5741577148438,73.88999938964844,395.1355895996094,208.09735107421875,1047.2454833984375,4257.095703125,1989.40625,3166.06005859375,504.2150573730469,854.8566284179688,1085.9659423828125,903.9560546875,3625.20654296875,645.1275024414062,284.4169616699219,2047.45263671875,699.6179809570312,1633.2119140625,523.035400390625,1136.4505615234375,985.11474609375,4240.5498046875,599.8038940429688,126.5
2022-09-30,62.349998474121094,212.01666259765625,637.9500122070312,472.54998779296875,582.9000244140625,687.185791015625,1261.1500244140625,1324.1798095703125,3451.01611328125,2260.800048828125,807.7573852539062,74.69999694824219,397.44403076171875,212.2642059326172,1058.5037841796875,4365.39111328125,2014.839111328125,3120.010986328125,507.72857666015625,849.9556884765625,1085.090087890625,921.3903198242188,3636.54296875,669.8075561523438,288.482177734375,2052.35595703125,722.3649291992188,1675.5919189453125,525.46240234375,1122.02490234375,991.5020751953125,4386.5498046875,618.7838134765625,129.5
2022-10-03,61.900001525878906,217.36666870117188,660.0,468.8500061035156,567.25,687.3318481445312,1246.0999755859375,1332.896484375,3152.97509765625,2074.050048828125,772.0769653320312,70.97000122070312,390.616943359375,208.97976684570312,1047.9161376953125,4292.994140625,2029.534912109375,3073.222900390625,507.0851745605469,866.4129638671875,1100.4669189453125,917.3594970703125,3657.7919921875,711.4334716796875,289.275390625,2091.3857421875,706.2205200195312,1643.89404296875,513.8228759765625,1096.97509765625,981.539794921875,4443.75,611.08251953125,131.60000610351562
2022-10-04,64.05000305175781,217.90834045410156,674.9500122070312,482.1499938964844,593.9000244140625,700.0826416015625,1245.5999755859375,1348.5394287109375,3233.264892578125,2134.199951171875,810.1196899414062,70.5,400.68560791015625,214.7643280029297,1093.1883544921875,4329.3427734375,2085.546142578125,3135.770751953125,518.021728515625,865.2955322265625,1113.9947509765625,917.4080810546875,3710.054931640625,731.2858276367188,296.0177307128906,2090.650390625,737.42626953125,1698.3544921875,526.9483032226562,1120.8553466796875,991.5020751953125,4479.5498046875,629.41650390625,130.0
2022-10-06,65.55000305175781,214.05833435058594,688.5999755859375,490.3999938964844,596.6500244140625,711.7628173828125,1277.8499755859375,1346.844482421875,3280.5,2201.699951171875,811.1532592773438,74.0199966430664,406.7760009765625,217.3624725341797,1099.7994384765625,4426.75341796875,2153.284912109375,3184.62744140625,520.6939086914062,862.08056640625,1104.0677490234375,926.4894409179688,3663.82763671875,712.5172119140625,288.7300720214844,2034.6551513671875,729.1004028320312,1707.7391357421875,524.669921875,1131.089599609375,995.2199096679688,4413.85009765625,635.1799926757812,130.39999389648438
2022-10-07,69.55000305175781,214.0500030517578,707.4500122070312,487.6000061035156,601.4000244140625,715.6563110351562,1271.300048828125,1340.4515380859375,3273.1103515625,2204.14990234375,804.06640625,74.56999969482422,404.8604431152344,218.14683532714844,1132.3282470703125,4308.42236328125,2182.42919921875,3170.73876953125,518.1701049804688,857.9833984375,1100.2236328125,927.7035522460938,3666.526611328125,710.5467529296875,280.4508972167969,2036.42041015625,723.2905883789062,1696.2081298828125,521.896240234375,1115.93310546875,1008.9954833984375,4471.4501953125,615.057373046875,129.25
2022-10-10,68.69999694824219,214.47500610351562,727.25,479.1000061035156,575.5499877929688,711.7141723632812,1239.300048828125,1323.8406982421875,3241.802978515625,2155.89990234375,795.404541015625,73.06999969482422,388.9469909667969,216.03887939453125,1149.43115234375,4229.5849609375,2183.71533203125,3109.91455078125,511.2915344238281,858.6401977539062,1088.885498046875,918.864990234375,3618.287353515625,696.7535400390625,275.047119140625,2011.4139404296875,718.1947021484375,1681.6319580078125,528.1865844726562,1100.53271484375,1003.3709106445312,4471.75,611.8775024414062,126.4000015258789
2022-10-11,65.55000305175781,210.10000610351562,708.0999755859375,467.6499938964844,556.3499755859375,706.2634887695312,1215.050048828125,1361.56640625,3269.465087890625,2128.800048828125,784.8234252929688,71.37000274658203,386.3929748535156,212.9014892578125,1115.6087646484375,4253.75,2155.56103515625,3069.72607421875,506.8873291015625,839.5755004882812,1080.3699951171875,917.6023559570312,3437.304443359375,670.8912963867188,266.470458984375,2043.284912109375,709.273193359375,1669.9013671875,517.6366577148438,1106.3321533203125,979.3472290039062,4381.10009765625,596.4252319335938,126.1500015258789
2022-10-12,63.75,208.875,700.7000122070312,457.29998779296875,562.7000122070312,703.0513305664062,1210.050048828125,1375.9981689453125,3219.23388671875,2099.10009765625,791.2705688476562,71.36000061035156,389.536376953125,213.68585205078125,1114.2672119140625,4272.42333984375,2202.66650390625,3010.083984375,493.6249694824219,831.4204711914062,1078.7640380859375,928.092041015625,3462.429931640625,669.2656860351562,265.1815185546875,2091.48388671875,711.577392578125,1691.8651123046875,521.6486206054688,1105.6014404296875,980.7295532226562,4352.89990234375,600.30078125,126.0
2022-10-13,61.25,202.46665954589844,686.0999755859375,452.6000061035156,560.2000122070312,704.803466796875,1180.6500244140625,1339.9189453125,3229.22021484375,2083.35009765625,772.42138671875,69.37000274658203,391.9430847167969,211.9210662841797,1103.6319580078125,4280.6123046875,2202.31982421875,2993.191162109375,498.7715759277344,834.0669555664062,1074.0927734375,940.5728149414062,3458.553466796875,676.9996948242188,260.1743469238281,2108.253173828125,704.236328125,1678.9864501953125,515.7545776367188,1103.1646728515625,972.57861328125,4309.9501953125,600.797607421875,127.94999694824219
2022-10-14,61.900001525878906,201.1999969482422,681.5,442.3999938964844,561.0499877929688,703.5867309570312,1174.75,1351.3966064453125,3205.103515625,2033.1500244140625,767.844482421875,66.25,389.24169921875,211.6759490966797,1095.8232421875,4243.015625,2201.924072265625,2996.2939453125,510.7967834472656,845.0744018554688,1079.2021484375,948.2457885742188,3506.596435546875,680.447998046875,259.0836486816406,2118.157470703125,716.1366577148438,1685.5257568359375,518.0824584960938,1098.1448974609375,967.7166748046875,4306.14990234375,593.841552734375,123.9000015258789
2022-10-17,62.650001525878906,193.4166717529297,672.5499877929688,426.5,548.9500122070312,708.599609375,1157.75,1338.4661865234375,3208.19921875,2154.449951171875,773.8486938476562,68.12999725341797,389.0943603515625,213.68585205078125,1113.3570556640625,4274.470703125,2232.304931640625,2978.957763671875,507.5801086425781,849.8577270507812,1078.47216796875,951.8394775390625,3512.239501953125,680.447998046875,261.4633483886719,2115.264892578125,724.2803344726562,1716.4246826171875,518.8253784179688,1103.7005615234375,974.3422241210938,4153.4501953125,592.5498046875,122.25
2022-10-18,63.0,190.69166564941406,662.4500122070312,430.0,555.5999755859375,711.66552734375,1179.0999755859375,1337.110107421875,3279.80078125,2153.75,797.2255859375,69.12000274658203,397.1001892089844,216.33302307128906,1117.6207275390625,4289.69873046875,2226.466552734375,2996.7373046875,505.4521789550781,854.0430908203125,1095.6981201171875,950.23681640625,3506.056640625,683.5514526367188,264.5369873046875,2115.60791015625,727.7464599609375,1723.413330078125,526.2548828125,1120.3193359375,992.2646484375,4139.35009765625,597.6177368164062,128.0
2022-10-19,62.04999923706055,192.05833435058594,652.4500122070312,427.1499938964844,559.25,723.005126953125,1190.8499755859375,1327.6181640625,3272.760498046875,2119.800048828125,792.4025268554688,66.72000122070312,391.9921875,214.1270294189453,1115.512939453125,4266.58203125,2237.550048828125,2980.63232421875,523.1187744140625,846.270263671875,1091.9512939453125,948.82861328125,3541.19287109375,678.9701538085938,267.41241455078125,2145.958984375,726.76171875,1696.0084228515625,526.5520629882812,1109.110107421875,1000.8446044921875,4167.85009765625,601.29443359375,122.5
2022-10-20,61.29999923706055,193.9583282470703,632.75,400.75,471.1499938964844,722.8590698242188,1175.0999755859375,1348.829833984375,3352.501220703125,2138.89990234375,807.1668701171875,67.69000244140625,391.0589904785156,216.48008728027344,1109.6683349609375,4289.69873046875,2224.239990234375,3028.897705078125,520.7929077148438,852.57275390625,1106.35498046875,952.1793823242188,3584.23046875,669.6597900390625,268.25518798828125,2157.77587890625,731.8822021484375,1722.8641357421875,532.1489868164062,1123.7791748046875,999.0809326171875,4226.25,588.0283813476562,122.94999694824219
2022-10-21,61.79999923706055,189.21665954589844,629.5999755859375,379.6499938964844,385.75,723.735107421875,1180.0999755859375,1266.6466064453125,3307.363037109375,2105.300048828125,789.0559692382812,66.44000244140625,391.0098571777344,214.32313537597656,1095.631591796875,4268.9287109375,2218.6484375,3017.619140625,481.25341796875,848.9951171875,1104.3597412109375,949.6055908203125,3505.221923828125,668.7730712890625,266.5200500488281,2147.871337890625,708.2835083007812,1681.681884765625,536.854248046875,1122.60986328125,984.7811279296875,4215.5498046875,586.9849853515625,120.0999984741211
2022-10-24,62.349998474121094,190.64999389648438,637.5,394.45001220703125,399.20001220703125,723.9784545898438,1190.4000244140625,1291.1998291015625,3305.26611328125,2121.25,792.845458984375,67.11000061035156,394.4970397949219,214.71530151367188,1108.326904296875,4273.22216796875,2213.552001953125,3040.865234375,474.8697204589844,858.1500244140625,1116.1844482421875,958.6383056640625,3545.511474609375,670.6942138671875,267.80902099609375,2151.40185546875,709.6375122070312,1699.00341796875,536.4580688476562,1120.9041748046875,987.0213623046875,4229.9501953125,592.5498046875,121.4000015258789
2022-10-25,64.5999984741211,185.21665954589844,656.3499755859375,384.25,383.3999938964844,720.6690673828125,1181.6500244140625,1291.2484130859375,3295.978515625,2079.89990234375,787.7763061523438,66.47000122070312,397.3948974609375,216.33302307128906,1131.2264404296875,4318.8076171875,2229.58349609375,3054.3603515625,448.2461242675781,870.8629760742188,1124.9432373046875,963.0575561523438,3530.494873046875,674.388916015625,269.6929016113281,2182.2431640625,699.4358520507812,1655.8245849609375,528.4342041015625,1124.754150390625,1002.9419555664062,4235.60009765625,587.6309814453125,122.05000305175781
2022-10-27,65.0999984741211,174.89999389648438,649.8499755859375,381.6000061035156,370.29998779296875,721.496337890625,1163.199951171875,1277.97900390625,3320.445068359375,2117.60009765625,808.3480224609375,67.4800033569336,400.48919677734375,221.43128967285156,1138.4124755859375,4402.88818359375,2235.026611328125,2933.401123046875,454.1349792480469,880.4393920898438,1134.675537109375,982.5800170898438,3553.9521484375,692.9111328125,273.9068298339844,1864.6103515625,686.4572143554688,1628.269775390625,527.9884033203125,1137.08349609375,993.17041015625,4271.39990234375,589.1214599609375,121.0999984741211
2022-10-28,62.599998474121094,163.9250030517578,642.8499755859375,393.1499938964844,355.45001220703125,719.6956787109375,1155.5999755859375,1267.4697265625,3318.74755859375,2098.550048828125,807.4129638671875,66.66000366210938,402.6502685546875,220.64694213867188,1084.5650634765625,4382.916015625,2227.258056640625,2967.728515625,440.08087158203125,874.313232421875,1124.2620849609375,961.5521240234375,3481.76513671875,686.1130981445312,270.287841796875,1835.533935546875,689.9776000976562,1650.6829833984375,525.1156616210938,1139.333740234375,998.6996459960938,4307.35009765625,590.4630126953125,120.80000305175781
2022-10-31,63.099998474121094,192.125,638.4000244140625,386.04998779296875,344.20001220703125,721.44775390625,1154.5,1268.87451171875,3342.8642578125,2102.89990234375,810.6118774414062,66.9800033569336,405.4498596191406,221.57833862304688,1085.3795166015625,4510.185546875,2289.900146484375,2979.64697265625,449.879150390625,869.167236328125,1136.1353759765625,987.67919921875,3542.02734375,688.6746215820312,267.5611877441406,1749.8250732421875,703.4927978515625,1684.7269287109375,535.3683471679688,1144.8135986328125,994.7432861328125,4320.89990234375,606.114013671875,121.5999984741211
2022-11-01,63.5,197.56666564941406,642.9000244140625,391.75,378.6000061035156,722.4697265625,1160.199951171875,1282.465576171875,3570.8017578125,2121.25,828.5751342773438,69.77999877929688,413.89776611328125,226.08836364746094,1094.3858642578125,4520.521484375,2301.280517578125,3011.561279296875,466.0116882324219,889.0845947265625,1141.974609375,1006.8131103515625,3765.360595703125,698.7732543945312,268.0072937011719,1751.6883544921875,709.9329833984375,1706.2415771484375,539.4298095703125,1146.91748046875,1017.9567260742188,4247.5,616.1007080078125,120.69999694824219
2022-11-02,63.0,192.18333435058594,642.5999755859375,388.1000061035156,379.45001220703125,735.3179931640625,1166.1500244140625,1297.6099853515625,3575.794921875,2137.050048828125,820.30712890625,68.62999725341797,414.68359375,224.5686798095703,1085.33154296875,4561.76171875,2319.14306640625,3045.98779296875,472.494384765625,893.0739135742188,1128.20361328125,1021.721923828125,3711.379638671875,696.9998168945312,266.17303466796875,1843.5751953125,704.6843872070312,1707.58935546875,537.1514282226562,1142.7587890625,1011.0452270507812,4193.64990234375,612.0762329101562,121.94999694824219
2022-11-03,62.20000076293945,188.01666259765625,643.0499877929688,381.04998779296875,385.20001220703125,731.3759155273438,1163.0,1295.037353515625,3585.4814453125,2106.699951171875,820.75,67.3499984741211,408.8879699707031,222.95095825195312,1084.1337890625,4527.21142578125,2295.194580078125,3034.216552734375,473.8327331542969,899.7882080078125,1131.9505615234375,1014.1945190429688,3711.379638671875,701.6304931640625,277.3771667480469,1809.644775390625,701.2771606445312,1720.667724609375,540.2719116210938,1140.1656494140625,1008.8525390625,4194.2001953125,604.57373046875,121.0
2022-11-04,63.0,184.10833740234375,650.3499755859375,376.75,397.0,738.2866821289062,1161.800048828125,1286.5914306640625,3827.9990234375,2121.25,849.3436889648438,69.37000274658203,417.8270263671875,223.83335876464844,1076.3250732421875,4508.03857421875,2291.87939453125,3024.908447265625,460.8951110839844,887.0850219726562,1115.40576171875,1010.0181274414062,3676.88134765625,700.152587890625,271.67596435546875,1776.1553955078125,710.1791381835938,1797.7408447265625,534.2291870117188,1136.2027587890625,1025.8216552734375,4167.35009765625,602.53662109375,122.05000305175781
2022-11-07,65.0999984741211,188.68333435058594,651.25,385.8500061035156,395.04998779296875,743.5428466796875,1153.25,1275.475830078125,3955.174560546875,2165.699951171875,839.5991821289062,69.72000122070312,427.30633544921875,224.66671752929688,1075.3668212890625,4523.9658203125,2308.3564453125,3011.364501953125,459.9037170410156,879.3121948242188,1100.61279296875,998.800048828125,3351.278564453125,699.3643798828125,276.0386047363281,1770.1246337890625,708.0176391601562,1775.128173828125,530.9602661132812,1135.3221435546875,1061.28515625,4173.5,608.8466796875,121.5999984741211
2022-11-09,65.30000305175781,176.71665954589844,643.6500244140625,389.95001220703125,393.3500061035156,740.9634399414062,1190.949951171875,1263.341064453125,3991.724365234375,2215.5,876.8053588867188,73.16000366210938,425.4890441894531,226.8236846923828,1065.4022216796875,4533.40234375,2275.10546875,3020.37744140625,446.8670654296875,889.0062255859375,1099.153076171875,984.4253540039062,3237.624267578125,683.994873046875,276.83184814453125,1737.3707275390625,703.4830322265625,1749.8197021484375,526.7501831054688,1130.674072265625,1065.8134765625,4158.7001953125,562.8875122070312,122.5999984741211
2022-11-10,63.95000076293945,188.25,626.9000244140625,373.8999938964844,375.3999938964844,724.6111450195312,1182.4000244140625,1242.517333984375,3986.78125,2176.0,879.4136962890625,74.27999877929688,404.9095764160156,224.7157440185547,1025.4478759765625,4499.45068359375,2057.73876953125,2975.756591796875,446.9166259765625,891.8585205078125,1092.2432861328125,981.608642578125,3225.8466796875,708.7239990234375,273.5598449707031,1661.2723388671875,686.8511352539062,1697.555908203125,523.2831420898438,1110.4676513671875,1053.84912109375,4138.85009765625,550.81396484375,121.05000305175781
2022-11-11,72.80000305175781,207.85000610351562,632.0,399.29998779296875,379.20001220703125,727.871826171875,1262.949951171875,1288.6787109375,4003.358642578125,2196.699951171875,880.4472045898438,72.04000091552734,416.0097351074219,225.25497436523438,1022.81298828125,4531.0556640625,2096.13525390625,2978.415771484375,451.47698974609375,889.8981323242188,1091.367431640625,984.4253540039062,3210.78125,735.965576171875,278.6661376953125,1697.2130126953125,694.369384765625,1716.4246826171875,537.5477294921875,1107.5811767578125,1023.819580078125,4128.35009765625,559.5089111328125,126.0
2022-11-14,69.5999984741211,211.60000610351562,638.5499877929688,388.1499938964844,370.3500061035156,738.5786743164062,1260.0,1278.7763671875,4017.039794921875,2178.550048828125,880.9885864257812,71.95999908447266,426.02935791015625,223.24508666992188,1020.6571655273438,4584.92919921875,2119.292236328125,2945.56591796875,464.5137023925781,855.4349365234375,1099.2503662109375,987.67919921875,3215.001220703125,748.281005859375,283.5741882324219,1702.5576171875,691.8436889648438,1715.5262451171875,533.7833862304688,1109.0977783203125,1036.5465087890625,4098.35009765625,558.5648803710938,117.05000305175781
2022-11-15,69.94999694824219,192.0500030517578,626.5,388.25,374.54998779296875,720.9124145507812,1251.699951171875,1296.2994384765625,4052.241455078125,2196.949951171875,892.6524658203125,71.41000366210938,429.4183044433594,225.00987243652344,1012.944091796875,4576.29150390625,2164.467529296875,2916.95166015625,466.3477478027344,869.167236328125,1088.788330078125,986.8534545898438,3264.958251953125,742.4188842773438,281.4423828125,1692.309814453125,691.8387451171875,1705.6925048828125,527.889404296875,1096.132568359375,1067.767822265625,4053.800048828125,557.4718017578125,117.5999984741211
2022-11-16,68.69999694824219,184.4499969482422,601.4500122070312,377.45001220703125,374.54998779296875,708.7454833984375,1260.3499755859375,1285.5721435546875,3951.179931640625,2110.14990234375,873.4095458984375,69.02999877929688,423.9173278808594,220.2057342529297,1005.279052734375,4524.11572265625,2138.53955078125,2913.50390625,457.7227478027344,878.4398193359375,1091.172607421875,989.3788452148438,3228.84033203125,728.7243041992188,281.98773193359375,1710.697021484375,678.9684448242188,1682.8800048828125,523.1344604492188,1107.04296875,1030.06396484375,4011.699951171875,551.6089477539062,117.05000305175781
2022-11-17,67.69999694824219,185.60000610351562,539.7999877929688,371.54998779296875,367.29998779296875,707.0908813476562,1228.0999755859375,1287.9990234375,4012.6455078125,2102.60009765625,876.8545532226562,67.19999694824219,415.6659240722656,217.06834411621094,992.8232421875,4379.77099609375,2125.0810546875,2864.253662109375,456.33477783203125,866.7363891601562,1089.5181884765625,984.2310791015625,3229.036376953125,725.2266235351562,283.4254150390625,1701.4788818359375,678.9684448242188,1661.864501953125,526.2053833007812,1103.031005859375,1032.685546875,3949.199951171875,548.9755859375,116.25
2022-11-18,67.1500015258789,192.39999389648438,547.0,402.3999938964844,350.70001220703125,698.96337890625,1286.949951171875,1276.1553955078125,4014.29345703125,2085.39990234375,874.9352416992188,67.30000305175781,416.3044128417969,216.13693237304688,973.2293090820312,4339.72802734375,2081.291015625,2856.078369140625,446.173095703125,864.3349609375,1072.876220703125,980.5888671875,3226.435791015625,710.39892578125,284.9127197265625,1698.92919921875,668.7716674804688,1651.681396484375,526.5520629882812,1112.2779541015625,1011.9030151367188,3910.60009765625,547.5844116210938,112.30000305175781
2022-11-21,64.30000305175781,183.5,537.0,411.54998779296875,344.54998779296875,696.4812622070312,1260.3499755859375,1285.0865478515625,3996.3681640625,2003.300048828125,857.906982421875,66.23999786376953,413.65216064453125,217.06834411621094,992.9191284179688,4330.69091796875,2083.369384765625,2884.05224609375,450.7333984375,852.7295532226562,1074.87109375,974.3241577148438,3205.431884765625,710.251220703125,283.0288391113281,1682.8955078125,657.7034301757812,1633.161865234375,527.344482421875,1103.520263671875,1009.8534545898438,3882.300048828125,533.2749633789062,114.55000305175781
2022-11-22,63.95000076293945,175.1999969482422,476.79998779296875,400.95001220703125,334.8999938964844,696.0919799804688,1234.9000244140625,1281.4462890625,4028.473876953125,1986.0999755859375,868.5865478515625,65.69999694824219,417.18853759765625,216.1859588623047,995.6976318359375,4341.775390625,2098.609375,2864.10595703125,453.6084899902344,855.20947265625,1074.5306396484375,981.074462890625,3244.347412109375,709.1181640625,279.806396484375,1677.1097412109375,658.2893676757812,1640.6495361328125,534.8731079101562,1104.4010009765625,1004.9439086914062,3955.199951171875,541.3737182617188,112.94999694824219
2022-11-23,61.75,171.6999969482422,452.3999938964844,400.3999938964844,326.20001220703125,702.5646362304688,1228.9000244140625,1266.88427734375,3897.952880859375,2036.5,859.8755493164062,65.19000244140625,416.54998779296875,216.48008728027344,985.4456787109375,4376.7255859375,2106.87255859375,2876.467529296875,452.1214294433594,863.66845703125,1078.326171875,988.4075927734375,3238.802001953125,708.428466796875,277.7737731933594,1667.646484375,667.6442260742188,1633.5111083984375,542.5006713867188,1109.5870361328125,1004.2765502929688,3954.75,537.1504516601562,111.3499984741211
2022-11-24,63.20000076293945,171.0500030517578,441.1000061035156,432.0,329.95001220703125,704.26806640625,1210.75,1251.837158203125,3915.728759765625,2043.050048828125,862.877685546875,64.98999786376953,415.9114990234375,216.43106079101562,980.9423828125,4377.57373046875,2082.57763671875,2885.923828125,445.28082275390625,865.2760009765625,1066.0150146484375,1005.3560791015625,3244.15087890625,708.477783203125,272.12213134765625,1664.6553955078125,666.7874755859375,1631.3148193359375,567.1665649414062,1144.7647705078125,1023.9151000976562,3968.050048828125,546.441650390625,116.0
2022-11-25,64.0,176.0500030517578,465.20001220703125,460.54998779296875,331.70001220703125,702.4673461914062,1218.0,1259.554931640625,3895.756103515625,2023.949951171875,865.7813110351562,64.79000091552734,425.5381774902344,219.71551513671875,988.8948974609375,4362.095703125,2086.635009765625,2881.146484375,451.2787170410156,866.109130859375,1075.7471923828125,1004.14208984375,3280.71044921875,709.1181640625,279.7568054199219,1660.340576171875,664.4389038085938,1631.0152587890625,581.0844116210938,1134.44140625,1027.6805419921875,3904.449951171875,552.751708984375,117.0999984741211
2022-11-28,64.4000015258789,178.8000030517578,461.5,451.79998779296875,321.04998779296875,706.5554809570312,1225.6500244140625,1269.6507568359375,3880.826416015625,1990.699951171875,864.7969970703125,65.6500015258789,425.5872802734375,220.2057342529297,995.3623046875,4331.939453125,2100.6376953125,2884.643310546875,446.4704895019531,862.9529418945312,1072.2435302734375,1005.0161743164062,3313.001220703125,722.8128051757812,278.81488037109375,1711.33447265625,667.38818359375,1650.1339111328125,580.4901123046875,1133.9033203125,1039.168212890625,3907.699951171875,549.5718383789062,120.0
2022-11-29,63.54999923706055,175.6999969482422,483.8999938964844,460.3500061035156,336.54998779296875,703.732666015625,1251.5,1264.89404296875,3873.0869140625,2012.050048828125,864.4033203125,64.94000244140625,425.4890441894531,219.07823181152344,985.1581420898438,4275.619140625,2146.357666015625,2994.323974609375,405.08013916015625,873.0194091796875,1091.1240234375,1019.6822509765625,3310.2041015625,740.3499755859375,279.70721435546875,1841.6138916015625,663.1243286132812,1629.318115234375,579.3508911132812,1150.4400634765625,1036.3082275390625,3965.10009765625,542.6158447265625,119.0
2022-11-30,65.25,172.3000030517578,481.70001220703125,452.75,335.45001220703125,716.5809326171875,1254.0999755859375,1289.1153564453125,3912.532958984375,2116.5,867.1593627929688,66.55000305175781,431.6285400390625,220.40182495117188,992.152587890625,4245.861328125,2152.938720703125,2999.150634765625,413.8539123535156,879.6454467773438,1109.1285400390625,1015.9916381835938,3341.611083984375,754.7835083007812,280.4508972167969,1745.2159423828125,661.824462890625,1623.8271484375,585.0468139648438,1185.1285400390625,1030.30224609375,4025.5,543.4107666015625,120.55000305175781
2022-12-01,66.6500015258789,171.39999389648438,501.04998779296875,461.0,339.3999938964844,712.4442749023438,1248.5999755859375,1314.3076171875,3909.737060546875,2113.550048828125,876.559326171875,66.08000183105469,430.4988708496094,220.45086669921875,1004.7999877929688,4379.1220703125,2143.092041015625,3009.14794921875,414.9444274902344,877.1361694335938,1094.773681640625,1016.3798828125,3345.88037109375,758.9215087890625,283.1279602050781,1719.0325927734375,664.4635620117188,1636.1070556640625,590.8418579101562,1198.2894287109375,1059.473876953125,4044.14990234375,543.7089233398438,119.5
2022-12-02,68.55000305175781,178.35000610351562,536.9500122070312,483.0,348.79998779296875,710.6435546875,1233.449951171875,1309.793212890625,3917.126708984375,2062.300048828125,874.2462158203125,65.05999755859375,427.69927978515625,220.843017578125,995.8414306640625,4368.9365234375,2188.514892578125,2955.0712890625,419.9509582519531,884.203369140625,1084.506103515625,1010.1154174804688,3318.595703125,764.5372314453125,281.1449279785156,1687.45556640625,657.3735961914062,1639.9508056640625,584.3038940429688,1212.0377197265625,1082.73486328125,4005.75,544.2057495117188,117.69999694824219
2022-12-05,65.44999694824219,175.8000030517578,523.3499755859375,477.3999938964844,354.29998779296875,709.670166015625,1231.4000244140625,1307.8519287109375,3925.015625,2042.0999755859375,879.1184692382812,64.61000061035156,421.1668701171875,219.81356811523438,1012.465087890625,4362.095703125,2232.00830078125,2888.58349609375,416.8776550292969,878.1261596679688,1085.479248046875,1009.5325317382812,3306.425537109375,758.7244262695312,277.0797119140625,1714.7177734375,655.866943359375,1631.514404296875,583.36279296875,1197.115234375,1088.7884521484375,4028.14990234375,550.3667602539062,118.5999984741211
2022-12-06,64.80000305175781,173.8000030517578,514.6500244140625,457.70001220703125,345.6499938964844,697.3572998046875,1217.949951171875,1304.5511474609375,4026.27685546875,2063.300048828125,882.3666381835938,64.95999908447266,419.5460510253906,224.3235626220703,999.5302124023438,4322.45263671875,2215.6796875,2845.686279296875,416.0349426269531,857.5031127929688,1079.8831787109375,1003.8507080078125,3293.715087890625,756.3106079101562,271.37847900390625,1700.79248046875,659.6187133789062,1632.562744140625,581.2825317382812,1193.9351806640625,1063.763671875,4063.39990234375,551.8076782226562,117.80000305175781
2022-12-07,64.44999694824219,172.64999389648438,509.8999938964844,458.54998779296875,334.45001220703125,698.1846313476562,1196.449951171875,1287.0770263671875,3993.821533203125,2032.699951171875,872.8189697265625,64.88999938964844,412.6698913574219,221.43128967285156,986.4037475585938,4257.64501953125,2189.70263671875,2824.3115234375,412.912109375,855.0134887695312,1075.6986083984375,988.5046997070312,3276.392333984375,758.5274047851562,273.4111022949219,1666.9599609375,652.3958129882812,1604.0596923828125,576.32958984375,1219.1319580078125,1056.4232177734375,4083.14990234375,535.3120727539062,118.0999984741211
2022-12-08,63.79999923706055,173.0500030517578,508.20001220703125,481.8999938964844,338.5,701.4454345703125,1185.5,1259.9915771484375,4019.486328125,2052.699951171875,878.8724365234375,64.75,409.8211975097656,220.64694213867188,1002.4525756835938,4158.3359375,2216.223876953125,2833.8662109375,409.1943664550781,853.9744262695312,1077.8394775390625,952.6163940429688,3226.53369140625,743.6996459960938,273.2127990722656,1682.4052734375,648.1369018554688,1615.9400634765625,572.0700073242188,1222.31201171875,1068.864013671875,4037.199951171875,533.4736938476562,117.4000015258789
2022-12-09,64.1500015258789,174.60000610351562,544.5999755859375,466.8500061035156,352.04998779296875,702.9054565429688,1174.699951171875,1259.4093017578125,3991.3251953125,2053.449951171875,876.7561645507812,63.209999084472656,405.9901123046875,215.1074676513672,990.4758911132812,4098.0712890625,2168.722900390625,2801.163818359375,409.14483642578125,863.95263671875,1078.2288818359375,964.3201293945312,3213.382080078125,740.3991088867188,269.9407653808594,1693.241455078125,641.7854614257812,1595.972900390625,574.1502075195312,1221.1378173828125,1051.7996826171875,4002.39990234375,532.2813110351562,116.0999984741211
2022-12-12,64.4000015258789,173.35000610351562,528.75,457.75,364.70001220703125,704.6087646484375,1161.5999755859375,1258.0985107421875,4011.197509765625,2024.050048828125,867.4546508789062,62.040000915527344,406.8251037597656,213.44073486328125,990.8591918945312,3983.18505859375,2167.238525390625,2789.49169921875,400.76763916015625,872.8037719726562,1067.42626953125,959.02685546875,3276.932373046875,740.8917846679688,268.4039611816406,1681.228515625,640.7072143554688,1589.4837646484375,571.0794677734375,1203.4266357421875,1044.173095703125,4057.35009765625,524.6793212890625,116.30000305175781
2022-12-13,64.5999984741211,172.9499969482422,539.4000244140625,460.1000061035156,367.54998779296875,703.5867309570312,1163.6500244140625,1262.418701171875,4054.637939453125,2021.4000244140625,880.7425537109375,64.5999984741211,411.0981750488281,214.56825256347656,990.4279174804688,4079.198486328125,2198.559326171875,2808.945556640625,387.68133544921875,873.9603271484375,1080.17529296875,966.0684814453125,3293.371826171875,732.9114379882812,263.84295654296875,1701.2337646484375,651.8936157226562,1608.8018798828125,576.8743896484375,1198.142578125,1053.7540283203125,4108.9501953125,518.120849609375,118.19999694824219
2022-12-14,65.0,172.60000610351562,529.2000122070312,465.8500061035156,365.8999938964844,715.315673828125,1161.300048828125,1256.54541015625,4050.244140625,2018.1500244140625,886.4022216796875,63.869998931884766,410.5087585449219,218.34291076660156,993.1107177734375,4116.04638671875,2198.16357421875,2817.613525390625,393.67919921875,883.0564575195312,1082.9002685546875,971.507568359375,3330.962158203125,747.5420532226562,269.1476135253906,1731.5849609375,655.3499145507812,1620.3829345703125,574.8931884765625,1216.9791259765625,1056.8521728515625,4201.10009765625,530.0454711914062,118.94999694824219
2022-12-15,64.1500015258789,170.8000030517578,531.7000122070312,453.1499938964844,363.75,670.6875,1138.8499755859375,1255.2347412109375,4038.210693359375,2024.9000244140625,870.0630493164062,63.09000015258789,409.3299865722656,217.4605255126953,983.720947265625,4087.6865234375,2152.98828125,2769.44677734375,391.05206298828125,876.0775756835938,1072.2923583984375,973.4014892578125,3303.08837890625,739.7587280273438,268.0072937011719,1715.747314453125,652.41552734375,1602.2626953125,574.74462890625,1207.68310546875,1050.798583984375,4182.0,520.5554809570312,118.94999694824219
2022-12-16,62.150001525878906,168.0500030517578,528.0,463.6499938964844,363.75,654.2379150390625,1092.25,1259.6519775390625,3975.3466796875,2044.25,846.9321899414062,61.58000183105469,414.14337158203125,213.0976104736328,949.9945068359375,4021.23095703125,2086.43701171875,2824.557861328125,384.95501708984375,844.7410888671875,1060.224365234375,965.09716796875,3265.252685546875,718.527099609375,263.84295654296875,1657.4967041015625,649.6090698242188,1584.491943359375,569.7916259765625,1209.884765625,1028.25244140625,3990.0,516.9284057617188,116.19999694824219
2022-12-19,62.150001525878906,163.25,523.5,485.6000061035156,353.25,658.763916015625,1071.4000244140625,1247.7110595703125,4069.71728515625,2062.050048828125,878.8231201171875,61.15999984741211,410.60699462890625,212.558349609375,947.2638549804688,4038.755859375,2068.624267578125,2821.208740234375,384.40972900390625,861.7864990234375,1067.2802734375,959.56103515625,3283.8515625,717.8374633789062,260.8188171386719,1644.061767578125,658.4813842773438,1616.3895263671875,578.9547119140625,1221.5291748046875,1038.7867431640625,4090.199951171875,516.0340576171875,117.80000305175781
2022-12-20,62.849998474121094,160.39999389648438,526.75,476.95001220703125,348.1499938964844,656.1846313476562,1067.75,1216.93701171875,4159.59375,2061.64990234375,870.3582763671875,61.150001525878906,403.2396545410156,213.5878143310547,938.017822265625,4048.192626953125,2065.55615234375,2805.202392578125,381.7330017089844,856.6307983398438,1061.9276123046875,959.9494018554688,3289.446044921875,715.2265625,259.8272705078125,1606.5518798828125,654.1337890625,1612.9949951171875,574.3483276367188,1209.884765625,1040.740966796875,4089.550048828125,517.3258666992188,117.05000305175781
2022-12-21,61.349998474121094,152.6999969482422,517.0999755859375,460.1000061035156,336.54998779296875,636.1334838867188,1054.5,1217.2281494140625,3896.60498046875,1968.25,844.1761474609375,58.099998474121094,395.4793701171875,209.61703491210938,925.1786499023438,3935.1533203125,2027.9017333984375,2787.866455078125,390.80419921875,864.0409545898438,1097.79052734375,976.7037963867188,3453.547607421875,740.2514038085938,268.89971923828125,1581.10400390625,642.6962890625,1579.20068359375,569.98974609375,1198.09375,1038.500732421875,3993.199951171875,517.922119140625,118.0
2022-12-22,58.95000076293945,151.5,506.54998779296875,450.1000061035156,330.54998779296875,623.8693237304688,1069.0999755859375,1177.2315673828125,3863.250732421875,1980.75,843.4379272460938,55.20000076293945,387.4735107421875,204.8129119873047,900.8898315429688,3871.493896484375,1991.4842529296875,2714.2861328125,387.978759765625,852.6119995117188,1092.3892822265625,981.608642578125,3431.120849609375,754.9805908203125,267.36285400390625,1574.0924072265625,639.1463623046875,1541.762451171875,572.4166870117188,1213.1138916015625,1034.9736328125,3921.550048828125,530.4428100585938,114.05000305175781
2022-12-23,53.650001525878906,144.85000610351562,476.1000061035156,439.29998779296875,319.8999938964844,591.0673828125,1022.5,1119.809326171875,3637.21044921875,1809.050048828125,781.62451171875,52.439998626708984,371.6582946777344,193.0476837158203,854.3722534179688,3712.76953125,1868.6741943359375,2592.44091796875,380.7912292480469,845.005859375,1089.1776123046875,972.7702026367188,3433.6240234375,745.5715942382812,264.7848815917969,1550.850830078125,627.7188110351562,1494.5899658203125,560.13330078125,1197.31103515625,994.7432861328125,3875.60009765625,508.03472900390625,106.4000015258789
2022-12-26,58.150001525878906,150.60000610351562,504.3500061035156,456.8999938964844,324.75,605.4729614257812,1044.0999755859375,1152.573486328125,3711.65869140625,1876.8499755859375,793.3868408203125,55.060001373291016,377.9941711425781,199.17539978027344,868.8401489257812,3812.3779296875,1931.0194091796875,2669.961181640625,378.46142578125,832.8809204101562,1067.13427734375,971.3132934570312,3365.264404296875,731.2365112304688,262.9505920410156,1550.3604736328125,633.5383911132812,1532.4776611328125,563.9471435546875,1212.0863037109375,1014.810791015625,4036.60009765625,518.021484375,110.25
2022-12-27,58.95000076293945,149.6999969482422,512.8499755859375,465.04998779296875,329.1000061035156,616.2283935546875,1049.5,1174.4649658203125,3764.48583984375,1908.699951171875,804.3124389648438,57.810001373291016,387.1788024902344,203.63638305664062,879.95458984375,3933.804931640625,1964.6165771484375,2687.00146484375,371.4721984863281,833.3219604492188,1066.5015869140625,971.410400390625,3412.66943359375,730.7439575195312,263.1488952636719,1552.9593505859375,640.5299682617188,1535.173095703125,564.4423828125,1216.049560546875,1016.1454467773438,4074.60009765625,516.3818969726562,109.75
2022-12-28,60.150001525878906,150.75,535.5499877929688,460.6000061035156,329.1499938964844,621.7279052734375,1061.25,1177.2315673828125,3792.49755859375,1897.8499755859375,797.6192016601562,60.70000076293945,384.37921142578125,204.17562866210938,894.135009765625,3920.12451171875,1971.44482421875,2671.438720703125,369.78680419921875,833.6944580078125,1056.720703125,966.4083251953125,3382.4892578125,722.0739135742188,261.56243896484375,1542.9075927734375,637.713623046875,1520.19775390625,562.8574829101562,1209.54248046875,1027.823486328125,4017.75,511.2642822265625,112.5
2022-12-29,60.849998474121094,158.10000610351562,527.2000122070312,453.8999938964844,332.54998779296875,616.1798706054688,1077.0,1168.8343505859375,3805.380126953125,1910.25,806.6746826171875,60.900001525878906,379.0747375488281,201.8225860595703,889.6796264648438,3916.57958984375,1955.7099609375,2666.612060546875,369.5885314941406,835.2333374023438,1058.4239501953125,971.7988891601562,3348.97216796875,725.2759399414062,258.5879211425781,1547.7618408203125,641.1405029296875,1509.2156982421875,565.631103515625,1209.199951171875,1007.2794189453125,4178.2998046875,506.8919372558594,110.9000015258789
2022-12-30,59.29999923706055,154.85000610351562,531.0,448.29998779296875,331.45001220703125,622.6526489257812,1082.75,1180.095458984375,3853.064453125,1931.800048828125,805.2474365234375,59.90999984741211,381.0885009765625,203.63638305664062,897.919677734375,3899.054931640625,1964.666015625,2668.188232421875,372.0174255371094,830.7146606445312,1047.134521484375,972.62451171875,3349.95361328125,722.8621215820312,259.6289978027344,1546.0457763671875,647.4722290039062,1545.3062744140625,560.92578125,1210.2274169921875,1013.4284057617188,4068.75,507.8359375,111.75
