date,RELIANCE.NS,ITC.NS,HINDUNILVR.NS,SBIN.NS,IDBI.NS,ONGC.NS,IOC.NS,BPCL.NS,HINDPETRO.NS,GAIL.NS,TATASTEEL.NS,HINDALCO.NS,BHEL.NS,TATAPOWER.NS,TATAMOTORS.NS,M&M.NS,CIPLA.NS,SUNPHARMA.NS,DRREDDY.NS,BRITANNIA.NS
1996-01-01,,,,,,,,,,,,,,,,,,,,
1996-01-02,-0.007776484399471872,-0.037811078851706204,0.010678751161622424,-0.03182983364626968,-0.013809349828521444,0.015366717233515903,,,,,-0.018569407442053376,0.002176421425419184,-0.0453263150850417,-0.012448008216291995,-0.005789618281427211,-0.014257182606574492,-0.012680990915573731,-0.03329024899041333,-0.00851985691642998,
1996-01-03,0.007592619655189203,-0.032057716243676704,-0.005923042981433868,-0.026663158493548056,0.0019314017183127419,-0.010476929274045421,,-0.0010681960418283953,-0.006849527334649275,,0.000255769796864147,-0.004343127925471979,0.014837006519475615,-0.0063027320662568664,-0.003308783407594773,-0.36220863622761257,-0.007034024914008952,0.004221458002817036,0.00045221927360539205,-0.012578673672938967
1996-01-04,-0.009237212768487213,0.018803287079810493,8.001048899952679e-05,-0.0034573292275504874,-0.017349478690562803,0.00029374214258015563,,0.005347664239120586,0.0,,-0.03169741105269597,-0.01085060554355044,-0.017543369604498982,-0.01479912609113121,-0.007568399258052416,-0.005120608866169052,-0.010470948774422673,-0.004424853821087149,-0.0359404935962222,0.0
1996-01-05,-0.006869232673282766,-0.018036654832605525,-0.0016098688854770948,-0.005604677527131563,0.002452122730685069,0.000294020786713034,,0.0,0.006896766928244924,,-0.01979940173277317,-0.0027009434090200513,0.017856635154914313,0.019742244711308476,-0.003612561543850701,0.005146964458006442,-0.0024899034672802856,-0.0024443404253665646,-0.023681067060334016,0.000637204188396634
1996-01-08,-0.04001973753280841,-0.030756332801184727,0.00040351514122183296,-0.029253621174576305,-0.014677048761230105,-0.0017636061834013228,,-0.025531879554347325,-0.03749992471301977,,-0.0374361801524149,-0.004698291497642115,-0.014620088175894441,0.00841797745559747,0.0004028181110580231,-0.01609342963279492,-0.017160610600118975,-0.04210271525789888,-0.012968468335604388,0.005728568959433078
1996-01-09,-0.028821239981749458,-0.002644434362317205,0.003788435978348881,0.0547413031340811,-0.002482561204973366,0.0011781800972894274,,0.004585421439441184,0.013698268551051829,,-0.004756509357392358,-0.00038863425297608334,-0.002966654174219041,0.014607257758586734,-0.016644395263047618,-0.031226749834599832,0.002698120602939058,-0.029069722320669955,-0.027737256043396274,0.0
1996-01-10,-0.025702466905307864,-0.0033142617854261536,0.007147467324063683,-0.04587184566247482,-0.01095088401802824,-0.005882873081037521,,0.008476253550784518,-0.027729154030603054,,-0.00534148089684694,0.0,-0.01785762694531423,-0.008638174612030425,0.01610695164765308,0.016884214808426945,0.008232026592064123,0.053652485515646386,0.015765955447169855,-0.044303709366199095
1996-01-11,0.03127577790694458,0.0053200676118825285,-0.004863817066830367,0.03818738027127466,0.0005033986583118377,0.0,,-0.012931137275604798,0.0019858874202811627,,0.023459700047643528,0.005555416350048636,0.0,0.036514715943733345,0.008463110116968986,-0.005031786353651868,0.010205451012216038,-0.017958672619535765,0.022419277209511534,0.0
1996-01-12,-0.010548571441379995,0.009922874414434846,0.0005607335223509757,0.000528833991738864,0.0055330488454863325,-0.0059170435288824486,,0.0,0.01603291954253927,,-0.0038665234177598373,0.0022100229370665136,0.006060623741016569,0.020015883626244513,0.012122213819335537,0.0207337420402105,0.01740779196223663,0.013888572126441456,0.002409828295860894,0.0
1996-01-15,-0.01039462042797945,-0.010698382601682321,-0.0005604192764762095,0.0031740184018376194,0.0005003767665145986,0.006249687201687282,,0.0,0.0,,-0.00831709381158452,-0.007717690870082672,-0.01204822770715408,0.0015698135622617126,-0.005791070216217831,0.0,-0.004583052132752008,-0.017807827661806774,0.0,0.0
1996-01-16,0.0018854858906183214,-0.0030902438735310733,0.0037655560798077747,0.02109138386717735,-0.02749986978681096,-0.0032533615530536686,,0.026200836147077577,-0.024290531162745155,,-0.00195672923791812,-0.01500022712085658,0.012195157744585572,-0.01449860230429334,-0.0022504252792316937,0.005449249389955613,0.02992639229429339,0.013481709588047286,-0.013221393022894712,-0.03973521112304401
1996-01-17,-0.03978504807320471,-0.00022095213359185628,0.004630276322687088,-0.04105345253753434,-0.010282683068338128,0.008902685545270073,,0.0,0.0,,-0.03389399234404966,0.023181140139276968,-0.04819268777524788,-0.012723592201927314,-0.004511075462476644,-0.005419716005817143,-0.026672532878447952,-0.013760975927563535,0.0036540982823902723,0.0
1996-01-18,-0.027715460122027857,-0.012400386056485635,0.0011917395635185901,-0.006731426923447081,-0.015584672995561877,-0.010883059692619268,,-0.06382998108537641,0.011266304030762564,,-0.021165416421588756,-0.0066150843866989995,0.0,0.011276735255757231,0.0025323121008458127,0.015605355825154765,-0.001684129883842922,-0.00697690705205789,-0.0070386899252771196,-0.02068957402792515
1996-01-19,-0.017563775706087803,-0.04327349273844516,0.010793657275047774,0.011927332189400008,-0.025329557230010735,0.011002803863855659,,0.0,-0.0017965417863461397,,-0.008589771502072185,0.00338511054592594,-0.009493873344249226,0.003982362949089824,0.0017283121733595586,-0.014634095546865233,0.0030669701673173844,-0.020374860590977928,0.002444257182417031,0.04225342428474477
1996-01-22,0.01699865740581008,-0.0070309606233288635,-0.0018843318346204452,0.03482463683639381,-0.01732568420070768,-0.004706535721608729,,0.0,-0.002700756439753982,,0.010456964106546618,-0.0015482226951679667,-0.0031948386681590613,-0.013883279864895015,0.008758940802214843,0.0,0.01207765452870957,0.004063990903650616,-0.0034139622796955926,0.0
1996-01-23,-0.04236315656395395,-0.06183603695110573,0.0014160003255632159,0.010613513453215484,0.0033057727744787435,-0.007091950189116791,,0.0,-0.010829972343259442,,-0.03962143719028144,-0.002880416235576111,0.012820669533479379,0.011665217200036437,-0.02631225240905921,0.026237583141667242,-0.03655577027115153,-0.0047617971085285316,0.016393597353556055,0.0
1996-01-24,-0.0343066506528209,-0.043270553796245004,-0.004870437913047643,-0.033811336358365085,-0.008786320186305985,0.0053569538920050785,,0.0,0.0,,-0.013546816306615916,-0.001721907514996901,-0.012658380618737475,-0.0007952059295691649,-0.030401226868595255,-0.01591905401898741,-0.05566018507194981,-0.012918870564941787,0.007944188939895014,0.0
1996-01-25,-0.0420689352853153,-0.010254954140668016,-0.0006312962258795407,0.009543760912584354,0.001662128943949126,-0.01716987169713724,,0.0,-0.008394281119548652,,-0.02153561262931225,0.006788518021863865,-0.012820728871398734,-0.005172952104386508,0.0040411665042745515,0.02941184979326028,-0.013614652615889788,0.003877779791252811,0.01265832436287706,0.013513645829593468
1996-01-26,0.0,0.0,0.0,0.0,0.0,0.0,,0.0,0.0,,0.0,0.0,0.0,0.0,0.0,0.0,0.0,0.0,0.0,0.0
1996-01-29,0.07872465528926065,0.056057396227413125,0.009083323229339246,0.045693773530810056,-0.0011061335951643159,0.007229315815286075,,0.014545793411493646,0.016010227752983663,,0.04561400957621253,0.001492226034252031,0.0,0.01600013878831219,0.004580210564053777,0.010714114020311305,0.019357122609403365,0.009174595273001573,0.001179181157195508,-0.03333344981150743
1996-01-30,0.08986722301152517,0.06238989297534858,0.007279647788744015,0.022350258919709987,0.008859379807576673,0.01136351089872556,,0.008064308693682243,-0.003803696502156062,,0.008541754132859625,0.005187788713795882,0.051948638201619435,0.005117962571462575,-0.0023488278546794916,0.060071138805387836,-0.016512458176248912,0.011961878468371712,0.0016490763793519658,0.0
1996-01-31,-0.021859424595521593,-0.03741411355010371,-0.0006989230126910329,-0.03414366101415278,0.009879129998514813,-0.00029613124889227294,,0.0,0.0,,0.009981950566321007,-0.005161014461222191,-0.03641956311289296,0.0027417936029794365,0.018557097075718287,0.0,0.016621834860285345,-0.005673798165085953,0.011758949665638951,0.017241158118289857
1996-02-01,0.04016961484527837,0.062238505788885234,0.007776628762347748,0.04959283691913896,0.0021739605620205715,0.0038455241937851437,,0.02222251602826586,0.018182154330872002,,0.022461629402027894,0.025938344586331707,0.03779607982759381,0.011327946771948039,0.028415875873449625,0.043332850411179624,0.029562604195510822,0.01283872585070256,-0.003951498166020029,0.06440704042167944
1996-02-02,0.1085122094453892,0.11463669438818602,0.018057253872079793,0.06905748632195419,0.03687640795539027,-0.0032414470827524244,,0.01760824128400662,0.028571056600683598,,0.07293534768042487,0.043571632776011615,0.08271580967605274,0.05871020593250531,0.04547861864692093,-0.010223501697765647,0.014115889742370324,0.04201857393309649,0.045507492350262524,0.09554148216286507
1996-02-05,0.08317024440505061,0.051111570202182044,0.030546449311004364,0.06300987395877167,0.014644267159609647,0.0,,0.0980560751113626,0.04166674993865627,,0.03903911133590032,0.035515590065667846,-0.03933892493765179,-0.007296670379204007,0.005311119542345866,0.04153225000175631,0.0044290806583562325,0.034016659332307464,0.026785647125984857,0.021802372306716
1996-02-06,-0.0838051825864572,-0.009488472829559114,-0.01566669452799374,0.008528473507532386,0.04329896170216818,0.017736124986254875,,0.03501996473961344,0.0001664906718858994,,-0.08460362576027569,-0.0006472482584267691,-0.002966654174219041,-0.001470005659892748,-0.0208805026905452,-0.009917113174057302,0.010393502775658536,-0.00631790138416688,-0.01086955474017881,0.007112663347696557
1996-02-07,0.0185412961603153,-0.014767018541849919,0.0022423080469298196,-0.01754714239696331,0.014327805305448083,-0.0008717528468038527,,-0.022556636807695818,0.03316097703312071,,0.039322807067219134,0.0015939996030618353,0.0,0.0003681800511228239,0.01515938366082592,0.01711130872048483,0.032107272512304164,0.00855065351535278,0.011648344195064553,-0.022599313580282443
1996-02-08,0.08737873691850306,0.10512438317981765,0.022887266059686384,0.0284051632014215,0.052606354787249954,0.016569999318151618,,0.019230801464247493,0.0,,0.14526345205580093,0.030435586778144286,0.011904239771720615,0.07137588063994227,0.07972664575278543,0.03405856288390252,0.007852738081757682,0.03913049936901336,0.03410832686012322,0.005202428481163146
1996-02-09,0.0580359311157117,0.03299128727462364,-0.00517431558998227,0.07072595772613255,0.15826029227357918,0.098084521047751,,0.03283010681771814,0.09145213733700519,,0.05835566615792698,0.048166249065125566,0.1411764500889352,0.007898253388787912,0.036099586511735726,0.0009919811370113774,0.040755015194782196,0.0648532069922867,0.03739510690630521,0.09258177072990836
1996-02-12,-0.06265864153088463,-0.03140534853961052,0.02351788653625797,-0.05862790511800953,-0.06032801224956008,0.08124977124467381,,0.04128593621063015,-0.07566143781596635,,-0.056277023843558704,0.016207437430229454,0.10515504568761602,-0.004429174858934237,-0.028959294777299638,-0.01823589796483005,-0.015116571673020496,-0.018860338816417688,0.050222487928292425,0.026315886269968614
1996-02-13,0.06009475399925779,0.02381406055616253,0.015605038089607781,0.00539749891807717,0.009353946797638235,0.016618431563317992,,0.035087651648777474,0.07657854221779803,,0.000482650039207444,0.013366886517468979,0.0401117851586239,0.02669404609414827,-0.00419387191243259,0.045023095449359785,0.006285646395422395,0.01722112789927399,0.023139335065591515,-0.025641117537029245
1996-02-14,0.0006368485938035295,0.03113276808618526,-0.004792933822227008,0.02932074474801971,0.027379928180006674,0.02416484402081509,,0.00016969417474332893,0.03192782269074157,,0.028233669546562146,0.08884408861610904,0.07623314364957912,0.05733311955081244,0.00631720496933319,0.07805286129359112,0.008861289400126982,0.037007539273763435,-0.003203879819910882,0.03421083606389952
1996-02-15,-0.015913426401214403,0.009890435289110933,0.011473213003154958,-0.0058173869867298444,-0.015170197578323275,0.0018507884690452947,,-0.00016966538351603777,-0.021297992152082834,,-0.013846326134031806,-0.05128948969013403,0.0,-0.00535918289021986,-0.0020924519724492274,0.0034048970497282394,-0.012238891145224917,0.004555765709510995,0.010210085995599805,-0.002544841215214033
1996-02-16,-0.01767992919451611,-0.029725035542593314,-0.012743747628509827,-0.0234060930252854,-0.01998346232501691,-0.07180835383757178,,-0.012881149527094737,0.009998502030158285,,-0.020942613234475216,-0.0020345051573578132,-0.062499942145539555,-0.032013002634419974,-0.0266778477531584,-0.018753318034119837,-0.0004378623957863592,0.039871536643061534,0.0050533638844396656,-0.02806121271841233
1996-02-19,0.010096608006486374,-0.0003542809472052433,0.008297915381452192,0.006818531561211261,0.004248181520387417,0.00348254221645683,,0.013049238722291356,-0.028388410796630903,,0.006076731232144139,-0.027758337627601493,0.020000013165103026,-0.00851306078300429,-0.01807294021462391,0.019293929082441208,0.028875890717648067,-0.0003633504769110507,-0.011173565374200556,-0.002624670783200722
1996-02-20,-0.05280336132963792,-0.043932649152413794,-0.00808874956939043,-0.031192599598883652,-0.049069532880298694,0.016361282466739624,,-0.0271186963222545,0.0008989240795802544,,-0.03841483920388966,-0.0023196923144792603,-0.020915331205996868,0.011888940571225692,0.003169274853121351,0.0008926035259095855,0.0017008102570874595,0.017087724090096623,0.012052845743999008,0.010526203050271743
1996-02-21,0.0,0.0,0.0,0.0,0.0,0.0,,0.0,0.0,,0.0,0.0,0.0,0.0,0.0,0.0,0.0,0.0,0.0,0.0
1996-02-22,0.05276467182169231,0.024457863924734813,0.017231938683308856,0.027748068496261435,0.013790236203200301,0.0,,0.027874619668132983,0.0,,0.04497488944568073,0.006975257394407075,-0.0031149857948342685,0.01077017018993387,0.026852991695569095,0.0028547338606097483,0.03438527850565021,0.0010726244733623158,-0.009304128851050142,0.005208545774918916
1996-02-23,-0.010677920126379137,-0.012841023854009204,0.0029973458413896648,0.014839583540209755,-0.004388187959252554,0.038536888315927165,,-0.010169575350283289,0.01751476038253008,,-0.008656232348028925,0.014254007942360314,0.05357132673577625,0.00968705978096418,0.02248240748463104,0.00587094378305264,0.028454326903965432,-0.00017888656237052825,0.010142882651072549,0.0046632099520154124
1996-02-26,0.00220253657250713,0.002381697891446599,-0.0072283245798695495,0.02660423643898646,0.014544071554941196,0.062000916203652556,,0.02397252118360993,0.029278043607839033,,0.00606355787578261,0.006917340901845703,0.0,-0.019187823425464545,-0.04548087913160437,0.03289692321673443,0.0532054513108422,0.0005354787291929064,0.0014876588377150668,-0.001805000190814643
1996-02-27,-0.011428131630496385,-0.0031071684295801427,-0.00020997803344791066,-0.001780558356224149,-0.003909428134092674,0.06368862961558985,,0.0,-0.013722534135163555,,-0.016152149100641444,-0.02234862312585617,0.024576419038581987,-0.013694257324595394,0.03237173211482092,0.009417886639792483,-0.043318712822580485,-0.0005351921451831609,-0.021537610944574848,0.033324543529336115
1996-02-28,0.004890748743842099,-0.005683820176720866,0.00126052869558535,0.001189345341366277,-0.0021806975638135606,-0.004573770726551518,,0.0,-0.01159382570945311,,0.009801591189399828,0.02374949758718481,-0.04631954938107885,0.026446202439140976,-0.002701226042767013,-0.0262935852465348,-0.012673359075853652,0.0017857094717164124,-0.017077630749545603,0.01500030215814907
1996-02-29,-0.06261053066660971,-0.06306505527473283,-0.007972474092399984,-0.048693522925787436,-0.027534993411752917,-0.013366857016665179,,-0.04682252354044192,-0.03812313140636392,,-0.06333445074764443,-0.01946234240486977,-0.04596709875911842,-0.061513614207134415,-0.004710262719451186,-0.03362349428690936,-0.024602341517657056,-0.0016039267560179482,0.003860879595767086,-0.03448303794761354
1996-03-01,0.005664551696080489,0.017122393626107124,0.0009164210454992716,0.012276091052588534,-0.004943755106891712,0.0019053601298779643,,0.010526468350688045,-0.005183009516693704,,0.011399176201798422,-0.004120249565860656,0.04545468315775869,0.009265541029109814,0.0028394280917334314,0.008292461548407903,0.004249248089922775,0.0010711914611103435,-0.0017306924236311083,0.020408154704299797
1996-03-04,-0.010326350125845374,0.0040636587108597855,-0.0045080242592889785,-0.01007179242461631,-0.015808592205709626,0.006548998610554246,,0.006944456323294768,0.011339042445363434,,-0.005122845101941054,0.02144327237622412,0.036956508090288276,0.012580839937606836,0.007550738514386035,-0.026282507954089374,0.0225229045830162,0.0048154161336633194,0.0057793465129982735,-0.029499987872564026
1996-03-05,0.0,0.0,0.0,0.0,0.0,0.0,,0.0,0.0,,0.0,0.0,0.0,0.0,0.0,0.0,0.0,0.0,0.0,0.0
1996-03-06,0.035570196341485394,-0.0011563349761913866,-0.004952251538897112,0.012042987945786177,-0.00504812093595397,0.0033586001714500657,,0.011551681691523319,-0.009090902924652755,,0.018537667396433477,0.0005657886333001461,-0.02138336073476188,-0.012088679949671666,-0.005269334805859449,0.008446435279303888,0.010545861559579706,-0.023606793243875157,0.01666338288447422,0.05615680830891212
1996-03-07,0.008930660285732861,-0.012540972879432788,-0.027374800418042966,-0.006360159296624812,-0.00968623837678051,-0.004183888857156259,,-0.003749683667066961,0.004587299504277054,,-0.007330871668232097,-0.009228184572510512,-0.012425172926805783,-0.0030590557703084054,-0.004120016632881085,-0.0007283447752236549,0.002377767115513185,-0.029267314368061403,-0.0015073611348253024,0.014633836732958594
1996-03-08,-0.005220123116930209,-0.014654099330022263,-0.019665235520220592,-0.009291587382232347,-0.012110040197653604,0.00798304212984724,,-0.017964409224994204,0.004718398542069124,,-0.004838208890235007,-0.00707379347871584,-0.0021693238856221875,0.000681748590802167,-0.0022461166607993244,-0.0034621593279701157,-0.011201952800712789,-0.013670720970521244,-0.03773573067043845,-0.016586385311175178
1996-03-11,0.0031940430868568903,-0.027364774896990185,0.0027591119363397087,-0.022926375280599376,-0.00612928183515038,-0.00791981788997087,,0.010627604770300891,-0.00651445474575707,,-0.0191914357959595,-0.02345117868474389,-0.017391113264035196,-0.012946818818422967,-0.02381196806980279,-0.05339195004972641,-0.015593734504661061,0.015758356281803998,0.019804046967243583,-0.000244489146309812
1996-03-12,0.05139895780113313,-0.0289496651730915,0.016360072106920143,-0.0014931129233638485,-0.021347168470110867,-0.00042008807053517394,,-0.007067898401777684,-0.014943309335231136,,-0.013827169688964469,-0.006343514547047291,-0.025663704272759436,-0.0034523274994576747,0.011286341962845281,-0.012748337913615182,-0.006769674065745801,-0.01663518241053985,0.007114107130876235,-0.002689234187921108
1996-03-13,-0.017088457367016252,0.0793616239228323,0.012000152234485695,0.023926617322298727,0.02520618790030671,-0.007566132501315881,,0.0,0.010835756233401161,,0.03968250673100915,-0.0004556551723076119,0.017711093199292316,0.011430807855182135,0.012000444306351277,0.02132642598251966,0.015267172844338983,0.010074229935870926,0.00038160116904717434,0.0002450067898427388
1996-03-14,-0.00022016259110235747,-0.006613555305460483,0.011784991957856983,-0.0010430503090633758,0.012292900653151362,-0.000423665753476854,,0.0,0.007657305746034959,,-0.010178191323221952,0.008074593824845877,0.00847842264609322,0.006849054155218193,-0.007826364122477614,0.013409616620673415,0.019200195627734118,-0.0016938661888324935,-0.008015221669453787,-0.009803715110072386
1996-03-15,-0.03279760488183814,-0.011944358613058315,0.0007865142550784743,-0.017961788084735475,-0.018215646427179433,0.004872775083206271,,-0.006944522113850549,-0.00015191236085509985,,-0.021079813306969508,-0.00524960424674914,0.008406979496053069,0.007142908012382598,-0.0025099457151428473,0.013232747865498995,0.001580715683128897,-0.000942392160351635,-0.010580930100281827,0.0002472701829707713
1996-03-18,-0.045516815412027234,-0.06995675425652315,0.019635393443605764,-0.026158945279680768,-0.035680458207508314,-0.004849146284018668,,-0.0055944686020023005,-0.03617589672044963,,-0.041228665311587975,-0.0065963332831516786,-0.03334780938789195,-0.0037148551462824475,0.004912757502805842,-0.029850516896570256,-0.00039484260837974183,-0.007546848478651946,0.014777236625800327,-0.023261660001686724
1996-03-19,-0.06151628695670419,-0.02407850395949207,-0.002451155549000883,-0.027298752482675548,-0.01430675308546614,-0.01843188142427543,,-0.015471475842603888,0.001419045854545553,,-0.043276262723699443,0.014608714131834288,0.007716812332781542,0.006101900367313062,-0.009538726191189117,-0.0030769759786080098,0.0024999327295009977,-0.0017114819137298287,-0.012454497576871448,0.008360829369109535
1996-03-20,0.0,0.0,0.0,0.0,0.0,0.0,,0.0,0.0,,0.0,0.0,0.0,0.0,0.0,0.0,0.0,0.0,0.0,0.0
1996-03-21,0.07164611646213648,0.028166403490645697,-0.0029481378964909544,0.031657049063556375,0.04154132992661119,0.0015106453351241278,,0.01517885806069863,0.00787426316948725,,0.06212472485528164,-0.0070412775696461205,-0.009009449268173486,0.0013474180680750347,0.016010475075252995,0.014660262222310871,0.019819283700547752,-0.005713257626654977,0.011641586654291158,0.010050247103865928
1996-03-22,-0.04054040029972761,-0.056700140114063324,-0.005562016433474648,-0.010881549239489585,-0.021143406214529925,0.0006467294526490974,,-0.004397728971004433,-0.043437395327122985,,-0.01590294563006156,4.54993371350465e-05,0.053182021370559385,-0.009084657750733749,0.00023686282706059103,-0.037642383936484225,-0.003989761052994534,0.003639223626205723,-0.0003836978746607489,0.0
1996-03-25,-0.005930597672979432,-0.06753732443294824,0.004743398730904014,0.006600979906535187,0.010800128665000797,0.0036612288163766493,,0.009717485300478224,0.02564528991585835,,0.029854323844536346,-0.025363794502768044,-0.007337134565537751,-0.004074649451856205,0.010305735018492523,0.028249794508342196,-0.00568553065366828,-0.003816631841354279,0.0019186302717031367,-0.004726008303392315
1996-03-26,-0.006462589848866052,0.032351962027854064,0.005990125719831596,-0.007650375025198608,0.01796979386209241,-0.0034334881676485463,,0.025371727695227664,-0.00939666137307893,,0.02712798145083739,0.0067160303408082545,0.026087032115326814,0.022502547633804548,0.0017588397080892104,-0.02017335366082551,0.004807869764912542,0.011494371846293205,0.0022980662873888225,-0.009997698418895973
1996-03-27,0.0355266423235816,0.014031646099130324,-0.010017065069438447,0.018502212579691646,0.007633902071315424,-0.0094744564471968,,-0.010238605036463011,-0.003215740223794006,,0.02770608182897627,0.04007216267574876,0.005508686249480643,-0.01500494448611256,0.026568251380169716,-0.01176451934183853,0.022633756484484735,0.003977328475264219,-0.006496075432480097,0.0098458371846879
1996-03-28,0.013046755940933519,0.05235241410224223,0.0005659571616734027,0.01665211463038463,0.023200638457708367,-0.013043555092475345,,0.0,0.03871007404714821,,0.012093398180680337,0.0021823261873985533,0.06700346067625418,0.013879212355917048,0.03386176649598993,0.03611114294583717,0.00923214419334184,0.0071683019080597266,0.011538603215163867,0.004749946659836857
1996-03-29,-0.013355814149129452,-0.01862834688924908,-0.001343675325341298,0.0014890515037553342,-0.011568862420628823,-0.061674012423205804,,0.017241147251959132,-0.021739013858509626,,-0.017674880687322925,0.0022225962162052415,-0.04699830176569275,-0.024040192470846544,-0.007388540102774566,-0.017617885313212622,-0.007393675665014143,0.00393285549433009,-0.011026808824110779,0.005225536534004371
1996-04-01,0.009427167661470115,0.013845459557154882,-0.0012039587613347225,0.02697551943055032,0.0,-0.0035207836354570476,,-0.0067797383100014486,0.0,,0.012924773117850785,0.00665150430013961,0.02610853656225509,0.004105574398274303,0.010887496563797283,-0.0019493519016853256,0.009847371913938696,0.0,0.014994136642566103,0.009900779531971438
1996-04-02,0.0026339820318908025,0.03502219346117719,0.012619878372735593,0.03164416127686409,0.0,0.013191665270684494,,-0.018771077683571114,0.04904748795148195,,0.004503208731376773,-0.007180354734747985,0.0626013341033802,0.005451801695872671,-0.018024053342307722,0.06542946304011443,-0.008250929470990598,0.011194224829819355,-0.009280153844861916,-0.004656910778816914
1996-04-03,0.00835915785811081,-0.0004255796489763819,0.012742559138131382,0.013632450352871084,0.0,0.004417204432006772,,0.05391297287397312,0.015282116001370527,,0.018679609901157468,0.003682762324309863,0.06689439137599629,0.018637527085230143,-0.0006715306463459525,0.028781354297950257,0.011219014355420498,0.0009230565346289854,0.013190489482132417,0.02437806901065942
1996-04-04,-0.011842256783080707,0.025548289115975065,-0.00801944287395262,-0.0029666960767842365,0.0,-0.00462932373292213,,0.011550957195622935,-0.001788393342457062,,-0.010513114464136386,0.0020779475576278017,0.0010690564707696026,-0.007984113491690925,-0.011647459663005177,-0.024946349770676446,-0.007479159735163776,-0.004608683024502347,0.005660489272878877,-0.009615381764749631
1996-04-05,0.0,0.0,0.0,0.0,0.0,0.0,,0.0,0.0,,0.0,0.0,0.0,0.0,0.0,0.0,0.0,0.0,0.0,0.0
1996-04-08,0.016778213788678942,0.04629464227904223,0.006063057930173699,0.052965833305574916,0.0,0.020000375196888243,,-0.0032625256566500838,0.009256936782791714,,0.041018148820159084,0.00674985978359377,0.08790001592417851,0.020120774801856367,0.004192733395992798,0.02192937487637181,0.016075817955943705,0.0009260336932948032,-0.013133078243600993,0.019417769259989948
1996-04-09,0.0011789827686978782,0.017459947713841073,-0.007550796951326211,0.006970709718246093,0.0,0.005471690011652708,,0.014729823709636491,-0.008876013383176229,,0.01376664309755582,0.012007198082991444,-0.0055606900996885145,-0.009533174063006467,-0.013767016086690842,0.024678276577773106,-0.010754126214011728,-0.0009251769482685468,-0.003992582987250137,0.00023804615785483207
1996-04-10,-0.00047121788358428507,-0.02905601795711843,0.013960008839569715,-0.01627694771515842,0.0,-0.0022675636456451764,,0.016129614884617505,0.0,,0.019667523428549938,0.0045895499045276456,-0.008223735193753634,-0.0009955947136564003,0.017277393837797472,-0.031762593166284936,0.009621657416186036,-0.013888886845259907,0.011643388043619751,0.018805183082625687
1996-04-11,-0.010365373535384803,-0.008836889162792905,-0.018448507463993513,-0.0022822984331108964,0.0,0.0006816529721429543,,0.006348734304332471,0.0,,-0.012858724689834289,-0.004310134216200967,0.010944840990573246,-0.006976977885906677,0.0014621315199501161,-0.008110990925482064,0.004826795735987988,-0.01596250856579895,0.0037738826074040777,0.0
1996-04-12,0.02737508611523909,0.008105053466432643,-0.004909332579179915,0.023827991938940807,0.0,0.012037104240112173,,0.005362672716058503,0.014925360312410652,,0.007443768426562469,0.012986897727684354,0.006233401764594859,-0.0026765290158285993,-0.0012356012595161614,-0.006905535390058781,0.004433753490410197,-0.011641182018614638,-0.007519137892422756,-0.018691672268856707
1996-04-15,0.02571819150650967,0.0010049654576855804,0.02072060396427511,0.02978910814454383,0.0,0.0024688430241817105,,0.03467218422644103,0.0,,-0.0023092327031870585,0.036282242587803326,0.004238652960809386,0.012747538164224137,0.029798798358570133,0.01097924163173003,0.023421635193516144,-0.0017377133662015432,-0.0037875899597752394,-0.0047619019653099
1996-04-16,0.0022584677420516286,0.021486394825580124,0.056410933056610935,0.027300869136028583,0.0,0.010073934977309795,0.0,-0.007581372188143476,0.023529391848585268,,-0.011802659450961261,-0.009608622018528745,0.013637128381113639,0.00099380188139353,0.016270139240078363,0.03330301538579028,0.03199131797063437,0.013539536497794158,0.0019009530222422466,0.0
1996-04-17,0.04259647905529351,0.04934114147357449,0.0237253287270498,0.007391684265648291,0.0,0.010637989170093176,0.0,0.027501901716159072,0.027298690169716755,,0.05925064821312476,0.03214481299768224,-0.0006411502467882357,0.05493047602486412,0.044482327585746884,0.0064810198390505835,0.040287750220616037,0.0114505020607083,0.04440224380062241,0.04306217554615244
1996-04-18,0.054907081680147574,0.03109782895451163,-0.006256761298068181,0.052935145945568696,0.0,0.030263318055571364,0.0,0.011152338011546581,0.015384918120178614,,0.04598723208895783,0.010448891631487323,0.019231063638138313,0.07434107882542418,-0.004423459300972099,0.023146502294956406,0.00937497287221345,0.03773566660979788,0.026162840110194763,0.013761648682322436
1996-04-19,0.006352246116117177,-0.00526892716215932,-0.006938538072330913,0.022565207361065154,0.0,0.011068412895916202,0.0,0.04941210353504699,0.022864471891128613,,-0.005707338787820038,0.022318025141686126,-0.0006291071568711448,0.030949004107233558,0.0004136974814070715,-0.013437808231349546,-0.001769238670770168,0.012545428239507661,0.0051348478496726635,0.013574464515147433
1996-04-22,-0.03176541070684813,-0.02465772814621381,-0.01785617943416573,-0.009735575000399899,0.0,0.0075788764952933185,0.0,-0.028307553941934738,-0.005655431130922595,,-0.028698749792670064,-0.011364466973710408,-0.005663780987419376,-0.020107412909667888,-0.006507197719550661,-0.02568950059479902,-0.030460658592613266,-0.007541358049395486,-0.009864592936851158,0.004464466782887921
1996-04-23,-0.006729718451338962,0.01573022495178611,-0.00026302460606830724,-0.010486721356614215,0.0,0.006059191666958341,0.0,0.006633930401278798,-0.027627141206726047,,0.0002189353477457523,-0.01034988935162151,0.02911388533885484,-0.0196532605175449,0.005822124808738005,-0.0323835908894764,-0.03244606259569505,-0.015560606650894204,-0.02472863219361232,0.004444075774570733
1996-04-24,0.08109258423589427,0.038717265985032334,0.021611223721468953,0.0553071443015789,0.0,0.022430539339175937,0.0,0.04971318958717719,0.025069880532835986,,0.0984678616104897,0.02035691902461001,0.06057784434717117,0.04038914636142521,0.03379815214953119,0.057973201731780444,0.0397921486639603,0.02573115957023786,0.038489517439713294,0.039823085312977735
1996-04-25,-0.05092051347997295,-0.043841125029173034,0.03295733289284608,-0.006747323291958374,0.0,-0.00731279503111848,0.03225816344873533,-0.029343034661318157,0.010869291317235907,,-0.03705136465654768,-0.001408193962230353,-0.02145518252074452,-0.05185609448537931,-0.046090472484291656,-0.0216071222367602,-0.023279436302752976,-0.002508688617585242,0.023537585039974163,-0.0297869586114633
1996-04-26,0.008873420046083824,0.01633566444720458,-0.008554258026886696,-0.0172196319740886,0.0,0.014733395385122083,0.015625046422961697,0.0066084567188284815,-0.027553543981824302,,0.011170531959209695,-0.011595409834144865,0.04385174909904066,-0.005678650023566489,0.006078555419237297,0.0,0.0033718022671265224,-0.029818233200014088,-0.00017166647820898717,0.0
1996-04-29,-0.008181669378358847,0.005114168081316706,-0.014043993427609758,-0.008680155817068269,0.0,-0.018351192453684884,0.10000005661988354,-0.005447637486758583,0.030960342069549673,,0.0006137888830746174,0.0027347201051062253,-0.015895587424784918,-0.008716144573438944,-0.01896038391344701,0.019434432837734716,-0.007995499657967975,0.004073145076462392,-0.03415691579272462,0.0087716530378803
1996-04-30,0.009074156297333325,-0.00999470474247588,0.005174290242536017,-0.03113316464176974,0.0,0.01889903292614492,0.03706294492181006,0.03623627078110969,0.005496397410127418,,-0.0161520211437417,0.034071038840029155,0.037207771389123234,-0.02759253288493635,0.015291936218208901,0.003119377492901476,0.0042050455851154744,0.034851315072503386,-0.019015655636359208,0.004348092252516977
1996-05-01,0.08747161977886453,0.014133835135030859,0.016839341939433483,0.016401423002337268,0.0,-0.010281958507486477,0.0,0.016670873266498187,-0.0014663971890742644,,0.020781339217011308,0.008562155464603816,0.008899008923926921,0.03679438298620474,0.027193527429924202,0.005528951455191944,0.01209723287780684,0.0347473354814285,0.010869457825968709,0.0
1996-05-02,0.0007519735612007139,-0.0005429690628011574,-0.011436060224211064,-0.01975960448323555,0.0,0.007129761224512032,-0.029062975598562413,-0.0001334749386909806,-0.010682324830905698,,-0.009975600356447512,0.00602573568025111,0.01957014149606051,0.0015036599704396636,-0.008146056680926494,-0.00257727821676923,-0.01160792378981046,0.013776023485232214,0.003584432743990673,-0.0032467954267950683
1996-05-03,-0.02272310448321535,-0.008692598659614581,-0.009545629876383854,-0.03997959259991346,0.0,-0.010922506937211085,0.0,0.013333511188936331,0.025779508200754142,,-0.019946301492637764,-0.0041816927937283754,0.010543592983737415,0.017116907730897246,-0.01775938976100888,-0.0008615144692379895,-0.023139431785559106,0.015118090872937584,0.018214214850172716,0.0032573714455077507
1996-05-06,-0.05611067166045225,-0.03964206281838745,-0.009956707223010564,-0.058092965884774306,0.0,0.005725895907671585,0.0,-0.03421033841357246,-0.013158219151512052,,-0.04972747781616582,-0.006431043904331579,-0.029427820391884296,-0.031000611671162637,-0.016199928215679726,0.0,-0.02809220899028919,-0.040662720886464276,0.003156802475425824,-0.01298700374207229
1996-05-07,0.012215342335001322,0.003804854198725671,-0.00128933849190227,0.020434606706311254,0.0,0.002439740959606196,-0.013820460784263577,0.02670269926452029,0.017600177089822866,,-0.014572734384758923,0.011079934805870328,0.018191738276071234,0.00822662575055877,0.0023373396428565396,0.006896672961482775,-0.004898676275280622,-0.006453521038528476,-0.0069930151241306415,0.0043860519023803946
1996-05-08,0.005429862628963056,0.012696147231594956,0.032597507223686595,0.012197471692773743,0.0,0.017241531217286665,0.05633829464532858,0.013800229464090208,0.014151083319241753,,0.016356767763369362,0.016682323677878808,0.008121351065329074,0.016923396082382025,0.012188394560196603,-0.003082245592826549,0.021538436054534316,0.0007022172152861827,0.020950754127696758,-0.0010919265740639839
1996-05-09,-0.024404567788595788,-0.01684086047388722,-0.030318206244807966,-0.01654675361921265,0.0,-0.018544272046007726,0.0,0.013089379712245108,-0.019638241570325565,,-0.026895948938301495,-0.009778402020645838,-0.013694865506710618,-0.028231715535276924,-0.009633324290400425,-0.0003434443072833915,-0.010241015170466494,-0.02473711121482247,-0.010519156653819972,0.0
1996-05-10,-0.010457532173335338,0.0057100660198865505,-0.005286014458814936,-0.012801928152586517,0.0,0.0010161265972712386,0.0,-0.0695091973116424,0.0017134447766355976,,-0.005437183794962497,0.017617971827087464,-0.013340553888635975,-0.015596170304481016,-0.026221285245463855,-0.026803814275104254,-0.026049628816858683,-0.022845653515616404,-0.006622420348165292,-0.04262288099573952
1996-05-13,0.02113574350025904,0.04731199910938888,0.001944376861384045,0.026306226606246375,0.0,0.00020270417061163393,0.0,-0.02804751727469912,0.00013150679952422806,,0.01526226468767189,-0.03469957907611654,0.026489625738646883,0.002795760897050137,0.005428715204867318,0.024364025673524692,-0.013748218611378094,0.03460941717961474,-0.0107018578585798,0.012557022446310073
1996-05-14,0.02780024069360465,0.052584523865153665,0.010025385281948962,0.0402526788372346,0.0,-0.026988629209272696,0.0,0.01428535853338464,0.004077773141480279,,0.026699105639444776,0.007920679502659844,0.021774584221638138,0.007434963183670096,0.00561570853437976,-0.01137532701154298,-0.00988491685486137,-0.01512469339688327,0.0007094015440767265,-0.011950711818455528
1996-05-15,0.0021717539083891957,-0.009099105251695327,-0.0030098239509608327,0.006420413765884536,0.0,-0.02231528913614711,-0.004666692674067052,0.04084491090264741,-0.001703175574545246,,0.05069946844236339,0.008576019548178104,-0.020520727487532753,0.013222656090565277,0.0463916535873643,0.020571572577202657,0.008191761079861859,0.027461886443918226,0.016303333190851754,0.013236336849476116
1996-05-16,0.005713125528512553,0.003638209595798303,-0.0005780698966129094,0.016034229927521126,0.0,-0.004905972229823918,-0.03549908843121097,-0.025575020024552475,0.010498677971609638,,0.021422861897006706,0.015133571692771852,0.01396676853110046,0.01426391140997163,0.01364915435670766,0.050905577194136686,0.006474398858917096,-0.008264531513080264,0.005754092247782339,0.0810812137099437
1996-05-17,-0.019784572886572982,-0.014154874503391368,-0.007326665862393722,-0.02935666496888245,0.0,-0.007502017515237935,0.041666794454616296,0.0023610801207432086,-0.007792366784506011,,-0.012625049438459768,-0.001513179623641725,-0.003973202949084098,-0.01645702144245853,-0.001214746071801387,-0.013491538254164714,-0.0017660714319178705,-0.00886494336166832,0.0022541072134967255,-0.04583329800448077
1996-05-20,-0.03137479848370395,-0.05112924043831735,-0.014632631663622386,-0.05069939187328143,0.0,-0.07019482580707681,0.0,0.01967293226411493,0.0019633702331978142,,-0.03444002146620595,-0.014080205965964154,-0.006914961240470419,-0.019774700858823047,-0.025342073342673133,-0.038721302228024945,-0.006697015722775257,-0.033989380717139195,-0.003459727515395139,-0.0235809464961364
1996-05-21,-0.0035073028988887867,-0.018084751097593776,0.006636280295007291,-0.004604498537322921,0.0,0.031823708890141855,0.0,-0.005434689705950513,-0.008883310010651901,,0.0,-0.006672196015975462,-0.005891771520717848,-0.012104571541033726,-0.0026002829324587307,-0.0010285578700905962,-0.039307801848629254,-0.023333223958309612,0.0024299400757936684,-0.02683361421756847
1996-05-22,0.005383078081688808,0.019732893442685917,-0.0008483425536189859,0.0049955417752196585,0.0,0.01755952368479763,-0.006666645402754412,-0.010928877446192198,0.003954424942758994,,0.006193814262508868,-0.005283068668697877,-0.005926690225399933,0.0047123418202159595,0.003441128501372681,0.008064398671245199,0.010725570376350246,0.03905967989692671,0.008831136125535766,-0.007353219700995117
1996-05-23,-0.008237444380206349,-0.008108670667391848,0.010452660844776362,-0.014358867233989492,0.0,0.005310027302102727,0.0067113878456819265,-0.0030387471668770205,0.012734489685090278,,-0.005731252666100084,-0.0015176872740727543,-0.013550422392073047,-0.0025012585794431663,-0.0013509681498676818,-0.012425408776447933,-0.0039301602531258695,-0.012774191209787067,0.005836064156445442,-0.02777757688037119
1996-05-24,0.054925933949664385,0.013749376844281791,0.006141855112752337,0.010459157004371722,0.0,0.011883584096337607,0.0,-0.002494016701469759,0.005963602731353657,,0.005977929192484188,0.01888285974065429,0.017857526131656254,0.0034482354457976427,0.008845264726744295,0.027059934658289153,-0.006313688486309088,-0.014787098938384369,-0.009214986256628088,-0.00833318161806007
1996-05-27,-0.02941768910929421,-0.026026194961710658,-0.015486293634674131,-0.03438059518383152,0.0,-0.03240559521437392,-0.026666826963851142,-0.02222184560773177,-0.030026198421831296,,-0.023556856740547416,-0.017824363170837465,-0.020243141963330324,-0.0021869291184070105,-0.008251810182291708,-0.004027759222836158,-0.023163444322572002,-0.015009411768564296,0.0008610549760119657,-0.010804757895526484
1996-05-28,-0.032428795400309296,-0.002634828571728365,-0.0021536991131501093,0.003828283015219869,0.0,-0.004045571043943097,0.013698756749934926,-0.005824257915796327,0.0037201770901154063,,-0.011953959846149442,0.005809300374894022,-0.024793406975635257,-0.006887952223428084,-0.00967233151546587,0.01432173087880817,0.022493338859612688,-0.0019049077728152675,-0.005334863662518119,-0.004854068134564904
1996-05-29,0.05695482158445131,0.04471711912003329,0.01589447996490434,0.051487360689280504,0.0,0.0365602081556573,0.040540578624893575,0.0,-0.00423544951464383,,0.060493011475938774,-0.0034730049363338455,0.025423748314441275,0.03688531353329827,0.027515204687989403,0.002325622141885253,0.016830149476891654,0.03816798638931762,0.012111069857070111,0.019512183383240123
1996-05-30,-0.018238229888414836,-0.012461746452964828,-0.0020603269257126744,-0.008704890329501724,0.0,-0.0032659272553680063,0.0,-0.0027146708636192063,0.0022596452320431393,,-0.019913115649135338,0.0037879670333034188,0.0013772358279200425,-0.008209117937877042,-0.010527113876170113,-0.010275120855864905,-0.013163110079040807,-0.007352920771117488,-0.019316356816547198,-0.028469030245904303
1996-05-31,0.006333010403624328,0.002743372820233736,0.015743031527374773,0.015367561719150657,0.0,0.006989910345431838,0.0,-0.015186380077762629,0.007957552257298772,,0.025608560776677614,0.00701854662367718,-0.017881478796850092,0.006437641075921041,0.0015490311400299106,-0.00016761922832242426,0.0014528758874887693,0.018518393175940284,0.022137010711362093,0.014528282805684745
1996-06-03,0.030627282886466656,0.03155231859349317,0.0036207408620465564,0.07500008595249685,0.0,-0.0015182504349348092,-0.01298721058522223,-0.003782370942923441,0.005262984725950659,,0.040445458856550154,0.0010119041539857765,-0.011204305154791427,0.00822446306268998,0.010932099121736538,0.011555889186545487,-0.0030331518029205196,0.0,0.0061391085661399725,-0.019174601869525132
1996-06-04,-0.01424796642660997,-0.017857420657767853,0.01708843320767417,-0.008487468580033908,0.0,0.015425123943523467,0.07565803199385446,0.016355662276491767,-0.014790694520769865,,-0.005751427036472467,-0.007225056058493107,-0.021813218332631834,-0.005739846490113387,0.005713429176925189,-0.0006620970164221696,0.0009258461828351994,0.015272874260324976,0.05152542749914124,0.029447990317543526
1996-06-05,-0.006400943185531527,-0.0003599997382360831,0.019041548450969392,0.00633445183132908,0.0,0.019469044406584368,-0.06911334731519458,-0.007183892556643978,-0.003587122452154534,,-0.0055855257116209645,0.0030167894688208907,-0.03504211603591978,0.007595969841523109,0.007100738281043961,0.009277663028129268,0.017576191832417543,-0.0007160173158941019,0.009026574363571127,-0.004807394416338928
1996-06-06,0.016417302663950917,0.03043409464878688,0.007938534210400139,0.03232401109377636,0.0,-0.00021011664436365596,-0.023718468343389976,0.010129851099217602,0.018000095844068253,,0.026479399219002664,-0.0016917778129387218,0.02040822222960581,0.018697141109784043,0.02316686330319806,0.0372621395404058,0.018311914764131743,0.021505166579782076,-0.015974635507244206,-0.03381660357183858
1996-06-07,-0.000817819808947573,0.026039566262075153,0.010541651142284891,0.0,0.0,0.0075569317929529145,0.009489155410183248,0.025788288875221888,0.014800297793453598,,-0.0054721497263705565,0.0007154420031940667,-0.007352771416660575,0.013321609670428058,0.01752305015329103,-0.0034817033520068152,0.010074903056699558,-0.03508796507715062,-0.006980386364604851,0.0049999979445023435
1996-06-10,-0.009003547452112293,-0.0015328396020738433,0.018945135955337866,0.004119843287396119,0.0,-0.008541495041188507,-0.013333372589786618,-0.039804417603897635,-0.0077440108346816805,,-0.005698309238478805,-0.0035372587075487294,0.017481390853567147,0.018112793383692205,0.02022063240779981,0.03207884944438533,0.027272830596876796,-0.009454650205535375,-0.00277917776031511,0.004975429133702969
1996-06-11,-0.00784624974265924,0.021665139812831136,0.004236169660349676,0.005744177589698696,0.0,-0.04076479255222054,-0.04054074440384148,-0.024291172162108965,0.0019511121422395306,,-0.0013835403523740908,-0.00679759622132714,0.005824020012184183,-0.00028698945380811747,0.017170451464456615,-0.02108022360433548,-0.009587041086643766,-0.026981893936322332,-0.005901595540923066,-0.0047031195830149475
1996-06-12,0.015192321118405294,0.027383671095212447,0.0025776201028862022,0.008975406026490385,0.0,0.023001094843605463,0.08450731238019604,-0.0011927888979452739,-0.0001298485222341883,,0.02058182250588869,0.019011301188866625,-0.0011578664811965345,0.10361683689758516,-0.018483512018569237,0.021376745832577093,0.012037792717044304,0.029993956466775495,0.02556061500664475,0.034568240261206196
1996-06-13,-0.003894767991930892,0.01836515072567746,-0.009525295528738598,-0.0030730926790105695,0.0,0.005567254302832891,0.0,0.03537323946290827,0.06284131180645747,,-0.006980905347551913,-0.011193752809575241,0.048115907560807525,0.03120923787528862,0.022482165728315184,0.020314068866045254,0.023911921260164837,-0.010988908642204587,0.012703116937876624,0.04807720528978421
1996-06-14,0.010495725096691277,0.043727787272305196,0.02755317256604739,0.010220709869386058,0.0,0.004471931405807483,0.0,0.02349720572854319,-0.0020767101511219854,,0.03319683647572358,0.006339755214602505,0.024336347977029327,0.07364415280850056,0.009303155504828409,0.08793365867937819,0.017964153957709117,0.0074073866986335,0.02667519289080178,0.044265982858661124
1996-06-17,-0.013645578356755061,-0.04831803245987931,0.004306878482934762,-0.00610245430471279,0.0,0.0112361501629763,0.0,0.0,-0.017015891765049584,,-0.010395183797663465,0.002699507661824585,-0.0037797574301607906,0.009314601720478155,-0.012754807081714059,-0.02190527679733323,-0.009764598239388578,0.010845930588790242,-0.01793989624571657,-0.011421035400063118
1996-06-18,-0.025603940664347347,-0.01654906525060018,0.03150155805130006,-0.0014543337970045478,0.0,-0.005031462985916169,0.0,-0.0046475735914744964,-0.0046076339352948414,,-0.00305573363263123,-0.008900230628125838,-0.010569108709527986,0.018220589163071788,0.013768440647733415,0.008788321783160136,0.005227450041438653,0.014729970055433084,-0.03480333489278209,-0.06687394873248742
1996-06-19,-0.029879040020073577,-0.050971724270673646,0.019731793697511435,-0.02200642822533183,0.0,0.0044247524384186665,-0.02597402287038919,-0.02363121719547323,-0.001751763144724472,,-0.006704735714425314,-0.0014716957263852803,0.0030125516053487456,-0.023704757608059568,-0.02000010557841847,0.05367454222909629,-0.00720957693431179,-0.0035845741492874783,0.0029368717974724845,-0.0047619019653099
1996-06-20,0.0015288797778048036,0.03632272693170768,-0.016143194243896875,0.003971092087211803,0.0,0.00041921077469964096,-0.006666645402754412,-0.014492726560753733,-0.00037583043979694253,,0.007907325718818248,-0.004081268455209952,0.010377025873404833,-0.0004756761337071369,0.0013288462500649079,-0.016269052177227628,-0.009404961427454173,-0.010791479741323995,-0.01464107066435838,-0.009569372343589455
1996-06-21,-0.027699096373174248,0.0196016861184396,-0.008120991529337318,-0.016809531921799348,0.0,0.0012578209640774496,0.0,-0.014706077402624751,-0.012788571741967125,,-0.015307901248056255,0.006715716174211517,-0.023513354235827233,-0.008573514194970322,-0.012987058667134233,-0.011250976010100722,-0.00012004748965255274,-0.00490888275983814,-0.002311556736869891,-0.028985688575685398
1996-06-24,-0.00852413846950062,0.04887555513559483,-0.025787812901550744,0.01106256639750458,0.0,-0.01696301990577087,0.0,0.0309016983801933,-0.000507464677071634,,-0.006412955220993388,-0.03968760153004813,-0.00359815302326838,-0.008167283693788496,-0.004225651199514346,-0.006854793256154901,-0.002764364912975048,0.00014568679965809572,-0.020850524113660174,-0.034825651873969576
1996-06-25,-0.021040662373505103,-0.007611350351378721,-0.06071749472494525,0.001989339795729128,0.0,-0.013847308407120673,0.020133998870718317,0.000584639774992679,0.004192609763464583,,-0.026012078184738052,-0.0021193016906608797,0.0,-0.022281176274963066,-0.01302105097625783,-0.004693967192359483,-0.010726716419985682,0.014390917203235487,-0.0013522927079006042,0.02706167953612737
1996-06-26,-0.019181606587473254,-0.017686518864124423,0.010712882447623473,-0.010092685831720738,0.0,0.014041748833797607,-0.0263156301812133,0.014175371919822988,-0.006832512605873697,,-0.012449901532603835,-0.03618518443681806,-0.019444342163483008,-0.02328494255806346,-0.00615650017980629,-0.013453426492052611,0.003289524469664684,-0.0032733000558440306,-0.00812309245696119,0.01882082633166071
1996-06-27,0.017907151276912003,0.007648400654319154,0.006323252929521406,0.0066857562311115615,0.0,0.014060603224446577,0.013513553838122583,-0.012103731315201371,0.0033125290268962715,,0.008743492584450507,0.00905952584363967,0.0028326062400412244,-0.0017750148197696047,0.009242809443216649,0.001405901282992561,-0.009471995143709444,0.008393999253158535,0.014161273444892597,0.003694325522073383
1996-06-28,-0.011110712644898602,-0.008064714728867828,-0.009275858609662513,-0.0061431453488105525,0.0,-0.009663850675214136,0.0,0.0035003444630545832,-0.0011429494902245318,,-0.018947822253415403,0.008573488922089867,0.015819044523016634,-0.00660572998632547,0.003702115923149396,0.010389063496446527,0.004903693407147136,0.004705002989834561,0.00874826211128843,-0.013496976829725726
1996-07-01,-0.02270591269965916,-0.023752667542336625,-0.008396305052032704,-0.0070160371209037065,0.0,-0.0044544608384574635,0.05599973959885962,-0.02325572263421971,0.003687087494383068,,-0.015615460541266946,-0.01680112070011841,-0.012791462981169066,-0.016880054700571745,-0.008347686293012635,-0.005002171124835253,-0.007563746981932407,-0.014769414725868346,0.01817922325889909,-0.0049751223430136715
1996-07-02,-0.021078100850637105,-0.012736908041034889,-0.005421298823138021,0.0015138554542750704,0.0,-0.018325702141691935,-0.04040399894238034,-0.010416617809805517,-0.0040533717574301464,,-0.017115368851547963,-0.00791157637207529,0.0011264504222572302,-0.022112409563841973,0.01703214947604348,0.0046085156925201876,0.030977279346414255,0.007861207459661124,0.015396972244240636,-0.019999991778009596
1996-07-03,-0.06704167181537635,-0.011081378869668645,0.010412313774112558,-0.013942645689839273,0.0,-0.001519036921432848,0.006579008430534827,0.028421075913969807,0.01055551723823811,,-0.0252707205950794,-0.03296879150323162,-0.015194345663914754,-0.03484948953287548,-0.013089483668080493,-0.016958729406471695,-0.006319221336552161,-0.00036305112791668037,-0.0011292675932889074,-0.014030449050716709
1996-07-04,-0.0036715564588318816,-0.0023416380231937595,0.044977672967883686,0.001703802062386961,0.0,-0.009347629345260566,-0.01869276152110122,-0.010089535035811337,-0.010823136231393193,,0.008714660977976019,0.0046334089795714295,0.01142871107273491,0.01267891861296877,0.01765176670923796,-0.021069229090375563,-0.008759548444711385,-0.018327178328768734,0.002099541316101572,-0.016817743499044524
1996-07-05,-0.015004185579194584,0.02799711656798176,0.008875198940938578,0.012584981118629823,0.0,0.008777391476630036,0.0,-0.008862305052844022,-0.006234104838963583,,-0.0019438929511080838,0.013413502189369098,0.0028252328194340315,0.007349053727506272,0.007857993259885898,-0.0026000021765233416,0.02203145470610335,-0.012569083641896683,0.02852552204383585,-0.021052406100543708
1996-07-08,0.007750190924054934,0.007891938619273287,0.026506364841741403,0.0564325899791962,0.0,0.0013050179004641116,0.005727977644684579,0.007451625331813094,0.0002563519359197741,,0.0008656441095686862,-0.005427940636361761,0.011267633251523135,0.01080802488370547,0.010078766270765094,0.0062275538306177936,-0.003908566862267482,0.006177680555328413,0.01911630893150229,0.021774123855414107
1996-07-09,-0.049058899923160926,-0.016965868145482843,-0.009633945690783685,-0.008426134435943644,0.0,0.0030413202596308864,-0.019867488333349725,-0.0028108245162956624,-0.03558171368644625,,-0.04108119925808862,-0.010957250179171374,-0.022006011137550185,-0.023255779662551435,0.0040479254317955515,-0.009355228537780813,-0.011414964247376314,-0.013953713718038996,0.014760080686532229,-0.010260613904181537
1996-07-10,-0.01701072631538958,0.025058258376930098,-0.024093918918540846,-0.03783855466768382,0.0,-0.002815582598934774,0.0,-0.004301929717669961,0.028533334510258523,,0.0009017800361081907,-0.005051186530769858,0.007690112510606584,0.004105052881402171,-0.007125474176410296,0.0030509754437706427,-0.018402701166576274,-0.008679451760346568,-0.016969755519082197,0.03136649936745095
1996-07-11,0.0025537123997052547,0.019588591488635343,0.0006377081889923364,0.018830213697374365,0.0,-0.0006512474751861896,0.0,0.0,0.0005162441554287245,,0.020725705253550775,0.014249369627816755,-0.005087791748724757,0.009267040055807918,0.0049099927410509725,0.009559624212040152,0.028427995511746795,-0.00247406680983675,-0.016337773940969358,-0.0103095896570774
1996-07-12,-0.03735137357978047,-0.003969766280823461,-0.0061970127778802064,-0.007850942717115839,0.0,0.0015214892914141576,0.0,0.0026816650585248514,-0.025793363268732494,,-0.019201097573155024,-0.015731645914297765,0.0017046032492546992,-0.022414335195914625,0.0024433088961424154,-0.005308557805645209,-0.004646685796260819,0.015455033260645124,-0.01911630893150218,0.06770863275887518
1996-07-15,0.055555024334061454,0.0004783750818573296,0.0028557159170576885,0.006429141077395117,0.0,-0.0013019023826376097,-0.013513636727596534,-0.019167589850865085,-0.0071486019935962375,,0.026552794182379547,0.003418718493867434,0.003403405043214125,-0.006353823854846841,-0.002437353688193089,-0.030722374842067413,0.006104721898559706,0.007139915316802137,0.0031947146115625102,0.048780257921785974
1996-07-16,0.20774168037837404,-0.011631543191878868,-0.021211330440572995,-0.003931104952807463,0.0,-0.000434847799225202,-0.0068491263000971525,-0.015300996719136206,0.0,,-0.030688473220935708,-0.022572151408791097,0.0042397741298845215,-0.1476230129154743,-0.007705047310524571,-0.07098240205308382,0.0002384232910752626,-0.022387845004788076,-0.012579515559197785,0.0
1996-07-17,0.017754274798839953,0.010801277732421344,0.02748900182296632,0.05541832938006963,0.0,-0.004130153350196175,0.0,0.0,-0.0039999549771636556,,0.02216189865116136,0.00043592913650303267,0.009569248347547576,0.10110920782769428,0.037689556667494184,0.028512113911363546,0.005233458791917611,0.03129770820445987,0.013385026828972801,0.004651161012008576
1996-07-18,0.04825555788827285,0.010207252978596593,0.00947683165276314,0.00483026409690579,0.0,0.004147282261924401,0.0,-0.038615290139696445,0.00040178167442372903,,0.03185821159697633,0.0013933569313204774,0.0047395825698972605,0.006812500946316913,0.015239874782555951,-0.0004672250943915657,0.06283287276734417,0.013138306541753852,-0.0019096208297691986,-0.009027250950762844
1996-07-19,0.04949234441153516,-0.00757808826988271,0.00022880456974827545,-0.013025239176334136,0.0,-0.012608787908750974,0.0,0.008961102904972984,-0.010571437324895516,,-0.013293182452935093,-0.006611019729940715,0.0038845317043436633,-0.0100027372450332,0.0008987535753461895,-0.0010906232306034935,0.02660860111121499,0.005662256294928447,0.001116053202659728,0.013781478002393488
1996-07-22,-0.014827440390211222,-0.0023862112461473517,0.005665419449326636,0.006912925963847627,0.0,-0.006825423801985142,0.0,-0.0007923377594111214,-0.004462603349335348,,-0.018035565433489387,-0.003283736895966838,0.0005524349044296883,0.03209504354774695,0.00026961918128298734,0.024332895463903048,0.007048966022437098,0.010534154447348065,-0.037744903846221756,-0.002534513409799044
1996-07-23,0.008570376799261092,-0.003668014022607191,-0.010925328653868638,-0.0402557023824327,0.0,0.0064289852775865075,-0.09931061777895955,-0.003174901724978141,0.01956213539446683,,-0.10068577074085627,-0.03465841290284166,-0.027624291873983853,-0.05902691193728482,-0.04569944966853423,0.05573327838737918,0.003230647244698348,-0.013299726156323688,0.00910296567214064,0.05336116286916459
1996-07-24,-0.09740916259207288,-0.012963677635696946,-0.014383591220214376,-0.0427577398005754,0.0,-0.008810875847352073,0.07044399293999848,-0.009554444007550011,-0.022651674623779372,,-0.05241167212123543,-0.035174652273682105,0.022727657626887332,0.012852209771451406,-0.01110145867072243,-0.02048175226901272,-0.013202839991024229,-0.018032848319159966,-0.03313118363929224,-0.042105503250570164
1996-07-25,-0.045005808041361894,-0.0019460570602453098,-0.008814563960312105,0.013077411179018172,0.0,-0.007110999448497357,0.0,-0.035369744466217656,-0.0049079370543188006,,-0.007011147235062243,-0.025986627434042342,-0.003611352185623029,0.010573883195109435,-0.006374606148971451,0.0007365034340451881,-0.0042425083037733735,0.0018550950609435013,-0.015775858878788962,0.030220048347484596
1996-07-26,0.0004807329432197083,-0.009585433368510254,0.005240975318694607,-0.030343411971919587,0.0,0.0067148021810625735,0.0,0.0,-0.02520894867209489,,-0.021705226831800872,-0.004939541852967633,-0.022581429672398512,0.006875966767919683,-0.001148995308304035,-0.006180065467897511,-0.002403291228717408,-0.0066655537623812045,-0.026198165250353456,-0.038888997500333033
1996-07-29,0.01994732948117428,-0.03477691316307274,-0.009256401629554656,-0.03544276226418208,0.0,0.015562056261842594,0.0,-0.06333307213800221,-0.04328868646081063,,-0.005880540318903393,-0.014062984141291812,0.003992901742701838,-0.02108090189586287,-0.019555389291716074,-0.00414576327578664,-0.03996923021858201,0.0042868167461913576,-0.06725653202270276,0.026589626473625172
1996-07-30,-0.026390292925161374,-0.03212128496281319,-0.00863352874916179,0.0005378579744255152,0.0,-0.004159359029861864,0.0,-0.053203082364135734,-0.0035259106848838373,,-0.012100027510338451,-0.024431397477745143,-0.02840896719135766,-0.012132280810122964,-0.017891797120240693,0.019476847277618115,-0.08452159912021717,-0.00853747483899514,-0.05199230191153159,-0.010585625019733258
1996-07-31,0.03484996798281714,0.06198472862854065,0.017834930401937177,0.04854849662990013,0.0,-0.0019782507679916295,0.0,0.06709293697913532,0.023145889695562305,,0.05008179760470566,0.029292928799907747,0.005847970310954187,0.026097778062808885,0.021005516114043,-0.002041890845420169,0.00037359743074727447,-0.015349649561769985,0.08686950032176344,0.006146278221209389
1996-08-01,-0.018241387039223733,0.008266904464032221,0.009142070571427352,-0.025285763842951114,0.0,0.005066036635978266,0.0,0.02624125801341881,0.032997574489687764,,-0.012441827094856528,-0.002211790597240415,-0.008139558538657443,-0.0230400472189749,-0.037149206327587,0.027327377450203194,-0.017311858469575836,-0.003802740893105616,0.0036832862160891544,0.018099534043958698
1996-08-02,-0.013578110823443845,-0.0018039979023124486,-0.0005222844226516754,-0.007187019485654811,0.0,0.012929972654646571,0.07296178277157361,0.0,-0.00948534579241167,,-0.00918640679346483,-0.011281112659640047,0.014068036530274997,-0.004594476513847479,0.00010178246401970625,0.0005687140539316626,-0.013562039360142109,0.011450419501882747,0.00422006803396302,-0.03000002375240929
1996-08-05,-0.015455040533738584,0.01018564228309704,0.003195376989442167,-0.010063169655058934,0.0,-0.008221796386187474,0.0,-0.021794679605118605,-0.006900263511766425,,-0.0029141342041948404,0.0009469285597079047,0.006647177269190063,-0.009845893075060896,0.006784033514736665,0.020329753780387927,0.008094768836066413,0.0,0.015896133465560736,0.012141889098284286
1996-08-06,0.010301930789200942,-0.004390996890493493,-0.004343557476638615,0.016407869558730637,0.0,0.005236163402843497,0.0,-0.0631579238398261,0.018150750276234362,,-0.006375827133123346,-0.0031856571833087655,-0.010909690482819534,-0.01584859690904017,0.010962324322710604,0.010868101656948737,0.004078988009980744,-0.011320791687962184,0.0028778450589017623,-0.004074239463668694
1996-08-07,0.022335371749109267,-0.0024502015443029768,0.016519953456952674,0.014915045642931224,0.0,0.002603872095766624,0.0,0.033707670950060775,-0.011142228506269447,,0.04946486209865664,0.004693913449094422,-0.001451624500661497,0.03283908465333352,-0.004675872134998316,-0.015713368703776376,0.01929359863071456,0.0,0.027618391628666084,0.0045456388607088005
1996-08-08,-0.019472646522107784,-0.019485518232852828,-0.009556411053633362,-0.010373615864045838,0.0,0.011688638308860133,0.0,-0.009057841222099294,0.0,,-0.02675147447516435,-0.01789291725206066,0.0,-0.017731812865128926,-0.0014991547075519085,-0.0022402702700992094,0.0007476935775407867,0.007633763145092898,0.006631588119103693,0.009049581004157758
1996-08-09,0.007992137363722174,0.007848870984097589,-0.0035245422766229106,0.005590794565180746,0.0,0.012195219092299592,0.06533328851554909,0.0,-0.004648023171479054,,0.0007854904747297553,-0.018117352793914798,-0.005813970384755396,0.0,0.0013012764022721779,-0.003649397312632585,0.007590651830110762,0.02329520707637167,-0.0421288125837036,-0.01345290735809046
1996-08-12,-0.00024043745743984601,0.010604853158610261,-0.007479356659281899,0.0015634096886230076,0.0,0.013527378361113174,-0.06132661883360979,-0.00877508705016139,-0.03381928599003725,,-0.01307856109437433,0.002937681837551942,-0.005847862045281427,-0.011515628270900025,0.0007995853371607353,-0.012114311864252825,0.008892140819734884,-0.015361501923564225,-0.005610940097299899,0.0045456388607088005
1996-08-13,0.005767977852935147,0.011641264758661674,-0.015481070494197113,0.0005203957099000345,0.0,0.02398292313794448,0.046666681387836695,0.025451404880151962,0.004540487016100991,,-0.010071766885184075,-0.0016957945497462212,-0.01588245236277086,-0.010705415522777262,-0.013484634260404915,-0.001996184245685928,-0.0006120478751743264,-0.015037861402871666,-0.058791479863875784,0.002262348746584042
1996-08-14,-0.013620093833380365,-0.015235030296607,0.0014837253171628983,-0.024965239707196885,0.0,0.007128945582826507,-0.0178345721828026,-0.008992476823029838,-0.030470900696824343,,0.0005355442081589334,-0.007669956288742119,-0.006873429111101892,-0.013048786325582595,-0.007291015512124188,-0.002143272291528109,0.00036738939539926463,0.022710081257844905,0.029588147968778955,-0.029345631794856386
1996-08-15,0.0,0.0,0.0,0.0,0.0,0.0,0.0,0.0,0.0,,0.0,0.0,0.0,0.0,0.0,0.0,0.0,0.0,0.0,0.0
1996-08-16,0.0,-0.012673101693323141,-0.010191141370483381,-0.03485087337958581,0.0,-0.019616080785524126,-0.014267221898205396,-0.0016333335421675477,-0.023759694149475874,,0.001872951474948037,-0.006588223812683092,-0.02858855633194679,-0.01418893085866102,-0.042023231092039426,-0.002147803857071695,-0.014693496075288914,-0.014741536618285256,-0.03437248695297612,-0.013720877183153624
1996-08-19,-0.044331432144583016,-0.05367571070770627,-0.018256312268578934,-0.021002088407314656,0.0,-0.05445564070470266,-0.013157694028328781,-0.014724937890103096,-0.01247652745649741,,-0.03071573060756183,-0.014151073205809772,-0.05731113787565956,-0.04939506191329346,-0.0325813187998133,-0.02597196864930662,-0.0214986183315109,-0.008144240539176506,-0.024898025928245637,-0.02381498214901423
1996-08-20,0.01089998748691734,0.0059889410284899025,0.0054871830139406885,-0.006586475335729314,0.0,0.029232713191946536,0.0,0.0,0.004523286285596395,,0.0013778131209285505,0.012182478795722318,-0.004272323625579166,-0.012732432700744312,0.017279447841744622,-0.014584443546326042,0.005461302776823551,-0.007065085286997674,-0.0021941580927744564,0.02367178137930015
1996-08-21,0.05015031206424081,0.012432598644992243,0.02152682502836778,0.027656950361891308,0.0,0.013140628231520957,0.0,-0.0036898325345353644,0.02468928731665443,,0.04237755559092782,0.0005758074415096459,0.06072599517306698,0.05019171917001364,0.03959753437975122,0.01644481688476196,0.02298840043448691,0.0,0.01219515005774241,0.0004716292958812929
1996-08-22,0.007163392219972975,-0.015392710077587468,-0.003739758706190477,-0.016405664390915953,0.0,-0.008158969472585542,0.0,0.007407343069152583,0.01409328244625474,,-0.002640156981027264,0.015585474060403115,-0.014001197670188148,-0.005642101670972344,0.020189738338628915,0.010736689302870195,0.024941700367025144,0.0038463938875281656,0.008690307013084375,-0.009433956775995234
1996-08-23,0.012091124181293988,0.010012025542889269,0.007388761381739606,0.006371830150439184,0.0,-0.013709772257029518,0.0,-0.0036766113264377065,0.006275829741240191,,0.00608811897953343,0.033783237428953505,0.04449356691993467,0.012349888698246048,0.007752536030773749,0.015133848607281841,0.010841987203884074,-0.0038316558299648085,0.011748637841292764,-0.0047619019653099
1996-08-26,-0.019676809967907327,-0.020347514811485223,-0.005323629150236653,-0.011173370564257601,0.0,-0.029084783292835814,0.0,0.029520944830845774,0.0381646070016739,,-0.00920815889318849,-0.007671376991624235,-0.01570990098057401,-0.011539644631639367,0.0020245511206613553,0.007597465989745977,0.02276236255552866,0.00019252773023414882,0.0015481516702935405,-0.003588367105120338
1996-08-27,-0.008124019330216559,0.010119031989242577,-0.0021407983158033828,0.0028250542071912577,0.0,-0.06233491866090046,0.0,0.0,0.0022888017765931856,,0.0010621725670740823,0.01034139748833951,-0.0009210116581164218,0.0020013035366788223,0.011213572838447927,0.002418594055633605,0.058145001960818066,-0.0001924906704423579,0.004444580771349127,0.08979575319033861
1996-08-28,0.027944567544957888,0.010368703829571668,0.012275923027364133,0.013708898925514967,0.0,0.07211630229881005,0.0,0.01254447002250103,-0.013843193047709423,,0.03474797814077668,0.0016391137173414894,0.027035521668049123,0.02596534941934836,0.002896509633936173,0.01660509963366308,-0.04052437248204144,0.00019252773023414882,0.02962663840126467,-0.052654965201006654
1996-08-29,-0.00937388236843506,0.0038270251347276574,-0.0005886086503005261,0.0009262165710977044,0.0,0.0008765294058143969,0.0,-0.007787522299065319,0.013024451747556176,,0.0017944992763667678,-0.003571434553630848,-0.000897483026960022,-0.00778715158766885,-0.00677346320850325,0.0051656642673734154,0.01251031241928735,0.003653162822147671,-0.005044536739371885,0.02325599626912833
1996-08-30,0.0009462872103371822,0.004332067065569545,-0.006597398505948426,0.008883962523928757,0.0,0.033931863370295856,0.0,-0.0030326207019383267,0.0010000403816781134,,0.0015354143051313773,0.007617003063839611,0.0485029621483557,0.0022890729326776604,0.021462395851095994,-0.011249915590927695,0.0012467185100797362,-0.002299068857519182,-0.0009389992700835625,-0.00454535856562166
1996-09-02,0.005435935355789789,0.023982009304552188,-0.019329683496012717,0.021647608701488075,0.0,0.04298101652610198,0.0,-0.011093078497457665,-0.021550030922272256,,0.010219702700078548,0.01679859842663811,0.04397515330936774,0.01566062602550322,0.0170835613380933,0.0005615335743669458,0.002943578687623516,0.006144474459658156,0.030262994384962383,-0.006849498285067757
1996-09-03,-0.025153026311148463,0.0033699849253321368,-0.022673709922651608,-0.006284998023674215,0.0,-0.029029372383055585,0.0,0.005789748811948492,0.009043513431552963,,-0.01972703540956644,0.007094253259907424,-0.03063475214547584,-0.031481175652563476,-0.0386133471551936,-0.013196636440739873,-0.007563010785613944,-0.0005726485973562845,-0.010582034979470856,0.011494341947836606
1996-09-04,0.0012059477078167902,-0.008732188283741782,0.022209694430008975,0.00126479093272569,0.0,0.0037630651895323997,-0.07333350835168773,-0.007015795783313794,-0.0014456417709305391,,0.002322136106849726,-0.3431439622008715,0.01128692133005793,0.0016587464709176825,0.013454991428587748,0.007966847533037003,-0.020245580318664524,-0.006873917781597627,0.0009219488835106038,0.0045456388607088005
1996-09-05,0.01493244925994408,0.011519505378205563,0.011499504486567336,0.027793085204170342,0.0,0.04082494128278813,0.0,0.012137369928589825,0.0017371334871918442,,0.009523833340514987,0.010650802032313056,0.032365738433450364,0.00993344037247712,0.010403342390687298,0.009880273523594774,0.019851170248415873,0.0007693576030411986,0.01160654209493317,0.002262348746584042
1996-09-06,-0.008305486109710603,0.0058616249729295244,-0.0032910975114600616,-0.008779905543536026,0.0,-0.010806971358322093,0.0,0.0014322461153026822,-0.0021675589417721186,,-0.008669400056136256,0.011846795134402344,0.009189264973885614,0.04360690013602264,-0.00804082748642676,-0.009224619642736909,-0.006943582274854365,0.004802747847726829,-0.005463593070883954,-0.006772097429264434
1996-09-09,-0.007657639862851395,-0.013486564872810414,-0.015067615817797697,-0.02037164030921368,0.0,-0.022253544536338654,0.007194487785707082,-0.01840955387635823,-0.025923373436708808,,-0.02700576623162443,-0.0015801588457234894,-0.03240484252531073,-0.046182978347306114,-0.042210373625633846,-0.00028199053291178,-0.013525957083103224,-0.003824028930872525,-0.0073243504509546975,0.0
1996-09-10,-0.00892199315632769,-0.003206664407228277,-0.01042305064770932,-0.006871832471245343,0.0,-0.010138275532145968,0.06999977304864102,-0.0009098352389975695,-0.008920599730838807,,-0.01850404048954668,-0.01920855389306786,-0.019928295194892587,-0.030961686423358836,-0.0253895041548049,0.0026811540124573874,0.009179635395991648,-0.0019196183958093416,-0.012728583633135782,0.010908991361866072
1996-09-11,-0.010705283317764214,-0.027429697282934873,0.009670456829688812,-0.01857240204156574,0.0,-0.008570385171852268,-0.05206951380822378,-0.004921359254438706,-0.009300990022448774,,-0.007810345709039823,-0.009609221455800121,-0.014967488305326349,0.004418664112216364,-0.013766777689688703,-0.0026739846477897844,-0.03511795845653376,0.0,-0.016816227087497082,-0.010791269496148947
1996-09-12,-0.0073785272167258276,0.0006961234079361223,0.002318001049153251,0.005380518649466204,0.0,-0.0012649776182429573,0.0,-0.00879081866307041,0.00545129586905424,,-0.010043355503361662,0.0019257536707306677,0.01433485039419069,0.006429838172595348,-0.012670649134060574,-0.015662401526183367,0.006563425466716621,-0.008653535191156636,-0.0005699597826130942,-0.006591045543653862
1996-09-13,-0.008671884130393659,-0.005740822912824184,-0.0018869989078529326,-0.026757806750602797,0.0,-0.011821870069922524,0.0,0.008684222768752692,0.0030121421865181297,,-0.015629196043130955,-0.003843926253312091,-0.0014131533885226588,-0.014458638046857542,-0.007503729700282791,-0.004443957087395867,0.00486039836803509,0.0009696680182396111,-0.0007605764901683632,0.006634775652148983
1996-09-16,-0.035741108906632624,-0.017847853442659045,0.00018314431116706054,-0.048919179317194805,0.0,-0.0155946083200319,0.0,-0.006228292838501126,0.000750822120934691,,-0.038440372883441154,0.0008162277641470261,0.024624693045480317,-0.010576653685464787,-0.01742307653443187,-0.01569473209099914,-0.0022413569643996434,-0.016666524359786772,0.015033599767257488,0.0
1996-09-17,0.015033691899220214,0.030286420346788967,0.013046276530704892,0.009569197971410315,0.0,0.01497376265409267,-0.014084206495907914,-0.0009217634669317354,-0.000900521669276455,,0.014194605441581132,0.0036331453156193128,0.027072468837852526,-0.036206950226444046,0.011821429753691604,0.005120043473162417,0.016317808344884055,-0.0067009733013897455,0.006936387547254119,-0.0015908614832131907
1996-09-18,0.04877438171348247,0.039945034254400325,0.0028885545650501054,0.06832538854474635,0.0,0.016890837668688707,0.0,0.0036901786791661007,0.0016520763032215058,,0.04855773448755274,0.02304983905498137,-0.030930857600620754,0.04686959014164804,0.062382507393411446,0.001018646233410303,-0.014543828031930883,-0.00793661262391665,-0.02159751685270539,0.012975226696589903
1996-09-19,-0.03603633573426401,-0.026105735241608197,-0.003240274807601251,-0.027541564950978592,0.0,-0.02039496709694777,0.0,0.0018383746376171572,-0.0023987602921466955,,-0.04331217530322673,-0.007726780578921177,-0.005828517684509427,-0.03315121306751445,-0.04222425965682486,-0.005233953095461152,-0.003423437385372541,0.0,-0.0038057770353819853,-0.012809026671761203
1996-09-20,-0.005556745835213706,0.004780390263408041,-0.000902643038884654,0.002471159853876692,0.0,-0.01094636775256641,0.0,-0.008257195665395733,-0.001953763243262352,,-0.005125624291122399,0.011279916435572135,-0.0008376007591435197,-0.02014819038059179,-0.0069320767126811456,-0.0036535994267585803,-0.019073686276872892,0.0,-0.005730686206900648,-0.0052356456998464695
1996-09-23,-0.012954221428828183,-0.0018688045199977132,-0.0008440115126235881,-0.014031157672321104,0.0,0.011067516862248272,0.0,0.00814093751188838,-0.0028608826017352262,,-0.022896456932826825,0.0056132819235936715,0.003632439084924499,-0.0028861574684755364,0.0027266217126031833,-0.04562165916996486,-0.027536124499937586,-0.0005996637728811205,-0.024207608275831016,0.011441829285351979
1996-09-24,0.007720200189457849,0.023833679853402012,-0.0024722042177237613,0.00019197070885690337,0.0,-0.06546457467285294,0.0,-0.04477892726551447,-0.009815732290308521,,0.013767139832973507,0.020323226779132453,0.0025057034957387536,-0.014833714436361944,-0.006418141598698357,0.007070444353707739,-0.043467298613589334,-0.019412046162297303,-0.019491684782826924,-0.004525069528811265
1996-09-25,0.007150076003109795,-0.004322988922430326,0.00326422267535853,0.019419734242540843,0.0,-0.020211366564434674,0.0,0.05936618627844226,-0.008388096085942043,,0.0,-0.017603953505642256,-0.009441794332681885,0.00036733775808772684,0.008759081703279437,0.009463002964705813,0.017398149019130837,-0.06653023711959449,0.0026102458716812382,-0.008863678110616724
1996-09-26,-0.01571986103037859,-0.008183126090605675,-0.01452222342315912,-0.01923806990090282,0.0,-0.06610377383533805,-0.05421429833868974,0.0010879629031053106,0.009381853455063371,,-0.013580179601443532,-0.011208970137824736,-0.019063998311733665,-0.029735669958599886,-0.005969543613757344,-0.012398159359884309,-0.013144696160435787,-0.05749888905888778,-0.04846793654390891,0.008942945500897581
1996-09-27,-0.03065441153595927,0.0015150059058324228,0.005319900123851307,-0.023846155797122903,0.0,-0.06977942574234142,-0.05445207624337611,0.014492763474603487,-0.01813219232244012,,-0.012594904794485107,-0.01176878496553202,0.004286819210833626,-0.027620160991511544,-0.016486204610882682,-0.023117139022788447,-0.023664679532015787,-0.019949340078742828,-0.039780917228750545,0.0
1996-09-30,0.015412905064890126,0.0186619740382159,0.0017639448402291258,-0.0037431031250986235,0.0,-0.058823539260942415,0.04632612073769282,0.0035715649718082165,-0.015983754935407934,,0.018392095791736063,0.0001460851900456639,0.015651699658402407,-0.028793838403618155,-0.005661742805427528,-0.004074117949410261,0.0013243394161193134,0.012308275300537685,-0.04186792548739726,-0.0040911870926728655
1996-10-01,-0.0026165031356640833,0.010892780487356202,-0.00491829967060009,-0.024520158219887844,0.0,-0.00028677604836480075,-0.06106923986154611,0.027224394095442417,-0.0018925654200814268,,-0.006699725554197844,-0.007670378462188987,-0.0058838371158346225,-0.03405452539985965,-0.021212601554646104,-0.00015759624159050745,-0.026587588066075085,0.011923995610957139,0.0004575972865932254,0.004107993663325038
1996-10-02,0.0,0.0,0.0,0.0,0.0,0.0,0.0,0.0,0.0,,0.0,0.0,0.0,0.0,0.0,0.0,0.0,0.0,0.0,0.0
1996-10-03,-0.0044610152506757705,0.019428656823968105,-0.00469810888073241,-0.028380525464144712,0.0,-0.0699741204687464,0.05691090318394276,-0.00571663781829479,-0.006952160534370866,,0.009677514796141429,-0.01472328271721246,-0.016910983388633616,-0.002073606391985172,-0.00752823453610818,-0.006452425309424248,0.0032614569020494866,-0.01686712098899723,-0.03841734631013316,0.0
1996-10-04,0.005271423941449527,-0.011851198476684144,-0.020353332959003212,-0.03880646200019067,0.0,-0.0699968304412345,-0.04561543171151339,-0.04181148453852068,-0.01893361588603948,,-0.00929433067317964,-0.047071047991460335,-0.03153662840522631,-0.014131657285989085,-0.06999219171983662,-0.03595769420950734,0.006772780986781024,-0.004935285111336785,-0.03781230650873002,-0.01363635599195212
1996-10-07,-0.0194023656028387,-0.01734237204576039,-0.03598256317197146,-0.053397076550136924,0.0,-0.06996009531203495,0.0,-0.03000052189770186,-0.012650241519037153,,-0.033128053805029256,-0.049944973840945095,-0.04470099444180642,-0.06534553613613314,-0.023232672310930624,-0.014295106038500927,-0.0078035082042654524,-0.026925223836444467,-0.039050922988341785,-0.009216774070346934
1996-10-08,0.004277811838251155,0.04453281597110137,0.02732895387679335,-0.04196304755263858,0.0,-0.004277811888434679,0.0,0.02530493105502929,0.0027925810039153287,,-0.007580590940748588,-0.004126331017936802,0.03563677011084887,0.01488504468275198,0.01809224253964503,0.04450719201594122,0.007051020058707502,0.01820466564197698,0.006173097860764365,0.02325599626912833
1996-10-09,0.01304606378732398,-0.018948337109172764,-0.018893211463695825,0.020105258284444982,0.0,0.06623619970402661,0.0,0.005484669492688665,0.008189528428017567,,0.013749085945915507,-0.0362146215843826,-0.0014961420386553348,0.020889020840478834,-0.011308683464272162,-0.0003191083882381207,-0.013464252358800555,-0.00500662082492076,0.04754577984846797,0.0
1996-10-10,0.026806921387295235,0.038628622377211874,0.01957892552090401,0.020648022350781225,0.0,0.07018147028404953,0.03973561140160009,0.014545527728970775,0.015434831375799707,,0.0186855452411423,0.03490965628200238,0.02996734379842292,0.062255001550539424,0.03355960025422888,0.022988750905671873,0.04422009533081317,0.016291497780351216,0.050024068655555975,0.0
1996-10-11,-0.0012795063649041483,0.005733838645126443,0.003979622347919154,-0.002988826406314482,0.0,0.02572988502893714,0.0,0.013798769088336549,0.009759823674231116,,0.032544601113361216,0.005151345639130778,0.038696340428942655,-0.008196596539810974,0.028456620604603078,0.009051421896008716,0.04979717503714909,0.02593152979649016,0.028120440007670444,0.0
1996-10-14,-0.029472288687309334,-0.01679536261499448,-0.007990390650608914,-0.034586115581009325,0.0,-0.052615883926539375,0.0,-0.022450165519635634,-0.0011089153940013752,,-0.01919766641209253,-0.02173922578268228,0.008963506353839135,-0.044628022063353256,-0.006266774365862315,-0.011290017504836491,-0.004731056813049306,-0.026195347343884512,-0.044303871051284305,-0.010681765477848049
1996-10-15,-0.002904776834799394,-0.0017239260360732978,0.019978429463799685,0.0019106276827423052,0.0,0.006135354682066163,-0.0697672229139017,0.012658442569169814,0.0006345578050204193,,-0.0005841397595038877,-0.001858602343265514,0.016379809610823193,0.028979229053970545,0.014159766299544518,0.011105932775319571,0.005754522816387331,0.007786969774208341,-0.003784173337874952,0.013324230529606185
1996-10-16,-0.0015889122675980527,-0.024332751481227155,-0.012498361954777049,-0.0019069841460421788,0.0,0.015404115709844124,0.0,-0.006785799236827872,-0.006024222809865032,,0.002045957194700021,-0.03166038254372938,-0.009286752112634411,0.00924759500621053,-0.013962066698041564,-0.014851742489918718,-0.006592278033323518,0.005619274230345583,0.006647563745997065,0.027431448871433783
1996-10-17,0.025729247739733285,-0.0199516013566704,0.0030222453706876262,-0.0033439734306056623,0.0,-0.003792631682580372,0.0,-0.011146659560724581,0.008772050611923099,,0.0035008168318262367,0.0004371957314852626,-0.005790050957593551,0.004581162257122795,-0.0030940949236689663,0.003768831636952852,0.007387305647322817,-0.006985072013147908,-0.006367954716766433,-0.007060895140808765
1996-10-18,0.0074996687704127485,-0.006074612425197468,0.00916559646121895,0.03115254811219592,0.0,0.053933679192027295,0.0,0.010908480632990214,-0.019447032611921267,,-0.0029070250570960576,0.0019224201312573186,0.0030503510722332816,0.0,0.0008357462858723519,-0.0006255575091731469,0.0006210782757398725,-0.0011720141792778138,0.007120745249731719,0.0
1996-10-21,0.0,0.0,0.0,0.0,0.0,0.0,0.0,0.0,0.0,,0.0,0.0,0.0,0.0,0.0,0.0,0.0,0.0,0.0,0.0
1996-10-22,0.03567757001054761,0.014701200568719042,0.019720501372732624,0.03950779829943918,0.0,0.0701389095785343,0.0,0.020683843950799696,0.027894580213455367,,0.005539036952296517,0.031397023341990016,0.00746464227268917,0.051824074062074565,0.03315458403956484,0.012992944725968236,0.030306915101537824,0.013145341089073836,0.00047140171629522776,-0.009111150130026169
1996-10-23,0.05824069922739494,0.04118493813465118,0.007198537993946097,0.06282122194969064,0.0,0.07004215594268937,0.0,0.0,0.0263528993024571,,0.070165547190012,-0.0005072217403354617,0.049396408374532186,0.06897941262887497,0.02412546587661457,0.0183898285680133,0.012658295863775981,0.040546983425581606,0.050176710629502574,-0.0042610882287184015
1996-10-24,-0.013115084742437833,-0.025953717289762257,-0.004481923556115985,-0.044383781915036224,0.0,-0.06861216864319453,0.0,-0.027489028680345973,-0.01879870628102709,,0.016255522926465815,-0.006683441161598691,-0.020920655638655083,-0.05014726662805724,-0.037533899881759814,-0.0001515952831230294,-0.004166827496150716,-0.023157726928529576,-0.009421509040773657,-0.009009095759963115
1996-10-25,0.015424873962586183,0.007062707025969672,-0.006632069029243848,0.022892686845440213,0.0,0.019475211285686855,0.0,0.011053066767795272,-0.007788205594761233,,0.025593389927493382,0.004513921236301011,0.021634603260282104,0.008151654478288473,0.008314716063983818,-0.020033506951114388,0.0022713075867628607,0.010029542274972103,0.015625480069184183,0.018181807989269494
1996-10-28,-0.011217452411304674,0.010519240092869975,-0.008391229780178366,-0.0036586205575377395,0.0,0.017164913457336173,0.0,0.005555079618706049,0.005808769034516326,,-0.0088380287880655,0.005426782556912091,0.021176555774210293,-0.00539075447268933,0.001974761833963168,0.008208211431802503,0.0010736638696158263,-0.006318622905440829,0.008918427495303138,-0.00223204986489689
1996-10-29,-0.015599410333351549,0.01955862485245108,-0.006300167849657812,0.003672055214232861,0.0,-0.04518262549697172,-0.06666705514191462,-0.0005345775155787269,-0.008584476672526598,,-0.015473364836762982,0.006914948091107709,-0.03302604013612531,-0.02555172468286626,-0.03419522414469878,-0.03517664472808624,-0.010842058603116156,-0.0406545010235122,-0.0061880379233019145,-0.006711405075302879
1996-10-30,0.0,0.0,0.0,0.0,0.0,0.0,0.0,0.0,0.0,,0.0,0.0,0.0,0.0,0.0,0.0,0.0,0.0,0.0,0.0
1996-10-31,-0.030011658823499543,-0.06837889853843693,-0.011809736205881993,-0.012265835749472598,0.0,-0.029646103011671032,0.0625003628265397,0.028708464029965297,-0.0033063795606945723,,-0.03835904747694352,-0.016247925061320223,-0.02435802231316364,-0.023440579020493346,-0.0045606832170655975,0.010826409443582596,-0.0484224636759677,-0.0009467494856717495,-0.0026680643932313064,0.023648679616236734
1996-11-01,-0.025990389996255803,-0.0021585894421529694,-0.005975880965678915,-0.0026147228462195526,0.0,0.012338534788512101,0.0,-0.00849310410496451,0.022113599166986075,,-0.006094242981595666,-0.006044439717101335,-0.001356881006439159,-0.013425383760590104,-0.00012046051046576967,-0.0028350619244704722,-0.007594661965525384,0.008293726096181286,-0.004236626263800614,-0.016501684196054134
1996-11-04,-0.04091470999053137,-0.03228469432528047,-0.009681589345878039,-0.03888158920003337,0.0,-0.023505758111681097,0.0672263597158731,-0.027972372476304797,-0.009271932374201541,,-0.04069133189856955,-0.0021415837555712747,-0.0027174492681762974,-0.028866144941936067,-0.016037521883389805,-0.021007863351147682,-0.010332014061090078,-0.012690957666083413,-0.0006715467317695012,-0.007159107985978852
1996-11-05,-0.018812859519522607,-0.055030339225637936,0.0002557744791620298,-0.0215908290467568,0.0,0.016047350406766636,0.0,-0.009891791991087584,-0.00779913751911554,,-0.036606568544699014,0.00017183517900876133,-0.01389647250064674,-0.028874688755600952,-0.035784513351562075,0.0043564005327711985,0.0065729776683658425,-0.04379873786042299,0.0033607848428087728,0.007210730383451658
1996-11-06,-0.011882236633828924,-0.0698819648412542,-0.006388302537786217,-0.019279675095274396,0.0,-0.03889998606148337,0.06299252909991981,-0.004541158607862417,-0.009589713330076521,,-0.007237441867540828,-0.011243127773729933,-0.012986820320798453,-0.00743324630460207,0.0027961148996695773,0.0016062112536936457,-0.01408455905226691,0.010704410725661084,-0.01853498458413194,-0.002460802543335139
1996-11-07,0.013938108539261362,-0.02876127974275089,0.006686455837631167,0.009000169724711293,0.0,0.02830173447593487,-0.029629353649759715,0.0,0.003174498761750577,,0.021567431381772195,0.009808500553936117,0.00895859077378347,0.015418388908810643,0.01634995574915532,0.02133100213965755,0.0037664614568471144,-0.009852344186462969,0.006143474725899267,-0.0042610882287184015
1996-11-08,0.008894863905491546,0.033642582638897967,0.005492459546764916,0.01924878330971591,0.0,-0.0032552862247118286,-0.007633842274880842,0.0036497737275862363,0.01740499860558442,,0.0044602663293003,0.00489926924554851,0.01748059814596581,0.015184511211451923,0.009103141835972606,0.010364503904849665,-0.0037523284563428794,0.004975336153708154,-0.0004527206253500671,0.006081216024692582
1996-11-11,-0.01977040268990804,0.007990448258525573,0.012004029173803943,0.01036387989771348,0.0,-0.008907324690791252,-0.06153864156065536,0.014545527728970775,0.0031107159669461204,,-0.01006520647611242,0.011205521693568476,-0.005999319037152451,-0.012392934182515525,0.038680414206390346,0.02564491086600329,-0.008051499451176003,0.015098948369594689,-0.002940957251139409,0.008282911463350029
1996-11-12,0.0,0.0,0.0,0.0,0.0,0.4999999535262212,5.000002011089146,0.0,0.0,,9.496079868920354,0.0,0.4999999492087175,0.0,0.0,1.0,0.0,0.0,0.0,0.0
1996-11-13,0.017716224550694104,0.0400232400877889,0.0033894080001988236,0.022566571751715836,0.0,-0.3315358307888422,-0.8333333891969019,0.014157178675046511,0.001239892348986693,,-0.903472721411501,-0.006936516071328058,-0.3243714934120657,0.026394971964984304,-0.003926203959274566,-0.5071223017694952,0.0035346678233783013,0.038770968583575094,0.007488123296770288,-0.01198942532613212
1996-11-14,-0.01312270362215151,-0.02361049433168061,0.012886054477552422,-0.017387131829882718,0.0,0.005975196155125095,0.0,-0.0033572940186340494,0.019975524006695222,,-0.014462851618787909,0.001533428337135323,0.008121351065329074,-0.015176761187614463,-0.028906042911823193,-0.013066714600345253,0.005871085363503781,-0.004694942762753507,0.0063061035196818604,0.04067408480953438
1996-11-15,0.012754408721276311,0.009710517787663298,-0.0047555839180923876,0.009754850390721215,0.0,-0.000593795445762213,0.0,0.010638437299063108,-0.0040989256849569555,,0.002695149324343671,-0.010120844387632943,0.00026835521321522116,0.018407686077328345,0.008118153646910597,-0.0031153189039773155,0.006484961692240443,-0.023585075023178192,0.0015667704928330473,-0.00215935958321567
1996-11-18,0.027331055354961498,0.06807493128579134,0.005336633355098597,0.0269599769784854,0.0,0.007132452830954206,0.0,0.0,0.007164281075195955,,0.0176225584462808,-0.025861285615542573,0.001879374139684531,0.016393305782766987,-0.004514259703950696,0.0090622654933874,-0.006185500366357122,-0.0043473848702683116,-0.004469328764426295,0.0041117952093079335
1996-11-19,-0.01251942704456721,0.009357186084824276,0.005862794521370063,-0.012688647498923733,0.0,-0.000589940525316246,0.0,0.002982279778577679,0.0006056504271301222,,-0.017023666159957762,-0.016140372000650105,0.0066984675624612855,-0.015301706536651749,-0.015197895054618327,-0.003096677612419274,0.0185424693896723,0.0007275847079331044,-0.008529518903285016,-0.012930936718335229
1996-11-20,-0.03407325368265013,-0.04932665461014363,-0.004724285704497566,-0.029691745231424815,0.0,0.0008856163465651434,0.0,-0.002973412231406569,-0.0015126775379139534,,-0.04031076791107424,-0.02617677033525667,0.006920683265452476,-0.034859573926528165,-0.034972278076397356,0.005746914358002009,-0.0070018781673421016,-0.006060863832592522,-0.015395070750550133,0.0
1996-11-21,-0.017500054483357674,0.011039658563654742,0.0011099273357926265,-0.0015986056355420386,0.0,-0.0005900410191537198,0.0,0.024560888201174524,0.014997778458546662,,-0.01804581962830365,0.04750071132614386,-0.011366844058887438,-0.0030460407511267995,-0.025792994834054284,-0.01853252430400254,0.0032050118519892923,-0.009755747476583032,-0.004368909173547042,-0.03930154757366555
1996-11-22,-0.010019823036731657,-0.0023658331607804284,-0.0069592766112683835,-0.010749993625648546,0.0,0.0,0.0,-0.02465733955985705,-0.021790940149271742,,-0.012991143916856629,0.0017575800674480835,-0.0029407647374349866,-0.04932344788364884,-0.06923489880916,-0.06199870919668127,0.002555818054435388,-0.020689486782831,-0.010161336601148596,0.00909099742633046
1996-11-25,0.04779296649716214,-0.0005471757256972909,-0.0112245342497177,0.01757238799408678,0.0,-0.017119643455002165,0.0,0.01106090894323053,0.01617322582017544,,0.023435252185836974,0.020966676311600763,0.010994760238981494,0.01974279275529711,0.001991251314960918,-0.03891940288547269,0.002932076639938108,-0.004024295167086134,-0.04409756975641699,0.0015764366698094445
1996-11-26,0.016367284937587545,0.04453372357306251,0.0008776393451923603,0.0038625526324971293,0.0,-0.03573569172438529,0.0,-0.0034729563332294155,-0.010810916698210993,,-0.006273394685747169,0.02087981639854153,-0.0005305545709555215,-0.007204018315283944,-0.024840401879851037,0.02251679584886901,0.0031769787778217484,0.04545418874237139,-0.02758079119451029,0.006746209994644703
1996-11-27,-0.04118266061712106,-0.047352874405302336,-0.02669510440950351,-0.008600887680410008,0.0,-0.057614066570126576,-0.06557357267975616,0.0,-0.0053126129101337405,,-0.03030326620597179,-0.044777145033357835,-0.0015921155591709368,-0.01179137153423171,-0.06754004747143594,-0.04728565104582638,0.050044538584143705,-0.010144848216377844,-0.04894590062821047,0.004690408692719306
1996-11-28,-0.0052313600819695605,0.008070405244996914,0.006824786909688241,-0.013242529573857187,0.0,-0.011566320402290775,0.0,-0.038160240962358705,-0.0038151165551679744,,0.0006510038133351603,0.013305422213249152,0.015416928513675154,-0.01652117420186583,-0.009522180573388717,0.0030459222844785305,0.04995185307659478,0.014885542017746944,-0.008973347936092502,-0.010671131425818103
1996-11-29,0.0035979380480288814,0.0009098850041036055,0.018800744484426923,0.01573378776358636,0.0,-0.005683826198192077,0.0,-0.007246177813009846,-0.003829531477543724,,0.001951619290921025,0.01756494310007084,0.016230463725596334,-0.010732839554645102,0.0022063664714855324,0.019650041066188395,0.03757747291931479,0.033421230674384406,-0.00958714500015112,0.00898866585025715
1996-12-02,-0.0024821314347692747,0.011997925217868577,-0.0038292119312928197,-0.008200604407155199,0.0,-0.009415011752594515,0.0,0.021897615301770923,0.007073661850286461,,-0.008441433889993077,-0.002392735022476389,-0.0002578145320599745,-0.008962085532490893,-0.0663626806102443,-0.022950293151526302,0.004319375338472042,-0.01954400315799809,-0.050013442550829845,-0.0017818277738615995
1996-12-03,0.008018030394363107,-0.02425011069345917,-0.0072458663401673284,-0.02388619830972394,0.0,-0.012220262772246637,0.050876813512483965,-0.01750009213008097,-0.022751657096195754,,-0.011460388122909393,0.005910650492824576,0.010564821441962247,-0.004283565264246669,-0.014485345038736885,-0.016675653231069898,0.0002207984209683378,0.004746193957211986,-0.040192619152352727,0.0017850083513184511
1996-12-04,-0.013988140777853264,-0.03313710854104335,-0.031225913337534106,-0.02329408489407714,0.0,-0.042954881301936365,0.0,-0.05488922770749338,-0.021405928112166905,,-0.01921153563499367,-0.035510615156457925,-0.026517151965094743,-0.025812749829334458,0.011621736708136376,-0.010576223573064758,-0.011135766256248236,-0.036372678946515635,-0.049837744145438956,-0.006681510806101909
1996-12-05,0.01724593288685039,0.020753821148663976,0.005437179633795752,0.010840979475827295,0.0,0.009335394298923605,0.0,0.019231074513937685,-0.00047941668621265254,,0.01756162358699198,0.017128857626472982,0.019120033329984354,-0.0029442885817828612,0.042068204747730764,0.06579427133835414,0.014383153128986192,0.024510378163563606,-0.0353817144601315,0.03139002499410992
1996-12-06,0.0016407273995249216,0.016414947569964422,0.014465896755923469,-0.0011916929928242892,0.0,-0.006047677014555886,0.0,0.007547244882167181,-0.0028751214696168814,,0.009956771187918934,0.0010414940482839086,0.007195921889052492,0.013779592040609634,0.010051850755529834,0.030952988300684936,0.017695917057617194,0.022009056324783893,0.02863574905209587,0.004782785297472891
1996-12-09,-0.001638039822706272,0.011011294622662371,0.014772557771705053,-0.0062038374181007105,0.0,0.026127714766062127,0.0,0.0013107426157248359,0.006408298586326078,,-0.0009859348031731052,0.0053762732453150885,0.05307519408628503,0.0038837043386255043,-0.02199035806097227,0.01291501630646863,0.05000542260908003,-0.006319815326436107,-0.0012510634143040322,0.040674918184808284
1996-12-10,-0.017226859361330504,-0.0058087784236108275,-0.014621204598096016,-0.019927881784511214,0.0,0.0020925971818059885,0.0,0.02300361656026295,0.013530173493259579,,-0.01973692741999078,0.001034950862717432,0.06590696600717272,-0.00918761375265742,0.003938891346672246,0.017883901602528285,0.019748991286204998,-0.02473511003755935,-0.018791332693768092,-0.023492754179347597
1996-12-11,0.06983867768811969,0.04235914062634416,0.02126184114944296,0.05585478595686166,0.0,0.045944349718094246,0.0,-0.008226935642936417,0.018376187063475324,,0.06778538751663565,0.011632250557022772,0.03091611965288532,0.0702781860568753,0.06784380789028122,0.022124424917667307,0.009380722458876667,-0.002173549907271366,0.04883522318983169,0.0006386614873556962
1996-12-12,-0.02184673728204134,-0.010859902960044465,-0.016793555576062102,-0.02969835578794311,0.0,-0.004991093859119888,0.0,-0.004423662325956368,-0.013109058999001277,,-0.03079821493117396,-0.003492339316801374,-0.037706647206407484,0.008207808741530487,-0.026178957359337285,-0.012573511695440298,0.00949301091383159,0.007987805034822548,-0.011564311140325967,-0.0414892998231835
1996-12-13,0.00026585683582358577,-0.0104480927889955,0.0032625282776712616,-0.002630066342967363,0.0,0.012374766670218973,0.0,0.009072266478479696,0.00015620932048943104,,-0.0012971839138047336,0.0017094624959286264,0.01008260534644334,-0.005427326040237546,-0.01100459970410439,-0.0017730805073757905,0.008414392683597116,-0.0009602970770881125,0.003694530760738113,-0.021975526029395898
1996-12-16,0.03561945472652983,0.016821787132950794,0.0017211322358956505,0.047230391463061405,0.0,0.011562601984673071,0.04340596127704344,0.005504728262433645,0.019687594180607837,,0.03571440270294768,0.02559735513787409,0.018829261122019325,0.040927822397094804,0.06962337292525778,0.0311641122564974,0.04014957980972844,-0.004807802781268911,0.024232997037274107,0.034952504762959524
1996-12-17,-0.013346982082468206,-0.00439977772883926,0.01814165024697023,-0.010531015847026093,0.0,0.005225562374653991,0.0,-0.004197130233257851,0.013790732595552857,,-0.012852622164746474,0.028369360721211212,-0.0024493292335292516,0.010484605971378347,0.03269438095736232,0.01190092764031192,-0.04652722591702585,-0.007971298309106478,-0.018568371203557588,-0.007675478137445624
1996-12-18,0.014828327406050335,0.006363562815846935,0.0027509780327366062,0.016890303554516928,0.0,0.010071114590239016,0.0,0.0456293602553397,-0.0012091697385674394,,0.018735968819110216,0.027424986312189814,0.01294633990799654,-0.0017291707738976703,-0.01554186233013366,0.017641752842751712,0.0068295976798466995,0.034819085844308484,0.021055811966702365,0.007734846784839267
1996-12-19,0.0005125271025936406,0.0017565108609529645,0.002431819603841312,-0.0029577967036692465,0.0,0.013187252498886748,0.0,0.00858733228421471,0.00484272796233598,,-0.00592258335803697,-0.01566911041218666,-0.0011017488702851352,-0.0012992041210133642,-0.010817121131560747,0.0018248494357913092,-0.0008848528806433276,0.011765021672749398,-0.012851052461680612,-0.004386051902380506
1996-12-20,0.045349946387769124,0.03805029917026359,0.015424615156045318,0.02943862236669159,0.0,0.004761835815454862,0.0,0.002606333347655365,0.0034634723101361065,,0.030103140764769387,0.043116357577095865,-0.0052946849107033955,0.04509960751506226,0.014925477839617729,0.023982960671076414,-0.032372212596797456,0.03953472500864064,-0.00908262890756617,0.0059470875189941985
1996-12-23,-0.01495099089581764,0.024324331619513195,-0.009922842441479451,-0.0028818064657326614,0.0,0.012954614051960522,0.0,0.02253021827703572,0.0,,-0.01248070933017198,0.0032211117006257783,-0.024617319307853047,0.014107822211425702,-0.011939480298363891,-0.006522274392376293,-0.00966019016269315,0.014317330261885086,-0.007332825273086874,-0.0015325989172610965
1996-12-24,-0.0019906242860816548,0.023087184981262165,-0.002660742169379282,-0.0015563126093295354,0.0,0.007485891493573371,0.0,0.0,-0.010805286389616087,,-0.0021578200039693574,0.02262619923345288,-0.06343774744030173,-0.002045908427654619,-0.007368229001283089,-0.01432425647040303,0.023616246890975523,0.01940916767729428,0.005232518626300697,0.0
1996-12-25,0.0,0.0,0.0,0.0,0.0,0.0,0.0,0.0,0.0,,0.0,0.0,0.0,0.0,0.0,0.0,0.0,0.0,0.0,0.0
1996-12-26,0.04587375365705282,0.06963237572584013,0.004280311243394452,0.05076818196120114,0.0,0.005263163455838882,0.0,-0.013559080581846628,0.007434095851476474,,0.03614456162352808,-0.0013454952546637644,0.053653243872006984,0.04715040316400643,0.0351840740500422,0.01589469230321816,0.0074230229781984125,0.028991921306936952,-0.04745859746492054,0.021929538284893413
1996-12-27,0.0,0.0,0.0,0.0,0.0,0.0,0.0,0.0,0.0,,0.0,0.0,0.0,0.0,0.0,0.0,0.0,0.0,0.0,0.0
1996-12-30,0.0,0.0,0.0,0.0,0.0,0.0,0.0,0.0,0.0,,0.0,0.0,0.0,0.0,0.0,0.0,0.0,0.0,0.0,0.0
1996-12-31,-0.014779388494246981,0.003917975174426047,-0.021988951221628805,-0.009535977893049719,0.0,-0.036649539838317535,-0.05600021669563304,-0.012027306525855264,0.005873359425595304,,-0.0017890279488546046,-0.014520886479231998,-0.023963038653491475,-0.030148514733871923,-0.03241072844810078,-0.0432125694923281,-0.02160696793149297,-0.010933987726083116,0.011250288435130207,-0.021458953345939835
1997-01-01,0.06169836832070552,0.034073764649596994,0.029809603809173524,0.06033385765153776,0.0,0.05498726529468945,-0.033897998481722924,0.0,0.009283079390537186,,0.07019134205067412,0.025520175417143687,0.023135147533176914,0.06984233971748965,0.06832667846997764,0.03659836038644593,0.012823083008058678,0.011905003822964666,0.048951096752198,0.0350874235319063
1997-01-02,-0.02370084063048905,-0.015096586680236612,-0.00668477172628823,-0.02723968781165298,0.0,0.008788415943402628,-0.0175441258444764,-0.005043487419374104,-0.014983055002507406,,0.005023640415390496,0.005480819454140251,-0.007844671036758899,-0.029056617284111685,-0.010127372642497856,-0.010366015761861691,-0.03125016465434183,-0.020377911164108586,0.03090896961658851,-0.004237286290310283
1997-01-03,0.011671255261475943,-0.0032421336184902394,-0.00018509061498950263,0.012238174224453946,0.0,0.008710920571308733,0.0,-0.00017485373707892826,0.013553965637269183,,0.009441793850552882,0.001915078836331352,0.04906944635558497,0.00932763572383144,0.0050453641505896485,0.02778170896745369,-0.012342871149334078,-0.0006437610560752205,0.002351678011898617,0.0
1997-01-06,-0.0064607559878238074,-0.0371137674378873,-0.005804594535926966,-0.010450780602458631,0.0,0.007147228698013652,0.0,0.02272702375297686,-0.0008911593909555204,,-0.002750872420273276,0.0013969250448995219,0.017956345403576046,-0.006160933055989748,-0.01408445345613818,0.023928996830957505,-0.010817340676202214,0.008583973217956231,-0.005571960757543293,-0.010638380687769455
1997-01-07,0.006967279255778447,-0.01489579187241663,0.01149076341451627,0.018016053748324046,0.0,0.000887201148710437,-0.03571407056108156,-0.009572426649473664,-0.004313109616214228,,0.03531025414431377,0.012260581514615287,-0.010888330009893754,-0.005811506463641036,-0.02701561491845239,0.019330617177859777,0.005945381763246438,-0.04808537246879829,-0.029195004888988962,0.00580675898931049
1997-01-08,0.016374571619772516,0.007638437538960874,0.028185271484285845,0.02359652712735416,0.0,0.020679374419066532,0.0,0.054021414907023724,0.010605002901999505,,0.00026653762939821135,0.0299533048037941,0.013430180304114137,0.0210444642089902,0.016572242780346524,-0.005660797549985053,0.02385247091642384,0.0062583325515326305,0.05012195737084979,0.01967089192840521
1997-01-09,-0.002269230957314905,0.010674282971659732,0.03678952944691116,0.004769167309939926,0.0,0.06859631856003934,0.0,-0.004421361440906324,0.007833424577566861,,-0.003196603879622395,0.014013276933864338,0.0026067608787985197,-0.003816805679072277,-0.0031461346785972566,-0.002846762510006373,0.04051111471261959,0.00022255241493840394,0.015330811225125807,-0.007339274289385966
1997-01-10,0.012508509087626907,0.05877866856321812,0.03248841868580943,0.00850499977175656,0.0,0.06988077637669199,0.0,0.013157843579235662,0.05396716485632558,,0.004543160977946048,0.03638883496535983,0.019501640173409163,0.02605338245212896,0.025821410294122993,0.021410095564461162,0.050029818254104796,0.014878778290496442,0.050142423474147435,0.025559634515749385
1997-01-13,-0.0015725156020820474,0.039179146472502646,-0.015789174025521824,-0.008825252294346386,0.0,-0.0217721643866432,0.0009258661863809081,0.010227567737398191,0.005982844226437356,,0.001861989693696664,0.025261389855218752,-0.026992381281708444,-0.0014934921997440398,-0.012725705698121037,-0.0022352939772699587,0.016322396078765955,0.002187760386180626,0.026044561501747054,0.031308000064014685
1997-01-14,0.03982030981709528,0.06552598818014332,-0.0048748204251787275,0.03047107556631401,0.0,-0.06961675475268658,0.054579206811231185,0.01237377982440413,-0.02697121439946093,,0.009824972217812311,0.018495723407786935,-0.026430926364370277,0.03440513739817108,-0.018413633531710105,0.02170835263152271,0.009933091401186367,-0.012008476329012918,0.00026425533865537254,0.0065907283480632906
1997-01-15,0.07009946618993235,0.07011322905063566,0.023355019811549527,0.07008423966816868,0.0,0.06981851108720138,0.0,0.054602925552792225,0.05174129109006809,,0.07020728239573493,0.045045733134673194,0.06641248814405398,0.07013759649264162,0.06984129308787712,0.0012337433027649336,0.0290466824809974,0.06961318839213959,0.04996060072553732,0.016666576942571565
1997-01-16,-0.024868579009045155,-0.04587611204144715,-0.023211544080934732,-0.001255827104251317,0.0,-0.052002029994450694,0.0614033105413474,0.05749527472768268,-0.027436037393291257,,-0.04004921433253128,-0.031990527731672325,-0.04313086846002412,-0.04222967978291248,-0.0462636016111847,-0.04025193216068479,-0.04251891249983797,-0.024793229235836156,-0.022910445370306176,-0.020686874781121967
1997-01-17,0.010367258796007972,0.01061383616190481,0.0047866799376274916,0.012755722332127517,0.0,-0.02962105765312273,0.057851367867594705,0.004269697484323043,-0.029182898915618427,,-0.0058864345739443324,-0.010466268425951109,-0.012972508695979545,-0.018695152318836006,-0.022627625529249795,-0.01269608372085429,-0.006063941954439267,-0.013983379662067641,-0.024993527863774623,0.0015944237278957551
1997-01-20,-0.035707270442115635,0.0027836396726408363,-0.014575809988116584,-0.0335282699285262,0.0,0.005087351294090103,-0.062499802328034204,-0.006377476544714655,0.007729729610969516,,-0.03475788584928419,-0.03198717423938657,-0.03853877476010903,-0.04744776533028494,-0.03125471509142708,-0.012859274496096362,-0.00741513093248003,0.0055870686324470675,-0.036733519721963814,0.00019876076344749194
1997-01-21,-0.019578509779216935,-0.01703454452844544,0.004201444144229516,-0.014867896635748723,0.0,-0.0483692514513725,0.04666620254097564,0.002710409129204283,-0.008806602044584388,,-0.025873654976204308,0.004635419411822106,0.04471722153761992,-0.01660373174416585,0.00044801808437999746,0.024004289869997475,-0.03810880558608498,-0.03867507338620324,-0.03621416357415008,-0.0011936360455188089
1997-01-22,0.06837384447224903,0.03915293333524095,0.009915406472204902,0.04136360434373665,0.0,0.03605248879299139,0.006050996287084054,0.018634318773956382,0.03811968313912706,,0.04956176611427843,0.020367874512971174,0.015524839529741596,0.034152182203486925,-0.003135048041599031,-0.0065751583590534235,0.018580707664076934,0.017114379331275353,0.02818124367107333,0.002589329408305696
1997-01-23,0.0,0.0,0.0,0.0,0.0,0.0,0.0,0.0,0.0,,0.0,0.0,0.0,0.0,0.0,0.0,0.0,0.0,0.0,0.0
1997-01-24,0.052824324989698024,-0.034712819096641256,0.003802201765275237,-0.014313697199827224,0.0,-0.019110480760628157,0.00015815125551132958,0.033375090883978054,0.024295823172957753,,-0.0005215592613667663,0.009044170318085243,-0.009609271736312541,-0.0011128484704422403,0.0031449074776277453,-0.01021571840442359,-0.006563120809535583,0.005244911094321125,-0.02242529377562652,-0.0027810870077218386
1997-01-27,0.03550753528864736,0.01766044950916057,0.009441171476231913,0.055908702376194164,0.0,0.0017446319952407752,0.0022950146550706485,0.018918727608453034,0.024932746047074072,,0.06917231585763783,0.002688839290298395,0.01830228888017804,0.017087194978973264,0.05643493803834132,0.04230259840043504,0.011269537911501981,0.01195677540772011,0.01699199502131221,0.0011953003306730547
1997-01-28,0.025903729767897232,0.0036466390574447782,-0.006944355936576052,0.06670119353041293,0.0,-0.017416025614700237,-0.00844740487130069,0.0013263107669740926,0.020512936518301217,,0.022949255633245347,0.01940971980532291,-0.0038980018571153074,0.06610648332172553,-0.00240255987217608,0.019107587771508117,0.000864873814566236,-0.020408014948148256,0.002506525455031605,0.0007955338211069751
1997-01-29,-0.003632948145101622,0.03295349781110546,0.0024247183039647346,-0.03626114265523761,0.0,0.019792959698514467,0.010270929373723092,-0.02198644334987121,-0.009277326850974377,,-0.028400821860805392,-0.0298130532991272,0.003913255735238597,-0.003082980897272658,-0.017282797231035874,0.016559201604840812,0.023804792147849696,0.052631301985465395,0.0,0.0027834627479643714
1997-01-30,-0.0010936211462679868,-0.02244039911979101,0.006076119325004958,-0.02959882888882326,0.0,0.0026074516620200328,-0.003073629732224359,-0.011376440678913524,-0.014046011304246986,,-0.03340746771574621,-0.03421585518617509,-0.013209396288383135,-0.029896923957542287,-0.03531775144954841,-0.03029071761789781,0.025876401606328203,0.033750009527094615,-0.016111148437082834,0.00019805149925788967
1997-01-31,-0.022449567252816105,-0.03685332774760086,-0.006598571823107857,-0.05738415118516549,0.0,0.008379051921973524,-0.027668142113423055,-0.027397182821754962,-0.013322882888628484,,-0.06480310650758336,-0.011296930143472772,-0.01075257634036697,-0.05348925820940631,-0.04079516970631103,0.007635632327937625,-0.014622268642883296,0.009874693392823541,-0.033879080058006994,-0.004955114771341473
1997-02-03,-0.055078369187221976,-0.03272342911208159,-0.0009006282914725272,-0.06252294104119405,0.0,0.00028652276224661044,0.0,-0.014506985817817952,-0.017780696506727756,,-0.03260823651069711,-0.012913086017121933,-0.009982465633528781,-0.03405702202734362,-0.0411280112868454,-0.022320246265455368,-0.01780758894310963,-0.008181628205323421,-0.026592591186495818,0.003983979568848328
1997-02-04,0.04248184213909245,0.02064486385448361,0.0011833641883527424,0.028276247807327293,0.0,0.010598483295210848,0.0406506878757964,-0.012862182929896382,-0.00503606064895068,,0.03202239418988784,-0.008013714148646378,-0.014340005966775204,0.008911461012268918,-0.0006497362313808708,0.0032417447309527336,-0.01907437134805512,0.03400406056673022,0.0009005016253289533,0.005952214904542563
1997-02-05,-0.0028432050013156296,-0.0014355171144566636,0.0005627043472291593,0.0009482922283627904,0.0,-0.013888837589456693,-0.02343752171396596,0.02215121383062879,0.03214791294464847,,-0.0010888718134658415,-0.010840242665826949,0.009320515537727836,0.02188924359221489,0.017232974762861453,-0.011799613156352806,0.012129342637650309,0.0001943536996975581,0.014697021755310624,0.008875777308585464
1997-02-06,0.016156738292760542,-0.0006536794636058385,-0.009449531649503351,0.008147206104443194,0.0,0.006611217800712721,-0.003199793668071216,-0.0031160320406539155,0.0034457414807280706,,0.01607668653907779,-0.013611697208995577,-0.017117244762222983,0.0112742015359657,0.01502316145941518,0.008670653737091305,-0.010747549822302527,-0.01284031118101081,0.0008867912534544775,-0.000977396195958935
1997-02-07,0.02375598934990042,0.04184656217671057,0.012208533051420556,0.01766581552863844,0.0,-0.0005712591275877088,0.0,-0.0018472070589667933,-0.005415679800729878,,0.007776931366318518,0.00651056912456327,0.019019109130877787,0.02006671846861563,0.006928161415043377,-0.004368452576698267,0.010960354859995025,-0.010642416750874961,0.004134867173153811,0.0019569462178081753
1997-02-10,-0.003654337395210705,0.008032967473779351,-0.001739249716137925,0.00018463851617434024,0.0,0.007428574619806394,0.008025261492223379,-0.00782915876121748,-0.0013277233701565194,,0.03645552175376432,0.01019475572547246,-0.0033731325562328385,0.0021858931553537797,-0.003127442180972162,-0.006935861498607032,0.006086422208534392,0.00816703499376481,-0.003529493693154917,-0.003906007239526277
1997-02-11,0.008252155261767813,0.012202858064392919,0.01416151535068999,0.0352658240030983,0.0,0.0065230054466902665,-0.02866233639640281,0.025824868976941806,0.0015956754244979,,0.005391117181081206,0.013084676305886722,0.02143522693029043,0.013085883794598185,0.04031353535879201,0.03135738364194918,0.0018906347984362082,0.029638279793345434,-0.0008856132989880638,-0.0015687069207132032
1997-02-12,-0.0038195854021059183,0.03579757342790857,0.012467383598331994,-0.0007133758932039713,0.0,-0.00140844799538975,0.029508107705890296,0.053147198697024,-0.001061947353495074,,0.002298130416897415,0.01607579235229828,0.003755031586923252,0.008253038283069225,0.004523562635504241,0.008844610192239921,0.011227661371813413,0.014584690261131072,0.009453430719694067,0.0015711716285204957
1997-02-13,-0.0036514466508521526,0.00047532319349441465,-0.003009909028961255,-0.004283647232453669,0.0,-0.010440156946843082,-0.0015922543496907915,0.014740536245456681,0.009569386530950075,,-0.008916967753046512,0.007640384720600357,-0.009682882541085625,-0.025978999008075987,0.0025516996847518847,0.04095892623995745,0.04030583215141714,-0.014563799191921856,0.0040974196176688515,0.007842728526323839
1997-02-14,0.004214668360323248,0.002136576291162706,-0.001263307421384141,0.022943166040516605,0.0,-0.0019964672782666337,0.0015947936668436746,0.009161356891622674,0.004344434214080151,,0.01028285215985325,0.00832036184858942,0.005333512378735028,-0.012056646919575309,0.02515385484520727,0.00026319708312594337,-0.005201871849303985,0.00921317164464508,0.048090775770314176,0.003891289280202992
1997-02-17,0.004197053685082608,0.000711126676646634,0.0002750908961384191,0.024882034607143444,0.0,-0.007428751910641185,-0.02866233639640281,-0.0027237192767735063,0.020054996618771748,,0.007633429558999483,-0.0017967693302574084,-0.008399708565003494,0.025517731587343828,0.01285184338964096,0.0002630617493348808,0.010097522637424916,-0.011031158087554505,0.02669633652394854,0.027131608473652147
1997-02-18,-0.02507722007436708,-0.030540130414437927,-0.014780768349559104,-0.029065185975293173,0.0,0.005757207047255797,0.003360429407754273,-0.010012587704801512,0.005782713904572745,,-0.02196965078988833,-0.012799971443063551,-0.000445956442857276,-0.02307960650062635,-0.017158915413030384,-0.018676898339269,0.024009362810627932,0.0032697941390624763,-0.023293221163373068,-0.018868149908607967
1997-02-19,0.017148301601528804,0.02283269269386845,0.004182939390341867,0.020602449689879565,0.0,0.050658523330693095,0.0,0.0017073941769982781,-0.016225986728493513,,0.003614945234081457,0.003106498286234105,0.014272761729229977,0.011074093242268601,0.013350600751816488,-0.002948785129877729,0.0050551939672836,-0.0297109853961266,0.03882372086843788,0.0003850896695249961
1997-02-20,-0.009895625819236309,-0.005968711999179033,-0.014329350624882276,-0.005866128994159059,0.0,-0.020702660755267055,-0.03602635284100597,-0.002753881610152331,0.0010391095899739966,,-0.012606062726820633,0.0010098038165031742,-0.010333978535330357,-0.008397532243114902,-0.007094105243948268,-0.009813184159196409,-0.019772782806568467,-0.011062577536892104,-0.010143769788423573,-0.006151397283661653
1997-02-21,-0.014251470426539403,-0.012249123540772233,-0.027272190761498227,-0.011454339593686025,0.0,0.002225147122675075,0.050847621501147966,-0.007100429394609309,-0.008951907331073983,,-0.015893742881716744,-0.013921770245169385,0.008220273653194443,-0.02025036711668915,0.002041562128008101,-0.011267913533906326,-0.004334990726695076,-0.010187561970982584,-0.02508125927178395,-0.00967141151176909
1997-02-24,-0.03755161529091422,-0.04000018331889699,-0.01633552739150257,-0.03757021329847732,0.0,0.004995659130954788,-0.02983866763106169,-0.04913258979580659,-0.01727958255743345,,-0.03441892629879384,0.002591620304307485,0.00903502611666207,-0.05110845603464942,-0.02139117940196167,-0.03748452004003533,-0.03954153414983508,-0.03128189983066143,-0.03734427492245174,-0.019531160297809436
1997-02-25,0.020288983639067837,-0.017097209471561126,0.026029205435557756,-0.0018243920936517055,0.0,-0.019331934754623803,-0.04405643931417458,-0.013649148599198746,0.00079900612804229,,-0.007677609460468915,-0.005169760302685789,0.011574306553194136,-0.00792103534249089,0.007434576248302571,-0.003138428618983946,0.0,-0.012499794091824445,-0.01609200967443236,0.008565773087677142
1997-02-26,0.008986536949334045,-0.002834676197874253,-0.009355508933861167,0.0010967507210482008,0.0,0.012672827870016334,0.0,0.018074173539532,0.009583653395657032,,0.00801331460197341,0.005060147908844126,-0.00021591007013843644,0.04550925313904575,-0.0042802131794870135,0.0018600771199948074,0.0006476334656548843,-0.00042258951768858743,0.019567873193007568,-0.012443329702482742
1997-02-27,0.02217158284160803,0.019769959496302336,0.04293131642863468,0.028112484330872434,0.0,0.0038932491849448247,0.0,0.012482305822009154,0.004218612382252074,,0.04194070953325513,0.006803641484966372,0.013388275830032104,0.07025559251003721,0.03616960525953927,0.024568212499505915,0.009800246717124539,0.004643724823416351,0.01861918299769294,0.010800076892048427
1997-02-28,0.08917323397061083,0.08020758432464237,0.04883080588402544,0.10014207531207009,0.0,0.08116313233625916,0.0,0.04178098907377614,0.014310096477579304,,0.06813994325243278,0.09906764893295117,0.08374151234604432,0.0631468259213499,0.0409156683952594,0.037919801237893846,0.009338898008114604,0.021008057861433338,0.027277743754883454,0.04313388258303208
1997-03-03,0.0389787690550758,0.018534021157048386,0.07521193221313482,0.04406045471486375,0.0,0.1452729182280308,0.0,0.050230238991675114,0.04879622739279044,,0.020935851098784264,0.0845422815957384,0.1403853020990502,-0.028859114195077806,0.07105549675177647,-0.008596255494853766,0.08209357166311593,0.0699590159489265,0.10265561572152482,0.08308055492826649
1997-03-04,0.008846528560746192,0.04376362121735622,0.012709566396824412,0.011284765707064937,0.0,0.00022363634924982279,0.0,-0.01540006783756942,0.01863512573453474,,0.0074790884280075964,0.02318717199364273,-0.0048274727048198685,-0.005528850216446002,-0.001796476449893114,-0.0224898918451073,0.01215510486125071,0.011539030363779013,0.0499004891881063,-0.00875627565727144
1997-03-05,-0.012828653353252006,0.003861920256482465,0.014543923458766317,0.001223028689430583,0.0,0.07000688385029297,0.0,-0.007629519372056914,-0.0013327519153708556,,0.007902376824562296,0.049867257098397566,0.06600851835802701,0.01285650013755224,0.03290921577989736,0.03880808227490817,0.010021592306476812,0.0019009217279137847,0.04989369619149486,-0.000883500533121806
1997-03-06,-0.010692682193324643,-0.01044170702170999,-0.01150657891036333,-0.012061265047816794,0.0,0.03198151261234483,0.0,-0.010763985550832467,-0.0057017604770265295,,-0.013542509418774329,0.04412065523622144,0.03835501376817496,-0.018181948924623548,0.015556914814039313,0.005870480451791282,0.0011481276761546866,-0.013283071676828517,0.049999840217815006,-0.030946446138049755
1997-03-07,0.0,0.0,0.0,0.0,0.0,0.5000001256872579,0.0,0.0,0.0,,9.496077855916766,0.0,0.5000000579540751,0.0,0.0,1.0,0.0,0.0,0.0,0.0
1997-03-10,-0.04822053471077825,-0.043985354477459104,-0.04030713870355995,-0.0506875678760369,0.0,-0.3263117035356242,0.0,-0.04145061502177738,-0.03916536344601451,,-0.9090173118041994,-0.04003248706012774,-0.3658892527030939,-0.06079674792987244,-0.033701050457957904,-0.5178405716391374,-0.025227336435017622,-0.04230753373490559,-0.04997854353190201,-0.014598161769642792
1997-03-11,-0.0532845186189036,-0.024398766180363185,0.010209424065068973,-0.03141807341250369,0.0,0.013429758040849338,0.0,-0.020405311339858234,-0.03365098623449958,,-0.04665810004848758,-0.02306224138898827,0.04772132213107971,0.006696532552463497,-0.03614441072769359,-0.04759305083714127,0.0057980041588774345,0.00622459589417268,-0.04628583831006294,-0.014814729662529946
1997-03-12,0.028787133196496617,0.03644151243528615,0.009455883117282626,0.03310912267791255,0.0,-0.0069222240979308625,0.06999958930069639,0.02083036134849614,0.013929375341666717,,0.02169304700298591,0.012719755190632842,-0.018533425403215675,0.04028095772146201,0.018025800560548255,0.03162901849646893,0.01854631947322294,0.005787453355667882,0.05018936163311505,0.016917126918982284
1997-03-13,-0.013093941466455261,-0.023210559082707083,-0.003915496339983893,-0.01545433164490595,0.0,-0.005178190942763172,0.0,-0.0017570468470106126,0.013089367579445454,,-0.01553625086499566,-0.015433676932187557,-0.007361227805514514,-0.025577460748188785,0.01124491182973264,0.004200060443855902,-0.0009021838713235697,-0.0077381290137221725,0.016005623008355396,0.005545359545623407
1997-03-14,0.02017435744851115,0.015763024364560563,-0.002338953441759606,0.01635835759341897,0.0,-0.009009371619839612,0.0,0.03167743142760249,-0.009082749402952284,,-0.0015778290157782981,0.014756478632104164,-0.006609678854847645,0.00036512861516380113,-0.0029396058501155453,0.007946605021023068,0.008455728283103925,0.05698914945246192,0.002662340862859436,-0.007352936731191195
1997-03-17,0.013896490394719185,-0.0068330339893215575,-0.010073931042339002,0.03511605872058721,0.0,0.019797971871354347,0.0402279100367291,0.005117595089723981,0.003356659430342024,,-0.004478433529690795,0.011985643693883219,-0.0025966869917782853,0.006559261855714871,-0.004358127478271467,-0.001936409840302078,-0.00040708990974092085,0.040105147519233775,-0.008851330594072615,-0.011111256603094422
1997-03-18,0.013178793008702616,-0.015974513550879643,-0.02196551253171153,-0.00706788334278774,0.0,-0.009310658939611138,0.0,0.005221739246719537,-0.0012871215922587442,,-0.015612579649687208,0.005631814620424613,0.0105756688707066,0.05539483262672862,-0.024462771039976183,0.005127374866758849,-0.0012215535772914787,-0.01709680200537833,-0.01674488867594115,-0.007116024596991566
1997-03-19,-0.020638651527236207,-0.024292160008513974,0.011692554660683419,-0.01834855914562994,0.0,0.0037992305874077203,-0.014062455523807693,-0.020000044831568253,0.004380716378008076,,-0.016398102799132674,-0.008793190970630582,-0.001770326804617306,-0.018524902212266325,-0.012801821230933985,-0.008134292027891066,0.009458861832463583,-0.018134862310457134,-0.028610391807048385,0.0
1997-03-20,0.006729778441522782,0.002671938889349912,0.020570567674577545,-0.0022557738490326384,0.0,-0.0025894267556627604,0.0,-0.0009274605699973737,0.005900629397734614,,0.006559198533504285,-0.0010037601842303179,0.0008059908001429861,-0.0024472057361710764,0.0181817823705428,0.0022236252485250407,-0.001131181951012139,0.027327685194081797,-0.01659665583536285,-0.03432672808708792
1997-03-21,0.015127541039654524,0.027010767860428997,0.0004989078677595238,0.020671919015459395,0.0,-0.0017974818894777034,0.0697305571006217,-0.006499544897476506,0.004973350932197418,,0.0019006160337604605,0.002008963745710579,0.018050013295060063,0.006307488434424302,0.006958927432893169,-0.0067958884436040146,0.0004041077931742354,-0.00917222639542159,-0.0030899628378164845,-0.003906007239526277
1997-03-24,0.0,0.0,0.0,0.0,0.0,0.0,0.0,0.0,0.0,,0.0,0.0,0.0,0.0,0.0,0.0,0.0,0.0,0.0,0.0
1997-03-25,0.0,-0.008845557433158957,-0.001446287544800029,-0.0030065755922822346,0.0,-0.013005052292104802,-0.001185145067135851,-0.00320405402656887,-0.008755561387402966,,-0.005961917409509687,0.01055093144747854,0.009656525320229203,-0.01671315523074457,0.022297545941555308,-0.007820203289514382,0.0012937105027279738,0.04017744705292303,-0.024320470350324808,-0.023333517925021807
1997-03-26,0.010916831495647594,-0.016896445440627517,0.0036957747751371617,-0.014442112145694908,0.0,-0.06973473083388637,-0.05814337928573654,0.017947968471417886,-0.001919978178084536,,-0.001635673992732567,0.005011346242393744,0.02900599779371471,-0.0053118915648271425,-0.004081715319878998,-0.014778301442964659,0.0011300490534560392,-0.008543937207593166,0.01808429912559406,-0.008030511652536543
1997-03-27,-0.00034333687055343454,0.0060515917687877785,-0.007910891012518406,-0.0016102147606997796,0.0,0.0030507337365190956,0.0,0.00013172218862234075,-0.009875498183613773,,0.003276911690831996,0.01703691588600642,0.00030476775929466626,-0.013171585790276774,-0.008837099534967807,-0.017285729907304148,-0.0030642567184820946,-0.023339391948219435,0.005520518749318137,0.0018215342405254464
1997-03-28,0.0,0.0,0.0,0.0,0.0,0.0,0.0,0.0,0.0,,0.0,0.0,0.0,0.0,0.0,0.0,0.0,0.0,0.0,0.0
1997-03-31,-0.09876528490606828,-0.09997594475970395,-0.06323986889715594,-0.09967747817102568,-0.2144194012828119,-0.09928308799863794,0.0,-0.03052264607463795,-0.05401556904383009,,-0.09880235288254557,-0.07436134592852972,-0.09931471270713188,-0.09956735828934327,-0.09923753144636349,-0.08707660255308014,-0.05006872135858975,-0.044117790619249586,-0.0983526512287215,-0.050505187244588856
1997-04-01,-0.006468688819815105,-0.023392548245022127,0.019755058701887318,-0.06108927558042354,0.04231223317461863,0.020743127979676368,-0.015747697594594712,0.004071060661207326,0.049842254552734166,,-0.019933863393746143,0.006510368495254104,0.04938273846868091,-0.0016025399012471464,0.022808668468148774,0.036942682393017234,0.03780667201866472,0.061539049276129854,-0.0031769052069102743,0.012766126799708344
1997-04-02,0.0168517522969327,0.024774116959835668,0.0499784956066629,0.04350343026838499,0.054888647359339515,0.04442311373446417,0.0,0.02581461793817752,-0.001956205911442077,,0.028659661851825557,0.030917971930182198,0.054472152696987575,0.05377206890870312,0.026087037709932925,0.03270910937114957,0.02806034152977155,-0.03260885986896567,0.04621476286703641,0.029621787648655307
1997-04-03,0.00903921965025778,0.014425022825892642,0.01075065007793019,0.007862096541469965,0.018969974445554705,0.0020363382132448926,0.0,0.018445232127584976,0.006403477591965467,0.08673494112754754,-0.004493560174480993,0.001807965513606069,0.06999859769880001,0.02361004632706276,0.004237350710451615,-0.006245535595587048,0.005826112738988698,-0.007303326545497257,0.01878662460317826,-0.0002044173438847663
1997-04-04,-0.004292468255383097,-0.013034899743201267,0.004006513232240438,-0.015964766719890888,-0.02340435769102489,-0.006096179590155515,0.0,-0.01099614915860292,-0.006232934792565037,0.06619721003375423,-0.01384323274895094,0.0006901576301592272,0.01885455684757309,-0.014509017054555873,-0.007349780901353631,-0.012270077435694304,0.012695204827334328,-0.003961669478655949,0.0012459935016526646,-0.002040312596797156
1997-04-07,-0.010121613629018977,-0.03508529126474158,0.02586720502298756,-0.021386580620300855,-0.007080555895944918,0.0,0.03983980618302918,-0.01608928494477313,-0.01097611155828071,-0.024218806826823203,-0.018614194529176897,-0.0092292734099646,0.04009541747376866,-0.02869005705151939,-0.0024682911748602487,-0.035297693869289826,-0.006111358608771322,-0.016666733719527982,0.011199655347683635,-0.023517744908693516
1997-04-08,0.0,0.0,0.0,0.0,0.0,0.0,0.0,0.0,0.0,0.0,0.0,0.0,0.0,0.0,0.0,0.0,0.0,0.0,0.0,0.0
1997-04-09,0.038628853934439045,0.06981901170700855,0.02343840213399262,0.06970629127707362,0.013165401236287178,0.017037885006258024,0.0,0.026987862041663924,0.014532824200058858,0.09972929627280691,0.05068368539793733,0.008083728495083209,0.010243946017355121,0.07034630650251117,0.05594511230124932,0.018058652999396907,0.010721265828087079,0.01271201112304765,0.050208896808337844,0.02743476194235628
1997-04-10,-0.029717553360735116,-0.016154115221696186,-0.01708249311602761,-0.03134953931113571,-0.027071011335285666,-0.027920810440445698,0.0,-0.004013039512653194,0.0014324646628873783,-0.0012310439679577012,-0.028410456270547613,-0.011523978935874202,-0.009739914888134416,-0.01851886718129292,-0.03215303533307923,-0.008174522238021065,0.004367662055088095,-0.01863856180021417,-0.01710788189568846,-0.011210882388258403
1997-04-11,0.006388775046476836,0.03349530844806581,0.0006683570846188758,0.006909431974124303,0.00612123198476211,0.014705936869697123,0.0,-0.009357888846699192,-0.004811269546276309,-0.020542020029314045,0.00791969422543315,0.00838101559210358,-0.003907425875197212,-0.0007397033853367985,0.014122370293087494,-0.013997131209103286,0.0053584826523247475,0.003875753286221695,-0.0061991863257391255,-0.0063902206615524815
1997-04-14,0.0,0.0,0.0,0.0,0.0,0.5000001405158674,0.0,0.0,0.0,0.0,9.496076969984417,0.0,0.5000003505857236,0.0,0.0,1.0,0.0,0.0,0.0,0.0
1997-04-15,-0.00840183402741268,0.04753393689193075,0.0017654719041186873,0.02546012158622757,-0.0033186564798052265,-0.33725875301359665,-0.03831340745577938,-0.0028862749576880065,0.015941421741002326,-0.024748158228529382,-0.9050718173031157,-0.021311785506245906,-0.332070980170008,-0.023694701827747244,0.0021219861999253187,-0.49574121074865085,0.004016579910457896,-0.01544384274307986,-0.004318744790661078,-0.003112159272548487
1997-04-16,0.0,0.0,0.0,0.0,0.0,0.0,0.0,0.0,0.0,0.0,0.0,0.0,0.0,0.0,0.0,0.0,0.0,0.0,0.0,0.0
1997-04-17,0.0532856124137886,0.009221512055952008,0.0031434226469551074,0.045606723896430834,-0.006104248371127219,0.0025061730262252446,0.03983980618302918,-0.005263259235487983,0.0018007155977324274,0.04860214477315705,0.02729731304187588,0.021721640028695033,0.003915638950994671,-0.022374364494987864,0.013234294574879568,0.005630297133579765,-0.020618176155636103,0.0027453850334440144,0.03903633365058368,0.0
1997-04-18,0.0,0.0,0.0,0.0,0.0,0.0,0.0,0.0,0.0,0.0,0.0,0.0,0.0,0.0,0.0,0.0,0.0,0.0,0.0,0.0
1997-04-21,0.06971741982539603,0.019114944825175728,0.012059965896713098,0.047827830682078076,0.005583422621805445,0.022268150486259186,0.007847875922185166,0.0,0.026704285745603462,0.002870768820917524,0.04842037930137422,0.016037650255583458,0.006320256889402742,0.029092559382351668,0.017633458463077956,0.059875288911989566,-0.014689764253497328,0.005083821791550536,0.015769743645007273,0.0
1997-04-22,0.012199458437574195,-0.021352052404169708,0.005066404808038438,-0.014143306035763192,-0.004997204666179589,0.06801461575037782,0.0,-0.005158589297356575,-0.0017504070528097104,-0.033128741095554415,-0.010982500628483938,-0.0008913254003644067,-0.011492526146907212,0.015454347803637525,0.010524870079739124,0.014967026022987051,-0.011321242709230517,0.0077818977755839125,0.003652952042818569,-0.007076044765954803
1997-04-23,0.012382450402260048,0.005665761834521943,-0.0014005776879905119,0.01613947216730427,0.0027902825109447082,0.026847379241290437,0.03816733845252829,0.010769894225803212,0.019165349102657103,0.023688797237324755,0.05609331543007201,-0.002729531944328456,0.008246520217149333,0.012991872188223175,0.01714722509829003,0.04250384816301134,0.016047160278787498,0.007722414991276905,0.0334393508752977,0.020750574169300595
1997-04-24,-0.006523284338023516,-0.014503172136119735,0.00990909936570139,-0.006738308466534004,-0.0005567095072297468,0.06100479612205301,0.0,-0.009734610156069468,0.0020895519572363686,0.08016519187953186,-0.0164466320406228,0.009210932447597742,0.0021453529763968415,-0.008061773239753212,-0.001997974225028676,-0.009152635731742742,-0.0007938300848493451,-0.007471672348775993,-0.009464930848625874,-0.0010266512311626341
1997-04-25,0.0027904979297037613,0.012527142840484284,0.00953482297251873,0.01809062201063716,-0.0033404874144629115,0.03037255145766027,-0.029411679808682423,-0.001726573551983468,0.004415439085962536,0.0715378373332185,-0.0032896923621386076,-0.004902797184281438,0.01016826459107567,0.004433019857570608,0.0005005276671772307,-0.006438041129820493,-0.004289046826190024,0.0036674182664642174,0.016444458151389174,-0.0006167758988416816
1997-04-28,-0.0008184390538136244,-0.008047988893596147,0.0026132362974873313,0.0,-0.02178805303361675,-0.029477252101380746,0.0454547820206892,0.0070522499805025785,0.005495543485892318,0.042842208603330656,0.005775757235060519,-0.011582220219430006,0.006754974669212821,0.01581449693890269,-0.004251913180091438,0.00014100888639001496,0.003430164505399791,0.001923310417868418,-0.006121650722747396,-0.011723606876268833
1997-04-29,-0.00016407502951920616,-0.01186722041934729,-0.0038867901358247137,-0.011581967486714362,-0.0005710708145411081,-0.060362539010553995,0.0,0.0031714281719561477,-0.001336377139516065,-0.0065047146794584565,-0.012578601571520576,-0.014951886288575356,0.005920400772785328,-0.006516518305759833,0.004018896668191996,0.0047888864726530755,-0.0005562961335160432,-0.0019196183958093416,0.0008798662205400376,0.007283861765162936
1997-04-30,0.014910824612654805,0.020833149223646208,0.011843423698124411,0.030818855629142217,0.03200026416880397,0.012604244056624747,0.04144907159733413,0.00974693956950845,0.007782996012879906,0.050999091311781486,0.027139480257713622,0.009581076285422707,0.037666666860372455,0.01931419740090079,0.015011458198309624,0.0548077807877454,0.00023829706300948494,0.015192366975253169,0.0065933416984060855,0.008264715517811716
1997-05-01,0.0,0.0,0.0,0.0,0.0,0.0,0.0,0.0,0.0,0.0,0.0,0.0,0.0,0.0,0.0,0.0,0.0,0.0,0.0,0.0
1997-05-02,-0.014045913418961997,-0.016446464609698563,-0.010071791775379868,-0.021644509396335998,-0.00996682361497847,0.02429206815480045,0.0,0.005739418271829111,0.01568748203326531,-0.03213088121941332,-0.021569411301507135,-0.006237887277595555,0.012226237380346339,-0.0014297535063934053,-0.028346221586495912,0.00358803562725285,0.0038968411199962194,0.0005681199603477793,-0.008296726568645219,-0.00819696989353369
1997-05-05,-0.020304485045409715,-0.021359754081324622,-0.01200720661709076,-0.03931246762660834,-0.013422766734008551,-0.02312815701559834,-0.039799422485211955,0.011284363727255498,0.023167399031080116,-0.02574562614766074,-0.045742757214006446,-0.024947843356348365,0.04407895962261854,0.0035800611509020364,-0.03297837897022404,-0.02568860789969518,0.012436634231931532,-0.02423319611314989,-0.04997805963191926,0.008264715517811716
1997-05-06,0.012201496399548928,0.019706077288213164,0.005055953540354263,0.0102718097126,0.0034010851010317644,-0.010835096437058267,-0.04782584500492748,0.007695079618775358,-0.0010450636836842886,-0.06745414096279423,-0.0028873947345591233,-0.014030751304473621,0.017412115646016302,-0.01712431724682173,-0.015870884645615146,0.01128036805569499,0.007589156070500813,-0.029685608342826852,-0.02317484398434977,0.02049187716280021
1997-05-07,-0.006605417090624566,-0.0014680236054427365,-0.011953436414818386,0.004263534156523585,-0.0005646794812749212,0.014199167196666362,0.0700146987594561,0.03881942001580341,-0.00023245455056353226,0.10029794239938927,0.03359386371150008,-0.006808554225884111,-0.007033061927507411,-0.023593673915272007,-0.0030652979962147997,-0.024055986274242214,0.04666894098682106,0.020795879870673994,0.021352414243989593,-0.0080322064227768
1997-05-08,0.0034908403207705163,0.0023272777204361716,0.011818239739284309,0.011104191153011866,0.01978514027747824,0.0,0.06685656794063166,0.024993678899107863,0.0010462515145217566,0.00474406838786412,-0.0008403134350266628,0.005787442586521863,0.010742725083326743,0.010780951326352373,0.0024064381192403506,-0.0004130473724944794,0.050003465551413884,-0.000979473741111181,0.006271600080954398,-0.011133556070474726
1997-05-09,-0.0021533474348290893,-0.0061103161568126785,0.019897691313941035,-0.004360684183376318,-0.004988808643999532,0.0,0.0,-0.017332447801905015,-0.0005807753912268065,0.001349138577234399,-0.0064500566478316035,0.006480474026564709,-0.004205024389193346,-0.013240161898813496,-0.006535229963289257,-0.008678893732522841,0.04324161505740909,-0.009803800576119737,0.007155945968380761,0.007164744177051707
1997-05-12,-0.027556244541732333,-0.017213705916100608,0.013986502559257152,-0.020113547968576895,-0.018384413309982528,0.0,0.019333067207293553,-0.00012131575286422613,-0.009878101557187824,-0.036376082456289205,-0.02060407833346589,0.004773402127551396,0.0068025881450657355,-0.017517675607651162,-0.010152428909739997,-0.03877165519868209,0.002167896242139644,-0.005940457702135471,-0.010543222129414831,0.008130160781677276
1997-05-13,-0.0008539233655492362,-0.0006253820212716033,-0.04691777801025632,-0.003972544407831791,0.001135010942124648,0.00999970835657682,-0.04512744229633625,-0.00012196953409193689,-0.025703735201978883,-0.007689340538089118,-0.004034671446776494,0.0025410792715070407,-0.004077354391138099,0.0015174971502023293,0.021621840832904082,-0.014456879298458736,-0.00040587440596862034,0.0005978230121033157,-0.009033993253648842,-0.01189519583045695
1997-05-14,0.011618058817395305,0.0182770961407428,-0.0011240681535252817,0.01096890326206168,0.008503367932973127,0.018020337142843346,0.0,0.005961896853961646,0.014937666565587149,0.04156358019295636,0.01012770209641456,0.006832752396985331,-0.009123532763552489,0.016287802201177426,0.030525049275660576,0.030511670990265305,-0.034141976879163316,0.007366004248906988,0.03740080215425179,0.012038394895220073
1997-05-15,-0.006417731841944829,0.04229162666271202,-0.005392041623605293,0.006082654348283256,-0.007307418752488748,0.017117105318981585,0.0,-0.006772852135894514,0.01400579530780921,0.012851049820655547,-0.0031510972484762867,0.0015873657015752496,-0.004132005629514546,-0.005591116440770261,0.004081078064228194,0.020213519722189766,-0.007840143775120989,0.012055287002933346,0.04078379702035795,0.020161195742435245
1997-05-16,0.04196766585171452,0.0346783018150294,0.006316944612851483,-0.0037587152721871853,-0.0033974950541909577,-0.013195706286775355,0.02739742947491286,-0.01960550658669391,-0.0040967879822761955,-0.006344060553500119,0.015517091607545996,-0.0002735317535704773,0.004030379579714527,0.029985179324658162,0.030418258403702936,-0.003627801803416819,-0.0031748353221038306,-0.004101073785682585,-0.0036801169435706216,0.007905378221281456
1997-05-19,0.008142694026291863,0.025079519024919117,-0.008198038091522308,0.01853393696106731,0.0011363883112143203,-0.0007750461359891103,-0.006666645402754412,-0.0007454079162563243,0.00047032580190653483,0.0016804739236706556,0.017826743805889222,0.0005466199665713489,-0.010389289962163484,-0.010916999303590247,0.023539850485309488,-0.006721654841669866,0.01259814134828341,0.0,-0.04997834568761239,0.009019440084238273
1997-05-20,-0.0001683789580652073,-0.005893755651869559,0.0031173185372090906,0.001127413274229383,0.03461949540901288,-0.011055772109648698,0.0067113878456819265,0.01093881481745429,-0.006696493809336457,-0.034552431997903366,-0.004725887218008373,-0.008685672606019934,0.015270591488596663,-0.0055188492921862675,-0.005594261885665808,-0.04455096603038855,0.05004550213057968,-0.006862652690011406,-0.03796873716439808,-0.02059859149303722
1997-05-21,-0.01548287753675448,-0.0632064123406536,0.004426560534642965,-0.014637341945416216,0.026878895941614633,0.001961648222605694,0.0,0.007991880139790686,0.005322044144200788,0.00729660255653064,-0.001955611093500398,-0.005124447886793226,-0.004113069826291449,-0.022567279573799115,-0.015251759259982345,0.010771990423612765,-0.04379980383875681,-0.002961471436025098,-0.004517552811081016,0.0
1997-05-22,-0.009060339765247893,0.009553203005270294,-0.007406758496494414,-0.005713438621516409,-0.027777725186014957,-0.00019560465826939932,0.0,-0.00939241711870431,-0.00999974945514015,-0.007933869056842235,-0.005037701185151344,-0.007643970881090589,-0.007669257105269223,0.0011353816274874973,-0.004824415488777989,-0.011679033356149282,-0.020117997029145962,-0.005940457702135471,0.026988568823476777,0.0
1997-05-23,0.0013805532088384531,0.0039035128319830914,-0.0070385694995900305,-0.007387736837329739,0.004944866206578524,0.0023491728786788624,-0.006266802068716992,0.0025856541244746456,0.005109846189343292,-0.008692698027920276,-0.021378048212630785,0.01613078126967804,-0.014387638439029016,-0.010208097280989814,0.0017857854394256467,0.02171337508026472,0.006820107654474494,0.003187292331143121,-0.0072097133716420014,0.0103176184027709
1997-05-26,-0.0072353859135202425,0.005773652209411395,-0.014745380861548862,0.000330736848250357,0.007654539733011223,-0.002148482794231077,0.01972353278170913,0.002702492457335337,0.0008273497542070629,-0.05612020263691886,-0.030755999830725966,0.005273463544321455,-0.0015682695315176742,-0.002291580674448679,0.018082485019934813,-0.005348942955113234,-0.007197189524963066,-0.0031771657750334636,-0.017100074055070746,-0.01846039874060834
1997-05-27,-0.012146660207881244,0.012066520663555513,-0.0023175466023942493,-0.007275258710305654,0.02170388399154599,-0.017420352892422608,0.00881575507712995,-0.013351674589470397,-0.005670087359734288,-0.025641197349089317,-0.007710773840017948,0.011201293341949858,0.012083207502007642,0.002679933003786772,-0.01801102134981647,0.010755708033739264,-0.0463398817850017,-0.00298809635568531,0.006673125984920203,0.03241294652367621
1997-05-28,-0.0073771835727725055,-0.012501652854776668,0.019163181564736398,0.0003332597288880912,-0.012745486442407472,0.01633489037627811,-0.00873871669109294,-0.007945362276862489,0.008553820825418335,0.07398951318798219,-0.0017933053136357513,-0.004755122900409914,-0.000477865542163447,0.0061090384914708196,0.0077693962190086285,-0.0074776963783695916,0.02235812813708371,0.003196687617944338,0.003314445281526357,0.01647281919503052
1997-05-29,0.04140857853666313,0.008791738472700095,0.0353255259890608,0.015484408776596625,-0.0016140958178737508,0.01901202651759326,0.0263156301812133,-0.004254817625183094,0.0025919417994744176,0.029474105501533954,0.0110782104585887,0.005266822872486809,0.0010750702236506093,-0.0015179338514949015,-0.0020221733859308033,0.0062298227366262005,-0.002478736621556177,0.011153538252823836,-0.003539527284627808,-0.014108354223378972
1997-05-30,0.023109415259751742,0.03218690821336989,0.01834396975458663,0.00803377151689788,-0.002155136626213583,0.004231672460077496,0.03461567981317937,0.005403989194473713,0.01456909731920164,0.0655398269180052,0.02072824662197381,0.004050668067129282,-0.0028637162643002645,0.02014416051647805,0.0018997514918939196,0.012095173509181212,0.04377416288037428,-0.0035459690548824696,0.006156931403867416,0.015277059177635888
1997-06-02,0.011625852104291123,0.06653123773653546,0.03512787957726915,0.024398435940596208,-0.004319582542975486,-0.002681740383428055,0.017781697072533076,0.0,-0.0030108591787693095,-0.00032383644029554404,0.013344705690923275,0.0056481866322573016,0.006342194967289494,0.006706787735032194,0.00821619692415343,-0.015222558243263351,-0.0037806537946504237,-0.009092380127925681,0.025888395589419133,-0.011999956149383428
1997-06-03,-0.003939888279203108,0.02079422848559065,0.03297783160838175,0.007145318761689445,-0.001626975315920598,0.009795057425034726,0.06531940386428947,-0.03249964916862347,-0.0027876592702744674,0.02202089917096184,0.0022903765246355956,-0.007007355885240374,0.008323160122233553,-0.006291845717864786,0.008525795621096677,-0.015458084200355549,0.007238374890834232,0.009375755041371336,0.03165858843753666,-0.00906122925807995
1997-06-04,0.001318469314876225,-0.01158125639418317,0.04540281848040362,0.015607581818392502,0.004345392129913472,0.031190635256525212,-0.06274289934755761,0.019250270483626375,0.0013977260190314311,0.02598216450311197,-0.0062835553618242335,0.008726649707726963,0.048349217768316244,0.0018621350331409214,-0.0028590607760000664,-0.005575885841446415,0.0036980309121115162,0.000987873189951971,-0.0031131361844746186,0.004864011624679865
1997-06-05,0.02304547087471165,0.01286765446530369,-0.010434457375871453,-0.008693122538029119,-0.005408280912909569,0.01180334097631408,0.048652855282633745,-0.010014193607425947,0.006630508282928105,0.07442864169108665,0.003449281047127606,0.0002674525852870424,-0.008773739772945821,-0.0074346957251935075,0.006607482018142985,0.006935343377576064,0.007090742217167323,-0.0047383076982102645,0.0013384949078245612,0.005421100777157184
1997-06-06,-0.008366849261940645,-0.002169415323442392,0.013191135074764881,-0.011587803111690387,0.014681585586775237,0.012030538170960448,0.03953475683145369,-0.0037130045963349456,-0.004969020477773811,0.03765481458939668,-0.00973972593942063,-0.0006411222562455743,-0.02507976402990586,-0.009363393762296446,-0.0004955155610270046,-0.006740884305333594,-0.007592498014976079,0.0001983661713105267,-0.0020050092141132847,0.001540613707480043
1997-06-09,0.0024335584113661657,0.0048654174851539,-0.03130327530679311,-0.01077305834963016,0.010718599457698819,0.005403379744400638,0.014541273517184594,-0.0129798121494753,0.010219611392895178,-0.029363121663843028,-0.020248572469641846,0.015621129530701827,-0.044581355564907166,-0.012854386126263995,-0.014622144005500548,0.01386826772220684,-0.028796406344068548,0.00871982683930006,-0.0033480326893408074,-0.015574037421827058
1997-06-10,0.015215382623024798,0.002471955940519077,0.006222622483877727,0.001761873055019736,0.008483420651689277,0.02346874493161133,-0.01874312100637965,0.019010197497923764,0.0009194097574620752,0.014840269610356227,0.008857323222572377,-0.01532789648742705,-0.025584796904468576,0.029107529925761266,0.0025151865323138622,0.037398205938014684,-0.0007163402243656192,-0.011177670399801554,-0.00022403142159854728,-0.0021484766114096
1997-06-11,0.011798531834413817,0.019625925139727274,0.027992196549980086,0.026058816377113603,0.011566862805957756,0.04515953216021118,0.0,0.04778899348335819,0.039278689059209615,0.028402747937832595,0.031606590334523066,0.03880811563938358,0.02300553597271171,0.0692218843832515,0.009282353161017332,0.010240043535138854,0.01741569374154439,0.03108590693008506,0.017921265504938555,0.009591195373412464
1997-06-12,0.021115464100734727,0.03698491897935963,0.035971933391799826,-0.0043626203199294,0.0010393634997836187,0.01842276980563362,0.0033711900435247077,0.003414875216209534,0.025638046460933372,0.006289385655634305,0.010780365944745851,0.005838912252599693,-0.02578810825057276,0.008353961009899269,0.006711247725490033,0.029158302203057707,0.005987508227829563,0.0009788427943424605,0.010123058839578203,0.0003875875080618929
1997-06-13,-0.0033949447800989407,0.038192435845161965,0.01269685637138096,0.011267321583050771,0.014537981068612815,-0.010031043243599602,-0.0033598633058005145,0.03889152473674806,-0.011744289856206902,-0.014130820679608136,0.024136819357278627,0.0014387540005635913,-0.028854745670910176,0.008629390462067565,0.04888916926104292,0.014975773587023067,-0.002170748007868095,-0.010365223559744563,0.00239646133619531,-0.007558254825419386
1997-06-16,-0.02338192454779031,-0.06992409969787616,0.03363811603036981,-0.02146621913709834,-0.004605839999760275,0.0019932845955423772,0.0,0.02526936835533844,-0.014718646351980169,-0.04685755051322449,-0.01370220444042114,-0.010875380457929795,-0.0019377755549652154,-0.030800485919075804,0.004943446059531231,0.06452897149638881,-0.001052593554825454,-0.010672285279216709,-0.003477489746777862,0.00761581711185455
1997-06-17,0.014270088194325847,-0.014895514084099948,0.022927762791286943,0.034427564299038815,0.023650266130758046,0.00033134747734075987,-0.06966292165806454,0.008671774701859203,-0.03585246494232852,-0.06940432394814999,0.03139723847332343,0.005860598204512568,-0.013460983821764194,0.026129802829074622,0.01065829960369924,0.0527717027305068,-0.013487983626996547,0.002996438719809369,0.0320610313487939,-0.00794569216760721
1997-06-18,0.012192964546429375,0.02564356516048316,-0.002711709620805247,0.05773990853311939,-0.0035157045743168247,0.0077892797446024176,0.025362317766956854,0.011312138064893729,0.016756489146618536,0.03014282404323332,0.05657363090335443,-0.014591376123763045,0.035686175866009195,0.0030972150310661917,0.031406088829514456,0.01682893511664796,-0.00021358452333686273,-0.0019916836576285846,0.050084495349359104,0.00019523007394406378
1997-06-19,0.05606201787463627,0.011355732438089738,-0.011636289705000968,-0.0024879941505949743,-0.01058479110653232,0.028120554153837407,-0.029446537056378008,-0.013870237446686362,-0.00948175935309925,0.0012065827275882235,0.004844280833187664,-0.0006279579567076699,-0.004813772827521601,-0.0037738107951249544,-0.01438246919692121,-0.011230655841241721,-0.0010679640175117466,0.0017960693409895256,0.022741046959781963,-0.005468586779650564
1997-06-20,0.0520617596909545,-0.005318510978347457,-0.02490335550916367,0.005868635600235095,-0.007131939827029754,0.026071673579836085,-0.053398056084283496,0.002155220478740061,0.01811939647149252,-0.008737239198918667,-0.014716982813720358,-0.00031423910309458236,-0.0434062596502659,-0.007575516301083884,0.032489961281620294,-0.009206026982651272,-0.003208999805645485,0.0013944640433605215,0.0037386747409686727,-0.022388206710350467
1997-06-23,0.01487362069902698,-0.0168332814293497,-0.030354094417734956,-0.007730522227761938,-0.025141054632682347,0.06999208755153252,0.025961641901749433,0.018930061845365165,0.007163668060902628,0.024620040742605376,-0.01442167553881235,-0.003247152416850363,0.042448591057977714,-0.007980924841256232,0.017334659225697102,0.0034991085077675788,0.0015022042643972888,-0.013327898398372007,-0.009997740864168603,0.02732011279882851
1997-06-24,0.010409611245040917,0.0009064435982946151,-0.004849316126021241,0.004409864683491804,-0.00894727976109222,0.0539042363001514,0.03498926993064977,0.0069393489696261135,-0.0050007345555171945,-0.004152884137884838,-0.013849235982334118,-0.000735592214161529,-0.013403208867537986,0.0038476664433926278,-0.00933387866722657,0.0673401624513883,0.0062135299827601465,0.0,0.026138207159809745,-0.008603909545242261
1997-06-25,-0.0008131467272911586,-0.008150604321542798,0.049544672276656154,-0.0038051995619300394,-0.006372702302875344,0.022394317654088614,0.05523675401958772,-0.003223479868090351,0.004467556906473158,0.05719358534303942,-0.0005300100229618243,-0.01656322931035159,0.009574380426596862,-0.01289214268013572,-0.004819944086308814,-0.010026759540575192,0.020585274242346463,0.0,-0.014473077490106845,0.010059289962140783
1997-06-26,0.030253515663213548,0.03885575522582618,0.021058372932463376,0.00617025609624422,0.002672137228791671,0.007571812409939538,-0.004576435005625656,-0.0134922503653373,-0.0036696988042241863,0.00986175663141653,-0.007953177466918482,0.0011228298031806805,-0.018582705352631512,-0.022943563466680028,-0.010348061985158141,-0.005349036474066815,-0.009250297670731489,0.002015943484832139,-0.011356813997236093,0.0037100907951119755
1997-06-27,-0.02646819408862411,0.03290961463592046,0.0093116918090983,-0.0016063680930269442,0.014392351065825704,0.0020127694115006367,0.0,-0.0006781561729259922,0.004129886025395324,0.016462106327101544,-0.020310014616284344,0.01217722479956529,-0.00927131555960492,-0.033959680746624255,-0.014794342045401865,-0.007551378314232471,-0.005615802678303972,-0.005633503683132868,0.009308583976076923,-0.0077816987753551725
1997-06-30,-0.003516996967402042,0.04093807968438434,0.03859714860330099,-0.006872925484665449,0.07041521310324206,-0.0006696308371233473,-0.022988644323342577,0.03167078638622245,0.02256291238913355,-0.02827332599376131,0.017730589346316217,0.028229054203768644,0.0127847326965711,0.004113590464540184,0.006435944836308716,0.006686441609563554,0.022590750770197454,0.003236833901124614,-0.026687439670439406,0.007450813771249232
1997-07-01,-0.007194386660728802,-0.011080811348887165,-0.00010407459392025586,0.025621822023836005,0.06480099893908875,-0.012463080346844735,-0.06988234319497932,-0.00690775118441922,-0.023804647899836495,-0.015819033002867355,0.0702226879108272,0.021706410131419496,0.013664859655463157,0.03612646055395774,0.003589670943336065,0.010879993498043472,-0.0060751147994637655,-0.010689348393522313,-0.023790406207537695,-0.008758146778350073
1997-07-02,0.012168817237414808,0.03554358550960468,-0.010688621726483882,0.0053124320974020645,-0.0576302641690829,-0.012077657953761145,0.06147251600197401,0.017995614532071658,0.011579951791442777,0.033869321824774756,0.06085594547052753,0.023154587390055825,0.06213885857060819,-0.012221240884002782,0.016096427203375008,-0.008043900935432613,0.001597521277317826,0.003058139006677507,0.028294261195532577,0.017082136984005958
1997-07-03,-0.013237847910009815,-0.0018622539661474757,-0.024168744505852713,-0.010282775894179919,0.008317245600145906,-0.06991770892510185,0.011677501962135572,-0.007157639144679484,0.005834038269945108,-0.017491006955232757,0.02620430442641619,-0.014481786079683645,-0.0355369262055929,-0.012372514456792327,-0.017051401201071403,-0.006281618362054209,-0.006865469940750768,-0.0040652971019714546,0.02410133818352289,-0.015443848138588456
1997-07-04,-0.017248345686794786,-0.005509298060000667,-0.007620469871392421,0.009812319870959207,-0.003881994253422283,-0.0413527457440539,0.024735198053822627,-0.010158641361957432,-0.004158406611795118,-0.061033608923906746,0.014262482842281043,0.01633831518287132,0.0007520455025118444,0.007000664078013585,-0.0026862393873614554,0.0003451662317155435,0.026324851710379793,0.0,0.05000960009015731,0.02352915287166235
1997-07-07,0.0038998510239043327,-0.009292020236277287,-0.014054250767801424,0.011003122084817019,0.008768001018416127,0.07009740152969957,-0.003448405929219245,-0.0023171105185524343,0.008131713118940898,-0.09900705078899963,-0.03084599107716668,0.026563007869697453,-0.015278894920454644,0.001829497284851822,-0.020873050830467088,0.001608170169502321,0.01136183364787624,-0.01040796848175174,0.03903620017462539,0.0701149881521439
1997-07-08,-0.01207156974464696,0.0009017851606603067,-0.011058802929059697,-0.0007066042423606866,-0.010140063642428587,0.04462984141867543,0.0,-0.007078941742449829,0.0019623649767415152,-0.044756620667205316,-0.023168529480438016,0.013988729808069422,-0.0567212995253612,0.006939165751506771,-0.02063023824682997,0.0066532651638655516,0.01876908091318419,0.02289150069736645,0.00017973341907406848,0.06981765905561055
1997-07-09,0.02654504968320115,-0.011263413708828662,0.02964554809014519,0.0026874334129221022,0.006341413729118228,0.020396616604205775,-0.04786609506334183,0.002562077420886766,0.06451231141315095,0.08846168866351478,0.059894507502189054,0.015254982989681976,0.04273978144721524,0.04652048406283793,0.060386089462021175,0.019257289037220238,0.04080863830973325,0.041128559600411396,0.0499639243027159,0.0701134946604891
1997-07-10,0.004378128830367922,-0.0060149661714162805,0.01169012732717567,-0.005924627890863454,0.01599606081652305,-0.0060777075630286115,0.048939866931378306,0.0024446322532889475,0.011241916594331602,-0.045614763133508096,-0.01356252910325606,-0.010852083768393306,-0.0014223786748333023,0.014580251158175628,-0.006732171466190429,0.005924613457394923,-0.01693988834710669,0.021882644127756645,0.04998287742971996,-0.007818411664554437
1997-07-11,-0.02261256931659339,-0.0022917260672477013,-0.012446564900118418,-0.004682733227672653,-0.019561092905045485,-0.0004076918594939638,-0.06455679434659811,-0.002882005213185712,-0.009499990046749285,0.009424076624414468,-0.018102552158880125,-0.022035805525286167,0.0022010912349679224,-0.029793233802920982,-0.020222224727113547,-0.01633692890367522,-0.02258790713015635,0.016297005813545873,-0.041408193899356016,0.014972052690958249
1997-07-14,-0.035261350597092345,-0.06993202782744479,-0.02545953360208031,-0.03664115035968196,-0.04963485039701909,-0.0009516127562841925,0.0694442319904609,-0.0017784639933073887,0.01656230251260249,-0.050683245971053226,-0.04667426797444041,-0.0080060868998858,-0.009173284061143927,-0.04190714967482878,-0.03991850824999221,-0.011410890493145587,-0.03314601535159567,-0.03505473572314821,-0.02738125427984095,-0.008229651449493058
1997-07-15,0.004478508739520937,0.016500030847989455,-0.013006755677367976,0.018055394661305346,-0.020481361507333484,-0.009252802273279404,-0.0465225818795203,0.02561229518897834,-0.015078147947310105,-0.0189677363800006,0.018604575005561674,-0.03242809867196628,0.04694247148632269,-0.010935094621439267,-0.024096308036370306,0.018171192680774162,0.01843871211018433,-0.030531494294186334,0.021507207058852007,0.002818158793052472
1997-07-16,0.00906072110530598,-0.018662130348883532,0.013178160795106919,-0.03343513362449102,0.015682113537760944,-0.0016484077933502927,-0.001150049957290844,-0.0023884871908943506,0.007911230405787562,0.003938914597056753,-0.0026435314929761367,-0.013086356211662764,0.006476494334923588,0.007624561224438997,-0.018639598328107687,-0.014704228229114324,0.0014752633486310174,0.020529837743833435,-0.0003421478139274958,-0.0032783983280284534
1997-07-17,-0.0022807063501396607,0.01109316523460846,-0.006966337261356426,0.013234978732446834,-0.005661432474704409,-0.029165203012871732,0.02909082041240696,0.010992317772563487,-0.009276296412922713,-0.029244163327939554,0.005542026388149379,-0.005971856671066589,0.0037122159754772177,0.018539472114039057,0.0018498811350451394,0.001481018772895304,-0.00903936896923363,-0.01054684682550533,0.001541255070577341,0.004229352510072948
1997-07-18,0.0,0.0,0.0,0.0,0.0,0.0,0.0,0.0,0.0,0.0,0.0,0.0,0.0,0.0,0.0,0.0,0.0,0.0,0.0,0.0
1997-07-21,-0.013857188106289664,-0.010187884756994281,-0.020747828172880345,-0.032803988462977496,-0.013975262412044387,-0.011477433078642685,-0.06949331593996166,-0.019916187777098138,-0.005350279212679165,-0.028655361222205022,-0.03211129772244625,-0.017514384764691138,0.023918412535028466,0.06352166332314213,-0.02856075939940017,0.061085565726354485,0.010270585310576896,-0.020923463141674703,0.013335522641142017,0.0006237347920960978
1997-07-22,-0.002462494124172876,0.006729931695828251,0.006935252021758487,-0.006292370985643614,0.006824418743389682,0.020068719511142863,0.04417717549350675,0.02152905140731276,0.008068784865408407,0.008320992972916663,0.026244080159200767,0.010571949666563496,0.001083564857045527,0.03073690596301426,0.0065898746759311955,-0.007826299567068706,-0.004815210974533413,-0.0038307144974336627,0.05010952849259431,-0.02104444770276459
1997-07-23,0.046035393441807404,0.010027454014183812,0.03394670254406895,0.020695417209326772,-0.00886347184248859,0.01391247296025,0.0,-0.0061287945462666915,0.016213371929501896,0.08514618740002144,0.043667336118237365,0.0357927026919409,0.001563732243007987,-0.0020331733785394768,0.027067795730598254,0.015018889812781211,0.041733509264892055,0.02003642244420001,0.02875958876770146,0.07006372303730757
1997-07-24,-0.01429976887101847,0.0002920815821665368,0.02441317118863795,-0.00726282222978436,-0.0005260098879158459,-0.01247408596171884,0.0,0.0063832779118824234,-0.0017165342750882218,-0.0006914226156576886,-0.009708691740010766,0.040150333213589295,-0.005764574493118513,-0.028183119263375467,-0.02402541693980942,-0.016180457721958308,-0.02257893522008314,-0.007936393218975324,-0.007808831473594791,0.01994040403614039
1997-07-25,-0.011689953678592935,-0.020531198831376885,-0.01661446974121994,-0.025758429733330757,0.003684250352865126,0.005613836338643097,0.0,-0.00010753748918623796,-0.009811765096895075,-0.0027674741853589424,-0.008170244344987032,-0.005425768975253709,-0.005314443418181547,-0.024109054055289403,-0.03340877439777634,-0.010387494124156404,0.002177613976045656,-0.011800107074313781,-0.014481371278169286,-0.008899818220128752
1997-07-28,0.0022802700301587375,-0.05076504212713884,-0.0028700247418050884,-0.009230409154255659,-0.0031463716122082097,-0.005024074194036721,-0.06897808636827596,0.003655466643176286,-0.002655944395975496,0.00034736634778620434,-0.0021181987624288023,-0.005359797361523144,-0.0020644212372534776,0.01038299059463732,0.005327302393546507,-0.039798693837811094,0.0031099061030757102,-0.004250200122673409,0.0006389259132755232,0.0020608833875515042
1997-07-29,0.007820171202189474,0.013605533772971912,0.009328187173536673,0.003947650126175484,0.025775700434572224,0.010099234105726662,0.0,-0.0026786144579274973,0.0007166912992078167,0.005547144709368013,0.008490868339676272,0.013279064656417372,0.014845344623234835,-0.004252228082549436,0.009306191797914032,-0.004782563451301125,0.015764230249957212,0.004064982060348665,-0.003990489465550806,0.007639432599373608
1997-07-30,-0.0028215928427846038,-0.024987340112066936,0.028411321012739243,-0.003145838546399604,0.044102825249327404,0.0008333606208454913,0.016927190343256848,-0.005370177338898108,-0.006550649419789334,0.0041382653941342,0.017539523986255245,0.05000025644313366,-0.004676128198172758,0.004982224153277315,-0.0012805197783486433,0.00011465538515142981,0.03370119706724295,0.012145966845740874,-0.009294609453379232,-0.0023328796196236956
1997-07-31,0.018675737718196306,0.0699991946893932,0.0025274963218826496,0.025560364509722433,0.004420339358662817,0.001110164879373432,0.0,-0.00107960914963523,0.010921010204226977,0.020604571016527684,0.014479536583375863,0.042373079132850044,0.027948338506357917,0.008852459702978654,0.007564945203132112,0.011897846165988213,-0.0050884333607912335,0.0,0.011322866368975282,0.00014622476669079454
1997-08-01,0.010416705137226367,0.0683885178919299,0.016352464841849157,-0.006923148490523223,-0.012713837972977649,0.00013846621574842288,0.0,-0.018810912922326617,0.0,0.02624478653286144,-0.010421628727212084,-4.332008460750103e-05,0.03351709496987554,-0.003509962842273562,0.001654268261484626,-0.007348775945483332,-0.002903809896571685,0.0,-0.009116985953606327,-0.008913300970366467
1997-08-04,-0.0024742874490758515,0.014199620750331432,0.033418229483341166,0.01549196397488517,0.005943513268760636,0.01039333149597188,-0.007682590724783611,-0.006170249346648338,0.003770943436624208,-0.002950872460222409,0.011218156416862524,-0.0030802331054764487,0.023698612595175472,-0.004931206008797151,0.004065685092766058,0.015147743558568294,0.00018982504696873903,0.014199824105484593,0.007586895874395427,0.0069292976603385625
1997-08-05,0.02246101327548833,0.058656389757311134,0.025403045074475772,0.020900052127593938,0.006400661856964307,0.040461166385060476,0.056774334887973454,0.007317140238540576,0.04376079561335833,0.025978371778498044,-0.0006791546639389745,0.016581005087046297,0.02204262928435785,0.012035333111311886,-0.0008857969209723482,0.044653821923619885,0.0012660679041542888,0.06487859811219443,-0.004165375027952001,0.010249137729345215
1997-08-06,0.006064523187575777,0.0038037736126523836,0.019214333722744836,0.014943215780035768,0.018591104342372322,-0.0038229006274870247,0.0,0.028285296675785165,0.04533073521807762,0.03878164125431094,0.03534224492952376,-0.002953757890089004,-0.019724756468263105,0.026932467877290645,0.027482291684276294,0.029535319238084945,0.008536197375664356,0.011481877248359362,0.00788282544830854,0.0037679345091252703
1997-08-07,-0.001607331998604522,-0.008697264168332386,-0.010653960450278332,-0.027679623085983485,0.04082616896472202,0.036257642133668666,-0.053724180284896894,-0.007492119757523175,0.006421003185237861,0.0774454504026858,-0.0424510780062618,-0.012623614773522918,-0.04035407582396322,-0.030654082256843962,-0.055836505773572465,0.0008345350907477123,-0.015548361128715382,0.025813943853063348,0.03367909695925464,-0.01429386810058031
1997-08-08,0.0,0.0014766494984166378,-0.0051267668948015155,-0.01635353717407584,-0.02630382778522078,-0.01634487711310706,0.0,-0.023186037549075333,-0.06999542171645401,-0.0017179215589641084,-0.022851623190898174,-0.0013480591705600231,0.029493521918967813,-0.015108902018407422,-0.016187716816271402,0.00218889253009813,0.016557915641233656,0.061039456742831844,-0.015595940889805204,-0.003369124535849699
1997-08-11,0.014893383484083644,0.006418774941535199,-0.008231282115224947,0.019550321783894153,-0.00331727982762009,-0.0040247862323198325,0.0258064511022833,0.019872175763423483,-0.006064780969880612,-0.036169021462456485,-0.003508097050477166,-0.024950862422622344,0.0019024741860349526,-0.00606470704404527,0.0005306781946881056,0.013728555124570274,-0.0030069262743358527,0.0701425267589244,-0.011764692790165565,0.0011758388054960989
1997-08-12,0.0009250799014888234,-0.02042594059773062,0.007809267567780553,-0.006794574080449256,0.018069231007094455,0.009515229219603238,-0.02345912811006934,-0.01796909247721934,-0.025707870928935117,0.07895539588988654,-0.020183025716610126,-0.03666492403583865,-0.05260798808920686,0.006460568277863565,-0.012599436108261863,0.006361094543906987,-0.005278182833130973,0.023578009758795426,0.006666557811883633,0.0030826425198635654
1997-08-13,-0.010698365711679036,0.006422887390560517,-0.011899029879427703,-0.014441915329766575,0.0574497173722075,-0.008779867882961923,0.030463053552010733,0.013558431428893902,0.02679733254263983,0.029215169444378963,-0.004790409836329723,-0.007185676450719103,0.011199988545337325,-0.008915412863502836,-0.0004029093815348661,-0.01896255930789048,-0.009475833640248066,0.016584475416233424,-0.008987675112250626,-0.008049260228409572
1997-08-14,-0.004539323364844305,0.004108777125047203,-0.037310631922036874,-0.009717746032468888,-0.02252648652438194,-0.014719457920971513,0.0,-0.0038065567356539987,0.007298954802306579,-0.0005410407099677439,-0.010108076631660357,-0.028763450591900552,-0.029380768690812964,-0.017992256679967733,0.00013438117647601722,-0.025148064907535406,0.0049744785019576465,0.006193697451003066,-0.028957859499117444,-0.00280297364850568
1997-08-15,0.0,0.0,0.0,0.0,0.0,0.0,0.0,0.0,0.0,0.0,0.0,0.0,0.0,0.0,0.0,0.0,0.0,0.0,0.0,0.0
1997-08-18,-0.02025204790892754,-0.05685196770266565,-0.04857353442952028,-0.0099690396135661,-0.0036148727785937362,-0.014674545922148896,0.0,-0.006550809020279158,-0.017172989635533265,-0.026236910011067316,-0.012886220250714286,-0.014904175818798993,-0.01381392835800399,-0.012092554613231554,0.000134363120601666,-0.016948937643141204,-0.01592826242537182,-0.04293670078995304,-0.009011981198805752,0.008433165406383392
1997-08-19,-0.008624654619829197,-0.009877159920880674,-0.03926628183537706,-0.0033039406838377694,-0.03990933001421826,-0.011270646290234665,-0.06874986582265286,-0.02362610365607065,-0.05120730701026066,-0.001389229352492194,-0.0009852565854807649,-0.010151111621344078,0.009013445844459511,-0.01706190585834244,0.004298755317676317,-0.014313711412362151,-0.01657337937261749,0.009254439273980175,-0.03835965909270023,-0.05120323803577431
1997-08-20,0.010218281587848876,0.01668802255877666,0.050007495210339314,0.014049106862681127,0.008974978910641251,0.007463729722647194,0.06610727319642207,0.043331564506434495,0.03129727648933445,0.0016690423852490088,0.012327530969917122,-0.013706321050170556,0.009053432019163088,0.022263899485153393,-0.017790342018457528,0.0027501294592284786,-0.013901828242206427,0.03730191147648365,0.05003455069911045,0.01128842433358579
1997-08-21,-0.01817939056885387,-0.018615071726103105,-0.006677120028528938,-0.00825038295004532,-0.014981168030142156,-0.017106701659952206,0.06389684893415537,-0.029665738474898617,-0.004851791941061223,-0.005831862955820055,-0.04335122449399331,-0.02989421805015058,-0.0065794322908582226,-0.008121155223365983,-0.023423586669175767,-0.01612712050005749,-0.010905318823143273,0.03041728443919256,-0.006222638552377258,-0.012385596182181158
1997-08-22,-0.03034895450836117,-0.021397749472586325,-0.006900395950039995,-0.020718687220985577,-0.030418399938302088,-0.05454273180259217,0.006508818655874382,-0.031016868887350002,-0.019292499360000215,-0.041340204792208346,-0.018329826526754633,-0.012676566685419943,-0.005539847781488083,-0.015258329386799718,-0.030260645725440738,-0.02419727057184129,-0.018488881569112547,0.010614609188569268,-0.0064262043662887125,-0.01656586697546758
1997-08-25,-0.023833732497299254,0.0062062632447168475,-0.010872966916295579,-0.014425633995206244,-0.02156864670588121,-0.06450227488693028,-0.040270681452745594,-0.001721170837122643,-0.019989679318223152,-0.04458079896339817,-0.022043934175099422,0.011482074366424122,-0.014773439374770603,0.013227220285823904,-0.005033476271999682,-0.0377100010477045,-0.049112902591491814,-0.021295170653301443,-0.015091188029758507,0.0006299814746355548
1997-08-26,0.004706536801710515,-0.005978207380716083,0.003567511649306354,-0.0030898577477184164,0.021543133902447664,0.05004610138073384,-0.007044371378790215,-0.0025285536609712667,0.02805964337686695,0.0012201153190023462,0.0037129231625068204,0.0017030664795385508,0.008480952285598198,0.0007459548991390896,-0.002167775531709215,0.008312607625569512,-0.016496063900025115,0.0019113008296356426,0.0003368582503169293,0.004405218245516318
1997-08-27,0.0169812156750635,0.02205205484950068,0.019367219388422008,0.010440456241785911,0.028935894667702522,-0.007525601521180314,-0.009438670099488289,0.040211842548028676,0.046399495216448816,-0.03441998999611362,0.015587730146627843,0.030237337710671275,-0.0009751983723167434,0.008199855061331807,0.014629220514767116,0.02119905730604743,0.01918987224018842,-0.05913371437149173,-0.0013465314612352008,0.010338402936785007
1997-08-28,-0.02360741024355606,-0.049131183933647016,-0.0348321716239427,-0.01646749834798289,-0.05862754711368434,-0.02961364394545496,0.0,-0.020823878165767473,-0.01775720714798701,-0.09589926837813645,-0.025754483194115885,-0.031000146778781823,-0.05099416459963113,-0.009981306581014926,-0.02826552658387138,-0.035866812450453645,-0.03032702703648893,-0.06051186274679843,-0.03320407376882806,-0.020155278289739953
1997-08-29,-0.026094260565572625,-0.025540296675060303,-0.009179274774246182,-0.06877894827724529,0.004557257530928949,-0.06997551703995764,-0.017337208066590115,-0.02171944900721623,-0.016647321895948197,-0.051291155278235134,-0.03738320554536878,-0.007223711817941236,-0.03560861029775897,-0.06982857882382254,-0.021889002669687074,-0.04294244202397146,-0.022678454700824746,-0.007304306769176927,-0.01743365492910387,-0.019461917617746183
1997-09-01,0.023463224834890495,0.023589002270518522,-0.002194891054249193,-0.004230347748535923,0.00453611712971802,-0.043751833667099116,0.05605095204655952,0.0030067300454239554,-0.0008312287988727629,-0.04965014862608985,0.0133147945812917,0.013721359669091937,0.007331336324831739,-0.0321154628364948,0.023430288102396668,0.005748959401369325,-0.015166504749621668,0.01003323633058617,-0.03548635319694382,0.00855222150252355
1997-09-02,0.001922763041260156,0.02481755505569616,0.03120894433716459,0.032218253742121616,0.06522825978540658,-0.055979079603468596,0.00018103642358613392,0.03643037285550754,-0.00020776578525449896,0.09984546718754239,0.01095008855365509,-0.009587752428212637,0.008204311793442276,-0.00829536512472595,0.008365201888511642,-0.06573866582053989,0.03495819704458847,-0.01076092426504982,0.017659967445170066,0.0052803600311250865
1997-09-03,0.004576242401263642,0.02219899082276755,0.01775410364069918,0.006687882777124843,0.0,0.0699461082794397,-0.023879821817027858,0.010678652744403605,0.03035969548172135,0.011962919800812433,0.0002702609176405968,0.012579711236243796,-0.017062483191150002,0.028021617978696955,0.006112420893385817,-0.0022614789370851707,0.04999604555878712,-0.03765693062978881,0.00614622341850346,0.02180475715887442
1997-09-04,0.011903308888176367,0.012033296356861456,-0.005151907296401137,-0.0008515512359855704,0.014131039291405578,0.06966408176842909,-0.043677279409574554,-0.017169330754910117,0.00978813193723127,0.08414456200381393,-0.011098744218044798,-0.007157356366460865,-0.014688222960462904,0.010171191347747133,0.007666748872285911,-0.018797174546872242,-0.003755485108919321,0.018956080225254635,0.0,0.020249273548202495
1997-09-05,0.003195231809621335,0.011797900716160603,-0.006785052250252832,0.008695678842485455,0.014863020581483033,0.03994250857686277,-0.043927400200429845,-0.010078381200055664,-0.001398686416292927,0.09685731800826658,0.012866210842600756,0.009320098358181816,0.03211786851800569,0.0008053667056395764,0.01550403817982371,0.032472892233539996,-0.0025603025464495666,0.00529075753679642,0.026590191685337272,0.03175551697009049
1997-09-08,-0.001882185916947221,-0.004866394736907309,-0.002157365617212914,-0.003887788212102894,0.000915069684936709,0.007403452178791126,0.022837823092378473,-0.019117665025473074,-0.0004005290029652775,0.0032163579127040265,-0.0005405092057241268,0.013162746344953735,0.0493699891466961,-0.0012072582027538026,0.0007067084467244911,0.02895130176019789,0.013833618197000908,0.010187140113900428,0.04637719733543677,-0.006214853819995314
1997-09-09,0.001015177758192598,0.02463327896516243,-0.0015856923227208775,-0.005939381679107347,-0.000457151779534426,0.00030628886695227564,-0.0025104083612652595,-0.023296140814855537,-0.01571718815038614,-0.02331689629915057,0.019469966013979656,-0.01268987293386925,-0.0026276462708882953,-0.010072404636519039,0.009888439587307563,0.03990257510944528,0.05000704838224945,0.03176467646061232,-0.00886457369732263,-0.010869529953980273
1997-09-10,-0.008403379436473513,-0.009634589102107904,0.04186542681416383,-0.026629935818072603,-0.037511204037013246,-0.008418806892873332,0.0,0.025740664469890318,0.009255214545897505,-0.025962683772159156,-0.0145890046738536,0.0021933549540973374,-0.03362192383551921,-0.0020351968566477696,-0.021261672645361496,0.02779505569183849,0.007970981557556156,0.010099080121788617,-0.01974337673088722,-0.012494132564891403
1997-09-11,0.015487981401852258,0.010001087212110127,-0.016142372108581826,0.00508579795760955,0.002851480095631853,0.0012351790652573857,-0.01986736925581034,0.040059929815511985,0.001814392690472566,0.010416990943288962,-0.0029608983782299925,0.006921251487060465,-0.011554031903756146,-0.0008155489125076798,0.0117192272322868,0.0026324457027682158,0.005249881866963291,-0.000160974576077888,-0.026682735462975504,-0.013719753408035995
1997-09-12,-0.006042751972258231,-0.0069312992274545016,-0.010597685958902203,-0.009247922439921674,0.0,0.06537174706871363,-0.046959640211149734,-0.002324117817076976,-0.006941469428706326,-0.034566579290004285,-0.015928812149696547,-0.014454732426042671,-0.0030204072740316334,-0.013877695815794011,-0.00423770872887741,-0.0073996411908036075,-0.006015719725244062,0.001935443427295569,-0.00017691907199357537,0.004636656021286267
1997-09-15,-0.002171561387847465,0.03462673009091466,-0.0023134364918576678,0.0038746581408894976,0.0014217956867621506,-0.02648386076551068,0.013824828561308289,-0.002551478672702223,-0.04345606274413849,-0.06972322782378237,0.0024693005872931106,-0.0015385351099952427,-0.007640670547323203,-0.0066223510169435285,0.01106535683738219,-0.003847292891818732,0.0032586421360178974,-0.0019317047220877015,-0.014682096802367095,0.020461690106193364
1997-09-16,0.019584884055770857,0.004993544430492047,-0.007918023930323703,0.00877176564605242,0.0033130076023855093,0.014122762955998347,-0.04895089195971647,-0.007785521878492796,0.014931745486050474,-0.019918943248965038,-0.005473443170344927,-0.00020557328595183222,-0.011549151528324475,-0.01208343061937689,0.00561252285734315,-0.003862510628917848,0.022274028039267257,-0.005645017287865484,0.001615567398892681,0.0012061521756105975
1997-09-17,0.002134149869890134,0.004794963028457833,-0.0008630872464122641,-0.0005216582562397321,-0.006603626837551224,0.021547642104056353,0.04455892047675447,0.008967329774109745,-0.02232900074417432,0.07027177831508391,0.013483599426970194,0.00616489072781734,-0.006446529824810199,-0.007169932478802488,-0.013115622199753152,-0.00424090996381743,-0.005058025932536903,0.006325602397692309,0.00017897952266032746,0.0028610443536158936
1997-09-18,-0.014482601933545447,-0.010932015550316532,-0.03555213178109262,-0.03358281885870118,-0.024691526950649245,0.02927262925168783,-0.021540307209752307,-0.012554297649717494,-0.012166677373869894,-0.03669123110872541,-0.027966033425599446,-0.004390982563156287,-0.0402809876388982,-0.022939424833114397,-0.05796710982530673,-0.039790809056305165,-0.004236449682804899,-0.023210603144769193,-0.02007144073472722,-0.025225087758316
1997-09-19,0.0,-0.0009647356336650592,-0.009328024670536839,-0.0030608292917611024,0.017526784544721563,0.03680473497954262,0.02877683184549884,0.0013507269103048003,0.00421408306773019,0.03942533500476375,-0.012570145388036358,0.0032820810389118105,-0.021408711779823952,-0.01130474288550809,0.002551648606846424,0.0011407861639545214,0.025788760150068146,0.003300474382045948,-0.01463051236025903,0.0013864789709545633
1997-09-22,-0.028381733687105948,-0.013346187829964107,-0.03152310201138819,-0.02131101190676221,-0.026315737085647495,-0.046792803495837254,-0.04895089195971647,-0.02022503730871128,-0.0003230571497242485,-0.02153682542375379,-0.026591067193350026,-0.004753684533394642,-0.010074842417382324,-0.004837298429152703,-0.024850623455688337,-0.017721633495325184,-0.0012126150599396368,-0.009868660054163536,-0.011507216410176713,0.0027685494902647267
1997-09-23,-0.0007416112690586951,-0.016997255393676247,0.014661002853709526,0.004613482489666643,0.024078807528030266,-0.025250594291322814,0.012058786967922508,0.01433517799687789,-0.0021522941466392,-0.014125805097343513,-0.006102848951800799,-5.140608905740418e-05,0.031404455754795446,-0.00397667494606091,-0.03300559650706225,0.03414945371462874,-0.006069102606880872,0.016611187045048048,0.0,-0.008283347975217015
1997-09-24,0.009645780570126439,-0.008509922392979208,0.013107227279552935,0.004040746529801353,0.005277944274053814,0.018813061354344462,0.0,0.006218216083893058,0.018981643292956374,0.043652170472705976,0.011403721254557908,0.0017975180184830464,0.021285795321567935,0.024844727904136832,0.03159223769238029,-0.01059190854567027,-0.026224299197106227,-0.000489631934563417,0.037739325184544814,0.005413349150750646
1997-09-25,0.020869933640128346,0.04227522150846075,0.001589040656405638,0.007867183156943014,0.0014321962362608964,-0.02031220593353189,0.0,-0.02022503730871128,0.003916158189131824,0.007023991924774098,0.0060709813723347494,-0.005280675969841608,-0.007729692678711597,0.03722913498130209,0.004770596337689392,0.012594604183225444,-0.019208123683503997,-0.010136032068896461,0.018273803975013214,0.003076922103906421
1997-09-26,0.01281295597395049,-0.0031537339427414324,0.0086492492246244,-0.003086055924827691,0.0019065456942599646,0.005074584524596526,0.0,0.02064253331515653,0.004006410363581514,-0.00602420657403091,-0.004597648818788214,0.005051197976229993,0.035470789061889274,0.03672785844820092,0.008117745915632302,0.02014910059522257,0.009220171057620075,-0.0004954639640522007,-0.0049748868505923305,0.0
1997-09-29,0.018621268814760894,0.034800825916082134,0.0037446578420121668,0.013838197332264768,-0.007612110641207814,-0.01096390517691126,0.02005216594378534,0.005055924569786541,-0.004305346063912419,0.028389289712724697,0.008949102840574152,0.02261538290155607,0.0060453655596313105,0.020531293535988482,0.021118187461979687,-0.02999241203232461,-0.004201057190647117,0.0029742574216853335,0.016428439201678913,0.02147263807696209
1997-09-30,0.008791404280397597,0.007388735512610101,0.002350095959087861,-0.008620690615480209,-0.05225297740278023,-0.029754919844335537,-0.012820414733170082,0.05433193178823359,0.05125497723593142,-0.012096904070410086,-0.011444898372881984,0.06609528427162892,-0.029243250127658382,0.004339469427651066,0.014729791233751177,0.03255380519468787,0.05236670558446077,-0.003294526184993929,0.016338723721681436,-0.02777791666273155
1997-10-01,-0.0015214340665564707,-0.003878133839955167,7.512270567988644e-05,-0.013586873775158215,0.02781987706419442,0.020745513974086638,0.0360752946937295,-0.04941139360521918,-0.04333846694054111,0.0018838958746991707,-0.008393685695303188,-0.03574998472922519,-0.012242089060655492,-0.042419507360800135,-0.02947209401808437,-0.04942176449274793,-0.03028923837934394,-0.028100038807749583,-0.021088846289184837,-0.001544083455679135
1997-10-02,0.0,0.0,0.0,0.0,0.0,0.0,0.0,0.0,0.0,0.0,0.0,0.0,0.0,0.0,0.0,0.0,0.0,0.0,0.0,0.0
1997-10-03,0.0,0.0,0.0,0.0,0.0,0.0,0.0,0.0,0.0,0.0,0.0,0.0,0.0,0.0,0.0,0.0,0.0,0.0,0.0,0.0
1997-10-06,0.0,0.0,0.0,0.0,0.0,0.0,0.0,0.0,0.0,0.0,0.0,0.0,0.0,0.0,0.0,0.0,0.0,0.0,0.0,0.0
1997-10-07,0.0,0.0,0.0,0.0,0.0,0.0,0.0,0.0,0.0,0.0,0.0,0.0,0.0,0.0,0.0,0.0,0.0,0.0,0.0,0.0
1997-10-08,0.0,0.0,0.0,0.0,0.0,0.0,0.0,0.0,0.0,0.0,0.0,0.0,0.0,0.0,0.0,0.0,0.0,0.0,0.0,0.0
1997-10-09,0.06220545898394114,-0.012948344375995346,0.005247042554973325,0.009366078193117744,0.01427192949327849,0.024742424442004696,-0.011142444389569905,0.015616451581090596,0.0358641087056919,-0.03290472797918398,0.008464736029024644,-0.010390792581447816,0.04233416596077921,0.019278136959574033,0.009820205308171959,-0.021641570672195187,-0.03215428099811768,-0.013604725777192406,0.07010410047313265,0.027377884086377646
1997-10-10,0.09951724399630502,0.06756394066052551,-0.0010733604617794157,0.03839205012841207,0.008733515076261522,0.016959215084566104,0.007042304976918157,-0.0071388019482697684,0.006580100268011035,-0.024627370697635098,0.023154584784077503,0.0009862250334795597,0.006413041209181847,0.023340084873691547,0.024536277668546713,0.012303406620686852,0.017357079915869322,0.001551073414824744,0.03382837547322959,0.02107810321333492
1997-10-13,0.020640895127171266,-0.04497610698102372,0.006299986736208352,-0.011915298933433238,-0.01010082292569714,-0.009892601757574782,0.0,-0.009955990460177921,0.003620465120551808,0.030233060950659585,-0.009334890875009383,-0.003398326168624566,-0.016195472648451226,-0.011797304063284053,-0.018399631857660803,-0.0074992497866626096,-0.01766064335142803,-0.018763431051406765,-0.014844303746851861,-0.00176926736279992
1997-10-14,-0.07136223558882937,-0.025061233507811864,0.0177518507713863,-0.025713970819706056,0.0019434520230545704,0.004995545477204377,-0.020978831753726612,0.012290531711717234,0.003908445453451037,-0.029990621235711612,0.006853148300712153,-0.0385924974060029,-0.023478549258998394,-0.011141890255607745,0.004016922051647942,-0.026055343789543328,-0.03086855022557522,-0.006842182477143854,-0.017660318346798376,-0.007385640886381384
1997-10-15,0.006758516002277171,0.02208261541273937,-0.0066584358174314184,0.01911184619032036,0.0,-0.002982428429470718,0.0,0.0023176216110096792,-0.0021960197229582423,0.05219378774452488,0.05161642640558761,0.02153521555170812,0.02114106537650673,0.004024169971224456,0.01585403741326874,0.020867125242260975,0.022051017977257725,0.0033562899771018007,0.01665830287533554,0.014880944187803058
1997-10-16,0.005345470734422708,0.02261783499111303,0.023023625355677924,0.04197192263598026,0.0014549672720174378,0.0,0.0,0.005175872546763216,0.00029995765564971855,0.018009806275837814,0.007821079183967461,0.011824370633175318,0.01299066472276511,0.015230454991617348,0.0247958464406679,0.006420298197009844,0.004931689222426927,0.009682753878081707,0.05386112367542406,0.0457474743754529
1997-10-17,0.004698982807403551,0.006024397303757256,0.016273975862644896,-0.00788475958675583,0.0033898669350740374,-0.002849356570684969,0.0071428203987364824,-0.0020815894955372727,0.004500299360210347,0.000620330124212698,-0.0037464029102491914,-0.002685156947969669,0.07026446055349367,-0.007500913347839311,-0.010959394846676185,-0.00950426370136237,0.0025896969690502036,0.052310784833732527,0.0563424302459119,0.013460802644871483
1997-10-20,0.009969090122238011,0.06259253796900044,0.017870527452610085,0.01831358988669174,0.0028957414097565692,-0.0004283428120666066,-0.00992909655635843,-0.007574605373804499,0.0,-0.04869730044304754,-0.011550159053312137,0.0,-0.010484533247682948,-0.01312665071280572,-0.020866433892800962,-0.012749783080542865,-0.00523426019932649,0.020712274001266406,-0.001748834196690363,0.0029052241709190962
1997-10-21,-0.0042649592851261575,-0.03319727358491753,-0.0006539526082880442,-0.029012477741620413,-0.004812498257308451,0.00028588994286260494,-0.01325212090507688,-0.0012173605250890285,0.010653470046118718,-0.0697746695860827,-0.03260823651069711,0.0032904884072637586,-0.008072584606707789,-0.031035844421200776,-0.016607778426932618,-0.015310848258405452,-0.0355362751626902,-0.04399353250352289,-0.016934280167356208,-0.028555452215139665
1997-10-22,0.0093010634846038,0.008784058900378033,-0.008129704455649867,-0.009959783923258358,0.03675069254884811,-0.0114305667102238,0.0,0.0017723769707640447,-0.002167434468944185,-0.00035054198330575215,-0.00955063621575225,-0.00606285806818907,-0.02263450440037673,-0.010399064268338698,-0.010312309902995143,0.015008293268578443,0.02033597004833121,0.01986804295743272,0.011137366894088618,0.006816007494829357
1997-10-23,-0.016733199587857794,-0.010844839251664795,-0.023754811615579685,-0.029297617550239963,-0.018190513660925722,-0.005203052597786417,0.03811234980107581,0.0017687471219465234,-0.009675258254247754,-0.004558513274761311,-0.019285248900925867,-0.009299569972973765,0.017304150562363896,-0.014712340534643875,0.009211589263617093,-0.04355919243842199,-0.016249964508780357,-0.005994395106053707,-0.019386006788400634,-0.004795310705425937
1997-10-24,-0.023430781153026214,-0.058898630478433134,-0.011241670318018038,-0.008545257192799416,-0.014727053934752155,-0.0053754440703071005,0.0,-0.00938084946753015,-0.011663856720972365,-0.03839364281766244,-0.02082126216724911,-0.008782062708996285,-0.0043481332765831215,-0.0029861298895783595,-0.003591035059709813,0.019776759780978592,-0.021601166957476714,-0.03182572856233867,-0.008386797131349488,-0.0008503979030198838
1997-10-27,0.9113518582859101,-0.007483221679565943,-0.016082551483306284,0.004951089113347962,-0.045804846969575985,-0.041922030129051824,-0.013985859382382282,-0.019608025369546533,-0.029755823128826075,-0.024908577974662616,-0.001772451093162375,0.000509209742288963,-0.014772401690763992,-0.0077025050528782835,-0.022826123561720757,0.010652939523353888,-0.0021641742144865583,-0.003114356496943582,0.011780350407664786,0.0017022433902493805
1997-10-28,-0.09844068903583969,-0.09766938284685955,-0.08212987153678897,-0.09288302411883287,-0.08135416000743156,-0.06998035067102448,-0.039007022818923986,-0.06636315745282484,-0.0608173369705024,-0.0687453047026867,-0.09733691216819329,-0.08040698456340001,-0.09921768576451095,-0.05907709460580479,-0.06961748196248674,-0.06202702305396046,-0.05177166784447629,-0.024644394288519278,-0.07001037766863905,-0.02378916315827284
1997-10-29,0.09673138679304105,0.09751252961449941,0.08083344088586353,0.0824782420802408,0.08470827465288644,0.06999982809720806,0.011070098401675388,0.04795483992389182,0.06497712373740328,0.05365089443556159,0.07440173703441322,0.05390109594518222,0.0921989578459792,0.08340953428747278,0.07813010433210721,0.04840813120200216,0.05246320069524013,0.027580234839596596,0.06243956688718777,0.03365218679344162
1997-10-30,-0.031136833359026506,-0.02673279321228983,-0.05458901111404835,-0.02471668259078974,-0.01064920300938954,-0.015321370383950983,0.0,-0.0011614588740095355,-0.006548390737789012,0.006508408835145918,-0.01891378644269548,-0.013232318922770658,-0.006758846132520424,-0.02791852237278103,-0.022828176614751672,-0.0004120970331533691,-0.001594103807596281,0.0,-0.005136396597663073,0.0047713153867969815
1997-10-31,0.0,0.0,0.0,0.0,0.0,0.0,0.0,0.0,0.0,0.0,0.0,0.0,0.0,0.0,0.0,0.0,0.0,0.0,0.0,0.0
1997-11-03,0.0008273906655014152,0.012355725841637577,0.014932491002382253,-0.018482967968536435,0.00922616189137826,-0.018670876235527545,-7.315002821306482e-05,0.0,-0.0030342362134410106,-0.034233522410179074,-0.0021770711659547803,0.001489781866735651,-0.014409695136850198,-0.00870343004417684,0.026340324720656172,-0.01017347505522781,-0.023875243708033622,-0.012986694045169056,-0.0030371754012897823,-0.011172833445581842
1997-11-04,-0.023842133735268667,0.0022828844852693653,0.01882291797091029,0.008542149801660459,0.007110128971556717,-0.019343375228461968,-0.04956557644656967,-0.005930102906815726,0.01553227855722672,-0.0330840016298144,-0.002180889589626145,0.02327322616381111,0.005956777573805194,-0.009657609023145497,0.039566350746851775,-0.004583198422033363,-0.03650301542909429,0.0001751913065954902,0.011424003455851262,0.0021184388724357905
1997-11-05,-0.4842581770702501,-0.01690761959260345,-3.773160168729639e-05,-0.0025025547298409556,-0.000504025521129492,0.0063061028938342645,0.0,-0.012750023872370342,0.0003095833786435076,-0.00773914471891346,0.012804335042468473,0.013604836361127637,-0.026510840678244496,0.005762535709531003,-0.018221976721742084,-0.009348490565868173,0.006944600598373762,0.01719000631516221,0.013855579496397485,0.0007046921534770156
1997-11-06,-0.011771400714794211,0.01140644253542189,-0.006371978133605127,0.0027016592675208617,-0.005550108809655785,-0.03502625876778831,0.0,-0.018601557464887453,-0.009814418857313933,0.022167331318889927,0.001541807988503452,-0.01910869418994121,0.010644222203704867,-0.007051308833205483,0.00044906367945141135,-0.010704100141516126,-0.014559534340209734,-0.010173861689259489,0.000891204018539149,0.0049296029903023175
1997-11-07,-0.01080326750828442,-0.008017729128497741,0.006109255151459214,-0.007505921989693021,-0.011161856139603299,0.00216464821462492,0.013825058039574456,-0.005191544831016914,0.0007305305727276501,-0.012449729891003458,0.0006157277719340826,-0.032798850129101,-0.01668725402162452,-0.030626120515353517,0.0119690172507958,0.002562489522283773,0.046734327283968646,-0.006968741555058111,-0.008756240473871357,0.06797446401511875
1997-11-10,-0.02240273254160552,-0.004441081353764087,0.008901390273798437,-0.0031026392489247323,-0.008722493842585055,0.03339395371630682,0.010605616312275412,0.043567891055911634,0.0005215588917160119,-0.030907128162094955,-0.00830778481874972,-0.02964520001749782,-0.004590217431948429,-0.015567683665403065,0.005765718175333001,0.009088443348257425,0.0025256603459240523,-0.017544284242558272,-0.02350647092645508,-0.019816075587928972
1997-11-11,0.005156355766033016,0.010883988189128058,0.011514255908966486,0.012254396155962466,0.001035219393689557,-0.003375991634942732,0.019490545021352723,-0.023258628058229314,-0.010628319718204993,-0.018463641245250684,-0.0006205038973952082,-0.013299932064763653,0.013135735380344737,-0.006511651942851748,0.0005879354792024394,-0.0007038445170358676,-0.027491812541114546,0.0,0.025912261525326885,0.004953998584571906
1997-11-12,-0.03533764337554446,-0.02206352091490027,-0.03621991516520884,-0.023635518705987124,-0.06980333244677583,-0.00951779282571441,0.0,-0.0190499256095763,-0.03401824403623044,0.02308630483785068,-0.018317390372227238,-0.011335836343757344,-0.03531023702088787,-0.029494407709888537,-0.01924480838611986,0.002253302589518391,0.009067267960722436,-0.010713857683500527,-0.02869533357149856,-0.0011991219364718697
1997-11-13,-0.03101950115065677,-0.020124319717107708,-0.010047224622497297,-0.04113384748302962,-0.03390790602000604,0.0,-0.003897201340742784,-0.01735650052651072,-0.026711646433033254,-0.0020893184005056353,-0.024351565976940215,-0.0004566470141857959,-0.03131262243901156,-0.035214549517202265,-0.006890319457866445,-0.0021078524082718264,-0.02718380237433682,-0.00360991588847015,-0.027081107486078615,0.0018674670849057051
1997-11-14,0.0,0.0,0.0,0.0,0.0,0.0,0.0,0.0,0.0,0.0,0.0,0.0,0.0,0.0,0.0,0.0,0.0,0.0,0.0,0.0
1997-11-17,0.019512759236728794,-0.004973312326198687,0.007437837790484014,0.014368328073227854,-0.004603092750598892,-0.002280052444420977,0.0055361409328607,0.0029646216965522054,-0.009633647820751379,0.020938252739876706,-0.0006483211661326704,-0.00690557499494171,0.0061993060047660364,0.010999835043691064,-0.046154012176832016,0.0014083427876478982,-0.04059626978235242,-0.003623415791033535,-0.016289581717992108,0.045932568319613454
1997-11-18,-0.022727727192199287,-0.02804509254601184,-0.012035486996184841,-0.015176570727315264,-0.013872514071060604,0.002611700332911804,0.018573148422367902,0.0,-0.015043540293308788,-0.004511947971649999,-0.012650130993717812,-0.024595940486288104,-0.05794319080739063,-0.011869227916136205,0.029411729940449494,-0.02601226438103199,0.004611732585527717,0.00909070669361034,-0.013183389604883966,-0.03907840894070003
1997-11-19,-0.03733158824258265,-0.06732688953569888,-0.017163757411032377,-0.023011936429271573,-0.041617953892778003,-0.0115599465282048,0.01160362998657316,0.0024629098164981045,0.016995946776345416,0.004120403565832875,-0.022667335525312304,0.012313360384920147,-0.03643748038966865,0.0015012506086666821,-0.034869397337152996,-0.043308854677803765,-0.006684320860572246,-0.008468333294350483,-0.02851081280594059,-0.04053519487821022
1997-11-20,-0.012396937418060361,0.03206065329922958,0.021384286927743634,0.001262025356991714,0.003669616340127302,-0.011859635946586455,-0.016814057780609737,0.01474197629721452,0.016937816411202844,0.012720484801389098,-0.005714330572673343,0.0018622565763619647,0.015190822319221198,0.005996986058438125,0.009549517578209876,-0.030481441868207892,0.002675259055298085,-0.01908036667484203,0.010900406729707601,-0.0017950337739469635
1997-11-21,0.00032226043702809903,0.07152750163903021,0.016864863537829233,-0.0018905217072577862,-0.008531194748519932,0.02517128566090654,0.001522011988929206,0.004116252759994055,0.04041720118511316,-0.0004056024565076699,-0.0679512270454995,-0.004124334360559145,0.015122183879022533,-0.005464400121355961,0.008513369228837053,0.04295718697837447,0.008975286309002461,0.0024084221697737718,0.01824821518191544,0.04785630100078553
1997-11-24,-0.04568861527699275,-0.006001578782540151,-0.01323025138350653,-0.06986538512744123,-0.017824367005433772,0.03983723373984782,-0.02033165948886284,0.024113934133703552,-0.02358606191570567,-0.02553646830298628,-0.07000382615668055,-0.011550120354883564,-0.01285877791501322,-0.013985887542529385,-0.03173334610932621,-0.009849503619836941,-0.016348197120085395,-0.002033324376861545,-0.036005122815447876,-0.010559655214776642
1997-11-25,0.06203611152183397,0.03808293897067383,0.048259347805381436,-0.0024885125470021086,0.0131413769381159,-0.020954104643492455,-0.015730909794419268,-0.0031786597225870183,0.0016396074925673076,0.01164705840459268,0.026521127572381786,0.009442649191427899,0.07768100666012989,0.010638427284456187,0.008556616792578131,0.04883219405539818,-0.007495817170724117,0.007778082915077089,0.016055234929946982,0.03735323048681716
1997-11-26,0.039365270501775296,0.027111664762220267,0.00840417653897263,-0.016783919781790946,0.028412747816303874,0.0017569889422206497,0.0054774094185392475,-0.007913094163823686,0.027390177337194732,0.0032893314659150352,0.0026595621965659344,-0.03186212290944945,-0.015625069930211177,-0.02055156593261731,-0.00480235899956194,-0.03405651335607218,0.0030374814325948574,0.03270802907753789,0.013140573745978434,-0.0028292691798291747
1997-11-27,0.019853441676879635,0.03388792840971511,0.018568394082574047,0.043598507047541535,0.03903882558667071,-0.004783267444611883,0.0,-0.011904862187292253,0.010620945251057057,0.024590248331686437,0.023493588947115285,0.015096349997202552,0.04672059494915537,0.03172983677857277,0.03619102469939084,0.012644980331128375,0.026270227561918214,-0.0008891845482672522,0.03299944602854876,0.03778700616108388
1997-11-28,-0.04971549619931592,-0.030839159735484012,-0.013313835469272561,-0.0320511814216381,-0.0289014792383937,-0.002723450140950434,0.0,0.026626608283538467,-0.002627564892319856,-0.010400034837745764,-0.037023120531621934,-0.007733173769765678,-0.029899900361210485,-0.008928502379816905,-0.02468188164443097,-0.0098427565921555,-0.020095536384025725,-0.052537701134829695,-0.02145570882018233,-0.02361091101922208
1997-12-01,0.01292132982853933,0.02217006823184109,0.005855700383570195,0.03699460470708171,-0.016666937256165637,-0.010762828260167945,0.0,0.0023472670243729343,0.008640770378458562,-0.0008085606176744253,-0.00038422970169582626,-0.020743585655260688,0.04217665277872884,-0.0005004766636611535,-0.03612911581386247,0.004005916521052644,-0.007161274113116511,-0.003759634536951495,-0.00828329380437387,0.021509015301871548
1997-12-02,-0.016490317542791177,0.014034403734029421,0.009220599838314802,-0.002862771695425592,-0.007263895866747028,-0.03913580416331652,-0.04925377607424919,-0.023533513572814302,-0.0016710577463535659,-0.02710339228102776,-0.008846572484025761,0.013775020802833327,-0.009055887972354348,0.0010014545319452228,-0.02955752496395303,-0.01832425149937411,-0.0004919995875759531,-0.028302135102210357,-0.0011463219809745295,-0.0019934174914266745
1997-12-03,0.0037964228625104735,0.05376574547776225,-0.00960174853470075,-0.020759513264411167,0.009756218107960235,0.024505367817157175,0.0,-0.007194089759605782,-0.014755172923072823,0.014552947468835953,-0.0023281540026892644,0.0006037368484299588,-0.0028558733048440477,0.0005002263120654771,-0.010379481685501513,0.004064261253858614,0.007052611799163611,-0.021358994796121245,0.004590622872170602,0.03021226587220971
1997-12-04,0.01386713866115774,-0.017909788724352338,-0.017328335484968815,-0.02300440603506848,-0.003623081527848848,-0.021115104809831475,0.0,-0.013285410812972187,-0.021667682301377722,-0.0028692055208886513,-0.017502992197395595,-0.022029038373336474,-0.027639216534662725,-0.004500502709055665,-0.00533010204484452,-0.02683659770574076,-0.006921542533409153,-0.019841367473212412,-0.02023814839374194,0.00012105811367346675
1997-12-05,0.01523112435788665,0.013698032581329844,-0.011817160728184284,-0.016158535210323843,0.006666484861650446,0.006909114382448234,0.0,-0.020930147115467812,-0.011074128714029685,-0.01767337663867452,-0.019002236327319566,-0.03153543597224184,-0.011045131664604857,0.014063612846562323,-0.02990492591191385,-0.017254424753761266,-0.016072511949256185,-0.012146045287283136,-0.008995471574414715,0.027262872623326606
1997-12-08,0.026026148693568008,-0.003118585240327154,-0.005513285721146066,0.02111662671853365,0.0036125465646852373,0.004184415306083933,0.0,-0.01787716447097465,-0.0004386333857734348,0.02175716481527923,-0.00968534631538831,-0.00019111603351096296,-0.0101267746420719,0.029717782384924396,-0.00017829628103827044,-0.011130280994475883,-0.006416937449522764,-0.006147375174742842,-0.0042023076245402136,0.028898185634620654
1997-12-09,-0.06923285536210533,-0.09865256833496228,-0.029481568645390976,-0.01999056226092999,-0.011997952996192773,-0.013333448474487697,-0.01098884147443313,-0.034877744529665855,-0.010434079527731677,-0.03316931156811831,-0.02159735884748104,-0.0021030606822578513,0.01143359502990049,-0.01202495808469528,-0.02815889773836422,0.011572335444131943,-0.01836943751724296,0.016289035359930315,-0.011647739775631716,-0.03462095807152821
1997-12-10,-0.01122185962639266,-0.02776314229423782,-0.020765306244922233,-0.025557109859491667,-0.011536053007628833,0.006756659603017301,0.04761919062818154,-0.009364568733838174,0.00976687570928525,-0.008047189241723096,-0.016243068479966816,0.0013412711936446886,-0.026475941516613255,-0.015579489027309212,-0.05684930695351431,0.015515053984332283,-0.02589087598459805,-0.04463385624627991,-0.014175861224974495,-0.017100388516046783
1997-12-11,0.012321625152061255,0.04603694463290853,-0.0186836254503433,0.013955952606592659,0.004299896049797747,-0.005201327504380182,-0.030303240470383797,-0.01823998892514722,-0.024730302005002702,-0.002989265454702683,0.0249785657655468,-0.03871669484605422,0.0025975933283104435,0.010385795993103075,0.029554569789547847,-0.06450625566958179,-0.03947365107674172,0.005946073072068625,-0.012647144611564465,-0.004711775863584733
1997-12-12,-0.03619449039166567,-0.02957371206509718,-0.007953226493965015,0.0028474296962830437,-0.003058029325074263,-0.004891134950547715,0.0,-0.007322902337161152,-0.01003062380982267,0.0038546026413479595,0.0115656483105111,-0.05852298399960121,-0.008686467958577304,-0.00489461804287028,0.014919896273953626,-0.040250664189630636,-0.002739866632495147,0.000633401175346604,0.004913062110229793,-0.00036399123626473795
1997-12-15,0.027915826843964098,0.009377038667028437,0.01498096047041364,0.012068261399374114,0.006134724567969041,0.003389834052442975,0.0,-0.016393501006087385,-0.00011395024706917223,0.014931353738915965,0.03797476756031459,-0.006343160115628854,0.024750098671848964,0.001967442008060205,0.02716771465369927,-0.038157554454693265,0.0003664466765118668,-0.012658369619324317,0.03125547760368508,0.007407377824592665
1997-12-16,0.010345988108681592,0.00714604685308573,0.0501837622321617,0.03600662046034331,0.008536585136676988,-0.0016892951430863556,0.0,-0.024999676720737884,0.005123434531191906,-0.020176463285628388,0.012195074445585652,0.0019860120263919256,0.006600621935536566,0.014236913873493462,0.04782609116207803,0.018942333256048327,-0.005950267830138745,0.008546884701760238,0.02421273076783037,0.006026947826445417
1997-12-17,0.0057602050386480474,0.049844773271767284,0.0029242786535925713,0.010607541000128728,-0.007859673875847517,0.01201394677809775,0.0,0.04814786442387109,0.0420253963477526,0.035178562147566206,-0.0007774028326333893,0.031429121448876884,0.023397879614064365,0.03581750829724184,-0.013658514520347165,0.030340043155305363,0.01630010418281369,-0.009110301317495906,0.028269122101042488,-0.0010783356786263631
1997-12-18,0.00031782264675150884,-0.02061337490945303,0.005416620226410096,-0.0046899721995180554,0.014015916558080876,0.0015044774395418514,0.0,-0.007882722947256227,0.00021734330630196474,-0.005802078709939651,-0.00933492917194434,0.01214773544005543,-0.020096085409252673,-0.00887833582389208,-0.016827033541476966,0.03506373994611489,0.012776107082761667,-0.04639708332594561,-0.00610923483831427,-0.0009594786211516437
1997-12-19,0.022583051660336695,0.016562085029784956,0.04919734183777136,0.010769366078845266,0.015023950083957738,-0.009015054920318066,0.01562520711750892,0.03493166185448526,0.011955489600741886,0.0045851426081982005,0.008637552454333841,0.0028474749949769507,0.02214292639673876,0.017915818036587927,0.017828309588082902,-0.0013155492674912228,0.005457636460952875,-0.013453155189362076,0.011322866368975282,-0.003602117361899637
1997-12-22,0.012441822632387245,0.03512937321312681,0.017413381201879075,0.03152088019781396,0.036115970722205404,0.0032007288874977835,0.007692079452051193,0.03639992227290434,0.017183965501678333,0.005809071148612066,0.012845594252369752,0.020960087222526402,0.03881951632745295,0.027791074362275126,-0.004729307095298063,-0.000658314685028194,0.011923869731109704,0.017500350732698955,0.015995221085774558,-0.007109411122602327
1997-12-23,0.011059817150987916,0.01631241053079746,-0.010374992118996396,0.009683431041449753,0.06914327855499658,-0.05004207997837218,0.0,-0.010089521014817526,-0.008235630877534539,0.011138844277057691,0.014604021394281741,-0.02231777176446914,-0.023233065282092236,-0.0022539674592029213,-0.008799818299656481,0.018454344623786367,0.020752827674414664,0.007593966649453998,0.026763092155829726,-0.015654911048330833
1997-12-24,-0.011850850845855354,-0.021777600060273294,-0.0002497957682702223,-0.011295723531883795,-0.04810275291740984,0.05921895882475381,0.0,0.030834606677264675,0.017779143382911533,0.004079524959215375,-0.01439381382917515,-0.00873787875807075,-0.005588141730655916,-0.007677968708264871,-0.02876398409867531,0.0019409968391450594,0.008270087702423323,-0.0130787490107378,-0.00045991580515447605,0.008013574440008275
1997-12-25,0.0,0.0,0.0,0.0,0.0,0.0,0.0,0.0,0.0,0.0,0.0,0.0,0.0,0.0,0.0,0.0,0.0,0.0,0.0,0.0
1997-12-26,0.023985655058237576,0.01846975041446508,-0.006848110626474502,0.03535250995473671,0.017405681551138752,-0.02219570668610482,0.0,-0.0025028893834571075,-0.007008579355722966,0.034945574890153486,0.01652572409051034,-0.006833591368212488,-0.002593586693724337,0.0,0.009506134324966498,0.007428127863381873,-0.005639268191381941,-0.0157231292058716,0.0010736986742820864,-0.023116301029810216
1997-12-29,0.017717367614123125,0.001133404624722667,-0.000718701435748037,0.0074950559414064255,0.018764125161635503,-0.02287103782691502,0.0,0.021329763606864116,0.02580854152554024,0.0015701879110874284,0.031379837663165544,0.01995331671857503,0.02643701820167421,0.010468895966921687,0.08873601762129013,0.02211880190703397,0.028355427228876184,-0.005248950886313719,-0.009040893830000729,0.0010015240583496343
1997-12-30,-0.023015285831056054,-0.01924639576138376,-0.018832568124576454,-0.008059421070623629,-0.02221037406264792,-0.03318833309414437,0.0,-0.019041433436649546,-0.0025674586471493566,-0.03763221535262895,-0.014295976721207526,-0.002563441597039584,-0.02336376710297039,-0.013964108390993046,-0.016965924453357983,0.00015698555406506998,0.036931813845405115,0.00022917596749505442,-0.012061018970709214,0.010881718121202866
1997-12-31,0.01298670008848335,0.026714947089679475,0.023773183057568703,0.0206250323047501,0.028254826077487527,0.026016425784360253,0.00305368065332301,0.05197223672456097,0.018017231414646506,0.012220077218613845,0.009296874370325892,0.014067509728621364,0.02277042440282928,0.005482350756819576,0.007614163668877794,0.03073046034771032,0.02530246809818326,0.026835174023621233,0.012677822319360432,0.007176590787729031
1998-01-01,0.009242884877890933,0.006264591186652346,0.0017892449487459938,0.005715705167607776,0.007004505387135929,0.001584918079438058,0.04870559332650792,-0.007142704502289932,-0.013349350997839848,0.018913281804236792,-0.0007367393795804089,0.00526870018771497,-0.00915940781684188,0.0027259035580531332,0.008396221534434645,-0.015820136254017125,-0.003458113285770281,0.04824644692515201,0.0017001857532945586,-0.01007405749392365
1998-01-02,0.00029550523597610123,-0.0036714467999244826,0.0025354024446562207,0.011162881922684997,-0.002675409189443978,-0.015822799566702406,0.04934741141010912,0.037409838326110556,-0.0074823843789467714,0.003159715806384522,0.04056059929457301,0.007430472637330876,-0.006115224095177174,0.03262362364101734,0.019650320326896065,0.0035551686137125227,0.001655920710644354,0.0434689160948003,0.02391627027195664,-0.005708458050037057
1998-01-05,0.01860567121600276,-0.010974208771583394,0.015069608669143975,-0.005821109975547301,-0.004828307951868727,0.014469334863024708,0.009681645317494825,0.0077439804958510106,0.0065060677574877435,0.027165409252376982,0.005315003977033772,0.02377323336190984,-0.0007150016847253804,0.057481045497646654,-0.02449807440696583,0.0036962971387224375,0.003543005022219381,0.039411574187970366,0.02260381675604739,0.01909621935186867
1998-01-06,-0.008118005121074523,-0.00599339303805313,-0.014776040772713106,0.0006054117385259072,-0.01886779756929835,-0.04032384811853429,0.013698896990063547,-0.030623074909635672,-0.022573603492667682,-0.021847773248741098,-0.01550897194448475,-0.006625549346689796,-0.020045823387401907,-0.01908727244011532,-0.019755332693704775,-0.020408189648649544,-0.007688209026356474,-0.043221702999169165,-0.025641214958779135,-0.014451572520080225
1998-01-07,0.009938591218097148,0.0037483296197480254,-0.0059127777669244486,0.00020218241872749232,-0.0005495895097239467,0.019082269183112066,0.0,0.022006839937565026,0.0009450042422647353,0.007445423441868382,0.0021481697276841683,-0.031470482497090724,-0.007159319363683414,0.0025381784243234673,0.0013664421363188684,0.011434880784154,-0.00047464135209440705,0.02669429940334367,0.012402203325078576,0.011060091936688554
1998-01-08,-0.0257598719691422,-0.028817360796650426,-0.005661773390890801,-0.03711934465847366,-0.029136721669393628,-0.02556692292673568,0.0,-0.035656211321462794,-0.018143688904967092,-0.015558056178901825,-0.03429817454211359,-0.03536790281876834,-0.02869785153819171,-0.008860415023500212,-0.015691639722392625,-0.009447265107818459,-0.04129104301270159,-0.03080045024531919,-0.027935833909656926,-0.015609650406849918
1998-01-09,-0.025549817072292313,-0.0036776408624027423,-0.00299121279665715,-0.01990365639565972,-0.031143850094169312,-0.017184097518032404,0.0,-0.022209233059380606,0.0072634507041489105,-0.05373380438232023,-0.03292640855480011,-0.03922957934072413,-0.020151026951178097,-0.023414244960690556,-0.022699880268861716,-0.030487852597324117,-0.026320163968454602,-0.05117608168521326,-0.009067021219617999,-0.023473781261443283
1998-01-12,-0.046341223520463215,-0.028020316954759594,-0.026026042289342688,-0.019239123610774178,-0.026300575874202314,-0.07651817420864804,-0.001283911549900707,-0.013873509288861774,-0.019087913965417758,-0.05720258201394013,-0.050114584891633784,-0.0851244300308237,-0.039586371190907355,-0.016129277952080967,-0.03900697470063996,-0.016610063670179143,-0.034149502584895575,-0.04306227797475903,-0.006823945560268219,-0.01943474004593637
1998-01-13,0.009590528584190627,0.01959265508404573,-0.02876184902801593,0.02462964049489247,-0.0276109097266094,0.009975731245964292,-0.05283803090237915,0.005976210148939343,-0.00010848390790030304,-0.001328820032042377,0.004430018329112384,-0.0026810869289749517,0.014168933626098612,0.0008860899597273875,0.010701012569990676,0.01705454215640767,0.0017547074524655315,0.00022765700605398287,0.02295437733381589,0.020732834467640515
1998-01-14,-0.01931571852798797,-0.013713829835260372,0.014558403204306902,-0.011274097652287929,-0.07098763112754114,0.005039186767338499,0.0,-0.002475286998981807,-0.0005405581121916692,-0.03325917427444858,-0.005212657659071529,0.038661965496156414,-0.005238779405898564,-0.00398379541890892,-0.06516951686747319,-0.008706751813983171,0.016290019549791035,0.027039496588387557,0.012975362608408814,0.010475263084205766
1998-01-15,0.010009637788109371,0.011072236484780174,0.0010165757856290814,0.014845059322188936,0.04451816595223357,0.002406877393439144,-0.0014288605238393925,-0.007444102922942952,-0.0058413497959013405,-0.04633039074831469,0.005643011838396328,0.0009138417099721075,-0.07612550742026047,-0.012889150091524915,-0.04667098251248325,-0.06587503522673122,-0.0034471141382956816,0.029645117606573956,-0.0012057070534764458,-0.00518359460753981
1998-01-16,0.005114798562145806,0.005602453089427861,-0.0010908476330702133,0.03858377611313846,0.01272272837374877,0.0012003948535748155,0.0,-0.017499533779632426,-0.020130704843163594,0.01587320626735944,0.01603210959881496,0.0016731318626153069,0.009500853715750157,-0.00045022627501178913,0.02703832746516044,-0.03778489558599907,0.010809512045624192,0.005801780291698533,0.025648641646124126,0.001906344118884018
1998-01-19,0.024491744833618156,0.009792532105907137,0.019736984309500993,0.05143919417736198,0.01444711524733333,-0.0055955782678952515,-0.041487690749872685,0.017811221858196502,-0.0005553458803183586,0.011363586298244632,0.020907487014031334,-0.00911090515763413,0.03730367416819602,0.027927974615819418,0.012365539928011149,0.01574353389130967,0.0013686104904775398,-0.00598147675985683,0.017211029711029724,0.027016702610930032
1998-01-20,-0.016454835157244108,-0.005099423614768339,0.0039156438743823685,-0.015531263557833075,-0.017337363874533107,-0.006632199024108165,-0.002238712769307538,-0.032374826465005,-0.012110927349518352,-0.0102996604650194,-0.004636876658676625,-0.0098843674214516,0.01633053598035561,-0.012269748350205889,-0.008668277524991996,-0.00979865770626931,0.007859981021712148,-0.02213595538331059,-0.009833764161247482,-0.011732455617044724
1998-01-21,0.002525232264464883,-0.00436927324552272,-0.003017119302168414,-0.011634634925358545,0.027725192482249028,0.045721946637960365,-0.012714868338007612,0.0024540785187738834,0.011472203855420693,0.012771819985668342,0.01591609591028198,-0.003172855617422865,-0.021749153869028426,-0.0004436345596092739,0.0023846798168909444,0.0025188903400390483,0.012799813584924769,0.01582409732256318,-0.007010209885371821,-0.0033743850462987224
1998-01-22,-0.017946805737727778,-0.013334811496872545,-0.00970626243223982,-0.035913744986911245,-0.016554198105599993,-0.023022258891641334,-0.019696976842659697,-0.02835030073692646,-0.027243250639739758,0.006539197898027371,-0.033244173126057874,-0.006754438149615294,-0.005309393195882084,-0.02352441947958772,-0.026962569335648,-0.03571450171963131,-0.010127185019856655,-0.013198094151709139,-0.014708224332196984,-0.005266300184162298
1998-01-23,-0.00993928257679888,0.006072928028365787,-0.006856627318085895,0.00579489415969725,-0.008728273825621469,-0.006138229748416157,-0.07264332095827408,-0.0013256883330436953,-0.032807558626230304,-0.00046408188428648245,-0.008300578709131146,-0.016413889251344793,-0.01367850136079063,-0.0031819929047032236,-0.004482658459610378,-0.005769185005192079,-0.026718529444149652,-0.014031776973265853,0.0013436893363250046,-0.004159913470649035
1998-01-26,0.0,0.0,0.0,0.0,0.0,0.0,0.0,0.0,0.0,0.0,0.0,0.0,0.0,0.0,0.0,0.0,0.0,0.0,0.0,0.0
1998-01-27,-0.018782801045277298,-0.010202104690435476,-0.012757898944091961,-0.010082716730199892,-0.03647801107163451,-0.02829276679754944,0.08333374021748763,-0.035325847462363336,-0.03439300579739024,-0.007892450277891538,-0.019529607093454304,-0.04601050000934637,-0.001690786936361821,-0.03967143993811162,-0.03602110615530629,-0.0773121375887732,-0.01059855811122512,-0.02157020957807787,-0.012075323834744855,-0.015569844701204039
1998-01-28,-0.02178201095511445,-0.05291194317014991,-0.011288738455944691,-0.021201223458907292,0.027415141239482743,-0.010662252455532428,0.008076584833530243,-0.03606801215525224,-0.0407590212145541,-0.007955149502818393,-0.005691107296431963,-0.0214909912526271,-0.07741841517063275,0.004748112221206968,-0.001486182246073664,-0.04666231636481,0.00026344086924945387,0.009091132464584817,-0.01176975542652825,-0.014787107851118253
1998-01-29,0.010121444003056368,0.004444057046419703,-0.008880136683359408,0.006370713290834162,0.012706465252609433,-0.036061852790409965,-0.06600511435198497,-0.0031423061527396934,-0.019905652558472653,-0.003773247687937742,0.005314950660908702,0.006214192457904888,-0.018913134701871948,0.008034408328229992,-0.004252879435522772,0.03617750708689749,-0.017029345264899076,0.0,-0.0025959185541555296,-0.002870936006263425
1998-01-30,0.03006027649960985,0.012550740733656252,0.04565209215547372,0.03207427832317533,0.026348902884715475,-0.036981861149109285,0.07843148596344807,-0.020916853862563367,0.02473638738530881,0.002367211881720621,0.026839914595264025,0.012097993032815113,0.03163007235241144,0.012188906927734333,0.012171790360849588,0.026494304807461955,0.023039547216785694,0.0045045269129619925,0.03551739584260316,0.013088671113857586
1998-02-02,0.016536737782031352,0.01970759358650742,0.009681708752230733,0.00960945541346736,0.009168763228117438,0.033266628528650255,0.0,0.005267360879886551,0.038241536137502585,0.003779385440439098,0.003960611428545979,0.05124143111115487,0.02177088230811175,-0.003705244173847988,-0.019831269019408126,-0.008803460382048489,-0.0019203987504119446,0.04035833608030548,-0.002217633417395337,0.015504080188829539
1998-02-03,0.01531113536777462,0.01836485640604435,0.007310332336549985,-0.009112907581560248,-0.003028393593350609,0.019446996973772723,-0.05303030092862948,-0.011644588308661552,0.03842411379182198,-0.004706159711321489,-0.010650786484126873,-0.031727052886533214,0.00017763949976656868,-0.01999067078147576,-0.04218645885935057,-0.05106983552411759,-0.004722588891382662,-0.006465259502301257,-0.0014818833583828406,0.0006358964874748629
1998-02-04,-0.03047430824698083,-8.61836751823164e-05,0.017907357852807948,-0.023094057041685767,-0.021263803675238058,0.01971161417084777,0.0,0.030928110987715307,-0.0018855843614749013,0.008983349983994637,-0.007974540352267745,0.0022995794584437235,0.005148001256533474,-0.0009486365867513724,0.013258321351741875,-0.011061485094905787,0.00579974723617438,0.015618485608153376,-0.01617436851976317,-0.006993134194267503
1998-02-05,0.01198937648260312,0.02293020529639067,0.019276404314571227,0.0012551001215652668,0.0012413964093054286,-0.0029101544620445674,0.0,0.0339999182809374,0.0011809973998586631,-0.00093703597860606,0.0036174540128568466,-0.0035234649371873594,0.011127088654745876,-0.003323848738078561,0.009979973503258632,0.007528230063222452,-0.0055915768532491805,-0.017514356453876223,0.016138864279950038,0.0025608185186605237
1998-02-06,0.0016012940073337756,-0.0010071940865133966,-0.0004925784319609328,0.011491882887353366,-0.0006201196981008295,0.021054887250530063,0.07999967579483247,-0.02749386807524712,0.0025940074306842753,-0.015947694641115118,-0.003604415206603706,0.004522335024028212,0.007161478207644345,-0.0038114136141478294,-0.0101010764218602,-0.02775392747101435,0.0017570977117529196,-0.01739063849015332,0.026569772967258043,-0.005108344942651333
1998-02-09,0.010549693954676531,-0.0072275295992711985,-0.003868104467751654,-0.0012395413498412777,-0.006203324148923772,-0.015312450983892445,0.0,0.0018470096168303751,-0.029992757899034217,0.0009533809320088071,-0.012459685498073525,0.0096586964566443,-0.00225481090649593,0.0019132122889180536,0.03615779246513484,0.015371204701273289,0.008595058573749537,-0.002876338121772015,0.00028901489516597323,-0.004236488047560494
1998-02-10,-0.0044286342458904615,-0.006095097029391483,-0.01677048413954063,-0.013857066537562024,-0.035580487056932064,0.002488285325089157,0.0,-0.017300202601092995,0.020128201548752722,-0.023333369666965087,-0.013024092841801949,-0.0032427009067653723,-0.014948542121162367,-0.017661281341050272,-0.019267814146335716,-0.021410046423213314,0.0,-0.02130069874875906,0.0021682031902947596,-0.005671976353904484
1998-02-11,-0.030823344441846756,0.010561291311374843,-0.010700833052833869,-0.013003873512228314,0.015534021446913737,-0.00744600844932608,0.0,0.010245623689417727,-0.008082479288458289,0.009263488555041777,-0.007835136312264512,0.007645255162660458,-0.03140997315471239,0.015063496881712046,-0.003711104068612525,-0.041988678586077355,0.0,0.011109016403667571,-0.019183431930713923,-0.0062233622167156
1998-02-12,-0.021311340788816358,-0.0011799254667085313,0.0020330273052988623,0.007225085360353489,-0.009560291040791147,0.01667022380540062,-0.06666651596884532,-0.030852939912309307,-0.013780800736877263,0.0009661872231156998,0.0016628023511728873,-0.005085225527921233,0.004372056452434325,-0.014839955261899629,-0.002629092316786874,-0.016839851525784266,-0.040695712058090194,-0.013453155189362076,-0.012058858932014083,-0.005870918945984904
1998-02-13,0.010720117189444656,0.02463957716553078,0.07508956446383541,0.01392418239861759,-0.009009008115653527,-0.0043042666172429245,0.0,-0.0007371508783732272,0.021020819196908125,0.003861287874365127,0.015352578491892865,0.007139482658432783,0.014874552922197859,-0.007288718590938825,0.030975406974780073,0.0023460988896495394,0.006163746036031759,0.009091132464584817,-0.01280157811328786,0.0013123893416677745
1998-02-16,0.0,0.0,0.0,0.0,0.0,0.0,0.0,0.0,0.0,0.0,0.0,0.0,0.0,0.0,0.0,0.0,0.0,0.0,0.0,0.0
1998-02-17,0.0029833641239496167,0.030634819008769076,0.044036651984258546,0.008947116554820944,-0.01688308660403126,-0.004734134269875456,0.015158562230639161,0.015044576971929846,0.003927081766999629,0.004807798554171017,0.0016344069929958849,0.0013692422916917746,0.034137893540962416,0.0019577244153119455,0.01747293905627445,0.01779017223233814,0.015585620047425142,0.00810802625826823,-0.011157898382307962,0.027785153263063078
1998-02-18,-0.007931133720438077,-0.013983294605222296,-0.015684117233580874,-0.011755032633539275,0.013870692469980295,0.008273016695169222,0.0,0.0010164911401195909,-0.007112662712639217,0.012439966352574716,-0.006527798772284488,-0.011101252770847947,0.011233671410679769,0.01661002556290936,-0.004397966364072303,0.019779365543433514,0.0054999801678770055,0.016532953058069566,0.006861745841307165,0.00535572107641169
1998-02-19,0.017987534726620735,0.014262200720474016,0.005179981895550911,0.008347310126377572,0.008468687300261735,-0.0004104592195985912,0.0,0.02177430689954174,0.005850241481871299,0.002363089403651708,0.0032853070956864183,-0.014317004389889365,0.004101873896582786,0.008649620199141728,-0.0004208378885730557,0.042850759137333716,0.011645391609101718,0.02417521454360627,0.011358394799103166,-0.006849467927566355
1998-02-20,-0.016033875296360578,-0.005592638091656887,-0.0030331465493117493,-0.004553172385088455,-0.005813733559344447,-0.015801510841826127,0.016339907640390505,0.03168031527940962,-0.019940707009099445,0.008957850354571084,-0.01064249520082794,0.004786549563955189,-0.021106628253699022,0.008098880412725107,-0.023148075842038596,-0.004974038197921082,0.014650896725914242,-0.0141625917353283,0.0007489522138608429,0.029629933758895666
1998-02-23,0.015630495370339892,0.007954352181249513,0.013642315863325205,0.02453229217084929,0.029889491687395076,0.01772357484127074,-0.0015389604889969322,0.0045448097771820795,0.01719785507325211,0.018691830978860624,0.011170688287087671,0.006324489621701623,0.008868161458998713,0.03449903068630933,0.008617188390530606,0.01282325400585993,0.021744442131656605,0.024814665391416302,0.017058222154371583,0.01922601126275758
1998-02-24,0.0,0.016022183739574425,-0.013071759459480137,0.012378278997893899,0.023343728416493903,0.029296653600100475,0.06317432123062838,-0.007539630435177691,0.002381205738970049,0.055504477902441396,-0.0012275013196575424,-0.007671990919895455,0.02361262890157234,-0.00045656239055646974,-0.0008545049390910053,0.004935612321578686,-0.01514114637902575,0.002548964833355427,-0.00514944197526479,0.014238638582027674
1998-02-25,0.029141965930317593,0.015063500210291902,0.007947139499417943,0.0160354024328917,0.03514195728052116,0.024880976095770446,-0.014492593382118168,0.020856519417670416,0.01259025937484859,0.08300755881006561,0.029086746960655496,0.0143114191660485,0.04394698882043446,0.032449573987595626,0.05344167612965478,0.04441622364419784,0.03834985025069426,0.01525408380715354,0.017006797814365315,0.03527701070012901
1998-02-26,0.0009544010660527125,-0.0022412044531507913,-0.005353756934794118,-0.002170144837024046,0.019654573502482453,0.008545440964987217,-0.01470598662578082,0.014612313351575867,0.06475082865643822,-0.010032472495684841,0.005572998628635695,0.010136197767239397,0.05048347503865114,-0.002213105091633083,0.005276098599422019,-0.0030670796637186637,0.0026320627069638114,-0.002712832365024953,-0.0023264567579368567,-0.0075333942136739385
1998-02-27,0.018436211280740133,0.03501416737890595,0.0016314350948505307,0.014037138184499698,-0.0099301687404999,0.015598029382516643,-0.03880599435020171,0.008267581274094216,0.019059308453321044,0.0012163204495949653,0.0482976434428124,0.02793611063340684,-0.017963910495627733,-0.003105759934869945,0.006459089290935749,0.00963915254085701,0.02756599923178782,0.0010463912556233357,0.04037303387429403,0.03596868097233208
1998-03-02,0.043070997175198134,0.05725635583492861,0.03559540613205581,0.049522265071838545,0.028318756404292156,0.012135034938355771,-0.006211111253267787,0.0051580905854133885,0.0028106383900823317,-0.00850179005475904,0.04418441483742663,0.07426808909310201,0.01125695049482034,0.048953907756816184,0.028680345575129662,0.09993884370817518,0.021876021409081625,0.0014630924540295354,0.018352588553014693,-0.030323670727457452
1998-03-03,-0.03979659498616783,0.0008490891168362324,-0.04239137527342984,-0.029537464016958226,-0.04934015268390368,-0.0700640596979949,-0.01632822652483068,-0.015394863654957791,-0.007438629986265544,-0.0669666288465377,-0.04882466803134078,-0.04616184323865502,-0.044836098917347966,-0.056851902904669904,-0.060245405108518724,0.02843969155563353,-0.01648531537439779,-0.08891653404191635,-0.04746204710630597,-0.046616735105193596
1998-03-04,0.03583700750138963,0.002546726236070551,0.030574020998850537,0.06317005155185695,0.03138195900516205,0.04915417618422313,-0.02112588531471138,0.028464596927392227,-0.011621759372743234,0.05032854033680767,0.03574157776305675,0.01608110590108569,0.03544862877473287,0.047233732209790436,0.030290307918988235,0.021368054174336626,0.015014002698607642,0.07674680469106354,0.03379566057591088,0.04877440153736434
1998-03-05,0.0033089155669496773,-0.01375743582013822,-0.00420627777161231,-0.01872535579013579,-0.002340511249818711,-0.009216882410251426,0.0,-0.015072850335616228,0.013736341100340388,-0.01583354366408185,-0.010646039621956427,-0.00915085538843452,-0.014694627790774795,-0.01632301730955721,-0.007249226833719091,-0.00879014676877199,-0.021444633476591646,-0.023404659660590132,-0.011316125976617686,0.006278287880104427
1998-03-06,-0.00599672040612087,0.004006072594253007,-0.00393629095806447,0.001651347976802775,0.005865140805767721,-0.021899239030566675,0.0,-0.011081539333057888,-0.017560898800073388,-0.0038101473665632657,-0.0018553877651585893,-0.001438548782830007,0.005552912039044067,-0.0021834587388745996,-0.002839723595904564,-0.008159167629708253,0.00719822396775216,-0.028322043170520894,-0.006217500298855039,-0.005083858587489831
1998-03-09,0.09079946190744459,0.03826115943684427,0.012336510897457131,0.010807984437702256,0.014577263928590378,0.018229051611082125,0.05427994259320745,-0.010005394490902209,-0.0037512611111636396,0.0029750547323545984,0.01747200857913911,0.006216397788318062,0.00378657716348596,0.004814089289027823,0.020545183034825554,0.0053650200621051525,-0.0010323863287043933,0.017040147730051025,0.014076819988602773,-0.001509767754332203
1998-03-10,-0.024059782692740894,0.007548688942644599,-0.01564507706317808,0.010511111523263006,-0.00747111783279486,-0.050788048501201444,-0.006233648040592454,-0.004851114748691598,-0.029571396666820515,-0.022457663839932085,0.013153145084615847,-0.0044451710248378795,-0.030493323234464298,-0.01567963260275873,-0.011361573157926852,-0.04268971133457533,-0.015977622919220225,-0.0119048147887435,-0.021452461090828878,0.0026751590894877886
1998-03-11,-0.02521971037412374,-0.01716387294771904,0.02659786070611636,-0.017575600901722388,0.008106451584407592,0.019064939810949477,0.0,-0.006093529121294128,0.0070758490302145205,0.007802367451391179,-0.01803097920516672,0.008551753928337291,-0.0014593429222948817,0.0075223222675233625,-0.010483689180382338,-0.0018579658455470938,0.0008886753207217879,-0.007139378474553815,0.0007160147596880773,0.0019721902011931025
1998-03-12,-0.009883926470471205,0.011365419305454871,-0.0043342071229358625,-0.003468335193445804,-0.012061721160070094,-0.016495890235199817,0.0,0.004087055624283131,-0.010199258037116521,-0.003010802951491365,-0.0029378343761821135,0.00022504566427783423,-0.0006494579253706334,-0.006587616423866516,-0.01548505290962121,0.0024202113944038484,0.0024212208050164996,-0.004719154818999538,0.009879901612381836,-0.009030003495153593
1998-03-13,0.0,0.0,0.0,0.0,0.0,0.0,0.0,0.0,0.0,0.0,0.0,0.0,0.0,0.0,0.0,0.0,0.0,0.0,0.0,0.0
1998-03-16,0.035525698384890836,-0.0039057429576351277,-0.001829518055423529,0.014288504467138807,0.013953250848885101,0.012272526610713541,0.00983469443951579,0.00542749562573408,0.005152177405368663,-0.013805212540734302,0.023204379664514274,0.006901648270914551,0.07002443411622727,0.020777875424804915,0.018418740849194704,0.0024139079530669516,0.010869352048356484,0.017159330099753012,0.0031192970498319372,0.014485971568633405
1998-03-17,-0.008789408538751431,-0.02270103747556096,0.0008217952241726945,-0.007766078475389571,-0.015481943711308621,-0.04122033432712524,-0.05674816705564045,-0.017273647191483055,-0.030299923426327258,-0.01224826958746239,0.03131742552939487,-0.00670528403815307,0.00607361856267663,-0.0069291556870245685,-0.007112294504328376,-0.020748324551974395,-0.012186466848917554,-0.04395064858946507,-0.0018374437302833835,-0.019691586436635267
1998-03-18,0.02259732874462994,0.011966172952547982,0.013626404305598472,0.017837813427864946,0.025044008261903894,0.03414105477663809,-0.0167483378788561,0.005492673366978007,0.01233411422938846,0.03720135649588441,0.02617831878181609,0.015451481238059284,0.019770527409648242,0.0370692936216106,0.036021433992449836,0.019864014893651527,0.012740341248168141,0.058741550797958064,0.06683644869671101,0.041231063611430585
1998-03-19,-0.01426543010625081,0.013633048379884327,-0.0007207968106722751,-0.008941400237053143,-0.008522781000224855,-0.003260563914079584,-0.03323961607684278,0.010516196761868324,-0.01868178585681224,-0.00213537123698726,-0.004081648994328058,-0.010193415502512626,0.014059134903231074,0.002523008511310376,0.03891751427375301,0.0042661762284619265,0.0,0.05613990421924142,0.041014152994909514,0.08269407453682898
1998-03-20,0.006526648381798061,-0.0019213359099320426,-0.0008152482797574301,0.0016241584163292355,-0.005157926165392568,-0.008178484794427399,-0.041481198903709604,-0.0006751738368778737,0.0028380011945137174,0.0034232841613324183,0.021857351998386454,-0.018955169701248664,0.023788950755241123,-0.0008387359817285667,0.04430481596422786,-0.031584912824604405,-0.004060814068863494,0.035299387384290615,0.051638426651811065,0.009378054492336085
1998-03-23,0.016069538643359138,0.008662880405485351,0.02313015865512913,0.008646865932905756,0.008064605611297404,0.0,-0.04880877214059187,0.0,0.006957052565352839,0.006396730115747262,0.016043041548114978,0.00410769062226124,0.03207396630413606,0.009655591845860734,0.01693374879081455,0.003051821702000801,0.0008795789759761252,0.0028078677497320736,0.00630451728049275,-0.003200099543186119
1998-03-24,-0.00832385656830692,-0.017790453545619034,-0.004754380837118877,0.015717204422693865,-0.014857117698209188,0.0315402347607856,0.022795508915799623,0.014335706214677835,-0.014168625050878347,0.003813532825235555,-0.0023026210460153074,0.003030023655751002,-0.016436244347010853,-0.003326394217579076,0.019874420986253583,0.04316394763022635,0.010702631380558492,0.0475994769664676,0.03289161873364521,-0.035832916528938163
1998-03-25,0.028819155145937803,0.008327635395878774,-0.006257273810160946,0.016880604428072044,0.06612540325709104,0.1001200989537474,-0.04393284453505386,0.026666389919023592,0.02197386654929301,0.05360918312950935,0.017804169474379572,0.002341296891202882,0.025558356213616573,0.0767626333219098,0.005618061261267959,0.003098944069859222,0.0842423738286533,0.04276504021898342,0.047707873025330416,0.02287877059074339
1998-03-26,-0.023932469808040646,-0.018031548623810623,-0.010141697384557835,-0.025765039026594994,-0.01033733978121043,-0.009446144906399612,0.03635854995791998,-0.007662227802576083,-0.008135797494230101,-0.01282063039419823,-0.023323594338947706,0.015598292202147146,-0.010132569602412822,-0.03254557403091718,-0.03613809591634776,-0.01344728027975084,0.007434326690381798,-0.04796819454569856,-0.052994904653165587,-0.012705878899412104
1998-03-27,0.005293938447015423,0.004906247359389493,0.0013785946980011676,0.011714533009490546,-0.006596836940795825,0.007518668566280029,0.05748408960352025,-0.005889277374280688,0.029880518212515916,0.004464112406268761,0.011608631873056607,0.014393737760158176,0.002627988704586137,-0.0004005333171809289,0.05669242770230731,0.0066311174045812216,0.004847203302721814,0.007307528680123632,-0.011285997352345478,-0.0044674374044123555
1998-03-30,-0.01718416861103811,-0.025178177133290847,-0.00341070519354425,-0.018245612049673232,-0.017709038303051483,-0.030032571512551565,-0.0021009873668290657,-0.0011851078442255414,-0.018773270554408472,-0.010504637665380123,-0.022950958455386195,-0.002779349072970949,-0.01172762133547589,-0.03405445056234624,-0.027596531804286784,-0.00018300194836318173,-0.030455519372355244,-0.03360046364038338,-0.02996446930880492,0.004273502396543227
1998-03-31,-0.012972426357067857,0.017528917482136475,-6.255067906302259e-05,-0.0032166383363968487,-0.05746491482349736,0.03452787686875669,0.01982435458017595,-0.023460894222758766,0.02284290411812906,-0.02245840868672966,-0.011409049207445565,-0.020903567485612506,0.00516566818723363,-0.01824978840895053,0.025206866586169774,-0.0020132991848573756,-0.002079559444256085,-0.07605688445151537,-0.023167338082887512,-0.00478721008190941
1998-04-01,0.04485709928389037,0.06370409512687236,0.011743323245780424,0.02814637082457705,0.028691051926944544,0.015780741862584602,-0.06967126064960416,0.05263871136763987,0.008162383614484181,0.10025066631094837,0.032586500049784695,0.010936868551782775,0.021805318166586707,0.03591047452372664,0.004814341985457826,0.09004234303584746,0.01235304284892158,0.0724827869733955,0.07253103128940364,0.09994670427835262
1998-04-02,-0.0054688141578385085,0.013022006772961836,-0.007448723315194639,-0.004533835590733726,0.07147016278831342,0.0035714328986642396,-0.06407193812503265,0.0014098291892898906,0.014056218454410851,-0.031890629691777805,0.008218106539163328,0.007484530289896485,0.0712246393441962,0.010195932721124734,0.08333334094708844,0.009421176490206351,0.023596025515217223,-0.01515178787805982,0.022932166964909406,-0.022740231494132734
1998-04-03,0.017047042875488527,0.019902272355604378,-0.002907628540481877,0.02207047245352034,-0.010303703451763235,0.002847395598330138,-0.004840405995051755,-0.0064017721939578776,-0.001552642231460788,-0.0031369737428058597,0.019889085558948638,-0.010517849059615059,0.08958282788058258,-0.002422169711332023,0.019112361734794803,0.002500099118506016,0.042585356220892656,-0.004048524879343152,0.020244455299567532,-0.00019933574918229446
1998-04-06,-0.0005408409442388962,0.0004478507663701059,0.011163931696081209,0.0032562393449127036,0.06739700039153673,0.004613292042224382,-0.006849115057329658,-0.011597741228794312,-0.004997752374589326,-0.010622067128307489,0.05882358562816714,0.0152382821560475,-0.020379558211496618,0.00485624677003238,-0.007439704053703533,-0.0023276780038012923,-0.03506002383840501,0.007316999212789721,-0.011995442370150489,0.021782385821343953
1998-04-07,0.0027052449660875943,0.009592625686003942,0.01814187339754847,0.02015721154370831,-0.004619790089078868,0.029671231611198667,0.007895990435357936,0.0427639392486272,-0.02109637484690996,-0.015108955304613203,-0.010265669279576506,0.0162540908728237,-0.031027107684655553,-0.010068779861141186,-0.03966261555652306,-0.02782858360867857,0.017131979931840124,0.018764879722544148,0.0012481286623027277,-0.013043855469051957
1998-04-08,0.0,0.0,0.0,0.0,0.0,0.0,0.0,0.0,0.0,0.0,0.0,0.0,0.0,0.0,0.0,0.0,0.0,0.0,0.0,0.0
1998-04-09,0.07607204495705244,-0.017356311774681,-0.005665305581658231,0.013060899175217466,-0.014956289373479037,0.09828476424117971,0.06664023776329175,-0.017253770112208633,0.014709673145055335,0.022607992296986845,-0.0003052743496476662,0.03508641926844769,0.02956687627499832,0.0537025721753166,-0.03528449400618361,0.04216656325540913,0.034598691926218894,0.14597041988826542,0.055303954120011545,0.03767656416683529
1998-04-10,-0.02256201407104097,-0.011860384237136867,-0.007811658050266068,-0.003471048927877751,-0.006282859879977454,-0.030610852967679736,0.0009294478705146325,0.004834225413788529,-0.0022477005333566558,-0.02052923103326998,-0.005797992852483169,-0.02227321967613649,-0.03217338519563118,-0.026641178798231913,-0.012978377021164,-0.022697404162960955,-0.028489549187945884,-0.022295907986659702,-0.017182432967141614,-0.01919995473647751
1998-04-13,-0.029494833763038186,-0.015852471888984643,-0.02164310137855574,-0.03367031008960153,-0.06217053130683292,-0.06589324199472968,-0.019133835600580684,-0.013801237248892817,-0.03322466238721977,-0.054413170145204526,-0.024554669206433122,-0.024916236170936967,-0.04112341327521363,-0.038476605553074306,-0.03790964950599385,-0.026253810774725772,0.030163090006754878,-0.043132448928021594,-0.04250435595523172,-0.003101153819492275
1998-04-14,0.0,0.0,0.0,0.0,0.0,0.0,0.0,0.0,0.0,0.0,0.0,0.0,0.0,0.0,0.0,0.0,0.0,0.0,0.0,0.0
1998-04-15,0.050475729870999464,0.03354084480773101,0.015337110230885243,0.042395957572955334,0.09662915725988053,0.05018964418894711,0.024147407588501535,0.0014122134083198734,0.02516375167102769,0.07374193570905474,0.03650082270975208,0.07505265183337739,0.069979731261401,0.04455447813650237,0.036741219507572254,0.00829599329776598,0.10004028223982453,0.07500466211396173,0.04427742854615824,0.08885032724512798
1998-04-16,-0.019119444289503296,-0.01160881320089524,0.0014612952392796252,-0.02354676829539193,0.07428271396731101,-0.01937967533933127,-0.010633388175214531,0.009871935085485672,-0.00431834327852143,-0.015085184862036582,-0.012750283457483635,0.027504588295530707,-0.021120904662131346,0.010663282288571496,-0.02927596415407452,-0.0032565201760687,0.02643291188036012,0.06478783255255949,-0.02109072091619235,-0.026247894588256826
1998-04-17,0.020261770448239957,0.021543427064343534,0.0024512403059673282,0.004552831378304534,0.051502246846621524,-0.02110148892013264,-0.015420260888760362,0.0317379117432941,-0.018146785173250524,-0.008464020879103362,0.0036898223549091114,0.0832117910419703,0.01826676533232896,-0.0007815182420433109,0.013933129941157585,0.00842617842535942,0.07965638381711226,0.02630762134821807,-0.003572110925111782,0.01769510641962757
1998-04-20,-0.005530519896001285,-0.0172139342048645,0.007523125795348751,-0.005707103121435186,0.008616653743596325,0.013344795388387176,0.0025627317761360846,0.019195711536884152,0.009299409944675041,-0.011382225635550913,-0.00704650388037964,0.03307104823454976,0.004093192114787758,-0.02933118747650898,-0.011132626079193852,-0.00017055008996136323,-0.04314458947824584,0.005503869100540237,0.06632284556782331,0.006486483123218312
1998-04-21,0.0073305536011147865,0.01312030031067013,0.0144423393510682,0.008272491559643713,0.0004497540972419056,-0.023636485954804054,0.003692697999434058,-0.02885469483521641,0.004606352494374688,0.017680558364513654,-0.006170922908255716,0.001358439753544216,0.0009593241754752846,-0.011684148220627244,-0.010729748366583358,-0.005457942130378424,0.015863039675593882,0.057397812466629894,0.019857023320148937,0.06695298894196866
1998-04-22,-0.006022536970393233,-0.006826006597766887,-0.0048766258930671436,-0.007367508288278035,-0.004494410970645624,-0.012623152183930064,0.005659835959866966,-0.002113299247821776,0.010317715749690759,0.00767690845968283,0.005898679055988509,-0.04659652674666981,-0.010181852955482018,-0.015899020995164492,0.011023945438134897,0.028296965233049143,-0.00017166377425648083,0.05369019581501089,0.06479861606843507,-0.02902645425421102
1998-04-23,-0.03610192877172347,-0.012525661676416111,-0.019206847971967145,-0.016869406178654955,-0.0284425384626944,-0.025744608565692384,-0.002063692814790463,0.019683529868297578,-0.007035118444706612,-0.02686430778970239,-0.04413555379689538,-0.01781749678763689,-0.02021120045312297,-0.06296579598564533,-0.022511295932731712,-0.0016677896571584139,-0.08924505533399663,-0.061341909270992034,-0.06143577648501719,-0.01693477870003801
1998-04-24,0.0036669654276126895,0.0046835190208036614,-0.008938986546259242,0.013040495553943598,-0.017657736283536063,-0.02444724454429592,-0.01381749583573988,-0.020158603986439205,-0.011084636682685223,-0.015657318849964463,-0.013884562045565874,-0.06368101375330948,-0.0001227521245859009,-0.02254637549384786,0.007376751531779746,-0.015034934060356941,-0.048303976331381615,-0.06116369480093675,0.014740882531464106,0.019159880044802513
1998-04-27,-0.01800619258485825,-0.006215793067027797,0.0006265208750244611,-0.004234286468888682,0.03310251372142958,-0.003869636244418384,0.005718987230732608,-0.0024938978305234505,-0.017101710105043577,-0.00795326287637843,-0.025867621324809686,0.009821640145277977,-0.003583027353024959,-0.004070848619480927,-0.0076796772305975924,-0.020352914644531372,0.02587288102700569,-0.011787370089411109,-0.015847113023623627,0.008882243482606356
1998-04-28,-0.01674216105541182,-0.008730171587257751,-0.01592978425121261,-0.0028917272903558056,0.034911606335087386,-0.006474067162114183,0.0045488723544055976,-0.0033751282164200536,-0.024570922547749285,-0.04177179238342632,-0.01714286611453464,-0.03983725049599984,-0.035085362848569446,-0.014077932300336382,-0.008999764264202126,-0.010907154903135985,-0.025284385250562647,-0.09413289683015325,-0.07173854162595261,-0.04222591517161256
1998-04-29,0.02945961916109674,0.004206289005234565,0.0032760454324769483,-0.021835446352870935,-0.040203346043824695,0.004840908200867355,-0.0033020942359541783,0.004264703656765567,-0.002289917832674959,0.03346537816088735,0.037619494807624054,0.03663344851630801,0.0019275088085668468,0.014739710812169848,0.0003634576498137143,0.01540353316796228,0.005280568834239441,0.01886166174912307,0.035917268962647464,0.019991213733813185
1998-04-30,0.007875967145912766,0.035408514193373763,0.0025356772225766377,0.004883044686857518,-0.011073658739916392,0.011672750176607849,0.0007572319463611255,-0.0008744162457607896,-0.023918753935215475,0.010225695260769774,0.0013184999878070869,0.013118310836645497,0.011926082674426741,0.014071784002439136,0.009077711351191287,0.002585692609110346,-0.001904439648534817,0.0408664839920605,0.010519267713973601,0.017849104879389843
1998-05-01,0.0,0.0,0.0,0.0,0.0,0.0,0.0,0.0,0.0,0.0,0.0,0.0,0.0,0.0,0.0,0.0,0.0,0.0,0.0,0.0
1998-05-04,0.014587116172348535,0.021744509765661446,0.05049447605333213,0.0039916966853050795,0.013145245168742159,-0.0009151871931182276,0.001986431859938076,-0.016874989351182368,0.010024823604507294,-0.0004219606334904258,0.025674711547786888,0.03296557009512657,0.018628855078759665,0.003133484615699844,0.017812259233427996,0.013411248842928547,0.0997965568607837,0.088254732275451,0.03239858844390664,0.04169191938646266
1998-05-05,0.00025671224204160126,-0.010517404441169886,-0.017125815950507217,-0.0013826723789105433,0.009129982702398953,0.03262988995481497,0.0647537817860373,-0.008264689000235914,-0.011641011666582934,-0.003797285763990632,0.024069604392618293,0.020785468102481053,0.0009950907871785208,0.030343349932061114,0.004065833333018798,-0.00016959792762594184,-0.04109380190437817,0.025747618564544217,-0.017491474933846507,0.002063028695205249
1998-05-06,0.011494886243534452,-0.014192853803398187,0.000459157090496376,-0.0235416261808874,-0.027618969534320303,-0.003195175054617083,0.019769149625515237,0.0251285533547152,-0.0014875507275952105,0.0021181086783970127,-0.02319045371259798,-0.0037591172296720377,-0.020507244902871036,-0.010827150158197685,-0.01584524767123896,-0.0037332169858471653,-0.022768146149208635,-0.05365968783931108,-0.017384041306693132,0.005270659061241467
1998-05-07,0.0,0.0,0.0,0.0,0.0,0.0,0.0,0.0,0.0,0.0,0.0,0.0,0.0,0.0,0.0,0.0,0.0,0.0,0.0,0.0
1998-05-08,-0.004714689960984009,0.0007612362759330527,-0.01104937449206056,-0.014181989870148626,-0.022037129425552027,-0.008370291731498614,-0.01877786208104082,-0.02263661988624399,0.0024832859990822076,0.009720645397053973,0.001924876181963464,-0.03364588192139262,0.005583393173301143,0.0,-0.01932012861873922,-0.011752658565545415,-0.029746158414882706,-0.025889886172168697,-0.012789148692755603,-0.017121228970093383
1998-05-11,0.003947403315886611,-0.0062740485149404,0.003528476372401723,0.0019780892182370557,0.013520224594584684,0.0030531195160030666,0.02826285805499773,-0.02751097238437894,-0.008793902341301063,-0.016325073436695536,0.005443527544644278,-0.07366893739854719,0.0006307412639532384,0.010070045291116436,-0.027909573880587013,0.003791854909103387,0.03296075515729324,0.008315639463968072,-0.003238611750007725,0.0
1998-05-12,-0.02830929644495961,-0.01358422441356566,-0.024273198058539336,-0.052584427956361535,-0.0424899859700435,-0.029722588803026362,-0.004997564164697765,0.028157714563039393,-0.00837187692301844,-0.011488889723035411,-0.02229289168187032,-0.028382943859652343,-0.011601498779841402,-0.016471603165872373,-0.024582461263989774,-0.03932012269657781,-0.025476058269552126,-0.05029113665391771,-0.04473113698287001,-0.05334259648980466
1998-05-13,-0.05691968574495765,-0.02107725711677233,-0.011758866713451388,-0.02784644653291457,-0.09958735053218715,-0.02546625471968833,-0.013508672625116125,-0.024699006034558657,-0.04989930268397491,-0.005165910948039643,-0.03908793023975643,0.004049455353288156,-0.037254079425861786,-0.03437632511666555,-0.005386727619210441,-0.052725816348033305,-0.007123831593717211,-0.03933214120434059,-0.045351438356584506,-0.059869386308495365
1998-05-14,0.02231146055083566,0.05111932235619521,0.015960973063375183,0.020654780932951367,-0.04641815016304429,-0.02007196131072142,0.016941477700596508,-0.0027556265065175056,0.006233388301157827,-0.001298103512642368,0.032542382928913316,0.029381801801163343,0.012456347728462713,0.01871276334798222,0.05493224416988385,0.00886811514355168,0.01487623446589148,0.017547029843563378,0.08646110729912526,0.05132013041222505
1998-05-15,-0.008393925208679431,0.006597359987007501,0.004155752243704569,-0.03570074425420877,-0.026442274229936613,0.016425025072416277,0.005352115822163439,-0.018289332841219363,-0.0036902278646105957,-0.0030330601622513553,-0.010177365230094604,-0.026234615842531506,-0.004842764747402195,-0.0062721043102652585,-0.021085242024223905,-0.011782440546973971,0.032948566275159186,-0.029785816028020995,-0.02579788664913052,-0.013094176367935084
1998-05-18,0.011004420048141839,0.0022476432983651318,-0.00047080274158017854,0.013067152863842857,0.016049212825927972,0.004563119854954056,0.02653018532907714,-0.006969664812182419,0.030559513283266115,0.0199915402147135,0.01326672457008704,-0.004167038867415207,-0.009995936444907483,0.008115274827644514,0.04869810399746943,0.002649506883521946,-0.0037044740782949948,0.052962223647156526,0.04275105032797932,0.05659345666636284
1998-05-19,0.009768579254068932,-0.0013704624635823004,0.011794739086448791,-0.007035492436288093,-0.016403603619107865,-0.019682104909512277,0.01154218841231791,0.004183603651532586,-0.03080859461451535,-0.02045170769079141,0.018658022626207638,0.005338825818513193,0.030955078316195594,-0.0268337186544102,-0.003393682850148072,-0.030577631002055794,0.03434768811803135,0.1000852436513564,0.020122996131250126,0.034255826472077366
1998-05-20,0.012714262198332271,0.030123601691335766,0.01729922706952758,0.025978954063142767,0.03706019395003124,0.017760710356967024,0.0410124693474323,0.01908661327142913,0.00264888967003607,0.0021746635706818562,-0.0028918636436581213,0.004018597511191047,-0.006185489288931589,-0.002297685119301729,0.0012545617927899322,-0.00798274612140415,0.011942479767856451,0.10012376974982762,0.020991409913537984,0.01701449907427066
1998-05-21,-0.012008686439670235,-0.01120074400251958,0.0060336283582931305,-0.02263536481793782,-0.013103109693981319,-0.002465438869061809,-0.028832498235435544,-0.008177370979307041,-0.019550534042686585,-0.010850692621461211,-0.021913909010954136,-0.029161558444410374,-0.009206301133380945,-0.023952030069776087,-0.028279668173197936,-0.0025514017973424785,0.012524057731011728,-0.05156332571942679,-0.02396947290852569,-0.026637841279812946
1998-05-22,0.004695747621042967,-0.012122922190072938,0.010935755870913555,0.008046707644628004,-0.008448929962475371,-0.0022824609996499046,0.0027806349287800014,-0.007978255564078052,-0.01226116109906128,-0.008336897034605828,-0.0032953777911075566,0.0022821734412938888,0.001701170786963857,0.009438134097413897,-0.0022104946370229417,-0.002755014363112429,-0.008682260530928021,0.02480651425419067,0.0023288242812011806,-0.01276634161976098
1998-05-25,0.0038495208698094974,-0.013078271915225703,-0.007431282736564349,-0.009151182574464456,-0.006695151757551421,-0.008956994271976826,0.00024460831309869313,-0.0064350343193176895,0.0040926798474127946,-0.012389423379381648,-0.017189890738142477,-7.352196389331933e-05,0.00039203768747686496,-0.0004672347152796519,-0.012368482060412855,0.01499607574391204,0.016976810229545336,0.06899554567402855,-0.006230857523030875,0.010480258189399905
1998-05-26,-0.003834758885449152,-0.024304391207721876,-0.01974346482890743,-0.01827425811768757,-0.02879901207424629,-0.01807749560421401,-0.014269409630871088,-0.07339453136815488,0.006113092337501014,-0.008512449546049905,-0.02825440756340014,-0.02034812652878959,-0.006660384787200324,-0.03975715235971211,-0.02205620594454971,-0.0013606636315797171,-0.017695863695770253,-0.016949380523533786,-0.03411271690572648,0.004600146312339071
1998-05-27,-0.045367158144213215,-0.0836124898415952,-0.001693520109188329,-0.015412792554504007,0.004416551134050373,-0.010379464535143268,0.009264699601291282,0.047030049795961926,0.005671006104470244,0.009941205977539447,-0.004499630856562797,-0.003748949775700172,-0.011833207638726972,0.024841831306337436,0.024847380828460386,-0.02121872917042722,0.007746100334790507,-0.031310102783509874,0.0006602394385106791,-0.0005830212466304552
1998-05-28,-0.04205043529423058,0.0033013944979132237,-0.012494450099087673,-0.010977654999640318,-0.009422317615260578,0.01899854686009972,0.0014752674109768105,-0.0073702540705438135,-0.009130194136069192,-0.012528340559834317,-0.045549584178048996,-0.022128941214898945,-0.0018623783030070618,-0.02043731660227055,-0.040656410329944825,-0.02665061740600272,0.04308207573909395,0.0008545661686258921,-0.01385363743785517,-0.006830745753215628
1998-05-29,0.0033073205293079333,-0.036544342174927524,-0.001967766618683142,-0.004727487540631126,-0.03551024654464585,-0.006603254451710061,-0.009656828789611271,-0.0032226800543611045,-0.001761367040166828,-0.007249687986671027,0.09872502150987228,-0.05580353988039666,-0.035990375979987554,-0.016496761477599486,-0.02566116779062677,-0.007764619699608621,-0.0009142900079402994,-0.031014530656744088,0.018173530835243534,-0.0005875804526603856
1998-06-01,-0.009589415131280532,-0.02862958605315391,-0.01408499759799875,-0.02292469815276088,0.001314649333562068,-0.022873754911030608,-0.013387831105995729,0.035418265733879295,0.009637582205262119,0.019626284676683037,0.0019893984649779206,0.0383955217747598,-0.05282080908992792,0.020720355301066196,-0.04848358366177086,-0.07022237263268094,-0.006804109763473676,0.005285513419396315,-0.007336808379108439,-0.011581864335130976
1998-06-02,-0.058698830216627806,-0.0438361868949908,-0.010953166337542397,-0.03910349754370768,-0.04399208506712249,-0.0658263511877849,-0.02336866160902029,-0.04397976902719958,-0.022318231733800542,-0.07117297974843972,0.0013236118026926924,0.0283405127741283,-0.0883215258219312,-0.04059938844065536,-0.03753426396748949,-0.08682154324529967,-0.02815200759953862,-0.048050484832048546,-0.03938223379219197,-0.021142879722687802
1998-06-03,0.06589488884940509,0.03465822509890337,0.01614628037540977,-0.050593788838180664,0.004120828733749304,0.04454904869304954,0.009091033763810374,0.02768718945584725,0.03960444316280087,-0.005301089069901788,0.055188563709601235,0.03458300548008153,0.05348315784555702,0.00957178613907872,-0.04618727921277843,0.03735117353702577,-0.004146680393428581,-0.0015339533274397743,0.024804794945331166,0.03955613234380362
1998-06-04,-0.014475332740596092,-0.005141965156056583,-0.005623226597657682,-0.02710875123814893,0.015731867587591486,0.003895866793050873,-0.000170243950970983,0.016993419661366582,0.005423254575307235,0.006783059140738068,-0.01315382801450915,-0.0006644591826523438,-0.020368201908737338,0.0019962710757990276,-0.00799460940275043,-0.014262334251131548,-0.015406520922658817,-0.010295158235995583,-0.01411919748780932,0.013350919862372246
1998-06-05,-0.03304767481532689,-0.024397438650339165,-0.0023510090316167798,-0.050488069358243015,-0.08484844570974959,-0.06617687494783386,-0.012325125229987743,-0.019154848058024476,0.005130714639902889,-0.04908573238130853,-0.05712490124595526,-0.01166656194970983,-0.07959650195216894,-0.049303027333622795,-0.03753151466742133,-0.046252146323452425,-0.08899226602079846,-0.02949846295994263,-0.0681973405539914,-0.046030821494193686
1998-06-08,-0.015189697981039196,-0.028980952499293444,-0.02977312184488179,-0.02006528894261872,-0.005886537111173928,-0.08989464007309111,0.006540924507954626,-0.019390580288604076,0.051570794167813405,-0.08805660199660958,-0.028946252520090088,-0.010085775357206006,0.009271945890845235,-0.06076454616072413,-0.03157888484490201,0.009698808378235224,-0.05650247808777353,-0.04959209470278858,-0.05989258339519854,-0.06870949552758587
1998-06-09,-0.00514136845838864,0.034258406086807636,0.04509533040557612,0.027386544390230805,0.0029606968072175555,0.0004802983898217761,-0.006071321140939556,0.04661006830076664,0.07991033777844159,0.011098815813050056,-0.004159592078914032,0.0016606503492266889,0.024051747303307502,-0.006135276520708777,0.04774010809461848,0.013300372768582536,0.05419284699275795,0.033159237168547406,-0.004022374703798848,0.09982365667768867
1998-06-10,-0.0332689115359438,-0.046311274085246934,-0.029865718629294435,-0.03761815139139346,0.0,-0.0007206203128100608,-0.0015483928690128712,0.0026987969149541158,-0.041032665654472944,0.026344455867099548,-0.04733739354685651,0.0021849988610660454,-0.04795284476387174,0.0011223818590266887,-0.049200268249508294,0.02139077083499097,-0.03873864917546255,0.008798008680331426,-0.025143346848541248,-0.07947066902373878
1998-06-11,0.0136987697233657,0.01553608594689293,0.0007124875703528044,0.02019148149245331,-0.04575625835889663,-0.017788070104266196,-0.011545712088474214,-0.017496518419994223,-0.02812510792586187,0.008556179534871644,-0.00986479055068401,-0.013833840878843207,-0.01421953281450905,-0.014574204093703025,0.0,0.025463683173753804,0.018173127120777455,-0.025678270923872315,-0.006414689044188959,-0.004760443763113353
1998-06-12,0.0003295966352796498,0.029875905447102058,0.007892501065061897,0.0324793848290883,0.010053916955200526,0.023739484983659187,-0.008455612238654986,-0.012739645715430847,0.02201332063983763,-0.000530372535642476,0.028782137725822388,0.007928682119191288,-0.005039809663675232,-0.001706200230517485,0.016568871700843202,-0.014620153423223203,0.024592935664651705,-0.008785285773570184,0.005648985706379728,0.03219553855610213
1998-06-15,-0.03986830215232651,-0.05934052805999379,-0.04605538691297506,-0.05505059908953114,-0.01837683613310903,-0.041118724583783295,-0.07639545790669966,-0.052309935455519985,-0.05033873805720379,-0.004774207471983205,-0.06994252470708484,-0.06391342698847113,-0.09973805038394101,0.004164350047200394,-0.06920768831910395,-0.04828127142902994,-0.06030609578359725,-0.08394656915286725,-0.03891912990323687,-0.037518827557888046
1998-06-16,-0.004804309778878246,0.013972695433759341,0.03364387839384797,0.013523977105712515,-0.01716055446660303,-0.050610699337360066,-0.07624214087484027,-0.02664732348987664,-0.042686032155926146,-0.02292113417652608,-0.02275340365437606,-0.03846125872804851,-0.00834303965185279,0.013625481333004119,-0.010775897353588637,-0.022271560732971873,0.013726990372056491,-0.047097178356972025,-0.03437253208524427,-0.006574089102606484
1998-06-17,0.05931012012548309,0.09866295526941982,0.06568387942160281,0.09597143056094382,0.08015866185411902,0.04989467523778357,0.04585256520914749,0.05896523239186591,0.0491148088576272,0.022913231034013215,0.07024465162129667,0.09983137341912585,0.03404405913140107,0.09994138326466628,0.08986950779220204,0.09162234692244975,0.055768565786098234,0.07049796420855348,0.09987027212437938,0.04967846957741484
1998-06-18,-0.030599033886727023,-0.012691381149492531,-0.039033881418339966,-0.015921401933220225,0.020573362252654492,-0.012506189684088675,-0.0027587343988004775,-0.03409134070868325,-0.018649979889146517,-0.007466989251612821,-0.041297675183145977,0.02544357460999591,-0.0404919016617038,-0.04410192903871479,-0.03173417945697954,-0.009738112701177193,-0.016197075285568352,-0.09806727195350595,0.016247381281873308,-0.0173148716517042
1998-06-19,-0.046003550556242945,-0.06344410114533983,-0.03753602277164303,-0.0325957292390161,-0.05327585195986462,-0.03191489527912783,-0.031318201559967784,-0.02941147476124739,-0.01370393687124205,-0.002686887371629365,-0.04000011210108989,-0.036510113758375984,-0.05580745566561307,-0.028348918782427623,-0.051870970284485174,-0.05104192230996529,-0.017539365567813547,-0.04682528894210025,-0.09553894632374971,-0.05177549862197928
1998-06-22,-0.02041553174256927,-0.011803991026653304,-0.02717794445284727,-0.03123466676409259,-0.04106469219376141,-0.010204043755709158,-0.0343696868767186,-0.018636118487049824,0.0030148991441780737,-0.056573140477388484,-0.027644419433283107,-0.04609068821492024,-0.0948205322726392,0.0034324449564171466,-0.08791541266017855,-0.07500616739549437,-0.0536249948382409,-0.05994991039641184,-0.008410421383209687,-0.007432852978249582
1998-06-23,0.0007186462007009453,0.02863506333200916,-0.03985177651940375,0.03935012977012997,-0.0023790934617283765,-0.049167262283907553,-0.01468102372594271,0.003550645339795322,0.025875678667494295,0.03255299945881385,-0.008240533509591197,0.017673148046887688,-0.09183191206231589,0.014253143612400043,0.020292660923399763,0.01147008125458826,-0.022838911090434233,0.008193210991336075,-0.021995440598509997,-0.016993136028760514
1998-06-24,0.034829310782134026,0.022587928902394916,0.042495716065521716,0.034628924567894126,0.050079521554792006,0.044203492406949874,0.005252507119271499,0.030769151437646913,-0.00700640231434535,0.008849485561571502,0.045284674111923495,0.03664460250180368,0.09984748999117787,0.03035408255989358,0.026031271739379802,0.0395568263680286,0.05295842597331912,0.09839598571735686,0.09628136267586984,0.036331651863365844
1998-06-25,0.022206850550941626,0.015633240208256183,0.0022044312947482325,0.01757744389230731,0.015140008050367859,0.011714223238553645,0.03604158078736863,-0.017761102356514957,0.01064759525857828,-0.007675466005334641,0.012718529764603304,0.030046912331876507,0.07623042458234441,0.026186392705993766,0.013397633048304325,0.0991651491083545,-0.015383262580122903,0.09878028143083983,0.0498788361612823,0.04335113744103736
1998-06-26,-0.024779398034669775,-0.01914517456007847,0.002943806387299297,-0.015144564235101798,-0.027591249645457783,0.030000071422171315,0.06381243915818957,0.010484851523551164,-0.012439552264042475,-0.0016571046679004775,-0.027080103313699477,-0.00395404246022546,-0.009444349340788638,-0.021796959031156193,-0.057102703467224125,0.022791901896010103,-0.028108834794802973,0.0025482703516261918,-0.03869705782354915,0.015174699649687318
1998-06-29,0.01809961255053283,0.029903108139928136,0.0068829449042069335,0.019221592076351657,0.0007667673937512554,-0.009708497646078618,0.002418511491738329,0.007518580561164612,0.017994797201834833,0.023243019509092022,0.02379981939013187,0.014306108306517684,0.06413885961774812,0.021739446797125694,-0.0029832261999518384,0.01392729469066345,0.007120344199990303,0.0299503366982643,0.07904858052756714,0.04840293738462864
1998-06-30,-0.018461533878375347,-0.008035766446228942,0.005026384209415813,0.002121792814217871,-0.015325633245944936,-0.08126935046106909,-0.036096779909341126,0.043880370527860535,-0.0180556918189001,0.008112066041505495,-0.013002346924135155,-0.0029769870420282007,0.00020341771926668528,-0.017021701633310626,-0.011071189495425626,-0.005952115065548158,0.005028942972807426,0.026168426756275842,-0.012804753952018522,-0.04226443506002342
1998-07-01,-0.009056241903406814,-0.02407365736620204,0.07595133568298107,-0.023053188435724792,0.012451400020414116,0.010390194155207144,0.0042053040010126,-0.04203582303753006,-0.0077149625168966285,-0.003218696012287303,-0.00758513662874849,-0.01716752007672917,-0.0291121408745304,-0.007575497223277439,-0.006959002886323784,-0.01566096476682366,-0.0028284616906963933,-0.014059841326558908,-0.011972898120650721,0.01320370976843277
1998-07-02,0.0010545443383693787,-0.0030537884934795922,-0.06581773568871119,-0.010594774159458087,-0.010760971505102579,-0.010005364241237547,-0.013560573401144915,-0.05343271884405976,-0.013347113813322875,-0.010764499627351154,-0.008044889164824598,-0.01283550413314627,-0.03145325606841631,-0.013631416048884737,-0.03717266785329054,-0.010528790872515459,-0.018399696068342908,-0.0283421369036867,-0.018808433537628066,-0.008308638244069688
1998-07-03,-0.019662849417083073,-0.026078235919646975,0.009088293348701315,-0.028960885665980762,-0.020979049037054054,-0.012633537031909281,-0.007580987436522801,0.009145314894957846,-0.04990794443676161,-0.024482868704840177,-0.022303323901916805,-0.05700852714236515,-0.03528902028340497,-0.024875601119717983,-0.044620370646613394,-0.017261794369032635,-0.01918956935309768,-0.04237722680307732,-0.03061910752510666,-0.00335130003728501
1998-07-06,0.028295159048194796,0.04266481963219859,0.0063772756834705735,0.03984957369484454,0.01984127959907145,0.015922731847077154,-0.009268464710403101,0.01031259579572974,-0.031241494618285515,0.0039042402461200165,0.024886283131870135,0.00236576172475389,0.03321340322234989,0.004535212703888902,0.03742972597873928,-0.021896113726715294,0.016769767525453894,0.035057171537245635,0.09688128352315695,0.08140875766687272
1998-07-07,-0.0006966847465562642,0.006342907438825929,-0.006369079497159147,0.04217884738872302,-0.01789859331454413,-0.011754771200171765,-0.04348768361386235,-0.02721909045533677,0.01013110765334857,-0.005556090303112993,-0.012545630389516171,0.014162619470083238,0.02150364767670121,0.0,0.02618170769851802,0.01992627185785789,0.006092231803396686,0.015176533312699414,0.0998186932826386,-0.010555713246660603
1998-07-08,0.017079058495697685,0.03989245768212912,0.023964469658047882,-0.008094654100876064,0.022186570471629086,0.07958116161871587,0.020636623274290056,0.030206679336364894,-0.02443849471961923,0.013966688669338145,0.022540823872759796,0.01805759153997255,0.01424568894761813,0.01297987005212553,0.008711815002131695,-0.004823906609056516,0.033746977516597054,0.02880591214533368,0.07953785398480462,0.03746322899705379
1998-07-09,0.0003425693990293244,0.01847870992052525,0.027159656551775324,0.0,0.0031010425903279515,0.0023609994158586556,0.001368798829377127,0.0,0.0015930280041904776,0.0011019322726402159,0.0068139068008994386,0.04698465735261115,0.027672958904066958,0.0038994897644011317,0.0798888372451465,-0.004847289480819028,0.030787715338117083,-0.0058479673441514946,-0.054111799863687304,-0.0027904289910996027
1998-07-10,0.026379128917927375,0.01640157915115026,0.009220287372327052,0.06271889940306297,0.013137490201667434,-0.005496560634010161,0.0036808270808437182,0.0030861235247119367,0.043805077880483045,0.004402979838922461,0.03781827988771447,-0.012649744807401553,0.04100396116394567,0.029966658414537717,0.00656970623670694,-0.02143206623128857,0.052599145616852416,0.030659739913289963,0.06270211831506622,0.026939014582236354
1998-07-13,-0.014018765747954465,-0.032488057869108466,-0.019263276821212094,-0.047608532806553305,0.012204236196226237,-0.01842123887599678,-0.008801447183962807,0.003846215548496845,0.01925205871378899,-0.00821935911759053,-0.022248009509890476,-0.012735345294183853,-0.0329221149695641,-0.009698138334766848,-0.04313309800860332,0.0012445748437013293,0.07742419381202548,0.01106869231604013,-0.024128197772395832,-0.011053442079187792
1998-07-14,0.0,0.016973796284360576,0.0042944845700152445,0.0011514002352113195,-0.006028711091721095,-0.029490164405322483,-0.006659716518335634,-0.0003064954781928364,0.006930505403260012,-0.013812152991980242,-0.007846054206702924,-0.0006952285593784246,-0.022694802179025086,-0.008705332024036117,-0.001482804527744963,-0.019886169549351518,-0.046073943993266475,0.00855265906641911,0.015894529154525827,0.0026760130065970333
1998-07-15,0.001354091191334117,-0.009868921553641274,0.02056388356129779,-0.01725687764780559,0.027293634166175362,-0.027071663447916783,-0.0018091557896492416,0.025754883735801037,0.030229210516133698,0.024649948606409566,0.002767953763566089,0.0021642744309551265,0.011611138672048105,0.01207472422042466,0.0017821312188215366,0.01927517648721211,0.05323188831240211,-0.003391975484672516,-0.00449961006220867,-0.008948860051722574
1998-07-16,0.020284093736293585,0.05518901983078095,0.04701447565518602,0.03160871505382623,-0.0029519569576779148,0.005110631842821345,0.010341321384992996,0.007323343417350969,-0.004322671508040998,0.029524433875652623,0.02247621626882279,0.0003088030263798114,0.07829451863769421,0.006507592998559408,0.024903450332504073,0.036824909082049606,0.03393747847969686,0.004084520621290055,0.029892197703707213,0.014891145748026746
1998-07-17,-0.010271852730860953,-0.03174317401282711,0.0015009599595179335,-0.01271015607542203,-0.009622619544508493,0.01864405081509668,-0.0005275067632085628,0.0026706880411591083,0.001710238213300963,-0.005842107728735391,-0.005399055332841574,-0.0026219034997370105,0.007603068168685834,-0.015625132943058784,-0.024877041455174664,-0.022558124316866324,-0.0004118267134713971,0.004406667284970522,0.00907638654437215,0.004640838726266194
1998-07-20,-0.02310008035042166,-0.028980815027826234,-0.011165075035007521,-0.024597571054865486,-0.009716003745567803,-0.031613870684975454,-0.010135266616888683,-0.02707892058608996,-0.0218018397783335,-0.020298824334531562,-0.028693295260195706,-0.0023191846589677434,-0.07715535110031091,0.0010947066910422798,-0.0797981209668609,-0.02872594052632238,-0.025304604981060907,0.0025314219927876636,0.0015815334256383817,-0.006263547797180968
1998-07-21,-0.0332416309393464,-0.007979068667526845,0.005556234161021356,-0.023097150742513062,-0.014339577177334695,-0.029209664939155,-0.02506379750866361,-0.006387684785705505,-0.008458753633030502,-0.006542894875831595,-0.023553020961269766,-0.025803889260461732,0.009403097025967977,-0.015308759272941841,-0.07317859774803914,-0.02249728353611291,-0.013946749995062957,0.007069497797307367,0.0034542235737675675,0.005987756844032077
1998-07-22,-0.0014184013314962884,0.009308760731957966,-0.009869537871381118,0.006996515313423268,0.0045940113369256075,0.033038487313093556,0.014330878052297935,-0.01729698139382796,0.015571697620384795,0.004939489718844392,0.004906143556525633,0.0049316181284706495,-0.017618352486123534,-0.0005550644628650181,0.01252174371789927,0.0038788348881728663,0.002939123602131888,0.0675243090955906,-0.02271852556863252,-0.0033675930300209878
1998-07-23,-0.036563592415974844,-0.038957798878401784,-0.017607252211535585,-0.04288445547031994,-0.014481325817742197,-0.01570549955807532,-0.010677416622054015,-0.0007784805243548076,-0.04239974451728756,-0.031130483303680512,-0.07973963777230109,-0.022399796856478416,-0.060399803042461175,-0.01722284836217014,-0.057712028341403765,-0.044822159320532684,-0.023992797678364375,-0.05933933750188691,-0.020428681488641964,-0.013831046013243142
1998-07-24,-0.012896326708153105,-0.01642997407617941,-0.0026738609266238056,0.015019008469460582,-0.014694686626239961,-0.0008701260193000326,-0.013190578340824155,-0.017926897021762755,-0.03996083218621371,-0.01747495451640102,-0.07913338199969178,-0.00040495186713185305,-0.031812142744284455,-0.009609412576565557,-0.07947525823231183,-0.0798273630041233,0.007380788206932332,-0.008654719362478747,-0.005855791755848383,0.004462455340505045
1998-07-27,-0.023889288512085827,-0.014753365377545458,-0.003228721766658449,-0.03995097160711358,-0.014913725036959757,-0.00987237455400225,-0.02176319363146484,0.03492071111188877,-0.053662049016462876,-0.013769200348153765,-0.03168529098570039,-0.01522763222380763,-0.07092684927428883,-0.0028539221001731008,-0.06811865223883373,-0.08001179274837755,-0.009499845354871916,0.01914041059026883,-0.0204610782783623,-0.005156544713784461
1998-07-28,0.02753336107763804,0.02321391728485067,0.006661859230860712,0.03493449508801039,-0.014342512624488823,0.0108503773411186,0.011179960517313958,0.005060880561916337,0.0015323534812752282,0.00407241994003682,0.054040489980694995,0.013653613113705942,0.050975318893764054,0.005723984061114518,0.08032285345126167,-0.00414133694576424,0.0015042415860848646,-0.02800673521664865,0.031965840335639095,0.007974300398731371
1998-07-29,0.030889852413755303,0.02167987635786872,0.04347055055810878,0.024323429708038136,0.01859330019076766,0.04409628666898935,0.07460368333273815,0.016481289432633828,0.029839591231455742,0.046350091987487074,-0.003292290216133975,0.007140449026174611,0.06683705267550222,0.024473790593206424,0.024390448240870777,0.026231354796193873,0.044692139379421736,0.021356454050334817,0.06021222063635734,0.013053674133159054
1998-07-30,-0.014079846202736834,-0.03842346136517727,0.001163813945085579,-0.003392095768500525,-0.015873093935428684,-0.054181599614581244,-0.0025983576760746363,-0.008857624419414845,-0.03714720237874203,0.013842428536584794,-0.00991037729776878,-0.007331601557159395,-0.0587338394126673,-0.010555610175259966,0.004992215558709434,-0.019638309638756457,-0.0016174430327202671,-0.010621005701378361,-0.01629529339617064,0.05193298953473535
1998-07-31,-0.004393494096795014,0.00338904255227912,-0.011507278506954877,0.020179955332753297,-0.05161282799832856,-0.001469042648806984,-0.009169519508528734,-0.03059691523994934,-0.022685147888373836,0.009830930358187384,-0.025262560014576385,-0.004301492430852094,0.006702142388821386,-0.0033692310628088418,0.007642462673413952,-0.010174700814715942,-0.007201952345536666,-0.005199701066731399,0.0435211782901479,0.04595390292642265
1998-08-03,-0.02574500521051848,-0.0559268468663382,-0.01863739543821552,-0.034556725971034985,-0.005101978087601933,-0.0035301090491108855,-0.0010628237363411452,0.0001562990616703619,-0.016264161643429254,-0.007031202034709638,-0.02836159616718148,-0.047522089120613065,-0.045454622729045435,-0.011267383354354843,-0.025028578891183373,-0.07195649677591687,-0.010759718721088163,-0.008599347802130008,-0.019443845624070644,0.008375532351499793
1998-08-04,0.006040135659561852,-0.00016606768345850398,-0.001497214648799261,0.003208938189884769,-0.00683775352410787,-0.0044287011082952965,0.0045752165223613694,-0.00312409637362554,0.023113985376893353,0.004357516655413951,-0.011071891696871061,-0.012066749446818736,0.003126177681873177,-0.0005697109575124593,0.01633612967967779,-0.037036984539219886,-0.0031166945687164382,0.0035720647725825394,-9.616316612637288e-05,-0.012177067909780348
1998-08-05,-0.0067542665437166916,0.0030791818976971808,-0.005969852330029446,0.005167393548438204,0.03184166559959811,0.005337880881137735,0.027536255243257424,-0.0021943511828006468,-0.014119886732011588,-0.0005425534588237024,0.042748183491011726,-0.011261167165071195,0.00527475247217124,0.005701140012710049,0.06391113940942428,0.05679350586008103,0.015181933543874093,-0.0001696731782706573,0.022322449963370294,0.004845049109673649
1998-08-06,-0.015489460600107363,-0.011282846268844904,-0.00494966129924046,-0.009791728881625383,-0.005003985924705301,0.010914391424968306,0.0008245065301029086,-0.010993779039746188,-0.03771492204180382,-0.017362754428436933,-0.019521771179489056,0.017084294580734793,0.0007155464136889833,-0.005668821268948743,0.013309321298791144,-0.01700657057893118,0.0027355352010538514,-0.014406696167681421,0.005154125136683563,-0.012692926806721405
1998-08-07,-0.0007670935267497514,-0.0053699650700853585,-0.0023961642962826435,-0.003955632450167834,-0.009220564959021127,-0.003793390998708235,0.006385127871415319,-0.06431680695359154,-0.038035239329619386,0.004969389734812424,0.0004978242393067767,-0.0027564192584369485,-0.006911208617902953,-0.007411736453064588,0.03301384284630471,-0.041522481543595724,0.00806289988026454,0.020636574010007402,0.06339721354460548,0.04883980617167727
1998-08-10,-0.027266147118881312,-0.020583909964677405,-0.015930871596308682,-0.018366870096481414,0.005076017311370418,0.0043934966420926536,0.005628418572897642,-0.04592525920543933,-0.035241806055734126,-0.0131865536233855,-0.017412761903912055,-0.030750656833215317,0.006239294913557902,0.004595225043675821,-0.07869409664418103,-0.009386467690955413,0.009381778296626342,-0.00016889255613239396,-0.012449519335990367,-0.0003421111700414592
1998-08-11,-0.01894964564858137,-0.010507766381862016,0.0065495249825595625,-0.012389190028649799,-0.02104372191127757,-0.019247759772128115,-0.016179775363758142,-0.03818305958435875,-0.04900182821555421,-0.0005570537658430297,-0.024810385954157743,-0.0234382951211749,0.007631700322132673,-0.0028588171249132044,-0.023871708782299272,0.005831020495303152,-0.01960208540885111,0.0237612682393451,-0.008078979207644554,0.042539910329939534
1998-08-12,-0.018108812958689047,-0.001306187017509064,-0.008747174654824219,-0.0261138985940903,0.012037791794237362,0.010704980302502332,-0.017273459187414297,-0.026528971074902485,0.024358070023538403,0.003899994588092648,-0.03011422849132306,-0.03559035484941231,-0.004733478484459597,-0.006880832140548798,0.00993493352429975,0.00942021548079608,-0.004011110210278224,-0.0008227582704535275,-0.042244616133982116,-0.07996603722611617
1998-08-13,0.008197080213769192,0.018652673127509845,0.006936025805214463,0.024185199889916076,0.00509789464434629,0.012356425143268623,0.017155847146585357,0.003285674449494236,0.012803940580804918,-0.012209007215211343,0.027302246473460245,-0.005677824291356548,0.0499402815484602,0.010969936337066777,0.030647055742635487,0.07537683358799119,0.0011594437622326481,0.01235596580735887,-0.0013081848483588177,-0.03056712764980629
1998-08-14,-0.020732010918198873,-0.006075104086574856,-0.0031371571753245897,-0.014630654468978377,-0.016060746724108732,-0.00029075694950786435,-0.01583177117592427,0.0069352492150001055,-0.013725563872736823,0.006179850169292678,-0.014069982473128961,-0.00685168330828223,-0.02287639227067062,-0.007424435940198704,-0.01248153326681578,0.007343271173924082,0.01456631139351905,0.0356383551702828,-0.015345709962297893,0.01893361147095307
1998-08-17,-0.004566193528946716,-0.025826305385611925,-0.0019743265602181204,-0.011461189145896555,0.0017179803552735962,0.06637211342711447,-0.00473157346501496,-0.005548255874220143,-0.010803806502517665,0.010050599008468941,-0.009513880906589112,-0.003353795468114096,-0.04334690812911912,0.006329403331667205,-0.013754613425211004,-0.0192181676749692,0.01682002757350931,-0.00942813647017049,-0.07925500447482725,-0.02516107136567114
1998-08-18,-0.04545438028395099,0.00980885607860471,-0.036874571981571735,-0.03530942013460292,-0.01629484716059959,-0.014108117901707073,-0.0038029096415169716,-0.051173426008407685,-0.07682326449601296,-0.025428907385632415,-0.0208110901555687,-0.05143750716300555,-0.015023368537988913,-0.020011621734429497,-0.010554299188484051,-0.004729661657359885,-0.005021853075014682,0.029505373998106377,-0.005676598104871866,0.008158546943439982
1998-08-19,-0.04325049403422487,0.015839857977727467,0.009371510133058703,-0.0027314398384740146,0.012205709563912093,-0.005611298528671482,0.001378485053571632,-0.045214975056863005,0.020653375950421493,0.020987507712347586,0.00926427754488146,0.0036491297611593865,0.04821633956274063,0.009334623188144597,0.058285791627528116,0.03224714484580016,-0.008490561101022087,0.030046068794993497,0.014220599475988749,-0.014713303013826229
1998-08-20,0.07990864499182249,0.056340442082789544,0.020507325404034216,0.05067116349302325,0.027562464719877333,0.018623063887001523,0.0003177183016678242,0.03758748251632449,0.029076326220871307,0.0011110112839085584,0.03563700217039578,0.028276862369829292,0.05773296049840004,0.01676325193236683,0.039956804061487716,0.04603761269788964,0.010479704033322212,0.03261048126064248,0.009620017608760856,0.025610239003436508
1998-08-21,-0.019027415561863603,-0.013945544669198617,-0.005390138052142279,-0.04118897507598862,-0.020955705782627843,-0.002216170543512863,-0.00010574459764345345,0.024969373281813034,-0.029399879338410262,-0.02386271218210445,-0.006777599525567113,-0.0328027654060854,-0.016862541226984717,-0.004548006759704015,-0.028383545181493774,-0.02892176536424529,-0.007467342474047345,0.013327847538798343,-0.010744872341603706,0.02963018041752652
1998-08-24,-0.013792889467700076,0.01058632764055778,0.01152797742269418,0.002175250523351435,0.0008560486112325627,0.01582474874430151,0.0025409520718511214,0.017771566020704288,0.027340392780935474,0.0261780846961559,-0.0036745234868997834,-0.03848519514855275,0.020762779883431115,-0.007995252313482637,-0.021018710428174936,-0.02039508164902737,-0.0025078410661270034,0.059041941219537764,-0.0016393686926650108,0.028565462710982592
1998-08-25,0.008740810764737983,0.025615958004970185,0.004645011353002548,0.0141071191406974,-0.012831260786506204,0.033615562461676296,-0.0013729350726777723,0.04080806800999914,0.03503738662400546,0.005102384831369822,-0.0036880754066027643,0.005069247520837594,0.030952746024525135,0.002878468337441209,0.0032751572508338267,0.03502972571338692,-0.0014363889475632607,0.02078817670532951,0.045673605747985846,0.020828879722332383
1998-08-26,0.0,0.0,0.0,0.0,0.0,0.0,0.0,0.0,0.0,0.0,0.0,0.0,0.0,0.0,0.0,0.0,0.0,0.0,0.0,0.0
1998-08-27,-0.014731154219468912,-0.00758085734866909,-0.0014179556614939415,0.0045479680888984575,-0.01993079140620857,0.0269696590532027,0.0025377410426095093,0.0320456033400196,0.06307792222268493,0.08009025861032604,-0.003173036452127298,-0.008195541821450658,-0.009435853766857516,0.029850778623213392,-0.0119697386468115,0.04629641450956368,0.004795506500706592,-0.05554061583241421,-0.06458578286045347,-0.023299723480107448
1998-08-28,-0.05189083417954443,-0.0006431854466022457,-0.011483352941645819,-0.03595212429647898,-0.03890358289621465,-0.03681768196523527,-0.011919283240228729,-0.07251132994754417,-0.03949865881287917,0.029242238072888505,-0.033421795094807694,-0.06579120841826691,-0.02857769266348853,-0.00891855340210368,-0.0565345420274006,-0.05584380406190881,-0.03054515575473682,-0.05236638996871479,-0.07995804444768684,-0.006618723908500601
1998-08-31,-0.006493569822151879,0.01037912649887085,0.015016499029414598,0.009392517367014186,0.01655926957444942,-0.04731372380798249,-0.03597747354237246,-0.003151115178854358,0.012499671067335738,0.0005078625969623385,-0.01097692769692582,-0.02665005313440305,0.015600626857170896,0.02474658205194369,0.0023347998255771607,0.019715698994549058,0.02332330790926629,-0.03856392234642858,-0.06261395261998359,-0.004025800180300965
1998-09-01,-0.03828201413908805,-0.006529854667021939,-0.008882534122530816,-0.025177685655724202,-0.026244467743426814,0.006172940050097386,-0.05204855123678698,-0.08000788605603681,-0.022365257901167723,-0.028904607463505982,-0.04051047692434817,-0.058487664566275965,-0.014263749358814581,-0.005488365415214802,-0.022515579065148228,-0.03423136983428343,-0.0015038328460330597,-0.07407420771040318,-0.025428646277052547,0.000487991231620688
1998-09-02,0.01893206115434065,-0.0042477260944995265,0.006901368132451902,0.021055376694949057,0.003717518504293915,0.0036253063572027067,0.006191181622809738,-0.018466711627600163,0.0025619617692012042,0.011487828768737884,0.014458926243321235,0.011013538988557281,0.019367963444635095,0.0038631902816825825,0.02184259633248198,0.017393830680895617,0.001686463146242545,0.0800001558734369,0.05667878097582202,-0.04095558718350023
1998-09-03,0.012386805048290483,0.014327862528133783,0.0026671302743714875,0.0013747738528782083,0.0018519431776593542,0.004723472134149143,-0.010797069998758957,-0.037410125643893344,-0.016064179368379783,-0.019101407062437348,-0.0062709111147800645,-0.008935003678583242,0.02817210279668747,0.018691385066179844,0.007773255519354594,0.017419705407971442,0.004088845130094221,0.03503939376974241,-0.034380656384750075,0.027961136333527703
1998-09-04,0.07952938852457092,0.04729789512396665,0.0076709068561617855,0.03404689921691029,0.0,0.0013830713412656959,-0.004225580429881526,0.04022782886958365,0.01539934742683613,0.01526334313724842,0.010900325744910067,0.07187826202696357,0.03653326148174396,0.0032379469035992425,0.033937409806195085,0.08021539118584298,0.005748341418636116,0.0019298000782894675,0.00012195681665372327,0.010174049666229035
1998-09-07,0.021795910345687508,-0.000378909869291455,0.0028852458679073933,0.07036638930709782,0.009242258228122191,0.018779174457643544,0.012022630733830253,0.07756158838216298,0.05097729064138168,0.0150332159666684,0.044267758016339975,0.04931454201917407,0.018238155843923298,0.017213806796735343,0.03506159951928178,0.03228612407431686,0.026196830209986643,0.007706689449091586,0.014069214638544603,0.02587725659452289
1998-09-08,-0.0042659539906998445,0.026379796584061976,0.021364179643182934,0.010171223388322437,-0.004578810564446867,0.0029819679670366472,-0.0017474355026507737,0.012368538764038428,0.017385263130035522,0.014810937073023167,0.01793496670676853,0.013725414815733084,0.005634577779989991,-0.005816929912911273,0.0392791609334584,0.025021970094371238,0.022278726917859037,-0.002500095506388189,0.035589435278047477,0.005795347193031208
1998-09-09,0.011139631885867196,-0.0022156269710362775,-0.002008222050952746,-0.0031925389839745355,0.020239303311372137,0.020270143724860024,0.03301870374073412,0.06789471750824827,0.04272023475057751,-0.0055356460642636,-0.0016014163167703543,0.02068944077987145,0.0012006867418368206,0.0010635710349315985,-0.009361775933163008,-0.02024995150630471,0.02156664728364177,0.009877501253348298,0.023066278437309684,-0.028943368482425402
1998-09-10,0.014406645044458433,-0.0014808854995655985,0.013332448797493957,0.0054202925366850785,0.0,-0.0021193855585338595,0.02066838812859695,0.019504617030139615,0.04588686808206299,0.0,0.0,-0.0031839345894418836,-0.010193894024888128,-0.009032892259320247,-0.0024501482151952914,-0.0011325936613083565,-0.002333789837948075,-0.006569536997899195,-0.013778380819868596,-0.0021636504671528334
1998-09-11,-0.017126086368920546,-0.0071161198612748056,-0.004148775913710212,-0.02548398083038861,-0.018034484632606262,-0.005840446910210129,-0.006086056693289099,-0.014348767214085845,0.03697894158913906,0.0,-0.019786444398751435,-0.02374108052619428,0.011106785994037915,-0.017694257506879918,-0.009473822916550856,-0.03741482943218433,-0.011025620595323415,0.0429096983824806,-0.01616445885262474,-0.011402913165995066
1998-09-14,0.04419889235893826,0.03583700420631453,0.007944909971815628,0.03570487343512729,-0.009182714808484094,0.00400548001281309,-0.0016701257004912984,0.040313717398114735,0.01284355271902582,0.03188280171860769,0.030005658060116014,0.07982564012458848,0.04034344234648635,0.015829733856556283,0.030463923197484588,0.030918812192722633,-0.008614586434853022,0.0011272489352605053,0.015373718323441254,0.003325934414623699
1998-09-15,-0.017907951635979025,-0.017586622652994377,0.004310335231529905,-0.015537096227209335,-0.0009267955278902118,0.007713141399751544,0.0,0.0064585833939498904,0.0016408943423023015,0.039724985534919766,-0.005826329157315846,0.016865312673611355,0.009598904420248688,0.00805983675936739,-0.004468886798557503,0.040559819508765305,-0.01919717616187211,-0.008585608353078533,-0.00809027887391045,-0.008815785264579379
1998-09-16,-0.007045302444797286,-0.001907760932568725,-0.007260858735008924,-0.007645126937376623,0.01669758964967727,0.052784048956234786,0.0014499310762476902,-0.013012364418509503,-0.03083096546086883,0.014622463907301375,0.01012254677997415,-0.002880198161607339,-0.031184858461895226,-0.0010658391994594618,0.029350927173229513,0.00686231478798649,0.004980040211778336,-0.006104968689725099,-0.02633444624803838,0.003628703220092344
1998-09-17,0.0037564839550525697,-0.006395114933952506,-0.007106300671272381,-0.014413716920315234,-0.01094890609207988,-0.025069096896420784,0.002004597096360472,-0.005959967631136154,-0.00430290854040738,-0.020920139835673535,-0.006856536965977433,0.016733072643615676,0.005103093090679467,0.0010669764247579483,0.005367221917049081,-0.022900302658425464,-0.005531791846504208,-0.0029989698005407073,-0.011728121033198757,-0.010280184863572073
1998-09-18,-0.0024950291602644503,-0.02626336645487959,-0.01836963445059636,-0.00832055532214393,0.001844973249214954,0.0015429449092156933,-0.010780268421448636,-0.014171822110418453,-0.0291709568252021,-0.00807227569331015,0.026553321955866016,-0.0015673041342297855,-0.002343154283192317,-0.002665101227732558,-0.007006822587591777,-0.012835206874801108,-0.01906240353376687,0.0012896968886795257,0.004843847217625541,-0.005014255736041862
1998-09-21,0.02167577739969162,-0.0037988663306800508,-0.0037976457922295204,-0.006864860472744927,0.0009209576138733411,0.006674935881849642,-0.016627307389161294,-0.019166725085210667,-0.02893516125808504,-0.027764472194348744,-0.0010345045894482041,-0.026687747973999087,-0.020747864107327874,-0.009085814980301476,-0.015121103044886008,0.005935505007790942,-0.010277208522963543,0.0015732544574911245,-0.0037357866819530683,-0.003599543396909932
1998-09-22,-0.012239856673805671,0.009762183034986549,0.013570019522266552,-0.014593196064306202,-0.006439889377748864,-0.02116767251021745,-0.04432756952096595,-0.02348757488839104,-0.012442443069277886,0.01181679825694082,-0.008803798085631032,0.0032256732402191624,0.06356185779348356,0.013484180071750895,-0.009894390892371874,-0.06069126862712304,-0.005550401207231381,-0.004999608873031747,0.0544332260359377,0.010115697226034559
1998-09-23,0.015696090929726125,-0.0008307349228817706,0.0002712660207040418,0.028059427473573928,-0.018518407207285037,0.0005210699545916686,0.005379578868820678,0.029825318119420796,0.056034418395119134,-0.00437976837114995,0.004702409783683192,0.033762253622516836,0.01935730116591805,-0.0037253482631057766,0.021709402566104874,0.03021252201116198,0.008221692940505232,0.019382330790358004,0.05334409378480154,0.028397848576396267
1998-09-24,0.02236696073240574,0.07022431304570942,0.02851494574554647,0.0497852100457028,-0.0009434774405754354,0.02942694030912163,0.0013077723628751592,0.021300243065877966,0.014599754700780121,-0.004887392114128031,0.016120289589647507,0.03586688293611595,0.07374638256018717,0.015491400925077281,0.026644215921325154,0.0722998687670926,0.011309447580900134,0.022394757727296044,0.011979792520628862,0.015232542937917648
1998-09-25,0.007159725241964621,0.0023310127591431584,-0.00912451881367371,0.017091861812559728,0.0018883189071656759,-0.008853676036633451,-0.002968549681254151,0.005305324573797732,-0.007891121504407739,-0.0019645405478024847,-0.0020471557204712054,-0.014263022420727967,0.02232145780518624,0.007364651370926456,-0.017739907069445393,0.017329773617659194,0.0005887114278571026,-0.0006891334248908532,0.07963856862425289,-0.005069853425289317
1998-09-28,-0.0102688972915006,-0.010288062782394691,-0.008234649083939338,-0.01846149040894618,-0.0009421713562942635,-0.009188522019445533,0.0069081103079389194,-0.01965424586248754,-0.02432937833495552,-0.018208642609664705,-0.012820442803360366,0.00371277083434407,0.007053944902004394,0.0026108242363509504,-0.015050043178560513,0.01783344648635654,0.038293741353178534,0.0030330252072061636,0.01345673684562243,0.013289908852857302
1998-09-29,-0.03631234494550695,-0.006052200635191962,-0.013331946891981694,-0.022908149270569056,-0.07075454463903763,-0.059505271935708204,-0.009936615421673456,-0.02190479316606231,-0.024776060444263504,-0.011027530218661763,-0.037402472009656074,-0.02001175487870388,-0.008339008911579016,-0.01249982343619449,-0.033955876999401724,-0.02824261186711019,0.020622485961131254,-0.035184126152057016,0.0009836954957422872,-0.008494556795512365
1998-09-30,-0.012422702747137082,-0.0027216925938085,0.016889985322322998,-0.008144032797051448,0.017258493504361594,-0.037524035191732974,0.002628622635505895,0.011388058258977374,-0.035076401381651134,0.00810917263910782,-0.003238409688570032,-0.007838646685585648,-0.05297655862162931,-0.0052744275769065485,-0.022847173173988433,-0.01964474892729584,-0.023147340333127264,0.004130787855431972,-0.02427038617633981,-0.023440732515202956
1998-10-01,0.0,0.0,0.0,0.0,0.0,0.0,0.0,0.0,0.0,0.0,0.0,0.0,0.0,0.0,0.0,0.0,0.0,0.0,0.0,0.0
1998-10-02,0.0,0.0,0.0,0.0,0.0,0.0,0.0,0.0,0.0,0.0,0.0,0.0,0.0,0.0,0.0,0.0,0.0,0.0,0.0,0.0
1998-10-05,-0.07966451744697833,-0.07973038693316503,-0.06946450877142696,-0.07987094126686733,-0.07984014067055578,-0.05093932770002818,-0.05004748793227942,-0.07994053141954482,-0.08000640019308325,-0.05580680272905025,-0.07688105046140825,-0.05003890118610865,-0.07991494147574263,-0.047189683497248835,-0.06870503640809011,-0.0790557071874487,-0.021536848367212924,-0.04582226576308157,-0.07995980594544794,-0.05249896223687334
1998-10-06,-0.003644719700144461,0.03317212966121996,0.05335788018214105,-0.05435357285281428,-0.05965270331315542,0.044677874479819746,0.01128955795808917,-0.0799507310853147,-0.0710858772329771,-0.02023470742143929,0.007624410606147158,0.010267714532799621,0.007141874476730203,-0.011686024453509747,0.010428690817104291,0.005663409392557606,-0.002903607400003838,0.004757709489205064,0.04170335745995657,0.018222643555331652
1998-10-07,0.04755398665161281,0.05174930963438462,0.030804439855655952,0.03288542285282525,0.0046132404655527814,0.00373083223546522,0.017241030601082175,0.023498213299228077,0.017292882997365755,-0.015760378046646983,0.03026828911003898,0.04726114019074146,0.01111500759483186,0.0225221659698831,0.028287595284361755,0.02667416583528981,0.0196867207335516,0.03640167495312108,0.04938532623092917,0.01956939102402422
1998-10-08,-0.05194251211899614,-0.009410011876544111,-0.007925825457523406,-0.07364353908348831,-0.03559120934479498,-0.019444731495417145,0.0028046625130238034,-0.041802208554710174,-0.07307536385673452,-0.02208746936326811,-0.04067844593687375,-0.024165403952704057,-0.06899164832400828,-0.016519780692791697,-0.0494424208521268,-0.03695168487789169,0.016051025302302957,-0.016133444812003073,0.03374352266045477,-0.0012844127266407046
1998-10-09,0.017955733766985338,0.01595241372951195,0.006066097879250165,-0.0011955428678815938,-0.03214290387576113,0.016914308283410895,-0.018360807562123438,0.027802516171903324,-0.000632703976501725,-0.026538336135963903,0.004122699040879363,0.009945326404821486,-0.01160413585178277,-0.008398489776873519,-0.0039108456391135915,-0.051858225834356064,0.0019112196550283844,-0.04629268056249036,-0.009879769509839043,-0.0016434536655987042
1998-10-12,-0.030303090016442935,-0.0021410300219446565,-0.008323545227947426,-0.03590648755123482,-0.024600188859503325,0.0008602811088369577,-0.006441382840149501,-0.0059373430480438305,-0.0126555350690013,-0.07482598142845454,-0.017008907491806946,0.0035449856687828074,-0.05066951492533045,-0.0067759300572666215,-0.0353355996882615,-0.004109989747110854,0.005049694078405054,0.009890508803894305,-0.03737015648195641,0.0075859455215809835
1998-10-13,-0.03498148162382819,-0.04155646303703764,0.003291937053001126,-0.044692631459741006,-0.06809593689170235,0.002005510123606724,-0.032414888039892675,-0.0013278301090214883,-0.01217720857575555,-0.05015741483686864,-0.022076209822204484,-0.004415754201329114,-0.06226939051734848,-0.0142125333218317,-0.008140139484544173,-0.06666684509746723,-0.010998267468248057,-0.00602654225597532,-0.074999990987896,-0.016690502792778172
1998-10-14,0.05993249217265717,0.03925389820806435,-0.006296570449796923,0.07829765601854577,0.08119101288022601,-0.012581639686723989,0.0055405289737224805,0.07509992850808156,0.07396221088465227,0.01782221101007564,0.0024403709026350473,0.01931788799009948,0.07843584926043534,-0.01614747134245531,0.006565534816080465,0.060884224014996935,0.01902356792326043,0.015461363410406603,0.04735222439183895,0.00671716481907314
1998-10-15,-0.02963974173026973,-0.00703699902738486,0.0035102340280654953,-0.03253986198596992,-0.027534479149922797,0.011004803219398118,0.004997329077810919,0.0018545491523418445,0.005034553922019791,0.01102478382632266,-0.04321363408156498,0.024560234263838465,-0.033254661523209106,-0.005861848482973442,-0.07990205612471613,0.022443389528498336,0.0016619451698816068,-0.014778017697262058,-0.006189118581997666,0.005524585076678745
1998-10-16,0.007049024488966493,0.004989735719590049,0.011502200691360764,-0.0059172029083468525,0.0,-0.0014324199120733239,0.004590407960033405,0.07939152914062242,0.049288350595819264,-0.05644647908568534,-0.023536721857142173,0.023121734187381282,0.01131825388705976,-0.005896311151962652,-0.0797520714412785,-0.02696778501488417,-0.0071893354781750185,-0.01818246705676496,0.00010530293407673419,-0.011059360520088823
1998-10-19,-0.015398914870935365,-0.006116655393197834,0.001494729523126459,-0.016291031811707213,-0.0012869222307816397,-0.004589830740183043,-0.014723113443962155,-0.009337352213176664,-0.012602177361295097,-0.021753896760526636,-0.01889275014949854,-0.022414658998488046,0.014922140004418605,-0.010082978925718855,-0.05151661735911994,0.008379077938124757,-0.00228410192670081,0.003704329217087299,-0.018047303274585813,0.0008656939518787432
1998-10-20,-0.03981045240962322,-0.023385395991639357,-0.02785904829753394,-0.03216529546651792,-0.07860835583873382,0.00489915967858634,0.005796675729304646,-0.03173671437288028,0.013923628209883132,-0.031966534420129644,-0.04249670433063235,-0.01009624989690483,-0.028324543224710008,-0.0209706345090952,-0.052284475831622435,-0.02812402206810971,0.009882388128823028,-0.043512243018416386,-0.017519367579891254,-0.012327174156840148
1998-10-21,0.0,0.0,0.0,0.0,0.0,0.0,0.0,0.0,0.0,0.0,0.0,0.0,0.0,0.0,0.0,0.0,0.0,0.0,0.0,0.0
1998-10-22,0.04639685020375772,0.03032119955596979,-0.03822973134880514,0.007239139539737538,0.0405594268510856,-0.014052042561863098,-0.011270215311587672,0.003972886137529885,0.007247425760463999,-0.010768218945581887,-0.029125955716678975,-0.019921699855500075,0.03671608140768656,0.009791747443444576,0.05195521870765685,-0.03617224023839438,-0.014263744614397167,0.03359572396366084,-0.039382899666480786,0.0036494351151727944
1998-10-23,0.0066037482119278845,0.019642819582171622,0.000939069495950795,0.016007990535328087,0.014785129480933135,0.02385107553854282,0.016191925017810194,0.007518605823969571,0.0018935575622580636,-0.012336743540515394,0.0314285485507928,-0.04512776305722388,0.009229372692577398,0.00848497205797294,0.0336049466286783,0.021835409098025504,-0.0005606854532315131,0.03514805093477946,0.01002161786807787,0.019561918389769506
1998-10-26,0.080130991904525,0.017288863039249147,-0.007098511099611571,0.05659146929217562,0.07946999679031674,0.029545382134188447,0.031102513649120977,0.05400678889984034,0.0362884916836439,0.05290203065844734,0.08033266498346792,0.05133449155377834,0.06635444522605227,0.07752392018257281,0.06995099271245997,0.07679458404853867,0.021492554797868824,0.04116600214830601,0.04183106314544571,0.015549553239970315
1998-10-27,0.00043383791062878707,0.0015263844032782359,0.007936526785667919,-0.009738424089390407,-0.018404864661966558,0.006898581864521747,-0.0014839002866191553,0.016396254993586323,-0.006383343750893,-0.02861121417553969,0.01987153526336849,-0.012981764406870822,-0.014957994748152736,-0.029559061929379515,0.057089921868755056,-0.03317817569181014,0.0020323588206965226,-0.021211790035081557,-0.0033553143645767003,0.011869804461005717
1998-10-28,-0.011708215391930232,-0.005195115770036285,0.005343026135220752,-0.022434038147424173,0.0012499232341502964,-0.023568025752431332,0.02104757877925656,-0.028597909120041898,-0.009545015235395637,0.005747238316698988,-0.015713591855629372,0.009815258488617085,-0.013767932704234154,-0.031034726316096828,-0.03832751785562993,-0.02341240836861902,0.030263342018332473,-0.011204878065120494,-0.005537703850566067,-0.006524782054272982
1998-10-29,-0.007898501931154045,-0.0013226071405634254,0.004475126040601518,0.00031458026475794654,-0.023720183996991717,0.008700548508946637,-0.006668982122731371,-0.01943741129107146,-0.032801960761264404,-0.007142573207380765,0.014687266027191503,0.008845471404083538,-0.009854190514755334,0.002372513538822174,0.025362238293602735,-0.012479406404491522,-0.01149423279056061,-0.008349463320572736,-0.00818940649679556,-0.005170551600358619
1998-10-30,-0.020787185643802997,-0.015267545488954704,-0.004393571351287595,-0.013199424740918397,-0.001278882394325942,-0.0022261214771928106,-0.002075048369017729,-0.012124319935776562,0.021268356997453886,0.007193956568824378,0.02580242429558477,-0.00847912391067962,-0.008915694395118856,-0.012426011583824947,-0.0017663774784691944,-0.006983883204722985,-0.011574023037714487,-0.022252021500574037,-0.01145027473141691,-0.0040730103082246005
1998-11-02,-0.0018068490513571955,7.082614675990584e-05,0.005221250398850241,-0.036624116854141464,-0.06914203646794848,0.0025101860565126533,0.0006114426878303103,-0.010520237636992946,0.000750578672712221,-0.0214286289579817,0.0,-0.006704783990261198,-0.030125761945672958,-0.020371464707911402,0.003096917699834556,-0.012056100407457748,-0.017809594971408438,0.0026141619890645007,-0.021828457100744658,-0.01819318749237775
1998-11-03,-0.016742021176291533,-0.009344710242126686,0.023588167412788907,-0.005619834843659577,0.0,0.0030595153472032788,-0.002322534900776718,0.00531586467261258,-0.006187064886527871,0.0029200965887292707,0.022085754835994287,-0.006945875596574447,0.0015100666986724853,0.016513789013826496,-0.008822262143584725,-0.008135591338127357,-0.0058222790523675405,-0.0009204584078020828,-0.013093369008254085,0.009121546520426405
1998-11-04,0.0,0.0,0.0,0.0,0.0,0.0,5.000000443995352,0.0,0.0,0.0,9.496081843249506,0.0,0.5000003987385189,0.0,0.0,1.0,0.0,0.0,0.0,0.0
1998-11-05,0.02393005017997507,0.0018579062096821808,-0.005768465200537198,0.013962754397123245,0.03576314008668202,0.004991515468834695,-0.8322918066485241,0.01703892134917817,0.001509190536606475,0.015283521423720359,-0.9004944877510945,-0.01280639761469049,-0.3260104935190653,0.04813484871377982,0.08010708499565244,-0.47983600624612666,0.0031790794346726603,-0.001228137284424835,-0.0040380292943832385,0.024341539151145453
1998-11-06,0.06471946015168983,0.006062762765476126,-0.0015797305752449642,0.020983912240901237,-0.001327646034206098,0.0074505891810088265,0.0032878110589673604,-0.020990116794976865,0.014692030811226386,0.010036134202845215,-0.0005751087643848241,-0.006785966937900123,0.0368553618767169,0.03903545925423102,0.04614735474175147,0.022995962463620456,0.011898348568250228,0.00507213570893672,0.029769493893231802,-0.006392484103814322
1998-11-09,0.03461346276879396,0.01488848175183155,0.0005780604228662334,0.050417157493797715,0.07579751908674015,0.023281233012619973,0.005340174346742055,0.03088118691461128,0.025060198688051205,0.017032842567488604,0.02242699968251971,0.038280268425990194,0.08013161080977294,0.03646385535084806,0.05080720567119945,0.05234441089669839,-0.0001099523283545345,0.010551970050862725,0.017885149880163542,0.009790069045966243
1998-11-10,-0.0020400533987610103,0.002165447838823553,-0.006203467411963759,0.012228900839773127,0.05067993766930279,0.007762037613581629,0.003501178360397761,-0.011256800927138322,-0.014306064219573256,-0.0006980883193090648,0.0011250043083481653,0.0012577997412261954,0.04907730801185872,0.023987100500154845,0.005997081038323415,0.012511287878481658,-0.0031871639046257005,0.008626532990133384,-0.009503826167366669,0.022645412038910795
1998-11-11,-0.01717059641752816,0.017008228966550965,0.0009175519413369138,-0.016309150194387056,0.018823849809116222,0.00292177507078617,0.003729596040712657,0.011191878784247988,-0.010288664592237984,-0.00907767776349,-0.0016854002166868387,0.05750459184830259,-0.016500416191270517,-0.0619465650116815,0.01974679223001763,0.00843884245855775,-0.010418861714017402,-0.0007507777088905376,-0.0025657878268687817,0.011715398699101653
1998-11-12,0.039101185854344855,0.006991239995320475,-0.004463158915781085,0.01105306348031232,-0.01616639212004345,0.0007946799825400142,0.005034736824885311,0.0011452408855467944,0.009838673403424814,0.002818684536556315,-0.0005629237633629769,0.004203882477612275,-0.014380810149508871,-0.004994617700521231,0.02046048255398536,-0.005379737335375667,-0.009526222623036262,-0.016515987022836298,0.002796168825152767,-0.0014724484613006794
1998-11-13,-0.01681323789583522,-0.0061937916612410104,-0.002210707009403623,-0.017917147010984902,-0.01525822907188501,0.004498163143484835,-0.001551073540086989,-0.008959325834510534,-0.04319857345859224,-0.011946488870507643,0.03716221725000235,0.01001090490794554,-0.004301931720547603,0.006134962864735138,0.010383077836214172,-0.009615072127336033,0.006355653802700978,0.0015264155101668564,0.006692627110604921,0.003753756545450182
1998-11-16,-0.03745960170220852,-0.01356117371707699,-0.013480076445466338,-0.010204060525783376,-0.052443410447849725,0.003425230336331575,0.0014335959909517193,0.006732198895089914,-0.0024977502151074527,0.004267410968194385,-0.015201000998482983,-0.0182915032487575,-0.04452390374465087,-0.023835505988562655,-0.020907261816301648,-0.003337481524616659,-0.013860194101244505,0.0010671279226956987,-0.014404436923450614,0.002270613452439507
1998-11-17,0.01818952530529816,-0.0002776109894261358,-0.005989070604009661,0.006248115026262546,-0.0037737239173312176,0.004725332658392256,0.0010733336622748002,0.024073076697097795,0.007896728380435203,0.016289154894674196,0.014884402142734343,-0.011197577687389715,0.005505470124981926,0.008517813007550723,0.06188932399126945,0.03744334057689125,0.008331184438087558,-0.009745571636329275,-0.002698158205944101,-0.008195544181763714
1998-11-18,0.010386572393334514,0.010139900878213925,0.010262154844765448,0.035392718909487586,0.03282841007621018,0.008883967822856942,0.005599944624392839,0.0074628471270978824,0.028091587008876706,0.005574639635337997,0.029331805905737696,0.022370316377709587,0.04849431615371369,0.03603567817734299,-0.004771693675076016,0.015257737205202071,0.015062734684442303,0.0322922261814973,0.028294647803634776,0.007725732389740836
1998-11-19,-0.0172698280556971,-0.017600673696321234,0.00031080511105208153,-0.02848579006439622,-0.03178496036315259,-0.007769805806021712,0.006279854172004828,-0.0051850857514377235,0.00037115292856526594,0.02564131972055983,0.01952511715898475,-0.006718550482383234,-0.012495216271485643,-0.018478343204892944,-0.026369967582873466,-0.03641587084066711,-0.008859207438419725,-0.01236385437530374,-0.007893043006643508,-0.010666405906436749
1998-11-20,0.0016736340654122106,-0.006228566252266199,-0.0062113950926265815,-0.006481476354633142,-0.007575665138723431,0.00417665258661537,-0.0025905527308885956,-0.017125799618896598,0.0031586972839869887,0.0,-0.02173902952460305,-9.14362247027567e-05,-0.011520489518010435,-0.004429553598396918,-0.02145597054806725,-0.00899866684276407,0.005474677348537016,-0.016289827119995937,-0.02983429745324384,-0.008086245960670091
1998-11-23,-0.019632105530855704,-0.013239386554541155,0.0037186386067900035,-0.02733756178722535,-0.022900575651449984,0.0070185393186967815,-0.010742301120355569,-0.011363565451266489,-0.0018519371382301753,0.010135099017438254,-0.028042576277191422,-0.009506971071178594,-0.020443082847199645,-0.018909792423787097,-0.054637049550779526,-0.013619582978736444,-0.012056905922873895,-0.0036795453463378536,-0.006833543651636131,-0.014605821601572755
1998-11-24,-0.0042612258312481055,-0.00442478029962079,-0.011177022275345339,0.0006389163264342024,-0.010417176950041296,-0.0010325337976139215,0.0023865882345819323,0.004214392517596588,-0.005381441442395829,0.0033444089813658984,0.0010891771550862739,-0.030918625483744133,-0.031597833102436135,0.0034014095279166767,-0.0068440102665091596,0.0003071073964544535,-0.0113039940630002,-0.012004027178559973,-0.00917462541217473,0.007928352930655969
1998-11-25,0.0,0.0,0.0,0.0,0.0,0.49999941098642253,4.999999856212459,0.0,0.0,0.0,9.496076868386986,0.0,0.5000007084697107,0.0,0.0,1.0,0.0,0.0,0.0,0.0
1998-11-26,-0.029096950603976657,-0.01799269511712831,0.0012596127589987738,-0.0280885452626638,-0.022368120919045276,-0.3402238524728266,-0.8341270365828104,-0.02823360450255963,-0.03973914057096062,-0.04333324421842799,-0.9103215220526093,-0.03619032518770604,-0.36623039205352903,0.005649410698658874,-0.075421093298909,-0.5243867052904676,-0.037997609569037305,0.0,-0.022222229064747245,-0.00013704240614320629
1998-11-27,-0.013221801964335755,-0.004014796835156931,-0.013207670467071608,-0.004925763054899779,-0.04979803383325465,-0.013315752414724491,-0.021052690889970194,-0.03415777027233402,-0.024674269705244778,-0.013240751343202906,-0.02484130881773583,-0.021739033226890525,-0.022669455709176,-0.022471468047453258,-0.04347839646608176,-0.03257005472386276,-0.040208413439358215,-0.01246049028674201,-0.020478180767903753,0.01587074817328027
1998-11-30,0.0026800120442755926,0.0008791620036323611,0.014977518724012429,-0.007260843447609133,0.024079405509831897,-0.015612596754862706,-0.004154449596306287,-0.006097374950722045,-0.028884230833769675,0.017655760071955795,0.018957576782580032,0.00828270676800269,0.011705798904300568,0.000574523512453684,0.03463192268838977,-0.0006665997015797842,0.010349612142392273,0.003154547753583703,-0.0022961194659405493,0.039730727108442165
1998-12-01,-0.0008907808360193448,-0.0019036535115134479,-0.002888668911187553,-0.00565129262224584,-0.006915713290321479,0.004032151654393745,-0.004662094997308297,-0.044989641853157125,-0.05641058536657406,0.022206720955876502,0.05232525615157546,0.0018029737315568006,-0.0014997187878514895,0.036760420076269895,0.013389296842951648,-0.03535696635105934,0.012195287718739678,-0.02059774723322283,-0.003148989738957275,-0.011658073657713763
1998-12-02,0.008024766479886702,-0.010198376872089465,-0.00201473390701834,0.0203945470319411,0.02367675873507369,-0.006693806991651341,0.010478303472215789,0.023554217259436516,0.024782787177421328,0.0047522513929874055,0.011602468289621415,0.0030003420115998214,0.018025801202339764,0.012742281170256664,-0.010322080878318318,0.026279583584668087,0.013253335767933194,0.0033713794952208165,0.025030243022770016,0.03931833983767108
1998-12-03,-0.009287807676746973,0.0006669097958154069,-0.0027451396487349067,-0.010157598951033964,-0.013605409404310986,0.0053908870292742606,0.003171896406966912,0.0,-0.018455703385228728,0.0,-0.008738397162227574,0.001993927982322674,-0.006323755653053653,0.028446709615312926,-0.0012517635260184123,0.0040430444312857805,-0.0011892200668428554,-0.008960399851943524,0.012565187454995463,0.0037831509208203773
1998-12-04,0.013392975309524102,0.04881503608326265,0.01053553593801726,0.016881928160011883,-0.012413844189125722,0.009383487460924878,0.00036448905691921496,-0.012134124153908132,-0.01231898144314747,0.008108202097149242,0.035812342940059194,0.004576884635277612,0.014000768656714735,0.010638175489494639,0.024227079139918617,0.0,0.0041669688259093896,-0.021633378823573746,0.004448490015346085,0.005025053528011414
1998-12-07,0.020704597710645256,-0.001059267842325906,0.024671283907865105,0.0192057159564909,0.016759777687478383,0.009296417608631202,0.01106231982241912,0.02710738801282475,0.029321576369407465,0.0013403557769382513,0.02127695732036905,0.009707252579060244,0.01610892835992961,0.00684202286317559,0.060767086880439525,0.02449660599468584,0.016656482833540265,0.03234339448544321,0.08007001723558416,0.012500331411486654
1998-12-08,0.002157954943830198,-0.004454446299602566,-0.0054081382025522595,0.01437226689435489,0.0054947760817440905,-0.0052635258112639915,-0.006852978953551081,-0.012164837251011584,0.03316312581770564,0.009370661787011514,0.020833096140228324,-0.02638853664870422,0.008646993011172555,0.0015684195669491974,0.021914639229033472,0.032427175135907094,-0.01580070709673098,-0.053708766705223177,0.01057508318631628,0.0012344491584102002
1998-12-09,0.018087707314550228,0.008593632230278647,0.03658874997039674,-0.011335058413903698,0.005464143848675995,-0.0026450855176241017,0.004842447367181979,0.010227561622309977,-0.013374583416727703,0.007957472509475094,-0.018367237413334903,0.0287158798739513,-0.015921626098231112,0.05793303391896609,0.002633587152261141,-0.01173877371101606,0.007108934386705901,-0.057263420253566344,-0.02851007892963109,-0.009802661239654564
1998-12-10,0.010575419083945103,0.0016194830141824657,0.03254085673296636,0.00063718199002194,-0.0054344492363105346,-0.0026528261151729238,-0.0069880857732358415,0.002065951607732819,0.010219317409601691,-0.005262901278125454,0.004158054427892521,0.04191900253390446,0.006845399679284769,-0.015293588046945361,0.04765456717254568,-0.0016050526525475117,-0.004706107184498376,-0.05214106302771382,-0.00043978905720609696,0.037295267235748275
1998-12-11,0.0033486692425539477,0.008084208478480459,0.002812802862731889,0.0076386052858234965,-0.006830784474494922,0.00797859613567753,0.004731905809136183,0.012371134798803363,-0.0070191671464793215,0.010582153457252774,0.0683227885559381,-0.0036657936241139,0.02739971589864565,-0.005010006425576807,0.0239973284416779,0.009646495013867051,-0.005909836388716561,0.07277876572953867,0.015174522513611066,0.03481371477325279
1998-12-14,-0.014184266571433124,-0.0038354483264904093,-0.006812103353128762,0.0,0.0,-0.007651607318694409,-0.0013281450207177636,-0.0014258397079693896,-0.005613302707166423,-0.008508655172458912,-0.02616263518058526,-0.024247616393906823,-0.005012770443847181,-0.003524723582485456,-0.022735204788986607,0.009554175796895992,-0.024910847022634686,0.006167383831478412,-0.02166356757163823,-0.003480323326059076
1998-12-15,-0.024545217841063005,-0.026111683538787678,-0.031296439006100796,-0.02337347074095164,-0.009628627477919816,-0.0015956182198347824,-0.028173936512725928,-0.042218690095286004,-0.03533310558515279,-0.03564316155400593,-0.013930562743908248,-0.029201110429570076,-0.03305127905688232,0.011116799906188302,-0.010021581183015438,-0.02618314064708993,-0.007377982439004671,-0.026269620625896994,-0.016829002862631004,-0.0011640328014699275
1998-12-16,0.01127986785818269,0.014951677500725014,0.003748065704114456,0.004204403599930906,0.008333538247166983,-0.0005321831593937398,0.004354265990438533,-0.058134414951223956,-0.027741992336332566,0.0,0.021190623133238384,0.005477900046590101,0.017090386738489505,0.010994661191810584,0.05495310826464661,0.014900949441785993,0.012285496863689627,0.028596798087616726,0.013288385273195535,-0.01165493940346174
1998-12-17,-0.0390388962758933,-0.025779377808960446,-0.016004423234464493,-0.03703693910934369,-0.07988975705725643,-0.008792783786843672,-0.02105979257049606,-0.0639836007145469,-0.004235629711891509,-0.01711151097271557,-0.051383019388865914,-0.02922231428668498,-0.027663843469865834,-0.03855680932102368,-0.06579872191818903,-0.02330001406232185,-0.010922535490402008,-0.03899244902244248,-0.008668830852049725,-0.015330159864410886
1998-12-18,0.0058034647765476954,0.011776898191317109,0.0,0.009698671132259529,0.032933644709026266,-0.014784855639705774,0.013287646682769383,0.007246152534680972,-0.0015668153228972637,0.0167129091813476,0.014583361918143467,0.01428574032466412,0.006322423299591318,0.03856043989598468,0.037417515025027326,0.006862684437743738,-0.018405151881941695,-0.006550632353200525,0.011435332288735722,0.027065496447782333
1998-12-21,0.03506422891377747,0.03175721893409644,0.015060088670213467,0.023517793726923086,0.004347880472416632,-0.0013644967789948614,0.015860814195953976,0.0004796132752529214,0.002242195993856777,0.026712804466409334,0.08008189288973222,0.010060448711263437,0.033507714962222934,0.007920821525532418,0.08026875824119517,0.05160659260294165,0.0800003888211751,0.010622793087912585,0.06617139264708571,0.04186134954700593
1998-12-22,0.013722077884944062,-0.008217212071861213,-0.016023914077865964,-0.001941591274322918,-0.021644758979245782,-0.006830394170369458,0.008114147627312107,0.06855217100200162,0.00850136837555393,-0.0033356662229990786,0.028517323993940247,0.001991942087788745,-0.017021176663368887,0.00196500208867878,0.021276753108833812,0.002469036307100936,-0.01041686355231819,-0.022834232771796525,-0.01860915311496092,-0.024062510357053202
1998-12-23,-0.013536331292669623,-0.014183421817222652,0.0030457728446440235,-0.006160776893231579,0.010324283178846372,0.02063219155329321,0.005121800458130377,0.015029272561790874,0.03904177480316284,-0.014725760421328005,-0.0018487531212224573,0.004473374131515495,0.016697731011599437,0.005882267315771905,0.008653724412852615,-0.014778101903305862,0.001169747726596615,0.012611061208236407,-0.014618246236938082,0.005733580612532485
1998-12-24,-0.0021439122088542373,0.000712202514906668,-0.004840300320313018,-0.009461842809362575,0.0,-0.004581987727898196,0.004853390786397682,-0.00044214795395125517,-0.005124167173871985,-0.001358444017589222,0.04444473084826317,-0.00841182753932801,0.008515950712845832,0.007796795642380117,0.05687970984639312,0.0,-0.0011683810155598273,-0.0001827534051086488,0.019135501874825822,0.0034208899206626953
1998-12-25,0.0,0.0,0.0,0.0,0.0,0.5000001645984866,5.0,0.0,0.0,0.0,9.49608105732155,0.0,0.49999955335528434,0.0,0.0,1.0,0.0,0.0,0.0,0.0
1998-12-28,0.03566786459343696,0.047686844669564854,0.004229619283634634,0.03392634122842075,0.01605837765305851,-0.28152329518233454,-0.8285437686524502,0.03648026965715179,0.00042911120350486165,0.08027182083885531,-0.9011789151269101,0.00998006577711208,-0.3033105613938655,-0.0009670491149064153,0.03517759768190709,-0.48312507993315834,0.005555569029971341,0.0001827868100205965,0.031645530545179934,0.0
1998-12-29,-0.009958158160471298,-0.024456522638559908,-0.024608943438931496,0.006052830870038051,-0.021551567437308794,0.04271283566041606,-0.01748879244798085,0.017064661713321216,-0.012869855272293562,0.0799748317814497,0.043589525349222,-0.02569201262345777,0.02674111358954101,-0.007260013653651032,0.009293961697040887,-0.008464352145011289,-0.011340395788254964,-0.018315081573907044,-0.014315056370170165,-0.015795487149346976
1998-12-30,0.02975688369584617,0.08001402389717316,0.03633366009161465,0.03863201334113886,0.08076337999699512,-0.01831298727854036,0.019591690211087753,0.0046141427537174096,0.027161904320838426,0.08046641560159484,-0.008599546102125433,0.03651139443073137,0.01555190413228602,0.04778157624970958,-0.02906458967110548,0.0353658991552106,0.005882227370360038,0.02052279232058929,0.022925391609373236,0.011430744802156223
1998-12-31,-0.026455082748604863,-0.031530111718493625,-0.008869443359862839,-0.03902430568076887,-0.006793462463812072,-0.008345347463566855,-0.0033980862459407346,-0.012526095873842569,-0.008673270124761046,-0.07987051213524243,-0.029326647703778908,0.001956859144360612,-0.032841179052501945,-0.03210841111552276,-0.030231366457117326,-0.02826861815749271,0.0026316544750151216,-0.003290676999003428,-0.010749318247302964,-0.0033676147989544214
1999-01-01,0.02173920962756104,0.015312744635852082,-0.0030625599260322156,0.015228548816594856,0.006839929266539535,0.0024752320689929164,0.003997321960421463,-0.0021142293767048015,-0.0021341248609234587,0.025806367655672124,0.055319202390154976,0.01855455235393677,0.012781325811180633,0.01826941509599478,0.015586817030992739,0.006060873264448041,0.02659671776092276,0.0012839983288435164,0.009738519828983438,0.000515230701694902
1999-01-04,0.010638413309518757,0.02360666743414508,0.0015059079123009855,0.006874729785586453,0.036684937855639754,-0.007407661447583536,-0.006439891517231344,0.0,-0.009409838607380538,-0.03945083382838166,-0.026613016838522352,0.004410591219030202,-0.005274355771878292,-0.015581042345224061,-0.005115735354815354,0.011445356021472675,0.022669434863015203,0.01080752160439502,0.026700514176773327,0.0010876472190188835
1999-01-05,-0.004048490779328118,0.0032030664208420045,0.0015035595611276875,0.00031029406213423094,-0.014416662855752826,-0.018656907404524636,-0.02180351773829825,-0.03559331525496712,-0.006908514663185095,-0.034523906437144536,0.004556875458767928,-0.0015270953711641333,-0.017231687952962926,-0.011990090417979493,0.08015722994250618,-0.01727203184745174,0.049777532004525726,0.058355012068421974,0.014535639522102572,-0.001600871411403193
1999-01-06,0.008129818361390706,0.017879880703310258,0.05525553927609361,-0.002171762036769387,-0.009308427673252129,0.015208806468209213,0.009638731470673179,0.028119742683327287,0.026087050049303784,0.01109759752570949,0.029278501016190894,0.0315486974164183,0.08015474232798381,0.017475813420565478,0.02940340518587492,0.07272719442416009,0.018734213518509568,0.04725985955353251,0.010721357077440485,0.0010882076082587844
1999-01-07,0.0483869957518992,0.02791739230504242,0.005691319273608331,0.06343292613514961,0.0335566602086641,-0.006241252491116733,0.0031024133677191035,0.02991442327331506,0.04194917144772359,-0.0201218243669139,0.008012803598732798,0.006301670541980275,0.0800922461126603,0.011450381991956249,0.04189317764991629,0.0802261021099937,0.008831051172751625,0.0006539674063932299,0.04918021852173893,0.00915299811978132
1999-01-08,0.08000022440067345,0.024717888758845286,0.015846191794900877,0.08011681093625755,0.06233786389908391,-0.005276790977985613,-0.0001188274389942734,0.03692991977007276,0.057136985006299934,-0.004978315147753709,0.03736064869529132,0.046233385648183134,0.012386539882943692,0.012735788676216941,0.08015722541157588,0.05648534971832153,0.01956759039589273,-0.004901797600106006,0.06801468161018454,0.08004552471348192
1999-01-11,0.03347558955085339,0.00041670273802130176,-0.030640875922630872,0.012994397670795577,0.03178459963465419,-0.009851005452180983,-0.005354264967821543,0.006402153041951131,-0.01904225485459976,0.0287681043951451,0.0038314104935106563,-0.0008803470231942834,-0.07014662756598244,-0.014904572521062476,0.08000931881906137,-0.04455451064216709,-0.03030333974124333,0.004597501740300158,-0.05068851093336446,0.0800438360800535
1999-01-12,-0.024121143783829346,-0.043579219294002436,-0.012643750395786912,-0.014965349380273718,-0.030805460408993124,-0.015816588759775874,-0.0074161476442066165,0.003975973266623578,0.003921583015847219,-0.04498518861001122,-0.044274670021903884,-0.019382811203247696,-0.009123156111567443,-0.00472811953306862,-0.04207712021893184,-0.05129505383298505,-0.035416745608458755,-0.07159178436750047,-0.04813690236453538,-0.04383514134595301
1999-01-13,-0.021186561984788965,0.002303199894054586,-0.005791336309152184,-0.01600657956063123,-0.036674905705570526,-0.062208200878800635,0.01229234028319759,-0.01584134499846568,-0.009570381546024853,0.005728874118274163,-0.01357853114409846,0.01707052770919426,-0.026203651682631057,-0.05843216888286784,-0.029205465769762795,0.019661117423306784,0.03131741328200799,0.03609175094837758,0.04476183494470298,-0.019059487696348465
1999-01-14,-0.017676771990948636,0.0036641652225948285,0.0008491011873517085,-0.021229671961390806,-0.03553324678271741,-0.03869535099673105,-0.01892855132399207,-0.03480941118130798,-0.04555284279742078,-0.0506327999291869,0.018218932173815094,-0.015812927435058244,-0.02763637073572689,-0.001009269360516929,0.08014440731077488,0.009641199296243741,-0.026230299047159567,-0.0008504791723332739,-0.02096602191481567,-0.015544405879614476
1999-01-15,-0.00807936461448533,-0.005259470352834805,-0.012576949611407318,-0.030985984979850723,-0.024999636008203874,-0.07993081417175196,-0.07171478557357602,-0.03272818548983791,-0.03698373142533995,-0.033333339395571815,-0.03658047188253055,-0.07997453908202812,-0.005235823936073469,-0.060606157804300564,-0.05080212201726586,-0.03395229253785248,0.008656544569943359,-0.017006544674413093,-0.03538196619047762,-0.007420783690127775
1999-01-18,0.003332017171355117,0.03135089428726001,0.01892750821522382,0.002616200751112574,0.010796154416287784,0.025000510509127105,-0.016993570237277322,-0.0247843677241687,0.04376751119600608,-0.06275865507357625,-0.01815940749422651,-0.015512159893820487,0.01127815885747907,0.0,0.005868502955315158,0.005216654218030747,0.027665345233721883,0.003460639022873524,0.018146604886886575,0.040882271236521994
1999-01-19,-0.04022119174005012,-0.03498198696698607,-0.009157107933329134,-0.043200842814259066,-0.025367173039673063,-0.03353728823987712,-0.03164862585668382,-0.04508299113050396,-0.07975327540936217,-0.05813091411199511,-0.06263125682912485,-0.01892759016799328,-0.04739747964073204,-0.04838687946201081,-0.011668710943250837,-0.033050925186931646,-0.014471832046398458,-0.010344872388930781,-0.03868008679590773,-0.01171692307487715
1999-01-20,0.0,0.0,0.0,0.0,0.0,0.0,0.0,0.0,0.0,0.0,0.0,0.0,0.0,0.0,0.0,0.0,0.0,0.0,0.0,0.0
1999-01-21,0.024606047894030425,0.027500069529975413,0.03567668668003332,0.030302890695365514,0.03835592988429992,0.030283904231602765,0.013457636690914487,0.049757072105675926,0.03238764380243775,0.08046861196789568,0.004932951307067057,0.010100614002288122,0.07999988729388052,-0.011864286135436886,0.08004727963053493,0.047740220733307526,0.03152625342969784,0.03832753992464455,0.06311625523733588,0.0800001345619965
1999-01-22,0.013883837249065945,-0.016179724311264687,-0.014108064850747448,0.0088238029655332,-0.010553735606651293,-0.00857279228636676,-0.0010841699324466436,-0.012566260231302917,-0.024231501019944313,0.005061772375152485,-0.00847861342151579,-0.009999611783490514,-0.037036955275440375,0.04059451619402621,-0.02929568859739029,-0.002426546048781897,-0.0009182290329842191,-0.0031880646828436054,-0.03339541693535697,0.05288285803415227
1999-01-25,-0.01406409109981377,-0.008285262117947667,0.01603401778368685,-0.03148708572855052,-0.029333494379197744,-0.016059344445868096,-0.01112265260715839,-0.051127699587002695,-0.0026607905227841178,-0.05179850222617122,-0.024302531734443522,-0.0020201709155170944,0.00037513132201349997,-0.03736260710006667,-0.04504524055254988,-0.01621647522112768,-0.03401258302126131,-0.01868352705665277,0.03502893731083345,0.029012031119529436
1999-01-26,0.0,0.0,0.0,0.0,0.0,0.0,0.0,0.0,0.0,0.0,0.0,0.0,0.0,0.0,0.0,0.0,0.0,0.0,0.0,0.0
1999-01-27,0.022898172022993712,0.025748200576398705,0.02522635328553502,0.01745923696030771,0.010988944177347193,-0.006591562833915043,0.006172697347710976,0.019529511039074743,0.024899711776019462,0.006069780117426982,0.07702970636624573,0.018015910351829145,0.0015002403759516447,0.027967946722084802,0.016980954440814378,0.024725378352970173,0.08004248652904589,0.03276087046469511,0.019935082116780745,-0.008811233494345427
1999-01-28,-0.027156207052601467,-0.023885877499482233,0.012909791637677914,-0.00650871210785442,-0.017662761854857156,-0.03791455859512216,-0.021131498151186312,-0.005307941820908879,-0.007375386209358958,-0.04977370848979257,-0.029550602605434406,-0.01570864455258658,-0.010299638128318578,-0.013880995665941587,-0.021335590935252835,-0.013136509565552235,0.06808919766947197,-0.00680934121336052,-0.026363737721670555,-0.017910663355001466
1999-01-29,0.0007545010500062954,0.004980981037667309,0.05762499812691724,-0.005360354295169678,0.002766081252590924,0.004597493033292377,0.009748902284385741,-0.02204166913704242,-0.0013110341096892464,0.07936499803121655,0.019417506147175745,0.002020050627868475,-0.0160830388115758,-0.028153359836139202,0.004265465728938711,-0.0057050524341180076,-0.0238313012918967,0.011706607645919131,0.014005754621292166,-0.008010293981266847
1999-02-01,-0.03128515202669169,-0.008426081882490055,-0.026675949126748755,-0.03562883069058831,-0.027586139530823228,0.0035961037208753766,0.005379944245561985,-0.005931030469424781,-0.011816323370824389,-0.014705828272646881,-0.02900442872260678,-0.02812513842706521,-0.04230794919517156,-0.02665120320349068,-0.06559692814241791,-0.009562736694153973,-0.04788726338096272,0.01156958393688079,-0.02375693887534791,0.01277368799209766
1999-02-02,-0.024124715985353373,-0.008997768697056263,0.0021156470989507348,-0.026699521981786045,-0.018439628149948373,-0.07980486242121554,-0.07806322096683194,-0.015513419371625758,-0.02568606226661574,-0.044776359448114755,-0.0013374171090433373,-0.02344146322754781,-0.028112236002377777,-0.032142707170822016,-0.0037880872169715474,-0.017930693616697746,-0.003944876538870434,-0.008169807045436017,-0.013393708516875602,0.013063022840060778
1999-02-03,0.030701794138573213,0.02774270876586482,0.012803714474475925,0.01467263740654956,0.014450616258723459,0.040707835688700955,0.04523798996506678,0.020605889128801902,0.0,0.03125010434272468,0.043749802947225636,0.023898162071941398,0.0409087063138589,0.031365021697063344,0.0,-0.003932796496879276,0.013861622457691736,0.03789114602244159,0.0800190007304582,-0.003556940575514922
1999-02-04,-0.028239741790152872,0.0033740539990121388,-0.014726343167179023,-0.02357736547678979,-0.017094123974353614,-0.018027046358703114,0.0039865307243669434,-0.03325413115699527,-0.05954592451037155,-0.04848508813529151,0.001711005012267286,-0.012551832454135936,-0.04327079678173462,-0.004174181120689124,-0.016476738501378985,0.002537883481258829,0.015624732358574978,0.024603307032999178,-0.005045219918665134,-0.004908597475349663
1999-02-05,-0.02468158642046714,-0.0009168404009550768,-0.0015877697982066286,-0.016419441281038116,-0.017390987331725172,-0.03359865280718333,-0.052751145343582495,-0.056510805888351,-0.016191506071805195,-0.03343952387868243,0.007685932368039161,-0.01040049590509251,0.0,0.012574828265776716,-0.028865825496167896,0.021097026972234145,0.006731008808875449,0.010224536658700378,0.04270434949662394,-0.006277936418316088
1999-02-08,-0.03265301735835613,0.007282614378253394,-0.013725543888525427,-0.029132851208000687,-0.013274498044578253,-0.015770970642440485,-0.04940119110859742,0.005208395898723017,-0.06312939106193216,-0.06589786584703594,-0.04322028510892606,-0.014861834444559796,-0.0363070583247469,-0.01005306537339734,-0.03609323489468996,-0.019283335425840153,0.002865136085298925,-0.015181406148520038,-0.05076788777763397,0.015794215620147822
1999-02-09,0.01518981635527683,0.0037058584276630224,0.004782125480649491,0.03337841690538612,-0.011957853099819005,-0.045884748998360925,-0.04188979948455762,-0.023834140279790916,-0.004194936705492425,-0.022927694402828935,0.009742983296206154,-0.019396512175970382,0.003229267811291958,0.0005974827386754367,0.018722439790772816,0.007022169420756397,0.0428572204450286,0.007785730029828963,-0.004045043092470779,-0.003998382497574227
1999-02-10,0.02244412215075897,0.017554670144693585,0.07999989544615738,0.005546293050065376,-0.046898868890791534,0.06793915577918597,-0.027284541211742286,0.008492223064918702,-0.04423359830503615,0.08032505640673127,0.032894797761943595,0.017582082948570665,0.08004284309035992,0.008357918964257527,0.07621597964683802,0.08005600009460556,0.02922387919315228,0.031674436364832026,0.08005411987769007,0.054415647879057616
1999-02-11,-0.007317121438897067,0.00535417305517405,0.00019825125383365894,0.011680773024947966,0.025396552178380327,0.000714748454166303,0.023994666672653375,0.08000009248766093,0.08016533611846643,0.04594812273435234,-0.010615888957531738,-0.0021596019531968658,-0.022451753261791718,-0.017169767794007473,0.030135907725426403,0.027892363781869767,0.01818967872795141,-0.0035942412738951823,0.01955409226719773,0.01692064614084332
1999-02-12,0.0,0.008283941331363787,0.004455448077247182,-0.0057730514671355815,-0.012383599712506466,-0.014285844541876092,0.029702788747825393,0.023391847295463064,-0.020148154163675214,0.006390190793482686,0.006008717427421484,-0.017316011736811743,-0.004065127227509624,-0.018674658929461407,0.014139475197748608,-0.0050253464306737605,0.05045762860801695,-0.009469101903838206,0.019588479842821194,0.0045757767455851805
1999-02-15,-0.02416081830880945,-0.012030700784579795,-0.02907873962256513,-0.02838706956333248,-0.0062697849437748365,-0.0054344199310076835,-0.04967954177338285,-0.08000011505904059,-0.06298799526992582,-0.039682823778286136,0.020051387653970743,-0.002202609661947408,-0.023673386235393945,-0.03744629977797609,-0.04062508681848076,0.08005080412491528,-0.004480083448543115,-0.016692563537359262,-0.013585083147711896,-0.018633810191362454
1999-02-16,0.005455368412250028,-0.0008909888287790269,-0.012689949959170721,-0.00066385624766363,-0.018927447731353353,-0.04335196114643869,0.007925754986567446,0.06055911272641823,-0.005555487034553996,-0.008264809998424827,0.0472604696462775,-0.028145742695754983,-0.009197195246692935,-0.01785707248444346,0.032322593668546507,0.08019638183168443,0.010750401079828276,-0.01543221167528741,0.021921463752139658,-0.005906882289245741
1999-02-17,0.017111948977470037,-0.009512420613559724,0.007712134313730967,0.0006642972455404017,0.02893926712760031,0.039604097907944835,0.003848055703801645,-0.02366989239358086,0.06033542170894801,0.004166805277271424,0.003594115168973122,0.022146661345156415,0.022995704963496122,0.03961029038295183,-0.004854573956623698,0.08008655051865143,0.017396054379161585,0.04043935479750593,0.03030279672266345,-0.01443116802101696
1999-02-18,0.08001627053803695,-0.010204170162630977,-0.016326554459873077,0.019256676848286025,0.0,-0.008424679647751732,0.0016666849516535631,0.0009996522033843824,0.000526529544515153,-0.016597531979195,-0.001193946182089567,-0.00200022731960936,0.008249069689821198,-0.038101094948147285,-0.007316718593666671,-0.05010027721172483,-0.019448897717011637,-0.007230829175012277,-0.024690204752007006,-0.009474873989459898
1999-02-19,0.07446796107029763,-0.003032132508927865,0.0,0.013354910424006938,0.0046873262034858865,-0.010343870917688625,-0.00166391173500402,0.016229474120284193,-0.03106868579930877,0.016877659472015694,0.0035859713080610423,-0.015809296728787392,-0.01820412558988116,-0.001298942889647492,-0.005405562692907151,0.029535945174130385,-0.005785043705775594,-0.01062223744365709,-0.015951331699702864,0.0
1999-02-22,-0.07355015692879341,-0.023113976547776915,-0.008298839944300584,-0.03182278309536701,-0.02021774812792576,0.008585287556931664,-0.03533323784879572,-0.022112888845392975,-0.0002722528105643107,-0.020746594253841955,-0.02024584365877735,-0.01583719977228404,-0.020833159769952148,-0.0013004091288899566,-0.05138336269232191,-0.03995909357054506,-0.027389924352451467,-0.04831308921128419,-0.05129029205970648,-0.016521573321570893
1999-02-23,0.05190879145723715,0.013449033074235839,-0.016213455667945853,-0.0026558287961578886,-0.00952380952380949,-0.03774988405737434,-0.03248122309060342,-0.03015056795159643,-0.018754783932830477,-0.01440688271557844,-0.003241983217087463,-0.012643521143301695,-0.011702295948191388,-0.023437284358846955,0.0026041751209022745,0.01173959697450666,-0.05046792784054899,-0.024979315776821442,-0.015640890243750705,0.0070293571140620514
1999-02-24,0.02249642088335957,-0.0022117761162904204,0.0031898442912894343,0.008655035588515991,-0.006410335223269392,0.03076951851466525,0.05357148441750437,0.07098428941685042,0.08005528852214949,0.023215741282632596,0.004064957291442184,0.024446969701170662,0.03358459249216561,0.013333411146561946,-0.0012987729621009025,0.023206654348842726,0.012601551753490092,-0.010909797179259773,0.0276338082184564,-0.007858350570076778
1999-02-25,-0.008517048044467512,-0.014778326108409456,-0.006359181051453722,-0.013861473375000655,0.0,0.02052260260223937,0.010678626635694632,0.03047885462488753,0.0746348250949389,0.008403103846001514,0.010526690813545736,0.0073860989479603845,0.007706459207299954,0.008552415460273854,-0.0299089365911821,-0.0030926219104325803,0.001777631884041675,-0.020722088713032938,-0.017646997015537513,-0.015265230216564896
1999-02-26,0.0014317696796632973,-0.03399995493239549,-0.02266655792272254,-0.01941104297225482,0.027419456165516554,0.017915813678204717,0.029682513591969384,-0.007042124613739764,-0.007160041649395987,-0.06583312879586245,0.00520795555538589,0.0020308899182708284,-0.011988268959811532,0.004566388478588701,-0.024932904282811252,-0.022957533500225002,-0.023957631503005894,-0.02047739709070784,-0.008725448912444311,-0.011458407409226656
1999-03-01,0.03645467779888789,0.16459650791859493,0.11773531397920389,0.0969287303550821,-0.020408182172550804,-0.07866397874055098,-0.10097731755763562,-0.12056774969909512,-0.12019249132571497,-0.0008918954567113113,-0.06695887628990038,-0.05437386854049231,-0.022594050342114924,-0.025974065057043028,-0.030519799540983716,0.03725638150009236,0.15186355285100128,0.16655058737966466,0.15170879881646893,0.10090912232681215
1999-03-02,0.0,0.0,0.0,0.0,0.0,0.4999997630167212,5.000000656421603,0.0,0.0,0.0,9.496084161887577,0.0,0.4999997622419632,0.0,0.0,1.0,0.0,0.0,0.0,0.0
1999-03-03,0.03793108673906165,0.03000022015000514,0.04044924652622339,0.06938368470362555,0.08012812631519206,-0.3037036779573681,-0.827415437954964,-0.016128643367211426,-0.005464414107962945,0.0,-0.9034240195659478,0.016666983281058867,-0.31792233046026475,-0.007999886484231222,0.055587002949589515,-0.4857142463866777,0.05994251416023033,0.03225795505713802,0.08002389671547738,0.025598646569821915
1999-03-04,0.007308627374794208,0.02373208139031191,-0.0028625435824914947,0.047425019805838575,0.002967067401540069,-0.04068683208051105,-0.02886607130971275,-0.0437159759904423,-0.03626372640173303,-0.016071697225624737,-0.00884983065158318,-0.016393748941536446,-0.023012655205848054,-0.020833169915113303,-0.008597292329849515,-0.03531763677581157,-0.02464637449657847,-0.04803210138923253,-0.03010943448880743,-0.030757018796156665
1999-03-05,0.007256348625614084,0.01685982371358663,0.004705716739682231,0.08000014865426075,-0.0014786539120490438,-0.02762674517943997,0.01603319653030022,-0.0008573991549226667,0.026225808843073795,-0.000907108028537329,0.0029764155469791387,-0.023571279917933508,0.008351340649798367,-0.02470877184549858,-0.005962162963770057,0.0448374737690711,0.008473913288974622,-0.0030398330934807705,0.024320402803579055,-0.01146350835129728
1999-03-08,0.0006546902087187778,0.04963751536333372,-0.016393162746497603,0.07998955791552165,-0.044444869450798286,0.02401007703968361,0.05638237112516764,0.08006910723713334,0.06166669896942456,0.02270638451106488,-0.05638011291054934,0.00938820003516505,0.08005930586877597,-0.002110918177837484,-0.000817872920065521,-0.022440779629531615,0.0181679444336047,-0.0018292302074208733,0.02136850690266545,-0.011764742175176535
1999-03-09,-0.018324353219836165,-0.03149387066240261,0.019047278937826206,0.08001934607009953,-0.001550178183569506,-0.03868725068063805,-0.0025173978280196296,0.08022252722221901,0.05180536083774556,0.039076650959490644,0.015274327191663106,0.002536466743827015,0.016516264771885503,-0.04795494864243777,-0.02264678808390508,0.03503842512525979,0.005241714110023166,0.0076357986486497165,-0.012717020880945173,0.0068029702513559
1999-03-10,-0.04000028288073365,0.015545426762946901,-0.002827211764771964,-0.07982378552168379,-0.010869583893712176,0.03252025991300411,0.0800941417290093,0.0522059535428443,0.037064611990469176,0.04273465678718802,0.03097322453242013,-0.012048438235424674,-0.022050596862730365,0.08000020089036397,0.08012297777145538,-0.011673476335121169,0.06504946741653628,0.07911530876724981,0.08005556815527837,-0.005236919861284051
1999-03-11,-0.03055550878293367,-0.012346586675278326,0.012208107783541644,-0.01701418884967787,-0.014128670238305108,-0.019684686991603417,-0.017759725041786245,-0.06149574400679492,-0.05972642565218045,-0.016393539152840253,-0.01673771083213771,-0.04146329668280557,-0.046479544821575014,-0.0425243757878182,-0.04316369528156028,0.0,0.020833610848396855,-0.05196664770408843,0.01384977067728288,0.0010189312311115195
1999-03-12,-0.014326797644592881,0.01377135831461751,0.00138845803766241,0.08020495588270071,0.0015922586744325784,-0.03614478493400419,-0.01649448829999345,0.017125868935104815,-0.03698982047933341,-0.0008331791882372208,-0.004801769217087304,0.017938775568951737,-0.012652879812004025,-0.00859574544474917,0.0075635606879773665,-0.0043303689718660054,-0.011224847866069254,-0.028148087475532768,-0.014672768393090063,-0.01865968447567279
1999-03-15,0.011991511482076556,0.012832007820223534,0.0032361258095077172,0.039494338624640024,-0.006359378787770376,-0.06958331615806013,-0.046122136381626766,-0.045631957673545887,-0.03788099580238913,-0.04420351044629056,-0.020614233876878996,0.01962250070362881,-0.01176458416776649,-0.02239885611779535,-0.0053620174704749335,-0.011664705833048239,-0.007498929081092731,-0.011432688796380597,0.001283627634604212,-0.004321529219625253
1999-03-16,-0.04129288996087699,-0.020142541877594122,0.0023502427374255674,-0.04906637824232307,-0.03039996364664299,-0.008060843384973038,-0.07692285702033985,-0.03860895146786525,-0.03634369196345455,0.04712026555148974,-0.024630542284089008,-0.008334988302814428,0.025935327530622887,-0.028085822651024994,-0.03234491215081403,-0.047209701103525625,-0.06204072807292593,-0.04086385795246317,-0.02782001090298669,0.019964918542186183
1999-03-17,-0.011235773303686858,0.014950533464248794,0.01512605462861627,-0.043835485013284825,0.04125445253948823,0.05643327755774985,0.08003646894918726,0.030052952605543748,0.07428626212141509,0.0,0.013774596221827418,0.021013457020554904,-0.013054460090366704,0.024334496485416635,-0.016713218674733077,0.011547348081984543,-7.388235221994499e-05,0.037299135168840536,-0.006989311379868024,0.07863828651564675
1999-03-18,0.00909073166419505,0.0032345367250683488,0.0031701082717112694,0.07999027106695178,-0.014263480050172195,0.06965841389780869,0.010683444046356572,0.01213517438618017,0.052659161245100394,0.0,0.005434720065419452,0.014528055532147865,0.02099531127829035,0.030438263359416906,-0.00906512762853906,0.0045662515950033455,-0.04878070742629981,0.04773723765601656,0.06772915920559086,0.058860873398108415
1999-03-19,-0.005255236570974153,-0.0109130045825645,-0.005914143846313169,0.010391201824473839,-0.00803844811389176,-0.004794776126199274,-0.04865764263572925,0.0,-0.0459826565116368,0.0,-0.008108141544643788,-0.0023866689299403276,-0.027555047279100853,-0.03242071969976157,-0.018867883902875526,-0.03326455599298017,-0.0015538746362543376,-0.036982558113479835,-0.009950808474235462,-0.052160451819282305
1999-03-22,-0.03094314266516074,-0.017552285865451767,-0.00131713306805048,-0.03676119224035368,-0.016207475679251515,0.0196709734363405,-0.012345919644480507,0.08418363725612532,0.038135623115846284,-0.01333276146197293,-0.00953682439079806,0.052392097415326466,0.010573442605237737,-0.0007445483925142549,-0.023892792546749142,-0.017738649141562535,0.035019313968329024,0.10706601918411951,0.04120594270547806,-0.01022035917866948
1999-03-23,-0.00350480698444533,-0.031138623272035093,0.02670789943359142,0.012948684775300423,-0.0032949335596068607,0.023622150884822446,-0.024464093738585713,-0.030587967346556222,0.0,0.011823973526047027,-0.015130823179898889,0.027506313267180227,0.008997623897756046,-0.023845283559683517,0.07999978602655733,-0.00783315899641901,-0.03007500577222344,0.08006126207697095,0.07999548044506066,0.020651139078368574
1999-03-24,-0.002344657206956202,0.011696552436997854,-0.013363170987685247,-0.021529593089647303,0.0198347733222326,-0.03076916782491701,0.029104972837414866,-0.05776725298453422,-0.030612348920874388,0.06093491568907994,-0.0037244399770995917,-0.05641628563487078,-0.008710293179373774,0.027481250202274765,-0.024875207258100107,0.07456164029417556,0.08000015003603211,0.08003609372068898,-0.03111368037175677,-0.0042797765354049
1999-03-25,-0.02428521302094022,-0.04801567593681455,0.013544163966656919,-0.04217289945147651,0.0,0.021031790589545407,0.0037350544381686834,0.04070080516828667,0.0,-0.00629444996055728,-0.060747552174827524,0.011958183215013962,0.013598306184050335,0.0007425700434644522,-0.024943373422400716,-0.028571507226644588,0.0800315477505793,0.08005234825734941,-0.021043610692128567,0.008205890422059658
1999-03-26,-0.020875150389310648,0.007658567702225394,-0.008886162004285714,-0.0004783993072050574,-0.02269047790702694,-0.045472129708761244,-0.0046073795983364585,-0.014851394979052301,-0.02131569309741943,-0.04988129312911316,-0.0054726912002665,0.005560646948238546,-0.027863683394933947,0.0022273314170135894,-0.034883680547428964,-0.05021005281987356,-0.04632173476826984,0.013215583077547555,-0.00500603519338727,-0.02306190577944911
1999-03-29,0.0,0.0,0.0,0.0,0.0,0.49999962874870985,5.000001720228859,0.0,0.0,0.0,9.496080292595718,0.0,0.49999992138672567,0.0,0.0,1.0,0.0,0.0,0.0,0.0
1999-03-30,0.013120160975146122,0.0586319140699012,0.008965833856437566,-0.01388611660593364,-0.0049750635141171395,-0.35667745523182715,-0.8368049990696431,-0.035175754594355846,0.005915665606614606,-0.029166348714778523,-0.9084915174282231,0.01382488005088267,-0.34607221331912286,0.0,-0.02951822723543429,-0.5089581212321289,-0.006968553209181549,0.056521864046192194,0.01805306512748328,0.07204916402820016
1999-03-31,0.05544339637901374,-0.012307440915122259,0.008908863133038958,0.0347175172063936,0.0016667486322001768,0.008438704663611185,0.021818204177747047,0.03411422566785505,0.024324995903105995,0.04721006023549523,0.0802078580348422,0.05227247277204028,0.030302955015576227,0.07407393515551486,0.045934417909860636,0.018017941771111046,-0.017543909646291378,0.08004149321336773,0.007092780707224078,0.08001178643605833
1999-04-01,0.006901668152513141,-0.018224686359244346,-0.01942592873368476,-0.02956341556752662,0.004991496008404983,-0.004184330544309556,0.0035592955339291965,-0.04809866015491504,-0.003131733166303108,-0.0065575796397583375,-0.026036494314586656,0.03023764237773552,-0.008403229955537439,-0.03448266881734252,-0.011572920931012587,0.013274281104341812,0.0,0.06953664958992212,-0.020898209564484294,0.02525432842770181
1999-04-02,0.0,0.0,0.0,0.0,0.0,0.0,0.0,0.0,0.0,0.0,0.0,0.0,0.0,0.0,0.0,0.0,0.0,0.0,0.0,0.0
1999-04-05,-0.07958879024052012,-0.06922605133238613,-0.02476388624723591,-0.07978755704719498,-0.013244953037917395,-0.060083878626989495,-0.03546157916681747,-0.023544396333141315,-0.05366484322279319,-0.009900885357316591,-0.06633668357278921,-0.052620259123063895,-0.07987304182269395,-0.02214262576992798,-0.07985574209162272,-0.05065529789638834,-0.012142697338272779,-0.0790877766077579,-0.07995300007278383,-0.03205216643045705
1999-04-06,0.043028546035507986,0.08000014025949476,0.01569730830931171,-0.027850520854096672,-0.011744801653959969,0.0035766596363056014,-0.01194838452414948,-0.021945673060185356,0.01798085247576897,0.0,0.02863215498013516,0.006859891975164345,-0.05318874755175551,0.08035032245837836,-0.03425802565263436,-0.00229945603288928,-0.004338414173764904,-0.03868483882696627,-0.0002565352263670384,-0.005386454991281875
1999-04-07,-0.004760148621833604,-0.005576800863839826,0.013636569067046578,-0.0027026491747375037,-0.006791253981050738,0.005790732053397862,0.00539539670564082,0.0,-0.00815224370272094,0.018333579485559692,-0.013917586982631347,0.0012087105414699817,-0.07976683530751327,0.014198872887214886,0.04391915694676163,-0.026971072555993292,0.055918444028157044,0.006036168091977823,-0.015064084890950236,-0.016837197826454098
1999-04-08,-0.009166815275554074,0.004126387788517816,-0.013901535290840705,-0.02655826553799323,-0.010256346559333052,-0.025686476201449482,-0.009437344343438014,0.0332415014802081,0.0027394310721187143,-0.0016368045580497093,-0.013068309228039365,-0.0012072513240684035,-0.01691346673962446,-0.02533335530412728,-0.029126390668178015,0.003316986940462563,0.0342160200477899,-0.032199913250977596,-0.021802428763784465,-0.07485853442703416
1999-04-09,-0.02976658234302776,-0.014646980942649934,-0.006366579778769643,-0.0512251290818061,-0.029361069616949842,-0.0031820885171414126,-0.0323184833105199,-0.030563583893037705,-0.01639332897809309,-0.02049173760170686,-0.0333687871604631,-0.01208782515789042,-0.07983838370164942,-0.028043945815486193,-0.05866657039928713,-0.03872487835908878,0.050706492978164874,-0.03947089991808084,-0.028609543476657562,0.03053358912760995
1999-04-12,0.0,-0.006523237475838162,0.017848896662308933,-0.023474252126362116,0.012455406357140264,-0.014591671775494586,-0.033011548396333246,-0.008572804906347598,0.005555398936123446,-0.04602495400434259,-0.010411073340250487,0.015683689651573074,0.028337387213047238,-0.0042222591311963376,0.016288968384955194,0.0027018257056745654,-0.022151647453106826,-0.018932750533135922,0.0,0.04092628880918259
1999-04-13,-0.0008296554220502683,-0.01937558225256597,0.002698157408000501,-0.009314474690196639,0.0017576206507008418,-0.046737305429999765,-0.029147322336842252,-0.006973405841967262,-0.02071806734870052,-0.01754379947454754,-0.006090353362775969,-0.00744700719021385,0.011363776218465294,-0.010600678423525078,-0.020208925985275794,-0.015188640019884292,-0.03430427575046513,-0.03640368509643954,0.0,0.028287217048007296
1999-04-14,0.0,0.0,0.0,0.0,0.0,0.0,0.0,0.0,0.0,0.0,0.0,0.0,0.0,0.0,0.0,0.0,0.0,0.0,0.0,0.0
1999-04-15,-0.026555926841980604,-0.013721323177062539,-0.028901486095973872,-0.026994499062580224,-0.0035088795521523997,-0.024272351020735772,-0.0006170090972983377,-0.03370816443344138,-0.05895617481619142,0.0,-0.03175531691772149,0.010703047075615979,-0.008426626805241422,0.008571429972627165,0.006400954772528111,-0.0196519225166637,-0.03418254690407185,-0.07828838115537684,-0.05958890306000042,-0.015225139941846377
1999-04-16,0.08013644713097579,0.08002220358668177,0.08000265991743616,0.08011216301854396,0.08098581076983002,0.0800995986673303,0.08004101105089023,0.027034666511714045,0.0791365606953589,0.07946400828859512,0.07997720566917077,0.08002159126645747,0.08016983679761625,0.0481588506372268,0.0802121139482459,0.08018289889578911,0.08001398784721836,0.07999971949312412,0.0800436432940288,0.07976088131502901
1999-04-19,0.01933739716422922,-0.029523991626998924,-0.04865792015564829,-0.037518088169349983,-0.05863174982508401,-0.023491518174789783,-0.0855402219398591,-0.07359152105508904,-0.11638886294879547,-0.0554174461333139,-0.06553028651583281,-0.04174636850325453,-0.06713881971642466,-0.03783797168222103,-0.037945786272363335,0.03359180525043759,-0.004208363050039465,-0.006287251582526743,-0.031627147085083296,-0.024406032104168696
1999-04-20,0.02748709088122281,0.0013272694945993813,-0.022471366637358048,0.010494956705989988,-0.01038068620974486,-0.01415092987134825,0.0,-0.022303949943262236,-0.025149312295528414,-0.01926446046850061,-0.001140291543947347,0.08006315009855891,0.0022490925714051535,-0.03089865852099616,-0.02040120314493421,0.0799999430643572,-0.032102223277334474,0.0358912500942028,0.04456828778566435,0.027351389452456187
1999-04-21,-0.01770926923747851,0.012725517780376228,4.5841923639544646e-05,-0.0163207372929276,-0.0069930286377763995,0.08038300257563402,0.050000553582230545,-0.0187497740494863,-0.003869671556564036,0.026785701962127373,-0.0057075399011117245,0.08008594015684434,-0.017391093010939662,0.01086940838825412,0.0010412904898473574,0.031144690345515036,-0.028333708713681904,0.03942244524342642,0.027999774400378596,0.03376628054746389
1999-04-22,-0.03337150497006336,-0.025654497317201486,0.0022531741044331532,-0.028355879435573605,-0.0492958633652969,-0.04428730874085618,0.011904527964754719,-0.04554135304069751,-0.041761184951792374,-0.01304367009805174,-0.03559114362458604,0.05796173673185656,0.00199837157978644,-0.010752534697418992,-0.030166372837287736,-0.012857079932970028,0.02915991731705847,-0.06623941686495005,0.0246433627304794,-0.02010031659722955
1999-04-23,0.00396831482039417,0.015583011816175496,-0.0052295345633975865,-0.0034147664458533677,0.018518543816526067,0.010658291801599384,-0.01823558534465186,-0.05305296684795002,-0.049324573730083476,0.020264490968972426,-0.020238143694501276,0.01709406233040589,-0.008832115333026969,-0.026087202040457447,0.00035748993410478214,-0.011784423083875839,-0.03333308371980226,0.0,0.040506148942293985,-0.010256470327135836
1999-04-26,-0.058102853124521014,-0.06137571602467129,-0.0316334082181251,-0.07975096566826478,-0.023636321569750374,-0.07932153567242228,-0.02176969133817941,-0.052149393850346115,0.04477636836529886,-0.008635862852063303,-0.07958685810729127,-0.027058765841278976,-0.07990796821246404,-0.0632441940523607,-0.07969965611547869,-0.07991606433656506,-0.06672448032363254,-0.07997710215977483,-0.02737229072858638,-0.07998710388211827
1999-04-27,0.0,0.0,0.0,0.0,0.0,0.5000001135200658,5.000002712530795,0.0,0.0,0.0,9.496076306701013,0.0,0.49999988432724374,0.0,0.0,1.0,0.0,0.0,0.0,0.0
1999-04-28,0.04070508657380634,0.0394589269482537,-0.009999846585522776,0.03926901994562648,0.06145265555983248,-0.3094291373999346,-0.8312576659784513,0.08029743399419265,0.08027220042774852,0.022648407917370106,-0.9018963668033431,0.019174316031343785,-0.3335417242459986,-0.016679534500268378,0.02524249479235441,-0.4949977363265745,0.04193614193547157,-0.054843821068075504,0.044402899402705254,0.006687747017413592
1999-04-29,0.08024164128723821,0.030368996634484002,-0.005291289080842532,0.022800846747950798,-0.01403512995084466,0.06875038721993043,0.04799343458865524,0.08017843002765446,0.07997461966444752,0.005110792180921031,0.049999781426825374,-0.05584793559975887,0.07999988429106586,0.013731466080590282,0.05757567470094993,0.0801440474049755,-0.006879774127115046,0.0799999561523399,0.07652710485195846,0.016083798956620488
1999-04-30,0.012692037448287952,0.008315685956905128,-0.0016925202691137065,0.00828065445756243,0.0035589594294902493,0.008996726896868479,0.009428491945610462,0.08028045437088283,0.08017533552253076,0.017796701207551502,0.07997549926800063,0.014272116500267495,0.04745363178241924,0.0350599297123233,0.024713588855360014,-0.06940382056881789,-0.021637831876522573,0.08004366680870412,-0.021025895600750855,0.030282304411040073
1999-05-03,-0.008846678107351846,-0.0022967213419098353,-0.023976328982427186,-0.010739388058199295,0.010638098895401349,0.022291167158211556,-0.030118262789929906,-0.07991711157548897,0.01430464204282611,0.002497757893370034,0.049180116636286186,-0.024778908041046988,-0.029557871609855457,-0.00846797610686767,-0.056273998139789616,-0.012318138462932837,-0.008028887166961929,0.037225212445590516,-0.03124991812296929,-0.002504892239934775
1999-05-04,0.08032674795375705,0.061002075911473996,0.009974888936073567,0.08014078273187342,0.07894723389314273,0.005669780845483974,0.011596265741307565,0.08012793208996505,0.05907375898579459,0.01328876379731958,0.05872857812139176,0.03448293748264253,0.019071942251167817,0.009317103558666107,0.08000003078093343,0.013832174898608551,-0.027962174470138823,-0.014681998214603142,0.027565941893907153,0.043027068062518214
1999-05-05,0.013425280940455586,0.005917160711026659,0.007370415547486742,0.08010637167673895,0.01788615994291365,0.08022501442222718,-0.01107461304501578,0.020771495623511438,-0.035175535821678205,0.016393464617102893,-0.03206130401094809,0.0030698802007143033,-0.005865551530636726,-0.00538515287256125,-0.036351159139024536,0.00917031024106163,0.0037849311911859473,0.07505524779669215,-0.018264557750352517,-0.017656818935818164
1999-05-06,0.021739442364019368,0.08000021972548965,-4.87025412702069e-05,0.08018599087021383,-0.0015974638552591625,0.08028993400874151,-0.0127699803012159,0.0014536391903423596,-0.010416702800786659,0.0024197136999677404,0.049947883569999574,0.036904523869032646,0.01685840034024344,0.0007737383243138218,0.08007106369752126,0.018616963914103613,0.013574921576003485,0.01848096399512489,0.004650805964060867,-0.05882343531924916
1999-05-07,0.05700500104192319,-0.0059912187958429675,-0.008780093658396715,0.018241772667169753,0.020800139747969792,0.08026690806456083,0.0003981584480738931,-0.013062700024952023,-0.001052368191489128,-0.004022804353106091,-0.00851292947182336,0.06603696459053188,0.08013250684009576,0.019319615474050922,0.06820452809683442,0.06179294099543631,0.0029760111935206446,0.0004028863981750952,0.006944376019194065,-0.006944457820500127
1999-05-10,0.014136026772335608,0.003652942910892465,0.024753710100817727,0.031101986540922777,0.07993712755627436,0.025112113155638438,0.0067631164900174845,0.01264736079025286,0.011590918794055272,0.009693168176974742,0.08030309578399741,0.036392081729088366,0.05269920054559929,0.0674752981127631,-0.0006170813039665379,-0.02049211117790195,-0.02077122728767966,0.0439338692914788,0.037931122001995554,0.004195743876842739
1999-05-11,0.08006447748399159,-0.02274781526204772,0.044518125443523626,0.008687587316122514,0.05370136171772755,0.07684518773146687,0.017585399678154534,0.08016289452846181,0.04166672861087228,-0.03600016789976235,0.04721820814297506,-0.007633427489120326,0.06391257667662797,0.022727299048378002,0.012345639427811195,0.02196699518287093,-0.003749897230808874,0.0018339141654188928,0.03875984750726236,-0.050696255242081656
1999-05-12,-0.04561808653484545,-0.01810990271231183,0.04551745475935265,-0.05502406336200372,-0.06887105134086269,-0.01433401475538898,0.010097456656712245,0.05888656549570137,0.014999733986819308,0.012448092386722287,-0.04464285863229611,-0.017307875691229935,-0.0520787134345051,-0.021527852442832618,0.02896351095510674,-0.005117734117869088,0.04558714005860187,-0.0596397773646794,-0.01812381664677054,0.016175187744455588
1999-05-13,0.0660376734790371,0.029254054753319103,0.024625968760406236,0.07999978753904169,0.05325500287000717,0.030666758015710505,0.011149537375636953,0.0761809786892167,0.08004914487050407,-0.016393539152840253,0.10825259039616308,-0.02152615372913058,0.012530066476143409,0.03193801124025031,0.08000002770283898,0.02469125032984909,0.010909426130767397,0.024180629361078676,0.06406089338294874,0.0178665821782924
1999-05-14,0.08023602302233845,0.028653080334067438,-0.021888289544278128,0.08016910207785966,0.03792097913799086,0.023005902322340788,0.08003751116109736,0.07999052536456142,0.08004572809978128,0.050000678213163674,0.04686816352659262,-0.007999830042195066,0.047120245381798265,0.08046716257712894,0.08010951171396141,0.03614461794151702,0.025179751245299586,-0.00560245164368911,-0.045918317485711846,-0.014184426707064657
1999-05-17,-0.02266503014045751,-0.01889848753188572,-0.024572065304929613,0.08007783231409604,0.006765984288501947,0.058471243787296956,0.08009205423626908,0.08018321641349035,0.0800255009278239,-0.011111646769058847,0.022175741978207153,-0.01854879656682462,-0.013636489099291271,0.0802041013439807,-0.02489192374707705,0.017821874248995728,-0.017543909646291378,-0.036217313328029244,-0.0759359700778659,-0.03237416911997992
1999-05-18,0.03073481307251713,-0.00848990501471203,-0.009896941425813766,0.012658584359495961,0.021505147122032886,0.014447484041255843,0.0800193376424414,0.08009711937057373,0.08015628175806322,0.07383654984788701,0.007777088787718656,-0.022185491085909614,-0.009676980668732571,0.08014135523696209,0.002344530582099935,-0.0038913761007387526,-0.0035715993970186766,-0.039666122120101344,-0.0018515872742171924,-0.007434596554439121
1999-05-19,-0.005150636388888907,0.000828776247758789,-0.00045413976981079074,0.06964263079595345,0.08026358829907121,0.01647542041739114,0.08012635861021922,0.08014959792062393,0.08000005510736807,0.07996996337578866,0.02152737402065541,-0.025210049555283387,0.044671975514378515,0.08019623734830494,0.003897938573433901,-0.016406209711284148,-0.017741579335464275,0.08000013500923697,0.02632146667664781,0.0006740742112258946
1999-05-20,-0.043051644629952035,-0.01747953325459073,0.012272457687993121,0.01279906543426601,0.010962195422190346,-0.04093384679883272,-0.05001350313963815,-0.07992359437741448,-0.07993980285722757,0.07958469843842164,-0.021471314705137745,0.010344874667884252,-0.03318496478944377,-0.06767662047835199,-0.02148601664940397,-0.03494834688595028,0.0166027493867964,0.016505776614012646,-0.010281109159499868,0.051725550874228476
1999-05-21,-0.048405481664448025,0.025514737335277093,0.01481825593667141,-0.04652013158797497,-0.012048251666334608,-0.062160041866047955,-0.0508825089593703,-0.061616809088311575,-0.052823136443410745,0.0064104686484283135,-0.07964230676952777,-0.008532444708896691,-0.057820833521339265,-0.07963184641571519,-0.052910028553442956,-0.043209719043497796,-0.01292205783555489,-0.007921026691997235,-0.022830924959649,0.025622868370537955
1999-05-24,-0.000299461370838916,0.019767689629264007,0.012389294616186097,0.002304847000609289,-0.009756037878753121,-0.04092877419299734,-0.04787714340947957,0.004016260883392242,-0.010961464404120047,-0.05796204536832439,-0.025607010064811364,0.024096323805662623,0.007334938977204164,-0.08004713974114563,-0.0167594709520954,0.030752698486122165,-0.020326721624664756,-0.01696581855210577,0.009345596880318663,-0.018042988589923592
1999-05-25,0.017659734715571807,-0.045572844436207904,0.027098163016017196,0.009199236491225449,0.00985215588475219,0.014650452484855414,0.034987827500767565,0.007999804357784024,-0.01224987789897436,-0.013522484239559263,0.046669832321608595,0.025210149626534006,-0.014077305968927312,0.07997480755619568,0.04261347328774279,-0.006885194264843353,0.04673131530260677,0.03248734867523906,-0.004629276099169521,-0.0388697265038116
1999-05-26,-0.03558865991932958,0.0037523960945828883,-0.014893466902074048,-0.0529817645013424,-0.18048778030301604,-0.015066238543084975,0.07861624619910845,-0.019841079021608587,-0.03523585393042017,-0.030842877048880446,-0.04675339154785885,-0.0393442450132272,-0.0004928708739383447,-0.07997622163099438,-0.04550403717464435,-0.04411718820962307,-0.026241226323966527,-0.016716027194077276,-0.0017445033656293685,-0.022058571243820713
1999-05-27,-0.05946896335208174,-0.05504682750200507,-0.019439154386226787,-0.06416643893756657,0.06357371189700456,-0.07584407463687359,-0.023323603610804877,-0.028340203085989835,-0.04692957964859612,-0.009901148007374738,-0.06357853252275825,-0.018771500289380127,-0.05418671680432274,-0.033483611766591315,-0.04082219422018596,-0.07978052268346769,-0.016751812736543137,-0.020000065133716882,-0.03436225560431905,-0.011278278270603459
1999-05-28,0.005187750664982449,0.005835348548013375,-0.01275285043635932,-0.023784148565855978,0.017770491356583706,-0.03448306219024588,-0.044776153035627875,0.0004168166965252684,-0.05373557103613691,-0.06857126192171759,-0.015518970018922662,-0.04347806727234926,0.0013019178555593314,-0.04663589451075634,0.012499901447767137,0.0028658935247922734,-0.003703625951315903,-0.024489830932087675,-0.009650192425134319,0.009733862109007063
1999-05-31,0.08000016837660517,0.03888939368993727,0.024073509274976646,0.08011425548697759,0.06349239992057454,0.07321394921920121,0.060781239605591564,0.037067659474028014,0.06968346922056745,0.08052160442796263,0.08029554699379537,0.04363634237825509,0.05851763941837129,0.06918267434419456,0.08024701395532197,0.05548941852411793,0.000743530150616678,0.045816143000750875,0.020706628942575467,0.012953535319775167
1999-06-01,-0.008064579866764676,-0.0333639888699343,0.023965283721038233,-0.027636963240392665,-0.0014926234193978205,-0.03693830390039232,-0.029901217627132604,-0.020080348741975174,-0.04822368122723142,-0.061746401864363754,-0.027815844675902146,-0.03031371473863953,0.014741871014837704,-0.032679755426871515,-0.03918375844706923,-0.047833988497995805,0.025260279720136003,-0.012902765918378134,-0.0381864085617879,-0.03940476888707223
1999-06-02,0.04878043988665737,0.004847049054168773,-0.029787111080593287,0.01943611309002624,-0.013452928073930392,0.012439330616437205,0.005162191306516739,0.08012318865423262,0.022222231619388744,0.05748874679462479,0.018292978693340567,-0.009971265391458095,-0.02663450022310243,0.008783677131438683,0.040498636445580605,0.03554487781458726,-0.007246409932481046,-0.001925001529088477,0.0026056920998998034,0.01006177274577591
1999-06-03,0.02210747876312258,0.006918287315204497,-0.004386659725776343,0.004714760040736454,0.01818199770521578,0.04095560520110242,0.020997201498238915,0.005501803223750823,0.0656522645028832,0.0014307406027478375,0.02257014155681425,0.018056241389556638,0.0358209978019679,0.03148023365581398,0.028851097369811507,0.026316005260007325,0.014598670427435678,0.008651149451138318,0.006744265185323561,0.010153516417315656
1999-06-04,0.03370774733250781,0.024096358085747838,0.004405987292785962,0.04080806614371868,0.016368944906024918,0.005245951562141471,0.006805867742329497,-0.037735962443701365,0.007752100985772836,-0.006428419810738606,0.08017995115190324,0.012567269124045266,0.0028818523243865357,0.08051941219657666,0.05820105202102277,0.047937646441420956,0.017985412280515867,-0.0004078344463529504,-0.0031345891673821846,-0.006258235945934887
1999-06-07,-0.017391133901221156,0.012993229371128567,0.012719138847223865,-0.019800084513646232,-0.010249119255046235,0.01108972005918818,-0.003967597891390562,0.01568668241027349,-0.006072862667376722,-0.0079082788184075,0.010008415784294344,0.06504684409643624,-0.003592119061195498,0.05769241878030895,-0.02224977789568805,-0.025531946909890135,-0.031802054978296246,-0.003162731021898013,0.007398200524595389,-0.007634097857813216
1999-06-08,0.07853979772641706,-0.005597090391684212,-0.03637990954007808,0.03200004037990434,-0.007396311153724966,0.08000004313859987,0.00177011398600313,0.06949804657642544,0.05906291307569633,-0.014492311465494456,0.07762177349145949,0.07272715104784289,-0.009372485047769219,-0.00852255687824377,0.045768320137784535,-0.0041484177600912275,-0.025438043364050977,-0.0030706330521206304,0.07955917898975473,0.08000005271207722
1999-06-09,-0.036153955469007126,-0.0017351975363074645,0.008449769100683513,-0.019767323868566833,0.004471197297115204,0.0074668265360839925,-0.00382907790303999,-0.07996414629680137,-0.05923058841525408,0.016176009922455714,-0.062451751253356225,-0.07095518768930975,0.025958139358571275,-0.013753678110244638,-0.02762837513259553,0.056566234838647755,0.026851302130959764,-0.00595490376145269,-0.07035121464786387,-0.0787390100379548
1999-06-10,0.006118915341134734,-0.004980605246934444,0.006885648586098858,0.00474499677599205,-0.019287900912980382,0.03320481362750405,-0.002069839378749938,-0.00019594124377153577,0.0004086959661824263,-0.001447173337005725,-0.022885352814140947,0.008872947715466095,0.05154875392244751,-0.019755938395853434,-0.035956659283610914,0.050840439648001334,-0.0007296813552485348,0.003924804937040172,0.02585521623991016,0.024469103220857713
1999-06-11,-0.03410899832150582,-0.025830160105825617,-0.01168501512642317,-0.017316116517750113,-0.015128884615432936,-0.047632245585432886,-0.01644436448009401,-0.013736391429971073,-0.03616667594454348,-0.014492311465494456,0.004182149108181932,-0.011835948790989703,-0.0006746764687785012,-0.042086736677939496,-0.04773103428327685,-0.02804089774372298,-0.011021831877677246,-0.006584565933706821,-0.020745526614700083,-0.007999294232430953
1999-06-14,-0.029838640538399352,-0.015220327505487186,-0.0065838855354343195,-0.030036059223243483,-0.04301049520227318,-0.05875281884778749,0.023648368689543897,0.0015917130691720516,-0.017383848702934968,-0.041912145480318075,0.023323740295851048,0.00016601735654009353,-0.03082811021873011,-0.03465354106565488,-0.02191166546199419,0.03453873144621822,-0.01103408587690069,-0.026201198539607895,-0.019970729535221055,-0.01818191634985422
1999-06-15,-0.02257331933336071,-0.013634856770611603,0.011586312711431734,-0.030346856277003953,-0.04333882288201407,-0.018566256823490446,0.032666105472161755,-0.00735008298269646,0.01920148555480239,-0.02225618875329416,0.04151418335446233,0.05081506339602049,0.0030184585821850796,0.0,0.00924112422829415,-0.0037312952586336934,0.00880625541661506,-0.00042534973111796326,-0.0011147918086750197,-0.01150640871871711
1999-06-16,0.05196318008584555,0.03303575010464921,0.02743058295373002,0.07898667005711268,0.04362421611103606,0.003588092600069537,0.04003990713004346,0.011206654656361836,0.0038102834147535347,0.0447408200267434,0.04259446026171476,0.006489862570388194,0.04953696287380516,-0.020512898380225963,0.050499693841453475,0.0701758772158918,-0.008433557656327806,-0.006490079233329005,0.02374908678719234,0.003214146747438029
1999-06-17,0.01262344147936112,0.016714277241350217,0.04042677468551581,0.0309782635759579,-0.004823326832110286,-0.008125043769724782,0.08001094463773972,0.021768967815200213,0.055040397054276546,0.03230697705241936,0.02173928870248898,0.035857571684990486,0.046537388430454074,0.009162549800617814,0.0429413789169677,0.03407593092912231,0.004700283668594762,-0.00374801703284644,0.003452200568384134,0.010509076350776025
1999-06-18,-0.00731713043299731,0.018149751888882237,0.003960354997315507,-0.012439863382874172,-0.012924096927475759,-0.02719506333010313,0.0507418075050492,0.012202810261240815,0.017389284597440158,-0.008734055357223935,0.06823176804721975,-0.01685267357719522,-0.014752060920998789,0.022697564429614348,0.023931973265194806,-0.025293910450599144,-0.0011880364041148006,-0.0024722716071283735,-0.019436074219613575,-0.007925567486603224
1999-06-21,0.027572918756090248,0.020719942085960286,0.002118320060434442,0.015116181908030102,0.03600685486345956,-0.00269453455401214,0.021490021484917854,-0.013586354408794521,0.01689591610475616,0.005873762673869631,0.03056319584841294,0.0034746170799662135,0.026523733810656314,0.08050574978873404,0.0464941390673832,0.0001824967362984431,0.006654005157750165,-0.041810607669642175,0.018097853043022694,-0.005884591756764812
1999-06-22,-0.009298642847677785,0.008960343543071625,0.010525362366794466,-0.001145209127214608,-0.0015797689451660935,-0.04930775878200111,-0.009691645174326746,0.009893354625431616,0.007921260916503803,-0.021897405671335468,-0.008996910654947232,0.04132057683008816,-0.017711937854755555,-0.002463052698508883,0.0559556216744308,0.0009137817184212693,-0.009785936546672813,0.029239940587917346,0.0195293503245777,-0.014112039537195975
1999-06-23,-0.025207683315483287,-0.021523164552928575,-0.034384310184615186,-0.06995418095848038,-0.0031649414898273776,0.05079913901667554,-0.00011913827780973829,0.06876737615833739,0.033735627519658085,0.0029845884595143257,-0.0601884211225272,-0.03931126702411758,0.016970692940179388,-0.009876537225701254,-0.06254256579459827,-0.03231104216307701,0.015326964831114953,0.020323371656896905,0.01156457504804198,-0.02278312276316774
1999-06-24,-0.00605242429533559,0.009356117670691999,-0.025310657685165605,0.0010274239459766576,-0.0031743816790859025,-0.01960725686434317,-0.005371304119857201,-0.06919499365910331,-0.03930997364436928,-0.021577175559214568,0.020393527536078482,-0.02353667052838071,-0.006675183203371238,-0.014962584359975883,0.014798528220658191,-0.02131671334604468,-0.0009914993576295439,-0.02120333078449499,-0.018584819082528514,-0.004760393062365087
1999-06-25,-0.016329441291202063,-0.008577700957973278,0.0021131749615812545,-0.023814305162815463,0.004776939169741423,0.0027581209563427578,-0.009840224981546908,-0.0050208782663224705,-0.0009651750966093164,-0.012167465764199914,-0.029803510557559365,-0.008822404861623334,0.0625790475248531,-0.012025179560766874,0.0026296126834404188,-0.0009637978269335656,0.005992958012252858,0.019583961040118725,-0.01003557442197256,0.0004901361108247126
1999-06-28,0.001125066472855929,0.006186413099436905,0.024260893311661258,-0.009884270944293783,0.08082401092454994,0.00481450691986729,0.007271630722658129,0.005628716164348235,0.001352562838198068,-0.02232472182651213,0.013733326842155114,0.007867753896991125,-0.005928905961242292,0.0012809670079994007,0.006914926066347249,-0.00752478453961436,0.04162696478148309,0.004399554245662518,0.0182233099545559,0.06309277715425887
1999-06-29,-0.01602011453999863,0.005085030360196141,0.01642749253617315,0.015080562820813048,-0.0014661733269618615,-0.020534067788271382,0.03353675528364808,-0.012930025924906552,-0.006946187120549174,-0.019684900114118054,-0.013903709027863753,-0.012064447763310282,-0.016898598544719645,-0.003199000903578497,0.007340624730851619,-0.01244167976929833,0.012139828580301826,-0.03247820139846758,-0.013867241141731323,-0.017527772992361412
1999-06-30,0.013710050230185011,0.008416838820327177,-0.005617063960157709,-0.01569338233418105,-0.014684199643571372,0.06324283648634421,0.0010810929380664636,0.007820089556701992,0.014816602230359077,-0.004819552016701922,0.00650765594342162,0.007342881534717849,0.0032355252904623377,-0.01219519494010135,-0.031970144879242435,-0.006889646392247206,-0.0018021373805813257,0.00916482942544028,0.005588488685367432,-0.009624249383168526
1999-07-01,-0.01718759990088814,-0.0066590224270904885,0.004283952307889249,0.018707264229377074,-0.008941823304726926,-0.006244518530052701,0.0004802321744881155,-0.019592475431552403,-0.03099979531415753,0.0032286929166036593,0.023706825824179933,0.03470433876887569,-0.034670599081202624,-0.001299172598619447,-0.02476919811162659,0.002180363235617877,-0.0064248824317391096,-0.008753799879333002,-0.009083822005760744,-0.011258589654413176
1999-07-02,0.034403649464893826,0.00022946974682880317,0.010287245416169988,0.04069249269119668,0.012030001218218178,0.011243745992309151,0.0015599001079897867,-0.013059027665600964,0.010113668485100868,0.0,0.03298209229836435,0.0003828148417259758,0.005220408394899234,0.0039035458565257475,0.02639459200957628,0.020767328814734087,0.020762008952020183,0.005188366336633665,0.01779155626565898,0.016940259497459476
1999-07-05,0.036308112158200956,0.014047254434321754,0.005154132508788711,0.05583917533165228,0.04011891177593019,0.016023668857826356,0.0077872829602119165,0.010825843012065128,0.014507319199297708,0.014480969060640891,0.08016346380821271,0.08087200618759582,0.0801829098986,0.05508737879929537,0.06259080340058465,0.03758953663586162,0.027872816480062124,0.03173715121453591,0.05291562850360321,0.0194869108544804
1999-07-06,0.0013375501823680302,-0.00520605858414136,-0.008236716384793397,-0.009650810237959662,0.028571527664894125,-0.0070808013489178645,0.007132427830224497,0.02836220952120949,0.04008063173346432,-0.001585748884152749,-0.01477999340999947,0.04628064129386833,0.042692458812255474,-0.02027028520748808,-0.010045711236542298,0.007096345545371863,0.0350460255054148,-0.0063861561125619914,-0.03821291509972291,0.0005781429156712647
1999-07-07,-0.010416864331657338,-0.013333475488053304,0.00699678040389462,0.02026896460278227,0.07361100881937199,0.009076159903404157,0.0003543098922340615,0.008871476908925091,-0.02033325000652586,0.022239428252598836,-0.020108491364295933,0.014835282907025737,-0.0053488837894457575,0.02382490134967319,0.02536918798391108,0.08010389457790001,0.018248929494471433,0.001606900391712518,-0.030777834844683882,-0.004275471363522687
1999-07-08,-0.02186251905207237,-0.022737538124492973,0.0010511976426788028,0.009359918808388157,-0.00646834839371957,-0.019595401648862643,-0.0007080236607053259,-0.015675822986830568,-0.0017788004268256552,-0.02175559623112422,0.0009772864384254287,0.06460517826624868,-0.017430017487689575,-0.015922052708189582,0.08007203201381952,0.07484937316117724,0.01308570386061203,-0.003636485436351422,0.013341910714431027,-0.008625650806609264
1999-07-09,-0.006070596072261458,-0.018972597856220408,-0.019071345973355358,0.017032528123313462,0.042968821815569935,-0.003931586021518774,0.0022432835675523233,-0.007962485048432666,-0.0055448424524565665,0.00476523579343846,0.0758216068502684,0.0800483148192428,0.06038892665642437,0.003111615224131725,0.08017479893332191,0.05494352812907577,0.07999783900664181,-0.01127076316201403,-0.005004598528977944,0.002809371608401001
1999-07-12,0.039700127963972154,0.03319398057653222,0.011023370796318765,0.07964285861422038,0.0799002722190667,0.07927611225013043,0.04276676953139913,0.0628423109974563,0.08004785992942409,0.07905148142320195,0.04113728309250053,0.07991529563050381,0.08008521381837652,0.06637689572305394,0.08000791186645939,0.03996983586401259,0.03648690503220342,0.02551267657110512,0.03215387234346223,0.018091684603481095
1999-07-13,0.02136206515901229,-0.027238204777733865,0.011317533935529367,-0.025680850703962754,-0.02890192195694463,0.044498810120414456,0.039656100263815164,0.05304852798187487,0.051622425153327045,0.0014649966331259368,-0.04561321042594835,-0.0035256725364763986,0.022079514830388947,0.0232694272894991,0.07497303261263033,0.03654108757360164,-0.04013629387473261,-0.02392574763609323,0.00232074063686194,-0.005411778452661831
1999-07-14,0.014902033995158437,-0.005360967589800425,0.012793244340256305,-0.014151640414918898,0.010714296579797722,0.08024506757255323,0.004346990216601787,0.06157095368549892,0.03874505828082997,0.08046832068256471,0.03379003923647805,-0.0206897406129245,0.0538449760799824,0.010801841795636369,-0.07505810381770028,-0.04030907424670216,-0.0425107713577777,0.010737878096839681,0.008912973252457768,0.0035503313954001747
1999-07-15,-0.04353462213518533,-0.011405122223842157,-0.013726449476124447,-0.029427769217967414,-0.040046945399709766,0.080226961459539,-0.015797119613517818,-0.038886380145519484,0.009620137141243212,0.03926896536353763,-0.0742049469964664,-0.016512129282174826,-0.020804707899073516,-0.0230596225156825,0.00394970377680548,-0.012000473908108655,-0.008400648472581262,-0.01813479689447761,0.013595496289640074,0.014804265340581324
1999-07-16,-0.0018850191982210385,-0.0015580526206336875,-0.014842084252182808,0.011832326950918404,-0.013496926263242282,0.08001997326258081,-0.008465802637571351,0.0075431797378713306,0.015880786557478377,0.07752409976651098,0.0022268540012553295,0.007857898023275744,0.028901772221840538,-0.02245255750808428,0.01484261466016723,-0.0171828493889693,0.020644102073204662,0.07999966017936,0.014205724328123503,-0.008449963966937646
1999-07-19,0.0002698529198887911,0.01764924742040397,0.02343361247270459,0.013520792973783946,0.01865667876137911,0.08011105903679394,-0.011309107207837732,0.002893082285992943,-0.01184766998821074,-0.010277805999814427,-0.0469696163695944,-0.033316715346852654,0.01381743725364859,0.004711325457584126,-0.018325965348356288,-0.044460979666674616,0.08000712116165665,0.080044395741107,0.050055503628124054,-0.0015284772002668312
1999-07-20,-0.038575721334248914,-0.046423718633451516,0.024222378541259415,-0.020010791687423368,-0.05250311489103576,-0.07159710402228181,-0.006055959514355447,-0.06803519648109724,-0.06994200645882664,-0.06841820911188845,-0.011988012346995092,-0.0065564864100923215,-0.06829420643267825,-0.003517044581706874,-0.052414382394214365,-0.033123050443500834,0.06772628785928236,-0.0244541037617787,-0.0020193038434919153,-0.005511127802391491
1999-07-21,0.018237979793007453,0.007435825436452381,0.028766194281283575,-0.02005174473361282,0.016752638537688158,0.020549770735876827,-0.010831790872548486,0.0245762744058724,0.016293732941292216,0.0360658197140129,0.004381641429170191,0.0364442685947457,0.019289434486167156,0.014117638907506835,0.03371863353369631,0.06427418462865186,0.052023248056809246,0.07942780035825825,0.022791750758133666,0.05430253815739117
1999-07-22,-0.004959916241670581,0.0015958815378060986,0.04392598212916221,0.05462753220074412,-0.0025350003907038676,-0.052036568266588534,-0.0021668989289421736,0.022388249509284863,0.017970482093008222,-0.022784734069327572,-0.024161011528671894,-0.019779009305553208,-0.020659067432546085,0.03422297928516005,0.0018325132363530283,0.023144998023039598,-0.022008189331945593,-0.038437571325888764,-0.021606730359381432,0.013907646471732704
1999-07-23,-0.01606202928647693,0.007369342601541984,0.01633017593123043,-0.025631628143974794,-0.01778904529793679,-0.036992483035527934,-0.0028579340739824932,-0.03215125084072179,-0.025787760258624726,-0.018782908209028948,0.0013754125418155017,-0.020350878429633235,-0.05684401889740498,-0.03925987256494656,-0.017925537371058953,-0.0008987682128767105,-0.004167344260554984,-0.022855530376463373,-0.004523049677853996,-0.014256844284242676
1999-07-26,-0.027019604378456075,-0.00978662735713065,-0.01114346690634993,-0.030325303508279222,-0.027166798770484002,-0.02131351235963619,-0.013183398283235448,-0.019752530646721334,-0.011369640270976311,0.0006607243490788228,-0.01923062432779865,-0.03720413139854317,-0.045757150491182674,-0.016929377459794948,-0.030359577918832037,0.06867579676240054,-0.008681710301224443,0.0008521972213699769,0.0029396310926996794,0.02925467814608873
1999-07-27,-0.011859729973782485,-0.006888255124574805,0.007064372007612896,-0.02769414399160197,-0.06250012212862854,-0.07141078723526584,-0.0770213758199676,-0.07693716015403296,-0.04474398248306943,0.01517109037087283,0.01575595319322831,-0.0003656208076756595,-0.01663982346890258,-0.002375101237366617,-0.004802359162498049,0.023432088654197214,-0.0017975641586450708,-0.0263978826362381,0.0068224606157267775,-0.06614399435878704
1999-07-28,0.024882640566041836,0.019099162839167683,-0.0063189710028672685,0.005812509608675631,0.03404270898591322,0.08017482961166178,0.03360564088611562,0.0730304180857555,0.014673111140909967,-0.05328130284518784,-0.03895179187703246,0.012011240913555321,0.020378444605445134,0.008333083400555497,-0.02972379207751008,-0.03578285850586349,-0.022872452002256405,0.0011662711422055771,-0.005240940552599049,0.01622538180628008
1999-07-29,0.027135274656042485,0.0018743771268134868,0.00033221907703295805,-0.004237966578333863,-0.016461065841897105,-0.00025206097251340154,0.0017051075147405115,-0.014980656175409113,0.0027807868040561345,-0.017844580307414204,0.0010760722646292464,0.023316072665425347,-0.03352356252721467,-0.02007077930631418,-0.03839270987372723,0.06483716896600833,-0.013244085122739668,-0.00640687385461336,-0.0071840897636041845,-0.003477444659510942
1999-07-30,-0.003893606671033334,-0.010338108065693685,0.006024933639658059,-0.04159388107917383,0.0027893833773280363,-0.03989914712068421,-0.005592207705573338,-0.02403310297270589,-0.06119456767727571,-0.014675255303473467,-0.005016294176188429,0.0013541990165137907,-0.03265700120064008,-0.028313211633074875,0.008688541163472063,0.017225268553998863,-0.0017345656957110656,-0.017877934264072803,-0.03092845446140613,-0.011894293160519265
1999-08-02,-0.015633381720998596,-0.005272519037955337,-0.004926872615978128,-0.03371019878773995,-0.05424194160650353,0.016306912415356756,-0.020293165619408193,-0.07983801582485495,-0.07621120290268035,-0.009928916372760943,-0.03528966490449226,-0.013111706509949417,-0.04997114758053167,-0.03905770784854001,-0.05291217854046726,-0.031766676158832885,0.014541461659725474,-0.03193071754596888,-0.03324306660699461,-0.0214930944511188
1999-08-03,-0.01559824275615973,-0.019752117051402007,-0.0004975803405158352,0.004178066416937298,-0.029411772996004615,0.009058231352424784,-0.06288986107532124,-0.06669468076556562,-0.013003398733249405,-0.014326663242544169,-0.019410514048023297,0.05058116142939095,0.021079881656804744,-0.030322642200843353,0.004763822973747889,0.02833496431809346,0.05185068668464243,-0.020756265204018964,0.034900951643952904,-0.010982943980517135
1999-08-04,0.0334194395147589,0.020456252596915192,0.0055247968898379796,0.03723726777783343,0.039394279960384804,0.03590649620339592,0.04940098268518822,0.02441744753390629,0.02440594278520103,0.045058182951487113,0.05367349745734051,-0.0017013030419467112,0.0507273782894917,0.05189601748816974,0.07693957724497302,0.08002657766336241,0.05077299569704152,0.08006289494140106,0.029577684786499914,0.0521483966748002
1999-08-05,-0.000836416209679447,-0.004899048993882382,0.007801449389912785,-0.029883494981344016,-0.004373429138554874,-0.004704271491457135,-0.007486722475065655,0.0072159438607637405,-0.011384833766103108,-0.022253241658630962,-0.02926310197522608,0.002612963015673486,-0.000935510278176066,-0.020239933503451546,0.011406933959904553,0.039794882137115684,0.06669826547182156,0.05207427366201278,0.07829047723489913,0.032595170908518156
1999-08-06,-0.013392951959410593,-0.008188585607940446,-0.013701284917503664,-0.01488540899741675,-0.02928248962478608,-0.0037318502303260725,-0.012272979386402594,-0.023664604251176558,-0.025378761023557184,0.004267410968194385,-0.007442888690601612,-0.02481580244670467,-0.02734564172940046,-0.030988027129929874,0.026513534314235754,-0.03216713635147894,0.003329856285350985,0.07378342386063896,0.05911051162468639,0.05598115467292342
1999-08-09,-0.0014136208467968592,-0.01767706218001741,0.0021738881261210707,-0.002938067879897699,0.006033048350246872,0.018477652858626792,-0.0007767390212164438,0.056482403289385585,0.021444255273239676,0.002124509976161537,0.06186721409964502,0.023297537564459736,0.03312116634351647,0.01865443985019688,0.07632986952074838,0.013706810980272932,0.033654694878056945,0.06768130580987752,-0.015422193127660688,0.041042136414098485
1999-08-10,-0.01784227794624149,-0.03325747348376662,-0.012648434942284403,0.005682741318139062,0.008995447103759435,-0.015690335806135103,-0.018782020965522173,0.01620681736921914,-0.014995910401368606,0.01908127503686341,-0.030720553452358246,0.0005679111713028373,0.08014938008135841,-0.01373459152886769,-0.05318759960276076,-0.03625695123587369,-0.01693653636094461,-0.014820487441887353,0.001814491436748833,0.005322187248377519
1999-08-11,-0.009227076599159667,0.021867770594981684,5.595309951211824e-05,-0.02092912291247906,0.011887000586679575,-0.016936568562913923,0.0039601077663353745,-0.018566985166475924,-0.008916791861827034,-0.0117890807161809,0.04590144128237683,-0.018498552260453938,-0.02519416732877322,0.023209617844676567,0.003972094299554918,-0.0055874320362807595,0.00995116789888395,-0.009893171591069394,0.06535429336245735,-0.007287468393663898
1999-08-12,-0.014842791817971435,-0.0053236806253783575,-0.022937729132445628,0.026934960996859436,-0.014684199643571372,0.0035471462047960145,0.006837562392006724,-0.021366917135919872,0.008558574643956707,0.011929721161879847,-0.004875953722666249,0.00028893865925638806,-0.043901561669206335,-0.021386922087082705,-0.023737793596060874,-0.0007489492810275333,-0.0068797266969966575,0.02931479363991496,0.04908495720594708,-0.009546934549012231
1999-08-13,-0.010930751738284727,-0.01364348612245958,-0.022581174398469073,-0.015820390226950476,0.00894191851964421,0.08003031790912019,-0.013321110943704362,-0.0011367120898859717,-0.020452767920604797,0.02704587196461028,-0.03430174877560532,0.06190053091708014,-0.015367890995585554,0.021191932013167936,-0.038209222193186676,-0.024741097160543624,-0.02100141336204997,0.026875174118321077,0.006952040504790924,-0.0028250774871454443
1999-08-16,0.01911602512613353,0.008405569569852389,-0.005361144083265046,0.009306334294872709,0.06351559184479272,0.09740904820774099,0.07134359294896764,0.019352893836669383,0.010661875455068248,0.025658560887836135,-0.005436718730800427,0.04174587934706131,0.05359154662352661,0.04280137684976393,0.05878810742018503,0.0275466172616754,0.059623027302440956,0.07999989722670953,-0.024143304930520526,0.014199519740760058
1999-08-17,0.0008792093235283627,-0.0004748897869543134,0.016033591454151397,-0.0016765046896048963,0.022222172924998507,-0.01836508477437948,0.03484078213360542,0.014519016718087752,-0.00527493307497473,0.001316710908233043,-0.001822167920367046,0.030512333156996974,-0.015169978620504398,0.012438010622317641,0.050028669433153095,0.01209456152143873,0.08001031700491779,0.08000605134036753,0.007031589922534831,0.02251177217685063
1999-08-18,0.028404105217561204,0.06518487968007025,0.0038777404283185657,0.03547447480583421,0.04347816651523373,0.0536746464363278,0.02411615650130816,0.07683831141391217,0.0799826132045065,0.011176697667180324,0.07009875700130674,-0.021192369271820666,0.04222510014963721,0.08046686540263726,0.07273057552997764,0.08007925406842209,0.08001231695404543,0.013931157437718777,-0.0005601832765569359,-0.006588762511098412
1999-08-19,-0.007118571575131183,-0.023734613770388324,0.0012874448878372746,-0.000811075950806539,-0.03124997660307227,0.0801101044036503,-0.008743175361704547,0.0059294863605419135,0.04357569936090999,-0.03055935857889147,-0.024906462013682962,-0.03113033535170351,-0.01164965057872902,0.013644387687769655,-0.07436066485110548,-0.01380199316708941,-0.0012640665333784051,-0.07841183157157539,-0.008452739212359117,-0.007732581376754144
1999-08-20,0.0017205980387968722,-0.012943004934038771,-0.006295155480745773,-0.005071988992511045,-0.008064381087454442,-0.002543933263880249,-0.0025877445403797994,0.05203253604275582,0.04489336687098189,0.011401889906309748,0.015395358794605185,-0.004811735089398028,-0.03307557423197638,0.030846839566266437,0.02580853941303296,0.023710442377882668,0.008589633688941944,0.05576687815356518,0.003653539570395381,0.004369402044633874
1999-08-23,0.07157200728109481,0.009050204978730214,-0.004480763645886454,-0.0018351486235500536,0.008129944054529936,0.008828757040818758,0.019337516390400156,0.014296584923798816,0.021951111704510362,0.0066312773418835125,0.08028945924246411,0.017083024254105794,0.016738885645371404,0.0799780654499418,0.08008521148670411,-0.036379917623218905,0.0031015991480494165,-0.021726009209233732,0.022664130137708627,0.014641215692512421
1999-08-24,-0.010152366357923381,0.015899953263040167,0.0015518222973802676,0.013687519493809752,0.02284949479865417,-0.005056433096590207,-0.005089464377674324,0.0005716238388497885,0.005507906817051822,0.015151524227810409,0.026156431449859463,-0.024507251680770947,0.06299252929184718,-0.010075560730441246,0.01525580741649013,-0.022628789343738576,-0.0033067258380142794,-0.010410139277708064,0.009703860816582921,0.011550358947489237
1999-08-25,-0.03292849687159072,-0.009531222366117698,0.01960325648902117,-0.03667877727842139,0.010512503101061332,-0.04906179924924492,0.0033717446411523078,-0.02246331620586972,-0.05002732770519336,0.011031583399787825,-0.045383981492766234,0.008825533504559946,0.011784327403695949,-0.055470725245453156,-0.029245408317840726,-0.007677259838034023,0.004376010384071538,-0.02468608894661961,0.0019723175870467458,-0.026632959921991328
1999-08-26,0.010326709126659228,0.04244116788538599,0.02627489947764894,-0.0025104230627436275,0.015604502386166397,0.003289171553495729,0.008111578332419267,0.07302809494151252,0.015760023228196474,0.004493100602449784,0.012699415540857517,-0.004938033648006934,0.055740772024299945,0.016702465723383852,0.028462017757268754,0.0004834626366940764,0.017962313341217895,0.03242997116755442,0.04632478779781146,0.007018964624321056
1999-08-27,0.022651725527001343,0.0275469959539838,-0.003850495162819323,-0.001678224842847964,-0.0012803202804908542,-0.01352196427388419,0.0026433264949337065,0.010526530658789168,-0.0049198397691528895,-0.003194935702107826,0.06430871402696714,-0.03727058265714234,-0.02805386628036577,-0.026497202153663246,0.015051132053149896,-0.00592089423688158,-0.019733034661263305,0.04840475435146274,-0.015731996180632035,0.0004521085748387943
1999-08-30,0.018638600880520384,-0.02832153364926826,-0.001077673303338078,0.027941505255555166,-0.02179490350845148,-0.042368028173275674,0.002866125271054898,-0.045977579053500195,-0.015782254489026815,0.0637585559185645,0.03927504627487899,0.0006164159113777323,0.01281074241353064,0.007621519252700493,0.010841649918845953,-0.020177632581126037,-0.004329936704177806,-0.00651004128733057,-0.003416461408967897,-0.008031256851401047
1999-08-31,0.026253029175340448,-0.011386285195462698,-0.006399646505558465,-0.022481272332458113,-0.011795472791903405,-0.0034699732011952422,-0.0017148540682125901,0.030496961870792205,-0.023183960261028647,-0.003785375976934402,-0.034593337222429965,0.008006621926808233,0.014248634939062699,-0.022690729385970054,-0.019558263373733675,0.01612680772661479,-0.013783541400681165,-0.00875979009050365,0.018364585151109614,-0.021135820427035434
1999-09-01,-0.019638215787339153,0.02584062432574563,0.011868020597042062,-0.03198832473217905,0.009283847723374983,-0.015233519039111632,0.003435264743348876,0.00511546498317883,0.013449467610478827,-0.013299928306217068,-0.014754475851802562,0.06254529789585939,-0.025571969984339415,-0.004974782894147878,-0.027509619884026892,0.027469790414325734,-0.007598801166710523,-0.013559035573787348,-0.011260832575802238,-0.0260097077696263
1999-09-02,-0.031365370060291276,-0.03963183499742884,-0.01578092109590845,-0.036284826544408455,-0.023653027034537533,-0.02497230251348559,-0.003765714315088542,-0.04816462838137314,-0.06342722871729578,-0.05648237425344116,-0.04217598260768807,-0.024936208766826118,-0.02138356012703213,-0.051111069304175305,-0.0014889387503856932,-0.02376445431751062,0.00023878292400536516,-0.04903215887010759,-0.015968998645139232,-0.004126916020660953
1999-09-03,-0.0027210951451216436,-0.01503771294762224,-0.006836649646925541,0.0024651138184033083,-0.008075406113483008,0.023345112648933908,0.011684019436174031,0.016994750608323672,0.008543639938559222,0.006802793435976007,0.0047860717736309955,-0.000964967922370219,0.02449901582488856,-0.0017565106019911125,-0.016567219367468078,-0.01326665249586012,0.03322683051805919,-0.003955432982581386,-0.019811178720573364,-0.005342202509644567
1999-09-06,0.012551111529578218,0.0017246234562557916,0.002757438085136732,0.00983654233908382,0.002713774191968499,0.005537076626067838,-0.003283357334715853,-0.023094259519658933,-0.010743984649479121,0.06891849670697203,0.0282630085937694,-0.004293085665762031,0.01728889423874236,0.008797527059184018,0.017520361523341244,-0.011348167458575587,0.07980937884794748,0.019276031773441504,-0.01945537355266691,0.01377202167599667
1999-09-07,-0.01050910828129381,-0.0190393213460337,0.0010048758973548733,-0.02811590869981584,0.00541268619941393,0.08017657653473931,0.05464045204119916,0.019219665616728943,0.026942368603134037,0.058154455165495555,-0.0058678658195872035,-0.016223004789256867,-0.01016509531886678,-0.0011627423675831805,0.006953455149841803,-0.05477247921283801,-0.015762655558783423,0.08004062597546602,0.0045424530295232746,0.010596525479343644
1999-09-08,0.03594773693546771,0.010220488383579474,-0.0068575763632501285,0.015489751045061784,0.005383374773894056,-0.004689973326006958,0.08003003715450063,0.0018856057550218353,0.01647345550858037,0.06630844810083536,-0.037588969959843954,0.031118163696016055,-0.012516407197468826,-0.009313243402599536,0.006905606594417302,-0.010823677663067466,-0.0026749768959907216,0.08001010575949863,0.006612365382026919,0.033472289361068386
1999-09-09,0.04810713776261388,-0.001226183458577057,0.0018503007345194167,0.017272425815278325,0.004016125740819776,0.002458169441214908,0.079385264528671,0.05025441580998402,-0.010804460936554627,0.04145667002531539,-0.00548782548006721,-0.013761404959883983,-0.033311304132689235,0.025851826626285712,-0.016165794597027494,-0.013210613437992125,0.015303973524992687,0.08003404429298322,-0.012756323272735903,-0.005593372520786399
1999-09-10,-0.008026049636390753,-0.005576428506716469,-0.0023615092728983544,-0.010584254712982966,-0.01599981804352324,-0.010014389440086369,0.009332136672711266,-0.005914256439352283,0.040251136604869675,-0.03980642807185408,-0.0012982409768749203,-0.009104491282262206,-0.03479565646201044,-0.0326462421015834,0.016431421583279926,-0.015145288085131159,0.013702806931302103,0.04081834197616718,-0.013350783646194131,-0.0017326389460726732
1999-09-13,0.0,0.0,0.0,0.0,0.0,0.0,0.0,0.0,0.0,0.0,0.0,0.0,0.0,0.0,0.0,0.0,0.0,0.0,0.0,0.0
1999-09-14,-0.018963474385731538,-0.01136951273837461,-0.04164216108664098,-0.018720805938627127,-0.009485295441669983,-0.0355074069994179,-0.08000709044385967,0.07499569908098325,0.07019248932713751,-0.06666677695646483,-0.04809852710608309,-0.01332030985085253,0.01602226924412742,0.08052118672222153,-0.007674708105076422,0.012907048739806637,0.07651374064310446,-0.023119757769249683,0.0003482500300946434,-0.009041495855182768
1999-09-15,-0.019587416692100845,-0.006140184411530858,0.018957635619216706,0.01226459262420243,0.00547192322526735,-0.02375944376838046,0.07999978578554368,-0.050981079329891266,-0.07649005760420524,-0.022208880862293,-0.0013657967600105847,0.006061041527775313,-0.026568446295265113,-0.025205243490949214,-0.001480930278256798,-0.01802928241235635,0.007927441950591474,-0.01172339949074419,-0.0010002628129408553,-0.01735500085925412
1999-09-16,-0.01919071326360955,-0.019687039138888918,-0.014559562534447124,-0.04891185488194205,-0.013605273650548977,-0.04384949086632872,-0.014373025358309643,0.024916049055250467,-0.0013772115390473516,-0.03806026728827061,-0.028717946069259814,-0.0025192383070419266,-0.05194588850686266,-0.04159632685002379,-0.05306535453972816,-0.010215465283689884,-0.02838378795724661,-0.027472937419774968,-0.01676189243670534,0.003431481531275482
1999-09-17,0.01661770970814791,-0.01575577874130163,-0.019276803746549942,0.014390442593152253,-0.016551798282834373,-0.023389302515167243,-0.01458163742847396,-0.019827856881134087,-0.007879975606879364,-0.0012764709762204118,0.004928010655568693,-0.007632282660140821,-0.02767413643144867,-0.018182067648176092,0.01566328718894172,0.03389134353170009,0.013996295483093446,0.009723413297013206,0.03861146644976987,3.376828334689108e-05
1999-09-20,-0.01555489424701706,-0.01340378555451227,0.00036409182404750773,-0.02976777959138066,-0.0112202175924897,0.04625495789470091,-0.017833248834853266,-0.0341248757760656,-0.03157275572367724,-0.021086192830860884,-0.027671050277555898,0.0023790666144523076,-0.046991832805892475,-0.02150536478516185,-0.04712142411103648,0.006744900713606228,0.05035172624553508,0.027521283784272876,0.06603849768737136,-0.0047271821798368086
1999-09-21,-0.01633642788400025,-0.031021095852451608,-0.011037379045847562,-0.029242734424039574,-0.004255112065753908,-0.00785445491365444,-0.015453006357757926,0.028956513168721054,-0.03116633660149004,-0.057440834063252066,-0.014409114544831847,-0.005188801731661474,-0.01403079589407874,-0.026862012106636635,-0.023916564215957448,-0.00227786158612453,0.07993586457128843,0.025009653372230822,-0.024314996762440644,0.028866522989071886
1999-09-22,0.017696750049614796,0.030935982765945447,0.023730931218220563,0.005679027777039103,0.02279169764428146,0.06740550355382902,0.006866494571021731,0.0194691497563384,0.037248616829944625,0.07756231687296711,0.00877212645266745,0.0024970134165160918,0.04757066133391663,0.02634894710228486,0.011422150663933817,0.01477287758968937,0.08000932645669012,0.07996094085186889,0.07996873458829223,-0.27994727302685785
1999-09-23,0.03558067016414945,-0.03479799269792139,0.003933746474792832,0.0004911292984188798,-0.002785320749233655,-0.0067807398875298075,0.011691412018254521,0.04444422614266763,0.0271369311981573,-0.017995023914214925,0.003623144019209157,-0.009962653427329493,-0.0003880885485710861,-0.008557601215783306,-0.02367947665401149,-0.020513318431423122,0.07727757699467852,0.08000200096738386,0.03165314198998792,0.08002173100531373
1999-09-24,0.0798242205240236,0.0002849053005566926,0.01579100524387278,0.03901878451351215,0.005586647013300139,0.0,-0.001926087979426172,-0.06083768316312932,-0.015693141281272194,0.0045811662659367425,0.0285196438177302,-0.004752045333833554,0.006794797350053505,-0.0030826375613396406,0.04458959076145863,-0.017430142143573635,0.0022048964647807257,0.08001330758444247,0.011073636042080226,0.4501771521134976
1999-09-27,0.03086121489216387,-0.03843688578744986,0.008027838298642731,-0.026925264490303746,-0.013888802618747365,-0.048645479153923143,-0.02778844623268073,-0.016814050656149937,-0.012916123166838878,0.018241099553817808,-0.035801909170019575,0.008538295269565177,-0.016004581448076927,-0.009894659441487264,-0.05286660794161391,-0.010451039612286439,-0.029752529175966047,0.014902549732466186,0.004111835524513996,-0.0462447247991552
1999-09-28,0.04502205652257296,-0.023664659003039823,-0.012761430936006124,0.01674783466476737,-0.012675976492375174,-0.024220228059231963,-0.008336523744380209,-0.01620165841060872,-0.007974058039060705,-0.0006395908396811256,-0.0014562210533345388,-0.017266334164883324,0.0009796913935831153,-0.01873883668556342,0.011314379379704587,-0.03960554459016141,-0.058539961456340106,-0.005078090652084977,0.016270217909708062,-0.03857924315452599
1999-09-29,0.06151448709901097,0.03237793078212947,0.009108863797969935,0.026498145450504218,0.0213977751979062,0.04274823415908702,-0.0014015302898108262,0.0018300281770982085,0.030090692120520846,0.011523450640750887,0.04739364646372057,0.01643607251838164,0.08007049889771167,0.030554198359451945,0.010628368458748927,0.028215837556941015,0.032370175091262166,0.02675386180097261,0.08001402423430193,-0.0054133175882932205
1999-09-30,0.0031380831667113807,-0.021476862287996612,-0.002144348853754474,0.03441812976965131,0.0013965502149078102,-0.006391918907117988,-0.005812395007400384,0.03342434634815428,0.018207322898661227,0.011392063551047604,0.01879542747366969,-0.002007662236779839,-0.0067065785315258974,-0.009882637865243571,0.006088708433808154,-0.03532197587343178,-0.04922523757967823,-0.026595062511103995,-0.028591170088055562,-0.01523101671597571
1999-10-01,-0.005839400387635307,-0.006133568540257706,-0.013891618451988164,-0.02720321906687173,-0.009762663608063438,-0.014418584639597776,0.005443235020134551,-0.011488139350779414,-0.026724091593446242,0.007509816373325817,-0.02972304895312694,0.05134676070282729,-0.053102252428688046,-0.020586413932234593,-0.02273975584629906,-0.006856423055299432,0.012512935890179433,-0.025619216253917276,-0.027461267262638978,-0.016242501590579606
1999-10-04,-0.03125661775871302,-0.037209580601825,-0.0010899436917207739,-0.03119953971961531,-0.019718365624372902,-0.011703683956212352,-0.018447805659034255,-0.01895187290838496,-0.009691048375005673,-0.0068324883217499854,-0.009154842434980548,-0.04320569638256855,-0.017344538577860447,-0.02356689152459046,-0.027022134736557346,-0.060957514583353634,0.011254609547737937,-0.05695322271085401,-0.036519432580102706,0.004287698448707911
1999-10-05,0.02901710550916925,-0.007918085923229068,-0.01037377007608431,0.022185147295040952,-0.011494456510364515,-0.025962183328281152,0.014300483506964445,0.008200777069558463,-0.008358942131986069,-0.005628675577948772,0.0021316201290846326,-0.01044235738308541,0.01804302537425695,-0.005218522842802664,0.014465135167350596,0.00735176494943568,-0.014403998314163724,-0.03630944686995441,-0.006129956703228467,0.003926144600201242
1999-10-06,0.001683322543684307,0.030151420323556,0.005511745570819793,0.004900814880044235,0.0014535724610003076,0.056581361193675184,0.05881162880329005,0.03705732661618577,0.0577713928972281,0.014465707282518503,-0.008865047963072192,0.005051772094124329,0.010210024497924408,0.02950820692110634,-0.028897558493346964,-0.005590413171346675,0.012208340839448883,0.0611782368819056,0.00025554193628951616,-0.002737362595822801
1999-10-07,0.042646983232757396,0.07071270876264357,0.04014569656139355,0.08012070066920507,0.018868087238719466,0.014826580052307525,0.007228280410630061,0.067631123251094,0.06433446700216461,0.037817493453970785,0.051521022329416244,0.010555345257943216,0.08009153625069243,0.029936262526410573,0.04209084144754249,0.08010627296449169,0.08000161085961888,0.08002338358592764,0.06454370401153353,0.012891214155458464
1999-10-08,-0.024984865127083644,-0.010968739537718375,-0.037389208045828015,0.07998285539939443,0.028489758570731327,0.029001037633086035,0.01265356372583204,0.039347029938147315,-0.009496253480621664,-0.001194672960222798,0.07417453051730094,-0.013484295448592531,0.07556497816860519,0.0030921695994929888,0.034754730871837225,0.08009275265268556,0.022452084255017324,0.019414565493772518,-0.012441757713913537,-0.012146414012701445
1999-10-11,-0.008679531429649279,-0.03483928470906128,-0.0018510139624182687,0.0007964840340450863,0.08033245752606089,0.012926514876652195,-0.025363929704355748,0.0021994256431197012,-0.017330168091704512,-0.029904521707800447,-0.0031673549265078815,-0.012548390688856714,0.00476012623895139,0.013563645613272834,0.012708912582616971,0.08004261170900606,0.07403168458314724,0.00020549971849859183,0.025508775491248414,-0.030617854870877648
1999-10-12,-0.009172181594747864,-0.03020094170829901,-0.0051860314093441495,0.03680110614362753,0.08076923265944402,-0.0060669736651775,0.025641266749504732,-0.032445391576514604,0.001688870904644757,0.006165616609853375,0.0019061770446082704,0.00907708620650105,-0.014049881185582924,-0.04257889650374036,-0.005378193247826624,0.016111636290840003,0.04237567232371786,0.01698516267352468,0.016277771902317717,-0.021831628988192797
1999-10-13,0.018724892841168517,0.017245794825219152,0.00872199990354594,-0.02148871076919967,-0.04151843813841849,0.019153996601925405,0.00839551302117103,-0.009881989277969128,0.020134474726650975,0.061887277728686296,-0.02759251446734634,-0.01579805260887135,-0.016238867939044832,-0.0050827955001088165,0.00901227792718906,-0.03329720414357029,0.014161236450672021,0.08002740348586213,0.041358666918027476,-0.013380834929900276
1999-10-14,0.004130534966263033,0.0800094121069137,-0.004770673339117404,0.0025489623699237463,-0.011138705066825905,0.00020652294496215085,0.0164659305253112,-0.007689788550125698,-0.018176864250390667,0.058280057851354705,0.017938610729073323,-0.02342081079834224,0.031666357329884764,0.0012769816432844916,0.039835602608105924,0.039364256519822005,-0.05885376044770274,0.08001357642233953,-0.014293694855578853,-0.06870183550392228
1999-10-15,-0.036404892713564174,-0.07814788163841502,-0.0111439962010359,-0.030314807799502907,-0.027534175135786598,-0.0059881121885683175,0.0012744900628853806,-0.010552142154686028,-0.028331051403710283,-0.0463468598338328,-0.07657802137947167,-0.022753641818514803,-0.022694040618419065,-0.024234420405565227,-0.05806579829143954,-0.04333580316753083,-0.04453165184264851,-0.07852325675644023,-0.027607809905614955,-0.033230429481387214
1999-10-18,-0.0036282555653626147,-0.026032089253556046,-0.03287980263988144,-0.008874555608430645,0.003860897825045395,0.0054013822238665465,0.0014542958676939666,-0.005332454367085848,0.017032343831034025,0.07261338793418193,-0.0017348541305940435,-0.02310446130732058,0.003842108004344258,-0.019608201644156664,-0.007477285879481266,-0.01192725953497542,0.04789021419873585,0.051843459870571706,-0.022986397365815092,0.011225115070594427
1999-10-19,0.0,0.0,0.0,0.0,0.0,0.0,0.0,0.0,0.0,0.0,0.0,0.0,0.0,0.0,0.0,0.0,0.0,0.0,0.0,0.0
1999-10-20,0.07390723548264178,-0.027419465304371338,-0.011151325126348532,0.04192080730281145,0.02564103404197393,0.07210705988260835,0.03594088936949302,0.03166365722830489,0.013624657278000774,0.05170562391207789,0.07403572333674369,0.039213809500005414,0.034781338808387074,0.046000225321292776,0.03987481420757488,-0.03005009075043119,0.08000109079401363,-0.014879546275536448,-0.019907847609403673,-0.029619944989546343
1999-10-21,0.05764994942092572,-0.004461613076393145,-0.007159114397521482,-0.018359263334135068,-0.016249981232544286,-0.010599118944742414,0.013317067305252728,-0.006008261232357093,-0.003920448394554521,-0.03395859729361306,-0.03851161189137575,-0.013324737909191864,-0.027983201313768413,-0.004461411434221407,-0.0012369345234088946,0.019065281639779164,-0.03344456157562781,-0.06873157040252786,-0.07999429774308531,0.009779520273469844
1999-10-22,-0.010373129527420977,0.005456053466553312,-0.02488677537563644,0.0208914748386404,0.021601209722297954,0.006427459819291936,0.0038044703740829355,-0.0026142397119890415,0.0070284769395170255,0.009443945167446843,0.07606861495041817,0.02246802580761509,-0.014559993726754872,-0.017925724032432755,-0.005484598264030582,-0.028842540289000573,-0.058343102736102215,-0.02545884838924417,-0.07998192969304596,-0.00721953522942731
1999-10-25,-0.017152905724819867,0.03572323619874429,0.004100806723986494,0.042681631924307295,0.0970147136663364,-0.012773166687641835,0.06528869159284434,-0.005405262790389331,-0.0002794707120796769,0.01039521198552884,0.04285284971399972,-0.04979288821462036,-0.001679201358878002,0.016297277423985346,0.0496349689189739,-0.0030771619893510405,-0.052730768284234064,-0.06877113469166696,-0.09887221220553721,0.004729797699896121
1999-10-26,-0.009501447765689286,-0.023513884733167734,-0.018117702629537047,-0.03626167153923332,0.08049888345999623,0.0001957465868864805,-0.02425655367697166,0.010540202832186374,0.010890987596419155,-0.03240768540122607,-0.001199723804591768,-0.0222026371151669,-0.006558786027086261,0.027581842358651576,-0.037118581376107906,-0.03368214670332237,-0.028227345116586977,-0.07866115842917487,0.020007244369633304,-0.003766089352163493
1999-10-27,-0.01585745927967075,0.0028102843402968425,0.07989435859144534,-0.0038791123523238547,-0.06925503104056885,-0.000979934329774057,-0.01640689526859951,0.010267331708971872,-0.016021929736770968,-0.022860085854031875,-0.054354654729910745,-0.03805533501162606,-0.009311121902338959,0.0018724279772355246,-0.059144553589465465,-0.014997683129812978,-0.04013017917053874,0.08001471045210251,0.017510096632846084,0.020909920399669435
1999-10-28,-0.031430393652357114,-0.05496786389452901,-0.0310402201729425,-0.04400303754865442,-0.0800451157237474,-0.04061200352620442,-0.034709191766298275,-0.023068593820629202,-0.03312747607439226,-0.07725778935946837,-0.026040032979678274,0.007781246234442429,-0.000683465673344652,-0.047974975764371486,-0.031244097211296618,0.021570154635464522,-0.03651281218529112,-0.00872095537329065,-0.01945343902961827,-0.020076602067966354
1999-10-29,-0.032860666064944866,-0.04731436994870042,-0.019114674601308446,0.0006111108842998814,-0.04779398609892849,-0.001227034804963667,-0.054634628522063466,-0.03352045420777772,-0.06591146008108406,-0.06426933347016817,-0.031952972580239436,-0.04561364534701684,-0.06908344984425041,-0.03206817605624157,-0.06778683642573602,-0.0033120994406761195,-0.01343341358289274,0.049085002002076994,-0.04959806011664136,-0.016826763058086724
1999-11-01,-0.07475090178622223,-0.07739648233347873,-0.0016597211129733003,-0.06798291420454361,-0.043758020582519874,-0.06818176168583912,-0.0024004420883489974,-0.020844060987044943,-0.035126076686002206,-0.05734066585749564,-0.07847755061368233,-0.0014277982778250209,-0.07678209423729099,-0.04327201623049026,-0.07996692420292217,0.045417086317514066,-0.03438937096973549,-0.0692904197735622,-0.07995669490851065,-0.010929790570341824
1999-11-02,0.07551110393791705,0.03565678710028819,0.009068926816894196,0.0618038689898639,0.006729347449608403,-0.030982226333535756,0.04442013046178106,0.06211850784163442,0.04284762188375946,0.07286127667993969,0.08004401872472044,0.07992919270841914,0.07978568029723454,0.05795029799238116,0.020265872817630814,0.047284625132486324,0.07243044473164795,0.008653833073850148,0.08002689006346797,-0.028718819369794035
1999-11-03,-0.03777227951002604,0.015400558071337667,-0.0024820466945684183,-0.0405182212862194,0.0026737805766035017,0.010430538015396396,0.020733878338411893,0.01708531055428808,0.0033983858495691965,0.004984454627285029,-0.06328273087715519,-0.0063673460286313155,0.009950377063904003,-0.028724501939394576,-0.03398818595905617,-0.07487025593300378,-0.06600695467116646,-0.07854212143615469,-0.05404013842370525,-0.055510630475949285
1999-11-04,0.0028830974872660065,0.006416716877654993,0.01130482932971022,-0.0015006847006223678,-0.006666711531091329,-0.002243797708528672,-0.008854446129409554,-0.005491889840575692,0.004926240371416535,-0.010539661603083061,0.02601181946678688,-0.01548129189299774,-0.02754990382208089,-0.004814050316710006,0.022389867355207205,-0.024880455742600782,0.016518085995508303,-0.03489165211732792,-0.020448998072433056,0.058640911351195646
1999-11-05,0.028305856157100573,0.050282721336270875,0.018051555261532792,0.01459873283885349,-0.010738104814331129,0.0078721183547803,0.018742107700384203,0.02062689998181133,0.019301357398273877,-0.02756882874271882,0.003168728173316371,-0.04137410485793103,-0.0018764207664641042,-0.020732819266592872,0.044245847657303994,-0.024113235528773536,0.01074111760762464,0.07842250725140376,0.07816980066849566,0.01206614787968241
1999-11-08,0.0,0.0,0.0,0.0,0.0,0.4999996695870328,5.00000281644239,0.0,0.0,0.0,9.496081571045613,0.0,0.5000006959936103,0.0,0.0,1.0,0.0,0.0,0.0,0.0
1999-11-09,-0.014838733415099892,-0.0034493697482269603,-0.013439314083881326,0.016292943664202753,0.00678413207121098,-0.34583055309116373,-0.8352820199676283,-0.030871606766028403,0.04478535545796092,0.026417372526375882,-0.9053282716597184,0.017344703390686833,-0.3185467084807061,0.016937300343925044,-0.0012842810886546374,-0.5065364196335075,0.0009343522183515862,0.08221898297682029,0.09048518615738366,0.004633086684530774
1999-11-10,0.02815984992596543,-0.0028383047661060257,0.0037384375991220686,-0.002914946659185791,0.016172581470371483,0.0013648147182869774,-0.0017393718679347137,-0.001642331148042575,-0.02215228974266137,0.02510991051662459,0.01306944644296193,0.019097456355154252,0.029606850037465993,0.013185707358945198,0.011785123074373516,0.04919936782877676,0.035818691524712065,0.058289658495154884,0.030320352853315136,0.04009071201459369
1999-11-11,0.002760292241429374,0.06844881960774285,0.012014061258134312,-0.009814407392117475,-0.009283932457073929,0.004996513591076557,-0.014988434280531537,-0.003289152146924268,0.012356625286969791,-0.009797875015583601,-0.009065654853815164,0.07936713014169672,-0.032327367859981804,-0.02328793048176936,-0.016941690048688174,0.07880141084212844,-0.0254937878202236,-0.01377000461760769,0.010966741634191868,0.0034292130379631747
1999-11-12,-0.021808424869151688,-0.005262978319557021,-0.02324425013014586,-0.013496386275569816,-0.014725395253587181,-0.010621233553509857,-0.0037150337662122945,0.012706582644285369,0.017145955430868165,0.002473786383152987,-0.010907738030259906,0.016820723952377215,-0.011258678638819575,-0.01753145969954295,-0.009694558578940415,0.003600773015660863,-0.01718384095652481,0.08001669730279981,0.056667642993574185,0.005596746588344859
1999-11-15,-0.0019478845363529729,-0.00960183416351168,-0.02066901850676317,-0.012825934351109125,0.005434922724878,-0.015760841039926032,0.01012280745316052,-0.009288550539251816,0.0031431952892666537,-0.01974081196249189,-0.012095360676827371,-0.029835969836716547,0.007093576052163542,0.01070636757325949,-0.011311709991784435,-0.04664264533436702,-0.01477914914860512,0.0692118629663383,-0.06191292131632442,-0.0033981560536159305
1999-11-16,-0.012795348089486569,-0.02097195814325059,-0.0047384906059498855,-0.019055826056962766,-0.0040542011765454244,-0.016477085464237762,-0.033931276586269266,0.0008225164183548461,0.00512678080317075,-0.008181256386226021,0.011163049996233854,0.022593093345033566,0.013901299803685596,0.0007061277143805,-0.009240790533608156,0.029972883451313326,0.07866483722281958,-0.012302802239187005,0.07284420216816656,-0.0034681934443312468
1999-11-17,-0.0017576007952840866,-0.015156485680631215,0.017689492539007645,-0.013245102220178051,0.0,0.009910526543056353,0.008189145847175672,-0.017255568645012986,0.031453527845623164,0.007613985484930863,-0.009971083614131238,-0.061457932833068996,-0.043692446323059575,-0.0014107971003617381,0.0015544776118556758,-0.00822144115181389,-0.0003321662216333454,-0.060598715527723224,-0.031074115632725552,-0.004188647797763623
1999-11-18,-0.015625134612789027,0.04165519113338778,0.007682607437307087,0.0147651519710017,-0.004070704632054056,0.0,-0.01823103471325438,0.0036788715603968125,0.01648370895906881,-0.017632192493035825,0.007913234867038987,-0.013705253341311008,0.01127857229111906,-0.007067766531206776,0.0008870561885374606,0.06197386253059656,0.020443183963584577,-0.05029532581074336,0.0006909920872935071,0.0
1999-11-19,0.0011178209541591322,0.01103177013142087,-0.028685073881648093,0.026675466410730042,-0.03133504870943349,-0.012149890343662761,0.0007351678936315942,0.020493292828648757,0.008648660476183956,0.01987190929136995,0.006423854908596427,0.015311268187748528,-0.03572777207131694,-0.013522864574461169,0.00022162412774417994,0.026390992105251865,0.0027841620745381324,0.000240980764121268,0.003127668901504954,-0.006220310651734229
1999-11-22,0.0004469043475754386,-0.014093959168099301,0.00458193697116438,-0.015245920860108675,-0.0070323058343158,-0.007095301565374523,0.011758236833045776,0.05453073529410091,0.05359053225325172,0.0056569783374622595,-0.015248027907735495,0.028513636615596694,-0.03567905746640021,-0.023088067115841437,-0.013067604837423197,0.0572188905436295,0.04009946584536661,-0.0029282482053116787,-0.010527880635088471,0.0061399961739623254
1999-11-23,0.0,0.0,0.0,0.0,0.0,0.4999996120442074,5.0000004249248144,0.0,0.0,0.0,9.496081397962758,0.0,0.500000188182826,0.0,0.0,1.0,0.0,0.0,0.0,0.0
1999-11-24,0.02812500126422046,-0.0164688713934229,0.021540735208982698,0.008068023798021517,-0.004249446625364972,-0.28950289165863796,-0.8247684549437378,0.08004319820654571,0.08011179491308029,0.047500022527552366,-0.8970756326252448,0.017311333513659655,-0.3294031062306473,0.032496106374201084,0.0767502366405497,-0.5164424931044571,0.009326195858150754,0.07241138098970024,-0.019397556904363178,-0.00029646344140532577
1999-11-25,-0.002605335026677813,0.0039514753801719316,0.005277004332488122,0.010599195577637888,-0.011379732595914294,0.05632533910228088,0.030915169775633133,0.07998870202578301,0.08005639141997167,-0.011933610565745045,0.026000238242244622,0.027493359257527716,0.025464942199044938,0.005722458314356693,-0.010004023088436398,0.008619364222246073,-0.013636701598260137,-0.00262605689958173,-0.008680426669279928,-0.007704622523178384
1999-11-26,-0.017631909112090782,-0.028553872887764453,-0.017150432367149526,-0.01712318635006893,0.0057554526913721205,0.0359712212185086,0.007873938575654105,0.08003690907762229,0.027905169900222404,-0.002415527347130464,-0.047108780674385065,0.0021808021452245363,-0.01655495732535084,-0.012090597158890604,-0.02063145560318591,0.005267276272111987,0.03496435858441527,0.07999858315449404,0.012966099151258126,-0.020426212256917542
1999-11-29,-0.016618459504055716,-0.03495669307153504,-0.005470574966665698,0.0222125417662411,-0.011445125431697734,-0.07536773199939129,0.00930870564201336,-0.026545355507747614,-0.05493113636375346,-0.019370063638411206,-0.018752181832084713,0.024111835885505695,-0.04328661296858349,-0.004319709627698454,-0.022786147414865288,-0.02806239870696281,0.02873566414338602,0.08002813703937628,-0.004945568963031444,-0.014937905163000309
1999-11-30,-0.009012927241133561,-0.010033918605006797,-0.004761694079129297,-0.007030083986736324,0.002894338878782099,-0.02805319861082456,-0.014987063572612147,-0.050246206023854434,-0.04735203341213978,-0.018518715099882788,-0.017373030726666294,-0.02549679522984505,0.00020933278297197155,0.025307016610006672,-0.03871531586621768,-0.023720950252432593,0.05691294474417674,0.0019667318548477475,-0.06060224910065304,-0.0007430409130366744
1999-12-01,0.014551755826484047,0.019696519169655646,0.00694749301221953,-0.0010728007616480628,0.03896136223252733,0.012499728279943723,-0.007189007776468359,-0.034029043849096774,-0.05936391008632347,0.001257678591015443,0.013790695117250618,0.001767941230456982,-0.0037694502461801394,0.00916786611357523,0.020595016267627386,-0.0034363612988603798,-0.0201466393190739,-0.0289906707562948,-0.007691568891750711,-0.007556959464966928
1999-12-02,-0.012326261477299205,0.00091684535032166,0.026229094994339563,-0.004510306587110269,0.022222172924998507,-0.0026937587709010558,-0.01818817544461837,0.06247460460571297,0.07863786511860282,0.008166279027645107,0.008022395081864309,0.0041175460892812765,0.005255134994271993,0.028651420144386597,0.035650218330150585,0.027336846027573358,0.0038217565290907807,0.03106072511522351,0.01250050063031738,0.01254516302628117
1999-12-03,-0.015203157163747538,0.003803090110292784,0.02517872283765321,0.06321452858243437,0.025815318704267787,0.0009002782544944576,0.0063467626934501364,-0.011138690872913304,-0.040631713238415745,0.00685344924151976,-0.017993158828381706,-0.017398612387725776,0.007946605131774032,-0.024456727703369707,-0.019917624223825925,-0.06424567682268789,-0.024950608942128638,0.07983698782281046,-0.007434322200843169,-0.009369357075829643
1999-12-06,0.0029957836531222526,-0.004280264470777895,0.029118027720920647,0.02211834297325499,-0.0026493285202906502,0.007870815337415848,0.010226545503640327,0.052521395827445305,0.023233630243581826,-0.012376369859737446,0.011627620327438581,-0.005723687891575846,-0.01099566977853561,0.011142056204020312,0.011044867501677214,-0.011015616705312592,-0.005291992077121721,0.08001046602746165,0.014756948837326922,0.020658427655506184
1999-12-07,0.027796499800566643,-0.01014718773629475,-0.015408920783848923,-0.022433681813597395,-0.041168583880605736,0.0004460239059829174,-0.00016868413151160944,0.018043329772081673,-0.017739180120736497,-0.044486272344981925,0.025426674140506256,-0.029441577641500905,0.009439710086075914,0.008953304842865162,-0.0008740709087511345,0.08004150799348864,-0.021248268577137908,0.0104765561130713,0.08000547324092455,0.011400294550031997
1999-12-08,0.03933835643485262,-0.019790860159457413,0.006552674041547801,-0.02701098937689106,-0.01108026573665677,0.002006840122617426,-0.004050188096275331,-0.012833958476931917,0.010835666466395999,-0.003278553331365841,-0.01494557315453826,-0.018102341161826185,-0.031587707976924895,0.01706486432886245,-0.013995133517504144,-0.022544702780197046,-0.024891459051449294,-0.020900275131094603,0.019648292200228124,-0.013080016613358336
1999-12-09,0.0178497123488488,0.00029055729852123235,0.018116596661204465,0.024003472102964052,-0.011204413616956121,-0.00022269674621533397,0.0,-0.007305755971485306,0.0009526913530724102,-0.023026163164767244,-0.0006895725394465702,0.01195496380551142,0.0002145332788789922,0.005368904687448994,-0.0217344057611345,-0.008220093456376198,-0.014072221581588273,-0.006331047519670618,-0.005226354850113357,0.009955126652752
1999-12-10,-0.00232397506725901,-0.02686393327288461,-0.008639044157213283,-0.0193639044828533,-0.012747887402967173,0.001113204389190825,-0.010335004984821539,0.014967936860278641,0.004997832474350927,-0.016835370514075132,-0.004140538508317637,-0.006093285473576682,-0.016090914001728573,0.022696975167258993,0.0049874970693992715,0.0037112875820943803,0.01175645733096986,0.007189140582199105,-0.010908734477685478,-0.026608578908487446
1999-12-13,-0.034307759009271854,-0.030664823638023808,0.0010819245162965174,-0.021201599333142696,-0.007173740417879437,-0.008005210906872673,0.014038656458701393,-0.04817503400581602,-0.047359854606523144,-0.017808009582887863,-0.018018158936026762,0.008758216936338936,-0.03423458119324818,-0.019582076891214384,-0.025039285325917482,-0.001109525134399325,-0.06838866691632717,0.003834642256514309,0.08000156775995149,-0.01807891775321424
1999-12-14,-0.01951765709896014,-0.045566691158803074,-0.042883419962313596,-0.032065960340234234,-0.026011219943332442,-0.010311558498764972,-0.0010132819044287311,0.0800516160725171,0.07233417291320521,-0.020223175252377046,-0.017995795529675562,-0.01984496452770257,-0.05667181843482505,-0.02663125141863576,-0.031929782769939075,-0.028624083555215285,-0.0020117555299768997,0.07921813693364665,0.08000758042532286,-0.03840569500757629
1999-12-15,-0.0033545577054134856,0.040242294758511266,0.002738722582281694,0.0037295413638223085,0.05934689888587297,0.01812036090349811,-0.005408201562386972,0.051763334556450546,-0.030134511155527677,0.0014236512171970084,0.021559466574296415,0.01328683185864743,0.03685961631038892,0.006840109680765316,0.04086981095629283,-0.0007620664006869893,0.005167818230090715,-0.04859968373574386,-0.03312923099365683,-0.029872144297774184
1999-12-16,0.004712611093056873,-0.025195788112918227,-0.004878511650987627,0.008962031531581927,0.08123244612636316,-0.001557985280629337,0.004078306344765581,-0.030234169991616988,-0.015774232166805957,0.0007106284697691034,-0.006331529449051465,0.017358913552101063,-0.022160981850944395,0.023097866253003252,-0.017221335404882243,0.00610124064333295,0.04495701453693868,0.01993315432027787,0.005285291129736747,0.009970061754059678
1999-12-17,-0.003574089406319314,-0.02640382350042325,-0.005049803447537915,-0.011481911879495765,-0.02072526339196934,-0.004901620860253253,-0.010153957282116322,-0.04406929195471587,-0.026712104630781663,-0.0035511743475536983,-0.011327222737157694,0.05597493083075822,0.08002863900397372,-0.001328183251269155,-0.019626237822284343,-0.007454237469065483,0.05464275917304895,-0.01935715492983392,0.023426190123685187,-0.001208662512886316
1999-12-20,-0.011880499625659402,-0.0010619012328243471,-0.009813397327540052,-0.0008767781197305258,0.08068783996599338,0.0020154594365000555,0.0,-0.03273663215100575,-0.0032437321796472407,0.007840562477126056,0.013605548185017913,-0.0036617799761979875,0.06557379039336442,-0.01861690238004099,-0.022402122366602994,-0.030422529496978212,0.033184172327286765,0.013874614635523086,0.06741205675240258,-0.005177293747138156
1999-12-21,-0.0038566665359183183,0.0800555251699504,-0.03436835101065816,-0.010309214754427476,-0.029375583516835557,-0.011396729475914968,-0.02632967904786876,0.0029152897380497755,-0.043303808278174816,0.0028286260816878794,-0.0028258348429419655,0.02578450778147512,-0.0572306799573451,-0.023035270451125966,-0.016089785613462637,-0.0034134811738883997,-0.04031631686343362,-0.04935613569306507,-0.059258816233529465,-0.02831846915466074
1999-12-22,0.07948085255394632,0.08002740032197031,0.018764800390503877,0.06338682950474217,-0.012610421350430556,-0.0015822531689406727,0.0008781906704080633,-0.016051016604457624,-0.012297494079759108,-0.009167854773555972,0.0676583874191421,-0.02911717297959815,0.03437785143403316,0.033980703131886614,0.07953409696138358,0.03780808310999362,-0.015849462276646853,0.009662797538481316,0.0026801256654946926,0.008763947231752223
1999-12-23,-0.019620269088157727,0.02867136756304478,-0.007393537017924112,-0.0320971398454899,-0.02809721243190766,-0.00837679318829787,-0.03947384761504191,0.01502872677295275,0.00847683448587122,-0.012099551732227432,-0.019243428825664433,-0.010133565412825951,-0.03975611505675569,0.006035911103621006,0.005967047602040809,-0.006600423829035806,-0.006679219257294866,-0.028933450897797752,-0.02339397139725885,0.017927485477940763
1999-12-24,-0.026253278734750585,-0.05410952078668485,-0.009800905353942624,-0.021963633346222533,-0.005256209573390569,-0.016895113246151672,-0.008584177554005756,-0.0384712065823567,-0.037299636150126214,-0.023775319467186806,-0.02165101714203388,-0.019113591013301012,-0.04972604591929641,-0.024666465048097774,-0.027834496403720932,-0.0035781891442155933,-0.05720752998648815,-0.027152337116047698,-0.02811257308218229,-0.032513996325554184
1999-12-27,-0.01591174877196322,-0.038544449981729234,-0.01588074022386632,-0.01739313786311425,-0.0435931997916722,-0.024384537814016505,-0.057479996805481326,-0.022374396845531552,-0.0019102242113933077,-0.01328373746581235,-0.03077437236796532,-0.026604835669006954,-0.014753721121109398,-0.005468212478666135,-0.03708027547260173,-0.020133565931762964,-0.029470202500388676,-0.040550180812533254,-0.046844082414962074,-0.0035006093555026707
1999-12-28,0.00449103892353131,0.00044956230030845923,-0.011130466808754957,0.024646956118349106,0.001381295304310859,-0.002142313083483005,-0.04026588234675277,0.023963218493941563,-0.0013664407118770816,0.0104711698372415,-0.0010704419867346715,-0.010474046299579709,-0.004679210865278005,0.0006873128876956347,-0.009748923254647157,0.05261126153587936,0.038049687030719426,0.0037552679322485627,-0.009284480491445257,0.0010540622373071962
1999-12-29,0.05924467264393751,0.006965750044703123,-0.0018079887456262655,0.0,0.005517295468625116,0.016221681336257898,0.021995979241131502,-0.013147231725036623,0.0,0.006661659910631945,0.021428441128568343,0.010397201006349777,-0.0047015569729549345,0.01373625447603799,0.016982398202521676,0.05010558911834151,-0.002120157490343222,0.04885312514075957,0.08000612371133164,-0.010457461887677821
1999-12-30,-0.016251574840618677,-0.02410012145428575,-0.032424696588949864,-0.013339143058931802,0.012345689832037987,-0.024882990727328358,0.012355970011963757,0.015720452201295254,0.0027372857277732088,-0.002941322227703047,-0.004545066945976117,0.00849240824745845,-0.009447532056125474,-0.016260373458355182,-0.024201657800321685,-0.006038304710476061,-0.02808987974576138,-0.006403335179797298,0.0014699830603768227,-0.0024116943091618825
