date,ETERNAL.NS,NYKAA.NS,PAYTM.NS,POLICYBZR.NS,DELHIVERY.NS,IRCTC.NS,AFFLE.NS,ROUTE.NS,ADANIENT.NS,ADANIGREEN.NS,ADANIPORTS.NS,ADANIPOWER.NS,TATAMOTORS.NS,TATAPOWER.NS,TATACHEM.NS,DIXON.NS,DEEPAKNTR.NS,BALAMINES.NS,LAURUSLABS.NS,DRREDDY.NS,CIPLA.NS,SUNPHARMA.NS,DIVISLAB.NS,LUPIN.NS,BIOCON.NS,GLAND.NS,BAJFINANCE.NS,BAJAJFINSV.NS,HDFCLIFE.NS,ICICIGI.NS,MUTHOOTFIN.NS,DMART.NS,JUBLFOOD.NS,RBA.NS
2020-02-04,,,,,,0.12935192487635772,0.02411078242518716,,0.02059770254731763,0.009431588891570142,0.014019329218407872,0.024576267556396303,0.011290790786710136,0.027322479438688818,-0.007686327856270103,0.003581461969885291,-0.011968742625865003,0.02744898337728463,0.01815434115306913,0.03107344775149712,0.008773010084878186,0.019399057528183272,-0.005804074908644985,0.0182739977875761,-0.028140740780521645,,0.036679679385704045,0.049388346244526815,0.013798016783792333,0.010494653820510846,0.029464778533734748,0.011094761132384612,-0.011506570052558507,
2020-02-05,,,,,,0.06788679638593398,-0.01525021161622997,,0.047904081557214484,-0.023989898989899006,-0.015838792921458844,0.02564098114391067,0.10893181382907358,0.014184343044549186,0.019840944571694497,-0.022588167258596914,0.00939429651536372,0.026838380774507176,0.0005714110281074269,-0.033468432422021466,-0.002006944920384668,0.0014095005563798946,0.0006883586585841872,0.0012474120811427625,0.01775248600583934,,0.0019804081788328265,0.005925728118257867,0.018059774730480482,0.016739135678004224,-0.013953712287171904,0.04342776012394056,0.005044235387621887,
2020-02-06,,,,,,-0.002817385137253714,-0.041796130219837635,,0.0010581863615564124,0.04993528536343783,0.009819898017266349,-0.019354820846890552,-0.026666601292017256,0.008741306470901433,0.003597728184428828,0.001825642643244807,-0.027185743696663822,0.004893074579576329,0.0,0.008170063231023317,-0.017651664810582113,0.010322549625023658,0.030749157245415715,-0.000830542880411067,0.0010160558967526878,,0.03050884064171311,0.002950387869371296,0.017482159852943324,0.030943488463692104,0.005068042041337151,0.020209968111578824,-0.04100082821913453,
2020-02-07,,,,,,0.006116108501112105,0.0003538948140369147,,0.01268507398008989,0.049778247448683866,-0.0017559361262028395,0.000822387253891721,-0.02935423276122029,0.005199278073789282,0.014140643171420164,-0.014385317694339261,0.01888199843966598,-0.021971531038739056,0.002855870798168736,0.0024534604548187566,0.008074718563441996,0.00034834046191334345,0.03111719810039637,-0.019808976287871816,0.04517010606073257,,-0.0025823987353198463,0.0003743784643051029,0.0034532259650525976,0.0029397238794857117,-0.0033399890378025265,-0.003116414749291807,0.021014520368542344,
2020-02-10,,,,,,-0.022002142726488816,-0.014387230896215741,,0.02087685693463026,0.0016432211432657606,-0.0035177056762891734,-0.015612204837017307,-0.027073785756743463,-0.01810341958192241,-0.0030767482801696833,0.0035563498816304495,0.014455136864072848,0.05998791041870466,-0.00717621062539453,-0.0055578953942632126,0.0034971958070635356,-0.024373309008676625,0.0014381279806268132,-0.007984571187066303,0.0027516955083051187,,0.014492058411298414,0.00038441479144668556,-0.012841914531002807,-0.0032205471901840532,-0.000854056872613973,0.08589102630542711,-0.02476133833494376,
2020-02-11,,,,,,-0.048777148297145634,0.04914598066395426,,0.003271950476380514,-0.009843009343513787,0.016157622116744985,0.0041736387850921375,0.005032622699895795,0.012291463916504819,-0.00420258999574441,0.0011812932738761717,0.006698356584644349,-0.02783836234411674,0.0008032199235916693,0.013368812264346275,0.013153380521876645,-0.004163585615368781,0.027741221761539592,0.0044162098468158995,-0.012590798019343152,,0.005845274290693148,0.010865335880194227,-0.007737603710761931,-0.006353267760480508,-0.01696696277579135,-0.03589471376767783,-0.0159026002630005,
2020-02-12,,,,,,0.005149156440117375,0.10725892730979636,,0.01793719551294437,-0.017041449010724907,-0.0002674000517981501,0.004987566163634494,0.007069102811151362,-0.028621044653661443,-0.00211011241723591,0.00014067573143417,0.03242200597590972,-0.029342350169994758,0.008024675509119117,0.0014102412576264545,-0.008433115345936604,-0.009437296718519783,-0.011691093137109032,-0.002623901070285317,0.005231391899401139,,0.0040741862590907285,0.004135968453429006,-0.008826090461214409,-0.012604972720712815,-0.007693323045813494,0.036604678364481114,-0.003040226272411628,
2020-02-13,,,,,,0.11665762666744772,0.025054102774053844,,0.007008435848274264,-0.03708161413229183,-0.013365337026502888,-0.005789883700641263,-0.008482058846753682,-0.012499907594326398,0.005418565143777254,0.015769108958511024,0.002109123156895487,-0.02258100828615517,0.0037528509965241152,0.04033527167207085,-0.007609655669153725,0.010491840822177467,0.016024034258857123,0.00028441609734097817,-0.0013012171900647074,,0.005588532461826334,-0.005592566028037926,-0.001988354885720245,-0.002886242827440766,-0.0016854598733747617,0.024978346368789817,0.008296754293470876,
2020-02-14,,,,,,-0.01452200607746934,-0.01464489594286933,,0.01869149946861426,0.034258595689245164,-0.006095844946147899,-0.008319498973491046,-0.002359721265314252,-0.027124920321973334,0.007755678186734061,-0.043248532825975516,0.0754210119622678,0.04744750860453917,-0.009403789606455493,-0.0061058917035777815,0.00834455927067479,-0.0009546173236920641,-0.004337258421257206,0.020258840134715683,0.002442672399468604,,-0.002836105233217756,-0.002747792991364184,-0.005630491833832907,0.004638620937712945,0.008778986842737924,-0.05337728117450824,-0.01226088368887357,
2020-02-17,,,,,,-0.024881256429510668,0.009891410763821717,,-0.014249361817182837,-0.04086071964963811,-0.011040095184408516,-0.034395960133213554,0.0,-0.0381039348655583,-0.018196078919352154,0.01027902680757542,-0.012069121003472905,-0.019566011394672178,0.0028592843038430793,-0.0026480696534306736,-0.03399681150105205,-0.017206271335355017,0.003913520054708242,-0.007106665210800722,-0.015107285201739318,,-0.0010664500723613912,-0.016681246482685208,-0.014025614780648343,-0.011044474376487812,0.17003619382898383,-0.028608858218506894,0.011282150356763498,
2020-02-18,,,,,,0.07898474732212413,0.0314282355457125,,-0.012079234389442473,-0.04587852696493733,0.010474271524153478,-0.013900942157292429,-0.04435248035275707,-0.0038648184772476224,-0.004118366259753148,-0.007120969458576654,0.06251376069435799,-0.007861586119770947,-0.018932613948603128,-0.013411974910276014,0.009492884580317051,0.0006121451972145309,0.009467078383478933,-0.00912214253471677,-0.008246617730477301,,-0.0039044678494754015,6.827983504420487e-05,-0.005831621484029048,0.0005602710518413101,-0.005263812892415731,0.010878604673344894,-0.00035465660835887203,
2020-02-19,,,,,,0.11796658359026524,0.11037961405746066,,0.01824000980145013,0.04544256857868234,0.012820369425780687,0.029955875549455113,-0.021967824458878793,-0.003879733740301816,0.02021072432213633,-0.0060285591097088975,0.0016573478460257807,0.004632302205489935,0.019763170773983596,0.00824271619315109,0.026376138957621142,-0.012480122376200886,0.004873029063442447,0.004248931310984139,0.018127345770417636,,0.025231267035426885,0.024046349015620416,0.029328042404388466,0.012057589930424273,0.006672068258482655,0.025201953620608952,0.0355817321908376,
2020-02-20,,,,,,0.05357822082445396,-0.02949151361240432,,0.018307233742570483,-0.015163001806683729,-0.0012119282088554062,-0.013686899328944513,0.002847141084691085,0.004868496010448142,-0.0014385792551037113,-0.02774547019223339,0.0008271731333855392,0.010435757279988911,0.003990014029101818,-0.0069704360269075005,-0.026256992752591524,0.003469371701140922,-0.007548727718928228,-0.013327741771644197,0.02923887556452298,,0.0004920040696918537,-0.005016139568300604,-0.009670042931240963,-0.007450887329544131,0.04296656540983301,0.01573516285574339,-0.007614876253879688,
2020-02-24,,,,,,0.0017968042658507155,-0.008880115563556057,,-0.04407502031772481,-0.045932830006053416,-0.02318991280533822,-0.027753660211209508,-0.0495268547199913,0.004844988026142083,-0.018136495809063513,-0.05259417324733817,-0.03337452501469951,-0.0038429278404087386,-0.009424696414233491,-0.02426799027255222,-0.012851384141593591,-0.01753319196192893,-0.004102584242359653,-0.03823591133978277,-0.0025392641672348226,,-0.015674837621248217,-0.025005800958020075,-0.022144826284334784,-0.029989959493047724,0.022734640814203955,-0.029622542409478148,-0.009983324574806218,
2020-02-25,,,,,,0.014790681459127875,-0.030407857926825654,,-0.0032356834170212956,-0.02877886509079508,-0.01062810825551963,0.0,-0.00497846134683555,-0.0028928657085809384,-0.0002665698341653977,0.006087374285030478,0.08252259813309704,0.03062089002848234,-0.01249396790927737,-0.02814613927821641,-0.010112864491902851,-0.02249592464839978,-0.013266736169768811,-0.005499034703508321,-0.03309476407915357,,0.004579603988893233,0.006137101699849712,0.015513662648972915,-0.013945290268123522,0.011730633859980522,-0.024249885908671165,-0.012712082717559192,
2020-02-26,,,,,,-0.0001537221026560731,0.006215595331134471,,-0.014810201034204495,-0.04984768677860385,0.0,-0.028545913803325496,-0.03569042584554871,-0.04545450581444899,-0.007537686121361076,-0.025781037199980816,-0.009677046127804179,0.06491982634276572,-0.025537149125533953,-0.0037414978209676653,-0.008454585017433236,-0.03651325759284807,0.01233454543378465,0.000971341191938091,-0.016784573922203005,,-0.003305214444567439,-0.014488115791830292,-0.02186130206988468,-0.039979868479055325,-0.004711912465690027,0.011429142208105425,0.003015201215794683,
2020-02-27,,,,,,-0.021648355082539372,-0.021021260808308684,,-0.035626077563987724,-0.04983971378408092,-0.013113694500334838,-0.03030302234181248,0.0048426342666665345,-0.001013359383947976,-0.016331544225758887,-0.005888939158236517,-0.014258627863202422,-0.007359379767677865,-0.012507313236360784,-0.002698966038766515,-0.002368465931861352,0.03682947939355108,0.0067457425827262,-0.010450859512053934,0.0005021277482748498,,-0.01043645401022375,0.002237076804586513,0.017323380712445546,0.012384266339008576,-0.009787781009986563,-0.016409410097674937,0.0036291307680114127,
2020-02-28,,,,,,-0.08672882897800771,-0.136824930096068,,-0.06619688186273776,-0.0493865217899252,-0.032513524610752076,-0.1041666986514811,-0.11222022677770094,-0.05273824716597586,-0.02432361739902722,-0.047191814191263615,-0.06554732370411753,-0.09505379214366727,-0.002291850356964553,-0.0456301249577985,-0.04534658740875508,-0.040154539664807753,-0.02299983894610058,-0.03439956585752324,-0.04014727464247547,,-0.06175687419558018,-0.03797300355914157,-0.03988006357680196,-0.011273237918532963,-0.05425734726867293,0.001832133504099609,-0.05183779295385604,
2020-03-02,,,,,,-0.011784480512861184,0.0018622864806483452,,-0.00022861642116878134,0.0070991037443071114,-0.004529589182562632,-0.005285432403090873,-0.027530113744060447,-0.062098541665916995,-0.011764732503051545,0.027964839685296505,0.09352682222054831,-0.02616762297827202,0.00640781659133971,-0.0073621307267363045,-0.0003731005788711883,-0.009117471638542596,0.0010916821263899923,-0.015937512969580125,-0.014813503089388003,,-0.02353409485726965,-0.015054002241403408,0.019114142495092246,-0.030364124439387963,-0.02289113082873373,-0.04087867725038363,-0.05057334506283362,
2020-03-03,,,,,,0.009313620763483188,0.008267389007711845,,0.03270815052756593,0.022108278633598655,0.019521490491094973,0.039319860952052865,0.039473733107292075,0.013698742945268183,0.02671487678322415,0.025374113905935802,0.055137559361734256,0.011426378553365035,0.003844256753038122,0.04754690150571994,0.058091841212973616,0.06508788657891706,0.03501260974198406,0.031438672204490814,0.07553503217642477,,0.023754506027920064,0.006077767687835189,0.016231050317205842,0.00988207765889948,0.0068597122353200035,0.0018394749752430606,0.017056368928630272,
2020-03-04,,,,,,-0.09998269384595893,-0.04999582664154478,,-0.020598032397424748,-0.047021943573667735,-0.0038868508957173864,-0.025562372886082874,-0.031837407919034555,0.007882777677051811,-0.013957150905295812,-0.03526692231239581,-0.020921225347154015,-0.031285004995602606,0.003590370672901022,0.04193919536750412,0.052551028588776694,0.030237754505422654,-0.0038019144687989614,0.02278321409226347,-0.0003287679678996014,,-0.03765056217011242,-0.018290628085102623,0.009050381339566815,0.0029316448644907123,0.008429451271793065,-0.015494546427388678,-0.024315621670925824,
2020-03-05,,,,,,-0.08595234656136008,-0.002346050905645325,,0.0029398469796966253,0.00328947368421062,0.00924966213723688,-0.018887655461176545,-0.0035657562589365144,-0.011173245760664252,0.0,0.053639468178995786,-0.003737019864673341,0.03011665925456719,0.0059622943641568504,0.004130677770555424,-0.015748831153171383,-0.0013567558875670072,0.022507621449326942,0.018287065767059296,0.029779415643383933,,0.010334894510943604,0.00911410613119279,-0.006419156220829225,0.03972826820047226,0.005324650661270303,0.022174714495553527,0.033681846573185625,
2020-03-06,,,,,,-0.04997043244822086,-0.04009289321869225,,-0.031567125547156794,-0.04983610559682372,-0.022196855231571555,-0.05668456310396397,-0.09184895756772304,-0.027118591002973536,-0.01460553981768864,0.08025210902803837,-0.0016351434154273647,-0.026872389404945518,-0.006875191109036671,-0.00423939218856606,-0.014071695841460952,-0.009878986392459543,0.007330036580577737,-0.019288942653723606,-0.009266625529386396,,-0.024210937120638487,-0.03116028324549225,-0.0297370534604654,0.0013065836472601067,-0.009453845843147568,-0.0022472627882941243,-0.010988103972803698,
2020-03-09,,,,,,-0.0499871208107473,-0.049994037516756795,,-0.07008146171285146,-0.049689422025689156,-0.05711765529028956,-0.07596373009934654,-0.07443081769796289,-0.07665492189027079,-0.03898806196146609,-0.033008989671705735,-0.05472061971232134,-0.08386598526411981,-0.04153746730174146,-0.03459528271042489,-0.018991697539626262,-0.018832473534865946,-0.026026231842242176,-0.018613305196967578,-0.02918892701594966,,-0.04710292988057674,-0.046041114082402634,-0.05564170728522566,-0.04468497588401221,-0.04524798469118452,-0.04301672741463658,-0.021083526516497364,
2020-03-11,,,,,,-0.004684762991442937,-0.04998243424793125,,-0.01977976390757541,-0.04974575887101362,-0.005281013363683251,0.011042964024594815,-0.06433296882699258,-0.04654086195557561,-0.009388165643326118,0.002894287117227501,-0.03139010988905677,-0.07047162607947832,0.02839356399676629,-0.01981220872126066,-0.02123678490406944,-0.018812930490884838,-0.014919216130333979,-0.018966525096222098,-0.014285502130586214,,0.0009561051935436105,0.005714752948794866,-0.00792055763177446,-0.014777847830062307,0.004155084388667962,-0.016661229814762812,-0.004422600522349218,
2020-03-12,,,,,,-0.0499864346514689,-0.04999836883695208,,-0.17164752453337928,-0.04967525660069416,-0.10165538303992527,-0.26456309331217354,-0.11021231846175072,0.0646435824641618,-0.10018617202037516,-0.06556118289243973,-0.07512621673539788,-0.17069500665409132,-0.1146768767976537,-0.05005675952793731,-0.05358431825264387,-0.0807098033451561,-0.10997111491779943,-0.0704445767912999,-0.07465463596440869,,-0.0735117502210978,-0.0988551914959751,-0.07915489293501288,-0.07218179731778185,-0.09253393742433891,-0.049977465632920604,-0.10296365194837298,
2020-03-13,,,,,,0.005445924582099915,0.04127134152905465,,-0.08263949022802464,-0.007639702130272985,0.017729997631963368,0.02145216430171959,0.019886441113425413,0.044609831582028914,0.037615118442172246,-0.02371094502555071,0.06643906712717196,0.10553932418541367,0.021611420521514768,0.012173811904698573,0.07802410309264296,0.08286360767634737,0.026060575320085544,0.020292796226810017,0.04898914400317378,,0.05843063610820054,0.04086421858903577,0.07242549936651455,0.019472017802515174,0.06271491544437469,0.048141681217261256,0.03249456250913574,
2020-03-16,,,,,,-0.049969569477278375,-0.04996781692472052,,-0.09445394132320062,-0.04619128449882015,-0.09721983656712352,-0.08077544351825394,-0.07576612070300137,-0.0403321504389591,-0.08627874100748834,-0.008622657490289232,-0.07529077753883118,-0.08056322508419855,0.01204984251611041,-0.02015529202751576,-0.06849953310528767,-0.04073408675206558,-0.036072736496134294,-0.011306353431041027,-0.06874986285137474,,-0.07091629898793472,-0.03182643516682182,-0.0649709645899903,-0.03362494923990811,-0.1111248751851931,-0.049833389420216534,-0.07611704256948681,
2020-03-17,,,,,,-0.04998274492804178,-0.0499928287391922,,-0.009650967115168108,0.04842824745478347,0.02199691667808712,-0.05623904542062441,-0.060277285118171875,-0.037082916868312776,-0.054155986369592624,-0.014256143935873045,-0.04274908204098249,-0.0771165983791342,-0.011509593658995954,-0.01618353016782903,0.013496425131697798,0.004341164475831993,0.0017971850198619244,0.028547570102346986,-0.018456422511347936,,-0.06192388254826586,-0.06378411102253578,-0.019506554446669155,-0.011537307562922594,-0.10430947897913123,0.012848720992020723,-0.05507949657612399,
2020-03-18,,,,,,-0.04999557602285665,-0.049996271499444855,,-0.023987998033236813,0.04862230386072697,-0.02526674490022629,0.048417175870156814,-0.03143032875374996,-0.09884473155475126,-0.048867368019668955,-0.06069466304666982,-0.11632994312992717,-0.0792755667465379,-0.06785328420266934,-0.04054002617463337,-0.03920340000647082,-0.019991644670067532,-0.04751231086523244,-0.005193896314186097,-0.04121563519303806,,-0.11132550761960724,-0.10079087922997743,-0.09785990864337324,-0.07388963921123659,-0.06115757784190978,-0.04997647280994577,-0.059757585740501384,
2020-03-19,,,,,,-0.04996656187561499,-0.0499802799297433,,-0.009984465546166832,0.04829984771869311,-0.007872400623716858,-0.04085257804587561,-0.0337749208896162,-0.025640887906944743,-0.016097184916762375,-0.09707774769494415,-0.059350041287386746,-0.07277339058879384,0.011916979604686295,-0.016676400401797187,-0.019109989266576477,-0.006478470068195574,0.036393854267460446,0.03605802809994274,0.001980940297157563,,-0.10297764476680427,-0.08315111429253896,-0.005960180806555693,0.03374164326459228,-0.02853582016086187,-0.04997657284599344,-0.017289725910025644,
2020-03-20,,,,,,-0.049095232053904536,-0.049989621231096515,,0.06826982203603471,0.04939190938809834,-0.007547959177961583,0.07592589632800961,0.05963010407781111,0.07309945164954557,0.026221569265120648,0.09885035738351133,0.10642648763341334,0.09377144865022302,0.03022113306027241,0.10415609369095402,0.04830527686237662,0.013457275711252548,0.06624982251659262,0.010945008777726528,0.08540935981896491,,0.07494269116351404,0.07735730255342621,0.002758114646016052,-0.024237480029308478,0.06885335037212559,0.049975313689393674,0.19829767927327402,
2020-03-23,,,,,,-0.050000008307484634,-0.04999342702406917,,-0.11577893507111547,-0.0498771043139441,-0.18954758094685054,-0.11703955852593462,-0.14359655686328965,-0.10354219979269297,-0.12338950798425352,-0.0989214392144393,-0.14263023176758538,-0.0999166127672435,-0.11381536914480161,-0.04447341751325007,-0.04467928916247588,-0.11156729245301311,-0.07175799091654711,-0.07757608303700592,-0.06885246840601356,,-0.23230795518277048,-0.2586213918788973,-0.18129639223905603,-0.17736067253843668,-0.16542160541626638,-0.04999735294527996,-0.12683961209070915,
2020-03-24,,,,,,-0.04997502945003318,-0.04999765503604392,,0.07816377634272831,0.044732000382682546,0.11525500886978501,0.08966862142011944,0.03549868011966906,0.04559251280169763,0.0002492868705421536,-0.008964040174115673,0.03749999161603479,0.04310544708757691,-0.013889046930945281,0.03234750567918887,0.005862871226311794,0.03281963320248993,0.036829934378587836,8.438537136967739e-05,0.060250513971379815,,0.09180771940909516,-0.02668227931105538,0.14314935126358708,0.029831851050206915,0.01259106753612671,-0.006372629426515619,0.011249015967572218,
2020-03-25,,,,,,-0.04998258925846999,-0.049961209103581705,,0.014959779589498456,0.04812457823703653,0.10291256512144153,0.021466884129426766,0.02479936433791119,0.01744200455441902,0.05080949041059224,0.02424596135976409,0.07690007379967478,0.03332591936902429,0.02896018214072127,0.02241095824781958,-0.002649431219672649,0.03729684320140092,0.0042189250327406835,-0.04339758829486151,0.0023983529709408202,,0.045024663584104285,0.07393698422810413,0.10988993672967418,0.15747103957288666,0.16728178564906093,0.049980663932396086,0.03702859084664811,
2020-03-26,,,,,,0.04997542382874176,0.017410413823562232,,0.06009062128334186,0.027008776739713136,-0.028951408404926604,0.05429070765473121,0.007829116654435087,0.00571417596720214,0.06707748427958138,0.021648045347627543,0.07237575115997141,0.09438833731117402,0.05167676313595493,0.009086310951028853,0.025767070990678098,-0.026894872997847985,-0.02320998790249018,-0.01385694693885553,0.03994121905435044,,0.0804841827879188,0.06561688731502335,0.09935535045283417,0.11355899103245526,0.009321018534978576,0.049997406383459175,-0.0030435362639731345,
2020-03-27,,,,,,0.04999138119409774,-0.04998246851166277,,-0.08734396456116822,-0.022025022807926065,0.012489896117873656,-0.08305647866846788,-0.0014124975536894402,-0.03551115126058635,-0.00266552324474445,0.01785789031531304,-0.031427127614612194,-0.016699442799625874,-0.04431122140294086,-0.010869823434836667,0.05567779615420876,-0.00014789302404594196,-0.011017840964224423,-0.01888499923372655,-0.016991157125289313,,-0.08998823616131968,-0.04986146835580241,-0.07634299513804488,-0.06751461500186817,0.0202835400437702,0.04295273450838666,0.05297834031344939,
2020-03-30,,,,,,0.04099226322455318,0.011832473308604596,,0.005468865111006638,-0.012100860852153339,0.0013927622774472237,-0.028985479703797723,-0.03606787820837598,-0.04860109177397909,-0.006681467029355348,-0.05996135313275086,-0.02938828210584299,-0.027372603495893322,-0.02157619567524982,0.02665861750811538,0.059119414146944216,-0.01640808369203961,0.016831750798958156,0.02280622005190791,-0.00756221061666873,,-0.1180819445616268,-0.046916532021392676,-0.06462586611279286,0.004839937349472523,-0.010909916607653836,0.016757271950029518,-0.011950595905850903,
2020-03-31,,,,,,0.049957180042387694,0.0498041928172408,,0.0691530566864027,0.042871746734209015,-0.001390825188590017,0.035447770986505756,0.04255331030466447,0.01702785582144717,0.0024663424754840513,0.12291407262339438,0.055075951943817314,0.0336893811493042,0.015952347861489358,0.04224768730542294,-0.020613789766246948,0.05891196117695796,0.050240263081080316,0.051819446807859215,-0.01832361875418631,,-0.011730057973944552,-0.01500704983164991,0.06993941877720444,0.052495958539442,0.0019610376900955906,0.0344990421069975,0.053104381403781487,
2020-04-01,,,,,,0.04997216299778939,-0.025759574171344335,,-0.02652629758235503,-0.0022838897456157747,-0.025865495793909177,-0.03423424336771086,-0.0436312719878329,-0.039573751172474414,0.004920549191494539,-0.001927390846755972,-0.011946357651721362,0.0017885552992653597,-0.003386612295829483,-0.008251190939868813,-0.021520611015564683,-0.02483670679089378,-0.05633352998767882,-0.017976784868038775,0.02901486756294247,,0.0016020726766923232,-0.019450160562421104,-0.02594329654955696,0.02228054864085305,-0.01410759363205949,-0.047908593750000006,-0.06004297492752142,
2020-04-03,,,,,,0.04996832634766957,-0.024501061518208633,,-0.036580785689612316,-0.006540222628635406,0.0,-0.001865714297152321,-0.03899931647925092,-0.04437400364096922,-0.02715329346642703,-0.04019094391957534,-0.001577160033191527,-0.01904375930422675,0.05699704186026122,0.016736658333480037,0.08567966436191665,0.0943093580255916,0.012813107938949742,0.13263109402848894,0.04507913215135173,,-0.005339397747827435,0.00196579687368037,-0.01767841700972761,-0.054894674678347855,0.0024813159655445727,-0.007562299116172677,-0.061672989192681715,
2020-04-07,,,,,,0.049990857483447115,0.04997123657191027,,0.07051536655467094,0.04641213518785392,0.01348052852856707,0.07663557599211313,0.029862189332489075,0.11608638935898052,0.051475616970260596,0.09493057835304608,0.13834421509477535,0.09686550413310724,0.14671938360702663,0.13868058363856028,0.09583702692622165,0.11012115952365176,0.08774100686850583,0.06739354410470266,0.09400230796608544,,0.020770051598238526,0.04747550575356185,0.11413679375516939,0.10468399494266212,0.11526404061089757,0.04997704408350967,0.08664658740659625,
2020-04-08,,,,,,0.04998438810578576,0.04998504234150403,,-0.0003619409512547467,0.04718465016669482,0.011084203030748307,0.005208286767206527,0.005204481231114277,0.059435191014975075,-0.005221865441574325,0.0038216871787770668,0.006822278926766456,0.04590703318885958,-0.001147079503979076,0.027852290637243815,0.0416456059822663,0.046364131693811705,0.04889131825604309,0.007927924615229953,0.02858938236501074,,0.03530296206454486,-0.024635418935733178,0.012965026900358056,-0.003031737856985406,0.01671987018491672,0.04999424029489696,-0.0024463690098031066,
2020-04-09,,,,,,0.04999175027425218,0.049978635233180135,,0.031498934883638086,0.04986484352017562,0.004185593849573843,0.050086349527404206,0.10355023739176517,0.02384286323149687,0.01968497218968146,0.017854923070182105,0.07947631666020127,0.09571653085461485,0.050395536236734984,-0.016684882135874157,0.13037531240194467,0.04064561077566187,0.06544629743755648,0.11982708378153095,0.01939529759606784,,0.09385321837854788,0.04594764427928255,-0.009127084663232865,0.01568269341360584,0.06956266247254694,0.04998350075425129,0.011231111071669853,
2020-04-13,,,,,,0.029428253946491623,0.04999546830107637,,0.024921018853037546,0.04921319658664158,0.04346979589024813,-0.02467106862659285,-0.004691707430022118,-0.016438266943287982,0.016730984987056274,-0.038784805936862954,-0.025321833267989535,0.014478780908775413,-0.015304012916505405,0.03452952619133498,0.022860589532708087,0.01738351380173997,0.013111759589641947,0.04543440923234909,0.020374503051889592,,-0.10366996121236771,-0.06822254964294638,0.011752193530651045,-0.019076344098967524,0.015034928043772933,-0.049986357552130545,-0.02896094968426377,
2020-04-15,,,,,,-0.04667648445130135,0.04998278229449671,,-0.005136996885617751,0.024270503409363542,0.023016782013707715,-0.011804333364345165,-0.01818175542010181,-0.023676825680915115,0.012869243105795736,0.0031320128704042105,-0.024451413887741635,0.009197610851739757,-0.010238305723550778,0.01628143827210682,-0.0008433270438308327,-0.028441529366665774,0.023171985538082085,-0.018945602243553572,-0.010864735898356903,,-0.04584000683206457,0.023979146826996534,-0.012766811516854437,0.005363487548482038,-0.07332435703229967,-0.04054030685856791,0.02899236335458988,
2020-04-16,,,,,,0.049977789204365575,0.0499814966301344,,-0.013425177953163225,0.03221513819725774,-0.004834276751324862,0.018771272042834575,0.02400547359615235,-0.009985717982723852,0.0597792316183019,0.05707838927945641,0.043414885135234726,0.10732233374333466,-0.004610926696937079,0.013932577797426404,0.01367439206470844,0.03227968912027013,-0.0009394002274690783,0.019126413515249352,0.038741288833883614,,0.017205400396457016,0.02185202237514927,0.038159879960527165,0.0038165164092058834,0.003327055478844043,-0.019739468391573367,0.05473266356232087,
2020-04-17,,,,,,0.04999785681978586,0.0499844540054859,,0.0041869864200998475,0.026308953748514163,0.0020551114803699644,0.03517588702297614,0.02947083016437646,-0.008645721044913901,-0.001572329140455575,-0.0034907207925481964,0.0071850421684271915,0.009791426990261476,0.012520216575619747,0.017846735550186565,-0.004080315432950954,-0.014233551783545684,-0.025488824392138953,-0.004419490155551875,0.015290112757334828,,0.03970723689080691,0.06385654589129719,0.011843899545144865,0.03642266955385387,0.01903109201975428,0.03473115354598577,0.03248311715547847,
2020-04-20,,,,,,0.04997625186671506,0.04968753759650246,,0.019457942141066775,0.009047514849804594,0.008763764092367232,0.12459546963021739,0.04684454186107989,-0.02470936744286245,0.009645607054539873,0.0177838685731857,-0.018526489509117394,-0.015317636312208172,0.009892357854131228,-0.021580016976871508,-0.021070090157182197,0.035659819461427045,0.004438046223667724,-0.015202142386180006,0.007600300985178832,,4.332699198039691e-05,-0.02349139331229766,0.025832458925773016,-0.0075871253983695874,0.03989829797883293,0.019958365532611877,-0.01873457181023297,
2020-04-21,,,,,,0.02643107938286615,0.04216278637262061,,-0.0732788201735115,-0.047073459268952345,-0.019593244686600397,-0.08201434682981501,-0.07209447317411588,-0.03278668997497847,-0.027490669874938756,0.036194189401408394,-0.02473419761654838,-0.046524920438620776,0.11619947853430035,0.0446452551726253,0.011445044583196395,-0.0005282987711816567,0.02734187904710028,0.0033961725506230778,-0.0026540182806532586,,-0.09032820799024444,-0.058825305661872385,-0.023509640755221328,-0.02612817544853141,-0.018979647454466564,-0.008000021641274224,-0.009150954318591142,
2020-04-22,,,,,,-0.018911074828591,-0.0118651682129155,,0.01213699910295074,0.030841577639118434,0.025263863674998666,0.015673965962198277,0.01674488917928274,-0.0015408656219035866,0.0020047972054564323,0.02034238342228023,0.017463933496119077,0.17901526461693873,0.02852105768928892,0.010058662113658912,-0.008275715044339882,0.0025363307227195264,-0.009183046737649136,-0.007261666297562752,0.01008397309317055,,0.02309807626196858,0.03932488164021897,0.014707275900053496,-0.0170804684855993,0.05387978048798181,0.0231659810505771,0.0044183475144758955,
2020-04-23,,,,,,-0.04398920592999711,0.0055049239191984345,,0.021075594078771243,0.014198798656638534,0.020963675326828524,0.001543171607290672,-0.0032938640640750583,0.009259334811299924,0.05422170196913978,-0.005461118622352545,0.05477192601855352,-0.026406082677518428,-0.0013863792810324682,-0.007320973657854668,-0.0008514414828765249,0.006535192676023094,0.013755469024097744,0.01952658371217697,-0.03577369028314192,,0.011264842870183367,-0.009663476164095797,-0.030080382961034324,0.04515520055339506,0.07553613706828721,0.0058732127617724394,-0.009757131548714604,
2020-04-24,,,,,,-0.0499870376323458,-0.007254046594311392,,-0.041637267967100766,-0.02025001525878911,-0.025036265444594696,-0.055469902831016826,-0.019167320997956483,-0.05045887285272044,0.025052128765615356,0.007685128566322197,-0.04384320427952548,0.05593949588124847,0.05692604440973592,-0.006034084217455549,0.021476013819579087,0.016965132958479234,0.003350793386204476,0.06688134362035503,0.027897557371110215,,-0.09031267775640783,-0.07184525754237614,-0.07195496192976958,-0.0456396305267921,-0.004098743253404424,0.00303885391795089,-0.012191620019296967,
2020-04-27,,,,,,-0.026980337736172588,-0.020542485626350304,,-0.0003710082814591953,0.023985695439860732,0.001847609931977745,0.006525279136422313,0.014150999682839727,0.0,0.030364695256820617,-0.0004162882834206627,0.04140919256170039,0.09545568398231041,0.04678674154344176,-0.005621120781328703,0.01568497002777347,0.008958849235782607,0.0001855392686391788,0.022169007399736707,0.016088526140814352,,0.03430744834855193,0.051870133719485345,0.06926212953894462,0.05059380032430694,0.0074941651526034825,0.005821229678370399,0.0041253912992902375,
2020-04-28,,,,,,0.047923339807688814,-0.028046594799243096,,0.034918063786198106,0.014951408379048958,0.006638479948558151,-0.02269041568143504,0.022591421242141196,-0.011271992695315758,0.024618237929691755,0.028019350613967875,0.010929505975808329,0.015443532182491282,0.01612137765307531,-0.007675246158594495,-0.01659276961285694,-0.03255748051035834,-0.02576421669539497,-0.04733491485263308,-0.030703710240345572,,0.09004177678606817,0.05290739806023326,0.002888045983741261,0.0012144521075141412,0.007987465882359102,-0.007809936842485654,0.02475082466763645,
2020-04-29,,,,,,-0.0070764162556375965,0.04999998895091351,,0.0014358118216857285,0.021114673118740823,0.0538558430761511,0.03648420937594676,0.015594486820426079,0.01302933248669591,-0.00017525088657555088,-0.030266090455697836,0.044275165121179905,-0.053174817471245084,-0.021185624131262237,-0.017482177702265123,-0.003925881026094036,0.007806528466632878,0.002750517772084793,5.8561356461206415e-05,0.00042625428629916584,,0.030676276608663455,0.0281480442279316,0.013781820631551867,0.029946983610994682,-0.002903517620122642,0.0167187301638394,0.021031061838730603,
2020-04-30,,,,,,0.004056347058279952,-0.012689297160237478,,0.013619997721521004,0.012022120878521836,0.008517323782569974,0.012799987792968759,0.19321816064784825,0.01929249686297907,-0.0082442447421468,0.09163846823736521,-0.0018734523983490181,-0.038808808032330444,-0.005144131976077548,0.014327276611947326,-0.011152929563621905,-0.027635308988667506,-0.0155918717595257,-0.02235487639846745,0.005111471361035624,,0.009427610432518607,0.021145691661696553,0.01663792115981555,0.04820280259174492,0.04671199363539413,0.01676362448031532,0.03537072172050659,
2020-05-04,,,,,,-0.03171381991057831,-0.033108584197685476,,-0.06966039201305452,-0.004276521309267145,-0.08186831383465931,-0.05687205969247999,-0.10026802617627928,-0.05047318999477246,-0.005659837310423632,0.003357733119359274,-0.04168714483676872,-0.01439375385195174,-0.04448786969402063,0.000685865754540993,0.03773749362271839,0.0021532238291490646,-0.019610764457001162,0.007602149732771402,0.0113010505236244,,-0.10286438908954165,-0.06700173396006048,-0.044107313500960754,-0.06334234454094911,-0.09145707944390302,-0.04293829115382608,-0.037674968570815315,
2020-05-05,,,,,,-0.015869284133445127,-0.01061947761094495,,0.008741715909697412,0.00596516335860553,-0.0122018700016584,0.020100563921860326,-0.03575691165415085,0.013289054640837072,-0.010138747648095636,-0.015948068093081802,0.05308723946482785,-0.02462883890921952,0.008168294106682072,-0.026681749984591052,-0.024434108058273063,-0.01965846971194951,-0.0012677897443171826,-0.0176440722422484,-0.02444468310551484,,-0.037169700761587876,-0.027958789069248646,-0.0029232135345834687,0.0037223704098403587,-0.002296486631266581,-0.03609788098612987,-0.02125455218561667,
2020-05-06,,,,,,-0.03629146608347977,-0.011244631625952572,,0.004144634929900137,0.004981039072850413,0.02679574995652012,0.006568138070740304,0.0284300935246804,-0.04918032676732431,0.04420486969267645,-0.021424107506158863,0.027995350841985234,-0.0003805706933557307,0.025724050932039555,0.004851416483159454,-0.008627861883294785,-0.004164069826489314,0.0031081050706769364,0.0004837200244676154,0.011597790248007334,,0.051889004084898716,0.013760435887540279,0.028164679746127463,-0.0009889021002595921,0.040217428279994305,-0.010618638001825054,0.02775588510485605,
2020-05-07,,,,,,-0.001356881365902951,-0.006276933034516485,,0.012382927873583416,-0.006136431504857209,0.04534521300161276,-0.0032626395682111564,-0.0084134016235895,0.0,-0.015487816908355545,-0.01459164714927974,0.052751744671391654,-0.013962994824590735,-0.034755161772617615,-0.003854562896006497,-0.0037178574629624928,-0.004841409990337775,-0.014183740460539052,-0.016803641697938687,-0.009907916445399345,,-0.02169720019092669,-0.004155202286671322,0.007230092461152582,-0.0016088312071411703,0.00885120250425464,0.0029876814250020534,-0.008028135247001078,
2020-05-08,,,,,,0.022189602761578664,-0.019210096733679127,,0.016678942656312534,0.00807407705344132,0.009383804065387302,-0.021276614009850037,-0.017575664973700778,-0.017241331791718606,0.009788571225290754,-0.02220602295227614,-0.038259586798664036,-0.013001999919397544,-0.09830196387105239,0.0381351547266775,0.003986145762707505,0.03715171601202316,0.018571311102608457,0.02668153214787017,0.027162161161609744,,-0.017665346617735223,-0.015491881826419918,0.051561986349453415,0.020616584357979084,-0.013404039919412858,0.03340813852767366,0.014373167081169536,
2020-05-11,,,,,,0.04997963009888662,0.016631363807210198,,0.02114485926587495,0.04876327963964955,0.016312887510900875,-0.010033435215412778,0.062307058745176835,-0.04210538956551213,-0.0005193967622898477,-0.004840360937969579,-0.02548683974188437,-0.018651280875252918,-0.025978462089694898,-0.0306224336878832,-0.00988340411591715,-0.0109808140035772,0.011343946380237169,0.01712571643332228,-0.02129433348199017,,-0.004495563346794795,-0.009345852793195886,0.009903059477817777,0.05031789442843726,0.01963800509266056,0.025964544934866884,0.0017233170163537537,
2020-05-12,,,,,,0.04997902999801207,-0.022507950093326845,,-0.0010710919097774996,0.015498638156540956,0.006213515658098467,0.008445897509009148,0.00116140613583271,0.040293022694364966,-0.012816016495862836,-0.0064341259256756045,-0.015054997409352344,0.0013290633234523952,0.03307715881348794,-0.022941475683299628,-0.027130804365814942,0.00010779350512546415,0.015750523476143252,0.0030023078732821507,-0.023179732072329484,,0.02712085312636492,0.024177285284356698,0.00304643216175271,0.02774970482676653,-0.011446807354332234,-0.004408787774892287,0.015260147554729153,
2020-05-13,,,,,,0.04997436563755553,0.009683231933828695,,0.008934789810491006,0.021897796422983395,0.061234971019186624,0.0670016933710127,0.011600948770450259,0.0669015050051378,0.05175428417386274,0.03835593757690625,0.019008401821528187,0.04579244400180027,-0.01025923409758045,0.0016429549737941862,8.769032356736872e-05,-0.02489761588270556,-0.01017545791317609,-0.014791145961634777,-0.018052234656879662,,0.04413671509975625,0.03174673271036088,-0.019077567418999575,-0.009900149260189672,-0.004656391457979359,0.021186446965728578,0.06630474641158135,
2020-05-14,,,,,,-0.03333095476031078,0.004115523174519353,,-0.0017711332587052597,-0.010606047394987828,-0.0030710521903057897,0.03767664870754661,-0.038990662872710025,0.019801939348110364,-0.023519428330364023,-0.011901079568883643,-0.016730786762259475,-0.009899875593938456,0.0002277660696778927,-0.01259369231102081,-0.0007892548431875923,0.007958513268269352,0.011583923307151078,0.028358625231355905,-0.006226729634170702,,-0.022697183688947797,-0.00542943133189,-0.042089923959091946,-0.05802579998084734,0.007571057326501096,-0.011797717472151414,-0.005532554523633659,
2020-05-15,,,,,,-0.04254259668030069,-0.00834775212575345,,0.0010647391356550795,0.0074381838789876475,0.0027561408156859812,-0.021180081769274994,0.006563098726473537,0.016181318633944786,0.0017080475240263127,0.020614496914495017,0.012419491461876708,0.01897203811225845,-0.002960995150149248,0.0008306751756024244,0.0009654932640690284,-0.016120193170318764,-0.013268004849865678,-0.02462204242675059,-0.019841892921239057,,-0.012097575985725695,-0.013986694468253735,-0.015555618011744543,-0.008122275346510777,0.0017106722647697303,0.004044117569828032,-0.013819351141706293,
2020-05-18,,,,,,-0.04999614512345052,-0.03154863979109368,,-0.03651192100508227,-0.004343105320304019,-0.05157639175794326,-0.044822252126292095,-0.0438648515185609,-0.003184782800240926,-0.05746920657250376,-0.03403038828362981,-0.03216472644506685,-0.030947427152322238,-0.027526930300288965,-0.014979710705721239,0.05286679688975715,-0.017610420115186987,-0.0021412129221612952,0.0178784443860176,0.00989350195039651,,-0.07086193969037458,-0.05458100953711609,-0.036835514574431016,-0.054645747454130755,-0.05275358481992054,-0.011676235937043145,-0.06985531821058466,
2020-05-19,,,,,,0.004985715975623917,0.04855126935324128,,0.02796158501055901,0.01919299409589703,0.08830556830792213,0.14239484447971096,0.014259352279932358,0.03674129731429976,0.014474417839650977,0.010654491090851037,0.004790477564926121,-0.041931582637704246,0.03723271926546334,0.005558402727219969,-0.00915981425404544,0.0022690450862670186,-0.0036262819139865066,-0.01925656605879189,0.014619366511464005,,0.013592265462750719,0.01567583421452534,0.005113344729916536,0.048499152164435566,0.006116407815054847,0.013418287276098617,-0.0278083953430186,
2020-05-20,,,,,,0.049964681730569005,0.0500000569783039,,0.011811312867252344,0.0044939143128033265,0.014254333803822572,-0.01983000957794301,0.020170980779545378,0.02465321839638701,0.03031926880121527,0.020712502757669116,0.00437023746488352,0.03306234813006381,0.03929319754786431,0.05692509072366736,0.04319687990404031,0.03180900688349375,0.021944521078445467,0.039090788624609685,0.03045163509693194,,0.03961924554974172,0.0367327511083122,0.015898304864327306,0.010183518437927752,0.03801114046040377,0.049989346590909145,0.009755719843753008,
2020-05-21,,,,,,0.049986733391171656,0.049966171168893014,,-0.021577808971863455,0.0017043423965688032,-0.02038611220382691,-0.010115631631447353,0.007789099225901763,-0.012030091871367166,-0.018868088488392165,-0.021533367570663597,0.025316477458781073,0.01285401355158533,-0.004140356619408592,-0.016034944657908112,-0.006525489010941299,0.023477933452438204,-0.006469240346895888,0.014372415620872658,0.023064676659366068,,-0.025748938508447505,-0.03463363578825074,0.030359867609962565,0.01161947251642026,0.018741212252102235,0.006478253595089578,0.03187660553799754,
2020-05-22,,,,,,0.016214365871279002,0.04999326058068165,,-0.0014460830559324123,0.019353414184793305,-0.020652643150736227,-0.0364963508730749,-0.01545770379231326,0.027397236344943066,0.04093166537681636,0.01073009279514614,-0.04726077565698705,-0.01010091484758635,0.0012035768399256686,0.011786802557341325,0.03689597384580878,0.00632415912441342,-0.015844197884479327,0.00790303381876778,-0.01282227597983232,,-0.047683701694214764,-0.04927090863319861,0.0019238983107958685,-0.00900456261755167,-0.025355693217848252,-0.029126586852292302,0.03203821342780988,
2020-05-26,,,,,,-0.03159489357732237,0.050000000000000044,,0.010137572961273822,0.0010431880090429058,0.016097942146075184,0.1121212513103087,0.0036231754911022485,0.05925940454409084,0.015254186033114792,0.036281768301731576,0.014679036327996942,0.014782884325070134,-0.0021854971957118163,-0.007333915636969501,-0.0182215962324056,-0.021836258684934107,-0.010474191176797598,0.014785734830907948,0.02283751963843117,,-0.034981199032513066,-0.05058446285401186,0.025669585122949812,-0.003836695225192144,-0.0020487255163865736,-0.04797149918098931,0.05168786004002768,
2020-05-27,,,,,,0.010161505117968206,-0.049984605264736914,,0.010752710573184387,0.011254740624113024,0.03501271522468974,0.008174378955344563,0.01744885713644817,0.0,0.035058352441361684,0.011489142188363388,-0.00219496027012267,0.04524929972573144,-0.015113258909510985,0.004839087365461792,0.008523111575756026,-0.017967919238184415,-0.0023087363398761607,-0.01258356310459463,-0.020792562653663027,,0.05874802092054132,0.039245783657063216,-0.008178193742556461,-0.0006486116379987861,0.05039497026864237,-0.03637361166237818,-0.008655945586599212,
2020-05-28,,,,,,-0.007508674706482532,-0.02975135620791347,,0.011702195171826135,0.014014813730192754,0.01576595413559856,-0.02702706534118826,0.028976864420083848,0.03216784499595571,-0.01903202630784795,0.017872503748383783,0.011898775324917787,0.007770074631036072,0.02146090563707137,0.0012234745829255989,-0.007424375888370638,0.01818585441677012,-0.0023138591669953357,-0.014979562744145802,-0.01539114461989155,,0.005809579705010615,0.006552330941198781,0.026823008834847784,0.017605768191147453,0.010128473777243796,0.04920007381253866,5.939564791401786e-05,
2020-05-29,,,,,,0.021030910523085256,0.026697362924422707,,0.039957932922999095,0.010569130502096069,-0.024110841251542392,0.011111167036458314,0.0,-0.009485301354065556,0.007727737705093496,0.05240665680863987,-0.015612565467511552,-0.012727795254161012,0.01992172374497736,0.04719943799866355,0.03151120272036323,0.03299921323416011,0.04595000685073036,-0.012880876806960817,0.026776606915005496,,0.0030548838593091876,0.027753442668623673,0.012383974619432081,0.037034258817439936,0.011668876848776932,-0.01693770900069813,-0.019415202010756305,
2020-06-01,,,,,,0.0038289034935046207,-0.0012336218421999945,,0.014492652010968943,0.048873666927526926,0.017140210156101565,0.0865384092647361,0.02931033205229361,0.07934365136067933,0.006526302786711957,0.0360351284825875,0.012648083684499323,0.004834426243926826,-0.007791598099171737,-0.028910047466278788,-0.00871721597361097,-0.018661050087575237,0.03763421101984843,-0.023108776479493942,0.0868340337138711,,0.10605789512208075,0.08134123654244507,-0.013570418930209383,0.0014606027201544691,0.02637222149220264,0.015929627773645372,0.01168051808300885,
2020-06-02,,,,,,-0.004167425132832525,-0.015731639733080782,,-0.003654540154816366,0.04985618408437209,0.03218462867785288,0.01643490732600328,0.07761029344484394,0.07858021390985503,0.02285615627900439,0.02890246203870861,-0.010507535338497798,-0.008018765248203774,0.004625714674972636,-0.014733561620444036,-0.007626440048164929,0.016544844150447213,-0.027842035950591426,0.025361958072718016,-0.007263330393646128,,0.08577626902428981,0.08849087569281688,-0.03177678551327179,-0.006141587374454582,0.017732025149230557,0.03305137764991328,0.014737923799111652,
2020-06-03,,,,,,-0.012270598721520254,-0.00567994577340325,,0.004668219203513901,0.0003653190996004696,-0.0011767927408580237,-0.06218905502143335,0.023316141826710268,-0.019976262679146095,-0.00522979421634906,0.03606515048074832,-0.016129148634533963,-0.006591128946492164,0.008030567730441973,0.01722589852239831,0.005646091971340805,0.006446842623896831,-0.011945225041651186,-0.004361724491692809,-0.0005226396913268205,,0.02800285755639087,0.019548007773896314,0.0033019722854328304,-0.01780463123154752,0.0241372949233567,-0.013603687705417422,-0.007879343569595187,
2020-06-04,,,,,,0.027934302212048623,-0.014048525076661322,,-0.017590283106817983,0.0005477228159260772,-0.0010306869159796284,0.027851464086130262,-0.002531688976869395,0.01918447926500999,0.005257288754671796,-0.037957565813200755,-0.011098621467926395,-0.01890337148757759,-0.0015932685913850886,0.009211635323834955,0.030177841970626007,0.03927342178383664,0.016350330106400968,0.04628516214105982,0.029150303471681127,,-0.040984347690852685,-0.028234773221941678,0.032412305539299746,0.008061068592675413,-0.013111587061123031,0.027625207932091556,-0.002252194645157135,
2020-06-05,,,,,,0.017289906143190148,0.004783283764241197,,0.030067510515381368,0.0374087591240877,0.005748773429407494,0.003870994813980566,0.12436541218875385,0.032941222535840975,0.009033124538640802,-0.03364506506103471,-0.0028828799800946214,0.014418750260088542,0.0023407387444824845,0.006501702088873129,-0.014608920280436477,-0.0012124890273517153,0.016066715121839215,-0.005784492413432263,-0.01028827564797452,,0.033419132549519004,0.01938958284036385,-0.0026080163984112392,0.01634399003584619,0.004995765475342084,0.035125528350276936,0.0012770950094049827,
2020-06-08,,,,,,0.05215643675807424,-0.006704884316293791,,0.0013118614144584928,0.0474934036939314,0.00630219459910375,-0.008997451127716771,0.04243794006247503,-0.028473772623619054,-0.008795097717270162,0.0007591268416278218,0.01579916217982502,0.026918226408621626,-0.006368751867179112,-0.014236372480378345,-0.024274104101356997,-0.010622158239639412,-0.019105222105637032,-0.002271756820846571,-0.021432257670406796,,0.04890497059350607,0.03906304395062654,0.011234785702530559,-0.010017170094699823,-0.0007647587485458684,-0.015806322529011596,-0.004271426212332896,
2020-06-09,,,,,,-0.025291546895785277,0.023287973598469236,,-0.00491311023465435,0.049874075914410065,0.00801055252977001,-0.005188062471480959,-0.03464702504415851,0.0023446209319668565,-0.009190461750374634,0.006117732781026453,-0.0188065999546434,-0.0300097619435149,0.014741925905981113,0.03936876976888248,0.007794022919511923,0.024028571927074305,0.0036261023884234245,0.021215227613055276,0.001049174039253753,,-0.025386393354899783,-0.023920443800746538,-0.029115916321861723,0.019113017557175427,0.031707875598671276,-0.028217077594531403,-0.006881561257998436,
2020-06-10,,,,,,-0.026014146481641465,-0.00916916374851151,,-0.0003292787074390402,0.049904049260798056,0.0014448566953626507,0.01173404846058057,-0.00044858365130362454,0.001169520332712226,-0.003678192095299071,-0.004235610851667904,0.0032118261382398927,-0.004293432552483711,0.015264844209626593,-0.002740083577506436,0.004530789448777162,-0.0031952084218328514,-0.011210841788975023,0.009734504772381136,0.02174768571434571,,-0.0032533106667218537,-0.016532393546274338,-0.01016078282978028,0.0027769349911657137,0.029143775749980172,-0.0007321869078689147,0.023787345088768674,
2020-06-11,,,,,,-0.01457515844287438,-0.011917103445963861,,-0.00032928643759921883,0.011730577217373472,-0.022796143850474238,-0.02448454273407108,-0.047127441545008364,-0.037383039738597024,-0.016051358772793956,-0.008546922095958864,0.0013425206365178521,0.022067108580312356,0.012650390115489296,-0.013349475841188951,-0.012364740630006699,-0.051086673908428804,-0.016014659583513557,-0.010825699857519022,-0.007693287392702697,,-0.039722469762527135,-0.012444961756370332,-9.974135799806216e-05,-0.013808608951054069,-0.011687863184403069,0.007599347500000464,-0.014679105736671194,
2020-06-12,,,,,,-0.005650975587547347,-0.013509346863345373,,0.0032939490287333673,0.01310045554414474,0.01963685825492667,0.003962976524557682,-0.00800755676997833,0.012135987768108647,0.017128945790229277,-0.00015069413331514347,-0.006085016176761715,-0.011043545463244264,0.00870366053791427,-0.012236396771674096,0.01354309471314874,0.013617584966821417,0.016466390136871345,-0.006969448819243884,-0.005556429270590302,,0.04756503164610715,0.024806161650219316,0.0012958405125451655,0.0011155989135105404,0.020682548223425856,-0.0036151885193745903,0.03321527381396838,
2020-06-15,,,,,,-0.0014032007655797596,0.027013193990365503,,-0.02002641773362679,0.02898335367687377,-0.01607298025468107,-0.013157882353605488,-0.045584031714940854,0.016786542222161138,-0.01507632441597917,0.06351866792862326,-0.011414321428564578,0.012045157568653098,0.03207800394734828,0.0010855329075343256,7.797816788523981e-05,0.011872462681152385,-0.025072023155013556,0.035146472694908226,0.0071465979513096745,,-0.04030365030625316,-0.034497156598843226,-0.004778103395396416,0.013755901135325432,-0.025367511011921362,-0.013554090974301047,-0.022793903030829954,
2020-06-16,,,,,,-0.008572029662162417,-0.015828183392848638,,-0.02043556853331774,0.04997838687156064,0.003090517776237478,-0.02399997711181645,-0.05721398456045079,-0.031839735156571236,-0.004722274849056074,0.0022017884560767698,-0.00965671424583836,0.0897595997964784,-0.012589808999374341,-0.0017073844495936186,-0.009088966053689918,-0.0049403062891814065,-0.006295357654717115,-0.01928054955441305,-0.006321578633493807,,0.0057838900355371425,0.004839824388634728,0.011602299150509365,0.03331682943242442,0.026970453370653402,0.016171309859377425,-0.002709602201599437,
2020-06-17,,,,,,-0.01130352511913757,-0.010980842607682062,,0.0064980181823983685,0.049938074802280186,0.001467022301727905,0.005464475534834312,0.006860161642097573,0.004872113875364903,0.02585072265168442,0.006589815663934795,-0.018865920507590728,0.0045506385189681975,0.005279332299632511,-0.005055740784481788,0.003998148067194229,0.0046545319596209556,-0.008727049166636136,0.003456475983806273,0.028563956215286623,,0.013107711483599571,-0.017812934250063472,-0.010480440689385362,-0.02105501880148264,0.01953080841781274,-0.02627369732332574,-0.01940226972008785,
2020-06-18,,,,,,0.010393372959063507,-0.00372368247248267,,0.00475725485002787,0.04992135086025429,0.0073249191777364775,0.021739109308372973,0.00995806355572304,0.04121212783642214,0.002232979697066595,0.04280357387572753,0.004645124058449301,-0.023556209471795375,0.007629976508407577,0.005470340569301291,0.0026548176905778487,-0.0028828017292700236,0.00449965444509659,-0.010334253071601185,-0.005680476062279616,,0.05423624880790401,0.07754692440728639,0.031075132680199236,-0.04398980603143143,0.17621171240737343,0.004465132348550727,0.0027104731561318207,
2020-06-19,,,,,,0.010180308452618636,0.015293321607529053,,0.03280336684592,0.0499188825775132,0.01483428205655768,0.01063828775385156,0.06382980610018496,0.005820753542992607,0.00015912776394078065,0.021627987495293155,0.07150539138362699,0.01032242360613922,0.05123402378213093,-0.00034945882527892547,-0.009111419697342082,0.007950508480300877,-0.002466872170357348,-0.005329752851352287,-0.03199180311508243,,0.0683502472317512,0.08700972450157152,0.009981513091930516,-0.004350493746749229,0.0035720649326778098,0.005232066774381927,0.014626727957858465,
2020-06-22,,,,,,-0.005302121148064276,0.003174718676863142,,0.012769883657357761,0.049922739343169376,0.0020064022496357747,0.005263152941442195,0.0014634094963479338,0.010416609343752103,0.024732119081596782,-0.024818754089037,-0.007426099144919096,0.024566773410383158,0.07614597326477002,0.006803061278667144,0.031043701483011166,0.010448681995524955,0.01930788214995527,0.022745863579324066,0.016524470902947064,,0.0525089083951682,0.04809480686158607,-0.0013433231097597087,0.0011417411147693901,-0.018983278510247725,-0.005395341187351077,-0.004203355347910831,
2020-06-23,,,,,,0.024286923715454156,0.00047138218029463275,,0.01648916120646282,0.04970001700526683,0.017305380342026666,-0.007853395789016004,0.017048212789757322,0.01832763134098192,0.003378696871713993,0.06509088097687332,0.014053290049754974,0.03058818771016414,-0.027642556953126785,0.018845227792219532,0.005869244976639765,0.014699923695002726,0.013110482836790727,0.0028334530410238923,0.023093847561578507,,0.06520436960458764,0.022010239814743926,0.031994709028101864,0.014823613359958632,-0.025310694390042965,0.004041865382366172,0.043222340398919146,
2020-06-24,,,,,,-0.020540214748905772,0.03284308243442702,,-0.015267245392173168,-0.04993527521937802,-0.010684646725210412,-0.003957748452921295,0.0038314538240329377,-0.02699666214032803,0.0046504831100193655,-0.041560104817717325,-0.00418746522568425,-0.02196139637993111,-0.041212263097618496,-0.016111541799247897,-0.043346343853636005,-0.032071274961123164,-0.01625999065624739,-0.017592482407887577,-0.016645667375109308,,-0.030094065191760166,-0.04329362646374357,-0.01824786649747656,0.002053697392243592,-0.013781898682195037,-0.0006567247559783329,0.007380152562328268,
2020-06-25,,,,,,-0.006087490355209613,-0.015280365403587126,,0.04425056741884448,-0.04994891449715533,-0.02231069168532096,-0.026490103450292568,-0.009542000431766784,0.01734113577985541,0.012928977042366618,0.005660886575479029,0.0078093961782532695,0.015229082772965752,0.006060722403207652,-0.008917525239743429,0.005861857728024722,0.00670946718334986,-0.004655576555157137,0.015031476118193776,0.03693256572705206,,0.024161129688029526,-0.0041184332085847375,0.02114738183220033,-0.014770710976642398,-0.007144422012940854,-0.022388554133925265,0.008655698596489847,
2020-06-26,,,,,,-0.021311858173189036,0.0007279024212929475,,0.003093046011614309,-0.04994628702202564,-0.0023254194437052345,0.0,-0.023121380795581348,0.05340895096603737,-0.006618211858292367,-0.020206721177801534,0.0015894873873876225,0.15033408687928462,0.003985013988312636,-0.001996734155822355,0.0,-0.015790018541694817,0.008710826229287205,-0.009088475013068642,-0.006183433236298663,,-0.03388951132577123,-0.012431183954985658,0.006500910951642513,-0.008987391019137925,-0.013396186205406946,-0.004836219664822505,-0.007347414400828534,
2020-06-29,,,,,,-0.019099433056133375,-0.02106062056850111,,-0.014800992103414456,-0.049930766433011975,-0.001602595370913118,-0.013605429378242606,-0.01923077806868667,-0.03236237340519843,-0.009993820064923109,-0.00491156787500846,-0.021821091058863873,-0.0063773510820899215,-0.04458593682285161,-0.0061896490785715574,0.015750450426353035,0.0042712796907704575,-0.014527358709745086,-0.0023200535643107534,-0.01007974394531741,,-0.015687865480526253,-0.009434343677502177,-0.008673305089009875,-0.017939947093666753,-0.0045412650267043775,-0.001503639870430118,-0.011724180572706522,
2020-06-30,,,,,,0.0020651740061474744,-0.01364452901107649,,-0.021909311244238006,-0.04990734840957123,0.0036480752849850084,-0.006896578032394962,-0.012066322601847257,0.0,-0.006409208129596,0.037415259074402796,-0.036605149278327254,-0.05469882197435039,0.0037681128844007095,-0.007272480455722263,-0.0072103286501226105,-0.01877587308457762,-0.01627391959699631,-0.013843717890226537,-0.019233160017770756,,-0.009430052333100458,-0.007648271723640243,0.021965662387298357,0.02153378381418669,0.0009216298137730838,0.011436282647062201,-0.012492255510054284,
2020-07-01,,,,,,0.0032384356701955497,-0.0064714405405117414,,0.008960091377680168,-0.04988154825701985,-0.0002909790196173878,-0.0027777752022684066,0.025445175754106986,0.027870557683492114,-0.005482984231564014,0.019977879656878805,0.007788636953570682,0.09920961789242044,0.016877427769961262,-0.00849193581042651,-0.02053905327932737,-0.010149203295369835,-0.01652094290593531,-0.009212541799783258,-0.004229590394899785,,0.04341250068641744,0.05546457540701932,0.0011839644104068014,0.0,0.010036344413355769,-0.011997413140764412,-0.01745530143600782,
2020-07-02,,,,,,0.03616890949942042,0.0006548195444175953,,0.003488793471052576,0.04986068159949886,0.008726059026587185,-0.002785512730456685,0.007940522094492808,0.08026046588711488,0.003080906954125995,0.014308829201687079,0.005430848550389333,-0.015488094626056714,-0.003604258938525229,0.0023265658293665226,0.030457942774988034,0.010360069193210641,-0.01989972708887955,-0.009298271711506323,0.009010094343658182,,0.003503549216961721,0.0031528462625280973,-0.003092660998535668,0.01776446022777889,0.010939279305398397,0.002686309249968488,0.01682261816333086,
2020-07-03,,,,,,-0.005133216034858834,0.049974096583534244,,0.011378006439921373,0.04986722999638693,0.03921567383205571,0.0027932934850189994,0.018709903757162527,0.0020079936203794,-0.0025865405282359255,0.004263292554206766,-0.00498597300062209,0.04167053265826515,0.009042537704158748,0.00022951340248322794,-0.011451674064886785,0.008139469032716784,-0.002822446850830329,0.005642533123261906,0.009312445207840137,,-0.011048323197663579,-0.00636643184668928,0.04416452911393742,-0.00760233745565142,0.03372568236412876,-0.0023306894603571937,0.006606323210384124,
2020-07-06,,,,,,-0.0030957311768659013,0.04999022988988999,,0.026249977056221452,0.04989356202515238,-0.0026359563532802888,0.0,0.05364914714264968,0.009017904549373457,0.004538316749532534,-0.002682509557207058,0.07746106214824033,0.05034152330550645,0.032166783091142515,-0.007509888674766874,-0.0065748815934066895,0.0070253398902813124,-0.013399011450200171,-0.027220689524161235,0.015798740558239155,,0.060481156262869096,0.022050898273584307,0.021934751698077903,0.006057990033025096,-0.010468043494951007,0.014344081853607582,-0.00028774976577627953,
2020-07-07,,,,,,-0.002391754847327787,0.04998437892820862,,0.024055942205896796,0.04866306628073214,-0.03755726675688653,0.001392789571159403,0.00045873775719562637,0.009930542050091917,0.005808104306535666,-0.014378136965828459,0.01869986981168026,-0.02105436980501696,0.0034729464146747713,-0.017600207694552172,0.0030727949752866746,-0.0019784769810381464,0.010827635818857706,-0.005767879233033457,-0.004105994842995675,,0.07821335981632926,0.04846465851598203,-0.003591614521238351,-0.010372652774396696,-0.027372400310628042,0.016659471016734928,0.005297699487155638,
2020-07-08,,,,,,-0.0052239774686007046,0.049985086247795296,,-0.030627457490670307,-0.04990935080721304,-0.01546463421948463,-0.0069541293931773,-0.033929390481888255,0.026548851610307178,0.0025667300455693987,0.03482921158473551,-0.022446262149155016,-0.01320167498944913,0.010109291902968165,0.01652935379669218,-0.0033775544192515827,0.00678149922955229,-0.009613102521172645,-0.005858670606366689,0.00387303071702072,,-0.04293014350509328,-0.027953245429006568,-0.0011156821685398555,0.011541186924560742,-0.01640531429909109,-0.017847272394969194,-0.03070306281951729,
2020-07-09,,,,,,-0.003632794082410351,0.04998587405363297,,-0.0015336205700905436,-0.049605697525390124,0.007486640394352317,-0.004201643351844697,0.015187466488098655,0.005747015875884998,-0.017280076890654583,0.022040902797340278,0.033858758130411504,0.04970330385598021,0.03128659407235501,0.002547124244945076,0.0073297671029479705,-0.0011398300264005012,0.00593950285324607,0.0019066096627899931,0.01045431563286936,,0.03801372902776712,0.025572222993130778,0.005584854499030678,-0.01342740200925352,0.0026722472280229503,0.000344915527271894,-0.003989109283523362,
2020-07-10,,,,,,0.011479662264496149,-0.038241520756095326,,-0.01874054464889985,-0.006825530698306048,-0.02389621692933852,-0.02109705943047402,0.006077536759224733,-0.041904663013412,-0.024421957154535878,0.0015351657383102513,-0.012798939632959416,-0.005064291486678418,0.045462470204240324,0.002271173679958549,-0.00023470763727939659,0.024795109852035813,0.012291333491611267,-0.006862433915564736,0.02056890289717206,,-0.0047598665699294385,-0.013000035292528023,0.012474345787806262,-0.008653967968956566,-0.0034921577274008575,0.001012715071746495,-0.038447673436063146,
2020-07-13,,,,,,-0.002569503884539026,-0.04147374633612655,,-0.02285518733016645,-0.016978811481551337,-0.008210247820446437,-0.0028735604621976663,0.0037175797208381933,-0.01292258338890051,-0.004172311014981944,0.038153602904921424,0.050905733709175616,0.06294555791868839,0.043485511436253566,0.004922169328597903,-0.0008608958871393346,0.011743270930013594,0.014547524155148261,0.01010350124681847,0.0013276349651218933,,-0.02400302391419029,-0.003446954358493848,0.013164377915238612,0.010911865961178657,0.02439351564140635,-0.03820984279748352,0.008669508982072305,
2020-07-14,,,,,,-0.025190645219251517,-0.014432485519583649,,-0.04037173871449362,-0.04564768717336365,-0.03552068692312094,0.028818416083016496,-0.02638886781395644,0.001039514941458819,0.024467863814914947,-0.016357979156027214,-0.004354357956925736,0.0077412273904580164,-0.012902660376428732,0.021438452183565992,-0.009477617274048389,-0.015209129394991638,-0.007605683188979806,0.003679032286844963,0.054839134214678564,,-0.013494595294575196,-0.033738700899402674,-0.003081743788200475,-0.010519355410896991,-0.025838269564071425,-0.03540806877706959,0.010797463733133839,
2020-07-15,,,,,,-0.007488098189170844,-0.010633924585341736,,-0.01335565489490298,0.018529105361563936,-0.01638582130697419,-0.028011178292021377,-0.01854501778304052,-0.0207683795738951,-0.03108122681263692,0.016512041245923204,-0.027787774637236584,-0.027639020712482254,0.013883102270583647,0.013381196038431575,0.009330988526776496,0.00609632348120881,0.003223305104073315,-0.01815572993882897,-0.029250493228651364,,-0.013068397221398631,-0.012012573403148985,-0.006099079494615189,-0.006188222770386331,-0.004389817184824674,-0.003944589931914599,0.04142704429150568,
2020-07-16,,,,,,0.009061038120454112,0.025339266187267784,,0.007783545284011151,-0.01762797973539787,-0.012533570460508625,0.0,-0.0024224471472577003,-0.009544051261830555,0.0077662919321572765,-0.0028684597401219536,-0.026520450761840064,-0.05750118845373475,0.002242203894331718,0.02866383888924484,0.056878875302438514,0.009291054729408055,-0.009347048007164238,0.026133000984709387,0.0038842393195936964,,0.017639196534978696,0.015636023357294748,0.008490257905179988,-0.002355164041573654,0.050450048142113735,-0.06490089803161025,-0.016300934430100056,
2020-07-17,,,,,,0.0049478081411469255,-0.0075251138712637555,,0.018133032826501916,-0.002871088243030284,0.005783935743296498,0.02305473286641302,0.033511447053013566,0.05567441114192251,0.0048583944398155055,0.0032179101113747333,0.01906040929538566,0.030763777922515834,0.025087981910459023,-0.008043981674605627,0.021645616641204013,0.007804555960764015,0.0267181089151165,0.020294574833384482,0.012076363464180506,,0.03011109108559129,0.015435140470938968,0.024422748145181306,0.03088756706025597,0.06300534323576845,-0.008619639972718196,0.0370118318653716,
2020-07-20,,,,,,0.004011553125475409,0.0010325286128731737,,0.06002622895508747,0.007630361379805883,0.013737978415134577,-0.0042253145597392905,-0.01268792515995043,-0.005070901035758024,0.021340464139050663,0.05595702414011883,-0.010768902677638859,-0.01643186315024925,0.01644573260714921,-0.006470441341826949,-0.021404763281917205,-0.03931699720173054,0.015618189225877988,-0.03694019808640403,-0.008341078511680089,,0.042467963614445825,0.04064234947854928,0.0031733949537493533,0.025692846243993372,0.022278688739217012,0.014700339238597815,-0.0019939516769863497,
2020-07-21,,,,,,0.009989845310303558,0.04998533033548114,,0.041070462297433386,-0.007429649986631426,-0.008194038022650951,-0.0028288515475118903,0.03236547385081878,-0.004077526432317402,-0.015507741314084389,0.04232018303039742,0.020626416085054222,-0.012785540447544874,-0.0035273493872425288,-0.014307899111910993,-0.017868986139580656,-0.013538525547086788,-0.007177924051519846,-0.014521181002033368,-0.003971885135355069,,-0.04330945880376291,-0.03561848313073257,0.017843991884726185,0.009724463615352619,0.0011383083986000742,0.010797448651869823,-0.004138398359421314,
2020-07-22,,,,,,-0.012408234800705187,-0.01080673103346197,,0.012552198351266197,-0.03267599223859852,-0.008579613141694087,-0.0056737533008290875,-0.030428733853800627,0.024564999208679383,0.007461574357454204,0.035925258912503866,9.352891449299072e-05,0.02175781700889834,0.04093892164839574,0.006954002693438488,-0.000906064287318209,-0.00618145119399216,-0.008982245258050248,-0.001115461032163645,0.010321380478673037,,-0.011982060169852704,-0.005787591196744435,-0.028368615710870126,-0.029904526295942646,0.06859440565830344,0.03390824652890978,-0.025679387977678658,
2020-07-23,,,,,,-0.0010563811046462313,8.512465306065309e-05,,0.003246802205022714,-0.046726226806640625,0.006089734611469666,0.0028530642330242273,0.008559170794967041,-0.0009989350563687216,0.011356200814263362,0.036875630452240626,0.031153600892403155,-0.0151257541313925,0.061950065884492034,0.016840669132777375,0.014734934081263695,0.0035845028594700956,0.0599976698507958,0.014399049323535085,-0.0009287866972206293,,0.01377194865110054,0.005348760379004558,0.02140572036945576,-0.008691604202659686,-0.007410973056768633,-0.004573413433056839,0.0262089445324738,
2020-07-24,,,,,,-0.009952395874616382,-0.02817498753545189,,-0.007060842752425467,0.049953170807929714,-0.014335865412985815,-0.004267455037411327,-0.021687904482230902,-0.02199997585736535,-0.018551834073691542,0.005046914938880986,0.07575745285114843,0.0024022862357211405,0.015315306138151463,-0.015508490686098497,-0.00804241598445632,0.020168072683413696,-0.02016718734466394,-0.010660488385602629,-0.03520799166696453,,-0.013933546885574688,-0.017402280885942645,-0.0004818620535026463,0.011261958351219903,-0.002182558363799769,-0.032827895368075954,-0.010605544246199083,
2020-07-27,,,,,,-0.00957417518799597,-0.027794865142085734,,-0.016592758622033688,0.0175439328820155,-0.001131123902470943,0.007142884390694659,-0.019759017023619596,0.012269939646662786,-0.010777600471010507,-0.04108379811092655,0.032554734587651346,-0.016519781193793937,-0.006650914155145071,-0.012358721726918431,-0.019743173207052656,-0.020799083349090863,0.005448800432501288,-0.009838364812174372,-0.03745625814799203,,-0.024816591389682396,-0.015485844178650177,0.017753956046177022,0.0069360167164862485,0.04581737567653921,-0.0026090621071316322,-0.022829385234723887,
2020-07-28,,,,,,0.0005203696092868082,0.019850494198003332,,0.04579705042101612,-0.012127481782647442,0.030901060352841903,0.007092157807799149,0.046705961237977656,-0.007070721007701453,0.0045257210275506665,-0.03819705416487107,0.006616058067221209,-0.02645784546370078,0.04907510926180114,0.008877636164586367,0.014856667011211355,0.014931655948852374,-0.00861582927796356,-0.004968097307540553,-0.0015016081881157328,,0.0215852202746023,0.027473706251033736,0.011129435436850299,0.010064605512940306,-0.02073100603093525,0.012487008075944495,0.005514577026732637,
2020-07-29,,,,,,0.005351417918483925,-0.003857472129121353,,0.03197930446043973,0.001035367892780359,-0.01082860502633809,0.004225381719903387,-0.006575810019670447,0.012207367546224646,0.04254951232663151,0.022752257007432775,-0.00210984557993954,0.03826221130496732,0.005131967963147632,0.061917576981881384,0.028146813522268,0.02154994502503782,0.03506217367526787,0.02151688234075544,-0.008020079985233353,,0.013782464060463573,-0.00223894624571197,-0.004293541343899587,-0.013487687329390985,0.010304019911617113,-0.0008286785867215318,-0.007106001691108754,
2020-07-30,,,,,,-0.008907919840752343,-0.0053800209236066765,,-0.022613093436986476,0.009013056635810202,-0.008408650938835693,-0.004207602991139869,-0.019858159466199066,-0.03517579516941316,-0.007522312169301659,-0.027507749891721667,0.003415262749957515,-0.02206516991819596,0.034561688397707124,0.049835106391934,0.006899083681584983,0.03438121935729299,0.05722775117003742,0.036192284341138636,0.019328073148052738,,-0.020080736915017328,-0.023859934491337387,-0.004155225052422495,0.01497805028225807,-0.034008540223364414,-0.004634824718890429,0.05143441540591054,
2020-07-31,,,,,,-0.0036175625324469385,0.0036852920910521725,,0.0011424048644741447,-0.0023430027293769307,0.008640013939433144,-0.0028168987598808926,0.009647869329570735,0.014583446046949389,-0.014029877281066527,0.08260238756484961,0.04238250866155191,0.005552613489703262,0.18095533768215555,0.0009852153549683162,0.04985783396777399,0.042651259167222344,0.021152521276576852,0.04059976725995318,0.015243538085310426,,0.010254007543896826,0.004581202316069843,-0.012596528877994007,-0.013470524824720331,-0.02192174251222989,0.011395941847094582,-0.028159210304076088,
2020-08-03,,,,,,0.002882083673396929,0.04998372956062758,,-0.01711835185666355,-0.0024952476698822945,-0.012214407119708115,-0.007062106558827885,0.08026757143565377,0.0010266261538944832,-0.025024734134819204,0.043845137315686955,0.005752777315193525,0.08519603671535836,0.07865003701421558,0.0014155584093029638,-0.01353881583294847,-0.023133174019708047,0.009630861695920423,0.007712733087902102,0.00561518174866471,,-0.023621301802363326,-0.016556853117564274,-0.03843067655382859,0.011774964704188706,0.006751383472554995,0.014393347003646806,0.010578718665747555,
2020-08-04,,,,,,7.454002787699032e-05,0.00039486350400053105,,0.05718438016762306,0.010005958022970995,0.011562500662640085,0.022759579322469303,-0.01415309389860242,0.01948727689647556,-0.004529407488090276,-0.000583555569850569,-0.025508191780335365,-0.012034620738958335,0.0033278432438070826,0.023721917179529317,0.004856359892268847,0.01838648050898306,0.01847273029367913,0.014175637216127468,0.004612723845950795,,0.01924714336634481,0.009642621421064757,0.018490805313535974,0.023275953148728767,0.002807215185980372,0.03437412448670574,0.038966933467132536,
2020-08-05,,,,,,-0.002127062877139152,0.011276181535579743,,-0.013728720621631552,-0.0007284382025289915,0.03857746351919644,-0.019471469453606338,0.035441941310038416,-0.015090583609413732,0.0008427508915960225,-0.012029554277892984,0.016816157963515543,-0.014551890815631685,0.018366312064389545,-0.007314065972474193,0.011627198896435154,-0.0001891147221519951,-0.008474233809229514,-0.013605448069118564,-0.013533027627715022,,0.008205484117304263,0.012990959439834082,-0.01489877400308981,0.0007781746576049908,-0.021850543513218024,-0.0007621571335945099,0.03044728058320012,
2020-08-06,,,,,,-0.0017953586592638349,0.006745972837629344,,0.03535624389730829,-0.00393645153947586,-0.010088567990789388,-0.0014184721434444825,0.012131762778325506,0.00919309531836543,-0.0026941131626734283,-0.01840382242863281,0.003588573988171362,0.03326689513758452,0.004569497944736156,-0.003890584506232031,0.012393239416252255,0.006429168649794148,0.02635188782772646,0.008890027576627269,-0.0018373141681105043,,0.02545870449090759,0.008594946755783095,0.0031404628874314167,0.0186939628664764,-0.05199159224270966,-0.005962653463170042,0.008891192991773433,
2020-08-07,,,,,,-0.002397564500700944,0.020185542484077557,,0.037375598313022396,0.0844555198713115,0.008801813510490142,0.04119317662278732,0.01969166621837104,0.006072874656641858,0.015870243925407035,0.00820911173465233,-0.04982516073465404,-0.015415525307449385,-0.01021044095385637,-0.002083756211586185,-0.003350890238128068,-0.011836546557881578,0.01709244345399563,-0.0602403064398197,-0.019634268331999327,,0.03560323999905379,0.027232760465158323,8.250326337155833e-05,-0.014244773492914753,0.020545150109334775,-0.005649785500688953,-0.002981931137112648,
2020-08-10,,,,,,-0.005708464492658938,0.09998913281342015,,0.014515361668857807,0.008233196632381867,0.014235190207884552,0.027285168920052838,0.03988248777680492,0.03521117533146034,0.0009972638891246888,0.03349361153538011,-0.036731196008408906,0.06768320902196723,0.09998040977215972,0.025669638630391622,0.09188224582067628,0.0340336638058687,0.11955751878880427,0.08876523278480075,0.032544667312586206,,-0.006162776842261408,-0.009950251579787128,0.0031303729901699384,0.019316665141314138,-0.036400990525928933,-0.010241256707759439,0.00448639794376926,
2020-08-11,,,,,,0.036487303082669564,0.07310996094566247,,0.0007665121944375741,-0.03440430014328144,0.011168285421037982,0.0,-0.012515053784749153,0.008746395286870046,-0.013614535329989796,-0.0036719071737488784,-0.01970267601290654,0.011914781588930001,-0.06533631008989427,-0.020251869119790045,-0.02212161576219085,-0.005148598364098977,0.004378074126885512,-0.00046975713510311046,-0.011880324931887287,,0.004196973820989047,0.00586454312683915,-0.00016427447475930723,-0.024339092801458184,0.0012791180202493813,0.007299764314611323,0.001408967335854383,
2020-08-12,,,,,,0.010750278433466764,-0.027844877715319627,,0.00944601911071774,0.005129644072714434,0.018507415231670654,-0.009296171276356291,0.02493854383320726,0.0202311771661019,-0.0038712708770061166,0.008537131866084513,0.03751185117856637,-0.0168314949006676,-0.021922009509518725,-0.016917260775290877,-0.02043719058654958,-0.016449324683371125,-0.004614332851474723,-0.018067930563987922,-0.02686781471168531,,-0.01132353993330859,-0.012910679839056693,0.0,0.021462034980076927,-0.023207399984242816,0.017472267573413136,-0.010167722785095257,
2020-08-13,,,,,,-0.0019468477632728076,0.016272481271171202,,0.01542730284210414,-0.0009655340786638433,0.018903904331400323,0.009383400979011913,0.0462704483953007,0.059490129173775275,0.0003379453190093251,0.0020096521093782016,0.0050100682484151005,0.032473626526470234,0.0019931223881139992,-0.003519141750129129,-0.002427340065828232,-0.02132875943630952,0.0027269152477777947,-0.010316953676513974,-0.00844677670189542,,0.00040958755699604943,-0.0011325739923483402,-0.014784383339139229,-0.009943086786094346,0.027202723030134823,0.017471946956249873,0.015528998387830173,
2020-08-14,,,,,,-0.011198830092246648,-0.021062157762131384,,-0.022664989697489535,-0.012563821260947794,0.0012944224085371658,-0.01328026277336214,-0.04994279896468434,-0.020499169169727494,-0.003378532671589718,-0.020129594237410897,-0.02675306200733807,0.06639883050051831,-0.019893994675789006,0.003809120779772579,0.015192182538571242,0.020257428872738403,-0.011422106859931613,0.09425045011775102,0.00470432905044893,,-0.02589457648047777,-0.01626773387414293,-0.020008321818591135,-0.039878243226889154,0.0295377215814967,-0.013184765696468315,-0.012439215388724723,
2020-08-17,,,,,,0.010923543049427442,-0.005230278823414314,,0.008155060358984834,0.02698544108439127,0.026860081094398636,-0.0026917875354763865,-0.008426937051389194,0.020018249189232007,-0.009830426365728173,-0.01559305329752958,0.03500087033087618,0.15004888280507878,0.034011753166396375,-5.525773517700561e-05,-0.00019425572838882577,-0.0056462401278353225,0.012864863341423671,-0.014289984113689425,-0.009744281660020393,,0.01612098454257871,0.0035858169418760966,0.0022968984543143556,-0.011261857822687515,0.01174827878964968,0.005394857667584851,0.009413516434887859,
2020-08-18,,,,,,-0.004264187290762167,0.00561624679074213,,0.08038426769752571,0.017154493650016978,0.0,-0.006747599855237096,0.016592456528449206,-0.00713643864125002,0.013694006531499658,0.00855325964915421,-0.0032167191554058894,-0.027222034919522464,0.010389579027292317,0.0002765130010238259,-0.008812268244883681,-0.004447506974480153,0.0068061146382893956,-0.021870133357899113,0.009201301558365182,,0.010369781985513526,0.011796077705853225,0.014428831195771652,0.031737451140144035,0.009045046642313093,0.0318300952948396,0.015101275838979467,
2020-08-19,,,,,,-0.011505194954744002,0.004420399910966877,,0.12096384910917579,-0.0068263629401642545,-0.0022380950747572514,0.019021720644826434,-0.0035827900670779567,0.018867960878248713,0.05048952944461638,0.013022599350127173,0.017707844608453982,0.04830172190780524,0.007581970251488768,-0.006890989456885044,-0.008498407309805112,0.000761986676587334,0.002777017833029971,-0.0007639235506891051,0.0037987905082002005,,-0.0029095473216614876,-0.006936746645763603,0.009789102045019149,-0.01904808813053993,0.01401117516667627,0.003164551832921303,0.013649955050983875,
2020-08-20,,,,,,-0.010831194918113685,-0.003998680633238272,,-0.023168477170866675,0.011859821823408057,-0.008551728636545186,0.02533334096272788,-0.027566947440959,0.08289232284943782,0.02009331179854623,0.007000661925611329,0.038295728416676056,-0.026397230028917362,0.009594045313641608,-0.0029514156700649608,0.005736170100405502,-0.00590030400602326,0.009399909239728554,0.001325172025387289,-0.005550655810882432,,-0.004735975120073621,-0.001524103935847454,-0.013919970260467318,-0.00938455074476885,-0.05288106366708811,0.00851486978556859,0.013285974096025388,
2020-08-21,,,,,,-0.0038973943433238123,0.09998811050560086,,-0.0027777009716724033,0.003063382832130479,0.0021210093821057985,0.018205444140945604,-0.006573476155816493,0.008957644716955704,-0.006145637179423402,0.004707005151332044,0.017384506682593726,0.054958478470561234,0.0628871800899975,0.0030719504232707973,-0.002556783839437915,0.01924166035265551,0.018201529566427732,-0.0008653463073164946,-0.0002536503595218509,,-0.0013261078843750385,-0.0011209449512444847,0.0051255273590395944,-0.005314584348798612,-0.006096256077476547,-0.011570913995295973,0.005259935695187012,
2020-08-24,,,,,,-0.002757668226534782,0.09999133322942,,0.06578101700412486,0.09998678962848051,-0.015098128162503666,-0.019157100489016865,0.0024813165695478645,-0.016949186220617807,0.027747076747547172,0.005582542116082667,0.1604063979082342,0.06980786650740423,0.04273131537298913,-0.0038310188091533748,-0.011830302610291499,0.0020663057729315426,-0.0022018807673426233,-0.011514155779844826,-0.004694778382192011,,0.030316146934021182,0.018790496066252826,0.0010868725072645802,-0.012621328720076486,0.02542306554102236,-0.004049614968901771,0.0736836683744424,
2020-08-25,,,,,,0.002727625154705038,0.09999219295468986,,0.23663041276846397,0.02535007168167769,-0.00830940564292637,0.06640621919844536,0.0486799131404263,-0.01477832705031823,0.030083267593810303,0.0115767729674765,-0.012536462407992444,-0.010063943763935601,-0.028580958947652002,-0.010027838011165024,-0.00532098140728976,-0.015652771170718727,0.0017592554905951907,0.0021131807842185157,-0.012238737362113561,,0.043197998304739915,0.015959924139992143,0.00175366765348417,-0.007685507711858608,-0.011427129460441554,0.04037232882029951,-0.007980990302037916,
2020-08-26,,,,,,0.0205331409558438,0.049993768699348795,,-0.07153307077481819,0.0069460362718687385,0.023547924040806523,-0.019536001905951395,0.08497240935712114,0.04416672766299956,0.0019469927354953676,0.015216719798676559,-0.0025525537799666598,0.06230892095608387,-0.005062288142385851,0.0015923472876147038,0.00033431387437321547,9.516135418463634e-05,-0.015126877930222493,0.006789005022922234,0.012777524632825221,,0.0007274374864290056,0.009503906182017019,-0.01292098960840915,-0.0008689988275730753,0.0068020350656825546,0.029451422672026828,-0.014144243114918686,
2020-08-27,,,,,,-0.0013146783555685326,-0.04999325612810457,,0.004027434938654206,0.011925654568698763,-0.010444484754726369,-0.017434604127165243,0.04604794576175264,-0.016759809466174946,-0.01569509951730952,0.03250009824386879,0.0262643959562745,-0.024284880737748482,0.03600761142005471,0.0005073804504784896,0.01096267754118374,0.013520009702475022,0.022413042732044364,0.004546697587258786,-0.0025486902614134666,,-0.003579679269693492,-0.0051260971630618934,0.006756181076705836,0.009808108375921831,-0.008206538439892053,-0.012136425382682114,0.04376390509650596,
2020-08-28,,,,,,-0.0007312869853679516,-0.04999374216815422,,0.005406312667910251,0.06828420056145301,0.027100321798440907,-0.005069703742700327,-0.010051939579816316,-0.006493528678306659,-0.004100295999934778,-0.03496559707456193,-0.018570714160514812,-0.06839281472086389,-0.023170707322450634,-0.01413131118126687,-0.010050329157769933,0.04415211847442957,0.0013462502929015852,-0.007221401242178738,0.0005109302522701142,,0.010543650322962339,0.0022660250883221877,-0.01124066977000282,0.005678745455717449,0.010029594327410907,-0.0258101908108338,6.917416989571379e-05,
2020-08-31,,,,,,-0.016282089054512117,-0.046314950515343734,,-0.030182258636757275,-0.020657555797396032,-0.011942836930422751,-0.05095542678049936,0.002800929096104632,-0.040032630864416885,-0.04696541327203818,-0.026229912291029,-0.08605240206868969,-0.10386598932236757,-0.025998101250242156,-0.025055398850122867,-0.04682071716384928,-0.06387753586869516,-0.04584685361126384,-0.049738715484814566,-0.03933090821824903,,-0.04985294061482748,-0.054265849419938283,-0.024688160727662112,-0.021185417511678573,-0.05105698048257157,-0.02938255808102974,-0.032793681799643815,
2020-09-01,,,,,,0.005393028991953486,0.047616257936399675,,0.005544699295706668,0.09254554146103677,-0.019536205019113906,0.041610795644742016,0.004190038367374305,0.012765992247727231,-0.007680057450122901,0.02473771008978809,0.02714166588159883,0.059562975138221175,-0.00917669495576412,0.02045870687060458,0.03223325343215122,0.002306584293509273,0.03468030224694507,0.024095808266689334,0.07762872520671138,,0.044741812491095656,0.027341068760103004,0.007828642059693358,0.0021884593427841104,0.010769420220090309,-0.004286464117157163,0.024749715393156624,
2020-09-02,,,,,,0.00610439541489316,0.011575105112903827,,0.04251148005199834,0.0999696397445049,0.03182339679523549,0.009020578963862436,0.045201799166655565,0.02436967112402666,0.004514583572151398,0.0026641247278469393,0.041951551983742785,0.020864463711942394,0.03321755127532411,0.00018380209984480977,0.0023080746220105475,-0.013328211854219285,0.030825346456729186,0.012738137707007269,0.014555292841019973,,0.006805828686719195,0.0008570455686607303,0.0026758178338648353,0.002064277726298469,-0.010093933192533044,-0.010327509580580485,0.047396327705538255,
2020-09-03,,,,,,0.006582141448584711,0.04998219300912665,,-0.006142247217542862,0.049990835191160876,0.016949183633946818,-0.01277138002643008,0.010312687838833323,-0.004101712355295217,0.004333940838828321,0.012269597102570362,0.007382547999803979,0.046189692046936015,0.02529742896429732,0.018471176336485984,0.0004739764036658656,0.017395440141829255,-0.014471304335210156,-0.0003119181467358123,0.03428575455129268,,-0.013342671165062603,-0.001492538747862815,0.0023241835431802027,0.020759898549985056,-0.0104585778170464,0.02702335075903206,0.017682951130720825,
2020-09-04,,,,,,-0.002557086818927412,-0.03232097727320249,,-0.0209441593419879,-0.04997372379310272,-0.03551920524306218,-0.027166887144735474,-0.026671216756113614,-0.029653974059698718,-0.030525889131298167,0.01985307462090602,-0.005971219772300862,-0.03265239152331001,-0.005968727893888137,-0.024959695049852404,-0.018954792902576068,-0.02101438242971465,-0.0180808304323804,-0.01736505901244334,-0.01034443295836096,,-0.006326475756657457,-0.012327759789634962,-0.012968004471329286,0.0015135968298916058,-0.011009262430239142,-0.011828455199700438,-0.01927477976654801,
2020-09-07,,,,,,0.03636807236438777,0.036720392604267627,,0.00035049308272339097,0.019069508219138553,-0.0026913035067901436,-0.01063828775385156,0.010825437650237912,-0.025466894183640565,-0.021101129214697534,0.03885170958507023,-0.020957167105997487,-0.0430442155931694,0.014292304392913957,0.022521626590010335,-0.010833535345479262,0.0015611076935424517,-0.007461630080027648,-0.020846497392836283,0.002494462141716225,,-0.02548096478445283,-0.0021588503802570935,0.029931193711727477,-0.0055030410456397005,-0.02515814113013004,0.004419352589515091,-0.005609011468246994,
2020-09-08,,,,,,-0.025020121678219986,-0.021053685283099366,,-0.026467809636651962,0.02043039111718281,-0.018321030875672606,-0.0013441167748554639,-0.04752333329902236,-0.03832762013760371,-0.02559789047408112,0.07674798262157667,0.03472322875912748,-0.0016883961099185552,0.0017926856375203304,-0.01607523173968517,-0.011928928063866584,-0.02211395572412933,-0.027038696098008574,-0.0062142765640305075,-0.014692109730151337,,-0.001469209658529147,-0.004693570192650376,-0.016896264364536506,-0.014846795545299218,-0.009363617497186394,-0.006544532292656946,0.01792911262863628,
2020-09-09,,,,,,-0.022146823980474295,-0.019590881789887993,,0.019265173353732123,0.04544642499889151,-0.005063673660900991,-0.0013458616790996691,-0.015460276970476028,0.008152282988842297,-0.006740444898328146,-0.032577766569100275,-0.015161744182563108,-0.023917252366148833,0.007365796624952958,0.018545379286053265,0.027322835617931363,0.014744053971702975,0.014296678765328474,0.023435419295515514,0.029100598535305666,,-0.022042888384862347,-0.03327603591623729,0.006616986107620182,-0.036469978229618505,0.008345529323252387,-0.010638362612602315,-0.021109550453269343,
2020-09-10,,,,,,0.016272555494161844,0.049992619255282866,,0.05387761974971972,-0.017456127457090465,-0.00654372881455112,0.014824815685088977,0.02284082085745265,-0.0035939380836278456,0.005046068815310667,0.01478719048252275,0.02853225416839189,0.01738748326188233,0.021398775013506288,-0.011130082141837638,-0.0010307877622368622,-0.002650832046920848,-0.00017426633156936155,0.02273932093222708,0.0064266878980387965,,0.022159908937815942,0.016999144247094256,0.027146842775113145,0.029024167251229027,0.0055331110664218475,0.0067710663421709505,0.01763356268914107,
2020-09-11,,,,,,-0.00021865403629361957,0.02104995046251057,,-0.0077102790080493255,0.04984911498760236,0.0026347877200798564,-0.00664013138668107,0.006978378484433279,0.022542916809112912,0.014716061282013193,-0.02006531732368677,-0.02454756251325363,0.022260070137969157,0.017391390851021704,0.0048971306350380495,-0.0011695187527109852,-0.0047248135364057475,-0.00313630416991717,0.005350652047017235,0.005689121538872577,,0.013062049230631034,-0.00013862799800512526,0.005319310022449564,0.0358253098939334,0.026375401239066898,0.0007150475505530718,0.027460242449357075,
2020-09-14,,,,,,-0.0019699307428749924,0.04998357080886917,,-0.009628531972360799,0.04970015408957096,0.026715376707299177,-0.004010723226183344,0.02945244276763259,0.007054486968717022,0.03668327850351161,0.06308437864820315,0.08518037896507624,0.04289625596034097,0.057523210713517736,-0.008519718649454444,-0.005992181916944839,-0.01928600595158192,0.005768047774776575,0.0003617257375247984,-0.007157711015879364,,-0.02925753107120077,-0.00265156566547875,-0.008845999443013675,0.005507611754051567,-0.004474938024975783,-0.034228746351273376,0.008615131245203633,
2020-09-15,,,,,,0.001425465372858481,-0.009858118692624651,,-0.015691568793723465,0.04992950721540801,0.0028436947719929773,-0.0026845612669198493,-0.0010098098050367321,0.011383620896181945,0.0075707287136150825,0.018553642818930793,0.07755163549704291,-0.0031946560981156447,0.007443115106822384,0.01793041906895554,0.028894202850061834,0.021379653409597354,0.006366796844308187,0.03393591817593489,0.02337203460114723,,0.021129342408366947,0.0005561633953410361,-0.008757995693727816,-0.0006511076260604653,0.006765021354947942,-0.012276344119644844,0.006816256032945667,
2020-09-16,,,,,,-0.0017520724609829674,-0.0026792720923861646,,0.02963096468038806,0.007081097326236074,0.002552139311075674,0.0,0.020552507816482546,-0.016450229606686517,-0.014374318494527971,-0.0018940145411162623,-5.83738902714126e-05,-0.01579588762358708,0.004178967428403846,0.04176845653070371,0.013670802974468321,0.023894107263277897,0.01865034510574426,0.02777646254505295,-0.0031814729309637135,,0.0023054904279140587,0.004970979446796475,0.007404824868831428,0.009045726979483693,0.011847170829329956,-9.360353019027823e-05,0.008187572935632215,
2020-09-17,,,,,,0.002413457957402887,0.006981461313295245,,-0.011443933621663516,-0.013026405080278969,-0.021071976200359166,-0.004037649214576056,-0.025090670356011646,-0.0008802934441977106,-0.010109451794959368,-0.0243836584902275,-0.011490260153430909,0.009071435812586737,0.04169142418184513,0.0430757409225051,-0.0014615017060536362,-0.012536132003907019,-0.01023328005972679,0.00821455801786386,0.008093096863521776,,-0.014070688473504567,-0.022608419037036365,-0.011276225812312357,-0.026437886067261496,-0.01620845629024792,0.0014513905883184464,0.010513172935957105,
2020-09-18,,,,,,0.02527879703866076,-0.00034576839789424163,,-0.007320447945043718,-0.0017248210184664936,0.03394977032696511,0.010810800361494177,0.001693169920448101,-0.009691689507966506,-0.027959092659232576,-0.03511863085557465,0.007611539017829072,0.029562464094742502,0.06549200185601989,0.10484234511936674,0.07285428594725207,0.022167944956526187,0.0414961565266625,0.047054350183943106,0.026684703541870025,,0.0008209519058035575,-0.019735277057236322,-0.011404933946664197,0.011275919763878761,-0.018562971175635434,0.004674972427820778,-0.01949941997713711,
2020-09-21,,,,,,-0.005692281521256226,-0.027478488582076355,,-0.0495626556013985,-0.02080825735269165,-0.027944695884380644,-0.010695176938778084,-0.0706557962102401,-0.05693941830048832,-0.012400832577879384,-0.053151121836749304,-0.048076432937605995,-0.0643679559333078,-0.04596589214125035,-0.03587800719385892,-0.04731787215447347,-0.037641972888962205,-0.05549580334811033,-0.04176262452971602,-0.05429507958056079,,-0.04162816988237539,-0.029923083156208508,-0.009827398815009825,-0.015394253506045397,-0.054524955177162715,-0.024010654235059548,-0.021497035159600553,
2020-09-22,,,,,,-0.029806566864035267,-0.027153891939635688,0.06594494012702978,0.011908905829326022,-0.049942443871068276,-0.044703204171583244,-0.008108100271120633,-0.03164781698898489,-0.029245298427207467,-0.025287882816700247,-0.03913088953856514,0.04349173860696842,-0.03571435213298002,-0.0027370485391281507,0.005046563737181264,0.012433349459040732,0.010324527346522228,0.024629640312165746,-0.0007688508826875218,-0.017002577129348495,,-0.008152974190465345,-0.005243018776837416,8.642655913826403e-05,-0.01665359440493286,-0.028714913377746343,-0.02295640108925978,-0.0013418817355964618,
2020-09-23,,,,,,0.012650342205748677,0.02841672162002329,0.1872526838704902,0.011233943443740513,-0.049983868858004876,-0.0231718132358949,-0.0013624289746519969,-0.012772500412846277,0.03887267070798428,0.050456194568676116,0.02722565152550671,-0.004775122190976533,-0.008561296687216835,-0.039093773543957044,-0.011648690807297024,-0.013180747093702094,-0.011693225271315444,-0.027513448206761937,-0.022312987589627853,0.004383386897917063,,-0.017907902780200047,-0.006273884479483294,0.0014669854475812816,0.002709660950818815,0.030056640891323427,0.0029278289450249684,0.003749516628901217,
2020-09-24,,,,,,-0.024766054763413314,-0.04845672397369316,0.0962691095530952,-0.04619979326455892,0.04878880103192729,-0.03342586253268631,-0.00954975382712242,-0.06544892419698822,-0.056127155056495015,-0.05024693556482074,-0.040447462120842936,-0.052304293985742545,-0.034478420028730694,-0.053903475418508484,-0.015731001986968196,-0.04424029093705184,-0.034002629678975826,-0.04038070144001238,-0.03634851887703083,-0.0369189496955602,,-0.06626378740821603,-0.03912930151373073,-0.004480908959062502,-0.005444283945293282,-0.025304911054287893,-0.0038680840039488906,-0.023320015458018317,
2020-09-25,,,,,,0.0098592210861288,0.03145850139422657,0.03895535291293806,0.03642069933461767,0.04992298757364022,0.03952181513533293,0.008264454667762822,0.036237762843697396,0.05252724503487127,0.042683024189704266,0.04309554557366124,0.0015001702516270754,0.0541801864486835,0.028061489175838616,0.01686759848181274,0.04996942015974781,0.007925023436129441,0.01334239474833443,0.01970200444721737,0.04837710830481634,,0.03633330299060966,0.06959468913343936,-0.0002597208939075779,0.014984350198854912,0.06748147751697786,0.027034936012880095,0.023257750675364397,
2020-09-28,,,,,,0.011094183754583709,0.021528714340750543,-0.020398325038602283,0.05494130823365473,0.04994206960391745,0.041085448409680536,0.01502727514995117,0.04400784696262239,0.019773975388045706,0.02304758406681362,0.024501213082172013,0.046682841983604284,0.01125046279049724,0.0999965772299991,0.0034524681774774635,0.006103021839223732,0.041764681484328214,0.011892584213784252,0.010061090706822817,0.05233649962415354,,0.06250494391994366,0.03147336336528794,0.006407039975002027,-0.0012205021600142363,0.002068717389742236,0.0027107772408032638,0.04660357883410504,
2020-09-29,,,,,,0.011923589624627695,-0.002009562246904406,-0.09998372014166645,0.00743977355726555,0.049992649934603284,0.004270332549300093,0.0026917875354763865,-0.00865632969189023,-0.0036934200995324407,0.008574527930997,0.008092000530689702,-0.01770915483160007,-0.008389614866489148,-0.010165402784664379,-0.008898876868021599,-0.01606864583338441,-0.007743663947083923,-0.011381443902153565,-0.010704226857168875,0.011323320559150973,,-0.012113372882679552,-0.018250928810524703,-0.0178940192126269,-0.014190019655854647,0.03720861603927905,0.011786235442633908,-0.02068493212576683,
2020-09-30,,,,,,0.0004696789244260646,-0.02702286241652052,-0.025311075065119426,-0.0026853748120879706,0.032908557349715206,0.002199473645683181,-0.009395932431724874,0.012148819410936262,-0.012048279674652607,-0.0015002748903439889,-0.0352024401130423,-0.003035039311764298,-0.009993092255252467,-0.0070886527834791435,0.020376908354982737,0.016199899390658468,-0.01126147303157854,-0.0045559826010076465,0.009267140020308151,-0.017124038179754497,,-0.004901944561248928,-0.004143534983079178,-0.01997186626825931,0.03918452148281548,0.0015482154425563444,0.03276685917906952,-0.011636032407500108,
2020-10-01,,,,,,-0.003395810197682869,-0.005199892495078018,-0.028881423978061593,0.037192861496184504,0.012879609970774863,0.03379665578803204,0.0040650044046055545,0.0015002144162286069,0.02157612532381248,0.007011547441033716,0.010060508816907232,-0.002191874700072649,-0.001424371326836149,-0.023680724939889042,-0.014601683018810707,-0.0021943320844772796,0.012888301854808049,0.0055609526904085715,0.020299727774752974,0.011056470451488831,,0.05008239452104468,0.034387909982338094,0.01751868773018317,0.0013850631742975406,0.019123748074590496,-0.008328917381474676,0.009320236461101583,
2020-10-05,,,,,,-0.0023562067225436634,-0.03790075860202802,0.056098110995987716,0.05987337228104628,0.0031455450379993533,-0.008349846604326028,-0.004048547043043249,0.002996399712647202,-0.011019430000614006,0.021385901395703844,-0.0011073607767864146,-0.013546580692424759,0.00043400531926418573,0.0540394187908364,0.009282111887288114,0.00730910294906173,0.03195895195836629,0.020000854021455572,0.010069527705822257,0.012592520753021752,,-0.017398629404008603,-0.028487296071980972,0.009750589753851457,-0.03604085619700226,0.006673848299459273,-0.03403061881847247,0.004585526936306872,
2020-10-06,,,,,,-0.008866059145107186,-0.006287062186674186,-0.0250784255271439,0.0016840425563802164,-0.018079908696066127,0.03582138919119138,-0.0013550445429219016,0.08103058607671909,0.013927542299829954,-0.012335630475973525,-0.013653308667899156,-0.004082620269611592,0.003719202593714055,0.0531300882992114,-0.004457774649157975,0.0021832819102138856,-0.003918929021827444,0.011643600270633048,-0.011413903620366095,-0.0011999744145357871,,0.027018447408787116,0.01942647247579221,0.012701044524223715,-0.015266234196817496,0.030048580247314494,-0.012982967129135492,-0.020487577527389278,
2020-10-07,,,,,,-0.005095750972744617,-0.0235151865797657,-0.02739734301885466,0.009017236179847288,-0.04973506645856607,-0.0062000505401708095,-0.009497923461488478,-0.025906806366437718,0.028388369428722138,-0.01084623809308638,-0.0004242636136148059,-0.01062119645457238,-0.007225610090910717,0.04755796239531307,-0.0061423709435352025,-0.008650032794004558,-0.01784856925223033,0.006102401807053237,-0.00043838961623687833,-0.012341703447870889,,-0.04120275199124812,-0.015036303620934333,-0.005325924339167565,0.032058067427393144,-0.016842766222736727,-0.008137083015077207,0.008117356590564562,
2020-10-08,,,,,,-0.0009582509317881405,-0.01142286131229353,0.01829065127552565,-0.0419568832082573,-0.004504452214918131,-0.0024956144342385134,-0.005479446686014522,-0.00035462707916511516,-0.020480845722046115,0.002824279295956522,-0.031189803807080252,-0.045577158448645516,0.05262817124561958,0.03773000709403829,0.017522263016606976,0.04892716617022552,0.024132908640223327,0.015572407284161205,0.01691204257995893,0.03759815942261602,,-0.0014108105403493054,-0.005639126757338908,0.007254570606401334,-0.018158936797005643,-0.02312540486421033,-0.000363002741663232,-0.007562083745587755,
2020-10-09,,,,,,-0.0033930538790379883,0.04998866400730395,-0.013643801216531526,-0.010276781162668502,-0.017524975621885264,-0.007088204720838154,0.008264454667762822,-0.017736652353855353,-0.009999916973593592,-0.0008284011218446796,0.00547135422156142,0.0043412245456719845,-0.01767026754010248,-0.03473247224831322,-0.007970131317222684,-0.010228540111773432,-0.021369876183562897,-0.012826972289811334,-0.013467743592658454,-0.036768546595994045,,-0.002570300683221949,0.007365552773786588,-0.016033707745767956,-0.003315251585626622,-0.005700599812156981,-0.0037523904585448076,-0.011848139449625261,
2020-10-12,,,,,,-0.012102432439449862,0.005231773604725598,-0.029060887413453362,0.007508065019790289,-0.018130015633816554,0.001259903200004464,-0.010929016211355558,-0.018418192521671428,-0.029384854963782736,-0.003316026113556414,-0.004322516595414827,-0.03818190424079104,-0.022921442793271463,0.016995872308426696,0.013099107118793585,0.013073353236719765,0.0019498134642321752,0.005407527950479052,0.016809277625934982,0.02378850249894371,,0.0028027477425622838,-0.0004140765338360719,-0.01812478926861283,-0.0317023551970429,8.769463546309808e-05,-0.02673022913099654,-0.009991677953889444,
2020-10-13,,,,,,0.0013863395710327353,-0.02259476025017826,0.01705650433837591,-0.006817773940543392,0.04995903268977764,-0.021669349583726683,0.0,-0.01324510048212213,0.02270577417776054,0.02295800123372027,0.06701237928844317,0.0019066466111805624,0.034111209147814625,-0.014152282868657773,-0.009912765779042432,-0.03256920284863418,-0.020918595297000686,-0.021233156903047834,0.008313257486364245,-0.024100337835586627,,-0.016410020641859258,-0.00762768906896194,0.005857279356874079,-0.004635769583410498,-0.003719918860037308,-0.012558686068446567,-0.0001536609137833267,
2020-10-14,,,,,,0.0011596736693191279,-0.0020013327275616444,-0.007132297793335796,0.0006384015737341819,0.028861207382942844,-0.002715057671390131,-0.0027624283920971715,-0.02535416377802191,-0.020351504616960225,0.034476892048193486,0.03299276383049077,0.025078166458943008,0.04072635248945122,-0.005955934019232667,-0.00885139991241024,-0.007177793831652068,-0.0018880924422526313,-0.0027714134320748762,-0.018005905971375413,-0.01063123381811315,,0.030388690561188092,0.039606842341919135,0.009969988556394416,0.037300534439050015,0.015593655060476497,-0.0014664858354728194,0.016019041729611105,
2020-10-15,,,,,,-0.006389888409882416,-0.016448037752341493,-0.011195916082064938,-0.02010199318548711,-0.029223257082227616,-0.017624205779614432,0.0,-0.028691737401444706,-0.0009442996681602311,0.0012576392320866603,-0.04216680059736089,-0.03686289361509443,-0.06081575611946566,-0.02965129961446844,-0.013029451719604457,-0.016890513738902713,-0.023695871247825795,-0.006085400297311527,-0.03150943015003238,-0.029661934594798933,,-0.046648203510106234,-0.03295043355384997,-0.01895697702657384,0.0027258526994460297,-0.0034170621165063864,0.0015952506980612124,-0.0077104067288982225,
2020-10-16,,,,,,-0.0010531117246834754,-0.0013094374602324876,-0.0727139685420628,-0.00032564077966912297,0.001561910665157873,0.0208575925240988,-0.0027700805412326224,0.00630169225487065,0.023629505069674206,0.0037683842613065455,0.0377429393949944,-0.010807386942577102,0.014010648101647094,0.032615601146468,0.004805909745535741,0.018287051355963424,-0.006934522781550823,0.035771743747330165,0.03671975509544789,0.033337128938951466,,0.005163773229299284,0.009026777011915676,-0.000623225072211131,-0.009355120887712953,0.028600111129733596,0.0032866461852054663,0.009380969659169569,
2020-10-19,,,,,,0.000980815445011718,0.005038495509562146,0.010375262016679487,0.03241036729975888,-0.003615209302092137,-0.006858183622092229,-0.009722180094246857,0.003913961903042162,0.0193905471852438,-0.00453627566432846,0.03152766020989772,-0.011969357201187303,-0.002643321867857762,0.018092363578801063,-0.0044089650588481355,-0.02345501851443421,-0.006674734294294438,-0.04012170564399775,-0.025182696934142546,-0.022326416494417356,,0.011094383535823704,0.00483836307342056,0.01666220334313051,0.012228107494605345,0.031053452666256254,0.05548840861084825,-0.03051210902694068,
2020-10-20,,,,,,0.003994297256966428,0.007640939758013721,0.0064269906731895254,0.01561764796439924,-0.020062572326183803,0.004028210863614046,-0.005610092736466066,0.010916161181172779,-0.00815213911825452,0.009270973823090278,0.0006909006697914943,-0.001479069474545902,0.01264914412059448,0.014608557284697676,0.002570154234158073,0.000392726717775016,0.005582568184676617,-0.002473045142267649,-0.0054228960914121105,0.004338846669772689,,-0.0015456986619932778,-0.004890239117903761,0.0008764777867356077,-0.0066181174263139075,0.006138213517631108,0.023277466868836916,0.01877223125718186,
2020-10-21,,,,,,-0.000337867393795821,0.007176157681756834,0.04490859949064219,-0.030754880512731786,0.005299787010616397,0.018340720410279232,-0.00987308464807668,0.004627768118331321,-0.014611849560228096,0.0009341245006027066,-0.02051724638751229,0.01685830379527964,-0.012193731966150145,-0.008905789622833504,-0.004811536858154608,0.003663319505549323,0.007915994402569293,-0.0022036578534490037,-0.006097008511688151,-0.00045471441838651483,,-0.008981796028767919,-0.008014288735985864,-0.014535878453284523,-0.004093894018597277,-0.01313695561789563,-0.028790718726151132,-0.011571076320204488,
2020-10-22,,,,,,-0.0030035833864168193,0.002387226015125865,0.09186932091979694,-0.0016025347188891592,0.04997477842302467,0.00844252277553359,-0.0028490001397227793,0.024951969803065355,0.02131594932561054,0.007777411536755041,0.013968251977498847,0.014636370417880906,-0.0009031687355360862,0.005990543602943266,-0.004904064357997839,-0.01251448703704472,-0.009485920582161134,0.004725709866002514,-0.00917663678418934,-0.02263420949100292,,0.02524094602737681,-0.005208230803326219,-0.0028435190122615417,0.012291391518991057,-0.016773779572319958,0.009104643756576047,-0.03381628730301789,
2020-10-23,,,,,,0.00015061378681546778,0.02555602641957111,-0.02269268245358802,0.012680678878534524,-0.009147842771022097,0.01674333567427122,0.010000024523053819,0.026217333925662833,0.0027222874738455083,-0.006328466103774799,0.033096503784104,-0.014835373671927776,0.01790021073751835,-0.0008932862253706597,-0.0007467285320092998,6.591850832782242e-05,-0.002162356557659173,-0.007968307385749829,-0.0019126519433484424,-0.028977054005369207,,0.0007390848920256765,-0.0071252272330075694,0.006059543134347534,0.0014729686031542677,-0.0070000760009519825,0.007736989773945213,0.015065131171753565,
2020-10-26,,,,,,-0.005497169172242966,-0.029099119519813033,-0.009648761509074122,-0.025519365531313176,-0.021657609121633503,-0.0017840417311831835,-0.0056577030950237805,-0.024087507486138304,-0.02443435818080142,-0.005436415656852711,-0.029217449953368724,-0.00929925493760353,-0.014920942330663878,-0.058709719322663,-0.008000823345613473,-0.013728381116361765,-0.02063999682700357,-0.008700460914150332,-0.028796222142827066,-0.03511511041966586,,-0.006934076725218508,-0.022395653147194716,0.025066459231312344,-0.0022658821178784816,0.00029553227821410566,0.013087312150833252,-0.02520150407874755,
2020-10-27,,,,,,0.004051056471533698,-0.0010855660035808956,0.04299443875036246,0.021633036021190932,0.04995034993229153,0.0019246695772114908,0.007112334623823324,0.014584781492591459,-0.0027828213273116686,0.009370730782655823,-0.003475998689611348,0.04384982296993001,0.0182123496785489,0.024537209174868346,0.02436673698775249,0.030917442552765628,-0.008535262372700303,0.037703739854321405,-0.005867719943314809,0.027450044582572275,,0.04837730909393567,-0.005911388299054354,0.014948462054237721,-0.004820617381745329,0.05507015952240901,0.014900292023726225,0.004805541713442496,
2020-10-28,,,,,,0.005543075063262792,-0.048146197485994136,0.09998184733148152,0.015284263275540777,0.04993911332971801,-0.0295005480542887,-0.0028248560935074662,-0.006266085328462734,-0.012093036312944117,-0.0020114608089784047,-0.03255704313569874,0.01697775877851404,-0.002656317108489459,-0.0032449527020266267,-0.029101502661482148,-0.006491291662066523,-0.014985650619654844,-0.008046145168330576,-0.01608780241653618,-0.017287196179552655,,-0.02387608049794865,-0.004393495170425865,-0.0019579484254268475,-0.014652925422422025,-0.039436695466967264,0.029409062326987145,0.002322456997476463,
2020-10-29,,,,,,-0.002062478051351513,0.04998165248567776,0.04005045387967332,0.03151948538769811,0.049945356307516287,-0.030962842775185573,0.009915038559308753,-0.021513469973801547,-0.018832418048766564,0.011007687436647151,-0.014372727610107328,-0.023952643867204415,0.020420172211137233,0.02294238207451338,-0.0018279498351232437,-0.003855103872344001,-0.01521363686638888,-0.0076161568198042096,-0.018155714708518844,-0.007996024969393556,,0.0027441595917669925,-0.0032609561806979936,-8.542390184029802e-05,0.009832622446174444,0.031145642924177652,0.012007922092089673,0.01933842811372921,
2020-10-30,,,,,,-0.01157384250907556,-0.021635749401087923,0.05062413134529198,0.032836837366047256,0.0499601529826148,0.05004393729942347,0.0028050463682329774,0.005686165540280008,0.0009597056983821073,-0.011347930829996078,0.027705898747832247,0.0035831446631904296,-0.0220997089277426,-0.031974586782805736,-0.010785205860049607,-0.010232252931071217,0.02059829345707853,0.011085625641990449,-0.016761250367559377,0.000992057499729082,,-0.02102043090505401,-0.00897069993387789,0.006227596117236667,-0.005391671101736661,-0.005976247856521288,-0.011997791954850068,-0.021154550948188966,
2020-11-02,,,,,,-0.009846320581995527,-5.6565130724051116e-05,0.09997999216058195,0.0041212800391055016,0.00326948588644016,-0.008198036077753823,0.0055944001845460445,0.0015078000195325458,0.009587779321861722,-0.02745454755926746,0.02242120551160176,-0.03226683697817523,-0.023844915336558636,-0.0580776661552348,-0.006136650928971865,-0.004307367322344713,0.007836690390462309,-0.0297257681878218,0.0035743132026844204,0.001362603035444776,,0.03348438774851159,0.02295699191449918,-0.003815146746233955,-0.008859202509686748,0.0058498088828018435,-0.015246173415167652,-0.0035636266426573027,
2020-11-03,,,,,,-0.0006141915116104624,-0.004634004051304208,-0.049959069802860134,0.010847185773807277,-0.03351953838896027,-0.009106147303474255,0.002781638493372318,0.009409094682588881,0.018043547121998404,-0.01068575116934134,0.00019448386375819915,0.0009746016645244548,-0.02059915344454255,-0.03157733840533983,0.0038487342876081243,0.010715428641606906,0.03451226435715937,0.013530539953551246,0.027178133623900314,0.006804354609982077,,0.020761434809023704,0.007392690011295722,0.019659627477257358,0.0008979998078968432,-0.03865100923190279,0.0014961119021308367,-0.005306910541494236,
2020-11-04,,,,,,-0.0006918218034748236,0.0021006932772964504,-0.049995081483424575,0.02044667088042007,0.012644508298767176,0.021066108255762384,0.0027739224439247145,0.0134228879822067,-0.005597015892869983,-0.013380726881661364,0.00493177696736069,-0.010361737683875716,0.0058940968150476,-0.04856685456253118,0.011943062977996188,0.028776490898146267,0.03922976077561269,0.03440242345593347,0.007841673314750164,0.008847406631584898,,0.02023894042643004,0.01188292067792851,-0.008012824823071085,0.004200039130735078,-0.027559636520694042,0.037006857333706566,0.006286303195378373,
2020-11-05,,,,,,0.007573775079986245,0.03493862134088754,-0.04999992969018552,0.002557931007679537,0.01629200948284093,0.0209082540036869,0.0069156556850564765,0.012876936546871498,0.03846160723039427,0.023692825489138203,0.04857924029606364,0.05663695841071048,0.040399740734085254,0.017496424384406684,0.004639708299938983,0.01581009744572537,0.015555249906394897,0.004004764960030993,-0.009156754325609917,0.0068209850768328195,,0.04926379895833155,0.04186275183640542,-0.003702101243047151,0.010030004851317997,0.05357074653423011,-0.003863321751183535,0.03213382825453581,
2020-11-06,,,,,,0.0006104919771003914,0.02768245056597851,-0.015204748556310821,-0.0018427004372510991,0.006318774360319912,0.006645892088914529,0.035714250625210164,0.00980761899990057,-0.011743392247939188,0.013886659694862358,-0.0005737263369932633,0.013500088362713214,0.051636195450721845,-0.018613910218178598,-0.011202868572515179,-0.0044739484975250265,-0.006536575957559521,0.00880337060586367,-0.020406044845522664,0.003629359434507151,,0.011734308464807386,0.03819886045233778,-0.00244915227449094,0.013508647185884515,0.030343929781328605,0.005543568770155716,0.010898980152153737,
2020-11-09,,,,,,0.001258427858255029,0.04348596512162106,0.007881705885833368,0.016472604956447423,0.04575578556504367,-0.010913560534193012,-0.017241394575414404,0.014388401575792242,0.004570299441797321,0.0003149583252215482,-0.0261807016635216,0.020866145100632227,-0.020463498525503443,-0.045520095409567474,-0.004752306543169715,-0.03386287518104891,0.0019640483037606238,0.057610607600792285,0.001145172861556576,0.0028930175832235783,,0.022283817054284505,-0.0004931592160831721,0.0038096561163143416,0.00860808294663018,0.0172723808873696,0.013618930824556008,0.03201289328275081,
2020-11-10,,,,,,0.04684471537463786,-0.049994801739594474,-0.020299997918950097,0.004470543365646895,-0.04948018147329991,-0.0008173667873287993,-0.01889336968535693,0.035461055413813725,0.031847270458490895,-0.00960042250472315,0.018374192188816973,0.009191348721635073,0.005812593783831588,-0.014806472353395383,-0.03722605535392254,-0.06014145509359148,-0.0377339605329845,-0.04683467257299412,-0.06454600536716248,-0.02367793701549592,,0.08888759919087574,0.0643448319101767,0.028337922280814665,-0.0016126704492128718,-0.07268882975501112,0.015714600319397753,-0.04123143685230257,
2020-11-11,,,,,,-0.0022557015648420053,0.01841364140262347,-0.015144021532308871,0.00166897118516518,0.04995029938178752,0.013224348807629571,0.0027510290204930676,0.03390415134504354,0.009700024630336701,0.010805653244140734,0.00041281534522652485,0.014585063746975324,0.016936648260916787,0.08766878093761488,0.03919759003516532,0.03492248727998093,0.030861674069484035,0.027502058208250135,0.0610224388477707,0.028930130465748105,,0.014316059707989215,0.03845130076948888,0.022635857071979792,-0.003072709468816215,-0.015609838897627126,0.015154101891304395,0.03949900584160981,
2020-11-12,,,,,,0.00743855024408524,0.007545339182786215,0.025813224664510415,0.015134696959451022,0.04991364091389472,-0.00955336308058885,-0.010973926491725239,0.0016561545683893009,-0.028820930350146545,0.02263791784343061,0.017214985458926968,0.028813547166710807,0.07668932432064635,0.024269289110189884,-0.01132697732514587,-0.003569675944717021,0.006323467984129305,0.0041454698901004505,-0.017122169676869303,0.01148608140141083,,0.006910600879264317,0.011720965515261028,0.011147820795555319,-0.004741514935917346,0.0022284537147190253,0.0008756974810311124,0.004918972361851015,
2020-11-13,,,,,,0.005646289389626968,0.033743594158439416,-0.00487040526464555,0.008343656796451215,0.049875313012849753,-0.006928271336081759,0.0027739224439247145,-0.03207662465560679,-0.006295048098798217,-0.0023058230687372783,0.048638413345931886,0.006589743016615968,-0.0017767884997863526,-0.01764085043881214,0.00622552881763494,0.006691881010001399,-0.0015707912710372085,0.019571980011970247,0.006532579564999086,0.025431806335350027,,0.018088434391472674,0.033431990656357824,-0.004600514608845696,0.030134666964291013,0.016763057140997573,-0.007186601528597181,0.06104643079894778,
2020-11-14,,,,,,0.006766044878331767,-0.0006417050348077602,0.015389533545283607,0.007189299576114916,0.0194572198666092,0.0016415799249871466,0.0069156556850564765,0.01708231089992651,0.01266978166480559,-0.00046219008702130804,-0.027998460234162192,-0.002848872246442702,-0.005758558093143296,0.019894142583231744,0.0031193119306742734,0.0014772750674261204,0.010915508223903858,0.003495443013567856,0.005436383629594976,0.002076298216252548,,-0.00028548260442717854,0.010253430510381634,0.013705248136599124,-0.0010792393522609522,-0.0009675133271036529,-0.003734771113494517,-0.0025382614582555307,
2020-11-17,,,,,,-0.013119669299222814,0.013923606631194518,0.007872847487489176,0.06208752697220299,0.049424922459449405,0.037011768059987515,0.030219750529024036,0.06147121716971382,0.030384322219746185,-0.006936965339292556,-0.01987944310270673,-0.023525825619105323,-0.0018428361789610825,-0.035214924763419586,-0.018041670922011477,-0.0042909487399060975,0.008560356530956437,-0.005210508716460782,-0.02057937204445781,-0.014274153344038365,,0.025875243370425904,0.0040623477057417645,0.053372150954616115,0.025696368323320895,-0.017512782017556905,0.024429796931837666,0.01815651161790255,
2020-11-18,,,,,,-0.010867234096911038,0.0060829687149548395,-0.01036187127271393,0.0005072497613101135,0.021257500153964548,0.030159360421858628,0.05066668192545576,0.09810128231206483,0.0511708500870931,0.01645449770125018,0.011290237281445181,0.0041710309784512845,0.005960885273522454,-0.02916430168534767,-0.01679504663820619,0.0005386480395028759,-0.01041682551076517,0.007236639514855758,-0.0037179231494565146,-0.012028485478930762,,0.03693197081994448,0.057648387889273955,-0.00783529890943957,-0.013504424030806095,0.008398237534916975,-0.023477111119096894,0.027889591666636626,
2020-11-19,,,,,,0.007873648286965684,-0.007371353159791871,0.015141662840286063,-0.022180034014565475,0.0023590813111749043,-0.023523402826879036,-0.027918815207329195,-0.03198858380013736,-0.0239274489114657,0.07834433933827212,-0.011041809646986644,-0.0053315924219544675,0.033508119008145876,-0.010320780904421567,0.0008290441695826267,-0.0011440961559341378,-0.01101357017773097,-0.004852372668053939,0.00011313203486684742,-0.0005910585450412675,,-0.025184093842169908,0.004293957645138624,-0.028203972339005068,-0.011286979891108384,-0.005991216301938995,0.007220859346611208,-0.03110825759064728,
2020-11-20,,,,,,0.003706416172118754,0.049996699921409204,0.04998419200458848,0.0066105053393337165,0.04711587339928469,-0.0158419065936517,-0.00783289085832184,0.006847422211674337,-0.01775144790894445,0.009347306406296774,0.025296010115932743,0.0112190212607306,0.006697433400276287,0.05344527012342026,-0.007806347252810819,-0.002964446199660631,-0.00808123634827862,0.009912451212194195,-0.006445032343171397,-0.006623333200855952,,0.03952342220288374,0.09192931442252283,0.027629567522982734,0.046164759529345734,0.011712825484501366,-0.004012981235503421,0.04296226040110196,
2020-11-23,,,,,,-0.013611793987744591,0.04999993694715377,-0.017228253721516595,0.053438033710281774,0.04032435593939221,-0.0018623676435014502,0.01052630588288439,0.009461762041672594,0.012908744972989883,0.005893058387628214,0.03432014983850684,0.00844435334482152,0.04142941983545212,0.026692556583163052,0.03378326764838446,0.008649749135179352,0.019075823686954818,0.022253637798732795,0.006372987214433801,0.0007143481648241856,0.14811348106557776,0.020272058878419985,0.027128678513279825,-0.003916323574929437,-0.002543895067857571,-0.02311228290678846,-0.009317633846459672,0.0007829411602646719,
2020-11-24,,,,,,-3.6928673482705676e-05,0.0014077645819994267,0.011686781565202198,-0.004522607052284466,0.02105394777422065,0.04558169913936605,0.007812492724042164,0.007908720750086307,0.018691568605991637,0.024968625760362517,0.014987009910119697,-0.012407680138148525,-0.020761747516188533,-0.002410518892196012,0.0179652785803186,0.002880855088123857,0.014234446867668504,-0.002608368695431018,0.012495844382491184,0.0316479532627052,-0.019410724538819646,-0.00016627869383945004,0.009727248167739955,0.0043098346825305445,0.01434019865075542,-0.015787310480948724,0.008409633315329179,-0.02944385021453455,
2020-11-25,,,,,,-0.006165927004713523,-0.045405822099949145,-0.031007752932124655,-0.01952362431791277,-0.04999377569551411,0.01708096525162439,-0.011627865427925044,-0.003487436174193892,0.025854893815615565,0.0017691095143559377,0.0036889529606445315,-0.0056318395021422996,-0.036572139485708144,-0.014670351040542706,-0.02221541690504858,-0.022446404237962958,-0.02681923622387561,-0.019112027946023735,-0.0008935363639125393,-0.030907685451907918,0.00219674594056829,-0.025131686714849333,-0.016021930037452448,0.001430197756004059,0.007724456886974762,-0.016919255427131796,-0.00817139005225287,-0.04596748587436572,
2020-11-26,,,,,,-0.0018834684148322234,0.03108226626907551,0.049986874397279335,0.006762817217051742,-0.03533065977781691,0.028073627808001156,0.0,0.013414912799352141,0.013821129235090046,0.04143453110008877,0.0428923495232203,0.0024895987836734967,-0.004155030120109204,0.024172293090943153,0.0197762331381377,0.00963562685011965,0.01086524913640785,0.021574066839999073,0.005589404083027327,0.013328640294813177,0.026156863327646995,0.02803987028770738,0.010203211667645817,-0.00646527205993408,0.05365737096799039,0.012069792163633686,0.005188918903183071,0.02878987746089079,
2020-11-27,,,,,,0.0015538263586789558,0.049940139281032137,0.04999743809081858,-0.008832055996175758,0.028928493507819786,0.0034134733971666886,0.006535910231946662,0.03798575010254357,0.04089832043201591,0.022958666935837257,0.04412069244702366,0.07419139989590495,0.03224632399003724,0.08380362315247591,-0.014771604327483479,0.009340879168615368,-9.771616719012055e-05,0.01715430724541278,-0.008615470036054673,0.008455615422897633,0.00299039881674501,0.01815926274770918,-0.0054389578361641044,-0.021186425975283307,-0.0038775887068688286,0.01766786476609128,-0.03533431488208916,0.001903029886133778,
2020-12-01,,,,,,0.003435860309194849,0.049992675245749796,0.04998827758252422,0.058986018499229464,-0.0014960165484544374,0.029765464611529957,0.06623379759934167,-0.0033269387641551296,0.06086269135228406,0.03277223242118166,-0.02907440564426711,-0.000982619315291422,0.003892353460890785,0.019094150288808898,0.0003004458493800488,0.013411965417679417,0.05413866525512878,0.00434109250153103,0.02018400289195399,0.009199889366964698,0.03693798809928195,-0.009717302713876164,-0.0013986389076955374,-0.007575723461901829,0.013607441997643965,0.0014322662813590625,0.060064652687770614,0.00445853199157864,
2020-12-02,,,,,,-0.006037862930501459,0.0499944481031982,-0.0028907215999808278,0.07549175858438506,0.009958622820468666,0.03397837220005173,0.09987815968503888,0.02141872108150311,-0.01307195498320779,0.05531551394151668,-0.011704122183942234,-0.02776972152042778,0.009146544992950867,-0.005419557143605536,0.004109336743491898,0.003639498903445615,0.009826671836634215,0.005192258205869882,0.004946115595066747,-0.00692360407340975,-0.0028752760799073407,-0.007652538049594537,0.006362488092890084,-0.008412538370018097,0.03425888329816962,0.001733538269655499,0.01207403033653831,0.00885760353106435,
2020-12-03,,,,,,0.020853498947522864,0.022898243918428207,0.049966054454365416,-0.013663958842675461,-0.0008726003490401313,-0.005476927849546787,0.19933557518972367,0.006808184170053799,0.01913173788815503,0.0656370348810491,0.0026361537910915,0.008449902633848039,-0.016058303489109638,-0.00404781720877101,0.015009496467750294,0.005011043598084797,0.006609692768585029,0.014507234427567406,0.0012577808306275529,0.008366206500830753,0.008078660019287698,0.009027949326769091,0.0354287035122014,0.01798912065649927,-0.025927580576652343,0.020291652566174934,0.006046456700427472,0.00374876339706387,
2020-12-04,,,,,,0.1397262224240523,0.0008429806287817421,0.04996106296202574,-0.0035748313662384845,-0.013318777292576467,0.041073843552625444,0.10064636752230838,-0.0037868691170503954,0.034657160685117816,0.0779534935739492,-0.00414281333471056,-0.0027143119780053127,-0.015118853555571632,0.036892165966951884,-0.002945303381984621,0.006297798127746335,0.03793863880566506,0.005308263519061995,0.019498638522363887,0.0201660225564797,-0.010874489797302545,0.0016230467258626646,-0.006758869640466347,-0.00725364953904839,-0.02148969262673761,-0.006021561425998967,-0.011716694323124277,0.0072335199159470065,
2020-12-07,,,,,,0.07700894672671987,-0.029636630901737293,-0.025189012239628772,0.02601169392628977,-0.0208010621818987,0.039232922532942194,-0.046979900673860486,-0.0032581178378345843,0.0,0.03697287730164067,0.012379110875130772,0.007514265355673899,-0.001982446837727414,0.0012059423899279942,0.02455923476012334,0.008084086930456147,0.023284721614379666,0.0015087547030776527,0.03659061604589331,0.017959967392239262,0.08003409718291388,-0.009414750188525667,-5.514168879938719e-05,0.009793996879038369,-0.005171482346761347,0.0034555910087106234,0.034624698885885374,-0.005639814762957496,
2020-12-08,,,,,,-0.025450143427378724,-0.01575832031014701,0.00526908402505355,-0.012348406232484788,-0.006870034427966076,-0.017285192948354955,-0.07746480114756571,-0.009534223639915407,0.004884921915733642,0.0027501667975842192,0.025275409524527337,-0.022492296636715148,-0.02826722258079406,0.0018070619468613103,-0.0027640296421201915,-0.009247997398273311,-0.02335574087600667,-0.0074108857323541555,-0.019846027451224324,-0.011429197729896146,-0.020103794424144783,-0.007723525549956367,-0.009119627232440752,0.003001966170495418,0.015006085222646792,0.01628351229250602,0.04973387516586003,0.0048082551130286255,
2020-12-09,,,,,,-0.01865332372557893,0.003921269195999777,0.003312745952441576,-0.006195988945554731,-0.025986481767341196,0.0011870308785439931,-0.06011442636305364,0.004950477707128753,0.015972102729723492,0.0003918034462544462,0.0032334330306791337,0.03274254106451524,-0.013470428915444033,-0.012625870058672328,0.00831488365241273,-0.004699671384509885,0.0014945645878488012,0.0095934391960808,0.0024782487236258977,0.012347112711488473,-0.011277333644615917,0.010851123985754496,0.004598949781885464,0.001688533807248982,-0.007511562127325844,-0.00397439784417819,-0.010105217692126023,-0.016348277409425904,
2020-12-10,,,,,,-0.10199361630214832,-0.009704086327910977,-0.05073763332139003,-0.004119356294892573,-0.031212059785137525,0.015304945822190108,-0.050761419353914206,-0.027914601835897668,-0.006835144135903803,0.0008812445418990844,0.02045971421240167,0.008318732064458656,-0.030071182312141786,0.005936967141794813,-0.0007515390577053083,0.00045896261648925574,-0.0076375915204273115,0.0018388022126969439,-0.00788975587908769,0.0066526166858698055,-0.01291947642771396,-0.010187464551380532,0.002019903719710392,0.01049651909146454,-0.002511433710477351,-0.004830176177415879,-0.001237953734640973,0.023867694318552513,
2020-12-11,,,,,,-0.021854596094956324,-0.0012282501022083947,-0.008277482955140636,0.005701514537473473,0.00463012352098513,-0.009978782238808881,-0.04919786303523821,0.007038365705337446,0.0020646117328582125,-0.0057717831449560775,0.044282927418383355,-0.0060576878093492326,0.011667416940160491,-0.004388538148847321,-0.0071540275066502845,-0.00904610557960317,0.005131180841347671,-0.02415423037383224,-0.003923177086189278,0.003414512005392778,-0.00375541484659625,0.01022981111280985,-0.0037435814083288665,0.00765790409934497,0.011588311282807906,-0.009875927543910978,0.02404608899677707,0.02715118019706142,
2020-12-14,,,,,,0.040815927887621006,0.009510565307041086,-0.01451708110356742,0.011894243556103135,-0.029476727995229268,0.0015012518635020289,0.049493764160963405,-0.0067096828434172195,0.008928581168632155,0.002656675613292192,0.021368614114327,0.024030500569535818,0.010233288353572512,-0.0016721701108721732,0.0011660390377015162,0.0442547711855561,0.014345774943698153,-0.011614218063975446,0.002182240430394611,-0.0032931831825531166,-0.007673194696278585,0.011313259219816185,-0.006842709557385085,-0.013167806983202301,0.015819266777023833,0.015601159825292754,-0.0048974511214138206,-0.005475410126121405,
2020-12-15,,,,,,-0.02569280576912758,0.04998780585735241,0.006036433196494384,0.016038549245420253,0.002819585136043301,0.01873654242755851,0.030010689738566576,0.007036385260804856,0.02314487191228265,-0.011481907589152796,0.010650720694373117,-0.0011902611718785927,-0.010987166133152426,0.0,0.0017021922786968346,-0.009692123252176388,-0.007982418425632742,0.007944774608602767,0.003133468986933119,0.0028635040869950945,-0.012250565286300752,0.04569638133767384,0.040684025127448065,-0.006557456368439296,-0.022856054866719933,0.00906576837008477,-0.011938809830535635,-0.019782509614648558,0.19999999999999996
2020-12-16,,,,,,-0.012214112071263883,0.03796515493893304,0.007926120949765414,0.001729991074193249,0.005672569290691598,-0.0004204091250851194,-0.02393335592645096,0.020402489323198436,0.013306792806031975,-0.010820956390570902,0.022783654694695787,0.03314222297642799,0.018154160258478935,0.03212558548604272,0.001510523434269162,0.0065885891718913125,0.0086590419188739,0.02466653071246938,0.016888997682826368,0.010322853144875799,-0.0004322752202847724,0.004704613178682537,-0.004221824390318374,-0.004221467921343258,0.01624648230096981,0.012852450699591955,-0.004924149072768724,0.036644639057974215,0.19999996232397765
2020-12-17,,,,,,0.0010189053703271167,-0.018418645423678326,-0.0014660200899965226,-0.008526715953708797,0.021728491155171392,-0.01640205847797338,0.006396531472319555,-0.0046563130264953845,-0.012475439789418341,-0.008831883187661704,0.02860149083010688,0.02697057763848143,-0.015009588234725757,0.009440858186573475,0.006727699776397422,-0.004575429962844768,-0.009105123560298578,0.028725930848075176,0.01056913243640012,0.0019565268237655697,-0.008150353094303564,0.027221817890816125,0.003931803108663701,0.009018178024831514,-0.001216761689389112,0.000780244954305509,-0.027026512125900237,0.04814765839408053,-0.09979421041964964
2020-12-18,,,,,,-0.00024594424437340834,-0.04365265048015765,0.031010793438146278,-0.009035443419562639,-0.024386753610775358,-0.009513583776761148,0.003178038980833353,-0.006329077671982097,0.011303343088968631,-0.00799913243411754,-0.02651213222548454,-0.012997431412223759,-0.004376926777742263,0.03390335468229577,0.030732050844151537,0.013087344081305297,0.006388439818203917,0.0021439700816776597,0.001648562661851205,0.02397479742026598,0.022127204165820036,-0.006469046916383281,-0.008446172753308168,-0.0006876224735814507,-0.010896487190502402,-0.0062782581626968925,0.031689520335149934,-0.016666767403640037,-0.09999999999999998
2020-12-21,,,,,,-0.035801662159531955,-0.0028710740460768935,-0.0767271629029237,-0.05701416083756283,0.004084006573044308,-0.04111804527191443,-0.049630438624715056,-0.08861808678606875,-0.09204477945014922,-0.05930393769229603,-0.029211218402262262,-0.057605764392036685,-0.05025780475299657,-0.06275631606481036,-0.03063811308583997,-0.01884177776705842,-0.03904375630186452,-0.05185369772649895,-0.04155943777001214,-0.04650914114464533,0.04188191188744006,-0.040104573950772826,-0.04002456829088086,-0.0380675190159484,-0.01967236639894121,-0.03386045545712402,0.01719719105664219,-0.028713970494227525,0.005079384455605185
2020-12-22,,,,,,0.018602078568850766,0.019478351291083218,-0.007011039944897823,0.06896540664052409,0.009409033358767083,0.05492391432343502,-0.004444440205891964,0.002430800536720845,0.03765391631185122,0.03255222651174372,-0.034788510889860125,0.014433627798506432,0.008400544606730564,0.01779538143385584,0.01839766213838745,0.02119464515891667,0.028504292323228153,0.023884468865782882,0.024524956750029636,0.02699993327378669,0.0036641499916827414,-0.006039546824824438,0.010410677542817659,0.019151402169596654,0.01751950284278725,0.011155346845250325,-0.02111911139508027,0.011011604746190118,0.09507266431850336
2020-12-23,,,,,,0.008934640577397346,0.006611598871762325,0.05902549465312479,0.010462190835716312,0.014612997767792901,0.004481038049345409,0.04910709581584971,0.025765403945091414,0.03489185603978173,-0.003677977751340711,0.01086572638554717,0.029193317660322293,0.024538084895682433,0.02029932356744446,0.01206944402330734,0.03729555942542073,0.011085884476640384,-0.0086939253180357,0.009218930002075743,0.04641360371725067,0.010651848290717192,0.015464735948408581,0.008323126345334497,0.011461886805581134,0.0002743305972465748,0.007185609447626362,0.013748490014757753,0.017444630900171454,0.09287562894640167
2020-12-24,,,,,,-0.0018419623971968058,-0.010188519894666181,-0.003511259972063807,0.02167814240517707,-0.008373606783929843,0.01656923449675829,0.019148969412822625,0.03989361555629212,0.004720010316119572,0.0045353313658111905,0.005562550497305141,0.00022030127173544578,0.023618521558368855,0.011617607404313501,-0.0042687643912482365,0.01036795254779288,0.027584261475238625,0.016537466501344245,0.013338963894352851,-0.0034119619409074264,0.02350139785738037,0.018864466173478034,-0.0022966358448666124,0.01333640218197818,0.01772746999603747,-0.002895661539856098,0.00422638375087514,-0.01752662976582986,-0.04513065816566719
2020-12-28,,,,,,0.006387686426451822,0.0026517613124608097,0.023327595524802902,0.03631373985133979,0.0017371635909548822,0.010448273318100387,0.04906057106177797,0.059107818637651244,0.03624156452132499,0.004304863344921639,0.06086227390312615,0.0029185369801700833,-0.010537038480456062,-0.0012919533948555495,0.0,-0.003660415921508786,-0.005927844225048662,0.0043738222556282125,0.0077340304144666305,-0.03350971698573035,-0.006103847800652762,0.0037031335491881645,0.0002780891655358442,0.03263608670182716,0.00916405283925692,0.025379842582810452,0.0018330411001241664,0.006648178567801644,-0.013819790405468768
2020-12-29,,,,,,-0.0050425895666655896,-0.01266338137959,-0.015429741110349116,-0.0033615662853417883,0.0006743267551783116,-0.00031018821682671227,0.003980095631232361,-0.015562280589515365,-0.008419596841565902,0.009513836487672567,-0.006648229234926362,0.011420359289275872,-0.0047513355024438875,-0.005174855726535754,-0.006959086872680875,-0.002650174048629217,0.006218758523637735,0.00483267643917018,-0.006607320678100548,-0.011378223084756667,-0.01882058147082688,-0.0006917383867571791,-0.002112359633086869,-0.008103675328525628,0.008446530873079894,-0.006855080237783584,-0.004592998068754683,-0.008218667426098225,-0.030829597467314618
2020-12-30,,,,,,0.017117918770149787,-0.004697496435018489,-0.019522681048528945,-0.010322950121134933,0.013719072561737322,0.004137364642386343,-0.007928634538775126,0.0038157687507303084,-0.009797441593551781,-0.006420819765380337,-0.00252945369970603,0.0073828277175940205,0.026284121990957976,0.011559308764655718,0.0010356718476067783,-0.0050125019803412,-0.011174837327663112,0.004095863586140558,0.000358108180485317,-0.0039087379610509565,0.0010218648333590874,0.02569938051501075,-0.0015986808191286173,0.0037134652952408587,-0.0001323972559094111,0.0022318766821671776,0.005477022141907373,-0.007750340573431491,0.015616034137327706
2020-12-31,,,,,,0.001986237894851639,0.0027973941695964566,-0.007946596639764714,-0.009501215864720414,-0.00033237627823434757,-0.0033991954574629224,-0.004995023935224108,-0.0016290167426346036,-0.001978918151597453,-0.004794705251214504,0.005991790160326804,0.015088791290680303,-0.009356890699934839,0.008855874501978445,0.006604255686114779,-0.004673458284517706,0.01429778203401555,0.011106201457603992,-0.0007670633278968886,0.014606391713624323,-0.0047851546264242595,-0.007301832233074568,-0.006176223848779805,0.001183901471223825,0.0071185753008553565,-0.0015669448962623012,0.031078628254529006,0.04063902018498644,-0.0005695108202711241
2021-01-01,,,,,,0.005007634358121571,0.02251449988372345,0.012197275611542713,0.024189361230741557,0.01268285758652632,0.041550372523606605,0.007028081782742834,0.014413859367073734,0.022471894778358426,0.005341430498770006,0.012889818563380118,0.0488399854126349,0.013816998759467403,0.0007076406201713681,0.006964354730078837,0.008110324212036168,0.006583907606994455,0.0018610651851691529,0.02461992619168485,0.0007520285162747609,0.012800450299712107,-0.0028421971075578423,-0.004030932848991364,0.0028087273356167675,-0.001084763002503264,0.0023129440905131915,0.009227094767302324,0.0005911863861691735,-0.012250677472845473
2021-01-04,,,,,,0.004186815737869276,0.023635014765373663,0.06677181273514043,0.006820739077938676,0.01529157050028962,-0.009824419841468313,0.0009970318193490701,0.02573734267621397,0.02456358879490317,0.019377046383010743,0.011092436914414305,0.04676835430944748,0.06537474101223584,0.016695307411885185,0.0058953639147538706,0.006835229069444226,0.013668920280117458,0.0034294704950650345,0.0260264642896173,0.0026839018510569357,0.03291563385185414,-0.012111584325177116,0.003190531008768538,0.025722206744097864,0.01991158899599821,0.02538432843146876,0.03920614165390268,-0.0162917836779074,-0.01211425456923032
2021-01-05,,,,,,0.003997198472202257,0.011961413194605308,-0.009863015803144193,-0.0002022950027813497,0.01312076800358053,0.0011024469722691332,-0.007968119921316186,0.009931954560587153,0.02397478471345793,-0.005518742972614676,0.018732214242533463,-0.019680019252740988,0.07340591265825047,0.0006956145528231872,0.0027787175561428956,-0.006007786938543536,-0.001571849370850864,-0.0052172028371855195,0.012658872227987672,0.0013918298846420374,0.00851828349111905,-0.018634150245503633,-0.00875411580103258,0.0257239775081175,0.022459875018422837,0.03894215109531651,0.031982595088245525,0.01031919153747518,-0.006131404681797403
2021-01-06,,,,,,0.018258677077308327,-0.01531493502511283,0.021114565094415783,-0.007079220767809757,0.009850015330459927,-0.005305871771418946,0.01807231972754786,0.01138723139444342,0.016019833492378455,0.009248812968762898,0.02953109454287084,0.019137909322367808,0.13686527009125649,-0.010707711050649271,0.0002648311394719549,-0.002961803640829208,0.0030655757800768235,0.00982528882215683,-0.037838342196022,-0.01689299051444526,-0.024346422581194016,-0.017327590739922072,-0.003911193344632746,0.007425467708961353,0.017326648278604306,-0.00905132764819061,-0.025475136205031945,0.004665501013283224,-0.01175088152679693
2021-01-07,,,,,,0.0040445942993587725,0.0004436965344709609,-0.011548312816189621,0.05540825407729977,-0.03987358267244301,0.03431968696491672,0.005917106894566704,0.006908920209440339,-0.0072772343889394575,0.015069919274074639,0.08358059017621855,0.02555407489330297,-0.04082548981748291,-0.007028206373180579,-0.0032901589054448177,0.002121814656286025,-0.0056168841407354675,-0.019794431637514487,0.021636974239054307,-0.010766749441049939,-0.003051642343217198,0.010078949989174024,0.022950389612595767,-0.020513098063846935,-0.025128742647112623,-0.0026936431880584255,0.002229883911861519,0.026339311474329774,-0.0175386266454568
2021-01-08,,,,,,-0.012051550484165952,0.004865273512910884,0.016153801070514895,-0.0001929621940534032,-0.045339057735665156,0.006130152493324825,0.04803919414518765,0.0071155774673195005,0.014661161486429819,0.0031094798124160494,-0.018121569311551955,-0.0045775516193486965,-0.02177267383447401,0.001132275412196515,0.012777605308207152,0.014699741295408852,0.03140034873378461,0.014751212960160132,0.016189937867891135,0.02385664363489104,-0.013743734455700762,0.00019682187246528038,0.02042716732807537,0.018032083276654953,0.02160770004009227,0.004579543552025944,0.015762737543955962,0.017662324961619458,0.00937974615284598
2021-01-11,,,,,,-0.007339372255867449,-0.00578737354886627,-0.013157101275336536,0.0022202021982091757,-0.04591588875761199,-0.01673112707910751,0.0495791120158775,0.11355033649697743,0.0030101788971341747,0.0005999882162706083,-0.03577974465543354,-0.025126821849858705,0.015361936577133584,-0.009898135851227674,0.014714549144085654,0.02164053910460706,0.00032217375352305844,-0.00952277350705022,0.03532908340012186,0.012026261384685766,-0.016637826086042362,-0.019234663160289434,-0.02022541425615576,0.011297088270785682,0.002834783902825766,-0.00997434634751293,0.005846705191659751,0.004755168109956687,-0.09982019694632116
2021-01-12,,,,,,0.013520792694099004,-0.019631939071199866,-0.014426484100612091,0.012038924977457732,-0.04559533608952793,0.0057048204700185234,-0.007130117807674474,0.07772499656981213,0.03301307074451443,0.04537293258220032,0.014272073011092568,4.843221244565932e-05,0.028711439980263265,0.007569121474061857,-0.011621261702102204,-0.015988683923333524,-0.018276851033107833,-0.014362727191080893,-0.014132811335250683,0.0010610179871954895,-0.03450426564604758,0.011626697569351307,-0.0030157024837270674,-0.009240106015341643,-0.02717917185372698,0.0048407465229074464,0.004472537339850868,-0.016539042051184616,-0.014985015594147666
2021-01-13,,,,,,-0.013036385742109635,-0.0190807594026019,-0.025562561272418294,0.020270178210950007,-0.00216415078414145,0.04968208248883288,-0.03680437957366656,0.02018502267907407,-0.002324168910957547,0.03623314757335194,-0.03263317584395209,-0.0006807355228665157,-0.031962988255313185,-0.013182005209974035,-0.011926014593559686,-0.0017197760796380246,-0.012056214826728029,-0.012767194304237117,0.006696117143563773,-0.01897195500703741,-0.02105988957656546,-0.02762678223975712,-0.018456345364760374,-0.0071686551083730565,-0.010824200885327095,-0.030744656798008863,-0.02404771352472479,-0.01474950897448335,-0.019945889587439036
2021-01-14,,,,,,0.0013345225018259743,-0.012792124060059584,0.03512355697956204,-0.0073686040330948055,0.049991839034249974,0.0005591090903616092,0.005591838040674757,0.010304949437614175,0.0011647453748757641,-0.01107109556391539,0.022919148881033635,0.007883190736512224,-0.0047909265542254165,0.05372002855932445,0.0035729466183271885,-0.0009505440784514096,0.007886330644765405,0.0014250733192102683,0.03597522310026946,0.007886870940125634,0.026783251088327242,-0.005211249670531992,-0.005265257274067459,-0.008902906020778034,0.003679909812536186,0.010990775171586531,-0.01044053443441495,-0.01833811797794338,-0.0010347975139174403
2021-01-15,,,,,,-0.01496846913707206,-0.023551263031773573,-0.027585130837976868,-0.009020902166106626,-0.021172217918925873,-0.01676144078201558,0.0027803274399678113,0.06201552008850375,-0.004653838481211592,-0.0038249388726178113,0.0016170699416473422,-0.012939339523993176,-0.001301081300701612,0.008860542149583317,-0.01810176084614956,-0.020454182888049233,-0.0045299112089972615,-0.0214512941097611,-0.01143957239718918,-0.020152323479304735,0.047014270656892565,0.0012814043389279828,-0.01271814856015463,-0.0029000842008002348,-0.002476167469206092,-0.03836922590926195,-0.025763705133137638,-0.018160099098777804,-0.006215532709289651
2021-01-18,,,,,,-0.01238543058141306,-0.024885426004007227,-0.02266804706860792,-0.036886067157410274,0.0021102611448167163,-0.02358169458259496,-0.010166327151549304,-0.055128733409101294,-0.04032727607592501,-0.04392216598807419,0.02807533135831708,-0.010369732366866002,-0.04481483577436951,-0.03850834385895574,-0.03082803109572063,-0.02664802913486264,-0.03781220447167455,-0.021811953554893515,-0.027581021601975952,-0.017831666975478333,-0.012953226954134145,-0.03353064497104119,-0.03259564073954657,-0.015464245180726532,-0.017603409586485874,-0.02356602836803745,-0.0269590209484335,0.02537458861994102,-0.01598323759918474
2021-01-19,,,,,,0.014156809664117365,0.007926880438710482,0.020566985978315078,0.043812192396269545,0.04538033754770998,0.03355949705274042,0.03267977406378075,0.0516365431866721,0.04019484045783406,0.0360466224298559,-0.0029349794693617204,0.002866748576691558,0.029414341915507958,0.020798217370431304,0.007284102305685991,0.025818366158818273,0.02596937786921516,0.00957841883485333,0.024647242409385983,0.006014649397947824,-0.019459960512994257,0.05070082832065892,0.06817201833636455,0.0066286072503991544,-0.008893673401788704,0.02826367062331392,0.012204452326802784,-0.0002318733707403764,0.022245718649062773
2021-01-20,,,,,,0.006373553424288136,0.0499993670579042,0.033587994437534574,0.03140898554762628,0.027496650550868695,0.04842351844366877,0.004520726506652251,0.06282624379447266,-0.007025669219403952,0.013519914512166276,-0.010775484646861067,-0.005125714370697421,0.019608661508130565,0.023953811202255038,-0.001621169100740949,0.012584431686186726,-0.003101034091013144,0.0017363098311762304,-0.0006426023611579845,-0.003985838626918592,-0.006790158754109488,0.0045976754430381295,0.0015799423477673713,0.0062989526111711935,-0.009999868164242476,0.002400951176386057,-0.004840898230859092,0.0032479702798782206,0.0024180041693653287
2021-01-21,,,,,,0.0012389321733488057,-0.009730524689692266,0.012407510629347529,-0.018015398863325593,0.028084128538366837,-0.01960253734056494,-0.032403210423222806,0.05711160766150236,-0.021226416419598104,-0.013806065078476926,-0.028259921697998958,0.003814616843518248,-0.030146781598547,-0.004705581688402294,-0.005599657698143967,-0.024075464674935043,-0.019842151124557894,-0.0003050306960695748,-0.01864963967287403,-0.01745214034855891,-0.03075339199388638,0.027368688962637666,0.012815815098679462,-0.0034853397280595333,-0.02143969920789135,-0.02300220970137057,-0.01656451278935933,-0.016293980796575624,-0.023432177892865447
2021-01-22,,,,,,-0.015159765661849178,0.01151292083364508,0.012547300199620137,-0.018811649212660986,-0.0009058668935504333,-0.021637886950952923,-0.01674421443495644,-0.00430138587263873,-0.043373592425229535,-0.01759348508884051,-0.039971224585245047,-0.011992421207504322,-0.012371100356068587,0.0010806777468770346,-0.0030283387757578106,-0.0054751827062037295,-0.013209733181207328,-0.016617585029859883,0.010344575458937744,-0.10906212046605712,0.03624250323618994,-0.0284763017146199,0.00201022852167565,-0.018701027195912823,-0.016337918734523615,-0.014794250617373494,0.05281065877702251,-0.006817165298922956,-0.02081860982198691
2021-01-25,,,,,,-0.004328420948791156,-0.007755589907805449,0.020296435731097073,-0.024487533763823954,-0.01598511274539438,-0.02267643600783853,-0.031220428877367423,-0.035251516390806814,-0.001889194085886281,-0.023493204633516118,-0.024594531435012223,-0.014785183257286949,0.0007688984890925621,0.024288121163921872,0.009033208650682578,0.0352591689243924,0.019471572094694523,0.006869326520145824,0.0024555268986423684,-0.028063451479767743,-0.014664144215617236,-0.012840441938205216,0.014100016697503603,-0.010183201710836975,-0.00048649965656000216,0.006993476336459636,-0.008994847611562329,-0.009649725991693225,-0.025585607580236536
2021-01-27,,,,,,0.008413719375052198,-0.006735742099857611,0.02461376746251509,-0.0021405861297352224,-0.0024730160199678553,-0.009166509370753917,-0.031249970896168877,-0.0417336827592838,-0.04164033644165277,-0.028100897160572957,0.016713843075881085,-0.01997565411083202,0.043513390265494944,-0.03490967027643166,-0.03405866091320331,0.006811660303579048,-0.028308543406192155,-0.024096089876972426,-0.008873238359458413,-0.013457247058258681,-0.0293646171327554,-0.012976935674723689,-0.007914070598944112,0.0036006697497108497,-0.04133486568771605,-0.035490616729014324,-0.008900246739513618,-0.029984859829312094,0.035133136887705696
2021-01-28,,,,,,0.013071393019796096,-0.007640869228889735,-0.09581372353081608,-0.00185244498935766,0.004229230838979303,0.0004819489691538781,-0.012096762564130281,-0.0026169485541338577,0.015141534016430702,-0.006290021196311502,0.004572393457805246,0.006725297598016322,-0.020871217448557466,-0.021840215285439002,-0.007638644192134447,-0.0007121183392058139,-0.009564683343776026,-0.015302651435912917,-0.021402657475056097,0.006754308802207065,-0.01910851540166847,-0.007172297304683273,-0.018715448420961733,-0.016182089411913347,-0.005475795235936776,-0.014312399839392254,-0.0061527692106784215,0.026742123729001976,-0.00714540923048268
2021-01-29,,,,,,-0.0006518206274492844,-0.013247781643481837,-0.012064428874373201,-0.010159243623121927,-0.027108141483377035,-0.018108288290732633,0.04693877848919503,-0.01536736029172281,-0.022049375884680922,-0.029504836769190468,0.006260941093024552,-0.0014902059780786958,-0.005483720962972116,-0.03614271208474429,-0.05523614047988801,-0.01900463455158874,0.03871725532470727,-0.01746475648567991,-0.039786596411442554,-0.02183645039307136,-0.012528210515848737,-0.015737267521760412,-0.025967816094466523,0.009154544687245414,-0.04065627487113821,-0.008828476317085943,-0.05115495130336034,-0.04376626869010958,-0.00971565940537178
2021-02-01,,,,,,0.0026097412722323465,0.04639333039429361,0.0070533730408475215,0.060297996374522045,0.01925562256525981,0.06484194933674536,0.020467839518738318,0.06433197444058014,0.05968176494379751,0.03944871532028649,0.07451419205371068,0.019453418999101135,0.04033265780648221,0.013754143913565775,-0.037923445911051346,-0.023610554216194513,0.006738388145892449,0.027820133222479004,-0.019055096165091934,0.019903180127515574,-0.018050399246268833,0.06844364417564486,0.11453373330691785,0.0311232414218241,0.03789416602665541,0.04566617063693901,0.06053177446728264,0.008725137808240246,-0.004723903535181817
2021-02-02,,,,,,0.007260599789711497,-0.003538539904542559,-0.020093327927451,0.050260718572572305,0.007517648202953309,0.014831866739913213,0.002865303935632557,0.151645203624178,0.04630800925526035,0.05171535818937967,0.03401791889449379,-0.008985750093953526,-0.016926816190366623,-0.010140186385582228,0.012273795591492442,0.01884911716688742,0.032703456635104766,0.0245409311628364,0.0446175008593277,0.032436658628157033,0.010249660874427136,0.02265443521204502,-0.025252505231574518,-0.02574921021341192,0.016552530232975426,0.009166953370017605,0.020305866876333623,0.03283910253173339,0.014603870350985648
2021-02-03,,,,,,-0.000782066020657779,-0.0038010003333802667,0.010275120428794304,0.004253667588647092,-0.005087456028306514,0.01688449074097864,0.0,0.027950407340159744,0.007177033947348699,-0.0038490392930216055,0.011636317043538957,0.06953287855404122,0.033044958284650594,-0.013994752885747141,0.037267173255696395,0.03365382205182765,0.032406095087687437,0.037099119383430024,0.0061500120661681645,0.02477661071947268,0.015575922423491484,0.013898614811779675,0.006305225594096742,0.011966755937814266,0.03490764555875936,0.001371047167470385,0.0027534425690491915,-0.019547594694888426,0.020511019547393206
2021-02-04,,,,,,0.03372235040860372,0.002072781103662713,-0.0006632888853668195,0.04076958071864922,0.049965960132335674,0.014818993349767995,0.014285677955264031,-0.014652570924848174,0.06413292634076506,0.023377297817977594,0.012780899590554506,-0.022432921664275907,0.02697932921807422,0.014340092404259375,0.003957407276460101,-0.01742709052672109,0.003655739828177129,-0.0003667601883491356,0.011984630883433267,0.021684872825063817,0.00222801980404963,0.049522282627547654,0.01725027606369034,-0.012768363339579092,0.023565751766548626,0.013820360233613993,0.028797392303180347,0.06780553384311516,0.04301827019354887
2021-02-05,,,,,,0.023767222020845136,0.09999863295919309,0.0247357263796264,0.009581113052568924,-0.0007884745695152517,-0.002551004887517805,-0.017840336825244107,-0.03142729720405146,-0.023995590962501256,-0.008873141714190846,0.014174011801407094,-0.013252161825448971,-0.007131083344918854,-0.013993176567771992,0.02848143110808876,0.015878718512183587,0.005146310648803443,0.03901980061804977,0.0176446524442484,-0.006586914617022432,0.07340221372291977,0.0061219102949872095,0.0022318488078822973,0.0016901307367174212,-0.0017002631419172909,-0.01738821911010524,-0.0046624147753471235,-0.02652901746990277,-0.01284647717980425
2021-02-08,,,,,,0.04096478117075475,0.0267095250331435,0.031004493293941948,0.05534563311655272,-0.012718816257410337,0.02663363685947262,0.014340307646580674,0.06346941926550387,0.029159548387167167,0.020476193593579106,0.0598981264935623,0.015602666505779572,0.044827786565225125,0.0465795705113643,0.012268437586299807,-0.0005308872552298727,-0.00015754663041067651,-0.010621404229256504,0.0025703783899317934,0.004420367927663094,0.01257802245535844,-0.007375482483229057,0.030738942825303317,0.003668061109378007,0.0035768497891546236,0.010694974984120309,0.013017380180244897,0.02183436165376529,0.03219175991946699
2021-02-09,,,,,,0.014239676935721812,-0.018035279075574562,0.025967427044364833,0.0024669097838248,0.021251679621918873,-0.00017186884084896548,-0.006597520932073331,-0.03244529998405732,-0.03166647371382225,0.06756884564542731,0.026068596989766046,0.009528824973253913,0.13783971711884346,0.00965718712707142,-0.0032305933705896184,-0.006491603195481921,-0.008821571086650604,-0.015627379158702825,-0.01333205075728483,-0.010268925582060051,-0.023357887692667334,-0.01771640023347143,-0.00792344646449794,0.03048034596657545,0.02701990788806663,0.008541956228000247,-0.019903466119638114,-0.00295333953872845,0.02256144143414396
2021-02-10,,,,,,-0.014222658731119386,0.09999403969130527,0.03780176141217173,0.033103157660783644,-0.005156390041409775,-0.008763576298897013,-0.01138518842442049,0.011844378216498086,0.01090061649660834,-0.019057521437136238,0.055852664618962544,0.031880541276038565,0.01753409147625451,-0.0038814364159824866,-0.004138997396044952,0.025720230053252413,0.005612717009272794,0.007413921159303838,0.010205016020004676,0.008275671098848747,0.01307129069542956,0.013999140651609565,0.028798163407393718,0.020073615947138634,-0.007800455324108779,0.06851497481379565,0.014598273904914638,-0.007494604160036111,-0.010707391887869622
2021-02-11,,,,,,0.00037079221486413516,0.09999787083594347,0.19998454743653227,0.012140775450659946,-0.005414388310714946,0.026003239246085608,0.032629572946108576,-0.01185771311012418,-0.0034051766256777416,0.003653703620728921,0.0379609173229154,0.054230670351937516,0.11884931633328844,0.022404813970011705,0.00020733344126511177,-0.0041695023701012746,0.026391413177002443,0.0009332829837889189,-0.008371346352743614,-0.004287566758845784,-0.006135780870881069,0.01664564834201765,-0.001104913690056497,-0.006744967258503154,-0.002131734879930125,0.0065857253890715395,-0.00532400481453188,0.004332863210100735,-0.009183298947258667
2021-02-12,,,,,,0.0697344348615383,0.04999464262214759,0.045400952887162394,0.09163382292761613,-0.005257793171809633,0.04181805433383046,0.06412635369014352,0.0012307330532839167,-0.00569492699148999,-0.003818045668899761,-0.039419891284681485,-0.016645166723783578,0.002592399602254547,0.022594088442283278,-0.006849657500808015,-0.013084369478962965,-0.025635210867201663,-0.00917736345553366,-0.006744366479742969,0.0040600245215711706,-0.04196857760744932,0.0018681199746917176,0.006083328184059544,-0.004550434210546905,-0.0019360779361528024,0.030362412666492755,-0.007791592113858048,-0.0013425910495253879,-0.009930486393211257
2021-02-15,,,,,,-0.010855181321577256,-0.03659894774101502,0.12414158583474943,0.0618958781638661,-0.005706511871065745,0.01808301594342554,-0.006113510566836511,0.024431551290227782,-0.006872762827004331,0.013726735039702787,-0.0048492053519262335,0.06136049738041649,-0.022388489334900563,-0.018501201770112163,-0.017143243188715074,-0.005008655053909239,0.0005581352066792444,-0.002244862647901247,0.005270759979512762,-0.00024500987858977474,-0.009163643447157477,0.03628886037423218,0.025187788073832706,-0.022083117965310373,0.0018729106181165633,0.0047147759807093514,0.039485865116738905,0.028985907657399057,-0.02373790022945832
2021-02-16,,,,,,-0.022736575145655413,0.007366824420838691,0.019581523076385388,0.021939795750235414,0.014536457258391478,0.014018394848817284,-0.029876990260873537,-0.012449372177253393,0.04094578807337257,0.026466159354385566,0.002042236325473068,0.08059035566587092,-0.027910906418061376,0.010849025506620924,-0.0028131771671086048,0.004796776090932209,0.005816841874194845,-0.006615389665332261,0.0361341077396935,0.023164586481722482,0.017481983457256156,-0.0033907291107887483,-0.007316639628417443,0.0001436815033861727,0.00480741552988917,-0.004465661735840176,0.028345748121743952,0.004006569893943324,-0.014725985592358715
2021-02-17,,,,,,0.01463433888440524,0.0348980330411266,0.05173456572633417,0.006729077617300572,0.02406561253528361,0.030162566773082045,-0.0172101069782441,0.002885781324420744,0.009418408521973731,-0.005739220763839481,0.03063556297058323,0.02139286415145225,-0.02733582516038424,-0.01583052065085977,-0.020451111283213308,-0.014911194551541884,-0.015685509298801192,-0.019327367706145515,-0.030452184385119985,0.0031145181644158804,0.06942891488512348,-0.009565673303570055,-0.02628429087513484,0.011145480595935897,-0.0046849080627973105,0.006196253812160046,0.01897245172747697,5.209524508398289e-05,-0.005213764116633324
2021-02-18,,,,,,0.0015012086080188336,-0.0011451266145676708,-0.046510392226358,0.028964302601025338,0.004754358161648264,0.01265724958220682,0.02672810614350829,-0.01908230871205996,0.021953839018896026,0.01852324997312471,0.04004229479140675,0.009761238079776025,0.08408191265720655,0.00667932003166305,0.0035648827763616886,-0.012265177015387652,-0.008370516256358873,-0.007634305741615832,-0.013353608461087352,0.0033436258873453806,0.03935989915895788,-0.024854823858263098,0.0013057100868372196,0.014720693309223654,0.00023389618818625557,-0.02281905825921471,-0.01959094114881277,0.007182886180814085,0.009433897883624143
2021-02-19,,,,,,-0.015165724405997505,-0.015752164279901004,0.014949996347074057,-0.03254144396331626,0.007390672529855813,-0.015887390133285884,0.002692974151403238,-0.03705415883075469,-0.021482221780166122,0.046523457703480764,-0.02405630387351465,-0.025651806016298684,-0.0248922094808548,-0.010561914755219393,0.013970280941016933,-0.021927495970514244,-0.014203447788003087,-0.017964309197753492,-0.02621010080660946,-0.038324218513510755,-0.013377621805313322,-0.011755669602102836,0.005049527510982088,-0.003924622987690474,-0.002970370937099287,0.002899713211353294,-0.008344687924626282,0.016795951528796982,-0.008307351842119837
2021-02-22,,,,,,-0.03554360188243999,0.028466774082348545,-0.05986063040646028,0.030694446965822353,0.021248994397019327,0.03106360796104002,-0.0062667586701972144,-0.023569115140545938,-0.010977093859731668,0.029987085817247294,-0.039216024920396664,-0.01113236291615638,-0.0024593312244945986,-0.019843812955720908,-0.04532788555412204,-0.018455300977847755,-0.01975947171272152,-0.007535807246321857,-0.02564361029148221,-0.015717794998911905,-0.012194864662566474,-0.022026236010766365,-0.024374518064153583,-0.028213770263422644,-0.018476989158191404,-0.00431765702641973,-0.03515864398657531,0.05518010196104073,-0.013961605584642212
2021-02-23,,,,,,0.010551506464306915,-0.018866872629333065,0.002830540894343203,-0.007755314336133412,0.047965309336419626,-0.017512618426201,-0.0036036000430957893,0.06403944505371229,0.02164264484488654,0.026445910253910077,0.028265539742225787,0.0163928781298468,0.027650293208472787,0.01019269304910253,0.005795224457138204,-0.0018929764998398824,0.01469852751442735,-0.013841721332726653,0.015067745571913038,-0.03093182965394814,-0.0035780596379391127,0.00127390144107431,0.000804920222429395,0.02186523596985701,0.022712497845485347,-0.00383298157614953,0.05324796107586338,0.02878826363698095,0.001769911504424737
2021-02-24,,,,,,0.026057990759486005,-0.013204636000121006,-0.05137566282657835,0.006940470564057222,-0.02244605975751257,0.004833879670455898,-0.0009041797922628714,-0.00725300544939067,0.021727440109514662,0.027981550036751512,0.031819775980568954,0.024950366724968198,0.011448949005649522,-0.004146567828506087,-0.013258718044625306,-0.0024020934416992823,-0.00430453734160563,0.009221918339733515,-0.0021771381696481518,0.010769477171911568,-0.0024569536451538587,0.03328576988836951,0.01907854498430228,0.01856296306313432,-0.008836543105979366,0.005480090742270072,-0.0038864830310664233,-0.0413577179254655,0.0045935964415857455
2021-02-25,,,,,,0.030738121368269367,-0.011631316927264934,0.009677536408007947,0.04756585062690588,-0.03489111695356084,0.0587793540656989,0.022624433998618354,0.03575313418356485,0.0207335049789239,0.08969214332342967,0.01887767511975058,0.05858261244693108,0.0126703650895168,-0.008050032096682314,0.010055042093622957,0.025473725362081145,0.013467632544730712,-0.011494024271751613,0.016165818299551882,0.02130938342461386,0.0153464569223567,-0.0059232810606552055,0.0063579878842576765,0.020450831275447667,-0.0025902958394103948,0.02756093106441937,-0.016084339518224078,-0.004884106600027693,0.014773170550009818
2021-02-26,,,,,,0.01893498862430376,0.0006158487495204756,-0.013454403754620592,-0.011677509223571914,0.02773463772414342,-0.04032370018157627,-0.02300886942418079,-0.03061673148176902,-0.008854119875004951,0.009418458298129151,-0.01891351633884486,-0.019521442566658442,-0.03394802445885259,-0.020148285061924565,-0.01196390037407491,-0.027312654169243777,-0.024526271966733182,-0.022368839328795076,-0.006099973791182545,-0.019105042160729835,-0.004126031856376722,-0.047929782938979426,-0.059998305077068936,-0.044785286595301566,-0.03801408196981293,-0.02215701759041422,-0.03075229881573771,-0.02007357780260066,-0.01906412478336217
2021-03-01,,,,,,0.10161113137163458,0.029061017195470162,0.030775549561475657,0.021411882565131046,-0.016252080857625417,0.025151555772905843,0.009963737052294697,0.01656591561923415,0.028901786209111435,0.005341585632684831,-0.018409035172509025,0.14254929373895875,0.03446580081029005,0.03869773653946629,0.00606562491218221,0.0034939862246914366,0.016565905199857456,0.029273537789900494,0.0047136096067348365,0.013967162374454833,-0.017883507945259947,0.0003607217559480347,0.01300189231055704,0.0065653977509017025,0.0007712770521601797,0.001846565799002775,-0.02863870195657403,0.014190812927428853,-0.00035337845765237574
2021-03-02,,,,,,-0.021047811683178153,0.04999532868011314,0.022802610978863713,0.024721044240959555,0.020902695517911907,0.039832599579457284,0.09955162765269021,0.05315256721407313,0.025025463593145725,-0.013181879540767327,-0.031775677461788554,0.028201365562542824,0.10799265374768874,-0.004536752554672452,-0.010935303649141415,0.02785520818114362,0.016130251217297387,0.015989902338864992,0.030738465333126186,0.005939548104082704,-0.0037520442139167276,0.009398571403896439,0.0105330145338014,0.022048869179374986,0.0028730451835576876,0.006758329448943945,0.056748457631744076,0.027688263844664718,-0.0017674090165691325
2021-03-03,,,,,,-0.006086537437864914,0.01782665515494486,0.0034628600221924266,0.04905163079338659,0.0098296548758805,0.012977047475604575,0.05872751222780037,0.007953703583066352,0.04882911810893131,0.05833854746489697,0.021866575530265386,-0.003545055828392707,-0.01298664197054189,0.007457501251537435,0.0222149391200821,0.0008622233982888972,0.016525425311164632,0.013719513940573691,0.006021073638859953,0.011809111260157712,0.03698115238515598,0.042623500712241524,0.05250588499352671,0.009295228610369355,0.0459056037616814,0.005797465486685693,0.03064908123373189,0.006583120950170329,0.04674225386800046
2021-03-04,,,,,,0.03976463015442233,0.04999873513881514,-0.021276039737874064,0.0033321181539378575,0.007098508237125545,0.030965208023463697,0.09938374121892224,-0.026685748461378722,0.03847987116483087,-0.00534488067458827,0.01471718337443062,0.006397617235975428,-0.04546816497089223,0.010966428111700788,0.016101917072077532,-0.007076837815551573,-0.008648768896923231,-0.003281749338224893,-0.01182892695548543,-0.0073255376259917515,0.09563967833458142,-0.010283062146332456,-0.025554139362783834,-0.009621985340823258,-0.017101941875455218,-0.0028440818024335623,0.003472551115812239,-0.004741874705374238,0.002368002960081217
2021-03-05,,,,,,-0.010325800024527987,-0.021377272584953477,-0.012034872785876782,-0.009255323153197326,-0.010045181419675697,-0.004651403760631223,0.042046209428744374,-0.04142111227541301,-0.017840897027822655,-0.030752349197240125,-0.021967643405253923,-0.018977732968910033,0.019525320383507516,-0.04800003632162497,-0.018043531353053477,-0.0019832899379021995,-0.012521422231317136,-0.015914144124184793,-0.014450595925425969,-0.012883042512328302,-0.045022092215779796,-0.007474091972503816,-0.016964544249261193,-0.004510817240084397,0.01648211533938726,-0.018938992811433075,0.03378744396582012,-0.017300100417154574,-0.02868714259259142
2021-03-08,,,,,,0.03843682331825393,-0.0036251082530786016,-0.018581925380391606,0.00032968709581315814,-0.0009806219689298956,-0.0007343338474593564,0.04976461175610436,-0.011994280184581152,0.01583611439270083,0.026651592756757214,-0.006526045960107418,-0.009704260818475863,-0.003874869132779013,-0.023216081547025147,-5.558860339693883e-05,0.005092191393423651,0.005890141588558828,0.00308842543994281,0.016646444595975085,-0.003167755658358362,0.0058636279305934735,-0.022819306825605734,-0.01195013517026633,0.007947022499557699,-0.009394734865319387,-0.023568623161624003,-0.028894492708916975,-0.021167945959831957,-0.002779665833565703
2021-03-09,,,,,,0.0055819548250879425,-0.01275113901396907,-0.028701064919368857,-0.005493265253169732,-0.0046091025320837975,0.0031400362051425823,0.04868681609682546,-0.018832674002776884,-0.018798748240619112,-0.0074171128902982275,0.02658623102531754,-0.018640926134063762,-0.02669800001113576,0.011227789155647816,-0.00978350715727283,-0.015137473912213761,-0.0035782633841859868,-0.0012827682422803521,-0.017706671319559275,-0.011058855819414903,-0.02320090475335279,0.01774206014614954,0.013217696005302093,0.02386061745789325,-0.00894377767729837,0.0017071820284151329,-0.012315248700362269,-0.0052028304545431725,-0.02473869722479316
2021-03-10,,,,,,-0.004045996460278367,0.009991824314206532,-0.010272400345663568,-0.007788245903526336,0.01667816331379779,-0.007192818421012048,-0.04948078057976635,0.019828699543525286,0.003270997516562346,0.0055060938470730125,0.030361829688994924,0.04036437759767142,0.006296908694716663,0.052631635418272316,0.011712290450190954,0.019322592199327193,0.021873768866631282,0.007107752417385926,0.025100622338265488,0.03483284505957762,-0.005648691125180516,0.02400749398523927,0.002236943457150531,-0.011956348202709188,0.001941104487330536,0.03432148479629671,0.001062821330911623,0.0030912563431122475,0.001429060040038177
2021-03-12,,,,,,-0.01543230760167369,-0.003922874565042811,0.02704204047012171,-0.00450937703960308,-0.021127692246710406,-0.023076505828598992,-0.028920356735474884,-0.012132625790122087,0.054960406015063246,0.02196863886073208,0.027004939214743562,-0.015850869641613863,0.01302934651455967,-0.0050687228887499325,-0.016420794088421786,-0.00793952826461608,-0.0198082671692259,-0.004549189326771952,-0.00779970054213186,-0.005837739961109811,-0.007186179826804029,0.002308147397364735,-0.005739949058503169,-0.028098587986937207,6.817809428349975e-05,-0.020423070396888066,-0.008192778244061505,-0.00991148755703275,0.006421756649794608
2021-03-15,,,,,,-0.020278274643248828,0.010980890326401482,-0.01497619781768511,0.0023488656364687444,0.02800275778361283,-0.012497466683050296,0.049636003775060944,0.003149164584523856,-0.015010887958548325,-0.00204116675898125,0.011648190586027507,-0.013215018630920672,-0.011902724318415325,-0.017210280954297774,-0.01903302497727477,-0.0005583883819992863,-0.013200747849248073,-0.028772429147624456,0.0125776464476417,-0.011119460558106864,0.02786090907699834,-0.021375048963630294,-0.0246675173499864,-0.009355643573091932,-0.004282343904785435,-0.01212602442785582,-0.006582867692457528,-0.0030115520622814307,-0.020205643685592967
2021-03-16,,,,,,-0.022084794133401586,0.012129056533875415,-0.009734146754495687,0.0017852556588509039,0.02237873924108902,-0.0023641261433910987,0.047919369420426294,0.004394931356017429,-0.016584710871773822,-0.006455714169028903,-0.007779756537922844,0.011428356241641957,-0.020095892352039013,0.011487700721598326,0.02474520267383995,-0.016387416135945854,-0.00528489794063014,-0.009601315031523727,-0.0085161356994653,-0.010233682269295552,0.06888553275802467,0.0031069202837412657,-0.007818090466601646,-0.0015622802603354469,0.019216535586079164,0.00843405353267368,-0.012143144350623247,-0.005146776237062611,0.0003618165908971793
2021-03-17,,,,,,-0.04204186568797896,-0.022614322630018058,-0.010641269985704027,-0.026620644855986586,-0.045499260352809046,-0.04056595455022749,0.04933812595776277,-0.04422580183467928,-0.05834084665738759,-0.05680652333514491,-0.03134915092716872,-0.030237455334193863,0.0002329905151270406,-0.03268683596464028,-0.02109131556171373,-0.025432178763854396,-0.02913833223779061,1.4900125205663528e-05,-0.031082475275574173,-0.008935493861289778,-0.06775853729091386,-0.01762299425422298,-0.009174820408122786,-0.018846507301902182,-0.0120224226058403,0.004397676412166263,-0.018283914797704304,-0.02641091561800779,-0.015913178649129778
2021-03-18,,,,,,-0.031441885945950765,-0.038588529522155746,-0.007443924865051521,-0.0032612250278875043,-0.024435344884527588,-0.012495513237650413,0.02350916484270993,0.003924221591579791,-0.02662138564299199,-0.024418536218474007,0.056117085344422835,-0.025633398851613642,-0.04479271245635974,-0.01689595080320183,-0.03285246567731348,-0.022016444998771423,-0.017443233820004345,-0.031199130799247188,-0.020619075120445474,0.0024472074707171387,-0.025978128605998463,0.002248422494641078,-0.009968407078514985,-0.012974663359478833,-0.022330308395157594,-0.029671714101377478,0.006550906134720869,-0.02745842266999543,0.00698270435084658
2021-03-19,,,,,,0.050264671182121745,-0.04351795153847171,-0.004925646363896141,0.02135361125069557,0.049962584161455936,0.009710793804452944,0.03305322913048081,0.0063518451448325575,0.035803084221514014,0.05159760533812707,0.00635584736226269,0.02041284301974744,0.02972756374408747,0.04893699646071892,0.014646196702103431,0.0072832512158191864,0.006526792361774447,0.029759561640565924,0.0052507701336415025,0.01683156504473371,0.03536538577586157,0.015153040606529888,0.0011134769568328373,0.0111625815688432,-0.0011472923232963561,-0.008541107733428532,-0.024484296591669508,0.02760645129082806,-0.0043796065950045815
2021-03-22,,,,,,-0.009377996205656158,-0.009060253769284765,-0.009963754057864205,0.1139772639666008,0.049974825428497516,0.05194919426193878,0.04989154282261321,-0.019097158152130644,0.005760845678420168,0.015557474501187718,-0.050055766276574154,0.010464478417008038,0.0018653938512696033,0.003610066964030212,0.018598674232405576,0.01603900344414133,0.021961130640831827,0.010577606652766969,0.01054622213759937,0.016553030848978967,-0.02636679145656229,-0.011717762727016412,-0.003686165107254058,-0.012491800956062282,-0.001392169329196391,0.006379807308608543,-0.027091831857930515,0.00392266154149401,0.007331378627178697
2021-03-23,,,,,,0.0022309743603119436,0.04999951623849164,-0.014741694371011582,0.06795825686563983,0.049073690814856796,0.02306409214244387,0.049586728006576486,0.014354198439789023,-0.0019093333527420153,0.003142499072773308,-0.04558850042821416,0.03247310871774589,0.04781884361880584,-0.0005533311262999607,0.004203157051142936,0.004205177711147812,-0.0053301495240456465,0.026424457498193554,-0.0008368479197385925,-0.0037291358878325243,0.0026738671851498363,-0.0019576949214621386,-6.913392620278014e-05,0.0054422902210231605,0.0024745984330716286,-0.00024229249096341388,0.018593035961172788,0.018216098491762756,0.0021834284212838284
2021-03-24,,,,,,-0.044296201805565705,-0.03537033222035224,-0.025209275537665055,-0.03113191742828958,-0.016975639183710034,-0.04292200831052284,0.02706698585971301,-0.042127484454347774,-0.03156388722620085,-0.037198971595139185,-0.049743526404584126,-0.026389073233966998,-0.030941513602512294,-0.013981277439925388,-0.004974548878319052,0.02171113045808437,-0.004338082579638525,-0.004233582969255911,-0.002414129473312099,0.0033687695706072773,-0.0023258943716291114,-0.02017161838511905,-0.02159969924988081,-0.01031389910932956,-0.024545533280957543,-0.01514540057063185,-0.026605016714893126,-0.021727640051734887,-0.018155410714639886
2021-03-25,,,,,,-0.021981706590597283,-0.04137158530843954,-0.049506338466341004,-0.042810431174073016,-0.049986392518049594,-0.026313862941581,-0.04983233702474277,-0.03022582668206253,-0.025678886150684144,-0.008947421716716142,-0.022603608050613233,-0.002827411964819615,-0.03120176141567621,-0.02414702170337457,0.006907254539145091,-0.00718834368261323,-0.016316101082105017,-0.008890829057844218,-0.019903206089325942,-0.008953019723615285,-0.014972783625444297,-0.028101082557880686,-0.015703063732097178,-0.014042812252214265,-0.010407173743148146,-0.02640971200062525,-0.02087130397045689,-0.01513229269286731,0.0025888025992308883
2021-03-26,,,,,,0.014838573586653858,0.007521636894953998,0.025406158393835865,0.006876814799859465,-0.011778670253551615,0.02150384488925683,-0.04992434568467419,0.03799688644104804,0.04865678949572949,0.017919390948820668,0.00871065595816467,0.017501549246616177,0.0187170995634931,0.02258653537619648,0.0058097658617053405,0.00025395133793315594,0.01988714736872499,0.004275278070335897,-0.013403910999668422,-0.008155544369164547,-0.015486048019183518,0.011879701772463891,0.045255085594045674,0.007046573722565119,0.008463942847435346,0.04106834262065151,0.021173086971342903,0.01987864917073434,-0.04168210275226669
2021-03-30,,,,,,0.004492333546785465,0.01996580802098613,-0.01816056248322573,0.04376208361630329,-0.045118944424804464,0.010667647336593866,-0.0498938708303831,0.002192826153673222,0.0014499184339313853,0.010884995885059645,0.0030210456595469726,0.04170393281536877,0.026837401322081567,0.013787226143047837,0.0254653740972397,0.03143054987227201,0.01788149371081471,0.03443048290900319,0.027529519834343485,0.03339646153938558,0.035127419705180296,0.002025999708476167,0.003686326991134692,0.023894497322319408,0.02353563349412502,-0.020836682259229966,-0.00618166946118992,0.025999881868329355,0.006158607308290653
2021-03-31,,,,,,0.000997076338921099,0.03223740516050588,-0.01038872824628767,-0.0003877826059157652,-0.04560968143619171,-0.011469856165324255,-0.04972063735281318,0.015990667648234203,-0.0033782703853550977,-0.0005982153098214038,0.010067212559804473,0.01869512588033606,0.010569233331838124,0.004718448847587986,-0.0004869965915814678,0.0035705436120465617,0.0001672483227199706,0.010755413114385437,0.014464658273157127,0.0011018044519752745,-0.007647866579274631,-0.008414419519207406,0.01749550525747101,0.01228655380182242,0.00017428791693197,-0.0034297250346631003,0.007576958865934014,-0.015140450744778655,-0.01644983891878582
2021-04-01,,,,,,-0.002987890457959441,0.02647577851188654,0.04248829355058614,0.0737523722182507,0.049961600635338055,0.048191884548157704,0.049970627279974034,0.019715119904085476,0.017433415272761765,0.036312784461682845,-0.022902015582322854,-0.00588582908403934,0.015830072302815967,0.00911594407206695,0.015865888580136156,0.003926023978124693,0.02166265632678588,-0.001849472964119081,0.006418710128770488,0.004035126355072638,-0.00419650766180335,0.02374853139646138,0.012504465225149142,-0.007469254104444767,0.0030701091487506105,0.007007293630384659,0.01876493990223782,0.013672745324945224,0.019836662708837993
2021-04-05,,,,,,-0.028029190403578763,-0.030790926229200988,0.03364615244717761,0.028044024658158584,0.0035773476738716337,0.008149456867983629,0.04983199099851077,-0.008773475052228474,-0.016182834229935272,-0.022269329426206408,-0.025403871366153297,-0.017974833558954795,-0.019752157322022734,0.023131664140879193,-0.0067681449073306865,0.001772002042491172,-0.0031926481777859728,-0.0013965305212388923,0.0018987505563377027,-0.00998648824603554,0.013614843077188743,-0.05873332700653544,-0.03144694410393778,-0.012807475780614141,-0.018746467791314614,-0.02482808288204985,-0.022573557559043,-0.03854957174919471,-0.02936694068858925
2021-04-06,,,,,,-0.00828129331747196,0.00628943825802164,0.08659448231312283,0.07656480630405449,0.025983509078101763,0.12569879773836634,0.049600016276041714,0.00885113022241879,0.01306243025596654,0.06215954678427904,-0.0040607594908367295,0.02473487813858566,0.026115362613917004,0.06113714362125888,0.013749131854393637,0.020006068090155482,0.019135928374510947,0.02133724160638062,0.012585713310128144,0.019190475096100945,-0.009314489185495045,0.006166253097063645,0.003991905993497857,0.021989372505816895,0.011554954993395983,0.01697332506154936,-0.0011591523857897856,-0.014134644585732548,0.02946954813359537
2021-04-07,,,,,,0.012111018478857982,0.0406024886127736,0.014236608821362795,-0.04884108010343757,0.0014651095244995194,-0.02489370357644516,0.015752005138986336,0.00016242689401724242,-0.002387806470561138,0.0035842801413614733,0.037671953939959923,0.024620488033557653,0.0710947735702614,0.06064053522113522,0.015890105233189233,0.0056209263062230175,0.0009667978116174591,0.0029418942113677016,-0.007390427753320994,-0.00012055980830694146,0.010451158659727344,0.01682315345105656,0.0021115250751555514,0.003872827884360719,0.01580291332040984,0.0011210433384738483,0.01652805430136195,0.02484887573776673,0.007633587786259444
2021-04-08,,,,,,0.010181351869580357,-0.01830002635360095,0.018844708945733535,-0.0026169941365137284,-0.025664564809419477,0.01012581055296069,-0.025512768120122264,0.01998051193810335,0.004786967441413381,0.009174877021045136,0.03337119297966251,0.008333516169279687,0.02331984146625632,0.00011881127404000935,-0.0007671260161684623,0.0013677225614461275,-0.010948886763497923,0.004379620946790563,0.014600642046888934,-0.0022937408369080314,0.002655607979728636,-0.009375365872875463,0.012075913215326972,0.0022861847464663576,-0.013107992610118635,0.026002660882394224,0.01586151876056463,0.0007326759718200293,0.043560606060605966
2021-04-09,,,,,,0.0026064690347056274,-0.007605133175121792,-0.0033415083567386317,0.03346240885512741,-0.019519519519519468,0.0007289223889799246,0.002566793921158439,0.01353719728430769,-0.008099051942520141,-0.017328753235709815,0.006466710099973572,-0.018018687776556686,0.014084147040153594,0.0016638971894595844,0.01519492645927456,0.04875300401056526,0.03662993404641135,0.010013141795564007,0.028733390968816108,0.017059837032435077,0.007886229197917594,-0.0312556658548202,-0.0026669976574671406,-0.00940905657917046,-0.007619659334566653,-0.002546584130036944,0.0038310914353822945,0.004479666712624564,0.007985525252381942
2021-04-12,,,,,,-0.08602439950207474,-0.054329917319966836,-0.09470306278385299,-0.10571001077610354,-0.0499671630592321,-0.09585955153195813,-0.04966723945721141,-0.09946580691723117,-0.11431323707781538,-0.06823969491813131,-0.053503230156117576,-0.05855760003137611,-0.07209533448828964,-0.011627859068685353,0.04971325535092608,0.021912650786130916,-0.02732632578266614,0.007275418489154362,-0.031775407655309285,-0.03806797064978107,0.02037103152604125,-0.07415390871824579,-0.04838482714658565,-0.010865614958186609,-0.048288070523276216,-0.059894006501884145,-0.04506830554024255,-0.052735718345715,-0.04537272434155337
2021-04-13,,,,,,0.018741877688911224,0.04042300897184781,0.0017867155952198122,0.029737623142729763,0.028001679851174632,-0.01826364880510889,-0.023706823241906982,0.05688365246581073,0.03958803989915993,0.011795333380216766,-0.01033016628499639,0.0027166598397776465,0.007524294749533311,0.05594235947154802,-0.043956872944363456,-0.019060337007066108,0.012916790624240004,-0.01619195851687938,-0.008754620060764773,0.006554623758221689,-0.019073543210700206,0.04827095193589148,0.07023229402145881,0.027353426017149518,0.009584939644746937,0.01155245951430639,0.006323510407352018,0.012182369507969693,-0.0030177981596668513
2021-04-15,,,,,,-0.002202659122036432,-0.009137411019095931,-0.027889474068278908,0.021331323583510198,0.005958426641110348,0.026400322014932698,0.0016555616946729579,0.0021463293336838607,-0.01773619817334471,-0.01343615972239287,-0.006731348432324036,0.0132631822404774,-0.0035065499090394248,-0.007503416892462145,0.014286346177412534,0.032761048904483614,0.00940463608220199,0.01746695334244719,0.013561750855180188,-0.0057746967543702565,-0.02053034160226941,-0.014475278484387677,-0.00683197733424068,-0.016498973833072417,0.016568946329897027,-0.017300936586543303,0.03396051570236991,0.003130920687062,-0.01475593672573039
2021-04-16,,,,,,0.012032850870538736,0.0007406317375109328,-0.0002336436168978162,0.025709109260005247,-0.012558988330960474,0.006863564409517409,0.011019326013387953,0.021416710529036376,0.03186405233345102,0.005540960152218055,0.06841375828527774,-0.012561013992871795,-0.009911943934527434,0.022909425515298842,0.009844155862724913,0.02608836209436083,0.020213120987053523,0.010162862037782494,0.005523514275068031,0.020390434805201973,0.05899187833192898,-0.00937703099703413,0.00873223062479811,-0.0054719868645901615,0.022032439463959275,0.013052321310512038,-0.003072826078077351,0.01780745427283681,0.008832635808206701
2021-04-19,,,,,,-0.009063206086985853,-0.019151371548963514,-0.028229173916069272,-0.01954269013392884,-0.04713151826688777,-0.04573127926756182,-0.046866517301003,-0.027741972725536246,-0.03448256693962315,-0.027751808159145686,0.025185109708333098,-0.018325509501793125,0.008546142360766451,-0.013549763476125354,0.015296505181245701,0.008794857189796002,-0.00835846447879418,-0.0038594027849786494,0.008334509802850665,-0.015744217344498046,0.0506051522444424,-0.029675641631345395,-0.03611789421618694,-0.035763478049272046,-0.0398338413249435,-0.021701814948409504,-0.02368228523458793,-0.01428750343975016,-0.02398179679406298
2021-04-20,,,,,,0.01695918047822964,0.008102518057058417,0.022800111352331953,0.00563209382472607,-0.011738557012967665,-0.0006935191369245031,-0.0034305012422848336,-0.011114768011905696,-0.002132393655481235,-0.010379652333682765,0.027229124559273732,0.0006415843357192585,-0.00540705803646091,0.006357148684509095,0.037972298853613085,0.003170162783057595,0.007024197186303427,-0.007197167646890601,0.023622852977732034,-0.012796774401079847,-0.04235279261646141,0.029924608283546927,0.03690637936103092,0.02890602696110456,0.02814720367567758,-0.0007000988477032788,-0.02543190388494254,0.01791147272207594,0.01989081990998276
2021-04-22,,,,,,0.02012127984275547,-0.0034619426169590906,0.03666012216868331,0.013170107607848758,-0.012931654419683358,0.02408212943631849,0.0005737365867324318,-0.011743042304763307,0.0069445375401939735,0.013593732763559352,0.0014104861746797592,0.02480998663121725,0.018797608988369907,0.023688574991636235,0.008357975906604587,-0.005214352084245588,-0.008060031512890364,-0.0064687341188202074,-0.02665636093468038,-0.004487111159748536,0.006545093007456648,0.016266880643973858,0.003508349617916684,-0.008975515328141337,-0.013545002947572216,0.022282681130446402,-0.02183025370062086,0.01632413129753396,0.009560229445506607
2021-04-23,,,,,,0.0232808491211578,0.009868090027496113,-0.010622171572014394,-0.00017280163555954964,0.021301445273712583,-0.01687460116391959,0.0068806724891106175,-0.0018671872247816301,0.014854056378763358,-0.011300973487257449,-0.011356978092657122,0.018329060824982424,0.02973339206778558,0.021157062943972127,-0.025606484347585612,-0.009265546898296728,-0.003125323874529462,0.006524121300508057,0.014612271391116316,-0.004382123720462094,-0.0008645278577469329,-0.004457491669071945,0.006373108833032104,0.010750295815652677,0.0008331890928738872,0.04699426293673481,-0.0014351436356433434,-0.011020817767055213,-0.011742447361801633
2021-04-26,,,,,,0.011010562209957442,0.04690574995675845,0.014696696956940647,0.013605591749161539,-0.002993181623894725,0.007444781116032306,-0.0005694891335976671,0.004761923379993371,0.006795616803498605,0.01032837607823911,-8.987860735265585e-05,0.0059280872991354094,0.07074364590681403,0.0051796622145614535,0.0,-0.032278680298313045,-0.005094573488263809,0.0012170749529862857,-0.012729223105966359,-0.005281755527758003,-0.002614558681656276,0.014728564154544932,0.008581535661534856,0.026371483069417723,0.050969999584347336,-0.02173468620949459,0.0348417476247862,0.014483380998657092,-0.0026829501948200107
2021-04-27,,,,,,0.03602270905955973,0.00556835150386914,0.016354926523060476,0.01517042138054725,0.0050988568843817195,0.02517953205893053,0.0256410702280363,0.020649911284332134,0.0176532380928347,0.03550743285905855,0.03555656001955776,0.0885801947892646,0.1938264775566032,0.0032205240174671967,-0.0018652067555179341,0.0077312888266898305,0.007168945577668007,0.032925093301176434,0.0037646001107893845,0.006573957174104139,-0.00047137911820549494,0.027129545858907145,0.008958486632759,-0.03648242888480968,-0.008197795232568916,0.001276881222042725,0.006658933916807719,0.02257557449950265,0.008454963821072692
2021-04-28,,,,,,0.0014778143158808987,-0.022900742784485506,0.027739856848884026,-0.004995347872980949,9.479953371127614e-05,-0.0038710307708422764,0.04999997880723739,0.01459368214709067,-0.0005102918996083838,0.006515752397789676,0.034496927291381096,-0.0011780779279984,-0.02218551271062663,0.015944430215290684,-0.002530944980778216,-0.002411199946661613,0.00649190923287124,-0.006740894303781775,-0.011063842692080605,-0.018211406793462115,0.0073771802406144005,0.08547694672131145,0.0394348395771118,-0.00906080774056639,-0.01027983607843197,0.0013601518187664752,0.038858168539811944,-0.016672310873290686,0.004192096528590428
2021-04-29,,,,,,-0.0018374505674159103,0.0029104449533878807,-0.005188313404959066,-0.002446717204072746,0.0009955900983575905,0.0006700069275615839,0.02645502698898361,-0.01307608989843545,-0.003062747031527202,-0.0018308669353992446,0.014977813318060251,0.0038192677314352608,0.046161363895412366,-0.03496939307004898,0.011468031948698387,-0.004065115363338756,0.0017096517241885767,0.007276055874041676,0.0007110156434138037,0.007803428747748198,-0.006948544493952213,0.03862045986244422,0.06551909029016811,0.003047977685877168,-0.004947567762376148,-0.009848368682474629,-0.010368411422502333,0.01252662362977941,-0.00417459621827565
2021-04-30,,,,,,-0.0006416477140255283,-0.004488207783029274,0.017850003708765216,-0.019961119581350828,-0.03485672535445772,-0.022363517289541668,-0.02319581775460422,-0.02666445900940262,0.012288706403845717,0.03825746808825614,-0.007921424680262024,0.04383826201641172,0.021313224694406996,-0.011678669292246702,0.01191615020901593,0.0042470985523010985,0.015438205510521108,0.038738333129972435,0.01326393088070632,-0.03617668556203246,0.049225724435674634,-0.006007569471645602,-0.01207002129546575,-0.014155536098826138,-0.002715561761772456,-0.007588350414303835,-0.01839083163298305,-0.015809179429454923,-0.010289564604632817
2021-05-03,,,,,,-0.014430188091883678,0.00037120940111301515,-0.01884816923680488,0.08358518840815421,0.017223600355974034,0.04294220096554224,0.00844326337574719,-0.0028926133164879353,0.010116312934215221,-0.011735813384201932,0.011697331205670514,0.020636823575386654,0.004150376442331183,0.05411386736072954,0.004425572498248043,-0.0001646911157565656,0.007257994877912122,0.0028678217255602156,0.003132233935359219,-0.0030290776185406543,-0.013607530585035943,0.01820466533978604,4.542928737416574e-06,0.010224148997733717,0.015275848207358944,0.0019871741435479873,0.016036314475111668,-0.0009509784012454725,-0.005390929334829653
2021-05-04,,,,,,0.0026338008340980323,-0.008932122277997778,-0.021293157161309972,0.005535281560119953,0.008297130328931424,0.00965326100214181,0.0015697947848638538,-0.01211604231268193,0.01201810904575007,-0.09525629841445837,-0.02748815645974556,-0.021191084581667297,-0.039007139332057794,0.028810797614498673,-0.022888662260654336,-0.03488246455250876,-0.021313604735574865,-0.021759905149226433,-0.013888205618032834,-0.014002660277396384,-0.0347158768686342,0.011637159306073785,-0.005003736264905134,-0.006027875592808263,0.005293946090203949,-0.00905405117521807,-0.013885774880041613,-0.03762613178226415,-0.0011613929815946777
2021-05-05,,,,,,-0.0262962618803273,0.0044469561563229565,0.008416596356860095,0.00396032349038844,0.01861072978332312,-0.03986985844296176,0.014106607438540308,0.007082363684409065,0.009401333506653398,-0.013972244178424131,-0.003845897078486593,0.021596232995456655,-0.04031055020529806,0.0012218993459545135,0.01849119288995138,0.011611373775118672,0.05928857502186191,0.012570918594209779,0.1347418283219428,0.021704154233522344,-0.014782262525785739,-0.01791372502027666,0.01165069042551381,0.009807737756612367,0.005889661505246613,0.0013487185307023974,0.005597537274921072,0.005952670014593098,-0.018604662991309362
2021-05-06,,,,,,0.0008990614570634214,-0.040790904651988646,0.009669244829013213,0.015187389236294813,0.03292463966010439,0.003658004168187512,-0.0020607423231919775,0.033447647281255044,0.008823491169073217,-0.031703914763079655,0.0003157181911546125,-0.006722792221573015,0.03183117628566423,-0.02105363268345173,0.0014532484612475027,-0.004895164234617666,-0.00585314400805792,0.006839429360468996,-0.0018326201371838824,-0.004196065292357387,0.00956196601074022,0.002474761779464929,-0.007782690531001113,-0.0038553490176518324,0.0014120959594596805,0.016858647274291982,0.0013046201389521617,0.011066236834706311,0.03475514675285196
2021-05-07,,,,,,-0.018432761821669086,0.002938003441842918,0.0009358090425273247,0.00944243043587134,0.0030011357779147207,0.036379582300106295,0.002064997751455744,0.0049792874306895385,-0.0019435833694463334,0.0042127043620789895,-0.03999274208013648,-0.046610609922580815,-0.028889638065590084,0.012779193550766621,0.0012093033061499892,-0.001583138489469671,7.361499022517926e-05,-0.008355693583396495,-0.0014603972774402951,0.003818669659702234,0.0048590333137796815,-0.006330253744338932,0.02634211455590907,0.0012653072707893287,-0.002613708451990937,0.03550818261795552,0.006028211957313845,-0.030837179686892813,-0.012977075940780014
2021-05-10,,,,,,0.032626906135723166,-0.005849334757561997,0.0012468417772300011,0.004003276555716306,-4.5379297322623025e-05,-0.00299562465833636,0.01494079947486493,0.03996694938108081,0.07059389666351468,0.0065503708825294105,-0.022289636402073265,-0.015113201800958764,-0.02731482750967107,0.006668021991890427,0.029538012202698027,0.01965119315173114,0.027595806373632348,0.027350919924101325,0.021729183786218575,0.008789250014518357,0.05402241479474634,0.000673351259122601,0.001197242321586467,0.01100118088597224,0.03272514030510898,0.009284362162881532,-0.01486791532658438,0.008848521319044789,-0.005027139519967694
2021-05-11,,,,,,0.024961912722683888,0.004505522659193684,-0.01615488036960011,-0.0004600602835671541,-0.02257788907401781,-0.003657990534994715,0.005076064479612397,0.0022232896398175495,-0.00545702661065206,0.018865321557645753,0.02503481267093899,0.01219156328771942,0.016126163407335303,0.00387885903347307,-0.005931499760775116,-0.01038600961504621,0.014179371832301557,-0.01587225052769381,-0.02061272642122869,0.008192479121521545,0.027705634890424102,-0.013242391020136024,-0.012261701583704099,-0.012940251823063242,-0.008414477359955153,-0.020442312857209433,-0.000666059834974253,0.019422817638108603,0.002720607229855343
2021-05-12,,,,,,-0.025497731436824767,-0.012348879110450128,-0.005568089335433624,-0.013578729142251222,-0.026114294372523772,-0.014489134427070227,-0.01565653928724109,0.03311685345292692,-0.025148650956978713,0.03681627933352405,-0.0020436720462271296,-0.003421343065239557,0.029846482000892127,-0.014438360122150828,0.0010386046234496238,0.008642862289407915,-0.007414216937781437,-0.002982604019975632,0.012444009808622924,-0.005675148825334375,-0.002423893335148586,-0.012221762651428159,-0.009389683677489158,-0.003649844271156999,-0.0020880003978928086,-0.024082881739953876,0.0019644817385076063,0.0007805630290702581,0.009689922480620172
2021-05-14,,,,,,0.0006011904256677525,-0.01163137485327892,-0.020647758445263786,-0.050902238823725354,0.03643550983132249,-0.024015233543041026,-0.016931756161181477,-0.042177899055733326,-0.04784229806810636,-0.027687409037772226,-0.00032865927429703845,-0.035281654981330623,-0.016411934451480814,-0.034251562219184684,-0.019730597008719153,0.006065076448113826,-0.016219693679577096,-0.010070305676693536,-0.02788203891979324,0.00869095768972672,0.0016780532910734003,-0.005235013987557324,-0.01050231383911926,0.002691329870537107,-0.005804048171688114,-0.0009835325312032017,-0.004026399311381823,-0.0054774927416828545,-0.0015354852072336778
2021-05-17,,,,,,0.008268214925398976,0.004197479879088251,-0.0016243684039582984,0.05633637297623695,0.0499976103142874,0.028150648109227072,0.013048016805374152,0.028342498236217706,0.01921176523057011,0.002420537913263132,-0.0007967023022066311,-0.005468424447751974,0.02742866875911587,0.012819253766176208,0.010285351388398256,-0.02527513396773562,-0.006218901232234786,0.005646039037007222,0.009079873332197952,-0.0077159644630485635,-0.02512915352308287,0.01871366206860592,0.025324612979568117,-0.006412154344877075,0.0016291922686375582,0.04589234484092297,0.019000597853392254,0.0038855370881438756,0.0038446750347327363
2021-05-18,,,,,,0.04139944822216113,0.0035233436837935894,0.008102030202040034,0.029167558163398333,0.049280100866015975,0.028772303197347693,0.049974205099430735,0.035347454151427815,0.018366375587755446,0.01420353531371199,-0.006125224415683195,0.044017202984041326,0.06314084327954017,0.013395227005640553,-0.006637899595965391,0.0036314551902518755,0.005311801909815728,-0.004773440387208616,-0.00189217671167774,-0.002073600926671859,0.0964307213693778,0.047632910098238,0.01310743419474214,0.0006004413467111114,0.007827954519549207,0.03827107375943539,0.054369234591712834,0.052518587640348,0.09268472280256779
2021-05-19,,,,,,0.012560837366239364,-0.013265020830405039,-0.02327138398674078,-0.024120018557478806,0.03745570336939519,-0.004510823902828642,0.004906790264360694,-0.054143471902289964,-0.010441525174899269,-0.002310831551885939,-0.0016426372347017049,-0.01053347545725547,0.03247279007698278,0.011865094018252753,0.004285444981134701,0.022105399594218422,0.018239674584815013,0.0039016782826986063,0.016808584890673606,0.0042857788021504195,0.09106782999457796,-0.01011657101649066,-0.015938613691751535,-0.0008250184713605169,0.012037093964284207,-0.0030355854187327225,-0.009292329297074242,0.017054417869845073,-0.01787583527566905
2021-05-20,,,,,,-0.0013184874621468001,-0.005644523091825837,0.0012887040949876027,0.005638496019226391,0.020262896053693025,-0.008674393736723074,-0.022460893298556495,-0.021466048348995792,-0.01246996358569219,-0.007650160942845319,-0.004208904620651488,-0.0006759384381234135,-0.013615976367314042,-0.009154579805124463,-0.00028643327205035707,0.022401505864829474,-0.023528475087864598,0.0002845994384395034,-0.0021130086163715367,-0.00801767815191079,-0.05451222492430208,-0.0075384999591152635,0.001136707142677107,0.0020265736504865295,0.015216531508038589,-0.0010280370179707177,-0.00042927597655850747,-0.00955359857155147,0.03461806305092563
2021-05-21,,,,,,0.0034218505495595686,-0.0005195818260892437,0.00693068182083989,0.010061334725044446,0.02391927822036033,0.004570913538917143,0.009989952598290941,0.017549497767958666,0.01894141070669564,0.001272910490482726,0.010541226346829413,-0.006791742933821343,0.04716524820836843,0.014325785237381039,-0.0037908553493267716,0.0029215922955696527,0.005168581370047054,0.009676368343533914,0.00851125890660187,-0.002737536708865007,0.0031336213791683942,0.007694094092665527,0.003317660880727935,0.004794152248312589,-0.00029456321877896485,0.0016228550699319833,0.002494483725599128,0.011504593526558748,0.0017247327027489767
2021-05-24,,,,,,0.012083690131039049,0.023404472762195594,-0.009734611359709655,-0.006311136312523669,0.047529250554775304,-0.0034451200372483948,-0.0004945711781123574,-0.00399237840317368,0.02287878119134379,-0.0008474356816386974,-0.00975955543669127,0.01418713799180149,0.032429553415224355,0.052093032921467275,0.010677750711618694,0.004693020650329949,0.0007965861962648813,0.004240385877027242,-0.012967824658561389,0.002483675491548709,-0.010759727745973335,-0.005122758903617575,-0.008730414210026072,-0.0006710649152515957,-0.02219453904824653,0.0022526943638756514,0.0020763802155121525,-0.002135734528351252,0.021349904742908876
2021-05-25,,,,,,0.012443808411948254,-0.013303689757089066,0.1120049461921484,-0.01840380786649698,-0.03431423112338772,-0.0033266100091949857,-0.006432417944366997,0.010902705697279247,0.001398042414959333,-0.005372909801001691,0.004300617295356357,0.010183868139738816,-0.03427893350113087,0.0033074701926918415,0.007406748134245911,0.004671167131063747,0.007453475942041932,0.0001585449784917703,0.010218622082907247,-0.00495512465837189,0.044512045114924126,0.002811107019905279,0.018720523212263362,-0.016560999046490443,-0.009139543911832138,-0.005638612209028948,0.020852225000427493,0.019992040210947692,0.031018143965385603
2021-05-26,,,,,,-0.0072852287533724525,0.019787572220749228,0.021013686247763008,0.031221927295361773,-0.03777821907100054,-0.007460722449175061,-0.011454160513456713,0.0007930103924076448,-0.012564002576806788,-0.00518881967381235,-0.005250813616354488,-0.011355143931444767,-0.006047236162570191,0.01531883539349499,-0.004895282112570398,0.010207344365411597,0.011061528752606797,0.00018308704410108234,-0.012468556095924899,0.003931370171826654,-0.0049013026400237525,0.02714166342758184,0.046638496987097655,-0.0009861130018373743,-0.002027308031446684,0.007454942257222985,-0.0024647280776064484,0.022918351367656298,0.022236816814886762
2021-05-27,,,,,,0.018109297603789987,0.003009984600078841,0.02958925113928834,0.0022680601388385124,0.001581527786344683,-0.009099200841115151,-0.041309807509610996,0.009825753745154708,0.0023562242148800205,-0.011503271153278538,0.023279626615132498,-0.010953325828656824,0.042569661244416634,-0.0057296430432738354,-0.0030935504971858485,-0.0029626287337911617,-0.006109503773120362,-0.004733355300575615,0.006187462740888883,-0.003002110700638938,0.007395843814484104,-0.01541283757857459,-0.0014783447717438003,0.008428206334461397,-0.02061805708132536,-0.020585611240381607,-0.022834426809262065,-0.01529707939893965,-0.02719129825347888
2021-05-28,,,,,,-0.016646359346495276,-0.007616570039404413,-0.028908884285126946,-0.017499063420398864,-0.02183011601691487,0.03293844696288217,-0.03363117571751839,0.00047078371642195194,-0.009402891240827271,0.024286320909037817,0.0008138396985160057,0.01642795968577282,-0.01709213519271291,0.0024009799413353683,-0.014101707396086516,-0.008489315748925752,-0.042530556547088594,0.010063196841614053,0.004612216377759326,0.0006545066837500002,-0.017774985880619654,-0.012574213574338966,-0.014770140663546982,0.007379022139585967,0.026030084485409777,0.017722799595327965,-0.0011237489154685143,0.007848097485215977,-0.0338704968885819
2021-05-31,,,,,,0.0036651310454014485,0.016795109477198533,-0.02029328821040499,0.010517573394033919,0.023608701846538294,-0.0085035155744001,0.00598154507897819,0.0,0.010441374407815118,-0.0066332727080381515,0.008044235212703033,-0.004960288212033204,-0.013665649354892895,0.0036410660720687105,0.02206148746926906,0.01605394738323418,-0.0021649285943612373,0.017899533036537907,0.008768203789105256,0.015831476830064695,-0.021864894914835453,0.003065369563988618,0.00794815913865965,-0.004559301630267409,-0.008187168885281704,0.03585537044446108,0.015651303120033155,-0.0030121210881962623,-0.00850919027866559
2021-06-01,,,,,,-0.004518775778115547,-0.006051815257352988,-0.004107051049060395,0.07593240904225995,0.00224735669924625,0.03722952572586413,0.030810794314822587,-0.0020393627020796057,-0.01690927450415003,0.0036229292581022587,0.01950962339000073,-0.01403048848810129,-0.025234650762478217,0.01670636746609211,0.0013846849948406792,-0.003054783319705656,0.004114833621513991,0.006223211186093591,-0.008446088861214673,-0.006053534887000889,-0.023336587408222087,0.027869810758835767,0.001998961659107179,-0.0009763031287671753,-0.0034648239610832743,-0.0020584974534967326,-0.008014548217337492,-0.01782275884385698,0.010985280951352205
2021-06-02,,,,,,0.012324610479977016,-0.0026228352304416003,0.027493155681340475,0.09214479662092145,0.022619093580545258,0.016662545543401075,0.011012113014259084,0.015404119719382825,0.0329669395666945,0.007715139086117873,0.03151627602871354,-0.0045445237124278615,-0.027111962395197864,0.007324009682261989,-0.0007807107808932567,0.008716867934513095,0.009537500442676317,-0.00138624423948841,0.031467132910923956,0.0058312967538409755,0.0259232790946049,0.004122953589251965,-0.0005325101093150986,0.016009096102736153,0.0002043189579283844,0.08098404512922208,0.007028344062194325,-0.004172578904543478,0.015280135823429575
2021-06-03,,,,,,0.002007207362775487,0.021152479059837193,0.0013377575820128218,0.023500997446890493,-0.009924622195308319,0.017005589369397223,0.04512442432055397,0.008204296889765539,0.0050880230859029485,0.022336140069045385,0.020628537109329992,-0.006904986982285366,0.014271640994463208,0.0017710925746141637,-0.005609562986784167,-0.006756059383072555,-0.0028786841848613687,0.004259343621531464,-0.011906145175926586,-0.007729880581320181,0.006471275766694262,0.01598461940966045,-0.00031715150146138793,0.0037728957174043565,0.0052486316658479915,0.068414682035145,0.041256278786271805,0.04390433209467348,0.002006709376306537
2021-06-04,,,,,,-5.194662381824422e-05,-0.0041093382692000135,-0.004588924443861497,0.07444247967374418,-0.007498658971940131,0.010359777125371394,0.049627792502803914,0.028558214293073814,-0.004601993695356299,0.02528336002015008,-0.008556598390866532,-0.004941879963750839,0.00020370214841314294,0.017400122165138532,-0.005215137849721385,-0.0019509647936892804,-0.00229448612169314,0.00694672901798099,-0.0007302886160832633,-0.0005193825015968878,-0.014588743768720436,0.015580883699097159,0.02840964255985301,0.0036110184014517266,-0.01851103189421044,-0.0015545523318499788,0.0013468377529641806,-0.0006612259307308133,0.04572757480091516
2021-06-07,,,,,,0.09007634991093938,-0.014871777514680162,0.025852606993119975,-0.04506303335626305,-0.00970837691451365,0.05366676858889985,0.19999998196360602,0.03149722859114479,0.048081346640459266,0.002747404841254797,-0.004676417926188781,0.01299340458738718,-0.014345739201657604,0.046552021676151245,-0.006812764487304723,-0.006973728366202914,0.002077415613676026,-0.0074269018074001325,0.0016646338899792834,0.010781986355280049,-0.004961360187489383,-0.04399808420574847,-0.026909118505118124,-0.0011749510270219199,-0.00217622523507488,0.0025176213681477044,-0.0025180008846183988,-0.008930611469655125,0.05330358396970869
2021-06-08,,,,,,0.023892590326178853,0.01834669760137264,0.02841534185546646,0.007480023200200803,0.0021346984182346596,-0.005007993725247739,0.19582353762981786,0.020984060221337586,0.0326422025830595,-0.0054129069622054216,-0.009584847725206957,0.04076048232925933,0.02170971413284062,0.06405665841429631,0.010643343223668333,0.014843461437166638,0.0050345178528874435,0.002659646944065619,0.002310272245644285,0.0344428653668396,0.0025331635510239536,0.0044766234910180724,-0.008069446661047586,0.01411572457657928,0.016166557549509353,-0.01444005442637053,-0.0028692524134433794,-0.0007947039073937789,-0.025757575757575757
2021-06-09,,,,,,-0.034338165581142555,-0.027135849986385407,-0.035540249654238076,-0.025542960072795773,-0.022405446191508527,-0.024708416546906475,0.00395383625622725,-0.02664782181895875,0.06492957097618723,-0.0073908815033542075,-0.00720476944737769,-0.025826532077425246,-0.012701270995646885,0.002463948070293709,-0.009848726601878521,0.005137601781015855,-0.008692727609282636,0.006189381300425234,-0.013385566094604062,0.005093779563447143,-0.006844682996451579,-0.014056284464891822,-0.014851128967339533,-0.0069596671033062,0.004224224296669021,-0.014886432230557523,0.00468579851404205,0.006155494407545703,-0.01990666841830291
2021-06-10,,,,,,0.016970906701626154,0.0019991445748988035,0.00937741008839188,0.010880068853541092,-0.004559596741915195,-0.006861235751051575,0.011486721015983914,0.004077488200673551,0.023666262118989367,0.01292880273527608,-0.000595959024609849,0.00404842243349135,0.004970978932165027,0.009749303338618898,0.013259116305729624,0.016220761419182494,0.004756182331590919,0.024628117129878557,0.007336910972407296,0.025339974774878815,0.015828705983923053,0.07258798877666761,0.037568501723425296,0.006351382163253705,0.018827510109468815,0.008815005175587087,-6.258840421047296e-05,0.014068927717534985,0.01269438248974808
2021-06-11,,,,,,-0.005981761881985959,-0.0011360770719160973,-0.004744671601976558,-0.006451585967439999,-0.012809119439096017,-0.008266855574144305,-0.03763789289092412,0.0174039462678357,-0.014890293740444038,0.0004010856962812781,-0.0009180441120953953,0.003416108812564822,0.0005926712222739106,-0.0077080244924914165,0.030413564058482168,-0.006518251148748155,0.007765519022223222,-0.00870195869185697,0.0012614211719401691,0.0006026669275152052,-0.001997265155596062,0.005520484144156068,-0.007137528432237916,-0.009648245254165078,0.00938964408227494,-0.005195550836918139,-0.005932055461535413,0.0032734147517687884,0.008774640361681518
2021-06-14,,,,,,-0.014017985860515503,-0.005934992973837261,-0.01747023974677342,-0.06253123444485487,-0.003941797610481301,-0.08490622759129685,-0.04989883849798671,0.014825470498614823,-0.01829752501479509,-0.0002708691944934838,-0.0028405274908257505,-0.012278134353410963,-0.01347841493943458,0.016353286465419448,0.0015312299529230966,0.008575853732344374,-0.006164731362586884,0.012354208081361229,-0.030641612544193175,-0.007108493896955559,0.003573722055087991,0.012115954954597274,0.0015664676063007477,-0.0013184598449859086,-0.007553763963396798,0.019771469362517058,0.031034009010342256,-0.0056556873989824785,0.002485300794395684
2021-06-15,,,,,,0.0162516963626258,-0.008681718781742731,0.012493023866704256,0.0249092222263696,-0.0005771895688811979,-0.008588803650975918,-0.04968061048151007,-0.009130456109101792,-0.010129665875740379,0.007720420147349971,0.016097819416597048,0.0029946539673131323,0.0025711706649067523,0.0028960992158268972,-0.009246681150957947,-0.006607601078191583,-0.005759780674417181,-0.017091796380527047,-0.0051986221380826425,-0.0037616480684126152,-0.004035790264047101,-0.005327582658407604,-0.01068663307609008,0.015916128953670006,-0.0008643195652208169,0.008812836899600107,0.02608347325876914,-0.007453594340312453,0.007437229022924985
2021-06-16,,,,,,-0.0038133424965210994,-0.006051838773749152,-0.014089233238943177,-0.05884263252848032,-0.024294631544412026,-0.0723895403346142,-0.04966392418239518,-0.00949821833535247,0.031109316391480624,-0.00927421238169468,-0.012132390068047338,-0.0002817119355198461,-0.0075252039678314064,-0.007379891286049101,-0.0008780297584923824,-0.013354662630828962,-0.0069073531677574795,-0.0028631749462564304,-0.008091329581647377,-0.017661294150231432,-0.00147786583766496,-0.012911538802273248,0.004869242919724792,-0.0005775930235710769,0.008782426665946419,-0.001384605664289662,-0.014615299198169396,0.017789981354927153,-0.0055368141395042425
2021-06-17,,,,,,-0.018923878580501263,-0.02826752343586869,0.02031545485687758,-0.055651432899246345,-0.049968273587772116,-0.08461872310939911,-0.04990178466371831,-0.010591164064066017,-0.003617473105719582,-0.0156017142476087,0.025230400831806055,-0.000986094679504168,-0.011090355211086034,-0.012445596853435159,-0.02212300609487139,-0.006062245794789312,-0.005235249837253209,0.00038354728452150155,-0.011981133150795187,-0.011407362103895147,-0.013606774171130986,-0.00515477701309397,-0.0031713724737912896,0.01177475554724694,-0.005342377633272277,-0.021093970387023542,-0.007506601694263981,0.0065430257441152495,-0.01670273461297611
2021-06-18,,,,,,-0.01887431590844424,-0.04999596114313254,-0.03702642050112881,0.08759235107585206,-0.04992655574870064,0.07334983857623611,-0.04962782248942277,-0.023868104220624686,-0.02016935532762154,-0.014884311173327891,0.02977344974316809,-0.010181397914423074,-0.017508739096051884,-0.028559678387120924,-0.0004918153490709454,0.010463251180332644,0.0051877901079442346,-0.024417049130920465,-0.006149250403432394,0.0007525933615573077,-0.008228403012764507,0.006082296582915037,0.01529799511885277,0.012708980617125443,0.017174081307812727,-0.00694678548163663,0.00978524200391262,0.011863787900435074,-0.02201950341112424
2021-06-21,,,,,,0.03238534305203289,-0.02867592312856826,0.029652161759867512,0.035294046029503034,0.049974214927441585,0.0528552479447808,0.04960841251984327,-0.00918789129037001,0.015232580857147848,0.004546911011966248,0.0363889503881194,-0.004701347062319727,-0.019509733624266112,0.014910287230426533,-0.00035968581756740114,-0.000780465814443243,0.004263327700107622,0.007576596600362473,0.0008221089818389871,0.017044717811226295,-0.0015453996274322757,0.004755759115784963,0.01308815032275823,0.013465835166112328,-0.004335116571020037,0.009746004257474405,-0.002019456632751937,-0.013319334729885335,0.016404008374518275
2021-06-22,,,,,,0.002961413611400454,0.0002720466549386291,-0.003970223867147071,0.0010389261595646904,0.041484520463194174,0.016209633097355347,0.04975119460356359,0.010768826302109513,-0.015004030745631947,0.00807739314900413,-0.00734479407177735,0.010019742146956112,0.023917132469087665,0.01850940849372118,0.004988702636226527,-0.004478495710123931,-0.006777485681498607,0.014104315277746693,0.002075263616471812,-0.010844127238691659,0.037262033838217246,-0.016219578738808194,-0.002035895323439063,-0.002782520258261423,-0.0015387045672328181,0.013418518056931283,0.01896709417943976,-0.008681268428194278,-0.008544342427314056
2021-06-23,,,,,,-0.0022803349165249065,0.00033724344946595153,-0.0037548744497898356,-0.023903760740138336,-0.0010707555027056337,-0.03257500302998095,-0.005134248117434792,-0.007842521787387757,-0.0057636844799162645,-0.012364424330374546,-0.01563266524371809,-0.0029194497808952002,-0.0029970991750138953,0.0021186673685169577,-0.0016956402314404206,0.001987758552304042,-0.0023248047812761685,-0.014957423454704744,-0.0038828580821049785,-0.00946810429293854,0.00012576344787063043,-0.00019945193177373088,0.012413749982351563,0.0013951853697906635,0.005639500033043809,-0.01851717926071783,-0.01864370904441215,0.0001862846446600841,-0.008298677584550607
2021-06-24,,,,,,-0.00255023850717484,-0.001968415608304519,-0.007277239838712424,0.0024921442483603062,-0.02268153555583674,-0.005324410207400043,-0.04962286516468961,-0.0017897028285237537,-0.015735005733371388,-0.012519307593729878,0.015814019179793304,-0.009466061332000786,-0.013401696374524041,0.0178093011993119,-0.0040946450554886216,-0.007152161947706404,-0.0006763399950237003,0.006095145997542684,-0.012776665771849438,-0.005911084118277787,-0.009313614206729937,0.004654599661754855,0.004152391554804957,0.0025773716576491523,-0.005444860092970072,-0.00855433068761391,0.0038962659291641444,-0.018008245340760398,-0.007080824334069535
2021-06-25,,,,,,-0.001977862877962755,-0.000555741741305904,0.0010514191497261738,0.007258863726828935,0.024173071868430984,0.0032398042695580553,-0.024644951521556657,0.014940961007305686,0.018931407620108365,0.014165362412483118,-0.012109612938725256,0.024709401985972157,0.058227000283554764,0.039789091235718166,0.0059970695791464745,0.006520100243825766,0.011206359867024895,-0.0003764848442644464,0.01109941569227968,0.004428140306662387,0.011557164315452395,0.0053280208803074824,0.01243393329047926,0.008824516710623342,0.015669637549625914,0.012822701581980622,-0.002542256166959911,-0.014196452319645059,0.003889828872062351
2021-06-28,,,,,,0.004301879221112248,0.0009921207287619804,-0.009919541586278946,0.004146274208008061,-0.04060828821080531,0.005686657492244063,0.012419657534946005,0.009274197310370269,0.011973608665597935,0.0083105686890812,-0.005423140596722775,-0.005237296204100961,0.003585114949405499,0.03926526063483493,0.01788354219669408,0.0062167419566125925,0.006024718699876086,0.0154515254622829,0.010326667162033898,0.01813819557611307,0.019480632985377166,-0.006377809885661723,-0.008705315654038204,-0.040980852548420876,0.03175939537351913,0.0033671239526829044,0.005082375320644594,1.6016592398804264e-05,0.004843396644741649
2021-06-29,,,,,,0.001973369605644981,-0.013233668702833934,-0.005510419787628118,-0.0014419355669179623,0.005759765488955404,-0.007329826409813833,-0.016074414999054376,-0.003646481271544988,0.002039995875460221,-0.001800733284791245,0.0006816299365131062,-0.008812098348798703,-0.011476111359590813,0.00458422489093957,0.005338479979534627,0.017184882356838793,0.0019221035120993157,0.009677006867929716,-0.0026196451418870614,0.00841270653706383,0.04476553241229597,0.0025426872352269925,-0.006301733599440751,-0.013932952954487265,-0.010292003528849625,-0.014228720212836055,-0.01841121613786989,-0.0029507627186761143,0.03631101333457276
2021-06-30,,,,,,-0.023056391093069895,-0.04999121149284769,0.021185819390889593,-0.010501757414335233,-0.0012430297020045167,-0.010267379904560725,-0.02450557563264566,-0.005709133276144418,-0.005700449166752497,0.004440667051974989,-0.01266281776573519,0.02741013212810417,0.0013294269502988065,0.013689461385587576,-0.0018498400967013051,-0.007860276188964344,-0.0031728193636759716,0.01196013212257574,-0.010420272183551016,-0.007606213654921312,0.0077102071614028045,-0.006038956934392381,-0.015516449063307514,0.0026589497906581716,-0.009418752963694432,0.008783020985974721,0.02239478967638653,-0.00916773287236361,-0.014263584817102659
2021-07-01,,,,,,0.00046704172683997847,-0.022099014574415765,0.02727474963695098,-0.010839514919085524,-0.04996006046978352,-0.0008526013035243807,-0.049801720648666614,0.013692462042354636,-0.006142415067527773,-0.001036143756892538,-0.0021600244393233936,0.04080611832576153,0.048844360241166784,-0.03216421976526751,0.024976905282273476,0.006379219504364819,0.012880235345785751,0.006226942141267511,-0.0025236995043262933,0.004203079905852558,-0.016689534254415328,-0.008095235826475533,-0.02416376070400239,-0.0008012593997180906,-0.005232935261410332,-0.007626580409421768,-0.00850757886477127,0.010632510478993273,0.0012582381382952867
2021-07-02,,,,,,0.012654696871909232,0.04999697598058361,0.1875495896348245,-0.045764033984820096,-0.04996721794583303,0.010382656137689183,0.014842286769520152,0.0018882087980078843,-0.0032962573597776768,0.06175241949899246,0.024334159169527192,0.02403898295468787,-0.0068642669341759666,0.016729189082349105,0.003094303277527466,0.001124748185265645,-0.004238814849085171,0.01892597492408754,0.01247596873466339,0.004678103701153402,0.028347449547286185,0.0051280289542026125,-0.005585140913944908,0.0025519402692983917,-0.0034322885958459892,0.004794722250472061,-0.0004071158160187105,0.010536493317500062,-0.004398347314405138
2021-07-05,,,,,,0.05486416408458439,0.028051599029548457,0.009965497955824576,-0.01947907433033691,-0.04998522664254035,-0.0004927259637665937,-0.02376593100366553,0.0034792571831852026,0.04092607963861017,0.0074897931470592205,0.02004931517529962,-0.0006224387293720657,0.011794751728820607,0.010624879469318671,-0.006779509380226645,-0.004595667223372124,-0.0015413426037720335,0.008916571072180357,-0.002240396886972862,-0.01139571694325281,0.007479945558040768,0.012496404228222513,0.014692905713788562,-0.013963681110084503,0.008497288750549226,0.054961473562735286,0.013984809109849117,-0.0008424285302723877,-0.0037866257890970534
2021-07-06,,,,,,-0.0021624301933678147,-0.008288237061369497,-0.04366140655811057,0.01466633363058678,0.04997150258362448,0.003732264970323751,0.04775273975978833,-0.08436871461141371,-0.02303427825076676,-0.017454186393387472,0.00010860304948434596,-0.021049688744730233,-0.014868609298712143,-0.014090609270604904,0.00027978257027383435,-0.005745361401136462,-0.010217452085935497,-0.007839971934971324,-0.014984025188978567,-0.0360683099019401,-0.02479578122957171,0.021357705553910478,0.01406498336305484,0.003171562413526452,0.0011487490363526476,-0.015013668660457946,0.0011754260120178106,-0.0032930175611584067,0.044979351094041053
2021-07-07,,,,,,0.009013860586708722,-0.0031187888756264437,0.02610262625023574,0.007669026109919708,0.0042458531651135,0.010382887938156449,-0.018766760144934613,0.0006312424525891647,0.006910623726438692,0.013224508112807953,-0.01854702563984978,0.029959956814571642,-0.006051828896842415,0.012144525891033098,0.004089140627824728,-0.004024343531658592,0.010174445839344903,0.006266286408930899,0.006531974148656472,0.008357858841844257,0.028865329062072842,-0.000612597487687272,0.023435350535575328,0.007572984386029047,0.013165786273575453,0.01742451795108857,0.009451288047471529,0.005937510024258907,0.020612362644300664
2021-07-08,,,,,,0.0024903544436580827,-0.020240923672348754,0.002591837001225006,0.0001753284105279196,0.011405571761783584,-0.011664917463750535,-0.009562800238053781,-0.03390099517417389,-0.0036334113482211494,-0.007402579427492895,0.0013372380453524624,-0.0027543867971512315,0.013028815986124265,-0.0014632314741969132,-0.01714297167489942,-0.015074567289133034,-0.01940882710470182,-0.009236687136371602,-0.006881519165110039,-0.007013465637021765,0.011327992998857228,-0.01144042019107705,-0.0030111279741747987,-0.005691761878036106,-0.012522658166715939,-0.01837432379761217,-0.002119877334499587,-0.00790135132015568,0.037125035779072
2021-07-09,,,,,,0.0069967460756479305,-0.0064545371315696265,0.010939209601770417,0.003822158278021126,-0.00899236842508122,0.023605362955419373,0.007356314823545151,-0.00016327058773657477,0.008508876059350579,0.0007850078957141182,0.01217320223492746,0.0019360822324643312,0.0008050125018050913,-0.003224134890401187,0.003408806673412812,0.009624945991492329,0.001499513489268356,0.01977619881257331,0.006797579095063622,-0.0020548526574363235,0.027006718765252735,0.0029993622402288977,0.042229163020103266,0.0028621717390104884,-0.00038237472513547033,0.0008804581706891579,-0.0034225934387890344,-0.005661572973132301,-0.010022909157073379
2021-07-12,,,,,,0.024284088506282053,0.0012695412918199978,-0.016077262917007396,-0.0074405798064766104,-0.014910743420639028,-0.01434457913688425,-0.01232316109740017,0.0037545181863942734,-0.0052228739250611556,0.018303130703340997,-0.00752364478032741,0.0058224891355402875,0.03835553234284195,-0.0044837931437445855,0.006226774464231033,5.215670621017132e-05,0.0009729954647919037,-0.002380626684599263,0.0025264478636706222,-0.0030883082887642743,-0.00994365145475995,0.00218391854517086,0.004212370858766912,-0.0004390426176091866,0.010455116945816911,0.015508851488353237,-0.008452761725088798,-0.0037474507904767806,0.007231703534053668
2021-07-13,,,,,,0.005104191734787378,0.012199710730880442,-0.014414570478082589,-0.0021115298516231062,-0.014937263311751048,-0.01956671455055814,-0.013401063602498708,0.01138400891319602,0.0020193980569249703,0.00519958384753938,0.007701317974135868,-0.0021516301605837285,0.020207923375814785,-0.009156079561131292,-0.010410806589319144,0.006042600432072609,0.021614096092446022,0.003770111502893414,0.012470217571061148,0.001161743100135837,0.02347677465229081,0.0007724473805628129,3.8753846840489103e-05,0.015301316883098215,-0.026372163479569832,0.00022469744484876486,0.0017766086159138883,-0.0021310423326070804,-0.0017231650846665225
2021-07-14,,,,,,-0.0035393339453765327,-0.006917882637763606,0.05740284483441638,-0.011039054914676938,-0.009603720059408682,-0.00958827397409956,-0.01592506541044314,-0.00450244869666272,0.004030593381778802,-0.007216288349267241,0.0015045701545179924,0.00539057851115321,-0.025746590621664733,-0.01915187770906379,-0.008506300621759721,0.011909063216952509,0.0043191785445164665,0.003723384781999295,0.005750556704203547,0.029783445661722974,0.03991796927666247,-0.003314835927549109,0.006336434784256495,-0.007066653229288122,-0.007484379307100997,-0.007409846327460001,-0.007436647145119268,0.020967435467646567,-0.033084004022069236
2021-07-15,,,,,,0.0008382393577663905,-0.002511376379633945,-0.01395977506880941,0.00420806209434077,0.016433576998399868,0.002653284515310217,-0.009043338028927206,0.002261456394779149,-0.0008029707524673801,0.0006432463290253487,0.011408434903405595,-0.00587225139282721,-0.004087153208078065,0.023476699255346567,0.0005192831403826315,-0.003633029460073267,-0.004300603470279163,-0.003439229250302933,-0.008533881218079298,0.00976586910306354,-0.02303660028684218,-0.0006848672530920252,-0.0024824226848578768,0.007479950412460745,0.010641950730110317,0.013799124303473853,-0.00046547313265465906,-0.015862153184837857,-0.010711115852841901
2021-07-16,,,,,,0.06981004812536895,-0.0027911778171002544,0.009047734829920273,-0.008842580645945786,0.012904234563783978,-0.01644963092626006,0.014889503865816556,0.00322316222775898,-0.0024105959830795776,0.004114096889630714,0.0001720161440259549,0.0023884676926673176,0.012050748954276713,-0.007052197974403707,0.0023918798138804487,0.0036462764899809486,0.008198995270004117,0.03262220983045183,0.015450062003545373,0.015002943312564465,0.057232849156659826,-0.0006931510586233314,-0.01645585391199944,0.006271159808709292,-0.017119335727751928,0.000414322562300784,0.006219002905775817,0.012865365878354629,0.014436053512687952
2021-07-19,,,,,,-0.0008859601827448937,-0.001313833117533858,-0.013357156250484614,-0.010677143282525559,-0.029247012626740343,-0.02021518722047333,-0.033128200823147824,-0.007710816243379548,0.013290378669079228,-0.001728479377297476,-0.018057114282488462,0.003356414903202598,-0.026614744851012118,-0.006279860322073838,0.002367386356757706,-0.0032237681045136357,0.0009440239941052031,0.010477886330597208,0.005848853676749366,0.005130850586431368,-0.02481799753433267,-0.017966080488511782,-0.0019299707831731405,-0.027650390041493722,-0.020835404254300527,-0.01742922621467924,-0.005254942604865032,-0.019887318101825757,0.05692265906281624
2021-07-20,,,,,,-0.01808611477842026,-0.006383147630065644,-0.03004161705167896,-0.010792463593017776,-0.03477510900181102,-0.0016328464420898303,-0.04992660022159978,-0.021693419097225886,-0.03179650644903875,-0.025652547546516358,0.0031123581899756836,-0.02296996320465461,-0.004289379608471089,-0.002708563234723904,-0.013894620324811369,-0.019353054424402938,-0.018571034658197427,-0.004076998714119373,-0.010660370351862514,-0.01737971611107103,-0.01652155858608373,-0.012226914372198472,-0.009743704336451775,-0.022469364137432724,-0.00842424313931267,-0.008755641680369353,0.01972023929825628,-0.005887811001266896,-0.014866725926981017
2021-07-22,,,,,,-0.006511019359027204,0.005664332720890064,0.0062868671799716225,0.037380216810952493,0.04565657129269374,0.028545889118112067,0.048943883070978744,0.0013238068593039998,0.015599359734981055,0.004015046326803606,0.002141246800987373,0.01140106904941729,0.04290090102164701,-0.013880442568409146,0.007569089928301409,-0.005496547168463151,0.01603978643883197,0.011570889161418352,0.004642306508626293,-0.0030920609166352753,0.09271778947833864,0.04269711104431595,0.03710759102146377,-0.002034886996718166,0.04511917004237298,0.04992307236812543,1.4731942249879282e-05,0.11925243030663268,0.04384963941119158
2021-07-23,,,,,,-0.016827656088746257,-0.0023125316352036185,0.030561778589681454,-0.010658207473166148,-0.008095117632178073,-0.016984684234463088,-0.013261318746051298,-0.023136762582437242,-0.006467209518527084,-0.010030291582202255,-0.007849328905211284,0.0020473024415719188,0.03550971600868125,-0.008873835799797947,0.006992450044904341,-0.002000276176200466,0.009748057605108107,-0.003819565913728562,0.0014837374026082095,-0.012034829741552233,-0.03131407693461796,-0.00236459837773495,0.010455772985609624,0.00490861804951126,-0.038248401320225445,-0.023431905577441126,0.004665357722938079,0.04064219749793785,-0.027277686398009315
2021-07-26,0.1162697928292411,,,,,-0.005181906246182866,-0.005863504353260884,-0.007747441412386258,0.0016052361461245113,-0.03881661595814201,0.004043816040938619,-0.024888003793050895,-0.00812032088990422,-0.002441061764536512,0.0043043541154841325,-0.004373180507525998,-0.005999854355677958,0.06833785836503803,0.005171440194728705,-0.0020103335724550586,0.0026898932484962224,0.013544705865180084,0.019980233745918063,-0.008000354066532656,-0.021725477692063122,0.0005974710858702714,-0.0029849460408954975,0.02453199199018896,-0.003381638967996037,-0.01943048867231889,-0.00654091277546609,0.020611185592012138,-0.0027596017585660437,-0.011777936441795922
2021-07-27,-0.055101317712845765,,,,,-0.007673041756201315,-0.015374324487117397,0.0135871108381449,-0.005093001345613635,-0.029452345192606977,-0.02870525759801479,-0.03266969804305453,-0.005969663342992426,-0.011827048544987506,-0.019385426437303677,-0.0027370073967246666,-0.006530409316519714,0.04200913898094294,-0.029332826788465605,-0.10494807627914948,-0.039398195562643235,-0.021467205276097134,-0.02636568338022449,-0.04604165866463017,-0.025545568512074235,-0.038402689442572746,0.011196927176919447,0.020909277043014596,0.008520567214111985,0.012500666596836796,0.002344500209267686,0.0045499141087286255,0.03091713674239238,-0.004256526747956291
2021-07-28,-0.012791550235632942,,,,,-0.005184045073491128,-0.03127563448308179,0.013032559918784159,0.0022551621702193714,0.03411888215926617,0.0033173024508024174,0.02427435704236358,-0.02385030330885396,-0.006603462500904045,-0.0065223768104309965,-0.02267542530028599,-0.004844681509715287,-0.01166410139903351,-0.021438255414951923,-0.02304194084488287,-0.02540797728639077,-0.0007265387412968005,0.020703727551325102,-0.0077815251192570045,0.005664680971620095,0.011682116719133884,0.004902407568483591,0.011783160507681245,-0.0058317684477490195,0.017094547907873237,-0.009164077874663223,-0.0031147918637277616,-0.0025206940607233053,0.047591942141662624
2021-07-29,0.07888724347759446,,,,,0.016399270910242736,0.0035334626841199146,-0.04684220176195053,0.00025000976191158486,-0.022577101538513222,-0.008641417038502186,-0.017001541798056907,0.02970640904045041,0.01994181353844815,0.017529721706760704,-0.04099057736026457,0.00044728589422060594,-0.04448496054849915,-0.021180261329653227,-0.012489982117039666,-0.007641364023923791,0.022099816505671166,-0.00956952474427597,-0.015458470316886297,0.002226795724061148,0.02282574894541356,0.022053645323118598,0.04498748616018178,-0.0033089986343387556,-0.0022677901852564686,0.010930471848181744,0.004041879792532566,0.01718432164243744,-0.020402611195517784
2021-07-30,-0.056870384162509224,,,,,0.004394516054904596,0.009345231055200243,-0.004892699970232006,0.014283237769111334,-0.04543979287534883,0.022511892640481923,0.004716989148205952,0.00358485514843232,0.018330050174908408,0.015232180095303915,0.016518360230486362,0.07278321635681717,0.021401970705808404,0.0596302637735886,0.008249981718439825,0.04184130111291018,0.10092445119206928,0.0128619672286856,0.01979918499269706,0.0099334041902841,-0.017215571192002455,-0.026874512063501,-0.025813386686372453,0.002112683476321875,-0.013503095681599353,-0.005310143687170754,-0.0005139178832689328,0.013953116765970108,0.004443227093574809
2021-08-02,0.046441924705934,,,,,0.05902276467973788,0.017717002934252157,-0.008380302644430127,0.012638578869367922,-0.0069703768151352374,0.02594514873744269,-0.03129892431308334,0.009865570947750424,0.06759998883025475,0.015069066129911768,0.010221733298668711,0.010837528343989655,0.01576500554742233,0.020264729207547516,-0.002048147604497008,0.0010868932628940176,0.0013567281193735958,0.004657299195332643,0.0152157728420379,0.009447345791112838,0.0046687835991026105,-0.004431500520439391,-0.006823827528756876,0.009487218637946881,-0.011211036301938093,0.019231266206598985,0.0004569965417364763,-0.010913513573098665,0.027647220521176408
2021-08-03,-0.002147480732365148,,,,,-0.00042524266523480403,-0.0063154491853023575,-0.013605174518567131,0.0031985210464504643,0.01683501636590634,0.018858264849790585,-0.01076999778554455,0.02307574771274945,-0.006369417766422414,-0.0030981614479220765,-0.017465351633015547,0.015766857238151077,0.027514505578890347,-0.010847837252173864,0.004285794011049893,0.007708556900632546,0.02554840116250401,0.015804589631015276,0.017745184644356593,-0.0017949204391851659,0.0008609616858810121,0.021191857507790957,0.012024612084985398,0.005146473942726715,-0.004122900138221475,0.00047337785005230337,0.018230384718067816,0.013484404052808818,-0.00941619554763573
2021-08-04,-0.007173601461866519,,,,,0.009441501989975176,-0.012888332125849056,-0.010325725908919892,-0.009183475846017641,0.008137837918197777,-0.014679720817766029,-0.017419792463450157,-0.01827472638086214,-0.007164470605049211,-0.011395201690185375,-0.00880011920252044,-0.011725084107559791,0.0013344715111787142,-0.0009267775012999913,0.009975103900831561,0.012390293811284314,-0.011386419455896135,-0.008508274228826385,0.006991812249972362,-0.009504202290894548,-0.0022139227938992034,0.004303640002110365,-0.00754110760579485,0.002226276147373918,-0.0027257521271116802,0.004352293853076006,0.0075149102917981825,-0.013754144294009119,0.0171102324391732
2021-08-05,-0.02492772471379301,,,,,-0.007326119797103958,-0.00739603574996528,-0.013911552776230018,0.001958509035274947,-0.009463897755327966,-0.0016553906027058085,-0.02326870327127739,0.005198716055094366,0.022028285310730755,0.007662453722947049,0.018193263590987385,0.018750781696483365,-0.0005125742577859471,0.03826513081388394,0.0028309056939297417,0.006119292932058595,0.0005088861693156588,-0.008198712695537846,-0.0059885928267594535,-0.003760401164888849,0.02767887282721171,-0.01743954794168645,-0.013554415655929408,-0.008588786076268562,0.0008303266422640121,-0.005118442635902776,-0.008043346486030889,-0.010757565558677129,-0.021361815754339153
2021-08-06,-0.026676479630505456,,,,,0.00594446934885573,0.0034241532504142302,0.002207476056587776,0.07281751503255807,0.023492342837478475,0.024727807133403612,0.049914980715005886,0.0011677354235988258,0.004459171674903173,0.07064877352689392,-0.00622675322765287,0.00588212350438666,0.008161498925735478,0.012285019532910058,0.0008364845989099479,-0.036069443741594376,-0.001208273574078711,-0.001533333858144248,0.004845775751919357,-0.0014316738088517855,-0.015385232535738425,-0.0038329873267195502,0.0007681577001801276,0.005825328017897924,-0.0004148188859592894,-0.023324806177244084,-0.009805971165492311,0.008070856017691863,-0.03028651051436737
2021-08-09,-0.005709935022073287,,,,,0.06456042231735148,0.00039653600461853067,-0.01306394641968811,-0.028145647536590324,-0.004392949375240152,-0.015196280197587009,-0.023770963188377903,-0.006498765497546022,-0.022937451755378757,0.027499343625577044,0.00019858158619978639,0.02673967175740133,0.0013952928865912373,0.03420118108257153,0.006727545854566808,0.01362681207792349,0.004584806588411761,-0.002095265731567042,-0.014901841324205578,-0.003519219769930304,0.014359962832141804,-0.0050045849209819915,0.016939596260409084,-0.00950413139727968,-0.005117873850401522,-0.031023867726610366,-0.0017567582618310817,-0.0030679760054675986,-0.011536314501766176
2021-08-10,-0.04134769450924303,,,,,-0.003247658158147315,0.00013210183922862662,-0.007182816976732287,-0.03140489195097795,0.002040744190618504,-0.009858550303871172,-0.049806288529604115,-0.01308275986266716,-0.015145809040736702,-0.0031311495728765237,0.0005014359770039167,-0.019429059855505137,-0.029332356364447087,0.00540518931634848,-0.010117305391520004,-0.006585741028949821,0.005768257789874109,0.010059779352010745,-0.012172412117032017,-0.008502409287485246,0.03775129342588923,-0.0037219436674073014,-0.014491409444664316,0.004947591747442859,-0.00118176884846799,-0.01614184626481019,0.008132245910800417,0.012781961945631082,-0.03757467164283612
2021-08-11,0.08346643133355847,,,,,-0.02551516103500573,-0.01472337812352642,-0.008888425405559897,-0.006533052331290312,-0.007595799459068853,0.008874524635349434,-0.028538134475298627,0.004248645331146994,-0.003460192168562637,0.01920222087645307,-0.02088235203498434,-0.01683970206859431,-0.007595857447918131,-0.004739419922676902,-0.005220342418446711,-0.0030134141053717034,-0.017394732439974248,-0.0072551669407624475,-0.06174672909098522,-0.01675458978183053,-0.011951460151190085,-0.0003727379259176322,0.01208983665618879,-0.005445422669421274,0.0033755370551602493,-0.021491392820152222,0.0034631929290125374,-0.021176536789988765,-0.023957426670485393
2021-08-12,-0.0014743601713304022,,,,,0.045699285188969485,0.009470667333733918,0.036055037174076654,0.004070853512585515,0.013533014095431284,0.0070084470916988995,0.01918463363126688,0.03570833713631738,0.031249920562128386,0.01860795113098246,-0.0003336736501543536,0.022630943327655917,0.03646170479430366,0.00739153264415382,-0.005996017322092095,-0.005000758089409696,-0.0011544275012174143,-0.0020838147029889065,-0.07118727162879124,0.004696098728762532,0.04002266572542079,0.005139589300843239,0.009467720747956987,0.012450546763766113,0.005826564381843813,0.003567985465711576,-0.0008277195842508744,0.018707443229495357,0.04212119362571021
2021-08-13,0.014027384260477005,,,,,-0.010818600436135362,0.013426702430919146,-0.007347570788193036,-0.0040890970238445234,0.00590999595793229,0.00014216259729549208,-0.0005882487577550943,0.00408480897573682,-0.00823045557317037,0.003596450894116421,0.004038297488847764,-0.001840253447056961,-0.0037649840522777644,-0.0020460438929393865,-0.01361203316040882,-0.012040100207359128,-0.0004494583548154685,0.008117945492344347,0.0009222443104954792,-0.008012896519560164,-0.006730349836762239,-0.006927822248944837,-0.0016177410937028291,-0.0065931142591956204,0.0,0.00189857196399279,0.00942152452348366,0.010812302237057647,-0.008432666321469329
2021-08-16,-0.017473673451930072,,,,,-0.011688697509570134,-0.004050927398837945,-0.016147393750673533,-0.004801575772615196,0.006691355214259342,0.0039054131510884993,-0.022366048610110933,-0.011553909701201182,-0.003394752838606574,-0.008475543367039706,-0.013822084610860541,-0.005414417546971473,0.00035028016613947166,-0.025309152951068503,0.0019237904075160017,-0.006876120269853292,0.003212211248895258,-0.010053029798301694,-0.009469261035692456,-0.011981548153545352,-0.039687989965506376,0.0358315793004893,0.016189955307829518,0.0045488310279244715,-0.006034240966967475,0.015711199083487948,0.010835834984290527,-0.00792006316713656,-0.015249302659915642
2021-08-17,-0.01815484997144423,,,,,0.015211222328544993,-0.005825910633495357,0.007008126259903991,0.008076438595850721,0.012537125734598753,-0.020158429998515248,-0.0373269606532709,-0.019756369716044997,-0.007570067120454271,-0.00711374198213488,-0.013630847315176498,-0.00011715545168600183,-0.0022610232947503084,0.007978534720599617,0.008442102935467766,0.018463181831790854,0.004290368665384348,0.006025832600303094,0.006975974107130245,-0.0009538762121721334,-0.0009108583347710031,0.005166938306163438,0.012918124011972898,-0.006161361513570718,0.006695259848075397,-6.774924311392372e-05,0.00023396109983497837,0.03685142474396197,-0.013996372424976977
2021-08-18,0.01849054300560149,,,,,0.018523592543821632,-0.014728344159995577,-0.008315444829615881,0.012728432980650295,0.006030874271548914,0.018407510012400374,-0.033145699847257015,-0.014612156054040537,-0.004958184297820578,-0.006702533134609223,0.0,0.0017364983735221884,-0.0052338331020169715,-0.0020148389794856225,-0.002861369148965287,0.004642671195975057,-0.001593961115246234,0.00042783853093997237,-0.001590843253125418,0.009274400592415244,-0.010198530621375546,0.02090437972496928,0.01825991718855402,0.0024647415413481255,0.023053881624298223,0.00373157766212584,0.004471225821221614,0.03871675875900471,-0.013289017865824926
2021-08-20,0.03223420675721833,,,,,-0.02675560803080057,-0.0216167514561455,-0.022420525221671816,-0.02047949345239175,-0.007055728821286467,-0.025801059584898978,0.0019404743141764325,-0.034941138345011,-0.03257948894421758,-0.023500649061537815,-0.013672925212294684,-0.01660952967108864,-0.024440426797365244,-0.0196842292360373,-0.027960029869583125,-0.01980523298707837,-0.0277813019685329,-0.018684433888778496,-0.04749171431870558,-0.03418920565048367,-0.027570713088292287,0.01787873329147538,-0.0018526183384518502,-0.004768661759247728,-0.008184973502611714,-0.014499206764257422,-0.00205445674666338,-0.017869531239288694,-0.029690884127926864
2021-08-23,-0.0865039683256903,,,,,-0.0348412783361729,-0.0422913276607636,-0.059197773521186936,-0.02335505948046912,-0.002350751968014486,-0.02750283323839986,-0.049709458713166454,-0.021723669195084727,-0.00990491015259043,-0.020372859089109796,-0.032931056257047175,-0.02027311736223336,-0.015064775661415286,-0.06192997576201753,-0.009032094972097782,0.008418930854991347,0.00026308507131589387,0.011610708713581719,-0.001079201786246431,-0.06758069565665992,-0.02218936967012841,0.0136764058744554,0.01958467082693227,0.0014225303795720734,0.009271514783131263,0.0002057527652654656,0.008413137581223307,-0.04455424696819632,-0.06466876971608837
2021-08-24,-0.017681728880157177,,,,,0.004189488008479847,0.04681783149736485,0.06126754198719353,0.029426641339907578,0.01719058252372596,0.040550721826672964,0.049592359306639855,0.010290545017713093,0.007603111956222097,0.00924290851229892,-0.023375107141878293,0.017531329732719314,0.017008236645427832,0.05339512896352727,0.016069186501338928,0.021483846270349494,0.015803212241426667,-0.002348760552916662,0.015341329392413394,0.04891952806377353,-0.01496935594296378,0.03375219315459366,0.07790786632114033,0.003439026544388435,-0.013897232248870961,0.030721833207264737,0.009472623022286575,-0.024107249829783073,0.0913996833170847
2021-08-25,-0.006000000000000005,,,,,0.027955439289262918,-0.014443175332723879,0.019190547787899748,0.026116144975988798,0.04996315846807353,0.03645385092437681,0.04983815621975585,0.01644033133595979,0.0011913540665409172,-0.009339067934758916,0.0018592242169432893,-0.0008124522030368286,0.04047102654474233,0.008113018817116568,-0.008381702582538342,-0.005503254360986531,-0.0029817043759646777,-0.001377691175138085,0.0010641102020993998,-0.006723928272218016,0.008627698404060968,-0.005035924161509664,-0.03385442730746124,0.024511879518766655,-0.0005462723774148914,-0.01467022488842784,0.0218818409554411,0.03449999629863165,0.055006141709635026
2021-08-26,0.01287725130077333,,,,,-0.0056135869333421295,0.049990534943408216,-0.009310779213223985,0.0002372241688823884,0.04944083192173787,0.0013179958147091497,0.04993843449944624,-0.0003516344173082331,-0.003173350501805672,0.005473736412591856,0.05668027767923767,-0.002056474144279896,0.08139276202075152,-0.014249784237533647,-0.009991230865973533,-0.0014245318204251234,-0.01105259152632998,-0.0020179304615527416,-0.0035607115565895464,-0.017715612954560256,0.00786486613493742,-0.0018718073936436763,0.0034204966780206902,0.01643513577998057,0.004575281989535496,0.0029710035879615404,0.01533105480772523,0.0004442261058617003,-0.00380781434156352
2021-08-27,-0.009137874770140608,,,,,0.010298642526315183,0.049992766432132685,-0.011178743175234152,0.020566650645540863,0.002532394799287685,0.007343774251637125,0.04991182852902876,0.005100328646321373,0.012733810852280758,0.002903527225314839,0.0008780546260369615,0.021376800110822547,0.012831922519991545,-0.013407296309001171,0.021549906826057175,0.013826516428756097,0.014791786301261434,0.013204870988598794,0.0028266313906828433,0.016715464629959653,0.013878741638151615,0.004998483825845446,0.0148382810621015,0.007512312973520174,0.05883136547000989,0.004241134991416429,-0.0038333592735652067,-0.004439484894379397,0.009997041562679332
2021-08-30,0.07097037947153195,,,,,0.01851839502241548,0.04999599589448045,0.04987948440307033,0.006971897236558666,0.010723477515778956,0.0041265505268615055,0.04977636122880624,0.021697246823686678,0.014931191386713616,0.006513905744242043,0.017040407444992356,0.06534642855939143,0.05247180771550708,-0.014272663500164873,0.01680236690099912,0.011689526184538668,0.019953438956885172,0.03941386915672229,0.013190146339250974,0.028554932764534025,-0.012543753264589896,0.02855053872361135,0.022524585818222587,0.0117171539892591,0.017622330880902703,0.007709438302265559,0.014427165866261582,0.024945257956617173,-0.04657933042212514
2021-08-31,0.007487832101452208,,,,,0.020109481877988777,0.038830096653764024,-0.00360615315625612,0.046849686677742364,0.007544678817556605,0.025068451860628116,0.04954716475731957,-0.015927461769547957,-0.0007742495342841771,0.01228427889118544,0.010983755352959035,0.005902720315370313,0.01320374284210124,0.02680212689894379,0.00560080582660194,0.014015163901405892,0.008701558250214791,0.0135867200610027,0.005616817914865235,0.006309607244779469,0.003336819597870244,0.05010117538467318,0.035527519903450155,0.007580714718655068,0.0059615755476591925,0.007184646664910588,0.01708949798834425,0.022405896102738243,-0.01526717557251911
2021-09-01,-0.014492730613258176,,,,,-0.0020893258133344306,-0.019004524480683682,-0.00627647090146477,-0.01410942908863222,0.01071753030733924,-0.004744122289815023,0.04974616773010232,0.02767151758159292,0.03370789658397633,-0.004676457705258263,-0.004254425738975831,0.0091301891640021,0.031978932013221106,-0.005850544851607853,0.012627438258593582,-0.02632414099462843,-0.006989240169712918,0.005615011813733695,0.004593645922870815,-0.0115646841747431,0.0017463286595140737,-0.0006511400572831727,-0.021135623579853546,0.001114533152476005,0.024363454896741077,0.00729863753670168,0.003489442868853665,0.0019150093004172142,-0.02356591039849809
2021-09-02,0.03770738891291381,,,,,0.03047781595445742,-0.011887015118095978,0.01586712021844261,0.003418161555675203,0.005139772649423113,0.012218911709239055,0.049806516639126386,-0.007112643904087723,0.0014992828162008198,0.0068989795355474115,0.0365826072648312,0.007550632375402433,-0.017244705389470094,-0.008374865762257433,0.020205944175137436,0.035108687257223936,0.0018388075675026538,-0.007130950247346779,0.005767723113013101,0.011136180919808947,0.00021789458306020748,-0.0028126631806265623,-0.004947537478148356,0.056293966964960473,-0.0027854871479557897,6.548137979844881e-05,-0.012838329400483017,0.028281261328908514,0.003810772404859719
2021-09-03,0.08829937033101598,,,,,0.014116770339746454,-0.001950804482768853,0.001504216160794769,-0.0031835171581031663,-0.0036854471737013395,0.0013928966659850772,-0.049746659108727886,0.008186800335691524,0.0018711511354663202,-0.006497358311700174,-0.012586747193892078,0.011564052037860817,-0.011446252596564288,-0.007380429412968348,0.007994430803919261,-0.014812879646259991,-0.000696140306620241,0.00827599873992324,0.0017048585731926913,0.013522948991896877,0.02241413272632209,0.0033273233501742716,0.0018619061155846772,-0.032411062753360254,0.0005217392785443753,-0.011900461519718242,0.005424170237184001,-0.0006682457215113624,-0.006327111551352016
2021-09-06,-0.03806341868609142,,,,,0.04825968983387341,0.02106653679626702,0.014043543835826622,0.010507460392175094,0.029037800085997212,-0.0049014004544831735,-0.04992723321364401,0.006428898339523537,-0.012327118711808138,-0.0021403201509744285,0.011331966539123606,0.004640859067173819,-0.0036785229489140203,0.01280111941938089,0.0035519491115967305,0.00966960772936476,-0.006523999359884014,-0.0006142792887874338,0.012893952500424799,-0.005502115069482061,0.00016295523786258315,-0.0022660935972892426,0.00075584789893135,0.002246677329634128,-0.04074230497327591,0.01194421706360349,-0.004468215479441984,0.009725111011047893,0.0038203809810104516
2021-09-07,-0.02776813547558743,,,,,0.0925741666967228,-0.006008745717740682,-0.013306059149985172,-0.015107531619444226,-0.002426377148393666,-0.007587757551164476,-0.04999997567157399,-0.00958153853995225,-0.01626332176206524,-0.019244549249288867,0.008838286582914412,0.002648725529123208,0.04703093780893086,0.007870855598061333,-0.003763266766799389,0.0003156939975428319,-0.018297800416830712,0.000960606004278608,0.007790574586775234,-0.013139692173764983,-0.0007394503830665533,-0.006534685105101468,0.002042264399545246,-0.0024454571637447797,0.016854657228297487,0.004032779625139149,0.004144033814718284,-0.018540465144472384,0.0009515328961695602
2021-09-08,0.008568346462646703,,,,,0.0028900311295390058,0.0499978384579729,0.0035277132412083745,-0.0013798522731616192,0.043466508605569,0.0018107701627625428,0.04994620601023758,0.002206435371469473,0.02460579087155601,0.011238778466867494,-0.003652317144059669,-0.002282358633356796,0.003987619051874169,-0.013441249353486562,0.0028280391291237716,0.00136766398906496,0.009806472103214059,-0.024001628788137608,-0.007528213399051964,-0.0036439219100828923,-0.009330963509314505,0.000791228797091037,-0.013136800293477413,0.012802130403753331,0.013241681814727402,0.009012829758490382,-0.0011682639202564848,-0.006206954349904037,0.0028516916320628916
2021-09-09,0.0024779193169248703,,,,,-0.00042465790781820445,0.031160538066167476,-0.004811684880948297,-0.007037531246959383,0.04977113002980138,0.0038159760514144825,0.049104911983905986,0.012531726005164945,-0.003752250455506756,-0.0036645799232456477,0.0015891648880614895,0.00010575977380833379,0.018233117178316327,-0.0012941043425813703,0.00015267739795588042,-0.002626581775614256,-0.0014791547640357061,-0.005929085604512996,-0.00035643939889185017,-0.007596110972968861,-0.017989624905068946,-0.004361445967915101,0.01145782363244452,-0.008471793590138166,0.006766963974848217,-0.003915897954865577,0.00446231176242029,0.011578010812727912,0.011058451816745585
2021-09-13,0.010946241003942037,,,,,0.042716353795932305,-0.02980387747998481,0.013402652072767696,-0.008122940345153373,-0.025288869801232017,-0.0061357873595551116,-0.019502662801875625,0.007526341780549783,-0.012805949918251902,0.00970754757910286,-0.0024204303637174185,0.02833915335245063,0.07539960889892394,-0.01577622126341882,0.003939394538901908,0.0012114625909724897,0.005152500373876823,0.005994201169207347,0.0023426977328186993,0.002409635184798642,-0.017648844060314417,0.00200530053011172,0.011205717437338336,-0.003322596269065725,0.009373179280008248,0.00367147079109742,0.002873078763764081,0.009151514031780827,-0.0100000381469727
2021-09-14,0.006636480946818901,,,,,0.08810301273640464,-0.0006009083750252442,-0.004672107884139076,-0.01256157598123575,-0.030205811873696975,0.013823796559247814,-0.013426178496717234,0.016268220431638003,0.01487974977020401,-0.0018511635786169212,-0.004086674262735235,0.009700809167600744,0.07092022765758621,0.008440617126290073,-0.00013184040496494465,0.002840763860741502,0.0014098249128082774,0.0018977008147003094,-0.0014734166772448765,0.005938987798396633,0.000616905322969652,-0.0037606957291276277,-0.006314132078719892,0.005851141688951511,-0.01353238846043825,-0.0013920118304588947,0.004505433844199436,-0.00464303094726326,0.009785373178554213
2021-09-15,-0.010062540913354456,,,,,-0.015033129228162467,0.0019669717201085124,0.0223778478694745,0.0023791717734542583,-0.019531993009685222,0.013966179834960846,0.003024166606901746,0.019111462096931486,0.05300746021922165,0.027579910073272762,-0.0040567812467591224,0.00016327749667310876,-0.005698606585633481,0.017968081968999128,0.0064594422542672,-0.00020978924346481964,-0.0009597579087523567,0.012571552942880482,0.006818192631180553,0.005060370487727228,0.0540217202777622,-0.0004584114859501609,-0.00013960201869900324,0.009604985354426443,-0.0022911930120800283,-3.2456704442296314e-05,0.0007287349599109927,0.011722473907065156,0.014379512945549289
2021-09-16,-0.004206034843309947,,,,,0.023749261931188093,-0.008422110255766224,-0.004518497877131655,-0.008966425105700004,0.0378899463971627,0.004830526823090375,-0.009547765713557865,-0.0009617389818293853,0.0014282044960325369,0.007685282477978728,-0.004752037311563262,-0.0012031667834644377,-0.005690891640650508,-0.019687854430691876,-0.006176239688685303,0.0011016742353451292,0.0005124114686070325,0.001550597762871364,-0.021478721136015233,0.05384619032938898,0.0062091028677184745,-0.0003573490523286482,-0.005698607237278441,0.01185841663359155,0.0032589208761160116,0.00722922789906999,0.02558627525864776,-0.01630541220256465,-0.012634841613299308
2021-09-17,-0.02921512894133005,,,,,0.02485596333184592,0.012381399832280815,-0.02027909168508546,-0.015267307225942384,-0.014021308999910609,-0.0033132007441883937,0.019279608613203658,-0.009786643691106267,-0.016755847818629044,-0.0241507713658361,-0.0014936632398853122,-0.013211837361245315,-0.02792630265809426,0.002077833885326452,-0.009610819217367172,5.251618935386837e-05,-0.014275737462070892,-0.008535119489247234,-0.017715080834799224,0.0017252410440113941,-0.01987264845621939,0.0023341329488015816,0.006406549017486496,-0.009799271418258537,-0.007610268486408334,-0.025748282815871493,0.03798504158250693,0.0015746262713685066,0.02777775925726078
2021-09-20,-0.02610580858639433,,,,,-0.04024931341817406,-0.04449192832741389,-0.02005138256541572,-0.0414795719547818,-0.019163213167949222,-0.02372580797581947,-0.04977600758610179,-0.03127020339756337,-0.02610598453171664,-0.05298986918904025,-0.017765873407892707,-0.016864927449242728,-0.03904044700664966,-0.027950761709239047,-0.0224380696109433,-0.01671822891153063,-0.017404849636955655,-0.002478946520144132,-0.018087136439052687,-0.04504506417872589,-0.015947889831164352,0.001837568306937598,0.010614501320938441,-0.023537311244976267,0.015087701283422517,-0.025140428901162193,0.027419716881748935,-0.004740755653993012,-0.019738840695270765
2021-09-21,-0.00632915922710775,,,,,-0.021159265935483118,0.04999943043088684,-0.008870909114399694,0.01592835691227279,-0.009238450264456022,0.0009347077731318709,-0.009429036340336538,0.010035191654431674,0.011541606026656215,0.0027508826633577677,-0.014692629532965795,0.024689417066782626,0.012591676095960791,-0.013903023212392673,0.016481809918747148,0.019187704434408204,0.010575051610663522,0.013571164047765594,-0.003908970404139178,0.01900664331788149,-0.008936543474222236,0.04990290302932676,0.03339211824175381,0.007737950372727509,0.006080571071607421,0.002473766137534472,0.0013889880631772211,0.01273471690018968,-0.005885978836228989
2021-09-22,-0.010116079996990601,,,,,0.012898297373645784,0.01973422436017591,0.01625924674982393,-0.002566825175926324,0.018604531600494578,-0.005736366851601171,0.014278184026565333,0.026991135783207554,0.014721974711914276,0.0291165243290763,0.013560442052544808,-0.007107102951808719,-0.0003976839077164396,-0.005207011900409619,-0.001503960733488019,0.007739768604489106,0.007325056477501146,-0.0076360865412171686,0.01064397321383681,0.0008170243257177301,0.0031824655904966193,-0.002585256625312171,0.001563641017009898,-0.0037372824617528666,-0.006318515835900151,0.0435400317235628,0.0038284955773213447,-0.006323497071745288,-0.0043627108853606655
2021-09-23,0.039364093171709635,,,,,0.00619662668142773,0.02479942331842766,0.008050066556346769,0.025456516879888813,0.006701328909409776,0.01234402105748722,0.011991633919539613,0.036762406807620884,0.042074491826502136,0.026475155808143747,0.056003259379942216,0.021660527740958946,0.005085841061644558,0.002013125847734276,-0.01012093857947094,0.00477417102313904,-0.000324613599246959,0.01404695693968816,0.00037235599886065174,0.001768424760798304,0.007247617303512088,0.013523867312656535,0.05047481432498602,-0.011458978045366441,-0.031301869070466726,-0.015257512058340028,0.007136903085874335,0.01750937952991327,0.0034428986025527575
2021-09-24,-0.004734225351971766,,,,,-0.0012994495821833096,0.029002464434401132,-0.0007258649431605146,-0.008580117285794886,0.0022625285126391947,-0.012856126266787893,-0.012364748738015185,-0.011042088262106509,-0.031673945252959856,0.0446202744695916,-0.0036961286796728388,0.006783451995933776,-0.01239867378152637,-0.019288016448376855,-0.0014487665227571611,-0.0004646551875093774,0.0007794411762520603,-0.0198671904207669,-0.0150475927842193,-0.021863164907545585,-0.015671215383156967,-0.013374993040133454,0.0011969860383358455,0.001586944829366832,0.0065959166071003494,-0.009802894988939492,0.0028232376217616206,-0.01535462524521558,-0.006862171444628418
2021-09-27,0.051591682156227225,,,,,0.03947964973462348,0.003709745171988743,-0.014955975855599823,0.04758160706712844,0.001432455525096188,0.007317289910013569,0.011997889479445023,0.04308856595790078,-0.002516257951909684,0.0336741546536683,0.02554757121818585,-0.017297156531769886,-0.006163297352244634,-0.017126884316953306,0.00027137935312904204,-0.005115536903107287,-0.009604906019885506,-0.034452023231203555,0.01074283666749154,-0.005553208727461345,0.000546287839742865,0.0002630115274879774,-0.026713866483420445,-0.00661337105365134,-0.012538223991297781,-0.007807018627589257,-0.008276164674444808,-0.00988592996723725,0.02229901457166461
2021-09-28,-0.03270700798925574,,,,,0.008005390975061477,-0.010058950585907778,-0.01134294561831628,-0.028702034299616597,-0.007759288699767275,-0.01539488524389332,-0.010309219563065741,-0.007085797511226399,0.009369289836413275,-0.009128184778026682,-0.009472458771393577,-0.01741751343653264,-0.015247792740651023,-0.011922819565815646,0.008660848149982137,0.008621557015032977,0.015791952717162605,-0.030106253959229612,0.013619620275627131,0.010610145331721998,-0.04382299374076515,-0.032345742005414735,-0.02666222478279512,0.006657398902848,-0.0030627097505969703,-0.019989378588198603,-0.015960782078321856,-0.01831342314936757,0.007987729964717749
2021-09-29,-0.003597122302158251,,,,,-0.02469221917225084,0.00037811279599697656,0.010984221476210587,-0.001109333389463285,-0.005111381027468331,0.004467336553018564,0.02395828469760075,0.0028849995589479427,0.08247068848305972,0.029457107361255286,0.0035960512377650744,-0.010977325090537948,0.01881531943869552,0.012066688515745883,0.009900424336330316,0.017095787187236144,0.04670368837295591,0.004682323662322352,-0.0014227688074263112,0.001795785372474601,0.010101685006442152,-0.0036986853791832752,-0.006643643509418262,0.012331264799765096,0.024288883445209075,0.004134153085479042,-0.014956798861727405,0.017218192937650034,-0.003962262378430781
2021-09-30,-0.013718367483641747,,,,,0.0075195954302087475,0.009958935423667103,-0.007735276169228866,-0.011813050657733415,0.006981909279777154,-0.00552559132890118,-0.012207516428325738,0.009386810357437936,0.04716359948271509,-0.014789304397653469,0.03280768910937759,0.013689727264296403,-0.01851134056805981,0.027930504741194184,-6.152713825269274e-05,-0.0041008568561283765,0.008566357391688761,-0.0016123600292829998,0.004274256315780711,0.0002758055920859537,0.0013862813968275045,0.020318216583285587,0.02024797928538624,-0.01680841725979243,-0.006810884618336566,-0.013065649982440086,-0.00023522768960693163,-0.007271935471798385,-0.005813935028932904
2021-10-01,0.01024885676376508,,,,,-0.001290005533689187,0.013088334667413326,0.047337107740768936,-0.006402947109902635,0.0038811035556785,-0.0039977319249334675,-0.0015448345276851683,-0.00015004633262993838,0.03149605209846529,-0.009137387096534,0.05045639838198368,-0.010014329266033628,0.007183449659270202,0.004461029559668317,0.01539737512160877,0.0026943518565565316,0.010204743321629905,0.00700183340559013,0.01555272932962004,0.007168373175289178,0.0020700181462891543,-0.01895502600647414,-0.03423610805954702,0.009759077765825408,-0.004372425269492108,0.05757422634770637,-0.0034351552833563614,0.0012373686081252888,-0.01200367488380727
2021-10-04,0.007971058721127688,,,,,0.056753597662170474,0.03661534448440884,0.004651898577429092,0.04658267205348188,0.021762673815370226,0.012585821105377981,0.04951010943991041,0.02610256562739166,0.02961826660961875,0.0272806226105613,0.003137491483208743,0.08793470594441821,0.032089019975750865,0.0020995353728219257,0.017524741233470476,-0.029101655656053826,0.0065328219722988745,0.0803757588407712,-0.005225512280747191,-0.0010948995353301516,0.04041474329365169,0.02290386024985258,0.03658200790935773,-0.0038384256254636595,-0.0036650285654997727,-0.0084431625210869,0.005135045683853701,0.024654642707999663,0.01277260468384922
2021-10-05,-0.008267498956237462,,,,,0.03921266039371374,0.023286695202987984,-0.022420936840744865,0.0006550764015496036,0.039197327219542055,-0.0003360223511496008,0.046682989571630085,0.008625829908085025,0.06405683950031893,-0.005129417851936879,-0.006029053413446839,0.030324720028167995,-0.0017783189812725642,0.0027396404725710255,-0.0016062850448204102,-0.023968640217858272,-0.013822198966619292,-0.0005458920971532777,0.0024964730938739077,-0.00794744061068653,0.03927031225095012,0.0037880753799353073,0.0023195406063516444,0.008945062678105797,-0.01778973128366268,9.866432950200732e-05,-1.18132095309198e-05,-0.018585810205340447,-0.00030761643075383205
2021-10-06,-0.021747010267246125,,,,,0.07134976477900112,-0.042945385739813546,0.0017700384816465853,-0.031486242074866166,-0.006218275151009811,-0.026816211205433205,-0.046478864158625455,-0.025801004286522877,-0.0192307288709892,0.03394369928138996,0.0008799154438530188,0.08097563635584648,-0.011733289696139293,0.007554021506818609,-0.015492691409469517,-0.022577683551529337,-0.024253407542422223,-0.015581073897476316,-0.01722442861099438,-0.01546960620211546,-0.033035259080123947,0.0014176842723783167,-0.012937423169593676,-0.010229850329919743,0.0030993128598397757,-0.013083531461796971,-0.00910201343051631,-0.033094962364668246,-0.020000000000000018
2021-10-07,0.015931894804696034,,,,,0.0509820303041979,0.04999370960447358,0.022347330257102893,0.027846285008907845,-0.007368640994379616,0.0167818365559802,0.00393894267896,0.12036904015059369,0.010230133877642267,-0.003636208444098954,0.006422248765578731,-0.00637370424481809,-0.01383706100849913,0.03788469491623836,-0.013214787766572145,0.0028463432729863847,0.02829129071423986,-0.00753414456711432,0.009396580585805614,0.009399613901951653,-0.0037973484419002723,0.0016482591624753518,-0.008307518578569373,-0.0004134743596512225,-0.003186176916473382,0.028912191902971562,0.022081140424487833,0.010358635240497627,0.006593425756721061
2021-10-08,-0.00692933745250135,,,,,0.039576580926842686,0.04998696069575104,0.030353598920270564,0.01785298148232428,-0.024136337242708472,0.005094010352059142,-0.003433040555153477,0.017131601098412164,-0.00506318076097223,0.006881868364997379,0.07980197934189714,0.004601781586587972,-0.010671033082845116,-0.0023053709815733514,-0.008566466206268553,0.001146120372220727,-0.0022472407929238214,-0.005208136146708897,-0.009152167432607383,-0.002779734213945284,-0.008396437313919813,-0.002026363114185581,0.004533372130130386,-0.004480505342465357,-0.01236652714704023,-0.016089349598328195,0.022322980643375567,0.008076079793563729,-0.00031193419092867547
2021-10-11,0.005141478063990679,,,,,-0.021326719411645656,0.005981848184818395,0.08485934122340955,-0.005265286807117464,-0.012281732729160222,-0.003311312767284136,0.0024606862775651273,0.08565086172418179,0.08283847356782226,0.002744287066286377,0.02656969654532304,-0.00515326848374098,-0.002809998114869816,-0.015481867314819153,0.009310731632012681,-0.0036527355317638177,0.013574310231466269,0.0141482011841092,0.011823043379498355,0.0037629898987052712,-0.010493532339080569,0.01098017086326597,0.009373547678250604,-0.006647257512134241,0.004707677409481192,0.009278518558448967,0.0706677676011982,0.014313166554027701,-0.0006240630484594112
2021-10-12,-0.001826817602119002,,,,,0.009366172887956381,-0.02173467295468523,0.004747372886844126,0.009547092671264856,0.03979864122850563,-0.0007457616556586499,-0.0019637169307474833,0.012266906544868394,0.02245434591020712,0.0025818206341399197,0.012940918871272356,-0.00554642986049525,-0.004182341813795065,-0.013299829731027724,0.0032587689540561904,0.0024077385299821064,-0.003423118740600084,0.016109069160207712,0.008137711495693756,-0.004998624667649443,-0.005367985951824861,0.004944267764926069,0.02871751918993004,-0.01937818663221591,-0.0023753918497870785,0.0047269142218009375,0.004142390295148735,0.05211425165141059,0.009678445899658827
2021-10-13,-0.008418807495527925,,,,,0.02315637054717823,-0.0175644109594425,-0.020503796483741787,0.00981050668645378,-0.012289465706106117,0.029990503253025658,0.049680286899761006,0.2044671737149657,0.145045989904655,0.14039966829149897,0.0073945520349769644,0.008716749258893985,-0.0033755777750498206,0.006025997699080632,0.003696413967720469,-0.002674893764170294,0.015487542033183033,0.00440116229823162,-0.003104654272004126,-0.016885202528732157,-0.0025732488947645127,0.00936254003639636,-0.0018878248753633198,-0.003554201484802788,-0.008219357491415669,0.016904632944424458,0.07979529486046633,0.05840805300516205,0.005565919432648503
2021-10-14,-0.003322236680552648,,,,,0.1084949739754657,0.004096199486092189,-0.016174733814830367,0.04883104082345402,0.010934267974968659,0.07088272163221054,0.0496719521257285,-0.018346780705432275,-0.007136430164353613,-0.0208200799520194,0.0013445183942399908,0.007685045668471169,-0.0018443909788999902,0.02616633940770985,0.006137810533573651,-0.0023535529674628686,-0.001483652893402243,0.02348124460204426,-0.017491900507835223,-0.01305895987267136,0.0002910895761474297,-0.008374031660161485,0.01652988878997963,-0.0101298408444922,-6.577822105502396e-05,-0.00922115359802067,0.04037405618342804,-0.025653482113270454,-0.0015375153174400635
2021-10-18,0.06703705964265039,,,,,0.07580233287263805,-0.02294747625381699,0.018510370521365394,-0.018738418150772485,-0.0024035674416317265,-0.002768191554707311,0.09999999148505068,0.024115733243195603,0.1558848092193219,0.009547518866538374,0.04393697042347311,-0.010680514671413732,0.004568979675768414,-0.008986018494674508,-0.016375286560244673,-0.008339294598765035,-0.006418674308852013,-0.005416910027447042,-0.01056580699313081,-0.014813650198759132,-0.008279249825143498,0.0003370335823109638,0.010225147614028485,0.014125070131535633,-0.0005262603849116587,0.00421878664031361,-0.08000942856304294,-0.009161856960461123,-0.005543634871806424
2021-10-19,-0.038181186278932744,,,,,-0.07194141430467971,-0.029227536794972475,-0.04237631896542671,-0.02850513333872795,-0.01852702062543532,-0.022577225154987945,0.013392854378263097,-0.05435636099032193,-0.10707336540775503,-0.013249441177341947,-0.005587994502139981,0.020597407845710958,-0.0009697640742896141,-0.0436333097792273,-0.015520207691925525,0.002710933414741934,-0.010228428051389793,-0.028251653561274126,0.002082381163553304,0.005547299163782604,-0.003173990792577963,-0.01605107581096099,0.021340595519429684,-0.0011369475097671167,0.006416885054394639,-0.004329328532086452,-0.029247826720663617,-0.008708643855720899,0.010219939216241647
2021-10-20,-0.004691513106864442,,,,,-0.18708125389497687,-0.03472222222222221,-0.039131917462381205,0.012902569285897947,-0.0018622349154270301,0.0033447865740077187,-0.03163792670815979,0.01037558185441978,0.0026115226557750226,-0.04264274218495612,-0.08948141074228422,-0.12673003556395823,-0.07471970395646454,-0.028444087075771285,-0.009975376878943565,-0.0003310918855435885,-0.015047967874565527,-0.014579762512580752,-0.009324438858032913,-0.0076945517185140755,-0.05196262058271395,0.002849127654599437,-0.024813142115094444,0.0008537471596707924,-0.01621759945847867,-0.012335681575011082,-0.0332628553365516,-0.08449261788563356,-0.007050944894162359
2021-10-21,0.001812907984518608,,,,,0.031323697170589915,-0.00979350088477604,-0.02971044155197866,0.003365481696587347,0.016791694311884875,-0.019562176675967158,0.019023948662820755,0.043335374693875606,-0.018233110691012966,-0.029066150750336806,0.011229843269043638,-0.048021841247735675,-0.0780158199206955,-0.04537495573511319,-0.021508723061260393,0.006236898634588428,0.004295058343548597,0.015098433367051856,-0.005754874118750086,0.00936360484849641,0.022254413181691968,-0.003098718729779404,-0.0012686383654125777,-0.012581831092771556,0.0006645884585430029,-0.001141491714262699,-0.016349731080933627,-0.024324084770404486,0.003087372704056346
2021-10-22,-0.0028953594944354233,,,,,0.010780102373433964,0.029530328529024708,-0.017709153473742578,-0.03263227500551047,0.002669063240763103,-0.02251870723773819,-0.049918813827287134,-0.03366139240312793,-0.018350651470464108,-0.01603895611690742,-0.029575583563777097,0.0020352180592231317,-0.07207330734807893,-0.062472731749433574,-0.0030526852719763298,-0.016674861392526386,-0.0071482368360571424,-0.023153247798205934,-0.005409503626062184,-0.061313216404623616,0.019878807774679652,-0.0035023918243970442,0.004227670643535131,-0.005471113966521557,-0.003221716470018121,0.02255952728650934,4.427875311030505e-05,-0.04329567575423543,0.0024623524948472753
2021-10-25,-0.03666063921421281,,,,,-0.12984175387608454,-0.05044609798482824,-0.03311083490714406,-0.0069993517064069755,0.00020796073278939176,-0.012798664604057208,-0.049978645190947524,-0.022407765230574528,-0.03783774005141516,-0.0071884686823510124,-0.054938893250212284,-0.03585861197956697,0.07823515780419776,0.032059732830174825,0.008345117271904456,0.0061360183185545925,0.0008000277155251201,-0.015265827667831688,0.009626934096721662,-0.007720888385344682,0.008784671225875007,-0.008242307061741005,-0.030603161383763067,-0.010857784181938834,-0.002399010241239785,-0.029117879958023396,-0.02672817181123399,-0.008159384127391145,-0.02978204434596532
2021-10-26,0.02072343679911759,,,,,0.04155532394476946,0.027426135641322125,0.02541670302387722,0.007603462058590971,-0.018671051884856293,-0.0028587148751557656,0.008992840152776571,0.05990832275754698,0.05477517836475965,0.026514332401800678,0.06828523478277249,0.04980947210858622,0.0369460063772844,0.019685687749652958,-0.002127855839157977,0.006264836833612453,0.0003688281742841859,0.0045935001240740014,0.001777756166805755,0.03812638945791824,-0.04457386714384437,0.027332180991203492,0.014717543776362918,0.009952476688690925,0.005878630294305465,0.0058207602983832984,0.03815386506789675,0.012135544472307691,0.0015822784810126667
2021-10-27,-0.004798773799402523,,,,,-0.014166383712421848,-0.005320210110415835,-0.01475512665366685,0.014703567794253303,0.02216197762294181,-0.005400852496236341,-0.030748686169164263,-0.021134386642507663,-0.004660397145494599,-0.00913963287724251,-0.0028772167901757184,-0.016538267594835676,-0.03269208678137081,0.018243060622889606,-0.0007500090862351261,0.016528935950182122,0.014259404794888741,0.02599185205080623,0.007582180401133565,0.012441966388381465,-0.010771615569618143,-0.047545319002891606,-0.018598727846562135,0.005506702597229518,-0.003553214719195119,-0.00588502423517856,0.036007442267702805,0.017897385232437335,-0.007266944053613722
2021-10-28,0.005934740605685551,,,,,0.10589187562010305,-0.024162523392897373,-0.025132167181968312,-0.1072420600923365,-0.048876504738536664,-0.07742851651146443,-0.04873560762953488,-0.033842178155005564,-0.027870775816192905,-0.10632649930329119,0.0027593673133710084,-0.07383969754971131,-0.07225989630147367,-0.06322841388079359,-0.01989190660286222,-0.033333278682342704,-0.021209504583753147,-0.005476342602999562,-0.05881408108870234,0.00044412152442951935,0.020287015076148496,0.0002805207209533034,-0.001349053686306556,-0.015493190027737191,-0.019061536375768018,-0.025027895156292446,-0.012117071129568946,-0.015163452068099326,-0.03978357579363667
2021-10-29,-0.029867277798395375,,,,,-0.07421987579584477,0.00966397355641968,-0.007059821462421567,0.017911489462610675,0.004968793140013528,0.007121085124992543,-0.02851619803569827,0.005508822770386335,-0.016972378165166835,0.011218979816459473,-0.032342115701551655,-0.007432040944558738,-0.027831200753293595,-0.04224313110800948,0.019529819934906545,0.014914419380370969,-0.015601817901419124,0.005662730223393364,0.046668629170125486,0.03921864201300229,0.029721253179780582,-0.011230149831194525,-0.009259138371436104,-0.0038793479287290156,0.00936783219970927,-0.00978255987524923,-0.00859767259543942,-0.009517472647077807,0.011932301757638486
2021-11-01,0.008361769815343756,,,,,0.011528938668540434,0.017809477306547583,0.04066273244473839,0.015243065693618663,0.016914603298741504,0.016450265829390576,0.02338304997186902,0.00413473682479748,0.04036395213033317,0.004160423606767161,0.06259064896527433,0.03252845554184214,-0.04930779762404758,-0.03867769674229182,0.030530938768370097,0.0046406193805705875,0.02113209676638106,0.01515484383722443,0.02324189219629269,-0.007974976279481183,-0.005013265024841562,0.001858035746109321,-0.01433405580717495,0.013740785183833149,0.02443376118801921,0.01693076619619327,-0.015252066645866202,0.015599259014133837,0.015722301023483487
2021-11-02,-0.0015077041646776035,,,,,-0.00847509740054353,-0.001684220866519981,0.01202643116504487,0.01902721331734858,0.0016206972778012307,-0.002910270128060888,0.012153621959601013,0.0044266546449491795,0.02489339724338646,0.006131998352659318,0.03531785897898332,-0.006926053945209509,0.019381004362277965,-0.009075324550800068,-0.011527818737329554,-0.006433837990070912,0.004434510309187623,-0.004360967818241801,-0.014401457374098148,-0.007895434680397884,0.004563214950672245,0.005583991070984284,-0.001315158928325455,0.004131703594359104,-0.006160339189061337,-0.0008709844485108587,0.007075919751903248,0.0021751461665040495,0.030957774635808954
2021-11-03,-0.030955008978435283,,,,,-0.03342371997116378,-0.007029712089583029,-0.0011884473986863986,0.00889461766196531,0.025761124121779888,0.009752951368593221,-0.008165229528615536,-0.0060470094695747045,0.0013129044855293426,-0.015977655992908346,0.012414698651252998,-0.006842891694337161,0.01228729517192817,0.00753024239461908,0.005383343260655815,0.01023908664947415,-0.03366444286106496,-0.012535023892424446,0.005533288706616624,0.008392300901653993,0.0003514466462122279,0.008168601087950922,-0.0018896097263200184,-0.0005052502224073274,0.013192812773585638,0.018641434751708763,0.03137882035842021,-0.007909487647869584,0.0018766830248007071
2021-11-04,0.023373586734234175,,,,,0.002927313863142267,0.021946384240324246,0.010809322184172743,0.002389058443172276,-0.003403881764995842,0.006345226601652154,0.020823259715216702,0.00989897795238992,0.011145158581975068,0.009039216212031631,0.005178360471734145,0.010126086774000731,0.01730872502769598,0.006969007334592714,-0.001152643050919,-0.0021366460519417485,0.009518442365149316,0.013209678248342627,-0.0017631014066713524,0.0005740997917971224,-0.0064057768538656745,0.0011774933651680364,0.004828846133157816,0.0059222876128897095,0.00022893863325457176,0.007241179635129269,0.008942777797573687,0.013515723940688007,0.011551708860578547
2021-11-08,-0.0015227422743598895,,,,,0.012891545735079557,4.6115325069706614e-05,-0.004407663077897417,0.05290537043956478,0.02132620381979189,0.023469225369985747,-0.008538913938674009,0.023892126987019147,0.013831885160227486,0.02394378894308824,-0.009847171719885472,0.00198317517874691,-0.045902036061990614,-0.002607826086146625,0.004741780662487871,0.0032942128972881513,0.0057199434156822715,-0.059782391072327856,-0.0052983793800838175,0.0002868409841652042,-0.00518219001860043,0.019740551802962747,0.04124980994691452,0.009836323017164528,-0.011644319680513604,0.08450424147740154,-0.007358361493262522,0.025902817768746367,-0.0006173216266396331
2021-11-09,0.049561573027067096,,,,,0.027796089694174464,0.017548721582036686,-0.00807447493553437,0.042850325399907296,0.003915211115925743,0.009446144785267618,0.04976081026361667,0.016453949697650794,0.03133656155353748,0.023816005171429122,0.010803196644622703,0.02805758139358505,-0.0071786875691309815,-0.0132743065330444,0.0007517631969495842,0.0004925267463542493,0.0016874301703047045,0.011150369201454735,0.008662460782811632,-0.005017924188558509,-0.008955463064612035,-0.012529885367948745,-0.008037732911313156,0.004550316754445394,-0.0012906041041110816,-0.018289727258494426,0.0018216073167842683,0.00791288477418206,0.0021618660698616843
2021-11-10,-0.011623617258783137,,,,,-0.0071847902620160164,-0.015203776656414592,0.003550204255384104,0.01247362181803724,-0.0015843948365489302,0.0007459475040607622,0.004102103482093389,0.002158387271171902,-0.020256322140011496,-0.013503640483297219,-0.012144342567112942,-0.0008674654656423142,-0.019291658502725628,-0.002140284638992296,0.007720716391112825,-0.001859664027868524,0.012167029503753923,-0.009199683337226316,0.005014117042438482,0.0025934889142384954,-0.006318513154931038,0.0005213897882472285,0.008455016481349054,7.075614441465206e-05,0.012260496479467475,0.02633428437674734,0.04270412043220717,-0.007210439031942406,-0.0036980345363059053
2021-11-11,0.035648590488318144,0.0035134368518143777,,,,-0.0030004084558515887,0.055578645598346466,-0.013393014902265188,0.005465504715794323,0.0015869091271760727,-0.00379448180145614,-0.018610977513979332,-0.014292727561486473,0.011603379228114274,-0.010426700298970415,-0.0261700458180264,-0.007051260873053744,-0.023817385563196236,-0.055867605624185024,-0.002981772474714095,-0.008274402629486977,-0.02003449011213987,-0.01477852295498927,-0.006793694932328398,-0.00373652910677047,-0.013939305035340799,-0.01698232834509028,-0.024816999109774085,-0.005520162981237808,-0.012832154617248737,0.00867255081748941,0.007549986248232221,0.006217810845283722,-0.006186204996953881
2021-11-12,0.08587655519989013,0.06539269715592799,,,,0.020712889205467544,0.020432241356963532,-0.0022282826801622857,0.024205690860385154,0.04996749883017615,0.02067737763044386,0.0032377285895934804,0.007150635475255518,0.00041714291846406404,0.011347093477775294,0.004310103890218464,0.0040944372881839275,-0.048892656035011695,-0.02109475165991448,0.005877471554394553,0.012211309565677952,0.014656898066141011,0.0021827002233834047,0.013466603845788905,-0.0004328062898334428,-0.028554048240923113,0.01696027533225619,0.02251937048590058,0.0256190901236224,0.00162485948260227,0.0029055225592038436,0.016167236193787238,0.02658946501404258,0.012138265055196662
2021-11-15,0.04771243824678306,-0.03224777556702296,,,,0.044574236611055085,0.02588456712279341,-0.0034398277788131315,0.026008674482579375,0.009866129782755806,-0.0006664145143217004,-0.011987101082528095,-0.0031554147130922194,0.007504591400811167,0.0017631351532887418,0.0008693442396849882,-0.0005520724914943598,0.05325294892183052,0.0853132254056217,0.006276787317389232,0.024237105203245513,0.005207594259906578,0.013181936871637268,-0.0036910981616886662,0.04416224218477982,0.05159786458248772,-0.005917522073746073,-0.007841811158777579,-0.008326410948868546,0.017414420418565335,0.01268217611605893,-0.010879089922285368,-0.0009741289701251654,-0.0006150436639710266
2021-11-16,-0.01684339923169187,-0.01993649295000821,,0.11611076263533793,,0.019537244552624733,-0.0080073195349456,0.00898986057121065,-0.021691386289791836,0.007126107359762601,-0.004467738243218111,-0.003733080847727943,0.026906600516507728,0.011793962519518031,-0.002933340700674081,0.012715978586013588,-0.00031892219035334346,0.0639016189865087,0.0009164603438487351,-0.011500607387264772,-0.017481263956687143,-0.015110272870791142,-0.011217219437487325,-0.014024744892320529,0.021008943326661145,-0.034553078884458355,0.0028469913672939384,0.004371048306793135,-0.0013994158508811028,-0.010770852048218371,-0.029600686464024695,0.011586048528935189,0.0030377248478830055,0.0006154221754808287
2021-11-17,-0.006662455654146027,-0.05083263361542256,,0.07902967794051485,,-0.018945755346288284,0.006642480467005996,-0.015547330247357882,-0.003008834168032992,-0.000646688935006523,-0.014602481362013808,-0.022950808541598366,0.021385358785669606,0.0220859201168484,0.006311872781611161,-0.005520652603263065,-0.024551260723626345,-0.01916231515309219,-0.013654022646620745,-0.010233327839275552,-0.01779229577553476,-0.00889236092126755,-0.01828909237192078,-0.022920040810268216,0.019087524754061835,-0.003197766659918666,0.006875592125483276,0.002506859590271082,-0.003573446309339312,0.005920865046343149,-0.01377772360656948,0.008835954411837044,-0.022370475727960915,-0.01875770564126611
2021-11-18,-0.011817349520612863,0.0010362507507750696,,-0.07983699677767075,,-0.014331434894864548,-0.03370362281291528,-0.001426319670305709,-0.010372401757790306,0.02455272173582035,-0.012915613886385846,-0.013422851316052253,-0.03857406040279865,-0.051220469153829384,-0.016265431450254497,-0.011130341378292719,-0.002048563884290422,-0.0349641588307783,-0.004028980412305483,-0.020311288282865436,-0.01441431470593657,-0.0008844950625260806,0.004565586343102668,-0.012580340648527644,-0.025106173062767967,-0.020838151218521173,-0.01612854559264809,-0.018304076577675188,-0.009211698489513975,-0.010889513881874313,-0.022083934482823198,-0.008875624388803072,-0.027140040184392755,-0.02507051033212704
2021-11-22,-0.03199739525462497,-0.012963203405205959,-0.1289082950716537,-0.07115242128189447,,-0.00437893369813247,-0.04417165290603531,-0.04786145081927273,-0.00769797933292482,-0.0035668206042169803,-0.015219168286655704,-0.018950407730526697,-0.04630172607104366,-0.039856653723808755,-0.03604038697788703,-0.059553345144814696,-0.07149258671189196,-0.04205575618415547,-0.02115947092507975,-0.01366805575128005,0.0034742963654676995,-0.025169143168152663,-0.02224388757935336,-0.030488556863738525,-0.024799017257144618,0.035688676394012075,-0.05700095851682463,-0.047290257244115064,-0.02221428994283936,-0.03306113437070812,-0.035901510422813754,-0.04971562174246513,-0.019288231107773224,-0.026036663274189742
2021-11-23,-0.007011706522589756,0.01773374315951326,0.09936744484546955,-0.018342751684009007,,0.0068226804303888056,0.010671534097332236,-0.01641923163563419,0.01921523674749115,0.049293486008544996,0.019929974114489823,0.04952946872453734,0.019337559286867867,0.040852211465957966,0.022757884445344212,0.0032462163116360188,0.012511399812524138,0.04284456122000768,0.033802982016994054,0.005284721551317206,0.016975547916681766,0.018748063050544106,0.01798406727839552,0.013428169171479709,0.022215868273042227,-0.004081331863872939,0.00793387229374054,0.01723994405251328,0.009508658610901666,-0.0026327585619695393,-0.011096965851664753,0.0031066836374653573,0.016300561263662416,0.0188119214753506
2021-11-24,0.045729678488996006,0.05274250366721245,0.17244263626149103,0.07326007473233398,,-0.03360216704044272,0.032079078358530966,0.006377927400796901,0.02763549392536646,-0.011158148393700329,0.04634897840782459,-0.00047193150683333407,-0.013824491555311735,0.006752493536501758,-0.013043919373615487,-0.0012687842131487992,0.0011614160002282325,0.009839428114972737,0.02931537568626097,-0.007318743986828302,-0.018833714326565887,-0.00795992248062638,-0.016920911488366275,0.013250383861915571,-0.01640239389022502,-0.0045661768381560774,0.008855392841815801,0.002337625259226428,-0.01179186188714576,0.02015774093676015,-0.021134691661280347,0.00811436304866242,-0.00918957681692878,0.017168732048556956
2021-11-25,0.027331189710610992,0.06676306283340372,0.02642018323956341,-0.03313260879761981,,0.0031872038693312454,0.0376711897452473,-0.0007439700589155773,0.004501003234401502,0.009846604723889207,-0.0007862859424691004,-0.008026443524290383,0.008390551318869788,0.017816012584473073,0.000222021012441731,0.02849811049661266,0.0020185999401751697,-0.022530821157816794,0.06562440453242213,-0.0014027368196428691,0.007275183170368349,0.005071015177885663,0.025006755197219732,0.005085437169862983,0.007504189200640443,0.011011831784089265,-0.007175334240340336,-0.0022891035159590123,0.002328251340733889,0.003394023921220679,-0.009592170854138549,0.0024372060184618682,-0.0027067994626093217,0.0079617834394905
2021-11-26,-0.07261349673562212,0.016495949997785253,-0.008978470834781094,0.010153433950681023,,-0.04910168396045134,-0.012741780767079103,-0.01560752897329265,-0.053032982388579675,-0.02313084863212267,-0.05941371875638757,-0.03617326133281451,-0.06605784290218364,-0.06363255915199317,-0.05207636085703893,-0.022930696501216707,-0.024959410580967956,-0.009470541687935152,-0.02214776217882608,0.03469370895967683,0.0741708389009419,-0.019925884242767977,0.028751346147800394,0.017903794942664364,0.0008275600720932808,-0.012314898029484378,-0.0447318350088326,-0.039513267051012324,-0.02635007466826267,-0.02632357293234,-0.027671859144292155,-0.03590765144550001,-0.026489764689108908,-0.035702963010959765
2021-11-29,0.006412502505366513,0.02022898139455731,-0.025889164729115954,-0.034276888780420234,,-0.05740824513583831,-0.055306344732726886,-0.019132054920901753,-0.002695385411401352,-0.014425739043199326,-0.020288748711759452,-0.028148133077739224,0.002716240187838892,-0.038267090520202274,0.017512079990285256,-0.019343500689812054,-0.009094918842625255,-0.038535555347668615,-0.03985070037431815,-0.011218880203650916,-0.0017586375132369048,-0.021178287863621303,-0.003331430084436038,-0.02441683127085781,0.004410202445635392,0.029287976259293025,0.014499651401918001,0.012459074087312283,0.019384155074714693,-0.013345792047619986,-0.009405530370265147,-0.009621171357615865,-0.0049885028560949785,-0.05799479521326012
2021-11-30,0.023138811582924745,-0.018480514739644294,-0.02122144410846316,-0.01154665203966998,,0.02494197048924085,0.02924974191629337,0.036269176724526675,-0.0013214065958988552,-0.04239510300198668,-0.026686637165923788,0.009654498532078115,-0.006176246059897972,-0.008461032799040202,0.004144234284046977,0.019365350115131186,0.015792300593197917,0.010348649597102577,0.012541104496388122,-0.004629998200238461,0.006528551162532148,0.0033952284894267493,-0.00864611526320136,-0.009630472509040255,-0.01097696800291359,-0.006139988931995521,0.013249723314760375,0.020541239188859528,-0.004168780761319879,0.0021615370571632653,-0.0006306017613660897,0.008034879455389277,0.002953138425013657,0.0326956309442934
2021-12-01,-0.00753857182738471,0.021573874947470095,-0.03700872282748635,-0.0011105426234372384,,0.021128037161779467,-0.028810144383814795,-0.008874061076404538,0.018312077201888988,0.025629111121016068,0.03524180848157621,0.019124264958071402,0.036306107574500146,0.03874536021840269,0.013356340329575112,-0.004499531650472122,0.01512225218866714,-0.015047225678384013,-0.0006881660172113335,-0.01486356505796449,-0.04442509100768721,-0.0109472996146589,-0.025948787577972365,-0.014699200928127265,0.028579422822410994,0.009831721064676335,0.005923908540321543,0.008446870816053442,0.01916848935880555,0.0021914373904281526,0.02411994190536193,-0.00365104489328949,0.013599009522088368,-0.003031303182842615
2021-12-02,-0.004953765060999871,-0.022020762872136057,-0.021903816616032135,-0.00037055892268889057,,0.011453853393004199,-0.0016132360184205607,0.000750755343409848,0.023002344367358152,0.00978473599193519,0.044000224725383896,0.004938290442949356,0.008101031550264537,0.005328642955356067,0.01821476680541556,0.0035251740475199522,0.031676277049778934,0.028267728249082413,0.016722574962470427,0.012243851040064424,-0.007434072166495387,0.02804049776909312,0.005281555307115493,0.004819816810192279,-0.008632348891897346,0.004363806541921145,0.02014568377417114,0.02158427830122367,0.016502120981240154,0.01610539273314271,0.023072831374720604,0.01901484890090166,0.016821301232280872,0.004054095294024451
2021-12-03,-0.03816794047765426,-0.04655070888220725,0.02967173734229167,-0.002636408892285891,,-0.001643850244161138,-0.015170578468637785,-0.0013892290762300696,-0.01394144782519835,0.03581548129287904,-0.002232459278695864,-0.009336635405207572,0.002087282909997601,-0.00353350695749699,0.01111108001196226,0.01628846975464815,0.04041269280189885,0.01398401060504395,-0.01044899719393566,-0.01420834418269501,-0.00998651777688131,-0.01885799958983081,-0.004238765681171652,-0.0029693435514612787,-0.0017686655282692643,0.0035475302091534378,-0.015493308555821983,-0.01517335899466754,-0.020345733893460727,-0.0097698228969344,-0.007863269520752558,0.003366041609795145,0.010005671889957934,0.02355316188588774
2021-12-06,-0.04382326509456558,-0.05742676293454563,-0.026632708505035407,-0.05274242266115503,,-0.02256364665989985,-0.027846073683026384,-0.024846224282118468,-0.036590293553114495,-0.00787973450135726,-0.0189843247808944,-0.012896836847705262,-0.026869340382703832,-0.021055020037118122,-0.015164865584242793,-0.012850834246155407,-0.02470438358135918,-0.023830058250446484,-0.01847863394542648,-0.021277026709068725,-0.018748910435161914,-0.019486623279662885,-0.023176184208959394,-0.016895813801381387,-0.01935390673162707,-0.024264995769978204,-0.016621333011847206,-0.03403618213925552,-0.009769131543825194,-0.020698119985630425,-0.010623527738119809,-0.042841732789307474,-0.02473329671048663,-0.0262984867816356
2021-12-07,0.009022013514738303,-0.01702265771328415,-0.016797003329515503,0.03823847881921738,,0.027015095068485095,0.012657633849281869,0.0017689731333552228,0.01996233412498105,0.007978530782314364,0.029373259022873466,0.008542717565463986,0.031249910645669843,0.025356487366116953,0.014784618427144514,0.021204533328867292,0.014940605178519917,0.020251644255639523,-0.004781417190532045,0.004890379503511566,-0.006369049551315342,0.008885398998594196,-0.0047343166321838215,0.009204757017380771,0.0012507861331385595,-0.0012637533243005095,0.021778778304121005,0.012759316616608896,0.014907804007195935,-0.002148797516039358,0.019498254872015064,0.014629462424524675,0.02314813392544668,-0.0020256788615398147
2021-12-08,0.05579401202781109,0.013440684251161628,-0.015277322083003142,-0.002477701354246409,,0.034445130786417755,0.004351604980689983,0.05514100073682093,0.022073938839248797,0.0005756989682919045,0.022425015672609128,0.03587450082965393,0.025114143032098912,0.013027182129558224,0.01588879843900326,0.03005450270255028,0.021282738977130622,0.06915559309566333,0.014012553742699163,0.01106025167446667,0.009783548390731589,0.018623125753028935,-0.004292036232781071,0.02666978051002733,0.06274293252763141,-0.009940314569061193,0.03637125565480592,0.029963849466335235,-0.011520729741424485,0.02022803872559442,0.0037447940302417493,0.03303191583540355,0.010692660625653883,0.03213802369365726
2021-12-09,-0.00914638243692778,-0.008887391285711033,0.02610398231009925,-0.04748875784504614,,0.00640115503155303,-0.01645538196445029,0.0120391444212673,0.003934676822866523,-0.0002876838648417923,0.010966664067095566,-0.0038480917523643354,0.00010127140907467691,-0.007410626635076745,0.012934257609365618,0.0021945031612453647,-0.006553789308918367,0.012143271597116145,0.01895192912769761,0.005152288911704828,-0.0038420126014981903,0.0029041588978053756,-0.006080539855704337,-0.0019118132082858175,-0.0257315105101823,0.016430541418759548,0.010704188027297556,-0.0014214869493420768,-0.004734842517877591,-0.005121069897843222,0.005662894810841035,0.0013708506464458203,-0.0018524347179555978,0.06620773938168845
2021-12-10,-0.03897433810763884,-0.022487241566501504,-0.016562566675535018,0.003093922651933756,,0.0012837344231400039,0.015980810167453452,-0.016030107823369222,0.01053854282811395,-0.0008632121379393842,-0.0026632760249999388,0.0048286038575782175,0.001012234171387849,0.0013175861441527825,0.004594807785760713,0.028807676333951315,0.014508884236891895,-0.006918381311130428,0.020148972691932165,-0.000206746443500605,-0.0006708450407135746,0.002105862541323944,-0.015403164532075353,-0.004112305437707797,-0.0020109712334731578,0.006077523133148022,0.0016398341320276177,0.0065067613792209045,0.0023419635846098075,0.0015999218935769388,-0.011626388499342277,-0.005102484165699583,-0.009867231625465545,-0.021518599024525686
2021-12-13,0.014941236564422145,-0.01562794922918731,-0.007974227048983096,0.016082837629433744,,0.000874331529597816,-0.005258500326249083,-0.01062587823230099,-0.01197993726936153,-0.0021240357047528358,-0.012048831671698013,-0.002883203627207065,0.0018202293262756797,0.00986834251381885,-0.004520547747568493,0.029588076813831687,-0.014407591478680093,-0.022431879928194287,-0.025638587784230116,0.001415106926735188,-0.0029085941317983366,0.001642055585843405,0.005314495689133558,0.00011304901588116145,0.016926428371873747,-0.012859366273647033,-0.031365440094210606,-0.021856336595194148,-0.01511482862780611,-0.013160715062461303,-0.0008378968527534836,-0.006421275974997309,-0.013067276230785296,-0.005655004278980691
2021-12-14,-0.014020330077625709,-0.03177621930823038,-0.037940901030460106,-0.023720707359876414,,-0.004250673370548963,0.020959866066253108,-0.007945478631270597,0.0003198102501851263,0.03636496712702164,0.006921913869957441,-0.003855418009930389,-0.01201169277496561,-0.0052116353467307475,-0.0027247559617710193,-0.03138297475740537,0.002565661508466821,-0.013740032558521964,0.003216104592246083,0.010163536067934853,0.004824347768785042,-0.008589202331339418,0.02737068655494257,0.06679863394684804,-0.0009247685248345849,0.022649319436104154,-0.021173949596922204,-0.011573494691986652,-0.007265834954890638,0.009852568172317389,0.003387718730199385,0.010197679224471123,0.0038383762716762693,-0.014218009478673022
2021-12-15,-0.00035540558221092144,0.056161945329443075,-0.07760442088631503,-0.00541906938536485,,-0.004502602455738525,-0.006176978615267892,0.004943513527651211,-0.014417785917207215,0.0020190235411667867,-0.023831273497883054,-0.011127215354977738,0.0045974024292221305,-0.005239075767118795,-0.012374728006567581,0.01001924767207929,0.008860325718006656,0.005493780589596042,-0.0021371362410393946,-0.009953738482605279,0.00011174056261942233,0.02519684324628524,-0.014115672104365706,-0.025661423435266673,-0.00727219336405327,-0.025806812646201882,-0.03094456532791945,-0.027027152514340402,0.005003685532142921,-0.02400765257894588,-0.021360509562999508,-0.013490717088048942,-0.020037930298422935,-0.003846192971253992
2021-12-16,-0.01564731231527483,0.017451186925677264,0.014058498569160305,-0.015809988361587646,,0.0011160319443141997,-0.007403772491876626,-0.0017587318950237352,0.003981631893450022,-0.025707833941288838,-0.0004695271754138197,-0.00880627693115077,0.0006102828425278428,-0.02611363563287017,-0.01616396216247007,-0.010457027949561049,0.006437740823994176,-0.005103728524171625,-0.016355060758293516,-0.0006412295470943352,-0.01641178522964659,-0.013740203180777621,0.002778625667317014,-0.016814443443489147,-0.03263179851376885,0.024033493588966115,0.026521799131663304,0.002559923342523307,-0.004978773316133167,0.005676403511198247,0.0004098609670586395,-0.0015475681087263604,-0.001223585936912297,-0.013191685157557309
2021-12-17,-0.022037485025107495,-0.031002601662443285,-0.055990264732116546,-0.016426896571207328,,-0.023176629954841488,-0.00469632654841412,-0.011287424887068687,-0.03334215142332164,0.007844535567837374,-0.0284506578437439,-0.01184599054327895,-0.04421182629204845,-0.02748985504049606,-0.025691992653387064,-0.02583982279058794,-0.036621260952764634,-0.016003734368858158,-0.01504362721625796,-0.01727077972403579,-0.023609536519684005,0.005886646090517811,-0.01955914011295501,-0.031602940884230435,-0.027261531633653635,0.006536064836642597,-0.01817523349742234,-0.02988324528887709,-0.01926803771969343,-0.03528705175259239,-0.007135975649280035,-0.009341914353652059,-0.03262829647926746,-0.035539693447109055
2021-12-20,-0.06501664318380285,-0.06961113903854443,-0.012869038607115857,-0.13342558300893892,,-0.0460117373652883,-0.022158441701302323,-0.053572460877607586,-0.033641314406037015,-0.0309570139748806,-0.03073405371307325,-0.02997004833918715,-0.04923439749751046,-0.03104732066078253,-0.04668399266346157,-0.02907945355410746,-0.03858486304571207,-0.046456902545305434,-0.03778136515953989,0.0094622368477566,0.03906076004266734,-0.006502477041634869,-0.022830762536267923,0.0003429404640249434,-0.006935654963536209,-0.0020137895676533013,-0.038682171842360114,-0.023327253122099822,-0.03502897194573129,-0.005409303001496668,-0.03211937622498995,-0.01678436984401155,-0.045042016049798406,-0.0378633608913197
2021-12-21,0.039905198972554734,0.005505166467779654,0.005713152739167837,0.017622304597494143,,0.0260044903172576,0.007427358694867436,-0.0073845289446363704,0.01921445475850403,0.009967159119432356,0.03405994526162859,0.018022676626915812,0.014651582418017783,0.013390712885415601,0.0167388688761001,0.05250627261940677,0.041528439400955186,0.006272454590901422,0.013366802295479152,0.013199681151648157,-0.007887721366459544,0.01911124556561461,-0.0006237287333803465,0.000685717020889598,-0.00014245362260179029,0.015319675790157694,-0.008531700895928918,0.0003632468955143686,0.008128169009277375,0.013467446303781161,-0.001385714710751773,-0.0068306198669924045,0.005569831904680633,0.01335202990679707
2021-12-22,0.05357133332823172,0.023937487964017734,0.023447330165000002,0.025583354499042033,,0.03068427249904193,0.013993918209967093,0.005305498845809442,0.023202598349317594,0.014423562751499919,-0.0037898768758996004,0.008093062403004447,0.03725744535579478,0.02878715998315573,0.030357970150262314,-0.016032114205659198,0.022044160969421966,0.0448667175280002,0.024938124408471873,0.0059728725593166665,0.003326828492439704,0.024340105750889185,0.03581731923505549,0.03037388000494845,0.026657125045078,0.014304454114817844,0.02944112229507123,0.007197402754327564,0.0018004561065187996,-0.017815255999147794,0.028428111129811917,0.014921349080015522,0.005055549898492995,-0.007974992516103452
2021-12-23,-0.04075004792789705,0.055261245760144684,0.004917372892531802,-0.0005611884042484583,,0.0019053207791370763,-0.006900452066613605,0.007252730883035907,0.010916177267001004,0.013505861002010233,0.011689814454903136,-0.0035122776594258553,0.003932078250932447,0.00022941675467702538,0.004136078051162784,-0.00815592895474071,-0.004447004858378345,0.01670064940982563,0.015684661278205114,0.009960219007882687,0.022535621695367603,-0.006332321292318754,-0.018626240349662426,0.011192990278099169,0.03957233113825209,0.03027154672921384,0.021643174670372023,0.014047553993267403,0.0009375709997605508,0.006430143062642557,0.03386956653173567,-0.0017075711515072145,0.030617028516785494,0.012932476793147574
2021-12-24,-0.011654158283893379,-0.03615287526198607,0.01538404452018538,0.003521858200300265,,-0.004932567502696217,0.011331864360544897,-0.006439434958753543,0.013124927454796431,-0.025772668440372293,-0.012169995034258196,-0.006545874326281509,-0.01005616009194299,-0.005732664445738833,-0.01568673359319228,0.010113361865910164,-0.0029131057587253872,-0.01876406188108437,-0.006830301036157449,-0.011960027475251489,-0.0015938596951819983,-0.008896341709845101,-0.006977685755865437,-0.016110393898819964,-0.05315872042032277,0.007568773858763755,-0.009504555251488411,-0.01542052059281751,-0.004918071215469388,-0.009971527174594597,-0.014288673053544088,-0.00408786772503833,-0.02834957471937327,-0.011732208556590074
2021-12-27,0.009889715343772032,0.030320103492180506,-0.017962175005797998,-0.005798293350095296,,0.002149967676363662,-0.001521671463284635,0.0017970801359021848,0.018843477660991148,-0.007145968124440905,0.0011072879095499477,0.008109470406707064,0.007592026664510421,0.002537045891868539,0.00882836213717253,0.03576177340292519,0.016642549437817955,0.01784368881887799,0.035084327932418,0.021180732741967523,0.024166071544909684,0.011077120989012812,0.005835118587667942,0.020829858669781487,0.0056425108638447075,0.0004621302246912151,0.005655373049258561,0.0058132321040380575,0.003765676869365686,0.004700341831100019,0.009777016573122355,0.00858735354805873,0.025143858353032567,-0.0052374302792134175
2021-12-28,0.0007533416460687725,0.022023411705505147,0.006357150182930704,-0.007724958286761563,,0.029201415149026744,-0.007065579282117818,-0.0009998507474563434,0.012021725758347923,0.016939330300345334,0.008365622648126347,0.015585790990639836,0.019208290453907262,0.01955361355591334,0.031537639496553416,-0.0033557684100881113,0.0398288990723632,0.022542035559491636,0.018776977800715855,0.0014567174514776848,0.003278635661586593,0.026444878176345776,0.011658233451566469,0.00016358471031874267,-0.0014027345150010584,-0.005275040818730203,0.002307313836390046,0.005479824560063351,0.003985852589514893,0.03167098501849619,0.003328256608339686,0.01141663951755989,-0.0037352544645381514,-0.006317963606635835
2021-12-29,0.03199096578654603,0.0031347962382444194,-0.008828925875046134,-0.008609997619137943,,-0.01638674961611286,0.026556834994736933,0.02343153662446351,-0.018817777469244512,-0.004396642979255572,-0.008913288130159902,-0.011386209945444148,-0.008746389636415941,-0.009702252352574936,-0.0073265948718816976,-0.0078055739818511105,0.010952439379297463,-0.015654246246348924,0.03638932299455644,0.018835041841184008,0.002410781567781184,0.02907621586497733,0.02126912177662832,0.01418288894081643,0.016013411169062852,0.0069159613905238615,0.0007239805636707342,0.009204536821793674,0.0038143827394274687,-0.0065500283935651105,0.0007372849926732261,-0.008047522406679053,0.01184635952927282,-0.0003532536254310381
2021-12-30,-0.02297599573332665,-0.02423612806532116,-0.010137599911482997,-0.0336991252823301,,-0.019250111408662396,0.0019481917919770275,0.019012489588736248,-0.012601432850677052,-0.058593310706521184,0.0020754512577370043,-0.0040060053308342836,-0.01176468668620323,-0.005012390145759382,-0.018923451319915907,0.00012603303492308982,-0.011623673235209742,-0.011783030411014361,-0.018786967773413266,0.014803937001592216,0.01838485841730475,-0.00518600128134894,0.0013631519431178685,0.008874782007986859,-0.000691240056018616,-0.0072528159509503975,-0.005866948392995286,-0.00501574647205183,-0.005971225993031348,-0.0046006246308374354,-0.009241446772472739,-0.009521898354274527,-0.00779088948763218,-0.00035337845765237574
2021-12-31,0.025755856863328264,-0.0028942071463129437,0.004970140365926801,0.022872827381959393,,-0.0015004876584889804,0.019624644966651505,0.006774438977050323,0.007692675889746425,0.014644712601961096,0.008353407754821962,0.002513883657291771,0.02551018083148593,0.011907314192271867,0.01159575431991966,-0.0082711635504501,0.020406531250967364,0.07700556719403195,0.0017662171025836226,0.00046906659518497484,-0.009079030693420753,0.013481961011126087,0.010868922343392429,0.01375485081087513,0.008992848406659704,-0.002336420066900269,0.015455990981191103,0.014761084771890642,0.013496635843224691,0.01994393095216873,0.010915857906383719,0.006919093618838357,0.019807487917195443,0.0007070067562617854
2022-01-03,0.028748270614969096,-0.007280305891691041,0.003933910162912335,0.0021045985748615603,,0.016711799437198804,0.059248793047259385,0.011662908680547313,0.0045043698095768026,0.012516462630379532,0.008626624369284075,0.01604812869877592,0.031509161752547366,0.011088492305997066,0.022310389534685893,0.001370489091629734,0.01604286371532071,0.09104644425111963,-0.018834799087906973,-0.010974168075048696,-0.014405223009748114,0.0038431147781428088,-0.0057608353211215935,-0.0057849048941363,-0.005210508094709354,-0.003428542862519257,0.034727023118063194,0.03505379316638235,0.0014624174691064695,0.006101762459122639,0.02992031242121218,0.008573312999823335,0.017613148170588566,0.004945227362419979
2022-01-04,-0.021223911358044023,0.013277417086467125,-0.016457716095331865,0.013388638205854786,,0.0028380040893483116,0.10311913285665697,0.009782866930219347,0.0010773519930014075,0.014700368549199538,0.003597569612476148,-0.007403732321603851,-0.016077197117981945,0.012981306674012982,-0.005524340738759181,-0.0065524783971633305,-0.006560823503892976,0.01710908766043784,-0.018345283376154042,-0.00364712179802984,-0.0067167670552717995,-0.013251613056791012,-0.006353158256648395,-0.01364730141242898,0.004548570793368789,0.008893061921045664,0.017092382896191527,0.009077721162669805,0.004073952916878509,0.009788556474952914,-0.004641678743292577,0.003279251896954216,-0.013600186420210658,-0.010193300163389707
2022-01-05,-0.031803461952732315,-0.033562795138946,-0.02231077549919369,-0.023159396786327058,,-0.00878491249816793,0.007438839058903968,-0.008782318877252338,-0.0020650974136378064,0.024109222520959817,0.021170190949470147,-0.006961774875581361,0.0003063556163049874,-0.012373016324717212,0.006709999385427157,-0.030651561239479985,0.004436005482588268,-0.026097486810936932,0.015798307120109767,-0.009316592609688423,0.0046523574446752924,-0.003103958683267294,-0.013685459397345223,-0.0003217237546927487,-0.0028814001681006784,0.014476776308071315,0.044641088666451,0.04977683313194259,0.0006124305233330407,0.01822842746639508,0.00013034715934789887,-0.008366978989533314,0.009224215955304205,-0.008877840716668861
2022-01-06,-0.02948859304392859,-0.01955455270282669,-0.02662314387223319,-0.05526682502010172,,0.003152438300068061,0.005311971886301059,-0.016668182541587973,-0.0013699806849689633,0.0072518302697215375,-0.02000269970318158,0.0,-0.0018376341822159414,0.022147658355641475,-0.012073815867691629,0.004809104535637765,0.0037427987541596153,0.010745958469568828,-0.0023709407486363077,-0.010635905163097203,-0.007053927405663463,-0.006586021955384935,-0.015202619479552815,-0.009548813783517907,-0.008256495118543317,0.009957357999789807,0.010096840559807196,-0.0001055309649066194,-0.010175118452249832,-0.0004138622151172999,-9.776882717682511e-05,0.0038934164739976573,-0.01594333986588725,-0.0060910504115171404
2022-01-07,-0.005769230769230749,0.0011482427981839294,-0.017902055235487935,0.004042259959332828,,0.020990330418941383,-0.02372120997868654,-0.0020271112692475945,-0.00817226873810073,0.00943390998522653,-0.005001358413440626,0.0035053382363432473,0.003579907675228977,0.005909397524238802,0.025493528444411995,-0.008139171726213701,-0.0002959228130101632,-0.024820484599051396,-0.00038023327475911195,-0.006551371072610168,-0.007863347643709218,-0.000783279157673844,0.006137222615862914,-0.007691022640840761,-0.005133834828067618,-0.016628798190067573,-0.011473667223587558,-0.01276522213620479,0.02071397065972924,-0.0016564814698278862,-0.004858814115230259,0.0054615612818325054,0.051272422948617,0.04686373571028679
2022-01-10,0.007350073100519827,4.9854431451779035e-05,-0.05971900634605076,0.006206651439503386,,0.014518779235366486,0.0048365184601597555,0.023192139303667147,0.03148730617319395,0.011102557163364057,0.0037359013049571566,0.08483027833963974,0.026701891182639326,0.008485636166368549,0.012996129652833588,-0.0009158080273455882,0.02459154376075956,0.011328906128667438,-0.008938880816763972,-0.0019857160272284125,0.0015851477668562541,-0.0027144198090554017,-0.011269477768875102,0.024289090939403346,-0.0009763594433667144,-0.013397741323922907,0.009393801298048787,0.002359664342982404,0.004013394575732132,-0.001209645060943454,0.00888034668529869,-0.020670694611501506,0.004995358071260503,-0.005509663006693977
2022-01-11,0.008448587782631911,-0.011693111784954358,-0.03315920970161945,-0.0435676712498263,,-0.012650998716933315,0.0607380231623027,0.028126228365170647,0.05209393481287594,0.08968651370366287,0.03552810803127415,-0.001379976401166494,-0.004764785990777898,0.005825250736448684,0.035081139266420536,-0.0047446125920473925,-0.008128766484946093,0.003293858557408935,0.009115338673841178,-0.006341850731150012,-0.00027279527457502173,0.00689491369347639,0.011364137684383158,0.008259621864549871,0.0013960762845210972,-0.024945590467108203,-0.00794833209984247,3.930845973720842e-05,-0.007240341768438019,-0.012631565569340975,-0.009159392966482938,-0.02776486878669182,0.006438082188213956,-0.011426551012649
2022-01-12,0.00723531550770562,0.014555960475457042,-0.03300144905683744,0.012956858488440304,,-0.0013334024884140705,0.02902616396511526,0.006892743293111181,-0.007484055586556626,0.050766988829431314,-0.0020257759857204016,0.09995394600665675,0.01186924917949339,0.019948532291353516,0.021394803617043934,0.00017097174766211864,0.02322684633275829,-0.00014922011260654067,-0.010173907636889301,0.0051722464132311075,-0.010644739665713221,0.004565082038646473,-0.005236237838144975,0.0071877892383929165,0.017286988174693763,-0.013741208593327281,0.013644342743203364,0.007629527106893574,0.02294300425519613,0.0003854461799612796,-0.004491047571243634,-0.05078909845887214,0.029054739673811003,0.024518388791593626
2022-01-13,0.006427267323369623,0.024218620383572143,-0.047012011304385704,0.053286694455155326,,0.00801168213651482,0.005459543007422241,0.017820196092009022,0.012704174107403876,0.008649206141043031,0.011328628520013373,-0.0247067950575387,0.009265605028053736,0.0317560917832973,0.02119838155486664,0.0006550628901251798,0.008521894271127373,0.0004613436613916111,0.004611013425515509,0.006935181735517881,0.01969756797328226,0.03503942022166018,0.021622798316422998,0.006401890172825775,0.014800642033742317,0.009557686784426034,0.004354201231677957,0.016152438493360233,-0.004307423479794292,-0.011982299220653525,-0.013434675776171523,-0.005027945910757392,0.00034458538976811504,-0.0027350010016025106
2022-01-14,0.0037565738322440367,-0.0009224842101481778,0.08412475542756193,0.025322659022785965,,0.03979713668332496,0.030490810183170902,-0.010285080240634237,0.00911861022451177,0.02175346087469565,0.010230537204276358,0.006011137146632706,-0.0040043388884253295,-0.003669024213513339,0.014496294730327763,-0.00020871044888248758,0.0011291184672996835,-0.01183982613396839,-0.003920614703215253,-0.007776194293420136,-0.0027595422718460494,-0.0066435257653120194,0.005784426336128412,-0.007456159966135467,-0.03389601180877089,-0.0069203956977824665,0.0030542538154472165,-0.0008395291308017638,0.0016410169438410005,0.003936364178845242,-0.008811480443462694,0.01600622763435844,0.0033047911342787284,-0.016112485465703208
2022-01-17,0.002993966154271277,0.006633763182298358,-0.011889797110755218,0.08625446044832508,,-0.005926624341445419,0.004154497156585668,-0.012322175308346894,0.004036996175639018,0.08089172331696526,-0.0013459462972550407,-0.009389723339206513,0.029613679201369036,0.014116172217108591,0.00048608504642411177,0.022730043816985512,1.880827947919883e-05,0.000535249850539099,-0.02524712129881701,-0.003582706661613533,-0.012262629119719537,-0.007618345256237724,0.0029783583629237054,-0.009718413567714856,-0.0016773301785070194,-0.007116236951175581,0.002604695552677283,0.0088359974233434,0.004021192630209169,0.011867896529597965,0.007677486038406789,0.017997964506505815,-0.009551143833506637,-0.013937282229965153
2022-01-18,-0.007089529464493927,-0.0076039200640731774,-0.057586195243134464,-0.02327399605044156,,-0.04039670849279153,-0.024857850843040263,-0.0154743719445537,-0.01962412518532397,0.035307538295543894,-0.02066611225971382,-0.05428687510703667,-0.02704768241594413,-0.03530357104992732,-0.02263784691254389,-0.028293917960322434,-0.026072347386485117,-0.011755840200061374,-0.01536336864884058,0.004526689858544097,-0.008844182778208087,-0.007618439168449065,-0.022287703777869816,0.0012201265257121285,-0.023522853755526985,-0.0059097095867963745,-0.0138298471544267,-0.01181512340056523,-0.0074910596063211266,0.010646938302794284,-0.02205502981437013,0.009237564445801594,-0.027414267729546804,-0.010954085171433259
2022-01-19,-0.028936535251471884,-0.014473041438284096,-0.04252872633785443,-0.06963354890166962,,0.017245463735859223,-0.04218697786413417,-0.010197437956548705,0.004535744478998849,0.02018313566585439,-0.024575778419848482,0.03781320705498259,0.019675028191766808,0.03931409408206066,0.005666271698780978,0.004498115926888646,-0.00880132296609637,-0.024929534360627725,-0.005001129722076003,-0.0018323714412938896,-0.007205023838616653,-0.009684734295347441,-0.0100837512888029,0.016689596388456573,0.05348437064584077,0.001210751746445915,-0.02223647286990771,-0.004200354624742664,-0.01950385898638851,-0.01699372810069788,0.008098284877244843,0.009513301944098496,-0.012066952469396042,-0.020007167651410085
2022-01-20,-0.030959753053263706,0.012365449160212316,-0.002005314131406144,-0.014904466597726707,,0.005080075522916783,0.0023769574575260854,-0.00032965822882868867,0.008949259053458336,0.014573499812528867,-0.008331088989290025,-0.0013169747910980467,-0.009887594957003865,0.0006036506025868249,-0.01344343914225754,-0.00626523727733852,0.03267464751633109,-0.014719501529043999,-0.0244269194820661,-0.019936211296833983,-0.014849547416196596,-0.02206324295129125,-0.03386111957531901,-0.02079318717467804,-0.008574950610469756,-0.012432220698538665,-0.005487462972646906,-0.04526943966898489,-0.01006015391513726,-0.025720336372774266,-0.0010846781476535616,3.3434970561518895e-05,-0.012281215049662175,0.004739403457531655
2022-01-21,-0.09225236185219765,-0.025623517069740975,-0.035213732508845186,-0.05587723732780436,,-0.021240367811735994,-0.009018107001010578,-0.016709349883070046,-0.02009802713573161,-0.016347131307240415,-0.019105714065498103,-0.033406603467333484,-0.026856700367515307,-0.026945552989740995,-0.0331145217122083,-0.047261336447930624,-0.0568326309475754,-0.0317860305981682,-0.007109770006349936,-0.020777263907607146,-0.016886719811010975,-0.013719461044642722,-0.0347249632072808,-0.038424632657613644,0.03542016257586034,-0.01818832109027857,-0.02078289771137487,-0.053522926475606525,-0.01231810795262267,-0.0034260571024031794,-0.02765522004180343,-0.040983151298529474,0.0016642903581667312,-0.017416611771568613
2022-01-24,-0.19621647824333677,-0.13128652511201389,-0.04462144760036746,-0.10078099576041366,,-0.06022958592634897,-0.09814370095136249,-0.09469223636111768,-0.061558150255057065,-0.049985821406256514,-0.02963118347051663,-0.06502957344519644,-0.04662743785166712,-0.05125020359510046,-0.05476682212126316,-0.07203907119929631,-0.05487899798224338,-0.0517810403417206,-0.025425512781995785,-0.02931394692559519,0.028416605132917327,-0.009768247785049033,-0.02938221176653477,0.020588839257128067,-0.01140296699177712,-0.07401698153320535,-0.05994241134825962,-0.038447637007726354,-0.021591687782481994,-0.036658956031172196,0.0063863349186104035,-0.06151443506068033,-0.05431287353137726,-0.017725214214700857
2022-01-25,0.09961684319785813,-0.043376886826385075,-0.0028884673593142507,0.000514654013178184,,0.024820771374889805,0.032241186400753685,-0.03192259363022121,0.014920106468641281,0.049596009263488616,0.012314007684843808,0.04231521701518304,0.02528998452848774,0.040296130190452084,0.0077837920974148656,-0.014814284623707707,-0.06248681785096366,0.006106277467772037,0.011606884127480566,0.00882148824464779,0.015189016239316455,0.008990446192926216,-0.0018242654742497422,-0.006561739058945415,0.004023643547041544,0.028177951063548035,0.004616320572004007,-0.011345223975310681,0.005098805539997864,0.011382345670893024,0.0141826370730338,0.014905930566728953,-0.01411168963038989,0.0007519255903429833
2022-01-27,-0.09905422847716971,-0.023394476547029863,-0.02306512447255593,-0.05414439746238808,,-0.019399973977394347,-0.05849591230600171,-0.04611384823525655,-0.03181352373035118,-0.009720062208398161,-0.0028124292337750045,-0.013999119931730641,0.007848237018733828,0.00942223331729286,-0.00908349939151043,-0.03548925539025294,-0.04020777013453514,-0.03347363408422366,-0.021684180078956228,-0.03327395543588996,0.02423664154008276,0.005012094770152187,-0.02700525252245134,-0.03040559439797974,-0.03980759100165154,-0.0052544859241937525,-0.01820123391412909,-0.010889317498326445,-0.014743074625918284,0.020094218421819576,-0.01832661054403195,-0.007850151442956976,-0.060325974667895244,-0.02141251670040567
2022-01-28,-0.010497203847979919,0.013441847809519736,0.010462096294311607,0.07288051491778202,,0.037847191928719326,0.003350609164943119,0.07599177211497743,0.0045669469526246065,0.014736303841938136,0.0014807116961166322,0.0009465432351178915,0.005865665047564805,0.012445494422533843,0.03639250514299275,0.00033038401988760846,0.04452501937877762,0.03218908119441477,0.07553256235349948,-0.008869079332383456,0.0050128837893612666,0.018778518737321503,0.00021567263108579482,0.013117857872079863,0.013077423290076107,-0.0169564523588962,0.004424256993237563,-0.010488319890730624,-0.001689573418253043,0.0,0.001985377642486519,0.003125526301100523,0.018979021508583438,0.03186175736264385
2022-01-31,0.009491886601386446,0.004836988108727347,0.015281532561332023,0.007604080974365601,,0.027705445523506622,0.08043364349471349,0.11633118057130298,0.012546574657537946,-0.031237127561648648,0.008660030138434749,0.0047281505093792475,0.041122142110921356,0.00819502681493356,-0.010910366479938705,0.0034722864268710296,0.0044561080105378625,0.02071186269049674,0.00580239985536668,0.019959186500246195,0.013676550176440871,0.00864211298894535,0.0242089621978141,0.00928033738216505,0.008239487272624135,0.03196913178421679,0.019367486924516397,0.03229211935090315,0.003223439882084289,-0.002985665435484619,0.013348055023008287,0.009408758011837604,0.0241026319196036,-0.003720238264185549
2022-02-01,0.04590709575033447,0.03157644990140995,0.053171185360882056,0.0847117007171525,,-0.012787986817469177,0.001907887241255679,0.01625472058939259,0.0186302673318004,0.013925513088926644,0.03134175591866528,0.016470606186810732,-0.025977812457397165,0.015444031691423943,0.020883548804613294,0.006931643322526604,0.0146988626532778,0.011751021745029622,0.04326620910654788,0.0015455442695999633,0.0014815900581619523,0.06860392900535794,0.017900963231128664,-0.0044598024013052795,0.02465250315799339,0.02473643450710128,0.002049947338356395,0.013658775636467002,0.0023295321102794198,3.637731543681966e-05,0.006517604159362866,0.02703950742144512,0.01659167529888106,0.00709493838936015
2022-02-02,0.04600738586692432,0.06970119965943256,-0.008802817123977347,0.04452685794506572,,0.004667859014203968,-0.0027421073640426785,0.00566926483442054,0.018575770553878712,0.006460109678636972,0.008731051217653718,0.0032407265549989628,0.00416420429144182,0.0030018190616640794,0.01416208163607413,0.04294924498836172,0.04332447864160627,0.024519389671382674,0.0018114462520408825,0.024573869019721473,0.005705774553884879,-0.001233697492500796,0.027091167644102354,0.010508214196569776,0.02950963890564684,-0.01098788410130147,0.03319498689256162,0.050437455839682954,0.03245713780926418,0.010809732341591438,0.001908559491369921,0.0026149669708757095,-0.040344122233631485,0.011123470019337889
2022-02-03,-0.018200232800671956,0.007544755067488751,-0.013164743399166623,0.03963145280951785,,-0.00029037198788461893,-0.01420658818860987,-0.016912054109317065,-0.01545510107542225,-0.0019568960520004453,-0.01704258623074728,-0.0069219943701969155,-0.0037519718281258108,0.008978442735391612,-0.0014482177954939779,-0.022329502489171427,-0.010010896427745442,0.06841927372045764,0.014084463964570082,-0.009217786681848805,0.0009980613482634126,-0.00797161209696473,0.01014307127736025,-0.014832272741539976,0.014073561455294703,0.030264653145725795,-0.018875573502182053,-0.021423405490027747,-0.015136111239804073,0.00032533686223867875,-0.03248525860176965,-0.022812813088540218,-0.034558962390341175,0.027869362837313227
2022-02-04,-0.029866133588578925,0.022954996459947585,0.009317086069845049,0.005445782793312759,,-0.0056933246723472886,-0.024367623017297335,-0.004737132940675015,0.0031110756190739774,0.019764150371371247,-0.007576631940117262,0.008828932280084523,-0.007730429899592162,0.005932344408656087,-0.007924560973648132,-0.00718225151059626,0.011373748029446462,-0.02657488073699954,-0.007131997755141062,-0.005188994913763123,-0.006979728084155146,0.011770679454963018,0.009865042075117847,-0.03088890348004647,-0.0026737514525113637,-0.018312696637934667,0.006715313958577829,-0.008707465810215531,-0.015841875955803997,-0.014121841182045847,-0.0011249718048454982,-0.014033840013586985,0.006399935427136683,0.0049947359080748654
2022-02-07,-0.006900147744606788,0.00897069152329899,0.004458197896172633,-0.052516941858567256,,-0.023546683604883656,0.026286609704396335,-0.021300767147458544,-0.014510972737951433,0.03809575192052561,-0.01623231137494341,0.02901893572928893,-0.011985637416889738,-0.0100254798732069,-0.004698781594534629,-0.021212804630172832,-0.006764445356524318,-0.024792668854801247,-0.0006615178411197853,-0.009823162615796965,-0.013529226197961819,-0.007718485952986742,-0.023928353354423004,-0.0773904650480507,0.019532638871342156,-0.008765007192173213,-0.031822858731924364,-0.030507665314983723,-0.03379526539511568,-0.020405060323741564,0.0016543005268991884,-0.0020455801747687463,-0.010598663913677253,-0.029109023257708477
2022-02-08,0.0,-0.017570666179467564,-0.020468879782571947,-0.0058286297872899295,,0.002932151797267135,-0.002630986834014082,-0.013959080367646926,-0.009123452200257898,-0.047736657322804854,0.0037054741327942065,-0.031781601923536296,-0.003740357107749448,-0.06731530523012041,-0.026542092476150247,-0.019193818672729845,-0.012194854554198331,-0.058239083846499784,-0.007944988695778865,0.0029588269622007335,0.015804147546341296,0.007947585365049914,0.018100617850888234,-0.02125020179488224,0.013273323723766328,-0.004536151767994934,0.017949453047695574,0.017681564000077588,-0.004641322984458296,0.021840007510342208,0.011982437613612174,-0.01437322436850108,0.02088896240917615,0.0025594596235145595
2022-02-09,0.0069480905962637785,-0.006471975049901824,0.003784836874851649,0.04430913495922639,,0.01419948041458885,-0.001862071819847766,0.0005489290449764983,0.039131777014846714,-0.004253086707404097,0.02180281968497666,-0.005085469591808889,0.017250076714013574,0.013412789016037818,0.042730828690562106,0.03991555411063996,-0.005795722782412249,-0.03175812777059006,0.0031463139702680998,0.010828389847565845,0.021306886070816766,-0.0007326015656693441,0.012133222857290127,0.01695029278598703,0.006549687141194971,0.0191645732616601,0.008837681883484105,0.01680191675693532,-0.0004164409272833236,0.0004756579490019508,0.011389233663730236,-0.0032129271092776746,-0.005694051174465753,0.0
2022-02-10,0.0026539278991417614,-0.0748168277086193,-0.003345750838090855,-0.06278005334851555,,-0.0047648067830972085,-0.018888495008258843,0.011434364502507233,0.001654351328727488,-0.006172568681558022,-0.003272158044288598,0.1407991967864366,0.012369179057641677,0.013865483460464123,-0.00801001512241828,0.0032440811063909614,-0.0075848342815360015,0.002098997905221056,0.026420719573345686,0.00044638852951539576,0.007022963802281845,0.008855487188707656,-0.0036264372474323903,0.006741930688715536,-0.008717094020393668,-0.02239808521441189,0.002760983955282459,0.00835287181880795,0.010079968968556674,-0.016534298121598123,0.0062829347385489065,0.04012895573259212,-0.012881209699651786,-0.004376411938760927
2022-02-11,-0.060878773803994424,-0.03888518411490394,-0.03394253361177879,-0.10275308568194363,,-0.017910002238750278,-0.031294566255787526,-0.04447853844050409,-0.012205397780820637,-0.00018343017107058657,-0.010054111440271352,0.018329970546806962,-0.01694750370208742,-0.037297997865594845,-0.046988783600057094,-0.030003028093861128,-0.034021086878458395,-0.04187717206258734,0.018426062434353074,-0.01036448886430863,-0.01697345964837349,-0.015878270843636466,-0.005215816281291086,-0.010231286223146507,-0.001981657866425679,0.025617708152571472,-0.017570601771145666,-0.01711023268376466,-0.017979328236479297,-0.0005579922756803191,-0.028215570668689627,-0.0049127235575429085,-0.0315226809592738,-0.011355333712511406
2022-02-14,,-0.07906251422771493,-0.04743519029233312,-0.019193749824667927,,-0.03900079580460669,-0.04719060560734745,-0.049596732799113474,-0.056878019817983794,-0.02382572434134922,-0.03862092920866689,-0.09319999694824221,-0.054926301940306343,-0.050796338809379615,-0.031595132075186605,-0.049959305080302,-0.0671383300623356,-0.050933641092478665,-0.039276490376397355,-0.027928169900516053,-0.0037558523082498185,-0.01732763451208208,-0.0031109453290201206,-0.046046911925384015,-0.02320679560852712,-0.010061664823043492,-0.03218233063761711,-0.027241833097808477,-0.06391204711980869,-0.04298480597351373,-0.04841495743683322,-0.0392298871386324,-0.04295459216723607,-0.03630969994288835
2022-02-15,-0.06764374528108597,-0.014225862829427616,-0.01389693109438328,0.03239740768967048,,0.02774454711054708,0.01781115879828321,0.01565548846060505,0.04825866833191261,0.014687310489144512,0.035716760065519715,0.040582270542468546,0.06904225065508007,0.04489790023356033,0.030367982341070965,0.036524897879916196,0.036106225812520654,0.022208953398473952,0.040882199699459054,0.01735011221868077,-0.03461105224282879,0.013817464486044928,0.011197087608802558,0.0037434956333526337,0.02629922183813327,-0.027412667504309485,0.052476045704617835,0.04472963072907454,0.02924810001932432,0.007272103378431094,-0.0008854110396978587,0.025629750612475632,0.06676398591870747,0.013456362621564244
2022-02-16,0.02720677246709169,0.007098356440492504,0.011567792819656475,-0.016482819574988872,,0.005484586745667874,0.0037528578299599324,-0.008945158335569525,-0.0035259364059664344,0.022360412807621133,0.0279628589847567,0.07460789391681111,-0.011011912301916005,0.004123302381386473,-0.008491247085835485,-0.005828371350224737,-0.010735016191667057,0.04857905679867258,-0.0010001044046512586,0.009093932429201868,0.012203694701452994,-0.009067136951396382,0.032213627064675565,0.017272893378490473,-0.005075569100990496,0.00041036211409695156,-0.010284196835862236,-0.006277834239062696,0.02222802462776463,-0.006177214885019433,0.0014770888452471098,-0.0074968083925399664,-0.026824577663769333,0.06145668176916286
2022-02-17,0.04944090321975736,-0.03730297655059189,-0.013234995880915146,-0.01592115047923648,,-0.001397362612657993,0.032221558754468305,-0.019519445171586214,-0.0041136544438802325,0.05997151576857118,-0.008842512843492023,0.04142008762367011,0.0030093495328662456,-0.015560836900252673,-0.008950816758638958,-0.01858224828304611,-0.013925088098894145,0.0013615639288739878,-0.0001821316991054145,-0.0035793000331458824,-0.005251123742912367,-0.007250812154382169,-0.005139895167739605,-0.006560317069830401,-0.015304232338457013,-0.008658714465951123,0.0019594566289917736,-0.005607541124674209,0.01065916673164824,0.007691878500799998,-0.0339969646440581,0.01585969454322811,-0.009574809161533637,-0.04860606211319951
2022-02-18,-0.03645541160261867,-0.033015643199054145,-0.019471718989678033,-0.015458162272044662,,-0.006692164194084582,-0.02311670122120979,-0.0328089971128912,0.0030907787774860918,-0.0028081656908374164,-0.009125419732058604,-0.0030303001841675004,-0.013601457165380304,-0.008781611352117302,-0.011094363413483466,-0.02954566056331631,-0.01126850617120767,-0.01513785138388557,0.005006439905337334,0.004685001283147638,-0.020577652182520834,0.0004057447195442432,-0.019990046506064063,-0.005891496919821937,-0.007581495053404219,-0.048977295639414664,-0.007391584920267369,-0.005231425197695039,-0.002784272862076942,-0.011102600510500271,0.010802176238468242,-0.010278419033690978,-0.016661994108413403,-0.040571066173157755
2022-02-21,-0.05064026073166694,-0.05174998804909814,-0.030837546741254496,-0.03173438357171199,,-0.015863264460388993,0.022830499401472526,-0.015215398914917522,-0.02943042873601409,-0.04209415588782939,-0.02254306332060496,-0.0870060423529957,0.0026361792322171507,-0.0033221402377366926,-0.011275197522240044,0.004226365565444201,-0.027716485327626383,-0.04794143679191565,-0.022371129219189156,-0.005299523825622043,-0.0020349085071029727,-0.022076755990015573,-0.02184493130758669,-0.009117607441596731,-0.013241581557073445,0.011002341788092451,-0.0033782100716266417,-0.005237052241493956,-0.015145159452171653,-0.012357557246758577,-0.0016616391933154118,0.005769561129499889,0.0003188702740104521,-0.08144083120612422
2022-02-22,-0.02268554303230952,0.002636412575499625,0.010152299223847638,-0.056067042886569496,,-0.017177280049914256,-0.016944359089864913,0.003043154384361868,-0.010384550186900876,0.008205903449804763,-0.007804820396583256,0.0033291685984226937,-0.03276368805227736,-0.010444548177891755,-0.009579273160836066,0.017789000175135516,-0.013093533116198985,-0.025981574466954815,-0.022141886354776763,-0.018554056680593067,0.0067787992168850675,0.00231082247019887,-0.00786709221907067,-0.011238770468235515,-0.008258094306369368,-0.0020904513198222174,0.0007135894892005279,0.011066411070536075,-0.01589337899201626,0.007104570364019125,0.02016123479164844,0.014768344128735844,0.0043437386997398075,-0.07289004969578039
2022-02-23,0.05583443849472891,0.030539841656168853,0.0074151092191883095,-0.015358929179139835,,0.03134513346462975,-0.005510689383934175,-0.007068152045906495,0.01259215148741366,0.0078095412132090924,0.0016299340061685097,0.04147656469036565,-0.0026136596015466917,-0.006512375959273231,-0.005066174633206022,0.01874011865726888,0.01811923437442986,0.04231707649637717,0.00805292965822213,-0.004160290489859109,0.001642203002702125,-0.006561741516671105,-0.010225279129331244,0.005051738908988801,0.029013767741933316,0.03388680092683627,0.004735150031297541,-0.0034497256878769367,-0.00646015264705091,0.0032530645232207167,-0.003336884667272444,0.00874409968543799,0.011672406683443493,0.0018390523976292705
2022-02-24,-0.06714202523384794,-0.04895384799803404,-0.0537745745490642,-0.02358239335790202,,-0.09369430454957217,-0.0713273704918993,-0.04586821308706979,-0.08571677060229754,-0.06923791847249672,-0.07336912681469998,-0.11469538025132342,-0.10283016895589125,-0.07640150356497755,-0.09084595524976269,-0.04433078007011515,-0.07895656014057961,-0.0665348420404448,-0.058552614229005595,-0.025815520742917264,-0.020876655310221315,-0.026182772176206903,-0.058578020327833435,-0.05661362612615395,-0.053862775605445945,-0.017863069360531725,-0.05915914117962051,-0.05506515266097678,-0.06343903374924242,-0.03051019469641525,-0.021540235745531766,-0.04263799130573087,-0.0477355248508039,-0.11656720793003283
2022-02-25,0.003821694926851027,-0.007435523414880851,0.014914786995740892,0.009085402450315527,,0.08393749522615535,0.071377343049013,0.01840575665667399,0.048414681736791865,0.039870252736856404,0.06154082471232658,0.11605937817516065,0.07430770104143392,0.07684778896984001,0.05193487569567834,0.09495982208628195,0.07610439939035207,0.042589250572993675,0.060097785650231605,0.02054974265139009,0.031089582484005174,0.016254202088752834,0.05123650950304026,0.04031110480646016,0.05452367812235459,0.006037477451511508,0.051540347025671895,0.034564985346428934,0.011164439440219942,0.025345493672723318,0.024257472831863858,0.043864372221708026,0.01944817617803518,0.13714282543628253
2022-02-28,0.014593830608471192,-0.002780273085009277,0.01108507033715278,-0.0065276657588939635,,0.011687419389454945,0.020267116270063834,0.027749228022468264,0.015907885073766836,-0.041642825882993284,0.017766010058848813,-0.0024183582117663915,-0.012398100419781843,0.013863705143816185,0.01796944188973293,-0.026137954052093404,0.0012521588250187232,0.010256675167333862,0.019964137771117274,-0.027103355226755554,0.001515631907087922,0.014851864993798092,0.030603817822866475,0.005256374711195111,-0.11582819019912971,-0.01593770326979449,0.00472062937440576,0.015242035293810074,-0.0291334423539088,-0.006680746344860489,0.008760738423161607,0.03569769078476415,-0.010269740950438977,-0.043855601244403464
2022-03-02,-0.0012507627009145095,0.09394002067372464,-0.0011276323849597203,-0.027037178021221853,,-0.0006795210630563542,-0.02868865271649912,0.015298646859276843,-0.0016113969917317394,0.021237942874882343,0.003957523539688479,-0.0052524913441051035,-0.014205383819530404,0.010535647908656687,0.017355258825928477,-0.008672512692566525,-0.028713647307781143,0.011885419253761853,-0.010525259813249255,-0.05174242847967847,-0.002107936973352098,-0.027254343339953024,-0.024407906452187378,-0.023731256264070133,-0.01146617822073015,-0.009852259592826984,-0.024384640519333867,0.002526198876956265,0.07186528452129615,-0.009693042379519401,0.0202759325948092,-0.010413951477533545,-0.018295753234935153,0.01624459554185287
2022-03-03,0.029430163043556057,0.06502425040733861,-0.0011289819371311793,0.023985019927506457,,-0.011313082304999056,0.009676287247021076,0.015299883075845289,0.0012181888291749043,0.03630712268631853,-0.005068337775611775,-0.0032493875296125685,-0.023458466113840726,0.0053239146867953835,0.03937603963897529,-0.013688912802337416,0.01712455029504767,-0.024339254381573694,0.008211249565308165,-0.03485457625772814,0.012782955058638246,0.0,-0.00010801102013602293,-0.011879427979410884,-0.013919190526776037,0.006050709830369261,-0.012178984365566747,-0.021734295387305425,-0.05180092907462841,-0.008789147975294398,0.027014321496050764,-0.00434208415719628,-0.020229217503510033,0.005171631966611079
2022-03-04,-0.024330901146618178,0.003489763304174831,-0.014379018438473445,-0.006443299207560815,,-0.06552870343270478,-0.030801463760724013,0.0015659092917232886,-0.01752042698331735,-0.029012237878738523,-0.009268295786049152,-0.02404238510906398,-0.04541290174468726,-0.022727297902342736,-0.031476660019673086,-0.016709394058951665,-0.03098896474129631,-0.014414623434511498,-0.006663443588388995,0.02952513640602894,-0.003957638865857982,0.010658965111750351,-0.015803725246432365,-0.02105627855949299,-0.0348476674133581,-0.0006306273187079992,-0.03118535986089288,-0.023618209905823084,-0.019275915679197952,-0.017935405330164245,-0.03343276586588495,-0.038886894583771814,-0.061244342943783225,0.002806318223397275
2022-03-07,-0.01496255603371921,-0.10760770977531997,-0.040007599357398616,0.019378977157474386,,-0.039143513657240114,-0.008592729903227125,-0.006904354513642796,-0.031547992149934534,-0.04780132317693919,-0.0319217405022455,-0.02755740402452933,-0.055722032399075805,-0.023707383892234812,-0.014856986919206117,-0.02191899259116803,-0.04339753471657837,-0.017467738307272884,-0.01593238648927542,-0.015475414979581381,0.010685217153086679,-0.008437300638299394,-0.004823259283808445,-0.005040040483873631,0.005484380500865527,-0.01502214106242461,-0.0631548509434916,-0.06260917233915442,-0.03451582457849778,-0.010629640621975578,-0.018784233455477528,-0.028842948599912765,-0.028367435150570608,-0.03824625551156158
2022-03-08,-0.01075947435596325,0.009909400716288763,-0.02083749678501201,0.03180899691384398,,6.967391905643439e-05,0.008754397933906866,0.027775977099679716,0.024008209618936904,-0.01097715804747057,0.016302653119260047,0.019321547355148683,-0.005710659498221471,0.04972241511547826,0.024919051589334495,0.0032261731405891503,0.031327598604129925,0.027335715960042473,0.013254895728161298,0.0263040085692674,0.030175800180591184,0.039324021009250476,0.02191446084136217,0.010844782214418425,0.013484872957844951,-0.0031877626513819868,0.006016353040087852,0.0053919927958121505,0.018967072442148902,0.010204397851523384,0.01573715530194919,0.03315673991813228,0.009359960569087056,0.026673133275460392
2022-03-09,0.028150952083010106,0.02921612609359614,0.0164011868328533,0.027636715697564096,,0.02367522872634087,0.05133625375866502,0.031588050634901776,0.03430947251254235,0.025112839515870844,0.03665527202962404,0.021903979055480027,0.036119933156878226,0.010134507641837098,0.024140780206826307,0.00456576723588098,0.04589510744752401,0.026127317115022253,0.03821733886607204,0.01600085376350391,0.012376909651705459,0.01549715539032026,0.01676158431157737,0.04376060229388812,0.010016327170954797,0.03450329493927273,0.05041515925669615,0.03906383312973838,0.00321616363842514,0.015152083233273439,0.03933496523518154,-0.006619739254970947,0.04555056784995437,0.02692487969017665
2022-03-10,0.02302425027073185,-0.0040348453515230975,0.0343402024916768,0.00367055369620517,,0.031358392276844116,0.03375768015272085,0.013671105427853103,0.05209612435467559,0.029036213580827086,0.022826096650647498,0.00989281817204768,0.03375210194339351,0.013086023105782552,0.02098993101014268,0.008063895735472615,0.018990755085004363,0.016430501770589467,-0.0032397429832825564,-0.009655358879704035,0.005603402862611739,0.0014972307874625557,0.01578854456140588,0.00020283951718469417,-0.013617399373504036,0.017350603531401942,0.017365669387480187,0.03011954561717123,0.012823052227116882,0.019456467139167932,-0.02434222396466057,0.01755068687379624,0.0224510105781337,0.0
2022-03-11,-0.02798048062959768,-0.0049832941614674775,-0.0007091127002076814,-0.011041615424865925,,-0.00046167071910041546,-0.006038436146003745,-0.015927738419215576,-0.005020490113840204,-0.011584306422208202,-0.0013006680295969408,-0.005714260801977011,-0.0034556540439621974,0.003875185130096659,0.019404075552472477,0.006932721213149806,0.01913377116056214,-0.014934660488961637,0.04379224191380038,0.021348701443297147,0.05764650538938798,0.03731825662086474,0.008951730242406475,0.011290627107215068,-0.0037514896042278867,-0.008177404004073408,0.006545402809861045,0.006565467494593857,-0.0047958700261501175,-0.003293235707629516,-0.0063273742565489455,0.0072806450475577655,0.039687868357035416,-0.01839926454599905
2022-03-14,-0.007509367492649632,-0.0023420266754456964,-0.12934649581180147,-0.014578296623404152,,-0.00646654128039148,-0.0303756994404476,-0.009085039552278906,0.0011534195370341838,-0.020241403954577963,0.001507880937666295,0.002873550618651244,-0.015424977774224802,-0.006862482021049332,0.004960916188950781,0.043970231274121696,0.07656101423149408,0.006539811090317205,0.0019894323236933076,-0.00460308640266871,0.004502180673021661,-0.01080945216163176,0.012536293572648516,-0.003610116126485541,-0.009790676610115123,7.514941273534248e-05,0.0056502477761435355,0.00703314791859766,-0.012239674019970948,0.0008756705964534373,-0.018849522401613972,-0.00731139782195378,-0.1223905324375808,-0.02155572153838914
2022-03-15,-0.03467843498322587,0.027700513018019013,-0.12203612488979887,-0.0038968770542160414,,0.004715517506926448,-0.01673540711304622,-0.03313726495473979,-0.019987322494317228,-0.012977405672317421,-0.012661624945001115,0.0012279483799482183,0.004736347402773733,-0.017922693580246674,-0.012019102471096943,-0.012083190999412019,-0.0033518972732502483,-0.00024127251473682332,-0.01778460723466868,-0.01451753779339704,0.018499938912659664,-0.0006723388559569665,-0.001718263440362744,-0.009728860045783105,-0.0038027549480551537,-0.017524348636267728,0.00016491242282379304,0.0019388982957229128,-0.01512343563424634,-0.036910263614869154,-0.016667264413678273,0.015066227958375755,0.003997621943781171,0.011015340125199558
2022-03-16,-0.007838093789623302,0.05151816801870179,0.07021685328516858,0.015358944013567077,,0.01566636016085865,0.004904919842163125,0.002103568001353029,0.03326662614354037,0.01940237632470465,0.003465865749684216,0.004906003422934457,0.027196905687301598,0.013412417363726004,0.018899741637816714,0.030110682566282465,0.010271519804254226,0.06229844322831335,0.017842932992954808,0.011269723885695804,-0.011469351750506673,-0.002747731583534141,0.0036477083588821735,0.015786851071007968,0.005344236020442539,0.009766753176144949,0.026107948037357165,0.026478637279561124,0.024965153762637637,0.007020764155407422,-0.001724847645934502,-0.014535399685407957,0.015609803679504264,0.007579302692876322
2022-03-17,0.06451615171516223,0.03626090344023103,-0.05835502044372143,0.09354261547337672,,0.002863660131660062,0.010137167284444581,0.00468285605054608,0.035068315455822674,0.036839050995785216,0.0225200200480844,0.017900754085571124,0.02094616677646277,0.005641157392014984,0.0015457524548605495,0.014819129990394364,0.0027216520298578573,0.010060805159469943,0.003540849086452136,0.024937879057772783,-0.0069142883474134775,0.025191022365383953,0.023192798421320937,0.02101116960575289,0.0068346748308678595,-0.0009384759382894403,0.022483497224347282,0.01525280131162643,0.024840633896700215,0.041174619843346916,0.004507767849955657,0.005564196711697278,-0.0010141620725234723,-0.018805830077060826
2022-03-21,-0.005565825067841201,-0.030347958858520707,-0.052508125327704214,-0.024402991654599138,,0.00038925798064504136,0.01701503137611482,0.002346704607370631,-0.009177608015472516,-0.013228436245355413,-0.0066882445519916844,-0.004396507127857774,-0.013485447759376878,-0.016396929365704027,-0.00026606216243363345,0.006653751907282901,0.018349954149281755,-0.0011888254715614055,0.019447493384665338,-0.009203038488613369,0.0017167006386509254,0.002413375418303332,-0.010678687043463864,-0.01332713031159194,-0.004978108581028873,-0.005302783242652764,-0.017728535994979477,-0.011605936268104466,-0.014712799716186553,-0.02272743034948954,0.013088493523488287,-0.02326636427836737,-0.0032021650050853,-0.02252034986568685
2022-03-22,0.009328358031916117,0.03023347378158836,-0.03835957528508882,0.0018058275350205655,,-0.0064222960317821265,-0.005482010665413539,0.001635454979932005,0.015862900006226477,0.0007461966937525322,0.0054410990811206705,-0.006423117157454805,0.028975293440036465,0.015134864536716863,0.01644928691836789,-0.029810982719489676,-0.006322199898177949,-0.008653555562694093,0.0028699635041142812,0.0063421622604478145,-0.016852399853092725,0.00032834509587043037,-0.0017278198342557394,0.00278085541846651,0.014857611518317881,-0.02522347146609294,0.016796725459325534,0.019393421789065002,0.013305230017728764,0.007940156041503776,0.010667754858489475,-0.010060546899568479,0.02691325825536106,0.001470603194891229
2022-03-23,-0.004929162271812726,-0.0060047953238498986,-0.03621325773351336,-0.04753326128694002,,0.0008488144377403195,-0.003144091709387009,-0.010533804987154727,-0.011220022364463844,0.02340945132239325,-0.007305728321179372,0.05212124911221583,-0.01033273031205606,0.012532446009643428,0.007646337458549368,0.0028349397544542576,-0.015473484700830542,0.0030016963586527723,0.019779225103000453,0.024054984154293413,-0.017576902495779145,-0.014549762405563715,0.023603096639372323,-0.014460222328943506,0.007469353352067332,0.024188612921973718,0.002719830720970151,-0.005289679922196866,-0.006518044010133894,0.0016794228506515907,-0.023740146897774705,0.009213146930500793,0.011425419662691949,-0.006852712356145929
2022-03-24,-0.004953579267850228,0.028126839886053467,0.09546059309223565,0.00946239606226329,,0.007893437406062187,-0.0009830025558066335,-0.016049591281366293,0.01203758236555097,-0.00520453829131684,-0.00040879936375703974,0.014976934559778998,-0.005965971386377444,0.022193713747386212,0.011122733380507288,-0.014419595794030848,0.008916652585921891,-0.011452980353001796,-0.0025584311308944896,0.04874865800829631,0.014342609830805708,0.008936495324931126,-0.012934905253349283,0.037920333329880984,0.015124349617767985,-0.013471629881936065,-0.001035053638957284,-0.0017461630707421572,-0.006655864565622727,-0.006666564244719009,0.010699750468552427,-0.011854277644874123,-0.012201520326426296,-0.017249877305494765
2022-03-25,0.0031113877379913557,0.009414010417721164,-0.04936010584315875,-0.021385868491906934,,-0.003171453840226879,-0.0088150881508815,0.010096043759596496,0.018659949448722513,0.005153277942934631,0.013361475180821314,0.0836170661730895,-0.0025392219683900707,0.007724446235428006,0.002467282903042989,-0.01039739204011847,-0.005356235006648724,-0.020160377708217214,-0.023913958926350176,0.007612240332395492,-0.015063113130345807,-0.007152011052634966,-0.00901075939703122,-0.02356047591728394,0.019281444880816512,-0.010253379901524196,-0.003436951572151292,-0.0027719529856818914,-0.005360393203536651,0.017200456268905873,-0.031944157934766126,-0.010277415146362379,-0.0007064732788115702,0.0060181155655110175
2022-03-28,-0.011786562856415106,0.001220588543727752,-0.019139216496394273,-0.022846652961833303,,-0.004934767861468403,-0.002275077559462213,-0.023767002056989783,0.022870894447653667,0.004996734202179498,-0.008409027998590335,0.06319837331928224,0.001388562552683048,-0.0072508590127141614,-0.018921101434710264,-0.024274305495599058,-0.02439028456350778,-0.035572370563503264,0.0016106324797608984,-0.017425355074339843,0.003552032188344656,0.003934311825915637,-0.008441597614329166,-0.005222397347906305,-0.009171627931265136,0.014344074649250249,0.004000902767804071,0.011366358678635669,-0.013376935652685606,0.0001579120077324081,-0.01219747327896703,0.0021867892667941646,0.010450543423554226,-0.021435707482176602
2022-03-29,-0.018204702446435017,0.015535118165181494,-0.020072822789710676,0.015175737115208587,,0.0017616725054174776,0.019320106822657612,-0.004835918335730827,0.003953537038891675,-0.003910157108669932,0.033853496625630086,0.13990141920515242,0.002311109732587191,-0.0020868238406266393,0.032247873741340305,0.014014200781764963,0.021412171194842733,-0.009541395499528038,0.005586299938115991,0.008890489733305085,0.021384286024793475,0.014847031679365186,0.032842401241128805,0.012094638157529536,-0.006508550113338951,0.011414459890774165,0.005420344350242745,-0.0010441887622572033,0.02028869931983679,0.00797950746982723,0.0011612729951884226,-0.0009850129359431081,-0.005596705309392824,-0.01375444170283735
2022-03-30,0.08759598939689739,0.047062089711928934,0.03144054951180597,0.02703672805107038,,0.028595768581129555,0.015171155619434495,0.03877348108179812,0.04068321642317674,-0.03439402211546139,0.007152674297934203,-0.011812153795057845,0.004496089936125269,0.01087408460505368,-0.003645457747480707,0.03152704372043491,-0.0018239722868634844,0.030123932170319057,0.006144242373798292,0.007135461087473205,-0.009529743489665732,0.0013595596795952236,-0.005041987993257169,-0.016283722024478142,-0.00553213497935412,-0.011788348457295261,0.030187370341976827,0.038008114819830796,0.03690243230484169,0.04236400116635064,0.01701208048454661,-0.00816260066283192,-0.005399874517870384,0.03564046321772851
2022-03-31,-0.032333920062606825,-0.00667292340703407,-0.023739101931870454,-0.032941046050491196,,-0.018808203525632727,0.009695979910802954,-0.004871225164969628,0.009773244905467715,0.03098830250720841,0.008861134284096073,0.07930032889808958,-0.004361224671423081,-0.012618882324412994,-0.009706371368620292,-0.013168978529358166,0.012294253575307001,-0.013747512519297178,-0.012715476592280783,-0.013538087935406895,-0.010593290279194534,-0.0063545114312310025,-0.030086459303951596,-0.002736577116703165,-0.017420558034799583,0.008769460703797582,0.0011170567758560512,-0.0039961036543343376,-0.007560391011569356,-0.0012030199479451387,0.011975396096060686,0.007537674547893669,0.00804824096667378,0.004987531172069737
2022-04-01,0.02430133567239623,0.0028113632787252207,0.08108614740489428,0.048898189261029845,,0.03033436374027576,0.006745763795577231,0.015626019226546273,0.014344205703121782,0.01587717406868716,0.014918560050067198,0.0991355516900232,0.017060482222164497,0.028493503496979322,0.013188310924244329,0.012114826927232203,0.02524773665531188,0.029237793740484186,0.011184486633362356,-0.0037248777829211877,-0.003143264405560675,-0.006613635086996195,-0.005077142779053245,0.024697112459317605,0.018772304840397158,0.021435317945247556,0.02040642505228174,0.004615953765182423,0.022575330891089873,0.01528267620293744,0.017881877515562472,0.019695967525245273,0.03373798763403468,0.11910669975186106
2022-04-04,0.023131635559312524,0.05633592153666367,0.06870295963357109,0.053072467441211746,,0.043222254521221304,0.001261263272517743,0.011267829912049443,0.010863009042733962,0.08500847136977008,0.041743521689724394,0.04177932711512966,0.01269407397908151,0.026482068430838224,0.014941274096895274,0.009940424092153455,0.005781734567740449,0.07024017353171241,0.006284546803425384,0.008809557802142765,0.012760556304690196,0.0190929610252073,0.02691970514175135,0.0327237279498358,0.013308029874720129,0.013596298374997984,0.011143213044293887,0.003334424516494794,0.03897514980553973,0.001000847810981087,0.005573089535980902,0.005989405581384277,0.026069082968239066,-0.003547685373648801
2022-04-05,-0.027246359120244534,0.004497862328622926,-0.0024568012938993578,0.06428476492830426,,-0.012429462702932437,0.0016139249052553595,0.014772223699547338,0.03582047320535353,0.037598663551433154,0.03603935524259949,0.09978767641287778,0.025293758329167915,0.08592972505643615,0.001796441579741792,0.053208651041947164,0.005532383685071585,0.06906738022982273,0.013489962943440181,0.0029532331771142672,-0.006178270035338218,0.003293597341266219,-0.008093206633018712,-0.0181518892181618,0.0024533639721306955,-0.0019478691149517058,-0.013643716364702962,-0.021952287482584154,-0.003759951780639037,0.0014073509632006598,0.0026793276854697456,0.0007427691771362266,0.009547698710557828,0.03159771339539019
2022-04-06,0.007747336281971551,-0.004171765519482062,0.046219563218563575,-0.06205589764340136,,-0.03696725138270485,-0.014266548530387335,0.003297149524831733,0.009416618386133724,0.0034705696164780697,0.002122503373011897,0.04997859039977648,-0.004147947929983631,0.05921049085638308,-0.0031879898585603916,-0.009991845285706069,0.0012250436477687643,0.002864238451462775,-0.005422799401109457,-0.01227509540913252,0.007391371006376657,-0.0010763697283194817,-0.01665480780554285,-0.004380359503647013,0.00863814742388569,-0.013617596516411368,-0.0056168195924124475,-0.0058773528756382865,-0.024225403809154833,0.011502922154554396,-0.0002562600708446716,-0.0018980199523184194,-0.01932206216673904,-0.008196760699995309
2022-04-07,-0.024246043498104775,0.0027928621288324518,-0.02048020643905557,-0.020442771378031188,,-0.005303332039024777,-0.006578684804254387,-0.012959130641687078,-0.02821753383106873,-0.014289571192871553,-0.03818313891444236,-0.04984683152964531,-0.014578594215256535,-0.04140790022140539,-0.019539260372283707,-0.02807947208943362,-0.0014168367540595694,-0.025951883606206705,-0.010078514731008847,0.009504934064531678,0.007482959950877888,0.0030708437296842472,0.014030558460336406,0.015269166878673524,0.008706913819013451,-0.0141653436717879,-0.007724277844033511,-0.009934239441820925,0.005667040526976308,0.021390974881417613,-0.005382269589377042,0.01409110274380998,-0.0057249072202214535,-0.0278381647081124
2022-04-08,0.010909109404592776,0.034924463004190276,-0.011535707643030912,0.019669288598203494,,0.0033004922256933966,0.024201237086248995,0.009108815891203825,0.03425349217788276,0.07195295367324572,0.02679228085806673,-0.049881741099743415,0.0056730021330173575,0.001079965321841403,0.018960254232589957,0.002766976999805104,0.01536945867355155,0.018430282607575954,0.009930767274784813,0.026161586113411683,-0.024211387848696475,-0.006820911538499286,0.012925754920817045,-0.003250097324954071,0.004669399207458458,-0.006796698361475895,0.010479672062686962,0.011785829473551113,0.010375461523395302,-0.011778340489294825,0.012295257346658817,-0.003233453056943114,0.014185560325552293,0.01029084139488945
2022-04-11,0.01258987293948044,0.01046825233905424,0.1145960139527582,0.01700124185566021,,0.01398122626008047,0.009326403753637136,-0.018582514532298977,0.004260749774795292,0.14785614499146083,0.018169997646916958,0.04820097611018781,0.0,0.017260014328344786,0.007052878821655506,-0.013271381129135285,-0.03141681657340201,-0.013146700725650717,-0.0062799368972721314,-0.011251986779966305,0.013740677052661798,0.0008653139221168615,-0.0004771717433333933,0.004411519017691434,-0.010281553887062311,-0.0029854334629854096,-0.004065485880157094,-0.010218499526264746,0.004603503677519161,-0.017533639470603823,-0.00261836203094179,0.006113981949050329,-0.0011819190851712902,-0.0022143489514718784
2022-04-12,-0.03493187749965443,-0.04825696502031529,0.016650840929775867,-0.015881227073064386,,-0.022211251998754622,-0.02395463460089875,-0.015413705261649202,0.0076828051269257625,0.04774590723324623,-0.011292560180602651,-0.0034542281620522086,-0.030416980194954424,-0.02739489171838183,-0.03178856728542001,-0.015703194720279146,-0.01282998294120774,-0.03536599100223303,-0.011724550211318796,-0.0018605571824527045,0.0017064713234589135,-0.004430542050736452,-0.0067499331317844025,-0.01514958410899081,-0.006261656592656428,-0.008061296989732014,-0.008471190389340522,-0.01567151861857008,-0.008988407261028342,-0.002507386327537886,-0.017318572896495077,-0.019872505643805938,-0.004518613635523416,-0.01287176704834403
2022-04-13,0.029447871483176735,0.018916065990318476,-0.0113001911812185,0.013850825545761447,,-0.0042112662037866455,0.010421619400109439,0.008213950460129738,0.0011379679868297465,0.02574851346471796,-0.005207799475997921,-0.032712268772198905,-0.016541165149676074,-0.007450457995002657,0.0023596934380019086,0.01951923545497003,0.017358475253800743,0.0010955261047365106,0.014472011220161285,-0.016730055524280196,-0.010367515657466297,0.01676968439505022,0.005778596544586456,-0.0007756500359864527,0.004439492054298055,-0.0103715904654621,0.0074162180041768,-0.013972367087113247,0.004534965749586339,0.004473016522712703,-0.008014314397832178,0.0005380563988914844,0.001747334984327109,0.0004496677439755903
2022-04-18,-0.011918950915531856,0.005876994847823891,-0.043185816108106345,0.002319870777588884,,-0.016788323343093103,-0.03216280322113396,-0.016134757851188675,0.015640338489252725,0.037077104130667005,0.002617531316216004,0.04994399699950369,0.006379753842029157,-0.05565738389702157,0.01136190611756649,-0.027742450041810085,-0.012339690261065073,-0.006519865550362547,-0.007962287398345369,-0.00331461216930351,0.01106633752251951,-0.009874470904723487,0.005700939452782938,-0.0036869154017423744,-0.021385824418287736,0.0011106322948037928,-0.009142438535366115,-0.016333107049489315,0.01673012727891865,-0.0009936297171376784,-0.013203191355668609,-0.0085311064012481,0.022978971495884792,-0.035955056179775235
2022-04-19,-0.02955373380628834,-0.0006007031065888846,-0.007106602170372733,-0.0019930407208944567,,-0.018834802320014887,-0.017653000749949133,0.0037345014745508998,-0.02934389600015419,-0.01971050288777143,-0.02776786566365297,-0.00831909941899911,-0.02040112442947062,-0.04439691116694289,-0.01973585765853736,-0.025969538953740767,-0.025428664357172615,-0.01644563393261045,-0.0018390261501354255,-0.0175614587408105,-0.026803533600232132,-0.005929905359156384,-0.025083374159029392,-0.0008439573318742566,-0.01529721178766863,0.00032815216489012755,-0.00026146138064631064,-0.006741493147260247,-0.048058405764232925,-0.010977862197686927,-0.011863835238387077,-0.011612450112487682,-0.03996909800446069,-0.013053627280922186
2022-04-20,-0.0018644363228611516,-0.018631288451274375,-0.026345919721181832,0.004895944950639386,,-0.006841614609693347,0.00016558416942547005,0.0018765573997048257,0.007217497685983565,-0.034718953007739306,0.010191648504537465,0.01118512850704545,0.036710146156590406,0.01298427746319697,0.0018583910922600477,0.005742305669428127,0.0037760390126861942,0.0017350206552877445,0.015327603954311098,0.01988276049004689,0.01174644758948662,0.0016267823489670707,0.010030942850671964,0.010006429603296674,0.043201625495481455,0.025444293055901124,-0.03127611441498568,-0.01343787137768404,0.023047214098419033,0.01542027630954057,0.00970485424264167,0.011449561626006188,0.01006945598726161,-0.001417114105255135
2022-04-21,0.0062266498256260405,0.013166997200840802,0.0028154358283587477,-0.012372619094851656,,0.016118347938689492,0.014986525014230923,0.0029708614911343467,0.046887712392316594,0.0002312120252487837,0.02760830960644811,0.049989414437862756,0.01702422158017214,0.03685170281783634,0.01308811446056124,0.017424339184098026,0.03203042760084185,0.040138639475951754,0.008167080743061383,0.006265440725284455,-0.013339282936639885,0.0223064975849534,0.01647348386444203,0.006755059978808209,0.060700552968723454,0.05061616934293012,0.015015992302040537,0.0210487223271838,0.020829719977737637,0.027804158236991228,0.013106352306005542,-0.006054564598128587,0.0780316804452279,0.005203434887771419
2022-04-22,0.0049504193239715555,0.0018958530503594417,-0.024253370094364346,-0.027521761058016625,,-0.005858096225036191,-0.005710323562762354,0.025178052083384195,-0.0057078306969997605,0.025360145412813395,0.027807153714600963,0.049837906281483324,-0.02053344351659714,-0.022213648503554784,-0.01001989524117397,0.0009198731793915726,-0.00545643184254796,-0.01922663405706382,-0.005236958303895478,-0.029523568694362456,-0.0315957335491559,-0.020442833111511627,-0.00807021295577448,-0.036104481689238965,0.004278621525423354,-0.03172208567703416,-0.003831604277529599,-0.02409423585147219,-0.02959986009593729,-0.05924334797845443,-0.01586172247758666,-0.00034734876093289735,-0.03430009115423116,0.025411735983455808
2022-04-25,-0.030172377343854362,-0.07472922585227271,-0.04243924045569536,-0.06688022589608267,,-0.012711785772390072,-0.018131825924936673,-0.0007851044235662741,0.004794589521167181,-0.020396853001312887,-0.016702041451891136,0.049980705670412906,-0.031217977701808564,-0.02271836692697371,-0.037761975998226616,0.003338318656013861,-0.009546249596039114,-0.005479805439223329,-0.02294964686398282,-0.01843639505761896,-0.014322613558130026,-0.026816546543109165,-0.018341697215704222,-0.03818615692612404,0.014112654146803072,-0.013685475979684059,-0.014801583923715,-0.012232874083132006,-0.025358708621084358,-0.009294341521748684,-0.011762324256279877,-0.009841554171360456,-0.05876216107254384,-0.03441945943129743
2022-04-26,0.010793631417410632,0.013692968261319605,0.023954656395140717,-0.011516434610827964,,0.020721584198941878,-0.0017965526752141692,0.0077005765474016385,0.0486386891173185,0.045485110188341116,0.05811195564806848,0.049990833088239706,0.02293313141760378,0.00606438149898425,0.027550976490131385,0.006329664575759564,0.012097731841274939,0.011811514200326778,-0.03670649250528557,0.009500722296510666,0.026491098701243887,0.020055602047045262,0.024829439622569893,0.045767711841270486,-0.0021005520930847954,-0.04574029672944524,0.033552370440291135,0.011084067311284196,0.018240665615296026,0.017193078808626527,0.017148750614518038,0.013799771759235524,0.01045146051176471,0.012357443816252367
2022-04-27,-0.04711055366689698,-0.007455704451215683,-0.03472456468920326,-0.05781896157642863,,-0.016490484861247046,0.005692322925747284,-0.011759065076606734,-0.02555006425576345,-0.0375281717423005,-0.024409114803073062,0.04743565611422906,-0.010692165124684294,-0.006027826459722885,-0.0004157690724329033,-0.005829055258627758,-0.012128360423984574,-0.010553753107289454,0.012585166261849912,-0.018654276811283288,-0.0006643962756965882,-0.013016756461713519,0.002433668637064512,-0.02109140463262482,0.004999373374881211,0.0009863410927821725,-0.07270867891309551,-0.03938939796078722,-0.004000956948444712,-0.007378296691044173,-0.03591349696952728,-0.016455473531093556,-0.025812363982513187,-0.016431924882629123
2022-04-28,-0.02636783177632329,0.008690052874961385,-0.016635662881407942,0.021198137930827476,,0.01189047213944372,0.019768602894429943,0.012309180491540062,0.019043647236401506,0.024827143122006845,-0.00022546406965462396,-0.049966605461940095,0.013480536393830622,0.0036386162146555545,-0.0025991339085473797,0.013047684667782944,0.011612396450003004,0.014154601527895272,-0.012774104025126798,0.011061861168060183,0.0035285720491666783,0.016444046163565096,0.007504690431519689,0.008147115469849142,-0.013614346962773638,0.020597317947266713,0.0020182559370525155,0.01250806214629896,0.043367101723514656,0.014487278807545634,0.019404344080634184,0.011778187955692188,0.01963716294078699,-0.011933174224343701
2022-04-29,-0.028435998883019398,-0.010455010823660182,-0.0010304432562258103,0.005189549143171268,,-0.015117448173354364,-0.0027751902594039812,0.021606065254808238,-0.019570729076983318,-0.01009542711238609,-0.03460703744490756,-0.013720295518599546,0.0035546319471868593,-0.023766406120995898,-0.020013540886650638,0.005718997224161582,0.019365590835472846,-0.011954426043328525,0.020021147242212933,0.0023775563065016048,0.0,0.008306352292156927,-0.01296937675912635,-0.005342971314532985,-0.02203053604640115,-0.0028030171570919693,-0.008301613581062517,-0.0067080157072252344,0.01925096300230722,-0.04284127827432027,-0.010692646324395927,-0.019952553168398723,0.006266252667467942,-0.019323671497584516
2022-05-02,,0.01626139099847812,0.033439268211960194,-0.02977931075804341,,-0.011327801228404266,-0.0017188259348782653,0.012024540331073252,0.003216198919795188,-0.01819409958494911,0.00017505349849256113,0.0,-0.010854583131798656,0.025376571414330362,0.09876083582488238,-0.09130500730186775,-0.012163583804015055,-0.010196120631675187,0.017142174223889528,-0.00194827363837069,-0.004688241419095629,-0.005653440793426112,0.0009432218709974904,-0.003760145289375405,0.011806134507752475,0.000999376177151623,-0.006842247331814488,0.003104977134302578,-0.004378452974199254,0.0028902506403349904,0.00847234746398362,0.009913189492615881,0.0022893304215803045,-0.018719226855949844
2022-05-04,-0.10174220281195556,-0.043502263254767026,-0.02977867926455624,-0.015038174392138393,,-0.021491482521239114,-0.02968070554467339,-0.01730968226425622,-0.036631866691254955,-0.05617679598423686,-0.05107693366363886,-0.049937564692353886,-0.021601018433593522,-0.014285724206168249,0.0015004638888858057,-0.046159460712245304,-0.004459873423559579,-0.025525968378218855,-0.02351037553935975,-0.0318995045312811,-0.01950640289881611,-0.024366446779754303,-0.03669907527525751,-0.020354516134372003,-0.01542376019524394,-0.02466421146203368,-0.04322270020979002,-0.042453749005814445,-0.021126176001455943,-0.006815224380386953,-0.016331128584225363,-0.02917147437802936,-0.048241237454763386,-0.026606441430493066
2022-05-05,-0.05120241394291147,-0.0313932726461883,-0.01371742083770755,-0.014641365398360029,,-0.006166479443428408,-0.02636355778373234,-0.0188417476343421,0.0007098116237431729,0.06534141849870001,-0.0017839798105999671,0.04430262042559474,0.0066115225956471235,0.010410337543892423,0.011357521431379691,0.036504903407079015,-0.05572431434046532,-0.015110494906282357,-0.005609433012685572,-0.007151149437697124,-0.009555614845929372,-0.02525254928691345,0.004983716114088432,-0.0005504063074144305,-0.013485936593832348,0.01338780563017039,-0.004779412377979408,-0.012791034115003819,0.0037878824988986093,0.011567434123738396,-0.03160787995505843,0.019820836641972317,-0.014879504048044723,-0.004641536486921449
2022-05-06,-0.01062962403367762,-0.03520046613464323,-0.012517406213892301,-0.0195470604576381,,-0.017638137810126464,-0.036320221814656106,-0.04191053501802655,-0.003413918228623025,0.010155011587221985,6.164240769868101e-05,0.0499730132288323,-0.04163735228576382,-0.009292971985122689,-0.013189361172148972,-0.01011508684421214,-0.061072394885025916,-0.028290339830873035,-0.02013349095363859,-0.008363240273380534,-0.01439273471926883,0.005864543855529147,-0.04579902946545278,-0.003441998248749134,-0.038939396312927754,-0.035355230173333974,-0.04899786571421272,-0.035274172044268415,-0.006669525298019896,-0.006589785510701107,-0.0019780456145213066,-0.07038898884813827,-0.032254992023941886,-0.014507787832942043
2022-05-09,-0.06198347107438018,-0.06140350877192979,-0.02077462639607175,-0.05308371724127625,,-0.019586849414582663,0.007744934615320664,-0.03398289692157608,-0.022267137313959018,-0.05857803799364103,-0.02316988354535421,-0.03578154696195379,-0.011259267550677743,-0.06199021301112262,-0.024600459759588023,-0.021830842582365673,-0.015034937971610152,-0.023498977371268825,-0.03888071943365967,-0.006322080538796793,0.0037978853249382993,0.002377493489890581,0.015663022924073955,0.012709892478007578,-0.0271552413743128,-0.008082966273871062,0.006108003054675404,0.01050913394449271,-0.0037106039011124414,-0.013305766548658893,-0.007598029962563424,-0.039795947926166475,-0.014097257153992016,-0.009989452823184863
2022-05-10,-0.07577091166626515,-0.06071305794879278,-0.018698353444464466,-0.027302314059827193,,-0.017372493791086296,-0.03574620196604106,-0.03298179686278957,-0.04011110738908208,-0.08117793345381596,-0.0296492667760464,-0.04989349056316228,-0.030201753921142882,-0.03413047594466745,-0.03946969179515347,-0.0376936483816932,-0.031580073985470025,-0.022245082966794394,-0.027705763702810304,0.002099445394234234,-0.012948969716760517,-0.026598180132762272,0.015421475992086764,-0.025373382455797233,-0.022891733135089853,-0.025237933357715958,-0.0179725666258298,-0.011154203324750922,-0.00824681309623465,0.0027684210013245725,-0.024965746410699152,-0.02992645405079042,-0.01981407885523856,-0.011683467406197967
2022-05-11,0.03336510914288726,-0.06301592037827042,-0.02784905193658027,0.038891290076440876,,-0.031896894393029895,-0.040500418138901706,-0.02096727805273979,0.004645615986140994,0.06488522975207056,-0.011961951474629196,-0.04578577882810875,-0.00918958107583423,0.019581383445555156,0.021708725134878204,-0.04573246422020605,0.018113758094607135,0.06828870175678503,0.027545611688963634,-0.007651991219672416,0.012363006840582447,-0.008180081920059146,-0.0005936801072358167,0.0032891439143116763,0.010429165242751282,-0.018208502435355656,-0.020486056568684963,-0.022032290454534698,0.0077787300939433646,0.013092839158269642,-0.014722743253127946,-0.022035462034861508,-0.023548953475336143,-0.0241805472993748
2022-05-12,-0.041512914544799995,0.011680985419400436,-0.027704394738507054,-0.06902685133433706,,-0.05547102367233858,-0.03172996722860899,-0.02066676410833035,-0.034964322767302325,-0.07977568252287648,-0.06132389877781119,-0.04994130401828967,-0.04083474034822465,-0.03289176723337539,-0.05357404614824102,-0.03152238003376184,-0.026014576334042583,0.009218819673019851,-0.009521217661481951,-0.0010427681005615863,-0.017971423891445237,-0.005615244801056463,-0.014066597985519014,-0.031598727511055524,-0.018848033876213366,-0.016943383537667667,-0.036783180375390634,-0.0359421473968109,-0.02892372969624546,-0.027521431108150973,-0.03768201881799327,-0.020735395697958015,0.0006402049076070782,-0.03799564385113674
2022-05-13,0.09432141750183076,0.017999403197052954,0.052820311514715224,0.1739447614042795,,0.05018926880362251,0.03177219435707479,0.02358120165691724,0.004376171751093505,-0.10885177063565832,-0.010374330595871895,0.049886663932708464,0.08595216959487995,0.017119266291581114,-0.01726536747659868,-0.008732522691857536,0.03366679627439617,-0.031441894402288284,0.00485293232334949,0.011417545144980057,0.015041981578411523,0.03823517042293334,0.011267539253313918,0.00316936076849883,-0.005488749609651955,0.0508118253013341,-0.013882416688038801,-0.018862657202294075,0.006395702582837837,0.025057973055958138,0.007651490745121947,-0.012184822917514992,0.013757010376407308,0.030910184599907575
2022-05-16,-0.007915513813901542,0.08634388796848236,0.08901771778082179,0.03929010400855848,,0.0029919138297962444,-0.06516486631749419,0.04383292527300009,0.02519284870288807,0.050724091025759366,0.009349738400505903,0.04987239152380707,0.002597168480076739,0.017055744733675215,0.0025563590679007486,-0.008453492008326569,-0.002823409745973615,-0.017870337264625502,0.008080240182613663,-0.009148223556567858,-0.0012838539786020897,0.003512712749556224,-0.014715828798906538,-0.016227497380041145,-0.019163002444432253,0.03750914399723837,0.023505454105807733,0.003723794830691851,-0.0019065060388023802,0.013628614078153634,0.01733077848662279,0.102302974682559,0.02230178924798798,0.062187654462403374
2022-05-17,-0.004432623993552376,0.03272751966338516,-0.009805558398932823,0.04168222014144729,,0.04497122660545472,0.14675770072511196,0.02991635130436965,0.037489887231745955,0.0017969486540700963,0.0452631736687783,0.04993450734973082,0.04637961026816684,0.06421001662662329,0.0544705194198456,0.04373457847088669,0.03754172553294266,0.03669917159376879,0.030403640632533646,0.004012020663700211,0.004928194385546147,0.006944449882686943,0.02021052316321703,0.008539541570743436,0.032979188126763814,-0.0014312062867696262,0.03399214791080185,0.025036974148927582,0.009368648623859555,0.010401683743423984,0.04425707341382279,0.02692985305492157,0.019757135761595768,0.01725040773190667
2022-05-18,0.04630451297357108,0.018142823886731163,0.004268396701204713,-0.06213317740023261,,-0.016687299674529865,-0.0008117102943977494,-0.14659517446001014,-0.0017164052543292563,0.048254460789198594,0.02020815821513322,0.04987529867299623,-0.021218907956057742,-0.014306417353417866,0.008798085493208374,0.004384997232472543,-0.0077727193758411195,-0.021596733986765648,0.013769730831819205,0.0004610663512378821,0.02036246246044482,0.008298407844538502,0.01472117029401332,-0.011000269137668606,0.022393618232087187,0.0013850626541975775,-0.003785893924420858,-0.016184586412603896,-0.008740937126811454,-0.019826741395141623,-0.0022283386532069294,0.0019278230320276535,-0.01120076250996005,-0.0010278119257861595
2022-05-19,-0.0578723663979388,-0.021296517243477586,-0.05856853364856063,-0.057853709038849566,,-0.02515836773873037,-0.04188105730803837,-0.05833262460018629,-0.03042026169471823,-0.03280334479061742,-0.03553561294252283,0.00916187526483303,-0.039744719630640746,-0.038914633439674495,-0.028816205226566693,-0.03571216920964493,-0.026693174003875164,-0.014968572378100009,-0.011907013963004531,0.006055228143130531,-0.019956106981183885,-0.0161819910945058,-0.038358582629038684,-0.07090581916458549,-0.04543431315456037,-0.0030075757563624572,-0.01860634882871104,-0.02729174062490658,-0.03872730030163285,-0.026763312478143342,-0.021870194042125757,-0.013427750853897469,-0.016838384859260036,-0.03600823158321398
2022-05-20,0.04878050293356084,0.006217104392823636,0.0392776523702032,0.11025597285656286,,0.011300484202268812,-0.008572751376295318,0.059967883582617176,0.04955654184055036,-0.01892129348705507,0.04742085050516898,0.049932771411575816,0.04853886669987029,0.02101120645747301,0.038913953538226576,0.014470672323885436,-0.008527894003399483,0.008548849737041397,0.02561797658796605,0.08134718944491581,0.04307041647910892,0.035100682051775856,0.02514749782411574,0.005591895512167655,0.0542636014604887,-0.010904979305471185,0.010968971207949263,0.011910069692175451,0.03026288864188631,0.0005197820293556532,-0.0006461946066305124,0.004301645785417696,0.012144310576029271,0.04589117600647352
2022-05-23,-0.017226529080840658,-0.009369858200798498,0.07619457095731974,0.014447317641827828,,-0.013590137686418702,-0.012590269567294143,-0.006260238547355246,-0.022031534036658362,-0.011127396817522395,-0.018239921593229735,0.04995995026050193,0.008253727116851461,-0.014791031516325548,-0.01915775862614999,0.02355494336281616,-0.011934629306522782,-0.011466185638785986,-0.0033940951396458363,0.006083614227988976,-0.00853435212152387,0.006989486231793185,-0.0945222424217087,-0.031171628846716426,-0.005735339133411954,-0.02678018275409011,0.0042290362265478,0.0008915343670627962,0.011841505411154696,-0.02456849604894551,0.0014225032170542828,-0.015507879628124055,-0.004409744689921946,-0.030102009675940677
2022-05-24,0.1384749836429391,-0.04040443592127618,0.04375561102663439,0.006113788176274948,,-0.00321462762357394,-0.02261463643158823,-0.06863073889836824,-0.004814231204109953,-0.04983656635366951,-0.0018577968804325273,-0.04987037475953793,0.010202772821285677,-0.012184499712355357,-0.006029781683715929,-0.017355826013145892,0.006696141544729306,-0.00295549975221443,-0.009344195868580263,0.016877381560317817,0.00036081631019646565,-0.01317718071390206,-0.06059679484891711,-0.02853692260292262,-0.025587835808141945,-0.03651631859101789,0.0008284380582039841,-0.017147917067764085,0.0031750540881372302,-0.007167294210968178,-0.014851401647539286,0.023124674767208697,-0.014936096620365547,0.0
2022-05-25,-0.04080058253572194,-0.02342770492220292,-0.08098079609027553,-0.04596800585043859,-0.047823183642144995,-0.005682202601750563,-0.06980753479030866,-0.037978544735060016,-0.039834278676575297,0.023896478800404797,-0.05883137178398956,-0.03900482078545908,-0.020551901088065483,-0.026872242403333635,-0.045367364036017155,-0.02981437632807249,-0.05564366038677393,-0.04346631835319992,-0.024858896623347726,-0.009121074395124107,0.0014942434383562464,0.001428765540337107,-0.03887539985090949,-0.01764155358463948,-0.015786369965981262,-0.045709946086095465,0.004932077858923689,0.003945034785316492,0.02930004352692106,0.030896773213513473,-0.018614848056421662,-0.01922473475849451,-0.028652066873702697,-0.02156762741650331
2022-05-26,-0.029694999948259748,-0.001755321542443733,0.020030339846969225,0.003222217181060305,-0.02134330165170184,-0.012433321678722131,-0.03741728032382907,-0.02375667778270718,-0.013378852991863144,-0.010675061884821146,-0.009040896382459529,0.0499415689295164,0.008752860757128555,0.0024898151511631994,0.012654723332720552,0.005814324211041111,-0.001029403792510597,-0.002126127177709436,0.011932827227325804,-0.0007660430564812026,-0.007511491957591265,-0.012346309423061919,-0.020074703062307075,0.017365478844904914,0.003701396879130403,0.03964282596278301,-0.0016473796287717057,0.005779437825222056,0.015726532992800912,0.014605329296030645,0.012734382456340843,-0.002509445307346092,0.04822911303580346,0.028494640063214005
2022-05-27,0.026468129924359207,-0.009817946334409355,0.016996679526350977,0.02942926569074844,0.08353341540555226,0.020409603513274366,0.030789530732683534,0.06741232588442059,0.016492225017089135,0.0011321400979089624,0.002280822726802967,0.04390712868965463,0.02127670102715129,0.014450173788313148,0.0021454663011581943,0.01679222576835837,0.028474550453708725,0.02141484538472116,0.010451860620703357,0.02006202961410075,0.001866114485293835,0.004389100856074579,0.019137651163321445,0.008742768468607887,0.023355920882785597,0.018881499304629568,0.03020025722366948,0.02249203312401038,0.034685482209021234,-0.005994669883452652,-0.03613992669464172,0.010174886296439034,0.061415179951962884,0.01725040773190667
2022-05-30,0.1450443823587002,0.03699727628161975,0.04413437083527638,0.0006530434232689952,-0.03748497507256765,0.06536891309574444,0.10246418205274765,0.06822567456034667,0.04110278553487268,-0.006831475068288295,0.04494385115685606,0.037031395968698755,0.029795149129417497,0.03828183555548148,0.01680494838564095,0.11192139027354209,0.047435606923884155,0.07428225503955965,-0.004862412651694181,-0.004600850284084856,0.021162096837251232,-0.0172585053937494,0.014738086756588942,0.011803483489416733,0.003153099608285803,0.004852182981144981,0.01963795109506239,0.012983631376807248,0.018057383918994363,0.02388506776329713,0.021803742139918647,0.050513939359546844,0.09695206919803101,0.03134630346045175
2022-05-31,0.0506685196269252,0.06643117970839407,0.014685333655060306,-0.037560675567269386,0.01726618705035965,-0.003524598138128332,0.01799806331710463,0.09242830316500084,0.000877499985600938,-0.12209233058116054,0.007009696260659615,-0.04996328248939119,0.0025994073525390515,0.008145774750526247,-0.001526456793929376,0.014366252104021981,0.005437609481782513,0.05775876650235001,0.00826217893958514,-0.0001487673185888161,0.006232332464634283,-0.031183212391691972,0.006953520347937392,0.009300103658814507,0.00014968884193344856,-0.020205818189073077,-0.004753449118641728,0.0007699094223094782,-0.01358704999835103,-0.0189490469917456,0.020579379304400014,0.04646511195395209,-0.02804974450184916,-0.03139015021202263
2022-06-01,0.0006697310293550807,-0.026262045489866104,0.0022207093650707943,-0.007534091488076822,0.010183921572960886,-0.007002178058184705,-0.005132858859782874,-0.0034833501195251637,-0.007681604825561683,-0.021466914320655173,-0.003987279459459758,-0.049961380985283466,0.002367273380571966,-0.010206272309229436,-0.003373689768721544,0.00870768033126712,0.00791189327553865,0.012679002386157379,-0.012688166340381613,-0.011591301054008962,-0.009466780619302062,-0.024808268607245387,-0.0100659533446531,-0.0172161644999842,-0.019156012313986115,-0.021024454752742283,-0.011837947730399478,-0.026086328256029523,0.013690772495256853,-0.010427771623306659,-0.02725042048623494,-0.024856524060184904,0.009165874681618558,0.0509259746198607
2022-06-02,-0.03681392386006932,0.011578372769538436,-0.030715213739625047,-0.002049702529495434,0.06496777038521717,-0.021372405545557305,-0.016337816067515387,-0.0044686437984045035,0.02719789756950819,0.04187406589036269,0.015673699637076544,-0.03826112901627021,-0.012258277436287934,0.006229776412989496,0.00513061938727466,0.006679826595625604,0.016395069402584506,0.015116335421811122,-0.00035707936815443375,0.003276263107610866,0.003609320454488252,0.024188197064316963,-0.00866338745309514,0.007812999052892122,-0.014647457706524203,0.014460219308155775,0.007936550652826169,0.0269437162886752,0.001235131186133831,-0.013371693459685474,0.008723388672549737,-0.004426929510000233,-0.006564685622408528,0.03426333771628287
2022-06-03,0.002779771871020298,-0.008151343138262157,-0.01710543243692897,0.003042750703092789,-0.06100444745075917,-0.011439644974281515,-0.013306855026408382,0.01657923733278399,-0.00878057009943567,-0.03629661576579435,-0.011423538798469912,-0.038090401415680875,-0.01650915015363741,-0.013450017328974662,-0.015208127497644885,-0.0698900608800136,-0.04286839169141332,-0.031114332611177353,-0.01080264637032513,0.0015808748578247656,-0.026491717264373382,0.006456921958969852,-0.013066294089052355,-0.002529746522755838,-0.008052123846837511,-0.00047516885668130726,-0.004894407034506054,-0.018892965329724176,-0.008554066237355218,-0.01424042565987571,-0.014175453833823681,-0.009541291093693616,-0.016203355470909897,-0.0023663037992361913
2022-06-06,-0.03118503052550825,-0.019895249352738564,-0.01435562119142153,-0.0008341996104229699,-0.047512388774499814,-0.011271298203035629,-0.01575035722255269,0.0017804204453217842,0.01600455738284179,-0.028853951249357634,0.0018245595795369773,0.0499824035170946,0.001041994178039074,0.005193658158542336,0.01164893918472898,0.006791257285695851,-0.027909715171431815,-0.015072635246681121,-0.004602677852846515,-0.007891681494372693,0.015713638998475554,-0.0061264613148701574,0.006137976930701727,-0.009326733293330003,-0.004995191434053692,0.0012499822483058587,-0.001194482122085505,-0.013804368022932612,0.005641299357407981,-0.01432329827730816,-0.02446315356986073,-0.022342372051615822,-0.02272748124676116,-0.019449744042503436
2022-06-07,-0.06437768099810381,0.014918598607881473,0.005370199825823763,-0.11514227792931686,0.0021559693446089323,-0.004863898348087647,-0.0030004501407743245,0.012618743237138741,0.0011235966171629919,0.014924972829051919,-0.00903887966613437,-0.023131094060421686,0.00809525263757327,0.010764328086669162,-0.005704588651482934,-0.014062965107422443,-0.007118557555134575,-0.011988903018485764,-0.013600692811255644,-0.03757771660378373,-0.0033809221826175406,-0.013433355353664633,0.00045723908526107415,0.006936970013205368,-0.006118654932876555,-0.010093138268202018,-0.023650410995476046,-0.014197539309482199,-0.0013199184993022417,-0.041054229798158315,-0.011495180684848672,-0.0021554451645022787,-0.016006001975468642,-0.024189647188296748
2022-06-08,0.026758409161619312,-0.01951870661692834,-0.004046617108121042,0.001115051212357665,0.011930445465928141,-0.010844800087545514,0.0017555299622407095,-0.01635791637865336,-0.022603280509339685,-0.014951469501674142,-0.008100100830495838,-0.02367874540704684,-0.00045889562540890605,-0.007454717092848173,-0.004887319280977964,-0.0068140730999735055,-0.048388851068235095,-0.003627563743117568,0.008824444059230663,0.013320570059608183,-0.010074555650731676,-0.0011789626154685706,-0.0016993301688198459,0.005823037531547337,0.011996820520896234,-0.004280960568940895,0.012877055218203592,0.0102362123545916,-0.008838570327912687,-0.0380791635248755,0.007596259475360023,0.0034078276593965118,-0.011864925252619951,0.03767975319040717
2022-06-09,0.02308258208699998,0.012815068110063832,0.012758063996151314,-0.002827458509846892,0.008890559274995713,0.0029337781892500026,0.016172666542061842,0.008065145328477241,0.019290767044034318,0.005965924776262677,0.009470215372243462,0.011423509556252265,-0.016412230398057615,0.00021458009462937966,0.005391855150571612,0.004801071664499723,-0.007395286628808728,-0.01772014691133106,0.0025510390426972673,0.0294704114125095,0.009346272073485817,0.013691349801489672,0.0034045890383649358,0.008480168228971463,0.05178602375748498,-0.0009454661283917476,-0.00936301532158268,0.00048131284481200964,0.008250765598213139,0.015888770883106362,-0.0009773980427011386,0.02432213662290983,0.016461797170318038,0.013377940807126398
2022-06-10,0.004366856842567657,0.002495952218275699,-0.036347626617458495,0.015208756168809012,-0.004980796141642707,-0.007467083437714739,-0.011825572801182571,-0.015895063907537477,-0.007254851739960988,-0.03036992695041607,-0.012372496861924875,-0.02658555689974018,-0.001050261989107515,-0.012014647822852886,0.0028672534563982666,-0.00026303133243865684,0.03823214059158153,-0.028798312494806022,-0.006361817883238863,0.006627324233522414,-0.005298701817406326,-0.015311112755470258,0.00594489037594137,0.00040421394550205214,0.005487196480586709,-0.00614272142768546,-0.039170523193633566,-0.01744044743208517,-0.019507520043807514,-0.003776620249551277,-0.010248264110085281,-0.019502184763269592,-0.0002857948021466328,0.004714757054329999
2022-06-13,-0.021739130434782594,0.006915889507352002,-0.030391340549542067,-0.005078290308929367,-0.03273013037832628,-0.02792214610138255,-0.02124157346593747,-0.015216121065648847,-0.05598921559746284,0.023384146652730697,-0.04288273828986855,-0.0496251116847608,-0.049877186986487354,-0.04668832463818984,-0.04018635126244474,-0.03309556689829274,-0.013731574034914762,-0.02553195701744182,-0.035488721533083134,-0.01938389448745914,-0.012463740852226235,-0.019155709941027,-0.01527768443108335,-0.010345106589259578,-0.02345144919536235,-0.02026657944933208,-0.05456545330952656,-0.07079203626525676,-0.018715079533192513,-0.0063335609623332845,-0.021226382544961342,-0.025042218293245933,-0.012959695753261724,-0.04270298377699344
2022-06-14,0.03703703703703698,-6.872978861593992e-05,0.04164877629884067,0.011909825606124969,-0.00437894449876608,-0.005505606247008243,-0.012074009347094572,-0.07364124513209613,0.0561124188758888,-0.005531745950953293,0.013592328397853182,0.0016904611147727788,-0.0038112321387403503,0.004100138053037661,0.002261666666904194,-0.022006943961085934,-0.006181764357407471,0.010310582993404926,-0.01849222996037636,0.010276113336827652,0.010421653572906031,-0.005364676302491378,0.014823820534681564,-0.0047366941534005,-0.013894961278100637,-0.013625511817293101,0.0032659421478593575,-0.004351809707210497,-0.01649479188170866,0.028591970439323156,-0.01000199127312551,-0.0036323051325670708,-0.0015447726772759296,0.018137239942363603
2022-06-15,0.0028570992606027357,0.004430388980744437,0.01747728868250209,-0.01572085008144175,-0.003298729255887256,0.0002406160739605312,0.05167083114953441,0.0016562160565054551,-0.005395053400461536,-0.017274646772362012,-0.0013481911989589035,0.020251227813169237,0.02209061486836772,0.0013721171446525737,-0.025894306561537683,0.015367601658049956,0.01954152914910967,0.01785501260428024,-0.007922747949257847,0.0056714450684969275,0.004249940227254001,-0.003333276530592566,0.015727662648169716,0.0071389069559562035,-0.002910205655036635,-0.008682390274789786,0.02031343371321781,0.04174116374150438,0.012840549479802066,0.004320110080593409,0.012725811141327537,0.004001823676842209,0.013633671916521317,0.011073678794183861
2022-06-16,-0.04273504459283484,-0.02362715503140922,-0.005104462005391164,-0.01247018880026829,-0.01203490150819464,-0.03729841657056776,-0.0275080783143834,-0.02783242879223491,-0.04650744392496209,-0.026594988565174393,-0.031332132672677204,-0.046866370965112814,-0.05107464523848182,-0.041790274338126876,-0.02177028594827002,-0.03312695631353868,-0.005588131390050988,-0.03279189856174469,-0.04061164826441066,-0.011071405795221478,-0.028746887895548023,-0.009363851678993784,-0.004523759061726862,-0.017435288307644847,-0.011520704374848312,-0.005251362706911067,-0.036654859323551725,-0.028603450041941425,-0.01586896045109354,-0.016424121513821,-0.007482019937805173,0.005378305669749395,-0.024325060323702408,-0.014761933826264895
2022-06-17,-0.0022320521323817566,-0.033479221360248945,0.02638653291787607,0.027157953416480307,-0.0527865204433392,-0.0095816686128406,-0.034185472272935225,-0.05503150296075998,0.00614505264319698,8.767717620417059e-05,-0.0187033700340139,0.0077130294345155725,-0.010179429100008353,0.002383155218580235,-0.018389394648227975,0.0028800573295670873,0.002633314089013572,-0.022492000280433744,-0.04933507699685047,-0.0328395591405255,-0.027844210655188384,-0.026024974006371604,-0.023268537103597442,-0.008955346697281041,-0.02377628528514597,-0.031994719694521834,0.025672357245569266,0.024664677604412155,-0.03461567370007501,-0.016477254228764115,-0.0337294753869235,-0.0602970843805295,-0.040770451888972326,-0.025132900442925266
2022-06-20,-0.030574242482514946,-0.0063407872785388175,0.022534238866496414,-0.002189268810530831,0.005787187391867121,-0.03381840506418521,-0.03027930044374838,-0.032267633604814994,-0.007610245456177056,0.018933542389517832,-0.008670230773373588,-0.04994253500729395,-0.016068840649165916,-0.07322875715611254,-0.05351710990488623,-0.010222394925739064,-0.05036150104406811,-0.022706617548877817,-0.05381744309707326,0.001229895602886888,0.012134520066528154,0.01499862645429162,0.014819262528950272,0.015395006263814626,0.006367361264399518,0.0020645694608001364,0.009391893761017123,-0.0038453582244361018,0.004266591195995817,0.011812509250147762,-0.006201357483883507,0.0053604336207784264,0.012944748911959847,0.011403089174800485
2022-06-21,0.01615389310396642,0.015278529756073356,-0.009078879192348621,-0.00016873516613924444,0.09461912501664882,0.04457986204288078,0.02934051144010774,0.00872310627097761,0.03940160112550806,0.03753617426402345,0.03913139721080783,0.023363541022400236,0.038933901063918475,0.04951263927800431,0.03555214006557139,0.04092083442796435,0.01528239230808981,0.02926169770722309,0.039386078652591694,0.02814435065678844,0.013339070890160176,0.01508756972245684,0.018663917962209453,0.037986217741845074,0.028155700940376338,0.032692621477725226,0.014386380954861,0.0034373608439193237,0.02042852006260909,0.013006705736472446,0.029086123716240087,0.011626555728915244,0.042161332436269294,0.01225490196078427
2022-06-22,0.02346700001131996,-0.026002910695061665,-0.026311648853514114,0.0003375272850010269,-0.018787158484165567,-0.016754162243169612,0.025836832852543123,-0.03424036914464634,-0.033583023342112606,-0.04035155656688161,-0.030184244173387498,-0.02656961724720608,-0.011317984264416214,-0.01588854696926867,-0.03299247622330681,-0.027830387149629487,-0.00014049032793639338,-0.005344978673341383,-0.01867534914042268,-0.0018156020160430275,-0.02270311269729175,-0.00997001468029668,2.7923976313015686e-05,-0.02651429528317606,-0.03384609547297779,-0.03139412433552802,-0.019741793842683153,-0.026753235396991926,-0.02241132104100041,-0.0053023230179943814,-0.032616015464867365,-0.00943301010392772,-0.020082915644979327,-0.01113802930633323
2022-06-23,0.02884622221379529,0.055938622296613394,0.010133485072010506,-0.00860610157956021,-0.0065475948273189255,-0.0005084839676241515,0.03624960472159544,0.08513624592464852,0.010123598108713328,0.0349346381354525,0.01047437687688113,0.021431487927863424,0.03586872903606486,0.00819673905564211,-0.002077145504844613,0.007814134137451578,0.009858589832608011,0.006962624369716286,0.016043384627603574,0.007979621913902779,0.017940913635275724,0.019276028110663423,0.018529791474303003,0.02552401231076784,0.040286640650434524,0.013252230571067614,0.0015717827486092517,0.01025730214278342,0.01141721710846233,-0.00854662590786981,-0.004549328688253418,-0.013165673325588267,0.04000373586693029,0.0190989677451463
2022-06-24,0.013659193480339837,0.0032476986808809283,0.03192673215440878,0.02936170212765954,-0.017175965436085683,0.011874215617333483,0.009348093480934905,0.05659113933956417,0.024213783050270665,0.03386669018279531,0.016437159997825246,0.04691209244675609,0.005157114808079788,0.024390219587588025,0.01936529660732611,0.03990268475106462,0.0020859044368812807,0.013917729500642073,0.01633448784738256,0.003434201835831985,0.00037500389081723817,-0.00036388385830010694,0.004009455713959831,0.000954167446522991,0.0009183850956413497,0.013961011834141557,0.02562356166479507,0.0026054669385524587,0.006002472528503722,-0.004354634280464342,0.0006600359206230255,-0.008269253026681689,0.011084750412049482,0.01777989831678184
2022-06-27,-0.06595746845218309,0.024957321175166358,0.08224672293334945,-0.002811099143499418,-0.0014224998950396195,0.027661449856332565,0.014915962786375747,0.08293712259726349,0.009322515377318652,0.03232668476386236,0.0019666799658624168,0.031953156757589474,0.012704700589689422,0.001202467517544159,0.006992612798700781,0.030844651638099352,0.007077436214472099,0.028555003693925718,0.0002143509550214251,0.0025292847707554245,-0.001445930286357422,0.013400632643692845,-0.0020511292412299653,0.0009531588391071821,-0.0214099207354973,0.005825288067265788,0.009565409555278626,0.0010532486130307994,-0.006144768655655053,0.011558971488626169,0.01623874070420328,-0.0009964543797625902,0.016960280900723212,0.008498597855628676
2022-06-28,-0.08428245050365013,-0.02221013513589143,0.008198474656246013,-0.015587370150371926,0.021469308997934755,0.011500820234914944,-0.01354411122896737,-0.02837189799192552,0.010542698995966049,-0.0040675038348085835,-0.014103976425826947,-0.009710563873462252,0.0062726955277168095,0.0024021214215665943,0.00159777088726476,0.007851644531128077,-0.010086839481079024,-0.011390508558451251,0.003963519789489611,0.012509965512867982,0.013675151629197746,-0.008436776086827913,-0.016333381028910243,0.005476235920430783,-0.012502070397663823,-0.002275218589886885,-0.011513533154284383,-0.019896361950660357,0.014247412660629788,-0.01327972938045796,-0.00798969278159023,0.0209323040167384,-0.013083851162756899,0.02387636095035961
2022-06-29,-0.049751244410567,-0.008439818927058695,-0.002050560347811481,-0.007580223725993318,0.005578220390228594,-0.030481373017946067,0.015677587440242613,-0.06555883657770234,0.007030763514846994,-0.0042673636768574275,-0.00036862025888317884,-0.0007400724531354541,-0.00035968056135493587,-0.006470118535298552,-0.010061983695560883,-0.0037655782996852682,-0.0005011243581326541,-0.015236165596248408,-0.0042679291716292145,-0.002343039398705171,0.0026982129648516207,0.012189359611788575,-0.008329937818021715,-0.020206805345799217,-0.018199010624675993,0.0008480325167028457,-0.011378447071507147,-0.022411851499782975,-0.04364356681407544,-0.0059468947561808205,-0.02285309873235286,-0.009971393743806511,-0.04135922372498502,0.012345665230535818
2022-06-30,-0.06020943820027236,-0.014361294549019132,-0.0424431533633125,-0.0274972613692801,0.004061392358531535,-0.04150382646380546,0.016538036712026027,0.0022577901649722953,-0.013152653224537736,0.014671096981871301,-0.008483419006429127,-0.026661704711345546,-0.012351637992267794,-0.024602072116177598,-0.016609922651371845,-0.020789432125771112,-0.03267316118701569,0.001414382099232503,-0.0040720468128105924,0.0067478297695187095,-0.0321320906740169,-0.009657794225199079,0.013130116426362637,-0.015628654931114427,-0.004197602247546284,0.01749365334929509,-0.01680410549361866,-0.015667497533821906,0.016166277285829533,0.00841128125209667,0.005872751832550982,-0.011363443101008674,-0.002240059522318094,0.0027100547428025035
2022-07-01,0.04271129279350183,0.0050463812089371896,-0.027675021265652466,0.026354787091759757,-0.01154296710111058,0.005206601835006541,-0.047958157388839795,0.020316485619206626,0.01885076045935108,0.017646169806664336,0.008704842000423652,0.0015218153227907205,0.0021855570363997767,0.023738931558349385,0.0025210127217318856,0.005790158318290883,-0.007745917199834196,0.007027518114031572,0.000860736234706394,-0.001797991024528156,0.03499776422602241,-0.001625367421239532,0.0019694557266698443,0.02839829710819597,0.010213937494211622,-0.018062676844532333,0.03960763762879371,0.035748935135484494,0.02809094433847381,0.02212406160557312,0.06796064933902413,-0.005093830820823153,0.05700340713486285,-0.0022522522522522292
2022-07-04,-0.03294750202216312,-0.013047616032349718,-0.01864535768645359,-0.005696753091536388,0.009981035788324544,-0.006561021065752737,0.015404415874908706,-7.893704745576269e-05,0.013282851994756095,-0.0407659449661919,0.006047888125398693,-0.005887965134030226,-0.010298044921429828,0.021497477883787752,0.010058452516070737,-0.0011958294139612358,0.010795417262505103,-0.008433023507862014,0.009782819186502811,-0.007170610702681879,-0.01964608749164376,0.00018094952732261582,0.0005498813345055087,0.0,-0.0008023884739790654,-0.02201354744811601,0.0028319511030279187,0.005807008279527848,0.015651356009180883,0.014008424571718692,0.019181867417278564,0.031501291036518,0.012651087731631261,0.0
2022-07-05,0.021178665599207003,-0.008705972064214973,0.017836370686312497,0.001966757918416162,0.0031623194927066223,-0.007907485111072088,-0.008975621665396338,-0.016403776256231017,-0.00680847336758561,-0.0038224417419815415,-0.004765224635906451,0.004012210238067304,0.008691395412816716,0.006384515766242327,6.232602633371442e-05,-0.018586086229092635,-0.012603816831724401,0.004156280150474867,-0.013840070543962857,0.009128570723062168,0.0072530742664940195,0.007716329161832958,-0.00810539688084233,-0.0004774138219436619,0.0072275919782538445,-0.02636350481679517,0.005470337146089355,0.011977177493922131,-0.016454919395849754,0.02173348481510695,-0.0033877454818612707,0.04106710022260773,0.012402108557150626,-0.0027088311671134013
2022-07-06,-0.019837732618275372,0.013553074016526834,0.05257142857142849,-0.022702036950102755,0.03300167550557087,0.011299063075683069,-0.003937783075476098,-0.0033674722744242436,0.011751897372584086,0.014549097421983515,0.02298331301251655,-0.00019026301956925895,0.01055827182761715,0.0056391301880289735,0.012135928873467705,0.0408835055120198,0.013782428969298266,0.0012000573130819259,0.01273868133989775,-0.0009558782194455384,0.00874755794707549,0.002273411487856425,0.00962589159806182,0.003105069098259472,0.0237603680990508,0.02321758411054775,0.04515017339089922,0.04371483416456967,-0.013100756303309313,0.038077636243681434,-0.0034937507311141314,0.0420301862078345,0.01414161305778161,0.00588502982198813
2022-07-07,0.0018399685671743882,0.03644271591301074,0.0,-0.004803074069742896,0.13541865659557462,0.009267283868701348,-0.0022731644798550388,0.049879071437624045,0.0006378986705279921,0.0031517571854253745,0.013321830221369346,0.04910540486105974,0.03482643194947488,0.0025701233128292422,0.00799345269510332,0.010153383899004442,0.010210391863849644,0.017613670317460084,0.04605074766505046,-0.012198162006678448,-0.010945425953578614,0.014026406676607817,0.003182623764136361,0.004841488669450111,0.0012461034098991686,-0.0060934545448941835,-0.009464597145713793,-0.005083784038186767,-0.00511274804819295,0.037451801645533855,-0.00795941795501176,0.015545873199334093,0.01394441651510836,-0.0027002288612376635
2022-07-08,0.0064278874052710044,-0.0409068691389286,0.011581614187477385,-0.01009126030744878,-8.397076095045808e-05,0.010898511281048684,0.030064364126733523,-0.012643468917816536,0.008244273003159552,0.005917185483086396,0.017197412210587792,-0.014695166442124097,0.02483460231005874,0.025635056968284387,0.02049656862063154,-0.012979052938433377,0.006161039801152457,-0.004472276001191378,-0.007439161796411575,0.016084503044945464,0.00021380446412666565,0.009712293277174489,0.004075084939591189,0.003159619734816488,0.004355742461890744,-0.018586932252507626,0.002132846953557088,0.0029873690452617563,-0.016678576285105606,-0.0017209494233889622,-0.010841005636921808,0.023565613978541622,0.009831419934038799,0.010830297068508576
2022-07-11,0.02372261414524579,0.011765989412238387,0.01552769314624336,-0.010105508962662046,-0.007307812828118432,0.006621403621050792,0.0,0.011486060862554215,0.03497524372565697,0.14906303886322236,0.018862620889769532,0.04989871139656055,-0.010191371050674802,0.003181048456653679,0.007950292413694049,0.022786336864633716,0.03524368164191083,0.007561622895985165,0.009753618391144636,0.02851792938322628,0.012934931374881886,-0.0005247686541326457,0.01710556473119751,0.011889714402616436,0.018897211052355978,-0.009935594400242942,-0.001992062986169496,-0.005411142410124081,0.002383797902203666,-0.007953291755545489,-0.008352692110620286,0.011454485892806732,0.01173510444634851,0.016964299338204425
2022-07-12,0.05169343323987219,-0.006452804071439777,-0.017615558666949527,0.0034029273701832174,0.04290061692089897,-0.004469748900980064,-0.013703899922650309,-0.017225360017859903,-0.0032023440573144546,0.03959494347387427,0.003702579141227069,0.026832668660362158,-0.014872447746510531,0.003397554403806069,-0.009548091987181095,0.03505509649978644,-0.01278360706509718,0.05719675080964026,0.0016268410909523467,-0.0038435745069983485,-0.012453112030987312,-0.006590889383950804,-0.012492973612735714,-0.014395649320046222,-0.013529782618928454,-0.003966048328422178,0.0020556793004937735,-0.006148308508458045,-0.012622263880900375,-0.027961243092339272,-0.011392905942254838,-0.02720197465569485,-0.006443894559250096,-0.00790168142073655
2022-07-13,-0.011016975014896735,0.024694049918277727,0.015277614097046532,-0.000981682807619344,-0.026774847870182583,0.004320309832314351,0.000780078829143882,-0.004840550681749267,-0.005136137788560813,-0.08279769038021567,-0.007036513071265071,-0.020836847513289736,-0.008012996857216792,-0.003386050114328687,0.00335310767972663,-0.01332496472335265,0.0027610480727604525,-0.002108594912145989,0.040808049064638086,0.00399228388524997,0.018808376306529206,0.010039952366621474,0.024773267843544167,0.021632622889454334,0.014331869707653766,-0.016349617731896915,0.0009109167334306889,-0.00796897573702049,-0.00046323592783881207,0.001056507731985068,-0.012903239639403985,0.001276349896128126,0.006053336797805731,-0.0030973316293901876
2022-07-14,-0.04627244248240503,-0.013721081181177208,0.014977005419904543,-0.026442714793964095,-0.002501042100875317,-0.011977106799420545,0.009012080845653303,0.024633415228500155,0.01299439537330449,-0.008433305618244402,0.0037410940242843527,-0.010291298338460875,0.0022242290247411756,0.0027180576234138165,0.003938661977131774,-0.03179957238462028,-0.02348628677812825,-0.01576027796149526,0.01755592284062346,0.016394136524180203,-0.0023075944242003654,0.02296116645757218,-0.011908530177076493,0.00038885111068243106,0.008508035553959514,-0.005744863520936061,-0.008173182354925812,-0.0037340399528250634,-0.004355841904638114,0.01521978772498045,-0.009130442532298222,0.010686649144780125,-0.03790622276119815,0.005770097799151719
2022-07-15,-0.03144654001826397,-0.0049079843450350324,-0.012528712056625313,-0.03808038001523806,0.01145002187369415,0.00947591619783883,-0.01689760014238495,0.0006520007414985152,0.009294604344813662,-0.00687594521142787,0.00890316804360558,0.010750736299075525,0.028384637453937378,0.016489766026260178,0.015871111759375278,0.011840087242260822,-0.012490857495359386,-0.016799088436672993,0.001821042498360681,-0.006425683189437259,0.01566517807036738,-0.0017047613083384094,-0.0016203441705807675,-0.003731076639189923,0.001506474921017853,0.014270527769538743,0.014466032101312143,0.009721743442737019,0.0051196862736822,0.002918299480415776,0.025125977731361493,0.0004968218207974662,0.010095549220068945,0.00661959381993471
2022-07-18,-0.005565919170035127,-0.00553546100903568,0.03059140474221711,0.0015262572845684552,-0.020327199288114772,0.021564373173330376,0.05018904322606588,0.02613315870403432,0.0076291814691971105,0.0099390146078,0.012108406468687605,0.01081085899002776,0.024307106731894734,0.012444399314772925,0.005032106600952657,0.018286887017340048,0.0019702156736307597,0.011218539991685539,-0.0330080555373633,-0.01757596963906005,0.0013457147703106465,0.0050091104097251815,0.002870344775556255,0.007100040417265419,0.00015046718440347995,-0.0015205160649492955,0.024445465514522313,0.0346066795661486,0.005278600407415679,0.013871845130566385,0.03816495839356815,0.0048257998717124995,-0.009463878693028116,0.0074528579691079955
2022-07-19,0.00652989363399592,-0.003924948580396936,0.008686186618051206,0.004667134298617759,0.07211538610039603,0.006208701004900119,-0.007622187901858757,0.006684440384844503,0.011429301171830275,0.007524184879971418,0.012504216383104394,0.012075158418181964,-0.004102862316269329,0.0008779795007398672,-0.0012807860215041655,0.00030169757350062554,0.008548878464748944,0.019006633453501953,0.008410015162470197,-0.004075081041514217,-0.00692611069334137,-0.008495877398720708,0.003958894703632421,-0.0024791620992671293,-0.010227081462806153,-0.005258788354620125,0.0010148663290530102,0.01590194745630935,-0.012620896094407419,-0.0009829050277783136,-0.018783208347408653,-0.0036621557807451355,-0.0020538529816847007,0.002610926182587736
2022-07-20,-0.010194610366685342,0.007164372119955464,-0.0010170870289785139,-0.005877960708359553,0.06222954693195937,0.0006581957102804736,-0.004994747789797915,0.011833258360191001,-8.168133090902252e-05,-0.011711688559447597,-0.00727636880634186,-0.011760672375036973,0.009798521151813011,-0.001754418657862189,0.00571296030435442,0.03172296848625056,-0.006894255060356458,0.009415072568319527,0.009419263031855252,0.002439373528502875,0.021704029720318152,-0.008911103040629809,-0.003090728715427593,0.02127988585293905,-0.009117230650192987,0.009695485254473724,0.0013931323703615384,-0.001932496347278323,-0.01996636094733406,-0.04222730662270935,-0.011234815945247889,-0.0040317700148516655,0.033196157312756824,0.01822922013148265
2022-07-21,0.0018726305480090133,0.002987609642017608,0.011335064561464048,0.0054358891616437255,0.03569847058604414,-0.000493451255954902,-0.015864746377490246,0.0014298391433273938,0.01811428979512364,0.01221031069215961,0.014390451721996378,0.014142802712974856,0.003087384004715865,0.01098421687665585,0.01634594344866591,0.003737023257474048,0.06188124340696999,0.002516143373141544,-0.004374063960442709,-0.0196579906254456,-0.01324505862540093,0.0024784282192258367,0.014124837087972075,-0.01140676278269459,0.015795140080342662,-0.058079243082639675,0.03169033162850643,0.023806898713355062,0.007425648779342042,0.0069441444264628505,0.019506523696880995,0.030622316203656075,0.011604700179109972,0.030264239812482163
2022-07-22,0.0028037668388580794,0.031099295108876435,-0.002617466049706363,-0.013373894530235964,-0.04376435367113973,0.0031259415097200094,0.004378929352771843,-0.007358329865266744,0.0015628604863158202,0.00507166781461077,0.0,-0.009183689158740571,0.00010989750299073009,0.003259428602348402,-0.0067868172519900405,-0.023224969636472803,-0.026927079193013737,0.0613380098088705,-0.005955321004300851,0.0005490985566736217,0.00371713758152592,0.005576995002547935,0.0005929298662261662,-0.016230776716119832,-0.011020556359251032,-0.021161561629337466,-0.0013803082549970203,0.002972539847081679,0.011151163961983235,-0.008365380953803236,-0.006648895853319625,-0.017829975980098722,-0.0051364543552594455,-0.017790662416427794
2022-07-25,-0.11276799402959015,-0.013722173268012283,0.020119793355271032,-0.03922315773217244,-0.01084355409024107,-0.01713827791634892,-0.013894212666935801,-0.01644866130940048,0.020484925052217884,0.008087975137020864,-0.005701076631612012,0.0013731862917873983,-0.011760882208559087,0.007147513751441847,0.025208134604330912,-0.02401041468457843,0.022638011060046814,0.03370883161383231,-0.023669219990251178,-0.009820544236835538,-0.012652959536940456,-0.0070327389904196735,-0.005912911556865352,-0.01094691905854206,-0.01465422303074948,-0.02310991845882926,-0.004993349892327581,-0.010561194242761474,-0.015420666281777629,-0.021274950618634714,0.013194114568457982,0.019339493458393697,-0.013251935613038945,-0.005897194323833177
2022-07-26,-0.12499993989447389,0.014087462070645929,-0.07796830552234502,-0.055733450916901406,-0.0588946134569166,-0.005423073450377736,0.0022835250623725045,-0.022010558126689617,0.003567736284650458,-0.015882388548599136,-0.0011334408288571352,0.020569090843346904,-0.01868528777708023,-0.027311851810250642,-0.023580155266266334,-0.02074904629668206,-0.01651481982093117,-0.042984114638559,-0.02605370692044051,-0.027375250491889047,-0.004271702862452598,-0.0008059967728182293,-0.02313021262409265,-0.007431386256651851,-0.013942652835621128,-0.009135003734867753,0.006014087417478109,0.05495048080374798,-0.007973447575044257,-0.02707695366556695,-0.024095919956188427,-0.02664574576634282,-0.036539625105841744,-0.019915241306110998
2022-07-27,0.05522206849455835,-0.01265387073315849,0.021319162767804878,-0.029246621027953057,0.03791769707617676,0.008221035243115127,0.008143899182426528,-0.06931967889929536,-0.0042973522487891325,-0.0021153477900087703,0.01541856218966875,0.049546535397686275,0.006573692988551372,-0.03603806400895959,0.007973376572456559,0.0038796504040783386,0.009096871977297694,0.012652236740235301,0.06135094642759564,0.017580761964840264,0.019200513914551687,0.03036933762159566,0.026973171428950282,0.020390244672672697,0.015868045175790213,0.00011334969554055441,0.021055262420509147,-0.00044691042173794493,-0.0024876903661484873,0.02709602043335324,-0.0056491379656543605,0.0174321153825856,0.011314376597941544,0.005188054182488022
2022-07-28,0.039817974280347945,-0.024204241473470334,0.0026618442792878394,0.003165620010204373,-0.028637770897832815,0.002579119796674023,0.002596598841737796,0.017920216852754578,0.0006670392263956604,0.021317645312929123,0.005061425638284822,0.030404827334743922,-0.004053583505926106,0.000688068416760057,0.012975199582900387,-0.032903064674233096,0.036359198101132195,0.010013392480162198,0.022284981961742556,-0.006066304688452262,-0.006775792933206848,0.0009508565219356058,0.016691085891703095,0.00163920838682019,-0.051190884876844533,0.032456064773193294,0.10634970193710358,0.1003226801768815,0.01985611820336053,0.004943411490508032,0.042119796727147385,0.03670374668711185,0.01217214185828186,-0.006021479124663998
2022-07-29,0.024069988090966055,-0.0027481177432393533,-0.012435411851701939,0.0190424374319913,0.01195219123505975,0.057427375175487905,0.018080643329426493,0.13367608913582307,0.00737136277468986,0.014342685557184875,-0.001046412587643486,-0.024848555509977444,0.016619553870859338,0.017190025287926014,0.022359617697590872,0.03392469083387106,0.00883000876485096,0.012549013646597551,-0.004854961104307276,-0.03983513190675292,0.010284779772710584,0.05403129498151604,-0.004675745342599624,0.0038965129419652467,0.0014670399636695919,-0.008204433515831222,0.018723629523512253,0.027697657530787234,0.04495864029019536,0.025815951581847685,0.0016448531406054734,0.023156925958722097,-0.026881397478120128,0.03807869995912938
2022-08-01,-0.01068376085792866,0.013492216084630915,0.05312675218094043,0.07677525297817667,-0.0053543691560039575,0.007534289411491368,0.035095156532112926,0.0650077521193475,0.035400137424711264,0.045523521507715214,0.04916852118174497,0.025163271349212035,0.06583630028486187,0.038080244254455664,0.037531551606014624,0.013054467264561609,0.028550602681104875,0.041781807162728724,0.005930686429643783,0.004914046993509613,0.027777740166433418,-0.025975230033474128,-0.009512909840288186,-0.004580048708042295,0.006510403620978655,-0.0001769812288664463,0.0071993605994518095,0.0016946815390626035,-0.017011809461611405,0.008935093296796204,0.04485520908795637,0.015033472723915198,0.017083255335629044,0.0008337316053352861
2022-08-02,0.19978402057069355,0.01599630155276599,0.015248252829133557,0.10948038649464653,-0.018682691971325438,0.009424928948818412,0.00987573416905363,-0.00046926512017586575,0.008834167444165208,0.009873752761574428,0.0013103800643921026,0.020817093066875403,-0.006156099083398869,0.009984755618641872,-0.0011651953163035467,0.007350198732598789,-0.010232022652546857,0.06371533681423447,-0.007227031459794864,-0.00609428593091621,-0.0003484245364147043,-0.0015784793714411771,0.007825746680822254,-0.0038992478041306455,0.00614487780521622,0.004291810982753441,0.011141710078910627,0.01002117769462374,-0.013826560703956714,0.009018363969118148,-0.0004939273955478773,-0.011270601322796558,0.011167804167834028,-0.0041649311727582905
2022-08-03,-0.0018001525741584423,0.0010079328733760828,0.06464202037428923,-0.007061158445905713,-0.01669889607902786,-0.00895109111245862,-0.019152771518702094,-0.009423605616006081,0.01034036723298426,-0.03987100519615572,0.0061074907867093575,0.03363261475063517,-0.017742823805246055,-0.0006446737717917816,-0.005302526960698994,-0.005416094364949053,0.0053735925820408426,-0.025206623935066785,0.0004790559231335756,0.00266809025781245,0.0076179951138297675,-0.022076804820911566,-0.0010588698337171687,-0.0173021309279191,-0.008678864215739712,-0.0014980123203780504,-0.006204058201035867,0.0012971513428901016,-0.005849543703782656,-0.009944492082334055,-0.005166651996849736,-0.0013970545833789094,0.012899695182970516,0.028021734743668203
2022-08-04,0.04328219437619385,0.00302075390296741,0.005593188823909356,-0.010081981272882734,0.020018068689260815,-0.004905584815118602,0.015207947464392468,-0.02105748760164705,0.004499543355362956,-0.006191665553715087,6.191715009040699e-05,0.022526484401414804,0.0023514795101580166,-0.020860285980147664,0.01370001264595655,0.021702557934772493,0.024408195921604703,-0.009540374454232614,0.04135951312020136,0.012608884181547708,0.03226761365932984,0.02396869821403458,0.017613858962123308,0.05154565702614278,0.01815819981285305,0.022149207189954723,0.0027821050247620605,-0.0038440619089278316,-0.0008405167031259042,-0.022243960890361403,-0.0052838114315652,-0.00330338807944619,-0.006803828360289699,-0.018307566900446437
2022-08-05,-0.05617977676272323,-0.022950743818415775,-0.030591434859935207,0.03891975150359506,0.019383877293862373,0.005242525830533751,-0.0050235776455767045,0.019677677211719535,-0.009252567010849755,-0.038681851200968675,0.003716335306237717,-0.04377240345162836,-0.007784187302832923,0.019547660527242883,-0.0024189667899744416,-0.0024760517210908883,0.006285886471074642,-0.017134789998574318,0.002298364939394837,0.0021455946404644877,-0.009861197381119124,-0.0027762058871901862,0.006185531786509824,0.012349311014031583,-0.002229294992687647,-0.02270520831027323,-0.0016332029075230015,-0.006549131855146162,0.008132328887045848,-0.001954632279528523,0.03913554254269758,-0.001615932037093759,0.01115393001710796,0.036883521690529664
2022-08-08,0.01556780792258139,0.0035075807611906207,0.06457991228151405,-0.024157527865153128,0.013571051633699316,0.025142252333008708,0.00645892707385709,0.014007220537574527,0.03465022212900459,0.028012535071597844,-0.010613947137357527,-0.010390037695479526,0.006448190578934865,-0.016587734927757114,0.008961570654699269,-0.007603244618586635,-0.007555066041728398,-0.0009926185989683756,0.011007057581461144,0.01599769968793896,0.00034014158835393715,-0.006059402950124082,0.006492458493120967,-0.00217025278414551,0.0012768272988172846,0.028444542774191284,0.0051336713807133005,0.029484552626758642,-0.004636197440584966,0.01187643423062612,-0.01878717977809452,0.004205754548407992,-0.014071074954754126,-0.011590703164893634
2022-08-10,0.009017132427781238,-0.018464922768786862,-0.00982096183860881,0.005471320703525295,-0.06616845836481466,0.02224749446430052,-0.00442900033641469,-0.0046158453244142805,0.012643655313238078,-0.0001154627774052619,-0.013846494552515298,0.03393176637429174,0.01558998529747413,0.0010952595573550106,0.1224138201881313,0.012571766557806452,0.004204278813144002,0.02566543188097392,0.014062870673333006,0.004723763033806394,0.008547430784895171,0.010215465851447947,0.0028444953810449203,0.0047999949447326,-0.0007970852816495677,-0.008932944643820329,-0.026259210777574205,0.007246925062044385,0.007731801367950819,0.013631355521773747,0.0038739203807416356,0.00015303129489985245,0.0018499483455980403,0.011726622970875678
2022-08-11,0.03485256007773119,0.02021510430082807,-0.0011490924790217294,0.04058876003568246,-0.060936959881340624,-0.00453094695306866,0.07635398918196201,-0.012197619527981263,0.0024229643057234185,-2.3117776047354432e-05,0.002782909598304517,0.007799947498086102,0.002313092073699119,0.0039387023274020105,0.0013498862126932742,0.009352354447377031,0.0020315170877485134,0.007749865929747468,0.011899323248267146,0.0035349152954260443,4.813757416699538e-05,0.0014679027130046762,0.007464021458966519,0.03045463365044787,0.007337777555206593,0.017528716194530114,0.023715390690096427,0.005993035716379325,0.00120176165728747,0.00836978865024296,0.04000882388054694,0.00568139394313949,0.03438305035824496,-0.00839324888225712
2022-08-12,0.06649392698893641,-0.013715059670832419,-0.04662145866930201,-0.01731671767841836,-0.01420328450954278,-0.00544704676916008,-0.014212894405348564,0.0005782609881164191,0.0107619953716096,0.00512730295023478,-0.005550373010284604,0.008031474816036166,0.0018881386839786352,0.013077635067617166,0.04025674027315729,-0.012268313431425093,0.01555123564927463,-0.037774211123924206,0.0011496252158547104,0.0005871138383024554,-0.010833935778990944,-0.008251549809526915,-0.05619232687998821,-0.010720783327737404,-0.014568556093351837,0.007154682733010231,-0.001304864345936796,0.0018111150719271052,0.0062782949642685715,-0.002498118312288078,0.01283750397024952,0.014468366432348168,-0.02380350656164476,-0.007255151178862884
2022-08-16,0.04048582995951411,0.0005362121923604413,-0.004318510646033835,0.006891653151219979,0.004232283810783333,0.002551017521412735,0.0394883428956998,0.007309608512868548,0.0388543297826327,0.019393359913545405,0.04541134839690497,0.04983344201416906,0.025756473369836996,0.015490488149304094,0.003217256290131809,0.017574250351264364,0.02035247855477973,0.0011116058711651,0.019694380047594384,0.008683893912396101,0.007204364699333388,0.0012589428772615818,0.0015565062642768357,0.0010251709404500708,0.019926141151652477,-0.011311261172775922,-0.00318764566194929,0.009533394023841124,0.047068402085768124,0.04697667571673336,-0.12405259884714237,0.01508056803521729,0.01759103883580515,-0.004466122979643106
2022-08-17,0.015564202334630295,0.0010718496458721471,0.0010205227300084108,-0.009183829522064313,0.008698057448796037,0.005238232835263812,-0.007449419220219022,0.03918450281064523,0.01102199774325241,0.003989765508548793,0.0007280256232515825,0.04995163593502672,-0.00908444009231646,0.005508544769760926,-0.013719409941430616,0.02731017716866546,0.010498253842400329,0.025383385449568863,0.02364460201055607,0.004211404783197814,-0.008506181544133962,0.006778989901552235,0.004394382516904161,0.006436917950322307,0.0004726148178566536,0.013643239103903637,0.033076636786082636,0.05809035676784591,0.03286009168962356,0.04591032001838391,0.026583956837410883,-0.0007837612130484617,0.03697050614214459,0.02854812433573395
2022-08-18,0.028352467036338647,-0.009600636774928395,0.0019115585276736624,-0.020286771307412965,-0.0041782141880880586,0.06565705430209667,0.002280643463792087,-0.003929777947038748,0.04819433945292051,0.031117418696805066,0.010063594246706664,0.04994090201927803,-0.0012360896709996405,0.002739085092848814,0.010071340725297251,0.015476184809292581,-0.006304391159778877,-0.005236262362000588,-0.0006770580325766717,-0.02103840268115631,0.0062880438391219595,-0.004398310542621076,-0.001280447797712747,0.0012355833599582144,-0.007874000481794763,0.012214949497326266,-0.0051613376048722515,-0.002042779068234246,-0.004411549924261293,-0.021209874097641856,-0.006789958711241995,0.01416350342762085,0.023603231162291127,0.012291856229291742
2022-08-19,-0.08420265036758101,0.008468446473817615,-0.017934414146741018,-0.010085727045601067,0.017318358560690417,0.029405494368865526,0.01956882329091969,-0.031888872295996684,-0.007435780259239522,0.0500794718180706,0.04651582404905308,0.03129302815245638,-0.028465312114265173,-0.022273578765547475,0.005276269581361959,-0.019222539266107952,-0.029939408590987426,-0.01244252606229701,-0.014647122689323777,-0.004994015302227095,-0.0020344319897964702,-0.013570608655477101,-0.012661621677365065,0.00021783323921176212,-0.021746038104934695,0.00525229040520947,-0.024912372594064203,-0.03084038735027117,-0.017213414118061654,-0.02822674545654147,-0.01551148133967617,-0.017698066971350568,-0.037974723662938414,0.011750821407560785
2022-08-22,0.008950353624604945,-0.01818832428950856,0.005504468507170568,-0.05427820079075496,-0.018427518822297873,-0.030810106486696465,0.055145330250633506,-0.03549912120465304,-0.02511017096884849,0.04495402905165502,-0.03618946861241412,0.04988470252213584,-0.03481949913058435,-0.036535616670566706,-0.032602579351699745,0.011165575873561817,-0.029785675981842563,-0.028812652191312793,-0.017872729253560093,-0.004055641727800263,-0.007329363652015863,-0.023076457034518327,-0.031261855109788295,-0.008781389547126928,-0.00859974112580808,-0.017291591671915185,-0.027322410401846575,-0.025534658946953614,-0.017341596324393582,-0.02222139115974009,-0.014031920899953199,-0.029952076677316253,-0.05346960122389899,0.032907473487040484
2022-08-23,0.03951607981035776,-0.006660331681079046,-0.00019316465978258535,-0.022881113014948107,-0.0030395355697031556,0.0034385891355510623,-0.03430371476248473,-0.022069278504559753,-0.006865358695464119,-0.04240503925240602,-0.009223432053081293,-0.04994219300374825,0.012868495772667465,0.032567567492505445,0.012643826958369297,0.0037179485781042576,0.003408298544554711,0.003132027887283506,0.027209074892748486,0.009123648210019208,0.017700823648135522,0.008914909391837922,-0.013503141738943847,0.018377516621291834,0.004746459549408666,-0.006877824593832571,0.01485465675175135,0.027230746866258926,-0.001411810758206733,-0.008884301810548112,0.006217275634895936,0.001458612083161892,0.029307500724940594,0.019865137005401934
2022-08-24,-0.034910726017716276,-0.008133980632938576,-0.010177820522831116,0.00048785246179083863,0.00573890306158753,0.013077836580544178,0.024331906789638813,0.01196222032288552,0.03431611586364802,-0.022400350978090344,0.004564557415728032,-0.04989046554996024,0.005972335114411642,-0.007993051426677833,-0.005539236198561448,0.010223510620988252,0.0014845487377797006,0.018016933894483333,-0.015756678577791505,-0.0016805442115914726,-0.0031710827434496824,-0.008329673979903363,-0.010092601486570207,-0.025666975148546545,-0.0004888283421369266,0.019268301893298867,-0.00427324334973711,0.0018370797631295233,0.001413806785836913,-0.0045621081803208785,-0.003958366930106538,0.011111195226005677,-0.0036127962455407836,-0.021683181786625316
2022-08-25,-0.0016077538198029373,0.008052961318960161,0.0005206617472579556,-0.013555709072666788,-0.00953989961196744,-0.01007853385010482,0.03277352088810925,0.039767180493552656,-0.021788749875408797,0.0040061685909014155,-0.024273581361282437,0.007940511048257992,-0.008635526108929925,-0.0013066784575243018,0.004246088634468181,-0.004033341283914749,-0.01612943013892143,-0.008342623177757913,-0.00735543521579507,0.004706004621562787,-0.011182371409983571,-0.004199641799663922,0.011210803643793898,-0.018742513924409177,-0.0009778338597370428,0.00035440104873663003,-0.018078847591136538,-0.00536010160268563,0.007764959170137198,0.013306697583952642,0.01919165335192874,0.008596154963117941,0.010100944754323882,-0.013523688724385918
2022-08-26,-0.004025764994248449,0.001319159149439031,-0.008651000791543462,0.012654521827113241,0.005671011449599472,0.002301326695512085,0.004027837821146241,0.06223889203441435,0.0238720727277133,0.010323840167116183,0.026593189657602823,-0.04574331148308264,0.012739518846405895,0.02529443992410174,0.009819853320220062,-0.0002454839445039658,0.001353376467339018,0.0021706797330343086,-0.010984269417434467,-0.003445161368055394,-0.004825749296793913,0.00324855887819564,0.014607502942774575,-0.018348698220083226,0.0008157093387521908,-0.005021271572031916,0.0021214444257200427,0.002443648718478686,-0.0072672837790479505,-0.00019844655204337425,-0.0038516501548685467,0.015755808198963495,0.010256436101067523,-0.007996976598270922
2022-08-29,-0.04284555823053793,-0.014528824553998287,-0.04678165993041328,-0.031240905505927397,0.006892296436381562,-0.03736195734459702,-0.007423533739727928,-0.04172381526052671,0.0009714233341413525,-0.022944270125901167,-0.0015518988201941308,0.04993342311840698,-0.02515853012414726,-0.010421175753930423,0.019629056601912165,-0.02256089838814712,-0.008874361714275136,-0.026188854679262796,0.016130549014206075,-0.0031136055013541997,-0.003428668393492984,-0.001022490069258919,-0.0014076993150934358,0.01417186921025615,-0.010594876126380326,-0.019286019408426003,-0.013841557796865911,-0.012255953966071154,-0.01049565698826116,-0.0012698329398401764,-0.009212821337829413,0.0049663585156976,0.0206430087069831,-0.02341653014785272
2022-08-30,-0.02111486459274725,0.03271691178420544,-0.011770441273073695,0.013907072420369593,0.011467707470965482,0.02739232214066245,-0.010765279538904937,0.013035516488222543,0.01646728574122469,0.042068502858341184,0.006874702890477202,0.04996832615918656,0.039152975340365215,0.018482744189674438,-0.0025166823445997855,0.03069192727765757,0.018396595771907887,0.007399273079663038,0.00459745298258829,0.008289489496151825,0.020790311856835553,0.015695109730544887,0.012393718234899875,0.010801310412501097,0.0210872718920041,0.011252584382954067,0.0490928063972802,0.05444043901932183,0.025403248394420652,0.023719720273596145,0.016669785183829333,0.022520404230408353,0.02171734631275335,0.03891507128145877
2022-09-01,0.07765314824426839,-0.016829123468090845,0.020199206649222923,-0.014909055127711568,0.0017577780929609599,-0.005205741251941731,0.0023674808292410976,-0.03504893480394766,0.012177817861044327,-0.017691426968009294,-0.005165370494999655,-0.013165889059444713,-0.00891540465173457,0.0010550453473110455,0.008454621742582935,-0.007773541955964691,0.013263938635281303,0.006378106210686685,-0.008548438560341043,-0.010117701988606953,-0.014877910820104479,-0.02373888242610589,-0.00762370935475698,-0.01255402593874655,-0.02678287928963019,0.056290994221003476,-0.0171017370493296,0.026190697765278825,0.0006954125268090472,-0.013040483690889282,-0.009809501768160533,0.007613624914535766,0.003569779171800125,-0.008323805490208391
2022-09-02,-0.04323459935875218,-0.002413903559449593,-0.007032106985169095,-0.02472000868077473,-0.009738635884129376,0.007920290865334412,-0.01344712487712052,-0.019917549294406478,0.03790302354185937,-0.004178680202217122,0.016889513176391535,-0.01774782132685726,-0.011030166443927403,-0.0084317296482036,-0.01694319059045435,0.00920969502004465,-0.011220370798912138,-0.016675788363368582,-0.00879637690974966,-0.0028914015110061975,-0.007233652524624157,-0.0026379703391773424,-0.00029179326937567307,-0.010594834996841995,-0.019893860630515126,0.025886082129003674,0.0012602230752791765,-0.00443231828622459,-0.0013029388485796822,-0.009830987971444882,-0.014118180711217843,0.002398174884644222,-0.01956330098007175,-0.004196894612360946
2022-09-05,-0.001673614629641773,0.0015398313630559102,-0.025440043577355076,0.024932792499280376,0.002303621660965316,-0.0024556305016972813,-0.012124544710926055,0.005115380472594966,-0.002756414440709287,-0.01229492997668924,-0.001232471418534331,-0.028411199742017113,-0.005955588418635083,0.00531460957500518,-0.0005803587529557008,0.023215666451766204,0.01795440118111702,0.0021434961293609334,-0.01089546131178154,0.005799571913004842,0.009895666025563354,0.017307752762907525,-0.0015007335675274458,-0.0008412612037853595,-0.009472241071304954,-0.036358623184018946,0.0008135754520546268,0.0027034897073570097,-0.0020874005041487953,0.002263652217232126,0.0005824912250254055,0.00014210598076269676,-0.012368255125838501,0.020306466639727017
2022-09-06,0.0008382101555999277,-0.00809016910561522,0.0010582756978716468,-0.011002346098472282,0.010784010116955622,-0.003657406892867754,-0.01512662314301294,0.004673691981916361,0.02666923910626373,0.008964165637658894,-0.0006464740745750763,0.045915118314812764,-0.0027233414443821324,0.046098582158270895,0.0007594239261226043,-0.004161997516919369,-0.0077784595376853005,0.005180083585892836,-0.003819776412204101,0.0059205385386513765,0.014819855538097615,0.0035608899681731643,-0.0020178328679938407,-0.0009187019005822972,-0.0013662226084034668,-0.0072994883320745,-0.010679165687273673,-0.023431598476937987,-0.0002615379872916712,-0.033997592386390885,0.0,-0.004445727815256095,0.020788221030235254,0.0007510785437465639
2022-09-07,-0.0033500964888364404,-0.00014765479916278856,-0.0038057821700950845,0.0,0.003060778312199419,-0.0026118296352628523,-0.00019843632562976943,0.008718715013848799,0.011045443429049895,-0.011768896509824156,0.028870603095967562,-0.0035561116453090014,-0.025996688941508528,-0.001617109027351793,0.0045982458573072815,0.04193720880506557,0.008039246096325892,-0.005602086527875305,-0.0023183834865192487,0.0023824648122088288,0.010232050890017996,0.006758786613721979,0.0015199033944184315,0.0210711570215687,0.03351577363339775,0.013687776942876262,0.006622789272979324,0.005106455341213456,0.006015658137259239,0.024939399422150954,0.00514270616686785,-0.028702527959836077,0.001472064975011067,-0.008255205279666944
2022-09-08,0.031092411329766367,-0.0019193903369081333,0.00035373187124165817,0.0178607881384234,-0.008195313351405886,0.011819604921983196,0.04811049282352342,-0.001503319651499857,-0.0031521595238056532,-0.0054964539560414805,0.01160118099105345,-0.010829496181124831,-0.008186621638203717,-0.008301320260386769,-0.00733237281948107,0.006876347462835941,0.007752049294017294,0.05338087716463691,0.003128309987220801,0.005259679502819692,0.004327108658797929,0.0006152959147263104,-0.006279655931962225,0.0006753814803592828,-0.006618120879397282,-0.019068993386141986,0.0127188960339355,0.019187270072925644,0.012825894937231519,-0.016528518018935512,0.004295686945880561,-0.004574927341919999,-0.007921535446819616,0.0018917897203676315
2022-09-09,0.02363489484928194,-0.003143468623042156,0.029561562113242568,0.02947955854684059,-0.000527404710630841,-0.0041969656084275275,-0.008407798815690426,0.004550382786161711,-0.0033499950579630733,-0.007776245626561318,0.024631380558192584,-0.01219203484729392,0.00836723695284114,-0.010412401565733531,-0.0034471630999783898,0.03352079554952825,0.0050628766940146175,-0.0027638197667539943,-0.010157802556188034,-0.003874429617298336,0.0021306564272267625,-0.004808176077648163,0.009696257227701066,0.0026996096785303347,0.006495605636407831,-0.020545611913250217,-0.010575080758974176,-0.010194046676740731,-0.01437478338446696,-0.00602241764317113,0.004806130716761281,-0.004527798802915428,-0.01053680053351913,-0.004153986543222632
2022-09-12,-0.003980891768107897,-0.006121313299944364,0.01202088158609893,-0.01616828321360131,0.007563742819646002,0.013346434863319212,0.01264231085232237,0.00650534259502189,0.0036509819894805506,0.017293514623664574,0.03490103190487681,0.0015112734871722822,0.01143753690910243,0.0018568694343685799,0.04195682688390612,-0.009361089184633409,0.06536248279717971,0.01252726656475156,-0.01575300664073942,0.0014217668249725257,0.006094642787300764,-0.002584314486946404,0.020816014443099995,0.004636980085291231,0.004633553335522844,-0.01227653037751908,0.014761338819664349,-0.003928876854021768,0.004514188021167653,0.015638922167785285,0.0007653321676961422,0.013189415737949739,0.04018311562275412,-0.005309155666490262
2022-09-13,0.04636287364594249,0.016498698098929232,-0.0012896384654123016,0.11880012167151133,0.004713708562450458,-0.0018716237703260141,0.02225323385260669,-0.0020303567505012277,0.026560438839126066,-0.008616502578090657,0.01097509140678743,-0.01006030503187949,0.012860242575095882,-0.0072075684725094735,0.0008191839995799199,0.02243446629834356,0.035852026542728455,0.00016425176097434324,0.011340886253633942,-0.0019360336583583715,-0.005494159208927818,0.00275991708709844,-0.002827620008828635,0.0034243508182203453,-0.0004942022491779552,0.0322901690400792,0.01599441666528434,0.04139616250083833,0.014691949891350697,-0.0037487886532934223,0.003871286294341747,0.011093689740155455,-0.001439667865390959,-0.024018254236219283
2022-09-14,-0.032849469998934566,-0.016120771611498275,-0.013660442607333567,-0.032563425849763794,0.03214596003475245,-0.009861760632512762,-0.02114158867867799,-0.013427241346419816,0.004584036171210171,-0.018003470745039496,-0.0010013121430648697,-0.022992854808514984,-0.014448218782766031,0.0018668189873194407,-0.004135375566741262,-7.624211646417578e-05,-0.001905634051351801,0.007184105211311742,-0.0081390822507732,-0.009111452552656218,0.000991448431533426,-0.007189694472400365,0.0002590184401596307,-0.01120261453168614,0.006097701391379218,-0.025003513278558875,0.010805769908908358,0.011542172085285962,-0.018226785201312712,0.007728077556843571,-0.008188899016929763,-0.003338340844600274,0.017701182154889583,0.00898432731628418
2022-09-15,0.020537112997300433,-0.0034337145610300324,0.005650072966300934,-0.049391747542571696,-0.023653178102641004,0.016132347990528872,-0.006822501943554493,-0.007664204425450238,0.04943865626000288,0.02193050337715796,0.021838917433542937,0.03809637935597632,-0.0065527178179863865,0.016148950722268296,0.01245786417624739,-0.0029793054398484786,-0.009701469975458732,0.01611346037758743,-0.032184527955533615,-0.010713933196170755,-0.025142582199247254,-0.010693228108096697,-0.017200297017692545,-0.005252106601672191,-0.019000880556401145,-0.02267853573899159,-0.012981962759662236,-0.018362054958837803,-0.016656492907411002,-0.008391503461947725,0.017233103564765706,0.01062917381929318,-0.0012591734566544943,-0.018195826215912314
2022-09-16,-0.021671791706659005,0.015167971375720679,-0.015279238662641359,-0.00192437208316798,0.002241551453756374,-0.029474651960332388,-0.036396032448309246,-0.008901170727440233,-0.012404359799476183,-0.011647171732974582,-0.03133553653038268,-0.028682281953537947,-0.032979278955497016,-0.037082154539344936,-0.05515694383813219,-0.03003674036997206,-0.054834619867826895,-0.042960869741583974,-0.026377710582711655,-0.02198367230619036,0.009871274851770862,-0.007148539942503751,-0.008806098187463585,-0.04638709146845199,-0.027383584383013915,-0.012592575364403835,-0.015190257303502097,-0.021047253674881472,-0.035288823843215744,-0.015750788213856226,-0.024680192761719177,-0.04381503776968698,-0.012529586596438103,-0.05717665477532097
2022-09-19,0.011867088464337483,-0.012949176173996824,-0.016212028631655606,-0.0089656303772776,-0.009806472614247275,-0.015647298115629038,0.0036234545773434768,-0.008596535471301014,0.02064993567840645,0.012842095634071127,0.022809613760229608,0.010573818988465211,-0.01630053881394844,-0.016716070039110353,-0.0027130658888911974,-0.010198475726827194,-0.01724340917256395,-0.005783991416020706,-0.01799704001469793,0.005346639697388911,-0.0068998837718827755,0.007833667090070273,0.012829864973261662,0.014395313908433849,-0.004291889941709259,-0.020361437164773344,0.03051918903618045,0.017897241979777823,0.0024689744160428795,-0.00608883433084495,-0.005128833250531262,0.004725582889964386,-0.018913059568162804,0.01714759824368861
2022-09-20,-0.01720097381853103,-0.009344025242069787,-0.013438008113674016,-0.0051556301488022704,0.010077296353023346,0.020448209959289088,0.0013735185884413692,0.00754305663049859,0.014793724801289487,0.022843928350319676,0.011098417592299459,0.016332764252106724,0.02068395696836145,0.012481101849501908,0.009884393437562311,0.021004838929720604,0.03736069643683915,0.01779028434863461,0.039806937450147295,0.028505895681482762,0.05403846823034941,0.042407143284021176,0.0033153143593707135,0.046783677707547655,0.02948286149674617,-0.006653829034787617,0.018583041244657483,0.01905491345948862,0.02125537089318197,0.006332862615842094,0.005690143409698312,0.00029894312040013027,0.015617252999778453,0.029194104410398714
2022-09-21,0.009546576028405473,-0.0071684357535724,-0.01849598421145804,-0.0028356550107045964,0.019351510230410263,-0.008213745460648458,-0.010110925783525682,-0.01794715122561108,-0.05070998027262319,-0.015479448780008953,-0.038495189890762616,-0.019460176046000477,-0.015198636297915402,-0.017215735738707827,-0.014681415502980744,-0.0003004276714668741,-0.0037691603384323313,-0.014607555035759723,-0.022268803210776733,-0.015002347647707248,-0.020049540223958773,-0.007291875257803171,-0.015929846562129923,-0.014748637463492087,-0.03081564992001473,-0.02950392070119967,0.00723600725792517,0.0013336642637971075,-0.014917365587953535,-0.01275034015364529,0.0023696101400589864,-0.00933474609665752,-0.0020022230963139265,-0.011586133119917519
2022-09-22,-0.002364090213951897,0.00611815093192436,0.0006573839968679884,-0.006373798860369817,-0.008943617973875773,0.0007853163129833973,0.003958985069329568,-0.009261979710673773,0.02093351348802841,0.00033860200253577055,0.014738931344390638,0.014724731732997043,0.010639583087699078,0.0019462854039431488,0.04807247642371748,-0.0051531047009563125,0.010112129093069022,0.006529357486246612,0.010370384891835727,0.007139866775268233,-0.007940938457287494,0.002982391913716187,0.0017908854933055274,0.0029485270010771725,0.0005184554834591903,0.004155060022003498,0.003757875080292239,-0.016453963114798076,-0.010155998406113476,-0.004666029419130746,-0.021323827385629657,0.028546892200532747,0.019099649630105908,0.004446265685745576
2022-09-23,-0.039494471250108854,-0.012313006062619647,0.011094854869981852,-0.027829875206504928,-0.004426997514009878,-0.021543600149550146,0.00287868177343209,-0.028154549615483915,-0.011301605921776536,-0.01681756572925186,-0.034701318267419956,-0.02687693695164628,-0.021055076295764308,-0.030865421366584656,-0.013607996166980052,-0.03466986837272612,0.00048550406467051666,-0.01190212898772458,-0.021007218774682368,-0.010328961708280682,0.005838690279397429,0.014427178498001236,0.017457658974046275,-0.022538854804675545,-0.019689185715224378,-0.014528375767902224,-0.027514611860817162,-0.028465015254671377,-0.011634391496523122,-0.012682417143924707,-0.011633651726439709,-0.014599407103606632,-0.021891455411050642,-0.0044265839175678945
2022-09-26,-0.04934210588231969,-0.02294455013368102,-0.05067856890442857,-0.027712910841085625,-0.03531729773036285,-0.031058686269140212,-0.05422298875092668,-0.042622336832541685,-0.02397740363051759,-0.04884136034181896,-0.05515431048001862,-0.04953318929949757,-0.06050584583284502,-0.040979958513628234,-0.06263232834545596,-0.03251934663456957,-0.03528663392092701,-0.04237758295608296,-0.03027628622538736,-0.0027421023240812303,-0.0022939232758173445,-0.022147277653276953,0.007521977827616766,0.00863749174203532,-0.027308072723486787,-0.03708980268529749,-0.0329885223928682,-0.026191991904918277,-0.030957443224033154,-0.0286588400648643,-0.046184546081341815,0.001900573548774931,-0.029627179123534186,-0.01657231586853658
2022-09-27,0.018166077005539183,0.009001908955089899,0.0038022813688212143,-0.0026101482896869754,0.01072597805850739,0.01828454846096106,0.004198999422357241,0.022453155581255047,-0.007556776547037791,-0.028977332095960984,-0.022237607649110758,0.016507490233230504,0.0032703637470752334,0.010218274126719606,0.0036205818127661438,0.007942069609904179,-0.015641965860706764,-0.034646039329036316,0.027786248563895333,0.01302125819188582,0.031013859685631084,-0.003941388211180286,0.0027793572233159036,0.0036698382756961134,0.014852465987674535,-0.0016958238031952177,-0.0022935895355009617,0.0016400300632073428,-0.0036346363625112676,0.01117322649831709,0.05840825416746509,-0.021049896803946644,0.007632809779242633,0.037813386078277444
2022-09-28,-0.013593870141090036,-0.008378531430182301,-0.0254545269590436,-0.017167343858964235,0.0018418678707112779,0.005098511259177707,-0.002111390958770998,0.034508837071312026,-0.0029080025055462366,-0.04437869721524079,-0.020255940908236125,-0.012884163963885586,0.0007524489646952848,-0.01655174762781586,-0.0180378412108404,0.01088596031431499,0.010634166366545461,-0.015879777778902593,-0.013075104248050806,0.021068555787676635,-0.0014106966354936468,0.02307297523088425,0.006290463181702677,0.02110159804960743,0.013921086923872839,-0.0045620588989750965,-0.005570994645772598,-0.01628419488734345,-0.012287528473857945,0.004877335229792612,0.03616425717752625,0.008159718303500929,-0.006339987854282136,0.01425744991491329
2022-09-29,0.054263592890245294,0.005163468039236507,-0.017179707063519123,-0.004792842563624666,0.010505120797561718,0.039553047839470556,0.003692445821455781,-0.022068092586821297,-0.02199366922921331,-0.022915091724287073,-0.012936792461176183,0.004622655659869412,0.007892710881872933,-0.007713902187932664,0.04298867129754669,0.0023865876487478843,-0.03190380303444862,-0.004506296017812383,0.014941686731001491,0.02131293308906157,0.01704418984708722,0.014000134602854208,-0.002619385494594506,-0.022978350594272334,0.009857509132821463,0.017941992219504543,-0.013571656437251334,-0.009865473506909805,0.02633871237991947,0.0016323402187778946,-0.014590244454898094,-0.01797068175288019,0.0003314355526315982,-0.012104670166476317
2022-09-30,0.01879081203995736,-0.009884816568878851,0.009175017905511895,0.011451146074813678,0.009962747564357333,-0.0014143932854147057,0.042617435407233506,0.021557397242316645,-0.004307466206666333,0.12811556285739245,0.005205776590624156,0.010962208218765035,0.005842149436471988,0.02002358433150997,0.010750393255185564,0.02543880093575379,0.012784146691066756,-0.014544598464148684,0.0069682950473846095,-0.0057330548521056235,-0.0008065211421508511,0.01928662908590817,0.00312711169608737,0.03825608676972969,0.01429315621890015,0.0023948394334327716,0.0325133842487455,0.025948870760681197,0.004640225023607281,-0.012693609091406155,0.006483842747141866,0.03442949775960935,0.03164354153431703,0.02371541501976293
2022-10-03,-0.007217272802804708,0.025233894534357093,0.03456381749517545,-0.007829820728032955,-0.02684855679976006,0.00021254387214608705,-0.011933591195954163,0.006582697260363757,-0.08636326398998484,-0.08260350140066608,-0.04417219894641933,-0.04993301044072984,-0.01717748129028218,-0.015473353467596374,-0.010002464462212757,-0.01658430385217713,0.007293783756045391,-0.014996128584971347,-0.001267216637364954,0.01936250985051058,0.01417101789638453,-0.004374717931348804,0.005843193280018921,0.06214608232618413,0.002749607954482869,0.01901706427802452,-0.022349381215924335,-0.018917419938689117,-0.02215101654327889,-0.022325533626904814,-0.01004766457142825,0.013039905588527745,-0.012445855527544736,0.01621626334761106
2022-10-04,0.03473346482843054,0.002491972463700698,0.022651533647016997,0.02836725524118333,0.04698109195956368,0.0185511459878549,-0.0004012519138080206,0.01173605341398476,0.02546477293193905,0.029001181710988977,0.04927322834066783,-0.006622533642651529,0.025776312886453212,0.027680005794520346,0.043202137240144545,0.008466965391014547,0.027598062065626427,0.020352526839023,0.021567489060503542,-0.0012897217461259602,0.012292811168022277,5.2960681750313654e-05,0.014288111397463554,0.02790472580684189,0.023307686399881122,-0.00035160972347969555,0.04418697648555403,0.03312892911297283,0.025544653342161494,0.02176918060807309,0.01014964479787639,0.008056214838255915,0.03000246904307402,-0.01215810052666011
2022-10-06,0.023419202631229652,-0.017668007087257687,0.02022366565232292,0.017110857833529725,0.004630408969444222,0.0166839956987499,0.025891137309014045,-0.0012568755892311545,0.014609105344354001,0.03162777693952079,0.0012758230034037865,0.049929030398105034,0.015199929685949298,0.012097653997802382,0.006047525073980431,0.022500099813973717,0.032480110676195384,0.015580440446003374,0.005158432607524688,-0.003715454085426506,-0.008911174800799282,0.009898931621401319,-0.012460002823039829,-0.025665225570295047,-0.024618993848292803,-0.026783645658264632,-0.011290439523548801,0.005525727165828664,-0.004323728406984806,0.009130752652431351,0.003749699133936746,-0.01466658702231649,0.00915687582667779,0.003076876126802963
2022-10-07,0.061022117677731025,-3.892069352684491e-05,0.027374436958197634,-0.005709599975157742,0.007961115906539584,0.005470212207291603,-0.00512574001874444,-0.004746609144094971,-0.0022525982129248945,0.0011127543381064253,-0.008736762068437542,0.007430465775484896,-0.0047091221132253835,0.0036085474361053915,0.029577036917575406,-0.02673088909971344,0.013534803009800145,-0.004361160647685436,-0.004847000644352173,-0.004752650887178467,-0.0034817756558306323,0.001310442703936321,0.0007366543617735033,-0.0027654896631643666,-0.02867444581273626,0.00086759605817055,-0.007968469679289769,-0.006752205660710331,-0.0052865268714332725,-0.013399905848183291,0.013841738490807165,0.013049853615743734,-0.03168018492543667,-0.008818972011588211
2022-10-10,-0.012221510657347778,0.0019855316313872606,0.027987825925960053,-0.01743232135685302,-0.04298309872248374,-0.00550842438065402,-0.025171083749660372,-0.01239197342969145,-0.009565022160627601,-0.021890525661931615,-0.010772574462813544,-0.020115327962165863,-0.0393060187011357,-0.009663014040318108,0.01510419378628769,-0.01829843866182801,0.0005893125023073154,-0.01918298011002406,-0.013274734475274053,0.0007655151808325655,-0.010305300147608443,-0.009527356007551613,-0.013156663765499399,-0.019412111636220364,-0.019268178956812543,-0.012279620456487117,-0.007045420350194287,-0.008593386400056358,0.012052863679294479,-0.013800460394560177,-0.005574428078668814,6.704864739726091e-05,-0.00517003899931523,-0.022050278329757034
2022-10-11,-0.04585144157804755,-0.02039864728055274,-0.026332106447662373,-0.02389900242363452,-0.033359417277822434,-0.007658528950815646,-0.019567497010050672,0.028497165903650812,0.008532939712353027,-0.0125700889388064,-0.013302810302221246,-0.023265320313975657,-0.0065664889370471435,-0.014522340356104335,-0.029425327151040626,0.005713335773054995,-0.01289284205776553,-0.012922694789927358,-0.00861388273762187,-0.02220335981881094,-0.007820384186364548,-0.0013741238275077894,-0.0500189433490964,-0.03711820918899644,-0.031182512229349868,0.015845058562574676,-0.012422131160776173,-0.006975718298199762,-0.01997386353223185,0.005269664770834126,-0.023942972021376407,-0.020271683869570123,-0.025253862817569805,-0.0019778480773895435
2022-10-12,-0.02745999951116007,-0.0058305857588222265,-0.010450449984527821,-0.022131949617445357,0.011413744764535938,-0.004548101741350563,-0.00411505682817126,0.010599382174138805,-0.015363736825916963,-0.013951498727287404,0.008214769522559617,-0.00014014482059054867,0.008135246508560456,0.00368415831990232,-0.001202529754952053,0.004389853621804329,0.02185299696075904,-0.019429124424051092,-0.026164314745542372,-0.00971327687877055,-0.001486487998100916,0.011431623938730429,0.0073096487946509026,-0.002423060725810111,-0.0048370856364348125,0.023588964183960615,0.0032486765893922076,0.013152720004163898,0.007750538588855438,-0.0006604823772246027,0.0014114750905620532,-0.0064367840688200895,0.00649796338066011,-0.0011890727234603604
2022-10-13,-0.039215686274509776,-0.03068026548941505,-0.02083635845118259,-0.010277677268561214,-0.004442864662814627,0.00249218820062147,-0.02429653586852465,-0.026220400903924745,0.00310208219607766,-0.007503215314784484,-0.023821411879828558,-0.027886741125964343,0.006178390276401657,-0.0082587862025707,-0.009544617119246479,0.0019167025812685257,-0.00015739091091870883,-0.005612076723876758,0.010426146899960909,0.003183087819822017,-0.004330200566127318,0.013447776054757776,-0.0011195792897715773,0.011555961930276304,-0.018882053538835764,0.00801788969824857,-0.010316607202102812,-0.007612109272607137,-0.011298875787132068,-0.00220401990176311,-0.008311098523158034,-0.009866918145332138,0.0008276287277861893,0.015476166255890433
2022-10-14,0.01061226981026775,-0.006256153978621337,-0.006704526671946098,-0.022536482698805704,0.0015172716305178469,-0.0017263476943061296,-0.004997267854198073,0.00856593689712759,-0.007468273333572251,-0.024095841260027395,-0.005925398203068588,-0.044976252314416376,-0.006892290241576227,-0.0011566438004388946,-0.007075470915510751,-0.008783014440791437,-0.00017969776631576728,0.0010366137794348695,0.024109648784945037,0.01319731733238072,0.004756921493520583,0.008157766746948125,0.01389105856284334,0.00509350779478801,-0.004192182108203157,0.004697868831861296,0.016898204643216674,0.003894794171724447,0.004513543767351136,-0.004550340954673104,-0.004999018495954299,-0.0008817486969764365,-0.011578033270388088,-0.03165295442720151
2022-10-17,0.012116316341065803,-0.03868451945014062,-0.013132813216480188,-0.03594031219675997,-0.021566662239020484,0.007124748374873535,-0.014471164077463294,-0.009568190315267233,0.0009658668151928396,0.0596610802455515,0.007819567064991206,0.028377317032723948,-0.0003785279621459914,0.009495188105586694,0.01600058549731176,0.007413377867304005,0.013797414614637571,-0.0057858748030199525,-0.00629736699393213,0.005660241494488627,-0.0006764075384828594,0.003789828553045549,0.001609271699772874,0.0,0.009185063276437866,-0.0013656105199958413,0.01137167979055631,0.01833192145295559,0.0014339800734259889,0.0050591357072691245,0.006846579674514297,-0.03546084332738597,-0.002175240248728061,-0.013317203434693003
2022-10-18,0.005586567687097643,-0.014088786032863565,-0.015017434791845696,0.008206330597889888,0.012113968906149353,0.004326728279534731,0.018440920393813398,-0.0010131590287572045,0.02231830307841598,-0.00032488625298265905,0.030208608318005092,0.014531124806619555,0.020575545865502365,0.012388143600067236,0.003829563798342317,0.003562552746616543,-0.0026154038471613017,0.005968376333644221,-0.004192303148345844,0.004924781685583524,0.01597255141120768,-0.0016837514839751488,-0.0017603757729752756,0.004560898994121265,0.011755524951996721,0.00016216294201654158,0.0047856131435695115,0.0040716307168697785,0.014319855395635628,0.015057321698852544,0.018394383280036175,-0.003394791557188581,0.008552753015552916,0.04703476482617597
2022-10-19,-0.01507937718951513,0.007166903160227722,-0.015095478625902325,-0.006627921170966555,0.006569518672518315,0.01593388912864646,0.009965227922391406,-0.0070988494565168425,-0.00214655818224474,-0.015763181043238483,-0.006049804681518833,-0.034722242918278634,-0.012863256799649059,-0.010197211784983895,-0.0018859600882481509,-0.005388886416325067,0.004978065392510889,-0.005374171584395682,0.034952061133669554,-0.009101211908372986,-0.0034195788995916576,-0.0014819496579029368,0.010021580958397225,-0.006702200412936232,0.010869660516628965,0.014346266183372425,-0.0013531377548581247,-0.015901529104060175,0.0005647076834573994,-0.010005386996418286,0.008646842420717338,0.0068851388086590415,0.006152255113661909,-0.04296875
2022-10-20,-0.012087026740075224,0.009892795868030824,-0.030193902733471334,-0.061804973132885355,-0.1575324203907298,-0.0002020139601522919,-0.013225847355163634,0.015977236901435266,0.024364973454011674,0.00901021467858909,0.01863237781473126,0.014538387334473546,-0.0023806520926756836,0.010989074418644718,-0.0052393874472247415,0.005418083854812794,-0.0059484964819986885,0.016193000547971126,-0.004446154129765123,0.007447372907833483,0.01319077746718511,0.0035314797594279135,0.01215341813419979,-0.01371247869631087,0.0031515868061537944,0.0055065798634970076,0.007045615180783837,0.015834657734465463,0.010629383534006998,0.013225979354665407,-0.0017621835268771813,0.014011996826994944,-0.02206248969711344,0.0036734444754464857
2022-10-21,0.008156606953066747,-0.024446842494599053,-0.0049783080427696635,-0.05265129408238456,-0.1812586119129771,0.001211906489420267,0.004254957113335678,-0.060929277710515484,-0.013464031963658196,-0.01570894153522906,-0.022437616742467248,-0.018466537965957763,-0.00012564166015238687,-0.009963742769118045,-0.01264949419734196,-0.004841836417025069,-0.002513916105692293,-0.0037236531409482465,-0.0759217131423443,-0.004196283193848571,-0.0018034349671089966,-0.0027030531764128396,-0.022043377402968467,-0.0013241331840281312,-0.006468236280779527,-0.004590162079597171,-0.03224384167067096,-0.02390336540311211,0.00884199979148348,-0.0010405171671211688,-0.014312959261508773,-0.002531841540964197,-0.0017743973406563196,-0.02318014269915636
2022-10-24,0.008899664139975005,0.007575095945704824,0.012547688564807036,0.03898332292501561,0.03486717357623137,0.0003362378934961274,0.008728115448871865,0.019384430141218045,-0.0006340168299026061,0.007576094049279725,0.004802561407338368,0.010084258644273536,0.008918400784976521,0.001829789103296564,0.01158720923625367,0.00100574577885304,-0.002297090183705608,0.007703455163392547,-0.013264731784575434,0.010783227183791544,0.01070729635461376,0.009512069991023386,0.011494151199775926,0.0028726374619449935,0.004836300109614555,0.0016437286143928809,0.001911669395632698,0.010300124750133088,-0.0007379641693441297,-0.0015193955908929802,0.0022748551038032083,0.003416017196377963,0.009480343577450423,0.01082433862010368
2022-10-25,0.036086608742001536,-0.028499000915447326,0.02956858915441174,-0.025858820867972643,-0.03957920297445472,-0.004571112836370461,-0.007350470279355759,3.7627006509666217e-05,-0.002809939453567889,-0.019493269372421906,-0.006393620313503212,-0.009536572549959432,0.007345701928516579,0.0075342630274264355,0.0206613554575219,0.010667699320772384,0.007242429419539009,0.004437920179739097,-0.056065053306985524,0.014814369630574253,0.007847080360502856,0.004609924788286035,-0.004235383715449514,0.0055087729579983424,0.007034418064886028,0.014335447613077479,-0.01437587497949766,-0.02541421197341387,-0.01495711447369874,0.0034347053677521444,0.016129937881530942,0.00133569003956846,-0.008301113599694099,0.005354213490189608
2022-10-27,0.007739938263315871,-0.055700527558955826,-0.009903253206031248,-0.006896535839907236,-0.03416798725107062,0.0011479200998827377,-0.015613822080134288,-0.010276418576945279,0.007423152978209169,0.01812596619193907,0.026113651994777776,0.015194856592177786,0.007786459605235496,0.023566751525875285,0.006352428567281798,0.019468467655664012,0.002441314821315821,-0.03960214728879208,0.013137548015816014,0.010996467043293823,0.008651369670887199,0.020271333538461667,0.006644189053978344,0.027465185676992743,0.015624913364346682,-0.14555335433320338,-0.018555865641228575,-0.01664114050520793,-0.0008436259004239721,0.010961813920707053,-0.00974288228338982,0.008452121036475857,0.002536419220033448,-0.007783732518497732
2022-10-28,-0.03840245865741165,-0.06275009278286292,-0.010771716954653177,0.030267263124297727,-0.04010255488919967,-0.002495728786305329,-0.0065336794231127815,-0.008223356809170967,-0.0005112295884068807,-0.008996055888554899,-0.0011567524973999932,-0.012151743539294935,0.005396080080894761,-0.003542171187001175,-0.04730044097738817,-0.004536151529618948,-0.0034758220095123527,0.011702249756579297,-0.03094698340411106,-0.006958070848496978,-0.009177471275150673,-0.0214006927687026,-0.020311756800239222,-0.009810831932192787,-0.01321247826971983,-0.015593829558684824,0.005128339638025281,0.01376504578452642,-0.0054409181738712675,0.0019789612182001814,0.005567257928046576,0.008416490175217284,0.002277209074108333,-0.0024772537253779925
2022-10-31,0.007987220641973325,0.1720298698993361,-0.0069222234438431895,-0.018059280716623993,-0.031650020013074154,0.002434466743569619,-0.000951865359273496,0.0011083382323142654,0.007266807370238437,0.0020727899808985484,0.003961929913655515,0.004800475206185872,0.006952909964526466,0.004221207306782659,0.000750949069288076,0.02903763859409736,0.028125205185353774,0.004016019985824126,0.02226472323909534,-0.005885757990297669,0.010560963652916922,0.027171772119839455,0.017307947166143922,0.003733383671623791,-0.01008796412967583,-0.046694240103575924,0.0195878790151931,0.020624157185173297,0.0195246234233879,0.004809704307809026,-0.003961511230270998,0.00314574027657355,0.026506319007383095,0.006622478494644701
2022-11-01,0.006339168550740348,0.028323568767282037,0.0070488719108841025,0.01476495891016083,0.09994187297062984,0.0014165580954637047,0.004937159958315229,0.010711117866742503,0.068186286495868,0.00872609182957218,0.022160120442148212,0.04180345300137156,0.020835884619805123,0.02035408809561745,0.008297878777415946,0.0022916878679550834,0.004969811068496588,0.010710767729700033,0.03585971438727298,0.022915450060658316,0.005139557769177294,0.019372597041577233,0.06305237940842057,0.014663866644746282,0.0016673044427424344,0.001064838582149008,0.009154586324896297,0.012770406925211253,0.007586295349413907,0.0018377505634541436,0.02333611120076151,-0.0169871795233989,0.016476593694703556,-0.007401328430694409
2022-11-02,-0.007874015748031482,-0.027248176108721434,-0.0004667114897040081,-0.009317150980177047,0.002245129661416989,0.017783813119332192,0.0051284894781951085,0.011808823145875946,0.0013983313555774313,0.0074484614393046655,-0.009978582543760273,-0.01648038902259341,0.001898603232624474,-0.006721636679454468,-0.008273426754468294,0.009122893125836251,0.007762004106706577,0.01143145049331773,0.013911017034340833,0.00448699580593126,-0.012058933693181562,0.014807925446418402,-0.014336198528462574,-0.002537929848984599,-0.006844063860621308,0.052456157846040075,-0.007393086832339191,0.0007899106072453144,-0.004223684541036277,-0.0036259726415106552,-0.006789580388246841,-0.012678068900824013,-0.006532170869709808,0.010356255439973427
2022-11-03,-0.01269840058826266,-0.02168071319508247,0.0007002991349647214,-0.018165468177463673,0.015153511174122114,-0.005361051508825487,-0.002701217123110111,-0.0019825925085190654,0.002708914702642007,-0.014201865638520217,0.000539884487338993,-0.01865071878948865,-0.013976014162718209,-0.007203682895535524,-0.0011035834294226277,-0.007573892521992032,-0.010326437672185329,-0.0038645067001080724,0.0028325170241667585,0.007518184476716039,0.0033211631287812793,-0.007367371306816084,0.0,0.006643726665758853,0.042093415262949074,-0.01840468455430888,-0.004835110049768998,0.007658966190401628,0.005809317884088339,-0.002269192478112414,-0.0021687338307083692,0.00013122053141412238,-0.012257464083738623,-0.007790053071058178
2022-11-04,0.012861723910736922,-0.02078712142484984,0.011352131143059774,-0.011284576645374411,0.030633404514604834,0.009448993950777806,-0.00103177228880047,-0.006521760031580892,0.06763877650017047,0.0069065596266004725,0.03483848792548727,0.02999264021122605,0.021861871840164193,0.00395782336893169,-0.0072027234083950065,-0.004235024556908384,-0.0014444028300041323,-0.0030677129687272098,-0.027304196534053138,-0.014117973454310873,-0.014616185871599074,-0.004117939431878881,-0.009295274095961314,-0.002106386891443046,-0.02055397154502181,-0.01850605176122677,0.012693950464436776,0.04479256454623437,-0.011184598864752648,-0.003475714802525842,0.01682021460411498,-0.006401720567906666,-0.003369497006461941,0.008677711171552138
2022-11-07,0.03333330911303323,0.02484948271649512,0.0013839078155597484,0.024153964441979037,-0.004911869539121483,0.007119408595621213,-0.007359311816821812,-0.00863957299964313,0.03322245808599322,0.020954602791691146,-0.011472984331953762,0.00504538648210362,0.02268716115481917,0.0037231213848007982,-0.0008902997588251527,0.003533076709866023,0.007189318434716263,-0.004477472805744953,-0.002151018787413639,-0.008762212139657888,-0.013262410198782937,-0.011106809183414446,-0.08855406319017434,-0.0011257660422097082,0.016058249360444643,-0.0033954020768693915,-0.0030435969000243146,-0.012578381897907498,-0.006118948529792334,-0.0007750511319947195,0.03457082504961306,0.001475734507453197,0.010472489758872605,-0.0036870509330989565
2022-11-09,0.0030722670095948423,-0.06342200197953174,-0.011669828154990403,0.010625906540521646,-0.004303206535837267,-0.0034690761262780034,0.03269018094244536,-0.009513912642513,0.009241009246996779,0.022994897700938655,0.04431421272168423,0.04934025216833682,-0.004252900341051857,0.009600741875817276,-0.009266233077035335,0.0020858962716141516,-0.0144046109646635,0.0029929752599791026,-0.02834648020504138,0.011024560808754247,-0.0013262764218264778,-0.014391964478860708,-0.033913712241210425,-0.021976393533958416,0.002873668373164051,-0.01850372884754914,-0.00640465248715083,-0.014257264378328749,-0.007929186563489954,-0.004094054991748308,0.004266827144271623,-0.003546137459566334,-0.07548561733810888,0.008223684313720003
2022-11-10,-0.020673847254621514,0.06526459069415602,-0.026023458967857738,-0.041159168632172394,-0.045633689916118714,-0.02206896324489116,-0.007179081496581419,-0.01648306308935199,-0.0012383408226847026,-0.017828932520875695,0.0029748191841065807,0.015308844465894422,-0.048366622018766514,-0.009293300550543893,-0.037501654201672285,-0.007489222791587813,-0.09554137256686246,-0.014773269392649224,0.00011090668950353155,0.0032084082650771784,-0.006286467452857325,-0.0028612747673807393,-0.003637725355769894,0.03615396394187265,-0.011819460787329095,-0.043800892616434384,-0.02364221482359763,-0.02986810234285442,-0.006581945534759881,-0.017871127846726176,-0.011225562194369987,-0.004773149475555849,-0.021449307546266172,-0.012642703439270098
2022-11-11,0.1383894008324571,0.10411689829224757,0.008135229521970766,0.06793258708508154,0.0101225849023181,0.004499904776176011,0.06812409091223492,0.03715149534783513,0.004158089330365211,0.009512845207663156,0.001175224248999518,-0.030156137595331534,0.02741391989208375,0.0023996108907935465,-0.0025694993934267663,0.007024186437688984,0.018659552389998835,0.0008936146507514398,0.010204059335600535,-0.0021980932384628726,-0.0008018859015270774,0.002869485152843909,-0.004670224962135983,0.03843749779318051,0.018666090138909963,0.02163442620890965,0.010945966492345471,0.011115259487409324,0.02725978778023519,-0.0025993324576553123,-0.028495104673483485,-0.0025369365288068213,0.015785631527205357,0.04089216706690779
2022-11-14,-0.04395610499304026,0.018041856578692617,0.010363904735710028,-0.027923852334965527,-0.02333862293939959,0.01470979884032908,-0.0023357625289408546,-0.007684105949725906,0.00341741861402145,-0.008262349318152284,0.0006148941505126349,-0.0011105195729869122,0.02408506810579114,-0.008922722798803129,-0.002107738930387404,0.011889841827267933,0.011047465748558416,-0.011029304179131949,0.028875696752155733,-0.03872712454263827,0.0072229886487105155,0.0033053244734195797,0.0013143127402792665,0.01673370343156355,0.01761265497738984,0.003149047557501339,-0.0036373951043848773,-0.0005234354347725123,-0.007002807481439555,0.0013692915646503767,0.012430831524013586,-0.007266825557510681,-0.001687248840786859,-0.0710317218114459
2022-11-15,0.00502871381888359,-0.09239131610513218,-0.018870860579948245,0.00025764808730688316,0.011340574106212475,-0.02391926599014793,-0.0065873403397817,0.013702999006466099,0.008763084747318128,0.008445939699043281,0.01323953519290444,-0.007643071558653736,0.007954725349978764,0.007905149416393975,-0.0075569681877299955,-0.0018839321038963686,0.02131621689277763,-0.009714349842909753,0.0039483128284689695,0.016053003236571994,-0.009517427925791466,-0.0008360453774458598,0.015538728548001757,-0.007834117846274635,-0.00751762857264926,-0.0060190636903693084,-7.145902658489689e-06,-0.0057322004034413565,-0.011041898428530206,-0.011689871005397534,0.03012051385232728,-0.010870239917668889,-0.001956941174953597,0.004698807415836503
2022-11-16,-0.017869907856106204,-0.039573059009363365,-0.039984018823573386,-0.027817096697923427,0.0,-0.016877128076543513,0.006910621356151836,-0.008275321737762908,-0.02493965982971058,-0.039509342842255046,-0.021557012004880916,-0.03332873212097798,-0.012810298269960163,-0.02135078844128946,-0.0075670899554810545,-0.011401323802354701,-0.011978917754450036,-0.001181971560702988,-0.018494782146237343,0.010668353131884523,0.00218984469054595,0.002559033069453598,-0.011062291501053312,-0.018445894047340983,0.0019376936609332152,0.010865154166343816,-0.018603034860079526,-0.013374333260359417,-0.009007462186117587,0.00995354093616152,-0.03531091369832973,-0.010385341444855034,-0.010516861992695525,-0.004676831883499655
2022-11-17,-0.014556041403515518,0.0062348017039877135,-0.10250232465344322,-0.015631273607765395,-0.0193565618376349,-0.0023345503986105243,-0.025588130776935114,0.0018877819459450773,0.01555625844312103,-0.003577852302869333,0.0039443206688050125,-0.026510239945180647,-0.019464653284738564,-0.014247540589088947,-0.012390400966771353,-0.03190562209530545,-0.0062933117551337014,-0.01690412840531097,-0.003032337757662207,-0.013322973205641464,-0.0015161844551994097,-0.005203028282016131,6.071682143282686e-05,-0.004799731042188893,0.00509838883986391,-0.005388528496085732,0.0,-0.012487820206260603,0.005870236208345814,-0.0036240353842408313,0.0025450672198281676,-0.015579430356386204,-0.0047739650111351395,-0.006834711925672199
2022-11-18,-0.008124009559169698,0.036637864058992387,0.01333829635022643,0.08303056686064414,-0.04519459879561494,-0.011494282638627618,0.04791953159828033,-0.009195370271382952,0.0004106889620678622,-0.008180440651397669,-0.0021888596191734777,0.0014881861318036815,0.0015360623340878732,-0.004290868606181553,-0.01973557051534891,-0.009142708325552529,-0.02060629121223778,-0.002854248936433046,-0.022268042285058076,-0.0027706558218735244,-0.015274612162929913,-0.0037005658441381373,-0.0008053752370401623,-0.02044560592884448,0.0052476052202128365,-0.0014985097049434737,-0.015018043064416453,-0.006127518493103445,0.0006588296100760171,0.008383216965857754,-0.02012474349154114,-0.009774094498347985,-0.002534127841096079,-0.03397846837197582
2022-11-21,-0.042442269685172396,-0.04625776600217968,-0.018281535648994485,0.022738553765580205,-0.017536424864541766,-0.0035511398366862013,-0.020669005474312385,0.006998483394097921,-0.004465366859852438,-0.03936887760633068,-0.019462308140969387,-0.015750447844305016,-0.006370944230835063,0.004309359501579735,0.020231428659407413,-0.002082413763733304,0.0009985961237626295,0.009794506080567533,0.010220927210297992,-0.013426979399579042,0.0018593692435160403,-0.006388721800018482,-0.0065099408791855495,-0.0002079184986978344,-0.006612132364754997,-0.009437527716648297,-0.016550098999238427,-0.01121253244688658,0.0015049213350273316,-0.00787365280179586,-0.0020254515662235795,-0.007236753470416524,-0.026131949592621107,0.020035618333536398
2022-11-22,-0.005443270174289583,-0.045231624260260506,-0.11210430578590547,-0.02575622864863225,-0.02800752935241091,-0.0005589270633482579,-0.020192765235737986,-0.0028326954282950068,0.008033722513190122,-0.008585869726429163,0.012448395511992505,-0.008152187997317317,0.008549156246675516,-0.004065011218005399,0.0027983179480042253,0.0025595159909146403,0.007315068727521634,-0.006916063704988651,0.006378696503744896,0.002908213306577201,-0.0003167394709394644,0.006928192349877849,0.01214049424313246,-0.001595289958816748,-0.011385562817807338,-0.003437983270323852,0.0008908840567296572,0.004584769616429174,0.01427648480117849,0.0007981161141137338,-0.004861641930443805,0.018777503394091122,0.015186827507328804,-0.013967752604883699
2022-11-23,-0.03440188798581545,-0.019977169297748176,-0.051174485153466676,-0.0013717877386243416,-0.02597784965066985,0.009298564609495408,-0.004858692915523211,-0.011363731623432738,-0.03239961337231445,0.025376378346308348,-0.010028935581264498,-0.007762473828388572,-0.0015306024666078555,0.0013605343266354097,-0.010296251389185995,0.008049747434647703,0.003937456723574373,0.00431603175688311,-0.003278290816177254,0.009891125677930823,0.0035322698920938755,0.0074745905231354826,-0.0017092528795011885,-0.0009726126061611051,-0.007264391795736236,-0.005642598455784187,0.014210860539137338,-0.004350976596257716,0.014260510322466446,0.004695789981776777,-0.0006640752709338171,-0.00011376192795053974,-0.007801018887881872,-0.014165546855696487
2022-11-24,0.023481793731813028,-0.0037856372046430886,-0.024977869021709953,0.07892109536766179,0.011496014284695821,0.002424588554472029,-0.014769325456492233,-0.011877264095639384,0.0045603113864041145,0.0032163264562361515,0.0034913613171760893,-0.0030680253128765322,-0.001532802276418721,-0.00022647112662299573,-0.004569806327963444,0.0001937851744635566,-0.01153127263246323,0.0032874693462772164,-0.015130020927950905,0.0018612975062655135,-0.011416914054080518,0.0171472643998698,0.0016514985942022165,6.961381220738083e-05,-0.020346203965660226,-0.0017935988803456926,-0.001283244061465183,-0.0013445204328321747,0.04546702862438412,0.03170344752548937,0.019554922196439284,0.0033630567869333827,0.017297199884599657,0.04176022981230321
2022-11-25,0.012658215623466695,0.029231218420306293,0.05463615001143274,0.0660879347059462,0.0053038337180055795,-0.0025568676200704576,0.0059880239520957446,0.006165157654033804,-0.005100623019454353,-0.00934881534948473,0.003365048762897338,-0.0030773496663504263,0.023145978145351576,0.01517552209788664,0.00810701503755662,-0.003535754803173252,0.0019482457582074009,-0.001655394956527223,0.013469913772649056,0.000962848711708375,0.00912949405087371,-0.0012075216761979757,0.011269380394794082,0.0009038827674732186,0.028056057162479497,-0.0025920195540658497,-0.003522219392738224,-0.0001836313526514255,0.024539258024008026,-0.009017891294150426,0.003677494251400404,-0.01602804825383508,0.011547543254141202,0.009482745466561138
2022-11-28,0.00625002384185791,0.015620562069467825,-0.007953594389384033,-0.01899902341096882,-0.03210739831813836,0.0058196794310649835,0.006280808221726275,0.008015390946198853,-0.0038322952215943396,-0.01642827184572826,-0.0011369083073263786,0.0132736625744585,0.00011538984232317695,0.0022311538441237566,0.0065400349856876705,-0.006913248138594508,0.006710653986605752,0.001213692601483185,-0.010654673835694073,-0.0036441007863663444,-0.0032569567777483988,0.0008704788709656963,0.009842615489600526,0.019312213122317123,-0.0033669423963226253,0.030712913492693117,0.004438752409364977,0.011721933464892587,-0.0010227417988176724,-0.0004743179634800754,0.011178250856212824,0.0008323835727550577,-0.005752801038483302,0.024765171337895353
2022-11-29,-0.01319879299190374,-0.01733784144633521,0.048537364889456924,0.018924343828147228,0.048279086090466716,-0.003995178039780778,0.021090829413800583,-0.003746474250164389,-0.0019942922263116447,0.010724919967814106,-0.00045522447365820007,-0.010814913449663455,-0.00023082476506641747,-0.005120222891703552,-0.010251706890648138,-0.013001177211600101,0.021764805423204248,0.03802226211520976,-0.0927056800281888,0.01166514046879108,0.017608400173090955,0.014592876249112985,-0.0008442855750084854,0.024262395857654218,0.0032004532297105204,0.07612738539830799,-0.006388867956140243,-0.012614610098005574,-0.0019625161002023717,0.014583909287350094,-0.0027521871012653465,0.0146889851323313,-0.012657114441784523,-0.008333333333333304
2022-11-30,0.026750602413037727,-0.019351132359358814,-0.00454635610085119,-0.01650919083903879,-0.0032683869434996238,0.01825731164975819,0.002077487483769458,0.019148887301037698,0.01018465265487678,0.05191220329370516,0.0031883756294137644,0.024792124265843984,0.014429268939944118,0.006041646076398566,0.00709982032523615,-0.00695988382530488,0.0030661500604960423,0.0016119365162814425,0.021659351681743377,0.007589794142013773,0.016500889188417522,-0.0036193753391648986,0.009487929281173368,0.019495553712175928,0.002658790417836787,-0.052344277841495535,-0.0019602141959932373,-0.003370101115020785,0.009831559662603073,0.030152354445718288,-0.005795555111605122,0.015232882110454593,0.0014649809487237153,0.013025235729057227
2022-12-01,0.021455962082435276,-0.0052235005184712024,0.040170178732777506,0.018221976808393103,0.011775172293078562,-0.005772771122635523,-0.004385615267578857,0.01954228581346995,-0.0007146006095820612,-0.0013937874660406857,0.010839949128417015,-0.0070623771472646535,-0.0026172254257118555,0.00022251062602474114,0.012747434272416536,0.031386032630120964,-0.004573599607277323,0.0033333819039422785,0.0026350243507839988,-0.002852600843831987,-0.012942465981383822,0.00038213368527362235,0.001277613403258382,0.005482367384519238,0.009545567565832469,-0.015002928275813177,0.003987611925928336,0.00756232412937452,0.0099052653684919,0.011105030574524166,0.02831366326723561,0.004632940589678336,0.0005486765382767267,-0.008710103900262833
2022-12-02,0.028507149022962475,0.04054849740093136,0.07164958644584618,0.04772234273318876,0.02769591651598957,-0.0025275242966764644,-0.012133609410774682,-0.0034348155925135737,0.0018900627645959123,-0.024248302058622162,-0.002638852023472693,-0.015435899579251844,-0.006503132189238925,0.0017788584131144258,-0.008915761582146908,-0.002325933534497948,0.021195007350675255,-0.01797075486776567,0.01206554523939607,0.00805712950087889,-0.00937872210228241,-0.0061635077966089025,-0.008154705172507604,0.007399609302430221,-0.007004014104174394,-0.01836906786987791,-0.010670210114828604,0.0023493267061549528,-0.011065505565757805,0.011473264043074138,0.021955224035367316,-0.009495172847449496,0.0009137723339598391,-0.015062787043998438
2022-12-05,-0.0452225523779336,-0.014297745805950668,-0.025328310479393323,-0.011594215535228991,0.01576834917570169,-0.0013697284179310376,-0.0016619456313284875,-0.0014821302787202395,0.0020139547688184933,-0.009794924484274659,0.0055730906577582395,-0.006916645636774188,-0.01527337074603008,-0.004661453525586112,0.016693076542795726,-0.0015657861531752637,0.019873480573800784,-0.022499556343983595,-0.007318243147840131,-0.006873090156354844,0.000897315863963577,-0.0005770486541443187,-0.003667263838184609,-0.007603037414924185,-0.014459503479869906,0.016155807343306794,-0.002291927818154349,-0.005144301486392111,-0.0016106363209510421,-0.012311898473695182,0.005591016852308561,0.005591937176246731,0.01132110557030197,0.007646572210827429
2022-12-06,-0.009931152433794499,-0.01137656408009946,-0.016623581881578642,-0.04126514859932051,-0.02441432174572611,-0.017350125171622932,-0.010922586467047912,-0.0025238187730115547,0.025798936907098335,0.010381506045562094,0.0036948023036382782,0.0054170944252400766,-0.003848401208162211,0.0205173618057628,-0.012775626185027145,-0.00908807809462997,-0.007315659747114123,-0.01485060648407266,-0.0020214861415024377,-0.023485289269594034,-0.005155390437916352,-0.0056281729927865065,-0.003844166177672914,-0.003181416435006801,-0.020576147097787212,-0.00812104078260878,0.005720321869424616,0.0006425562906395843,-0.0035659820193232328,-0.002656430742523974,-0.02298406106719597,0.008750915644795132,0.002618105003443949,-0.0067453240527473035
2022-12-07,-0.005401328503581437,-0.006616853481475227,-0.009229632356446693,0.0018570582549013448,-0.032402667111885775,0.0011863811323125084,-0.017652613704950193,-0.013394738203833634,-0.00806087694181834,-0.014830658136042674,-0.010820522948018163,-0.001077581524180582,-0.016389523036060227,-0.012893308734096331,-0.01313263439251211,-0.014993250969823624,-0.011724190517159339,-0.007511283311474659,-0.007506180207447866,-0.002903341091472611,-0.0038750212939654416,-0.015287141980739438,-0.005259335869680193,0.002931066749315425,0.007489994411039369,-0.019892209025951013,-0.0109501144284182,-0.01745908502451854,-0.008520713463932683,0.02110397427918631,-0.006900455708009012,0.004860461799147231,-0.0298937584954988,0.002546650378535853
2022-12-08,-0.010085302435369092,0.0023168790582945853,-0.0033339511861187887,0.05092139728517009,0.012109396457314903,0.004670402464119094,-0.009152034450876867,-0.021044155605200676,0.006426124629883345,0.009839130457237388,0.006935535325007347,-0.002157487917479828,-0.006903081391002042,-0.003542171187001175,0.016270039691882454,-0.023324885371064474,0.012111799926457945,0.0033830147349931394,-0.009003714920226447,-0.0012152586054464676,0.001990212801160407,-0.036305650013296775,-0.015217543412297196,-0.01954808579824785,-0.0007252932342241003,0.009265556979133116,-0.006528109236790924,0.007406439517286145,-0.0073908794457110405,0.0026084573454492332,0.011776337067504361,-0.011253554797363563,-0.0034342190281502205,-0.0059271545917554125
2022-12-09,0.005485929357426089,0.008956966335875949,0.0716252705717717,-0.03123052082088551,0.04002950603535815,0.0020814476803183712,-0.009110121322754128,-0.00046212641511678143,-0.007006152158163137,0.00036537244499457167,-0.0024079398610196145,-0.023783797923202177,-0.009348187034631916,-0.025105602795180593,-0.011947382709995402,-0.014492491550293418,-0.021433293385415775,-0.011539850558896503,-0.00012104279373625904,0.011684437077123189,0.0003612822734644361,0.012285884879527531,-0.004076080582438579,-0.004437997418910045,-0.011976136193168507,0.006440886635171061,-0.009799535270256565,-0.012356376042178097,0.0036362685837041386,-0.0009606338845401519,-0.015964922418957972,-0.008619847728380092,-0.002235129541065084,-0.011073279683657011
2022-12-12,0.0038971160413636685,-0.007159220826481016,-0.02910388596489455,-0.019492355113085003,0.03593246656069082,0.002423239270108901,-0.011151763114375712,-0.0010407982645478375,0.004978876308165292,-0.014317321114630466,-0.010609008579529955,-0.018509700773476467,0.0020566792879219697,-0.007748372505538836,0.0003869864826484548,-0.028034219603591204,-0.0006844465928462773,-0.004166882016725881,-0.020474894266799826,0.01024493111974567,-0.010018848953752268,-0.005489125202752687,0.0197767621107805,0.0006654191980197677,-0.005693116402965215,-0.0070946405293217385,-0.0016800740046636342,-0.004065943563702934,-0.005348321233497599,-0.01450383518429088,-0.007250988035179207,0.013729311576367476,-0.014281902423569526,0.0017226923364801472
2022-12-13,0.0031055426009860554,-0.002307523168095904,0.020141890144798946,0.005133819996757216,0.007814574967218935,-0.0014504981241840742,0.0017648492348589784,0.003433904732260462,0.010829790749954382,-0.00130926822466515,0.015318268013858605,0.04126366087710731,0.010503460208261428,0.005282579733046466,-0.00043525297801183527,0.024104686657032248,0.014451939836942929,0.006973979319358836,-0.032653094791687765,0.0013251033198071749,0.011943704030348279,0.007342470063698814,0.005016720290054177,-0.010771271655095838,-0.016993060082243883,0.01189918493382236,0.017459459042365566,0.012153704028960544,0.010147312593103086,-0.004390843164218894,0.009175617200456454,0.012717684304851318,-0.0124999621932389,0.01633700641984337
2022-12-14,0.0061919742310698744,-0.0020236533732422846,-0.018909921663632256,0.012497283033520157,-0.004489168688025513,0.016670216129772486,-0.002019486560936423,-0.004652411288087688,-0.0010836476385157612,-0.0016077965572114383,0.006426018528233213,-0.011300302778316174,-0.001433760935173778,0.017591876514948757,0.002708728465362187,0.00903312268675438,-0.00018000512809179803,0.0030858443409513825,0.015471118212542656,0.010407944260779622,0.002522716084764509,0.005630125626213678,0.011413935023226296,0.01996232351692262,0.020105357565449955,0.01784069709863445,0.0053019369184856835,0.00719855864933705,-0.0034343718622739106,0.01572145769248956,0.0029401021946160455,0.02242662917863414,0.023015135544191212,0.006345177828798176
2022-12-15,-0.013076899601862979,-0.01042875427639478,0.0047241117579981395,-0.027262020050739744,-0.005875905800350023,-0.062389481261175606,-0.019331845602557296,-0.0010430732822854782,-0.0029710424477691344,0.0033446472850597875,-0.018433135616830132,-0.012212287338985495,-0.0028714904325902735,-0.0040412819028938785,-0.00945490803771043,-0.006890073778750061,-0.020551379114179813,-0.017094873946630895,-0.00667329194857702,-0.007903098127543196,-0.009795832972142482,0.0019494659229839506,-0.008368086448604761,-0.010411889420479548,-0.0042367822225225504,-0.009146329427462963,-0.004477588448367542,-0.011182689518152378,-0.0002584124725953929,-0.0076386030864358245,-0.005727942869109048,-0.004546451456109213,-0.017904105874244958,0.0
2022-12-16,-0.03117692833090857,-0.016100702288434188,-0.006958834158518945,0.023171135697727774,0.0,-0.02452645227611594,-0.04091844982651194,0.003519052001272449,-0.015567294142242671,0.009556015286007469,-0.02658526803680894,-0.02393403578825737,0.011759180044621065,-0.020063020765613837,-0.03428456059966434,-0.016257500673110492,-0.030911115546161327,0.019899672539377633,-0.015591391723767,-0.03576907763214321,-0.011254386986481069,-0.008531239556037962,-0.011454641541230437,-0.028700747437729435,-0.015538148610411917,-0.03395057644028965,-0.004301641211633123,-0.01109103519985466,-0.008617745483090689,0.001823044593635803,-0.021456198097103862,-0.045911047345767564,-0.006967701480434352,-0.023118958138322543
2022-12-19,0.0,-0.02856294534121162,-0.008522727272727293,0.04734177180196797,-0.028865979381443307,0.006917974138341165,-0.019089014040684416,-0.009479537349735723,0.0237389624283455,0.008707373769414106,0.03765464408430108,-0.006820428242189092,-0.008539016185665438,-0.0025305814694930318,-0.002874386994682232,0.004358093959539122,-0.008537398464740331,-0.00118571516611643,-0.001416498192593374,0.020178265720575128,0.006655108517115815,-0.005736347588867097,0.005695999282214759,-0.0009597915386123645,-0.011461891740150998,-0.008105558514953315,0.013657928845614453,0.02013111088478281,0.016081468241649688,0.00962439524037828,0.010244859466033152,0.02511276971726195,-0.0017301199441988047,0.013769416054531414
2022-12-20,0.011263023830348828,-0.017457924064414265,0.00620821394460358,-0.017813002034107184,-0.014437384581785229,-0.0039153399347811035,-0.0034067802229691413,-0.02466440255980462,0.02208420353216245,-0.00019405275085460083,-0.009632022139871799,-0.00016347811573169668,-0.01794255866135208,0.004843209987147379,-0.009760778547846516,0.002336553113558404,-0.0014831669928957458,-0.005673577934158902,-0.006963214229405379,-0.005982573049631346,-0.00501523476637733,0.0004047337115511418,0.0017036343803602527,-0.0036371755614656998,-0.003801668306517181,-0.02281537618295726,-0.006602457288318098,-0.0021000700602342715,-0.007956381013144775,-0.009532649256248305,0.0018812558455070238,-0.00015889256063483792,0.002503340744594018,-0.006366723094824334
2022-12-21,-0.02386634902811713,-0.04800497033192819,-0.01831993244245378,-0.03532866269474266,-0.0333189898230033,-0.030557173245214453,-0.012409271833294322,0.00023923809737813606,-0.06322462849436916,-0.04530347380395183,-0.030082012910283673,-0.049877399438281955,-0.01924484444036445,-0.01859085187692744,-0.013687556950965352,-0.027923401146477622,-0.018229675771625375,-0.0061799239676489925,0.023763199590170814,0.008650350027527454,0.033771525124231205,0.017453414210025775,0.04988729417019444,0.03498869116538694,0.034917230638405794,-0.015840058634408183,-0.017484955205252617,-0.0209512810800645,-0.007588742463833897,-0.009745569131874299,-0.00215253789989156,-0.023560072992347747,0.0011525664572131777,0.008116163378672603
2022-12-22,-0.039119768066400495,-0.007858526340697503,-0.020402220636375645,-0.021734405275687263,-0.017827960830861578,-0.01927922435605356,0.013845401219475972,-0.03285873897223224,-0.008559822772402859,0.006350819255684037,-0.000874485990944085,-0.049913903396630155,-0.02024343108624782,-0.022918571130533416,-0.026253111614647384,-0.01617711398931454,-0.017958207672972515,-0.02639305843778772,-0.007229808325430742,-0.013227330275739413,-0.004920105414150888,0.005021835903117777,-0.006493831955379337,0.01989754688196066,-0.005715384302849125,-0.004434620785454202,-0.005523490361194927,-0.023707077137705923,0.004257867680254046,0.012536699737864865,-0.0033963381047883434,-0.01794297886904539,0.0241748526568899,-0.03347455040883207
2022-12-23,-0.08990668648799305,-0.043894349151712087,-0.0601124912116241,-0.023994708207275672,-0.032219011616345106,-0.052578223788641076,-0.04358804288663243,-0.04877735426225194,-0.05851038383455376,-0.08668431208980187,-0.07328745071871567,-0.05000003800875841,-0.04081625098489916,-0.05744378202197353,-0.05163514615913534,-0.040998221740323415,-0.06166760214803768,-0.04489033538903131,-0.01852557733294491,-0.008920986499222017,-0.0029400415896875254,-0.009004036392948556,0.0007295498870025785,-0.012462567510256206,-0.009642223568094077,-0.014765065279355172,-0.017879396556877536,-0.030596467903150182,-0.021458819264326023,-0.0130266882233534,-0.03887089043067027,-0.011717293060076184,-0.04224410366164122,-0.06707585551231598
2022-12-26,0.08387697804312944,0.039696235814383085,0.05933627313135914,0.04006375277162566,0.01516100717740243,0.024372142723786627,0.021124670499694354,0.029258695556908743,0.02046850002960121,0.03747819293431509,0.01504856734302984,0.04996191485877732,0.017047585256606768,0.03174198180732146,0.016933948229162166,0.02682859725041009,0.03336334125698426,0.029902422514073823,-0.006118322292762768,-0.014348940697064272,-0.020238512719972346,-0.0014976910021899936,-0.019908883055922977,-0.019226970446021396,-0.006927470857679308,-0.0003161854356346083,0.009270998376690542,0.025349892732422497,0.006808812773884565,0.012340376160284272,0.02017355147057831,0.04154195374733427,0.019657623388610768,0.03618419566643216
2022-12-27,0.013757510164544406,-0.005976156167316615,0.016853314919316853,0.01783758810539804,0.013394937963096654,0.01776368692596786,0.005171941902433197,0.01899356505408556,0.014232760291190694,0.016969910222043305,0.013770833573739205,0.04994551273901693,0.024298341214875174,0.022397260310703437,0.012792273620999772,0.031850725240946565,0.017398669225713537,0.006382221329770177,-0.01846747599307952,0.0005295355293351012,-0.0005928873648988198,9.997488374535735e-05,0.01408656901857297,-0.0006735901495245056,0.0007541463250453351,0.001676304960894326,0.011035759231814879,0.0017588736453881815,0.0008781660896284293,0.0032697810575068598,0.0013151769507526723,0.009413862924410932,-0.0031650953711349628,-0.0045351473922902175
2022-12-28,0.020356246775383724,0.007014048584923049,0.04426248081828654,-0.009568824440941981,0.0001518924097285712,0.008924469849606043,0.011195807527393908,0.002355627151949591,0.0074410477132151875,-0.005684484656310662,-0.00832168816548673,0.049991339231893805,-0.007230744675191136,0.002648080845743417,0.016114945118239632,-0.0034776558979424665,0.003475613078773643,-0.005791862916431301,-0.004537067091365143,0.0004470031707708433,-0.009170997876677967,-0.005149291373966247,-0.00884356846407719,-0.011864680995437138,-0.006028740106389208,-0.006472647084231453,-0.004396898434724017,-0.009754822983017553,-0.0028079037836360454,-0.005350999078687746,0.01149248819430082,-0.013952313427997742,-0.009910523153689788,0.02505694760820054
2022-12-29,0.011637521703819376,0.048756259393138546,-0.015591402812552002,-0.014546270339226841,0.010329618591922829,-0.008923573513285876,0.014840989399293347,-0.007133020409521906,0.003396856071847143,0.0065337221453629635,0.011353138111749761,0.003294905443585572,-0.013800106039234539,-0.01152460074670869,-0.004982897719158941,-0.0009042880817695664,-0.007981386589140493,-0.0018067643172363645,-0.0005361811260612415,0.001845855372732741,0.0016118233183806119,0.00557793618319069,-0.009909001119910665,0.00443448559350057,-0.011372113802109896,0.0031461690055911706,0.005373697156475288,-0.007224096757045828,0.00492774936761653,-0.00028318914168457,-0.019987933391370283,0.03996012810341609,-0.00855202509289621,-0.014222208658854152
2022-12-30,-0.025472461395701584,-0.020556608947074118,0.007207867422196701,-0.01233753289010342,-0.003307699973882694,0.01050468966789242,0.005338904363973995,0.009634477625330096,0.012530765542746014,0.011281271471338838,-0.0017692957576397328,-0.01625618478919255,0.00531231239716945,0.008987086294370172,0.009261818551778322,-0.004474480296166816,0.004579439112334827,0.0005910765567740395,0.006571886939103377,-0.005410077107154243,-0.01066626346546129,0.0008495817064653188,0.0002930586649501077,-0.003328137921643992,0.0040260065340880224,-0.0011087393472728468,0.009875723098581313,0.023913464598804834,-0.008318712030472741,0.0008497071301705184,0.006104549244979829,-0.026218751599538126,0.0018623303602955943,0.00766454880456191
