date,RELIANCE.NS,BHARTIARTL.NS,HDFCBANK.NS,ICICIBANK.NS,SBIN.NS,AXISBANK.NS,KOTAKBANK.NS,LT.NS,TCS.NS,INFY.NS,WIPRO.NS,ONGC.NS,NTPC.NS,POWERGRID.NS,GAIL.NS,BHEL.NS,TATASTEEL.NS,HINDALCO.NS,SAIL.NS,TATAMOTORS.NS,M&M.NS,TATAPOWER.NS,MARUTI.NS,HINDUNILVR.NS,ITC.NS,ASIANPAINT.NS,GRASIM.NS,AMBUJACEM.NS,ACC.NS,DLF.NS,BRITANNIA.NS,COLPAL.NS,BANKBARODA.NS,CANBK.NS,INDUSINDBK.NS,IDBI.NS,PFC.NS,HAVELLS.NS,TATACHEM.NS,TATACOMM.NS,HCLTECH.NS,HEROMOTOCO.NS,TVSMOTOR.NS,TORNTPHARM.NS,APOLLOHOSP.NS,PETRONET.NS,SIEMENS.NS,JSWSTEEL.NS,ULTRACEMCO.NS,SHREECEM.NS
2007-01-03,0.0028493792992181355,0.009773820631837848,-0.004392306753550956,-0.0032314921209825043,0.009014610189499006,0.014426226118448016,0.022602532273119813,0.01109473416236706,0.025350395888894095,0.017028238931541928,0.014144275815902718,-0.004960889940688218,0.006883882941824959,,-0.01510282667018914,-0.0013028240247410228,-0.015148267640503144,0.006458789187432368,0.013728920704759284,0.009413498548123123,-0.020907559647042273,-0.003894651425186968,0.006143046341280378,-0.020332929154439516,-0.008756886764522354,0.00027025553401416325,0.000899345990857281,0.0031119356531605913,-0.017704158504301515,,-0.004180056370923224,0.012503520913876853,0.021900910458797496,0.03971828424414947,0.1449125844018455,0.022324246509096257,,-0.0010531344932728226,-0.005771055482233889,-0.012594247508506018,-0.011106772257740816,-0.009103114685180214,-0.01058177941959193,0.013822756661606705,0.011590706456180877,-0.008884384796283618,-0.007293666332720328,0.020475332544246605,-0.021946667990745627,0.006922819257862756
2007-01-04,-0.003152837583661916,-0.0044493001875575144,-0.014315322769308247,-0.004527236238296206,-0.017274784920764397,-0.0008425446942706971,0.015508364660187457,0.011514926355040922,-0.01648238094316623,-0.011270180107885053,-0.022089429903821567,0.0021201193219664294,-0.014393394804830262,,0.0161014303136513,-0.010584541138496717,-0.011998006390018356,-0.024553627945922307,-0.024918752033200042,0.00943270976383559,-0.007599788695852205,-0.00524320309710713,-0.007387952558873256,-0.00660385842021316,-0.03704769008335862,0.011541062079877706,-0.0146051371430862,-0.016546021147081924,-0.0016767820566235825,,0.010768044328925086,-0.013861363223447998,-0.010918046414104099,-0.025872501275665538,0.009874238020176618,0.006422626813855192,,-0.008959140520703124,0.011144527173531094,-0.0038719766950683354,-0.018444272727011102,-0.029422734794072425,-0.00950691323124031,-0.017160408397368543,-0.0033907727662201292,0.05179263955814184,-0.01469496813774196,-0.028610262402473774,0.002895418683476647,-0.0019114174815743068
2007-01-05,0.005974408391217434,-0.0021955431306268647,0.006523602214026036,0.022010085889590858,0.000884940598084416,-0.0029520761663701656,-0.009259233013140022,-0.015100597080945355,0.003136880952706367,-0.0044854865725005855,-0.013932739816342465,0.023846274685973112,0.007666928859255462,,0.04112411891351497,0.00595291976857748,0.006120346446028657,-0.021167002268628998,-0.03000009597101072,-0.010241951315511977,-0.03300453059823205,0.0007147331687060721,-0.03349377775420914,0.013057814455333938,-0.02160395326677167,-0.0006668270168287416,0.012550977350100467,-0.030494320411975306,-0.015954215625746504,,-0.004288398938488203,-0.013544563211247418,-0.01165153343780545,0.008912514361494983,-0.04711107878566545,-0.01786864492146034,,-0.0033238380091042963,0.003903485993310918,-0.013490375386098208,-0.006027330598477043,-0.007214958143347272,-0.014397185886847574,0.0055010918733426895,-0.0007039315405067414,-0.028408966192668084,0.0008929906517587405,0.011602376174597584,0.009608385464980218,-0.02167445899115028
2007-01-08,-0.008772269115985831,-0.022316360402389157,-0.030230063487293513,-0.004175592563840369,-0.02443522330196435,-0.01543837470216225,0.01092364897535214,-0.006186877962852888,-0.015201502626279506,-0.030526632128661357,-0.032689416118457215,0.017817374209052605,-0.00797098016473019,,-0.00398632557306855,-0.009935866636658908,-0.01001793347634361,-0.023670374051762533,-0.013745843821484804,-0.009494317869179536,0.0022310751381062754,0.003035264881485089,-0.03957404427571076,-0.015233254769717819,-0.015728787588584536,-0.026841138178852253,-0.004590889973591472,-0.011207378497669396,-0.024699085862583958,,-0.005530861993953695,-0.026683734175122154,-0.017786968182241014,0.011307393003432864,0.002798401266202788,-0.0019491073258881553,,-0.005335364583544111,-0.006404340995815105,0.010545857761836475,-0.025390726695159738,-0.021668248270954926,-0.02434562732765999,-0.022835404363843126,-0.012091820151614474,-0.008771560195554473,-0.031229054689488223,-0.019788037344516507,-0.024395575154524507,-0.010167733487639552
2007-01-09,0.001135586548522305,0.001768125028348555,-0.010780950618462515,0.006675779178340058,-0.03196860777082455,0.0036513879625454937,-0.02401246341370955,-0.021037056849114277,0.010130182924709574,-0.007027513989589562,0.0024198161828237197,0.0058172326806231744,-0.012783166500898835,,0.03674768973318998,-0.007080653081899313,-0.01940927764614897,-0.009578068687479013,-0.01509874012278678,-0.018739947379797117,-0.007512230448379897,-0.002848155079514525,-0.012807229113663499,-0.001189624970162395,-0.00399544671448282,-0.011938168443468622,0.0011351415989913072,0.017184683289288794,-0.0030623077082151395,,-0.0012308008749051247,0.005323324920267769,-0.037692125672568966,-0.030398262696437528,-0.028837197702391237,-0.02018225478426261,,-0.009923390214130356,-0.016344310564095577,-0.0040138962688320845,-0.0017305253312681623,-0.004634116800961263,-0.0018714100271585155,0.008276626002889476,-0.008437402430807928,0.005899560918092961,-0.016347841886494963,0.04950517940197785,-0.012686070132001848,-0.0018739351998857678
2007-01-10,-0.004029110142382719,-0.01532397286031062,-0.015041044232067535,-0.03123821163408058,-0.032768625734946766,-0.012091978571266093,-0.0046746865634830215,-0.014606136265858827,-0.016714581988112265,-0.011711786771162247,0.01750325993080981,-0.028261655950332698,-0.01775794355021587,,0.001052511643805376,-0.04718159709978098,-0.006365873557618973,-0.004230876558237506,-0.024174461725946728,-0.002908619225183151,-0.01721235737197535,-0.004730109570237784,-0.006711944620055643,-0.006433179735435335,0.0067882936657828186,0.0008332652602904833,-0.01855139210041956,-0.020129572616233826,-0.005509363184586613,,0.013327539688444245,-0.00741349599229657,-0.00940918919145739,-0.05567555836855653,-0.015325701804749126,0.028571219113560087,,0.030068854787564048,-0.004446562980022328,-0.028785049239734573,-0.018497874808859005,-0.0002737043766281033,-0.005624816008110822,-0.0026557975909865528,-0.004434337525306642,-0.009775464100643894,-0.01858654829167572,-0.02278887512105776,-0.039567770004474645,0.01616657219648099
2007-01-11,0.01834056266179296,0.03707343696855392,-0.0025033522134531028,0.009617127995983576,0.009723559471670251,0.03672023330367469,0.021876312231041695,0.020744116526697276,0.03419997746892944,0.008570090231342586,0.04999544983587234,0.027006002941383223,0.0342747673871433,,-0.016301330674035497,0.0031005053422354933,0.022222965242662873,0.020940714761547907,0.04471309923284594,0.01089790227518872,0.039363381452409696,0.017218004598021475,0.02873358560243311,0.04484407243517041,0.03708229115248596,0.010060516230155025,0.004405240442601155,0.02384453425588351,0.028386662097758197,,0.009234011280959686,0.014670477967275941,-0.0035343363453709253,-0.0200343985671404,0.04961079675739599,0.11757109400687593,,0.016831363568787783,0.010578151785687995,-0.0026083927131279605,0.033856072384648606,0.004040623232250962,0.005656633530947586,0.0007262012933288986,0.0058987283866023255,-0.004935790756203318,0.01912906299589956,0.018555802664627308,0.026998229874949153,-0.004413591127361616
2007-01-12,0.03316613670550317,0.04305462074068833,0.06570299701433568,0.08959498747150696,0.06797701889339058,0.04440494049301136,0.021528553320200983,0.018689934635520933,0.03623771603294457,0.018506552371742258,0.011137285008148368,0.009894692126005689,0.00983260545271758,,0.0021380345157129277,0.04492650557199007,0.013097460239624992,0.01337708278933425,0.04858299488693807,0.024881350993577023,0.02469951777821744,0.02098193482753752,0.018271086555369243,0.008491649282329705,0.011229545722853063,-0.019508607969983438,0.01617688299050668,0.012540250945421327,0.015303005694018212,,-0.011871828463131395,0.01077868186076536,0.06650392937324545,0.05938463506389713,0.03892491404249543,-0.0040462068142284036,,0.20005199710542532,0.022330862226475068,0.03649127878020253,0.03770704005441683,0.01377788543167302,0.02812509496235216,0.010643551836562404,0.008736067817833426,0.024801432738271068,0.045356710825154245,0.024249162874057317,0.00945270531246778,0.011375154418660882
2007-01-15,0.0189998342754909,-0.003540406236060556,0.03052007777920096,-0.014861815966159209,-0.002611339548462266,0.06702678356077074,0.005683258726791429,0.02349616848014513,0.001812973476536861,0.008792815670314535,0.0007978803821460101,-0.008173721369927223,-0.0010818807498564897,,0.0010669250409758302,-0.011477166824983231,0.03813256482076466,0.010853540944090634,0.10093746428851502,0.007756136062910146,0.018693908473702336,0.006389739328278354,-0.016967361298986794,0.008876071377926342,0.00525977579702408,0.09289642121599195,0.004846531657636266,0.019462191135513507,0.018828986887732713,,0.012466146974169146,-0.0018209692708449632,-0.002909738433305775,-0.0022052811877646405,-0.007136267914049865,0.040046453013172334,,0.022198009498734184,0.00045506652566040806,0.06662812125141926,-0.0037979195772219754,-0.01217782928740907,-0.006687239811311141,0.0074197279849321784,-0.002491286780276658,0.026137627467127222,0.06134411008699847,0.0012018227645262947,0.04211532249883465,-0.015868219688929597
2007-01-16,-0.013187432532804078,0.012699591583237524,0.0019194817205272496,0.002297138013039879,-0.010186197719672219,0.033470689477413496,-0.004709114448986695,0.014026882819777375,-0.0016964084876659458,-0.00925113771064534,0.015870884226422133,0.0042022064213620425,-0.004692986910470154,,-0.012255619630457848,0.01768580814093368,-0.007308987195454919,-0.014799794827798696,-0.02705380366784027,0.009541388789607419,0.03717530664032864,-0.012355108197279696,0.00435655789764855,-0.007444083060252238,-0.0020347349640292833,0.010640856696108925,0.008766187559889671,-0.0006942066441457673,0.015393150239938036,,-0.0025429914139680765,-0.009640221123529136,-0.006045589715404698,-0.011420461613148358,0.01437543337542535,0.043526612110190266,,-0.026143662963147296,0.0009099309268150169,0.018278004870984965,0.01579133271294708,-0.01028482432535427,-0.01468783398380713,-0.0004750977964507186,0.0017840271539770747,0.01886769621318063,0.008648552016483846,0.011403154377881863,0.024453207382407305,0.05355102192254657
2007-01-17,0.0021528597580602327,-0.002612817146134039,-0.03188576136677501,0.02791507111762148,0.010539117809988285,-0.006441053091138849,0.018216029010750923,0.021982272027686323,-0.014689092575244533,-0.007537691824388237,-0.004710633628666416,-0.027066560175619814,0.011969690791093335,,-0.010969604654620824,0.004156581243008661,0.003423436678726244,-0.009720098171678515,-0.002059743083392518,0.007519147664188264,-0.023371221882973026,0.010598543504151792,-0.002086416922710166,0.0027270726956605262,-0.012525624380839595,0.020867595342043188,0.002460417857457653,0.00416783426602918,-0.006309064627184835,,0.005098685282107995,0.002104922739465609,-0.001258621638662638,0.008198587920492661,0.02834388043977576,0.01818211976522921,,-0.0005414191440979987,0.021813091453186884,-0.024073576166087296,0.010415888722030031,0.0031657430846676604,-0.010558451673902569,0.03066312101985491,-0.003561780759772981,0.004630132303705015,0.023548714031366824,0.03287435619344792,0.016887521301194086,-0.004817458424509424
2007-01-18,0.01300139251959953,0.007708461940027389,-9.445977968447483e-05,-0.015807964088898507,0.005275747982169454,-0.0011868310420166672,-0.007667090330103599,0.02266645125291311,0.008277824015404445,0.008479182621206283,0.012147032045157102,0.0220657462698155,0.0007167394908056401,,0.024909317148029242,0.01175736319330345,-0.017246204660876008,-0.005056325627796565,0.01909188938641493,-0.010676258012979889,0.0053985396487887805,-0.006189061524532025,0.010893811570519496,0.015412786673377754,0.015929413520049174,0.0042872237113269485,-0.002280130910098266,0.00622654804064271,0.0011420615004358314,,-0.0026252772768454724,-0.001575074629339701,-0.005459634692772997,0.0005543494941671057,0.0,0.025735115242703,,-0.02296135874816785,0.0033354821389508515,0.0348373061857461,0.01321867179352143,0.00198932532056717,0.002510675919289884,0.0002305911659987725,-0.002263936059280325,0.030414517124803586,-0.007314742773700367,-0.02344009356099197,-0.014289779619593546,-0.0015807080167158372
2007-01-19,0.011225669410392713,0.01752699012688308,0.006927232417189844,0.014568895294327033,-0.007078986525137498,-0.021391422883203837,0.04448617549738598,-0.013298420271153022,-0.013151163082927297,-0.009801402304178142,-0.03265245340795997,-0.020223302196051063,-0.009670902260007885,,-0.004257575563808791,-0.011686312349475703,-0.016716811733078263,-0.0083709210916465,-0.01873421777295281,-0.003929075175634789,-0.03572896149131566,0.0025082637602460434,-0.006912238294487061,-0.010044663501498463,0.019744388553645686,-0.01095012742999335,0.008775649740605518,0.024063585336399296,0.011862195734779535,,-0.004461544636481074,-0.011832993503939848,-0.005701082789254741,-0.03047648408303416,-0.01722674874386021,0.0015361988437363472,,0.013080902908536807,-0.002659494300714993,-0.002613831604059813,0.015462760411619092,-0.0006158725893294914,-0.008766674637802785,-0.04173395782536027,-0.006806570540228485,-0.027727932301988223,-0.0281162088571969,-0.00035292849498547163,-0.011623791248192017,-0.02463808301289927
2007-01-22,-0.006436273387508518,-0.01262656054822242,-0.011325494012282222,-0.008321592528056532,0.003482671716554586,0.020737925148768932,0.08305298054178856,-0.011152232039695398,0.014129349560571658,0.023452286764980457,0.0017723453490035013,-0.002063936768112229,0.0018085327470145351,,-0.01817194704140901,0.021183173571004632,0.007593566870405022,-0.007537035126074176,0.015995780528362813,0.013253561879590148,-0.006050605331650805,0.017170076583630234,0.029047481243458018,0.012852133636132912,0.01907733178953208,-0.001001223820522923,0.006330101437240998,-0.014098896017362361,0.005906479535404463,,0.00851482748204524,-0.004523774467427355,-0.006370559875793158,-0.00019067406495565375,-0.020157732083107338,-0.039877458623394424,,0.004595527657675236,-0.004444482626099311,0.025681321174095162,0.004298722124502774,-0.007535889567378051,0.00568570512573352,0.025264447324583994,0.002044003640896852,-0.010119719202440591,-0.021602105472070532,-0.005296804225618956,-0.015372302822685424,0.005883962579609436
2007-01-23,-0.009680573005292792,0.019958374940965085,-0.022152652256979044,-0.01320097103467277,-0.04123928875825522,-0.06808810880550475,-0.04087761533559431,-0.008925234429374651,-0.008184068357877994,-0.008362898276550346,-0.0016084273567799068,-0.002850303709545754,-0.02490990647277791,,0.0009073025010788438,-0.0015095264568808497,-0.014328441185791685,0.0015190118588472856,-0.012188993819269967,-0.01333959397587492,-0.007595845098520071,0.017643259513400622,-0.021144046695245722,-0.010685485842421794,-0.00949965590902535,-0.012835574692658724,-0.03591928358674934,-0.06707514605960707,-0.06965766550344665,,0.0037770459910329013,-0.046244098493299135,0.004915374688273522,-0.05411574758375193,-0.035778094111064696,-0.03514374446935209,,-0.05456904300550203,0.00267849057600289,-0.009095432426152517,-0.005485949244177335,-0.010009103543715314,-0.008165694255915401,0.0021125194999591645,0.008519408247631421,0.004646798645462358,-0.011039247775599836,-0.045201907745759384,-0.05189227384635442,-0.04292998473139542
2007-01-24,0.006577799071765922,-0.004131245590942356,0.024736186599924714,0.0106292993152719,-0.001277891834967626,-0.0001963846726980023,0.017155872545436823,0.029586114995834967,0.003415796901650392,-0.0004924133876886838,0.01957304546629235,0.02337681215135179,0.008515584927008213,,0.010152038412536646,0.02274021141780702,0.03486886748133933,0.02517398411259264,0.07300764136323323,-0.03619337201084216,-0.013950512801740644,0.0060850236930349855,0.016540505323399568,-0.03510358308233508,0.005641613661291789,0.0027273163184036164,-0.005704593731120089,0.005474123034692857,-0.010648289141635958,,0.006242166028474605,-0.011771139868406943,0.04615064980827133,0.012490029223763965,0.01855287239988712,0.019867701835809992,,0.012903218510578851,0.0017810631008767785,-0.007735417091406127,0.0015153098740916526,0.0029982121578340237,-0.0025336022468910313,0.0009369076910623608,0.030220032590777768,0.03145234432869404,0.006390909125132627,0.06531193367837718,-0.018684644070486645,0.012645166775758998
2007-01-25,0.0008034185757046508,0.049559919189839485,0.007227597652725404,0.017341432763590126,0.0033261067393044463,0.01041161997506479,0.007001184060547283,0.020051713301245888,0.006349539644453062,0.0031111722944403564,0.02907252084726486,0.009203011389457227,0.008810673697514426,,0.022254260200174514,0.03296061757668234,0.060941424132991084,0.038166025200579545,0.07235256715908789,0.012662891926749076,0.015414480670047581,0.01955269068751364,0.014879933934495604,0.008628714670219528,-0.0022441364708830625,0.015244493430605743,0.031034757095912413,0.0018147733854390058,0.012905575646407152,,-8.807870720206612e-05,0.0062388227928587,0.041268539672133286,-0.008356449849524772,0.010928785432239296,0.029220773368936026,,0.007620511865931379,0.006888948070453926,0.01985256823991932,0.006052882306241347,-0.003128357703794493,-0.017778080483308867,0.014038171933440813,0.04296103930325379,-0.0322871527369013,-0.01096100380065046,0.027687362567250684,-0.006250689692958611,-0.010371444828749854
2007-01-29,0.008536446503645267,-0.010886176514400603,-0.003470485891260422,-0.03580611403675393,-0.017255449863137984,-0.020122714202976177,-0.0035815258637149627,-0.0019502744955061102,-0.013455404058381304,0.0015171825554540774,-0.03224314475719625,-0.004668018205579383,0.03784555016186131,,0.0005269053486476327,0.025715684244925763,0.017941664560575887,0.0316330476189719,0.01027734438239336,-0.030399478309064087,0.0033610364010789873,-0.005444535422202468,-0.01181377984993115,-0.006011713302693011,-0.03457951739700138,-0.0031773023637972075,-0.014120267293557753,-0.027173771437139282,0.002307915900723101,,0.002947821804457851,-0.0005633668292639449,-0.03455672229243567,-0.012640837221818413,-0.039639529851140165,0.08149301748755633,,0.08748148236938236,0.010373074599089094,-0.015185551980639311,-0.005354822512471102,-0.0013248654299000684,-0.03619867285425871,-0.02145807266607025,0.02602158168596791,-0.015755143448610287,0.010950562358699845,0.004980529745982176,-0.01785368020389877,-0.02544684737417746
2007-01-31,-0.011466442013661093,-0.005607992329036637,0.015248338010932727,-0.01553410745375805,-0.013579097457142142,0.06071462728295818,-0.012897970907853273,-0.014268316677256365,-0.015295370301438571,0.0012920581117108476,-0.02705053134097568,-0.005944485167000857,-0.003857013674866683,,-0.012985255442883203,0.00568001708407162,-0.10466439347543899,-0.02679557616211503,-0.04334368095116459,-0.0235142301239597,-0.026206099042788034,-0.010621744653733778,-0.012755425034818746,-0.03116962021689762,0.016889788189519583,-0.005063100322615366,-0.018308427954747297,0.022718954864726415,-0.021058281664559253,,0.013292447312960087,-0.013536324460516336,0.010717714121606603,-0.019508062980697072,-0.0009380780309767855,-0.012639683454842121,,0.014324589107399088,-0.008519279352496079,-0.043257697194442835,-0.01935531889700748,0.0003492085683587387,0.0046948028959261645,-0.024522708498621593,-0.011547582081405383,-0.0178907600047723,-0.0009568336515221043,0.032665149269588856,-0.01950820632326844,0.003812098364025296
2007-02-01,0.008159710379590512,0.031441614951285946,0.023502667579304637,0.012166321968922533,0.05484651392835049,0.014122279439768848,-0.006104663697049317,0.008212929664465962,0.011072109473333036,0.009633881232961716,0.014757518604398223,-0.0006032680208513108,0.025695419277708575,,0.009955695609092263,-0.009928432496704831,-0.016133469779572862,0.03888728276844411,0.051618693771419144,0.0319366370934302,0.00593702870673507,-0.019654896189803872,0.016596309239998552,-0.004562123254629902,0.0014321947758519915,-0.0010681150682297913,-0.0017965985579272425,0.014566473408307967,0.013964971053527231,,-0.006970085809534954,0.000857785312397219,0.020208253217109506,0.011398942120861122,0.015962382143827503,-0.0004925029873048548,,-0.008596325287133166,0.011015943523895233,0.028556061527624355,0.003947679324258546,0.013123149709848736,0.007343209769163694,0.014986820729106842,0.008625423300794965,-0.020134273436330452,0.019682217622601028,0.01745202653883493,0.06431170576652256,0.00684367185921575
2007-02-02,-0.0018511196358121929,0.05337972134963276,0.0019474601676638947,-0.00803101352646951,-0.018246043897517272,0.08410970961235398,0.0518318823974917,0.048843529381848105,0.006540188930598934,-0.0014987402967916452,0.033424228702331416,-0.0058189250491537114,-0.0062809882588136245,,0.027988246845358722,0.0016012839822658886,0.01147592182695023,0.006284302456455615,0.012048334836406438,0.003861698027268101,0.008549817440716811,0.023923867537587906,0.004626435321233968,0.008441708088814392,0.013153902180918609,-0.009433141800127665,0.01195176412415222,0.02548480174992629,0.006040800408909641,,0.0015257073142891375,-0.0025710192843825252,-0.028829398613249846,-0.022745790644269848,-0.002772699389587796,-0.006403950333287889,,-0.016824717996850813,0.03639127125095154,0.06267724690872667,0.004976212018883874,-0.013021985230046829,-0.005964525430480649,0.034055727554179516,-0.0037887238621534536,-0.007827706489070385,0.00854072986098231,-0.009755505045112134,0.030307223154354412,0.0027400871613276756
2007-02-05,0.008945089120318439,0.013690658182988313,-0.002486121892197657,0.0020106819425671496,0.013547026809334728,-0.039047028143193274,0.03688157137805703,0.007439213592929983,0.0040751124302988995,0.0016556358337260768,-0.014383751341569329,0.00496934487768752,-0.00807537430154226,,0.01078754692793038,0.006414603338511737,0.015894199200161996,-0.033125200801118804,-0.02072296517936789,0.010111602248717544,0.02586973084647748,0.008556169506439337,0.019743816908310174,-0.005739833770532332,0.0025403435101605254,-0.011681618562475737,-0.0074704863157765145,0.0020999636980973957,-0.00043224299160160573,,-0.03134242638581419,-0.015749909711694765,-0.0022212372676613246,0.005661463882609352,-0.006487270544690671,0.0674270590264272,,0.03622019920472508,0.01492854061459914,0.003364654204637496,-0.004737923166519997,0.021081887003480793,-0.009999823602574232,0.04444935300277986,0.00032577621070695173,0.004930601274968804,0.006859246846707245,-0.013965591501505004,0.01525785675076552,0.006707508798489137
2007-02-06,0.0013338843760601904,-0.01344171589181098,-0.012733971042187098,0.011724026257447395,-0.00045924134731423205,-0.030364945552052602,0.004940049496108712,0.004844149058081504,-0.0056668196887846856,0.0016079167801525962,0.0014992619210640878,-0.0020326404037859236,0.0,,-0.00677623230815827,-0.0074856465655792626,-0.0108554010912284,-0.02021910503739066,-0.0009005877918327743,0.0010881242055931217,0.0017592349610195956,-0.002202289086649767,-0.01116010021606284,0.006013600835901967,-0.014358119332054775,-0.009314481808105235,0.0016487710687136392,-0.0038419534062281713,0.003988821078434679,,0.04408575477318255,-0.01367496097711296,0.004250105066127885,-0.0002085605465766971,0.010261183576844468,-0.00092890039542326,,0.03921004714004406,0.0022787710036811237,-0.036887211816160614,0.008230784103798516,-0.0161346428662148,0.035016712821722695,0.03417865222638272,0.0059744053532937436,0.0009816397645956432,0.003700954543795598,0.014273063923898821,0.006002510466305289,-0.005640292972664218
2007-02-07,0.004102816053843217,0.0029844288300528987,0.011613121725436493,0.0263595545728601,-0.0012118354992964875,0.00949527968782271,0.00344121872923675,0.02430914852503685,0.0060850739183648805,0.03700052880576665,0.012602236002702272,-0.01794745921831642,0.012035218909723255,,-0.0032404483756396374,-0.0016400894866975824,-0.0007544692180906365,0.04327860908323089,0.0486704305716954,-0.01929235877533242,0.005428323607001628,-0.015042786286042609,-0.0009449187195053055,-0.008369148182465258,0.0037131245701007565,-0.0049930251402817705,0.028071333654961172,-0.007012729450391109,0.0169441889533799,,0.009684540889450588,0.0073742938363923205,-0.0012089715427378023,0.0075080178325606095,0.1403506699090109,-0.0148768055370464,,-0.006337288001260433,0.0008266024665024574,0.029185863919346522,0.017729061138977986,0.02696152000994112,-0.009108777881240981,0.02302776235637083,-0.0063708895428951084,-0.018627566569450082,0.011437970406104947,0.008226965341479486,0.010586942285747636,-0.00021270712970056227
2007-02-08,0.001541528905205647,-0.00815049424244041,0.007123807343128563,0.016833793879717174,0.008535185612071672,0.02034890556946234,0.004605276633568245,0.0082646784367848,-0.0013783219147405212,0.007063935365047014,-0.011434404897985306,0.002354025295677742,-0.0013988745059332341,,-0.0015399584198527716,0.005750725615812691,-0.004091311941441411,-0.03846135341923773,-0.009024558207856748,-0.006095575581782975,-0.013973799552231547,0.007719357060101517,0.011506966172953215,-0.008440218747932104,0.004268592145445282,0.04294546421946288,-0.00696114784762103,0.0010593648798113975,0.004000860102678416,,0.012021598646962728,0.0023429784264463738,-0.025423776594550973,-0.010349964535112277,-0.02105258854717751,0.008022783352920948,,-0.03541984743518056,-0.005988928288790607,-0.0037811628159086785,-0.008590474323450503,-0.014615152034866297,0.008536337087691859,0.02250942076423268,0.031514957229005214,-0.0009987060531773118,-0.004349254366500022,-0.015889865673079373,-0.007368834170601524,-0.002624042289515849
2007-02-09,-0.003758126631979164,-0.019109071689410007,0.0036041491240217383,-0.0035512197338509743,-0.004646328659127064,0.016309253160490034,-0.014630014802384572,-0.02311073618233639,-0.013108272858096348,-0.005244840340762225,0.012038742010683112,-0.011297566933636038,0.016462181840131596,,0.008740283766480728,-0.0014544817756582118,-0.02022181643258736,-0.007143012285175998,-0.015177612894736514,0.009199284915051509,-0.012186423031557037,-0.011284300466757768,-0.021661205134730688,-0.014105058419321193,-0.00028317475438344175,-0.010622139919468698,-0.003785108380811586,-0.02045857029392506,-0.02953455957244755,,0.0002105384485580064,0.005258272140199027,-0.00973088653239318,-0.027609185103058098,-0.06865175129241508,-0.08473808984301712,,-0.03956890822312298,-0.04093086667110535,-0.021074451881505585,-0.004016039959269246,-0.0028159099708271462,-0.013021094882662454,-0.020994567767646966,-0.028023532132040008,-0.025000294624378028,-0.009985352777523882,-0.025638646481397354,-0.05035553627600342,-0.0006757295858319523
2007-02-12,-0.02360236857520448,-0.03444154005363498,-0.015936591688898605,-0.030115922551094187,-0.013295529466398559,-0.033926327399625755,-0.06503024233347066,-0.03236905282470326,-0.02454588260261159,-0.0042351131090879734,-0.019748147299464613,-0.0193456973339744,-0.0075809927963125245,,-0.001699355775756417,-0.0639687262445141,-0.02093890371572449,-0.14129473808993398,-0.053280352319730384,-0.033147461180233484,-0.04266052177132418,0.0035821665758708487,-0.031538816565883754,0.0032072390467083878,-0.005952270233068546,-0.006062712032765205,-0.03002866927145098,-0.04645325630471997,-0.01792178214373885,,-0.008254288185782666,-0.03196729055646197,-0.0158896784617667,-0.0400085450967097,-0.07548840788391609,-0.11099747050564868,,-0.0336790495517969,-0.029029708788727238,-0.1011124272813726,-0.02621963009029582,0.00984771948967178,-0.062005152771957284,-0.08182409681517722,-0.05484481363179883,-0.0246153963275475,-0.048077307447363715,-0.032358925086707124,-0.03159872770143257,-0.03902785542777243
2007-02-13,0.0051876845260570015,0.019625185719267746,-0.024953170177400064,-0.010608946752177384,-0.00870140311746248,-0.06472889934925552,0.0038112662727955993,-0.027971747445333373,-0.002308999595009076,-0.020010976115736767,0.011738543068658513,0.021688776559900758,0.005902804400892858,,0.026038358054576216,-0.006858016276578227,-0.025796609928304237,-0.042895678547405725,0.0013951796672690975,-0.009484988832071495,-0.01708684061378285,0.0022412133749589724,-0.023135756348344194,-0.011556602276759698,-0.012261322017580567,-0.003050139256185025,-0.004425115492537213,-0.01246201084889742,-0.006050419470228108,,0.011847493799388653,0.00360240404726464,-0.0044615076960397015,-0.012547844729381419,-0.05859756834829066,0.01956279970606567,,-0.0005481839511690678,0.007809289840659206,-0.06401805207472988,0.015035794511569112,-0.01759319890627975,-0.004922609347711493,0.001134071462584263,0.027522648568786057,0.00946387250251024,-0.018939624912130082,0.019208428934966548,-0.036422851985902005,-0.0004070792815030755
2007-02-14,0.00808933713180604,0.029783305216160905,-0.04814268573597946,-0.043414650137097444,-0.060593296094257565,0.005309019788733105,0.0112844697933423,-6.206703369626698e-05,0.00626523979428284,-0.008483916729386087,0.019441585590828314,0.017163213065833238,-0.004832573838937093,,-0.010615279679535239,0.0013159753164573296,0.014338770556592273,0.025560520837332623,0.007431527320372222,-0.01909456966637202,-0.011608332428726165,0.012423501137724058,-0.037995413158096514,-0.0027364747653613186,0.004330316023221759,-0.008030612103396395,-0.03246208313074406,0.009942354712666024,0.008957470209161711,,0.06022344537326374,-0.013161860007175563,-0.030302840747725268,-0.04719758960628173,0.01734687505856769,0.03611751275914332,,-0.019409799233100045,-0.020588957401883268,0.011399432551379318,0.015547703392077672,-0.012216301115082318,-0.007067145442458012,-0.0135900257152759,0.04040197035016213,0.006249849517047323,0.005129931126359066,0.010558690708959206,-0.029018273693884766,-0.03329630405004813
2007-02-15,0.021712972786781526,0.040595606317242794,0.024133904953817176,0.038494807699030575,0.018416195832397175,0.04954399880497551,0.010428638615190389,0.05027741786413098,0.02498519057643045,0.04302599718334532,0.04121818639979846,0.006050854384332727,-0.012486767796780596,,-0.007040991913087491,0.028166595582917564,0.008435257562163123,0.035165572232422226,0.0484094275326723,0.022465588578885365,0.05404934109162718,-0.004744693529000643,0.04107115126245686,0.027438480628501294,0.0017244595386285422,0.014199300815699312,-0.0006589325079605635,0.03559283274628,-0.0017168296756406853,,0.007362612769862276,0.009700057491874636,0.021566721526623978,0.030959585402250855,0.07021063005669115,0.06753800186131564,,0.026727533913498247,0.03458406588078833,0.026858672416145923,0.01911561560386965,0.04771253157310795,0.03772222980657358,0.030080328580931015,0.037330870342901834,0.008281824686728667,0.040607264955569766,0.04482659333922445,0.004833474503218804,0.03440435361385141
2007-02-19,0.009808595261447284,0.008319149868764253,-0.00820708293038841,0.03222463018097921,0.008462417569755631,0.0018295412230384667,0.010320940564494396,-0.0009438388549092291,0.013581243069623383,-0.0028745590267656995,0.0062779930241920745,-0.00011059329271823071,-0.002810000878053387,,-0.010130203928580661,-0.0036261747328418803,0.0030440974297767376,-0.020118949831105404,0.05013186090299615,0.0005749864240791602,-0.008980763623484322,0.003863281250652939,0.024432446361855487,-0.0036417785414746273,0.0008605802700603071,0.000950257772752261,-0.0030332842180093023,-0.0303472921278074,-0.001817910951893209,,-0.001061132133150955,-0.01110765946298431,-0.02240414352192277,0.00993323405978308,-0.018743897254671182,-0.025510279946605596,,0.09988031348264625,-0.00961346774895222,0.006422264273287626,0.025838891546145604,-0.03789352866196449,0.0,-0.03053948233508552,-0.015097951572144441,0.006160082186125182,0.031277956478738655,-0.030430236779525943,-0.002379372634464527,0.0014818969165004692
2007-02-20,-0.004328733397673701,-0.010375675355074887,-0.0015967759322396136,-0.010967298710794715,-0.02150871211854144,-0.02894721626158192,-0.03330266030291584,-0.01440747607976578,-0.007825986658852702,-0.006796903940385124,-0.024954078007093594,-0.03310698756001307,0.0007045375100733775,,0.00767529336671835,-0.00723626592266613,0.0016831432924024892,-0.0010096919441533458,-0.03224449724865952,-0.015865470451468355,-0.01454351949601329,-0.0024565370537524833,-0.0233028979265556,-0.027290254120637347,0.008314540257195135,-0.03594936147518313,-0.02855410050886753,-0.019985048499012503,-0.0019688906469176315,,-0.01482973805759713,-0.01609009359518121,-0.00374611127028035,-0.01189400830794285,-0.025788066621638572,-0.018324608756431493,,-0.03485844632727675,-0.0024265674612674593,-0.006149074044482727,0.0017324631345088104,0.0016726429534064113,-0.017146601652269444,-0.007358171731911778,0.008189689931893618,-0.019387609071495615,-0.0008344237013295785,0.005101324358749881,-0.009177106646548583,-0.010096592244559832
2007-02-21,-0.005549209624525542,0.020147816731226564,-0.015122065844461297,-0.00015478099736232487,-0.0016702205042107288,0.008933829129155413,-0.007080221025505873,-0.006559786919266397,-0.01208109044337835,-0.020784236182211813,0.0062473081558771515,-0.0035956133864032402,0.0035196308216332017,,-0.04197704767125643,-0.01909188511769655,0.02398272195693507,0.011792360478233066,0.00908703747578099,0.0033292181171986623,0.013566253357966351,-0.012312264714025245,0.006048726548049332,-0.01878772836664988,-0.007961401355910835,-0.004989455776177931,-0.008909651736202284,0.015485710834703958,-0.008976196227356459,,0.02108222198624432,-0.016969878577098307,-0.0019905929320165328,-0.010879542858896585,-0.0166664334045864,0.003733355834575791,,0.027498550363436847,-0.01857570311011314,-0.00011697364809182265,0.006344173919171192,0.0306217921587415,0.0006975841657126391,-0.009265753083202544,0.03999169437271832,-0.0010407494642792336,0.00238012075788685,-0.0037513613091660902,0.002302419147939938,-0.006313751134226497
2007-02-22,0.0037671958410019357,-0.008481979465468692,-0.028248079379466273,-0.023831718874195884,-0.02518312942231571,-0.03141024361054523,-0.04853130508765402,-0.002804143616437438,0.008139578268818504,-0.0101259051561845,-0.02775251979698934,-0.020618281175450504,0.0,,-0.03851600781655773,-0.009397185993090473,-0.0006712262676543679,-0.02131184499300398,-0.029588495552276495,-0.028002528621576817,-0.022737351894729252,-0.009557027079398317,-0.020208162443944855,-0.022465954421850065,0.0,-0.0035629022385053055,-0.049619196698262424,-0.040030341182485385,-0.044640046283946355,,-0.010558021894293335,-0.026365349620647738,-0.041001994381149265,-0.0161478209282363,0.023927736948244682,-0.02869265716103564,,-0.030956687530977023,0.01982860540253495,-0.04086414441170583,-0.024212551819691286,-0.03369587802977059,-0.06764300781515664,0.01987368108868237,0.0008010724850913142,-0.004166521129163048,-0.03244861902154583,0.00354401256693615,0.0032369476959301924,-0.04432852300629486
2007-02-23,0.0008499966994635066,-0.05594750134558857,-0.029474524257796286,-0.04142873002874192,-0.018412790203183982,-0.055138506697239076,-0.01868005940971229,-0.02567135539055221,-0.013095963298917379,-0.021770333520440555,-0.04085560031990987,-0.029240296520581577,-0.002806288845036309,,0.023153673989522172,-0.007108884238242297,0.012216023360363426,-0.020415400120310068,-0.012814780993908426,-0.02132240987399958,-0.019083144879484926,-0.03557632295091551,-0.018749988021932285,-0.017237266593587708,-0.042418719452939846,-0.029929854003168943,-0.062267426904132894,-0.021445644253987206,-0.047299111439943586,,-0.049164062648913265,-0.021599081337389747,-0.015946291215209296,-0.003092452075651231,-0.056475021185295016,-0.052516421844592154,,-0.027308405788625367,-0.038665410891448815,-0.041265926326946034,-0.02971655268670237,-0.012857994316530563,-0.024682058698416443,-0.04080684297512316,-0.017210291779625075,-0.021966574002454498,-0.03267621366052886,0.01975479635675015,-0.06702751840357069,-0.019474531211199353
2007-02-26,-0.004740708663373394,-0.03181419708959321,-0.006731331371774951,-0.0033077203637831287,0.02853912906409284,0.009165621656355594,-0.004673265937765736,-0.010954991402413183,0.006850238884509086,-0.00873687227959663,-0.015562458310421134,0.0056028679154978,0.0014074388554075057,,0.017061605418816184,-0.00729169540847896,0.021187799259826612,0.010420610267378727,0.018352412756272196,0.02760098018056123,-0.0005258259797475962,0.0014788562308629682,0.017139775411691538,0.00744115058379502,0.019454953017250975,-0.0011604374647864457,0.030018643657749422,0.03449683635490142,0.03072877901183202,,-0.0025355102763524595,0.0013177880738062253,0.025598904516200616,0.027678254432229155,-0.01341595422912567,-0.004618878519612735,0.03269106815499767,0.001377430261566115,0.019305964973354905,-0.0011426894578051572,0.008382649197901992,-0.01040655041203098,-0.003067254342206449,-0.01888161278758027,0.0121157116524373,0.008556407127934484,0.01709013614140864,0.05681842868260811,0.01176953443987272,-0.017654205224868602
2007-02-27,-0.0007819285776802243,-0.011886864605926473,0.02537428641064854,-0.031194548546727763,-0.01768663094464651,-0.015743058280446642,0.0030919661733614934,-0.01848121874330344,-0.01706743053620763,-0.014043019701426185,-0.014748830693408155,-0.020188232279950924,0.0010533187827350687,,-0.02101351176163413,-0.015287780683964303,-0.002141913432514131,-0.012719323989355935,0.005275170974757382,-0.019296218328077264,-0.008709303280849845,-0.03596566657061284,0.009962156861286209,-0.021630363028813382,-0.0299472903622634,0.0004099641642052454,-0.000727087488612721,-0.014123191787449252,0.01941559152790151,,0.061088304404658844,0.05363621810259955,0.024731049980449837,0.0018576430854464476,-0.02405827605497557,0.0017398904263885573,0.018213750793693695,0.0033851203116848083,-0.008342799267034295,-0.0006353523317850218,-0.0039612718346516695,-0.016810875598905373,-0.016153952132437643,0.004141635987421788,0.000301864469069546,-0.008483816143016298,-0.006782492916800331,-0.003482067624516194,0.044048485112724745,0.002328246385792543
2007-02-28,-0.037675058524188065,-0.0059459636221164125,-0.04190994888637056,-0.05286584031967856,-0.025534379852136135,-0.055265090152529006,-0.029797937734295288,-0.04744074392548936,-0.055965790555235206,-0.05004591438877104,-0.0697213953043796,-0.036378147161866936,-0.018245442203146833,,0.020562655601501056,-0.019591972303140248,-0.056492713478699885,-0.03098872422970611,-0.04897258734792087,-0.04949275498750205,-0.043163058654416164,-0.02180746790522381,-0.05112438489313298,-0.04906955934964685,0.03934635454718416,0.00696766836122964,-0.05319465969148174,-0.07839228833556766,-0.0612480360574752,,-0.028785528984635045,0.006558348442860185,-0.020111832048685052,-0.03383549041551581,-0.054662631114473115,-0.06543132715723854,-0.054088960317887236,-0.03848564004044375,-0.02501115973915602,-0.06944821022494252,-0.09476298117002524,-0.013751697112752481,-0.042220446214178975,-0.016739590374703406,0.00010018138498746332,-0.031016279471231423,-0.03035489417515591,-0.03853639837678702,-0.06215000760782108,-0.040424086614022636
2007-03-01,0.011275887568934051,0.013979892337181665,0.04844933221101577,0.031163317837674454,0.013245729128011918,0.05220295602525704,-0.008590246901711507,0.03624512749918285,0.051323538149683046,0.03927719486686443,0.05174274071320939,0.010025245744382572,0.015368409515748915,,-0.007776412267705868,-0.004766978606374206,0.019429937071445025,-0.014732342119613495,0.0009195318511068251,0.008241726822280304,-0.007580087814227587,-0.0027637651956500253,-0.0009505037586433618,-0.0017012301869530067,0.004659379083228998,-0.026795919236552668,-0.02160556952503223,-0.03540593147543669,-0.02849231770727323,,0.0049329899643946185,-0.028544806886183327,0.015507339155111488,0.02926373306241903,0.022675833863393002,0.014870022490216517,-0.004501948520903021,-0.014146303991607878,0.0034979463428086444,0.03854571909031157,0.05292401047871009,-0.014016808685702209,0.009795649107375848,0.026400184159266038,0.0011062549667439914,-0.028697292213086034,0.03371343027753193,0.027789657523702438,-0.02049469167327933,-0.021912303308648573
2007-03-02,-0.037689821609551366,-0.030591899203237127,-0.04355818476352924,-0.014555798734434466,-0.048074719585381454,-0.03001532990025546,0.019584544563565842,-0.052790122539590256,-0.036743475596181074,-0.030405771358345768,-0.02924786537842039,0.003705686940951969,-0.004224248918624607,,-0.013359653625111267,-0.033664802222960755,-0.016952816237236212,0.004376285509827493,-0.02250819370955992,-0.017299202222051502,-0.04309456275361889,-0.021616605890961482,-0.009275748227924097,0.01704090720562279,-0.03362302571079634,-0.021399777492388528,-0.03134535246297088,-0.017009903030985707,-0.024934180810090245,,0.04430032233019365,-0.019482661245438404,-0.03682901771158231,-0.03542288396635995,-0.052106353551172435,-0.027472604634324882,-0.01402113271910188,0.001000942676775196,-0.002556377890605588,-0.05317193350360683,-0.001106405524780918,0.03666336282864635,-0.02101848456283828,0.027404059874512,0.0041180382900145585,-0.02045486394376117,-0.03991058398069325,-0.01892685057966148,0.014255678750977996,0.03156464527859337
2007-03-05,-0.043192637276495804,-0.028231991718587923,-0.010185603940065291,-0.02532914079362303,-0.04214323880353976,-0.05019135063177582,-0.03853312560488975,-0.054056909038594614,-0.0438539661632833,-0.041246715855163596,-0.06487302808590878,-0.032356791777224614,-0.03287373994381293,,-0.07835361725237633,-0.04324950569581809,-0.05120041820053389,-0.02469130628282823,-0.08458634095326267,-0.0457827712325124,-0.07955876513501381,-0.03965643266080732,-0.07226019436081688,-0.0279251702099651,-0.027294720967114827,-0.06581671779896503,0.0024565689529212342,0.020036342191904977,-0.050383378315111305,,0.006704221125980014,0.021173215040514393,-0.04033578159978046,-0.09833309702960136,-0.08771932682353922,-0.10860016476152445,-0.06376164781057336,-0.07434107118119959,-0.02213417588684341,-0.01292739429908496,-0.037597193248625094,-0.01125990991435466,-0.10652334413970987,-0.05732341754303716,-0.020206117835147253,-0.027842090856024737,-0.07590527806429559,-0.08840359088789607,-0.08126955160146443,0.002314561004358451
2007-03-06,0.030571178684835276,0.04951232247923487,-0.00010791178307056892,0.03207362292830229,0.02649216576692437,-0.03470681534637665,0.048916266635901984,0.034446875183274495,0.03608644233074054,0.05345901170561862,0.0770091411252265,-0.00530321083509222,-0.02814326828867575,,0.04485810284136971,0.010635086254968673,-0.0035492194148876166,-0.030528749748373385,-0.0020532544848050893,-0.017975455409796504,0.022490333978852473,-0.031560220049938636,0.02438866723333466,-0.014651054728162194,-0.0006170057871214274,0.041860598515082614,0.009871742298033448,0.011607197274302816,0.05065315585709662,,-0.02349965391161246,-0.018501125218359116,-0.024781259124533328,-0.021436092683749575,0.0025639680739939497,0.0112677559514891,0.029887488796863648,-0.015126480360557082,-0.00810098278947613,0.024221927332757742,0.028608357261228567,-0.02591449575733462,0.06931615843557148,-0.020352490675729085,0.0010211440390603954,0.0035802158634199444,0.0005946636874092359,0.013488292241095934,0.01122697268692252,-0.02036611303593272
2007-03-07,-0.0070883574720759235,0.002913525706515374,-0.013362674777322114,-0.022703129247516274,-0.023936191147330588,-0.036534086895797846,0.009119280820402365,0.016596993486077904,-0.004551831714792565,-0.013762313547747373,-0.04227918590959301,-0.00533234232503188,-0.004136839769355194,,0.01930987029199427,-0.007688982230900421,-0.014327983260889021,-0.027649559687116576,-0.04732547311304258,0.016515056310361986,0.049506545816483616,0.012690209909544059,-0.021345174594611938,-0.024489843876915218,-0.02375766612190444,-0.03212819268576128,-0.009799090562023549,-0.08384818697702712,-0.04926694289467082,,-0.04064435005496225,-0.04094871712220871,-0.051569540544493364,-0.03012050145381928,-0.03708440680588554,-0.05710316501920676,-0.008087386642042782,-0.00012204030506157704,-0.024742095025836686,-0.011274453059633927,-0.00885488069670226,-0.0006742836510794659,-0.014693220305259325,-0.04256380615745803,0.0,0.007134190508721661,-0.01599263653959171,-0.05220280198849103,-0.0323309500411576,-0.017789274324070625
2007-03-08,0.03639444877021014,0.04911471604731399,0.06400516854293037,0.041452992293542046,0.03618827171137662,0.04995753602678432,0.02699608496630046,0.04719203273607531,0.02231870038470607,0.02416840368831341,0.03367352680862634,0.019153847311813355,0.027568015126419043,,-0.0011033284603074733,0.07991842135593341,0.03509555166730216,0.045418459272726475,0.13012995244722037,0.038248031980527175,0.005978879015879679,0.04771953303350229,0.022585041589632926,0.09862488079519083,0.011061618987574295,0.048544324843202036,0.061136795830005086,0.08718691704575976,0.027945889384373812,,0.011970382032596483,0.03320854267388529,0.0861569408361973,0.04573672769904458,0.08499353797566389,0.07090090066543242,0.055155901363353355,0.03730363744079179,-0.009852189057311889,0.042414085092249865,0.017901560728722066,0.0023994105359099738,0.007017517987260247,0.041015852936931996,0.0055073338427495955,0.029515905571056766,0.039297869257554296,0.07662531996935851,0.029691898122883753,-0.011870023415320952
2007-03-09,-0.012990801028418764,-0.010417907437356821,0.00282314297930486,-0.005098610812844351,-0.016661503746232098,0.0465489158047927,-0.023836036151068107,-0.025765804665478287,-0.005129453040536025,-0.006929699306566173,-0.011965129411377173,0.005003478912804171,0.029400805806507613,,-0.026017418992393737,-0.03530016435570249,0.014149108564427193,-0.03022283022069505,-0.0057335585756919105,-0.012649110516916418,-0.04140560382500025,-0.02353859332577779,-0.0064996207290781705,-0.00027180961082562405,-0.03626110311950825,-0.013124770921677853,-0.07110982810131528,-0.024811709292800632,-0.06241380372436811,,-0.007952933763911263,0.00426367367647984,-0.031680466322726475,0.02537808464490854,-0.019584307324484462,0.031724204863392336,-0.060909271606319426,0.015865591635783716,-0.02039772611409474,-0.010138836951423258,-0.010298589076414344,0.034488239308978264,-0.00783979656135636,0.006354999277840889,-0.0002027790371108562,0.002294020508571748,0.006148316868134662,0.018101876012605045,-0.04536574390504522,-0.09438220870961511
2007-03-12,-0.0018965034997566743,0.02531958873819229,-0.027484967241182878,0.011763326298476207,-0.008599374138435367,0.0058064920927285435,0.005476758882179578,0.00983772072696687,0.018850842274910073,-0.002663742505772615,0.010872485944152688,0.013019900937520923,-0.004998320324818284,,-0.009730984007027321,0.0034804200900278026,0.003911857900543714,0.001947949807441507,0.004324858769525486,0.00997177800975857,0.005927121493969123,0.005879404060160853,0.012576263397479082,0.006802694265173992,-0.03600405872037038,0.019364261538793226,-0.027971594437398162,-0.0422538100518598,-0.04410152825344826,,0.045171528485645984,0.017309054798260393,0.023476338247339745,0.008162022747320696,-0.006242144341763511,0.013369092973115393,-0.0038721966592856205,0.03146695841872482,-0.031995913807210896,0.00512129926273075,0.02439717544030562,0.010702816161709316,0.023704982300746247,-0.0002530642080933454,0.0003042302471829572,0.026315081752588565,0.003561101190774796,0.00430708702614524,-0.05515284427916001,-0.06086327504889788
2007-03-13,0.008398480194002689,-0.005328666875731636,0.010631059205084226,0.010245427998484713,0.006364373959806935,0.07526409349360841,-0.005106424017841005,0.02185250469308775,0.02461527534671637,-0.004845618120570161,0.021161145745446808,0.01707426364206177,0.02224617764684589,,0.02736044281861738,0.005653935896530848,0.02124866466547748,0.013607823384268247,0.011005060656409826,0.010984637917206053,0.0299357937502176,0.008865232946150492,0.005582651139094397,-0.020810895753863523,0.002355272902720751,-0.00121833711358188,0.020086303130761207,0.0052186519758044,0.0035491475828151042,,-0.0012461511917576384,0.03531304253932088,0.001708131459807971,0.02585522102603499,0.015075685716241516,0.028363977011113928,0.036929191150033125,0.05843411905848295,-0.0076075585989726635,0.00952004124760264,0.0019687833079562456,-0.0013595288901860902,0.02487145075379682,0.0088431152613071,-0.001014136756462114,0.0011152966289804667,0.0015341048278101344,0.028150290262993094,0.031629740110928894,0.004154357615490989
2007-03-14,-0.031204065066484876,-0.04625644850686528,-0.028328775559903985,-0.05492269965274921,-0.033047905026650115,-0.04213949743206791,-0.019961223813851126,-0.029220817400602672,-0.04097502501248762,-0.04040305089355045,-0.04906658770479988,-0.031964541181086714,-0.024569969472541753,,-0.02494402872978463,-0.0406301836572166,-0.03329580524445974,-0.017260955212751727,-0.045906133616739564,-0.038093371644006724,-0.01479573530889633,-0.004442073889503573,-0.012226272348876077,-0.0237372659195223,-0.04061775710620408,-0.009545588537432925,-0.012681006102556402,0.001887784567568218,0.01715769904883091,,-0.0177769329102071,-0.022325992118990112,-0.028745334873404582,-0.031058969422299798,-0.03341576185260986,-0.04297627463197096,-0.034208086832394624,-0.047154696179614874,0.0068728490604321735,-0.029618888971433277,-0.01647006464665035,-0.02959045805048277,-0.013389472048492945,-0.06661655963544832,-0.014720841684181862,-0.02783975225002322,-0.03035226558753268,-0.03144370605954727,-0.00993483363688985,-0.03806137763940898
2007-03-15,-0.0015172029983142599,-0.002534525721196723,-0.015595938262592757,-0.006631167488769241,-0.02732073798322554,-0.007402644170818484,0.0004654607812650813,0.0008407604030429283,0.017098520036969544,0.029405988300170716,0.01269692943260714,-0.006206904610127517,0.011155461904997166,,0.025582150630070855,-0.011006281312987976,0.00768308166986853,0.020296595950934027,0.0233129942428425,-0.023801417285161386,-0.0027367998030380924,-0.0038795861669550513,0.0055573587497623755,0.0011307977389165558,0.030790957891602577,0.002028982834982873,0.012773088859059145,-0.0009424161554520971,-0.020282312639258948,,0.0036513157534914242,-0.033935672509084136,-0.014547352449877371,-0.03258009380621174,0.03072978245711644,-0.008713009266371197,0.005336751025427411,0.0027800643957944793,0.017327346350726414,0.0015058679170649736,-0.01744392484355972,-0.005759394833736886,0.042408883568963995,0.02897756645704841,0.008037092291375947,-0.014891329089698924,0.019847959986788455,0.007398324123639943,0.020109620562644315,-0.004193713944257493
2007-03-16,0.01305131155476813,-0.014834140502358317,-0.016223721632232513,-0.016871154780166875,-0.009217992692503785,-0.043895146280493735,-0.00034905945903507263,-0.02731961985230369,0.0027141555048877386,-0.015364777247053318,0.0052465525002873825,-0.01757901345886681,-0.0007120416894754733,,-0.027757120638894905,-0.027909432255966427,-0.006240296152415059,0.005426260983694364,-0.006301283410235059,0.030718352702399088,-0.02188608878100473,-0.00944499666473031,-0.020159743568605504,-0.0005642806812035106,-0.015274974155144116,-0.008606066222613507,-0.002279334426056545,-0.0212162946227471,-0.011820123861197462,,-0.0052200763448037035,-0.009520518156663549,-0.017561616192182328,-0.01629557055675268,-0.00745345819309462,-0.006761696420880314,-0.006756398979572031,-0.009537585211087163,-0.0159999562476546,0.009840167149355095,-0.03518364471623314,-0.03430861237124472,0.0,-0.014341472549899703,-0.008995061830030626,-0.0023254245177346533,-0.02168870387313515,-0.020826414049591513,0.03045358512365204,-0.026291703642770337
2007-03-19,0.010306441107095221,0.022865135421715754,0.02340883583088038,0.015494074727778528,0.014120008252978433,0.047581946225256244,0.008844531716920345,0.014129758592135389,0.018785729462316825,0.01943873996363954,0.022998773245231474,0.039719697628544104,0.023860300715069283,,0.04861122156680486,0.06607773986570264,-0.0014979226810606372,-0.00693900106128309,0.007804915669136436,0.03133981497940819,0.011222551397277902,-0.004816556816598427,0.011216749817926086,0.01836601451451969,-0.021027099473874378,0.01480812916156049,0.014054997968680816,0.03323708865553132,0.02240193626270326,,0.026118000192826063,0.004640536847255294,0.00984438896088502,-0.006073997683349264,0.010012536233549696,0.021103043422038503,0.030612302745778308,-0.0033586840792679817,0.01835809857066706,0.02124767611628653,0.014887687830490215,-0.015149008917550444,0.024410201756751126,0.021428990428079553,0.00010289447264755225,0.0,0.01875488191771857,0.039516295217531416,-0.013029053520852707,0.058605248438922786
2007-03-20,0.0071564107047028536,0.005315683344580435,0.03309363200989557,0.0017628089685615134,0.027900719536501084,-0.01542393492278571,-0.010612583872579129,0.005144120058613533,-0.006265404600175328,-0.01501982388166867,-0.008387516283024365,-0.00296301885923711,-0.005565155913253128,,0.03844722112915133,-0.015735977088654374,-0.014999641557544074,0.035714103262558305,-0.0009683704668469462,-0.0031749252527083494,0.00669904557730705,-0.004839968758713287,0.0010141838759460953,0.021643302839255085,-0.008098518370577845,0.030329485592775374,0.04018394060525399,0.033566248279025546,0.013322559401147238,,-0.008755578913121176,0.03332199388548496,0.024628135416688623,0.03472249623506363,0.012391679856686988,0.03199994282168195,0.0009432637985256065,0.0006740005708403274,0.010301282433434089,0.0009276920677303568,-0.005768979938357788,-0.007183532652080715,-0.009531341021935757,0.020719935138695966,0.02753730293778678,0.0034964567973017058,0.014815159876875539,0.0035413075023225105,0.02781920736877974,0.07248738073694039
2007-03-21,0.022095063190086917,0.03260828523464254,0.010834730261634729,0.05649272457941601,0.032130853435465845,0.03954206124702164,0.0023318805066376846,0.020572266567557396,0.011173076568586238,0.01850731306129716,0.014562027009711542,0.026365689750098342,0.0052468967091554575,,-0.010097220050085065,0.029118895294926395,0.015815766749505578,0.004122971808396159,0.04651208207902169,0.00851472451608637,0.012972915439557697,0.006352324601788695,0.002532757387097906,0.03747920937323368,0.02662383450351835,-0.004225822630707365,-0.009557883730414107,-0.039693303151008164,0.00473815279615275,,-0.010669914112115486,0.0076630262356167655,0.06609900281925118,0.03570463027144477,0.02692786321435192,0.009690086409484433,-0.006123587335969516,-0.00527686642437819,0.00458848375705001,0.018403124920357783,-0.015085910889608867,0.024144550290278843,-0.01122702022440103,0.011925897656273499,0.0032118235894884606,-0.0034842741831503377,0.0060310467308826166,0.001433493292074317,-0.024121593096275373,-0.022842269107619217
2007-03-22,0.026306143451547692,0.024684699988082093,0.062448462997073184,0.03336961414983253,0.04725595219008705,0.04739132940742796,0.021286540998240122,0.04526266980250959,0.028453006616932175,0.011987435161547877,0.022260625073825313,0.050083095001014266,0.003479445655292679,,-0.009484798504657888,0.058463577833057334,0.027667591128494262,0.013811081271110748,0.030092259970120994,0.03776752457456367,0.03729251124833377,0.016766847457783562,0.05008512180553559,0.02984311887388702,0.032849383106609675,0.013437311878796265,-0.009578972417217058,0.014561061971629652,0.001262362348435797,,-0.020937716999492872,0.028516942642242027,0.08027639554484889,0.07879717097096428,0.022645906492480883,0.02623165471334099,-0.0014221122396821384,0.006546396596333048,0.07054048128794133,0.1020543493894619,-0.003198240038305822,0.05244981059435494,0.017842715218833405,0.019558673721514985,-0.006341186876033467,-0.0023313000384136418,0.04857740362437357,0.017288920254690865,0.0069981190704822005,-0.01945502759092177
2007-03-23,0.0005818520061025012,0.004869327578893801,-0.014377443551834457,-0.008893300498737378,-0.0031087702771658288,0.04117879700044691,0.051024886642214495,0.033263320259486084,-0.011396246997012693,-0.012481996187713396,0.004371747095055056,-0.010794648576579191,0.005547787025414808,,-0.015898768912392947,0.018060371641091644,-0.008470937654889377,-0.0022091752222065386,0.008090116705937067,-0.019314248646468024,0.029324343106445827,-0.015132295507214177,0.011247553965342494,0.009405397254581782,-0.03481756653540036,-0.00027922106437083816,-0.0008399237978298224,-0.024999960373346508,-0.009818470736716267,,-8.070292245454525e-05,0.004621328601735586,-0.027342960413511475,-0.02907262068689931,-0.009323824627728738,0.014962532022567254,0.055529437020568784,-0.019287121369718663,-0.01588056500932422,-0.039283045953723006,0.023302780734398176,-0.010798710381298648,-0.007171461023918746,-0.018722038265291507,-0.006989508865003935,0.0,-0.02000996335929095,0.0200259697782168,0.008224403893799526,0.017943983866486102
2007-03-26,-0.008357478423436704,-0.017214801809659508,-0.037531676098370825,-0.01783262885771164,-0.012229543824792355,-0.009720545532739377,0.004334683579123144,-0.004827223233807354,-0.020843241535677293,-0.0164629830136509,-0.017896199750323305,0.008480939513777264,-0.011379273257561162,,-0.0053240144600147365,-0.007791410055324244,0.007975418635514542,-0.01771195203793341,-0.014712752100120907,-0.04686216115679731,-0.010353965262879905,-0.008273461814849448,-0.022542326211715258,-0.0022670061093990057,-0.01318098371448806,0.021360161512756548,-0.004875653204569286,-0.009496781147386613,-0.017017534292006475,,0.021387444455662985,0.021158970981686842,-0.01768295180684898,-0.01088833033396075,-0.020000124937416097,-0.011670629165946855,-0.04001777164226583,0.00697495486970956,-0.012283341716897045,-0.009332033269412454,-0.007920620544590418,-0.015416524619856764,-0.005617709638360835,0.002798021637598014,0.006120643818191107,-0.012850400911849635,0.005093352693603892,-0.001591785236803478,-0.02339699058270439,0.002417422507491551
2007-03-28,-0.010662903459256023,-0.016867836589594787,-0.015156454367642791,-0.020383793542561368,-0.03946141149858773,-0.04657907799705663,-0.004855513923860855,-0.025073119894153728,-0.04784536095475689,-0.032115988685271435,-0.038851534448162806,0.016819057139910276,-0.0006977710750919464,,-0.016980153406087606,0.012267218736684349,-0.00102425154733643,-0.02253944757494375,-0.004524542542626353,-0.04378463099972818,-0.03322545260571075,0.005760168079719019,-0.03048563247536229,-0.002271585635349682,0.007733031806962831,0.014488652057067286,-0.0005794324478805013,-0.020134186191675618,0.0014996431032090474,,-0.023981769537083086,-0.009609963037808145,-0.005308196272924226,-0.02426805609223537,-0.015606415739859325,-0.0410195478612605,-0.0262302028174769,-0.011241177174484918,-0.0012192253495292293,-0.018591894747818083,-0.043912192687699525,-0.013784843090455912,-0.003228475468181391,-0.005073200727254923,0.0011153259486531564,-0.010650824836750172,-0.0018428625630411144,-0.0035075500834700346,-0.014892715250933386,-0.029945184791405732
2007-03-29,0.0053338260974176155,0.007654513774099314,-0.025770586123685324,-0.0029724838093097006,0.012324776527766534,-0.030988047956752807,0.0013013186175190317,0.03146120958107712,0.0394254515206387,-0.0006778909566924618,0.012162287060817567,0.011855469785853279,0.015706809276337497,,-0.00901272415329013,-0.0017530242181961198,-0.003178454392961827,-0.016910127257549035,0.019545426183184,-0.004377263515956797,-0.006034000743523338,0.008492213830598505,0.01983333877286042,0.03718692436697557,0.025113641984062962,0.02034490659615429,-0.00859718500841311,0.022504849447541497,6.800722723165897e-05,,-0.031735676357443454,-0.002728925714534758,-0.012296833259941686,-0.013590114839767353,-0.03902415256166958,-0.02073869483309454,-0.006733650271936065,-0.0070049807936375386,0.006103682086359363,0.016292023868371253,0.045233200900752335,0.027954623287169245,-0.0323885493580609,-0.005099478901511412,0.008709702492499138,0.0059811198610313365,-0.008676519306434094,0.011520064554307652,-0.0020374800961828754,-0.0344952377612221
2007-03-30,0.009651837361788651,0.0005239672561958564,0.021847501899430632,-0.0022799611576743706,0.008928069925352222,0.02166667836447389,0.03822387660283799,0.002351326036146739,-0.011615408672093541,0.01404034961691436,-0.011486241864317126,0.006858618143715578,0.03264615431382589,,0.00246315614344228,-0.007156638002125626,0.02206269440618347,0.01876457187892666,0.019170826008123365,0.01640013337504409,0.029891296990835814,-0.002643679110802988,0.009538891449084597,0.0009757962762686478,0.028580746147580882,0.006998450932663491,0.01965808965890492,0.021052436509223726,0.0006805889610834726,,0.048871067574477234,0.011554210565590806,0.010335794028209389,0.01247737994098852,0.06598969183085668,0.027134537584508456,0.010169655791501642,0.009598326213887676,0.007279622121515672,-0.00012427639004708446,-0.029959845055510637,0.017957697307111165,-0.003347427963193539,0.003587818604024573,0.001706812394175694,0.00356713396444186,0.015549502228242584,0.039755157041900135,0.017058650499483186,-0.010192628080075261
2007-04-02,-0.041122348924802044,-0.045751949164565264,-0.05533743505372424,-0.057889444412577595,-0.06430675825165288,-0.06341758572764788,-0.04317869443821187,-0.058576978002548685,-0.036187200518030704,-0.04740815436481227,-0.07266701856613611,-0.062102566825322225,-0.02163078707451549,,0.00907194845739645,-0.04740527060364097,-0.05726221517768926,-0.021105085639991694,-0.058180420735116756,-0.07868721530184519,-0.08572547130388586,-0.026506966587990677,-0.086503218284665,-0.046295815095676596,-0.028779067128834934,-0.02930773253899832,-0.016603701429851125,-0.027647352389405966,-0.04189036570193394,,-0.03252418138342428,0.00030032545839309144,-0.06324101091121226,-0.05956347359965908,-0.0880952820132962,-0.0773200003970318,-0.026845708326413753,-0.04856786208430508,-0.02890849764141412,-0.014789842481242044,-0.06485948104867123,-0.07150639075496346,-0.04450044412541376,-0.0076607854297097155,-0.013931894305036163,-0.02014255311450852,-0.050197421968117384,-0.03610540179307431,-0.06715458699290067,-0.013982889892281025
2007-04-03,0.02039672582161156,0.0065162862686605205,0.014256520992319555,0.004913301772143441,-0.0040303170639997,0.01349866813216316,0.014715455241118613,0.0024589797164060734,0.011309614857924366,0.0216858705639853,0.029879371207595096,0.021426155838108585,0.04727904767922464,,0.04851101092608334,0.046839914868958665,0.017106536549087226,0.0117600970084617,0.03251278901062982,0.015650636161029796,0.019271504398165273,0.007160124805337675,0.009609609384291007,0.022994073744814214,0.018392149709572037,0.009523965804407064,0.02133005970709445,0.017349198050116588,-0.00021301745686275186,,0.013348326197800464,-0.0060096039419127445,0.0032263066263638063,0.004368074174289527,0.013055055485946099,0.010475184428736295,-0.004433695065672594,0.021550624785802386,0.0007442384779958733,-0.002396832567161833,0.021284520374093452,0.028694484856169877,-0.005272263458893867,0.01621191720644566,0.014738689701984331,0.006046132950995542,-4.798462077182375e-05,0.0073653127732760115,-0.009232960703900783,0.0012641183671504574
2007-04-04,0.016781440370799094,0.018808666942470742,0.011868100050137942,0.016152778230609233,0.009873361699947347,-0.014607772019475385,0.008916055537030454,0.01330965909736248,-0.00353354276277984,0.015091712471436258,0.028263949368319885,0.004562087397680603,0.046768224575328476,,0.0182208240106283,0.043745896445294585,0.015874257421488513,0.011235975577738033,0.008996970553839745,0.0020545822159914184,-0.02124473429063367,0.011314864955126236,-0.013880548875287224,-0.011988263485297912,-0.007692303743093709,0.02823494501282764,-0.019457414580076104,-0.007579350699046361,0.014269572652785056,,-0.007440156178933455,0.03778726636460239,0.010638672492957912,-0.007882586582364848,0.007731664163143304,0.002073102693824991,0.010885755574460587,0.024160382256746438,0.0017351495365680591,0.016059619339076292,0.035213769093041636,-0.028198261581912187,-0.007950606666223381,-0.0015194959609596825,0.004708021845816424,0.010817556197998845,0.013900924927508607,-0.00950479368377588,-0.049117142948386094,-0.025746793100570597
2007-04-05,-0.0032276312516549277,-0.0019398642095053154,0.01897201433263418,0.021560434829694275,0.013409506931255866,-0.01580557976814978,0.0030876257460485945,-0.00048398885727185537,-0.0035045265019552074,-0.001002892902606245,0.0059163299880742315,-0.0017692162241083054,-0.015203039774393634,,0.025438420215771806,0.003292765555043653,0.06278905082469088,0.014176125494389069,0.024520354956650836,0.004833115323203296,0.0026695078223049062,-0.004158387830601851,0.01333859744119903,0.011122868138879527,-0.0010108912521981095,0.028305546766559386,0.023094001303169964,0.011456058264106783,0.010429035795636699,,0.01105924196506436,-0.012816739366237395,0.0467562084504376,0.027397149208543192,0.012787722646416588,0.023448231702554834,0.009300000944463482,0.006904583277967724,-0.009403808434646943,-0.0004980092535830094,0.0024292979542677173,-0.010480119126323073,0.010685880633334088,0.01800667346873519,-0.010468608810883961,0.01426853585776744,0.012091661708389712,0.05114402114652217,0.02188498698176633,0.014537955741913411
2007-04-09,0.01872904643487794,0.02010588374592359,0.030288576332731187,0.023371125417023686,0.042648554919656245,0.10610244301888483,0.07228542170819807,0.0315454940495381,0.019259711472336294,0.027731579852676935,0.014838784740253352,0.02978182993729961,0.003150576108884806,,-0.0017106169488552148,0.02676356323037643,0.06005133659658979,0.027200777056934022,0.027415339009394968,0.025652431192969116,0.029003749270602563,0.01153303477694001,0.044384164660430825,0.023249703367375973,0.04790806114496826,-0.003163750408746946,0.04590395799323499,0.024067788976505522,0.02750098590688932,,0.0031196041244136996,0.0026558518538291054,0.053554719521027305,0.03226673506027189,0.017676832066908066,0.037735866260588,0.029583430763098884,0.01142852422499785,0.001748820099120696,0.019798266283792332,0.017486163634469643,0.009958902230670752,0.000880822509467194,-0.001993120423011363,-0.0008062582780894445,0.0621334583940929,0.037676717828327266,0.021067581511702738,0.06460914939442297,0.007608918120111996
2007-04-10,7.23246095293284e-05,0.005978612368318981,0.021417987173804054,-0.0005827027458825684,0.002325861518726713,-0.02012603542506075,-0.011977958115556131,-0.010203966265587283,-0.016308225784825048,-0.023784229366004994,-0.023359565471786414,0.0034430040448951704,-0.009108098824956001,,-0.009254492236019263,0.015775335469124352,0.00435616754863366,0.003309961575694853,-0.0021174904139098505,0.025365597167992693,-0.009055026868871163,0.007371646840196533,-0.004180140270272026,0.020034210713522738,0.02929814772302408,0.01466337819614183,0.01425952568558575,0.008294984679438677,0.007617706594710283,,0.0032709746889223457,0.015597027389914864,-0.016204015958508733,-0.007491384586639782,0.0012406838016676414,0.025324711796293364,0.01036221352521971,0.010395542638472755,0.010224410632290626,0.018437131771351423,-0.014122411699996396,0.0018784546403809443,0.002640898808681902,0.0004991248523877889,0.00806697853983196,-0.0077259287068647264,0.009564072992857664,0.046669020522934535,-0.003996386574596333,0.011520202827540738
2007-04-11,0.001589160740739226,0.011102366993502866,-0.012702085525116424,0.0020400357475165443,-0.009887061645312167,-0.04394054188753638,-0.02725163277539655,0.002340300159860531,-0.005679143764482197,-0.0013009425543463182,-0.0008216427204056354,0.007090709240314075,0.004754324589016257,,0.018855031042583903,0.01347973579265993,0.032070815405069064,0.04215537594425345,0.04202021972440151,0.0017325800954635096,-0.00350388533483037,0.04049188697826822,-0.005342551601357659,-0.014850584157612534,0.004066382794323031,0.010072763609235924,-0.005096184972347317,-0.014168221505856282,-0.019871539134912686,,-0.011794425878161263,0.03564206606985243,0.0,-0.002342821957393215,-0.004956477786725699,-0.004433277989595141,0.031235584939992567,0.0011179840959452125,0.03505326060986813,0.007673030736025321,-0.0091475824192232,0.0,-0.005267801799554883,-0.0017463159686662566,0.006702119707996834,0.001112018278411231,-8.974544237660975e-05,0.007415989642536758,-0.003944287492644416,-0.02446718234269607
2007-04-12,0.0006490747397949193,-0.006588293786661481,-0.021442898552400447,-0.011925345837598411,-0.0136537971055114,-0.009726304740990677,-0.012359743098694032,-0.011483956549785734,0.00873563395397392,0.024846570895812548,-0.012425421877599985,-0.03372845490503651,0.008833096895243697,,-0.03378633948122722,-0.01093652757694119,-0.030211696958672207,-0.014069556869203081,-0.017108059790367558,-0.014388536047424738,-0.008825194389283975,-0.018286086552630088,-0.029413398166825422,0.010698290504095986,-0.026479891560736823,-0.004273606775680006,0.013187427539527175,-0.00649044983752789,-0.008328015712299575,,0.009287669240230834,-0.007554297719346792,-0.008799794021441931,-0.005478752751073235,-0.009962984069176728,0.0012722818160835203,-0.04520802244785849,0.0048032689262411665,0.0028618257899790667,-0.011302922470814991,0.0019163731176501386,-0.016872671566759423,0.0,0.0012496223530840123,0.05792932765021308,-0.008888796608993554,0.006601036225775347,-0.004100083333484328,-0.016112425818093246,-0.00631212173909379
2007-04-13,0.01762150376852034,0.0163198583009585,0.02384288229326814,0.02849601461051532,0.03094008287943173,0.012196480705734869,0.020961559735049873,0.03032017823557731,0.05083446688702398,0.020065026810605735,0.05032794062382706,0.025268704613687687,-0.01563475981525264,,-0.010367483037242553,0.0044752642317063,0.030560021198565934,-0.0003567443389698166,0.04351422863426513,0.019511369338288675,0.036588751042795575,0.019868326720141383,0.017128904597120798,-0.005533101002786034,-0.01791985442232824,0.00951709808670631,0.013570452885716788,0.013065502253172045,0.030219446061669597,,0.002058343433573029,-0.004229482330832979,0.033689915355447075,0.02911882195338711,0.017610129552715126,0.01651858110576776,0.0222536720380766,-0.002889950341782188,0.0028537698805213285,0.013477818004844933,0.0716269886117884,0.029000504393161153,0.02294788627328792,0.01098375413264141,-0.023856432328034693,0.007847770779953578,0.022928752465404045,0.03630268934280512,0.03920625401332134,0.028332025340931155
2007-04-16,0.03243747508391448,0.026677841625407872,-0.006369592149182868,0.01694397996657937,0.015631944121147434,0.0,0.004596492441975464,0.029149377068820925,0.014460905377928324,0.02002931258757057,0.03179774860788509,0.03192529383561804,0.008576873809114538,,0.017400724317587102,0.027441543226661924,0.04556544914196481,0.03140596705382781,0.01668011059894714,0.032975413650494945,0.024023679512410467,0.03615250152335037,0.007837215604628689,0.033381895296755504,0.032909614383890284,-0.004128015761105441,0.03939930904128541,0.03408594725328706,0.04944541745446207,,0.026945407485837958,0.008494243631137266,0.016516223950880038,0.04103990067245533,0.006180523448082509,0.03250017320683751,0.00602137941985581,0.026758702863891815,0.009485386392619644,0.030752701842045482,0.001946546877539923,0.004246873541885021,0.00862822092280724,-0.005432210996340281,-0.0022129549407484683,0.03448248889882888,-0.018228439807293162,0.046135726311482106,0.0395298131935633,0.03433011126770302
2007-04-17,0.012382077253748403,-0.0033026521205514747,0.0031794410542989038,0.006473456201504302,-0.0033050980594879764,-0.008104308311904007,0.0019318082047732332,0.004816122794300437,-0.02343259812885723,-0.021585688971454076,-0.020061192719770138,-0.0072207645917152785,-0.010393665913856931,,-0.004537342981664194,-0.002021369145504326,-0.012254908138798482,-0.007612450444855368,-0.03281254852151261,-0.02619132568569771,-0.01730027068674289,0.004338534961095153,-0.020437121936005553,-0.00889529033395342,-0.015457491595458839,-0.013426906480349166,-0.0012628368604363782,0.01336289266650792,0.029797367284214227,,-0.00152963801037731,-0.01740642175863305,0.01841442484733835,0.008325204331300462,0.01842789152412161,0.0,0.015193704888120108,0.015853702023387095,-0.01151055160338399,-0.004953082641043771,-0.02477310531721566,-0.0006151748556326719,0.003421633887788822,-0.007447675250971009,-0.02034741030504028,-0.011827824645579077,-0.011415491021689705,-0.03391732767224309,0.025693840383487654,0.04074839376576156
2007-04-18,0.006471094661943955,0.01875576275022728,0.002402848104070987,0.005536848731608313,0.023609096787257977,0.013330616697152964,0.00842299538614677,-0.005002779900156629,-0.002199707347846358,-0.00309652187955356,0.020733261883074672,0.012868230041746198,0.031508694971670304,,0.00017512447925316366,0.004227799428141665,-0.031156424404136573,0.012901074481161512,0.014539628038401142,-0.011086686207571805,-0.00520138599588027,-0.03096027338587748,0.0028212725629421787,-0.016769084871406714,0.005446977580986445,-0.01912814481178582,-0.012686356791455355,-0.005274540505850633,0.009397955555446424,,-0.017008302949396703,0.009714878566969842,-0.004892835852314703,0.011170459968697699,0.012062615981139224,0.007263766146121675,0.014512086655944056,0.002886240735828327,0.0016634017739558526,0.01169222901315381,0.07355159128672373,0.004693118532266505,-0.01278757695408761,0.0015003703464864238,0.00403597514748788,-0.004352617337523124,-0.04645966199147611,0.02438793038716036,-0.00419593524702111,0.02737138679939566
2007-04-19,0.004712981011119499,0.004479930871817306,0.002091270913386012,0.0068968122903414475,0.018567754758616717,-0.014216030659015222,0.003522316148849347,0.00039126829691649156,-0.0036871086994656466,-0.017531466821901653,-0.017069094728242806,-0.010660987739712802,-0.012959028346825718,,0.010692137937840407,-0.019424186968947987,-0.011146706263987838,0.001376941181115976,0.0015925203604851834,-0.013010500327133467,-0.016087912867019605,-0.009287533596949227,0.010009927634103244,-0.005284626114034907,0.014021910431256668,0.02103558358675328,0.008431223055627601,0.003976999799537806,-0.03374956804079521,,-0.0009188726900747346,-0.005376302172154679,-0.00598546698362834,-0.01753109455078783,-0.009535386089916886,0.006610571171589363,-0.016987350506902477,-0.0013856086734080897,0.02419949950969813,0.003204195446132596,-0.0027840519105112316,0.006432571885628624,-0.020725642478501616,-0.0027472100387554432,-0.0012746893300455975,0.002185787139186157,-0.009046991639508395,0.029039754642651294,0.025155672787058103,0.0005932568735589339
2007-04-20,0.032900959543027186,0.03329663744228584,0.012366824064901527,0.012760480591097911,0.01965354053459545,0.0035513864733276446,0.011732875060441517,0.021938723463320375,0.011867864723638322,0.007451348610513442,-0.007988139535050842,0.029032579981923767,0.0006250473675908363,,0.02237283646239785,0.013438742241129953,0.05446184137593302,0.011343992604113007,0.06677247600710001,0.013742932920372875,0.0133535164898535,0.023343174725527938,0.008679722315888982,0.006371349137335169,0.008171042353184887,0.009518643627312917,0.013863654697888306,0.01672559544658747,0.004056930432169814,,-0.0005203676824032666,-0.019061522378320594,-0.009247345703708554,0.0004887139343801028,0.007220048327092332,0.020298467321238745,0.05366121177554506,-0.005230101313211444,-0.01204528878396982,-0.002509541076158861,0.0398572932719532,-0.010499953443151577,0.0,-0.00250435277249883,-0.017178784525788804,-0.003271636346440565,0.016119655409333467,0.004237430077971283,0.03300427879587242,0.015363226022258258
2007-04-23,0.00833611930036482,-0.004611748856014453,-0.007842177293835073,0.0009271808048452179,-0.0127102207082197,-0.007077730157311168,-0.021905135501388284,0.0016491073148097168,-0.007833000791853895,0.006885426742805789,-0.006739537638240867,0.01573402036776006,-0.004373929073650085,,-0.011704907192938152,0.0012022151684829563,0.04454346518255026,0.006798121268335455,0.014530292906969722,-0.006570768266195848,-0.0166734114171444,0.04085741502636542,-0.015026835504364566,-0.014853060191990619,-0.02556132924008181,-0.019043611195336485,0.0027976748015492436,-0.0038962669073908662,0.005176906990010055,,-0.00011989891938146702,-0.011020999047341107,-0.021489079700737657,-0.012949003506233958,-0.010752387359668547,-0.024575799327096526,0.013810890233228124,-0.0009657889352394644,0.003516700779457871,0.026758359810358456,-0.012903003821797432,0.00822729152835766,0.0008821892039347912,-0.017574280460733394,0.01118683689607991,-0.001093982554550732,-0.003416082827462641,0.0004218456355888911,-0.03551298973852446,-0.015617511536765605
2007-04-24,0.018432913513850124,0.0374817172014843,0.027310262519990358,0.03547504741053875,0.06884854278003116,0.011340454144361578,0.014288485617157898,0.0029989171427886596,-0.018391861787522834,-0.005485256008429307,-0.022559199642532946,0.013301052627015864,-0.0069030573237800485,,-0.0077237817494612004,-0.01694503658876101,0.040653870610692255,0.0033761425888256813,-0.01505658256210185,0.03265343855163194,0.01784478249729715,0.023763149281797347,0.03794495123662034,0.028917436737971425,0.0009598418191485436,0.012204385072669188,-0.009597240630031423,0.03737474360986881,0.026254806434309108,,0.016929441188279215,-0.0032259315531292243,0.06299939008535205,0.09851506394918319,0.022946654851600856,0.03959229965393507,0.051085495867204234,0.012243651276798273,0.01518704810492455,-0.013810286738527133,0.019911617324386954,0.015787383076197203,0.0017618975000663895,0.007666348997247718,-0.00879105507662381,0.002190575270439865,0.05108942222885737,-0.014930396318496908,0.00960529902843299,0.012109031954108396
2007-04-25,0.009760205343034345,-0.012481694378222219,0.017016175594812166,0.013472363332912796,0.005823600544381247,-0.0010677127681066878,0.006294486941242017,-0.00943834843154856,-0.00285763027124597,-0.019145436179169084,0.0021636881886899495,0.025355813463008525,-0.008530394564132737,,-0.02110377871007485,-0.00192166678438066,-0.014830028742122248,0.006056450072073227,0.00037272737747717777,0.023530150980417774,0.02512256528206458,0.02931584188424252,-0.006281513947796524,0.014892747795905326,0.03419633806943745,0.004997762783373716,0.024887961818599313,0.008797906596480054,0.019707485725806162,,0.007084163704472735,0.019711992421784563,0.028797724588603524,0.022307327455688863,0.0035422927743824495,0.02019606743185931,0.036452001106104026,-0.0014852333043330335,0.01565030682409585,-0.0013548715283749901,-0.005365044448032652,0.04249585118021182,0.06948115901094276,0.006594129376319202,0.012954532980042455,-0.003278716288216521,-0.0011616678933761282,-0.00042813811524744505,-0.010184757103385289,0.03032517022656056
2007-04-26,-0.0009697800824298719,0.0009276719969149028,0.00334613953577767,-0.0015058114449750803,0.0047372827537195406,-0.0040623655159294225,0.002084976479731049,0.015831032334096662,0.01559740008501942,0.00017301770384214876,0.01412375400042265,-0.014395333613428929,0.007647834999708669,,0.03357490435641752,0.00906612638726978,-0.018658210514893914,-0.007357919202942043,0.0014911052006645331,0.009946877374259255,0.004652615682334105,-0.0011692333406543298,0.008217302736139631,0.01940889745492913,-0.0015454951579347842,-0.005407908352037416,0.02908298091331374,-0.009551343748936403,-0.0026409305608544598,,-0.002462069823420121,-0.018465037418271768,-0.0028397035190431685,-0.015649138996985945,0.052941001172670754,-0.016968492686317282,-0.010941981519301036,-0.015407408671675116,-0.008610994982284792,-0.006332655601468118,-0.02442340127148157,-0.018869427200449262,0.029604999070702576,-0.0073067500447976386,-0.0003933787268300959,-0.004386168757944731,0.030593179286747096,0.00856690574476593,-0.0033271551963405255,-0.004170868477348155
2007-04-27,-0.03610212374220312,-0.04268994892248157,-0.019188772367223605,-0.027354594570947355,-0.03811227003923834,-0.023186016953513855,0.03348854892911324,-0.018963435904782444,-0.0047564827618437056,-0.006785788072752319,0.003725952627897211,-0.03343565953198335,0.008222876423513048,,-0.02769711525683549,-0.010018582367003148,-0.04147743021518535,-0.003369251634628423,-0.013770082968362685,-0.02250214264422612,-0.005674457172076375,-0.02349690045971231,-0.0020060152260132913,-0.020896352854749334,-0.005570945611688138,-0.01606260324752351,-0.033761673044518936,-0.015933053273110342,-0.01011019922002998,,-0.009480585633403371,0.0008815185009893867,-0.009560541230713149,-0.006717353119153002,-0.021229054843427075,-0.030494603718735802,-0.023705840814089774,-0.015864521260475106,-0.013943082355082903,-0.006942360747847154,0.003993082269091008,-0.020186420229977076,-0.021565251147123154,-0.006852434260255058,-0.013384524579404422,-0.0011007814106696046,0.015840658992043233,-0.022933997645645854,-0.010447533146039745,-0.00047577089682915297
2007-04-30,0.014195443635497629,-0.018152108247904253,0.009412771876417425,-0.0741057917174821,0.00022693266184292682,0.02901081154919094,0.04208604013401551,0.008610785029648405,0.025516689651035263,0.022791236506630508,0.010340277676716969,-0.013653623741727072,0.002509227701314787,,0.04237752776822212,-0.0009234318676717423,0.022720602658211853,-0.012508348350071197,-0.015471850061920644,0.003202819411987967,0.02026874811353596,0.013615310741808218,0.012815619426314484,-0.05477850161866782,-0.003734869475750635,0.004764002662615674,0.009714969464677647,0.005112821138877788,0.02036586561793574,,0.002017069294158791,0.009985115309991022,-0.030601863911640548,-0.021641259789381362,-0.01826477620583855,0.0029673057097654443,0.006879679965220209,0.002960740537417017,0.010431137637918475,0.004927985368455845,0.02264085817935002,0.03581055944536504,0.05224486549521545,-0.005878047373726436,0.0014961749268931346,-0.002205281088271782,0.005639323762114401,0.01225772158397942,0.026113590174110968,0.0016188791691196247
2007-05-03,0.04170306129470114,0.029457006474689962,-0.01908934138990659,0.004677479724302547,0.01955700870125998,0.010785891578906748,0.017571366269829358,0.026377745445175904,0.01911547729452745,0.015018120508331512,-0.0012246858449188602,0.006018614980366932,-0.003754625880326823,,0.0053981626702934715,0.02074090863813116,0.013547415186897727,-0.0010272005060959488,0.034495831801222954,-0.024808962019968628,0.01864463214285572,0.028976931592844757,0.010234541094555238,-0.017310375241930243,0.010934421942000228,0.02256938269574804,0.018732551458924274,0.032640853192764885,0.01566992513102461,,0.03465557982341427,0.020936778415784785,0.03961846646131595,0.04216573113387656,0.056976433355881095,0.07100581475308143,-0.013665256539524329,0.026897196409401136,0.029135378013869673,0.022123285514663804,0.02498158122318994,0.01880514028219671,-0.002327432827585185,0.0025707660071272453,0.007768943775668058,0.012154486100448336,0.012447495621406013,0.06363786693972817,0.01729080702621877,0.0119798374041713
2007-05-04,-0.026442972457864644,-0.022807535946046342,0.0031357111147647387,-0.016151567358284158,0.004317320949185799,0.014474423589929009,-0.012205064921357534,-0.026072614888299483,-0.013292633750213612,-0.004683970104068846,-0.006305734644320049,0.00995225521556864,-0.007537758248018167,,0.04060400289382815,-0.016677116242390544,-0.006276961366148415,0.01713505434628959,-0.009633110759740715,-0.00218262660187718,-0.002713941059446001,-0.006650220334048829,-0.008473200729506525,-0.0035742613986832206,-0.004635418142894032,-0.0019787478282277116,-0.006256306892516106,-0.01272563406807603,0.008388312381801377,,-0.00019067575291575878,0.12930776973193425,-0.004279356064463169,-0.01724503541948519,0.05170519875016799,0.000552522343858719,-0.00937258629365878,0.002235914701749664,-0.014043603395574422,0.002454663459247497,-0.010070567646946249,-0.00688614986038516,-0.02177286252698163,-0.0012819840871279853,-0.004249999166091256,0.0021835433095604984,0.004028097062300562,-0.025918429278516286,-0.00861814482561396,0.011932434556035432
2007-05-07,0.014748912367035683,0.007534915645158957,-0.007640994244014876,-0.014137858185131247,-0.007666338374056392,0.05519702743230459,0.0018306589384289307,-0.0001177307164041963,-0.0001184602176632632,-0.01450379234096466,-0.025912174106845876,-0.003715517321436268,-0.013291004062199963,,-0.010480667581443281,-0.0022425974985458286,-0.0017170267751643875,-0.02358489379829254,0.007108011718786056,-0.004374297200811839,-0.018100053183969456,-0.0008265891586297647,-0.003096046094578253,0.003843204747041584,-0.0003106099941833085,-0.0028494248364341335,-0.0014932180551362473,-0.0012474240737364584,0.0031996952469535156,,0.007936523436032905,-0.039344137942615376,-0.015145375952314133,-0.011923370910828401,-0.018828196248910967,0.009939105520735403,-0.0016454971992214684,0.0006376242684764666,0.03413959055406002,0.003227697519745387,-0.005454861795818111,0.009435740763538147,-0.011923702337214848,0.00333723096230254,-0.023126443459790536,-0.011982293668045041,0.00012557382226896507,-0.007211445126642291,-0.017144591668941445,-0.03491031262791766
2007-05-08,-0.008309992843941627,-0.008755303916830881,-0.008749644370149467,-0.004681352772430536,-0.03393949442136457,0.00019711739679539875,-0.01087162140489173,0.001148597852342892,-0.004988203763004906,-0.01939409077769838,-0.009500730428032678,-0.006972398268793256,-0.008338702769452144,,-0.04334374041798983,-0.007786493265604877,0.00161770641284531,-0.0006898964565660304,0.006686584754942881,-0.004393705786352009,-0.020818502619282087,-0.018942742616409936,-0.005217860289673748,-0.006891329490566478,-0.00621103133225398,-0.025408200793632485,0.004688489488259062,0.004163511175494294,0.02760211092517073,,0.04459412198641011,0.0018376975737364187,-0.013507764186071025,-0.014116621770122073,-0.030917122849158596,-0.03827217121901583,-0.007004589175344411,-0.007538233551467877,0.006996022725999751,-0.003661090235254405,-0.016898574629753527,-0.03732051506370759,-0.00804521550979842,-0.014073783834580467,0.00010170937591724716,-0.01212789740159459,0.014374382759104076,-0.020372262287408627,0.004606518548988747,-0.025253496538660603
2007-05-09,0.003201389229939622,0.01281978166368658,0.00343017030904913,0.011371806394435913,0.038136336057965625,0.022597459476788817,-0.009697979882590246,0.008031880244721679,-0.02135727091170536,-0.010812482451588834,0.005663639754778238,-0.010069819298502924,-0.002587134051816875,,-0.04207097276064098,-0.00930359916067347,0.01627366459936397,-0.0003453559292330155,-0.014760096069822093,-0.0025513736021813838,-0.0030939916884046292,-0.008347496042700908,0.0019357414232781256,-0.017732897683845783,0.004375038451432278,-0.014087003014734645,0.000402292365298651,0.004560110086368141,-0.01303528838851864,,0.07574126477475085,-0.02148908118995141,0.0263326308506715,0.023094524540977934,0.009901191101941986,0.047754217525083575,0.010373484930862098,-0.007167356040508999,-0.011289618148331959,0.005010550293098159,-0.01492794161570865,0.030086855855030903,0.012976435645052353,0.007007683280856991,-0.024078051641300946,0.0022320641877595637,0.027518080241090592,0.018238899131674202,0.002323366881793465,0.027536324399027645
2007-05-10,-0.010542914818274851,-0.008054774213692828,0.017190857797868997,-0.007535104125411807,0.00035623924003025387,0.010421572626996278,-0.011098979477070503,-0.013250578040248429,-0.007906084942467917,-0.0032315885586945425,0.004178184314382438,-0.022928340430089067,-0.020104420945635693,,-0.009779596059959705,-0.00808478738214291,0.024985524199181652,0.012089598040371019,0.007116081749265257,-0.011614366518413188,-0.01848751182372954,-0.023127039238367897,-0.009223647706196991,-0.005756437986232155,0.018668233566832004,0.011766639921261257,-0.00040213059123195283,-0.0028885628348963577,0.0004571777329753779,,0.05999867630619926,0.008570586904646849,0.030377564171362614,-0.00586904318703807,-0.011982558824237821,-0.0016276617097722434,0.08911714434457307,0.011852289005824357,0.03184020952908129,0.006536581765040017,-0.004591778186963769,0.00971227402950281,-0.014411365733795645,0.005154887792049978,-0.009785659340779018,0.01893072700496945,-0.029988505259559428,-0.0004184981286911027,-0.02134920975218646,0.0013450406654060831
2007-05-11,0.004869034575218034,-0.006105406262712609,-0.01897609992810867,0.006524635208530638,0.026439772641969395,-0.005921222186986319,0.002452518722687147,-0.0014490713965058521,0.018581435023664383,0.013372727405307705,-0.012573415970992041,-0.006077416443801442,0.025149260446605037,,-0.0016161195119294147,0.003190470950444446,-0.011795770789963855,-0.013310378341077289,0.004834425245042073,0.0017486249924165698,-0.030878035710105278,-0.004526299000904066,0.0007551361769015941,-0.022631468801497245,-0.009468581864803927,-0.008626924389632418,-0.024298720639225113,-0.010348016087761702,-0.02783169856434453,,-0.03257598645423154,-0.019914788945168405,0.030079610281502633,-0.006584998599622693,0.013230407874154748,0.026630482189795135,0.035445018094293346,-0.0034076791844223076,-0.019791514577694014,-0.005943959884780581,0.017223026844928047,-0.0030410251043838654,0.02193344541977993,-0.0133337671828343,0.008620928237345282,0.0,0.012523502030954647,0.004354404310234594,-0.002555477592300348,-0.004604504837822487
2007-05-14,0.019602328053112572,0.012961418694156901,0.0033246943450604416,0.025870802085274924,0.045750201160937864,0.009607119175482293,0.009878285700145595,-2.9628398161229974e-05,-0.0018362647653854536,0.0006498557075489408,-0.003206139633081362,0.02615770899666492,0.01323444216459313,,0.036870464692445815,0.005744285549850625,0.03914617551469024,0.014181773019886545,0.014433829580743796,-0.0012569617707093306,0.010689997457776323,0.02876625927313592,0.010308108125775206,0.034733177955921235,-0.0006170057871214274,0.020691435902314703,0.014389778290134991,0.03471363872509947,0.02210329648526632,,-0.014060355876728381,0.004876659679394102,0.044672149556922225,0.052571587588174706,0.04134901927205581,0.05187939117683804,0.014202402061739505,0.014104192823504391,0.001085448807396805,0.0044293483097299635,-0.001814691546506153,-0.023694877591795893,-0.0079492108231487,0.0028590010997684434,0.024077566485885882,0.028415517444918326,0.0007753780193895388,0.01300649985393365,0.02505760715437222,0.01069666080149112
2007-05-15,-0.013423646959960234,0.011400815478781245,0.01521225053255848,0.018899093308636816,0.01799717718630145,0.016747725304227856,0.006055659874252051,-0.008501544631771885,-0.009758258624799399,-0.014211708091799724,-0.01654256806500254,-0.01848398211603086,-0.0057347287171884975,,0.004336342384476222,0.028457332432266336,0.000592519080288012,-0.006139009304310328,0.008026194670657683,-0.0011884884341704094,-0.016140098922580948,-0.01402338434903816,0.0035459160498800824,0.004944389265503002,-0.0003083381308883748,0.003662607318224209,0.009206371187080009,-0.002425266502537382,0.007419553467972628,,-0.02635626525231649,-0.0010787524577876573,0.01629027019589513,0.02996758994380211,-0.0052246152508375054,-0.00956225528877963,-0.02298021342308576,0.049942078467716255,-0.009975826615894912,-0.004189249892628699,0.0010603902980947932,0.013806055254503846,-0.003204963840157893,0.020212264786621192,0.0037656354148216664,0.07863974848166944,0.011339235841500761,-0.005432015313109884,-0.01487430156849956,0.010917389299987423
2007-05-16,0.022645981096794943,0.017208175491301825,0.024133583660943314,0.03580089568933942,0.046193365143698095,0.014412715048980118,0.02324322728343775,0.02419937577042952,-0.011186917200610158,-0.011021432668773867,0.010279407625522374,0.011973740935809829,0.004486152605821081,,0.0,0.028939405059164702,-0.0053294427953068935,0.02264932578854606,0.013753447804103702,0.028417708520358964,0.005933536079014035,0.014222836653970283,-0.004959636357806829,0.023562636967721762,0.008641934364365778,0.03026499440505548,0.00878009752211173,-0.003646917486822776,-0.0041676206582050845,,-0.019472282634581117,-0.011336065505199278,0.008196601949867377,0.029517070755939567,0.026260733270663472,0.01676822705466341,0.07239972426440278,-0.013748394617700055,0.007666687787018622,-0.0032104030144954887,0.02118056346745134,-0.028310867733449818,0.0032152686599493663,-0.006858268269921308,-0.007909029663755063,0.020689569346634684,0.0042748243399604036,0.01382002361328638,-0.002227629146740129,0.02890821208837746
2007-05-17,0.030923224565640783,0.0017094593150941417,0.013223652574993805,0.021173333833949926,0.03348515522928874,0.012001124368210325,0.03058793941357063,0.00609632487094891,0.021075373426994837,0.0162937529102829,0.011654691049120425,0.010054202600561668,0.013396992177110434,,-0.0012086613991101336,0.011990235036341002,0.015536042790226912,-0.0010070609612313763,0.0010705963599884072,0.0217108173017595,0.010548355231694284,0.006204316100091756,0.017755956251837013,-0.012648533252651695,0.010403926614481085,-0.0037254411766838302,0.011278800327563898,0.003660266175544935,0.01868941521523393,,0.0012215923105367565,0.003003119325432957,0.032881729398146486,0.03542908979109538,-0.0030706860981001283,0.032983589352419074,0.0514051186597273,-0.004069698605141725,0.048478379249166315,0.015437525153056297,0.02755504722034985,0.0006634453486284997,-0.00721145566575121,0.004603547202483904,-0.0008176705702410692,0.006756645499095493,-0.009356879007235475,-0.00538753384257451,0.03559909542140538,0.017966740257098657
2007-05-18,0.007832516152203706,0.0027068659834719178,0.027110083163571996,0.01396557866268977,0.00022615659474323202,-0.013145850847470997,-0.015718402231167716,0.004175059682549609,0.0022801691929543733,-0.0008064567817963608,-0.006491662725573777,-0.00038472623459129274,-0.019515088677245274,,0.009683353452118348,-0.0005713899199125683,-0.01144090937241371,-0.013100239611896991,-0.008559045401810184,-0.011723890035148288,0.006180299056221639,-0.016302021755440488,-0.008202680823712782,-0.00794241733142187,0.012113929583680294,0.000612945718136304,-0.007975006105895632,-0.03363033286467265,-0.013506685046529299,,-0.009690820154106161,0.002177746182367102,-0.015042720377232977,0.0,-0.0041067398453770165,0.003870294720087708,-0.026401429383597352,-0.0067428708961898565,-0.008500812949087222,-0.013233938086520958,0.019031060063550154,0.010688464306037648,-0.016142068956584765,-0.005091385773993373,0.005012434247834152,-0.005752685225265064,0.006323918008487084,-0.016413489226546618,-0.01694819085871202,-0.0063935846367885185
2007-05-21,0.036798468480709445,-0.00058679666008421,0.03410255140866503,-0.008568730765875943,0.015970384424764283,0.03539811356469502,0.028013441404706407,0.002512048829472091,-0.012611608720051182,-0.010848598824845235,-0.016933519599231284,0.026188531035904683,0.00321035509116796,,-0.013872141612431221,0.0042121594464987755,0.05300612410292693,0.0051056161242537534,0.04100730759818472,-0.022040906038857555,-0.0018425042126605229,0.026360961116344672,0.01345521098616409,0.0,0.022441630883446972,0.0044107519618696855,-0.0010344623477902548,-0.006708597344015632,-0.0038792998892963615,,-0.002393680307031909,0.03422012096520999,0.022020963346998323,0.059730749406698314,0.002062016829783353,0.0028916553726270333,-0.005021884787565711,0.021600378675752818,0.050815404543567144,0.019840128986448713,-0.013016465411143097,-0.005397113932344211,0.007383015663107839,0.0110033194515049,-0.012010378426744683,0.03375103175138361,0.0022557993296010714,0.001251513510290403,-0.01577834131759359,-0.049528408419597825
2007-05-22,0.010392054094276792,0.009160302437414725,0.007499005610658305,-0.015323587727347432,-0.016794612757823235,0.019343297165327566,0.05371848105027377,-0.0013250459695026695,-0.00517380880889351,-0.006962932389022458,-0.0035574083315116356,-0.005736950455468737,-0.008959977119358253,,0.019624733152645568,0.016929741041181057,0.009628324863748094,-0.006772797439047795,0.0058739754435310765,0.002067702321838949,0.0038973383635334535,0.02325781809748828,0.011692942234492687,0.005681643333733222,-0.0008779308818954723,0.00030516293572757647,0.011532983156030463,-0.02026199073139867,0.020044624465076932,,0.015172548880687975,-0.016544045939558383,-0.026933134596215158,-0.02482254461598077,0.0185184405733001,-0.01153297113881202,-0.014131749672662619,-0.0004026903163221185,0.024079624180453063,0.028692483397728674,-0.011610887847873452,0.011879483598151941,0.06026025870296925,-0.002530973964032124,-0.006696169048089229,-0.01305961219964491,0.008480743693568327,0.032166809239919436,0.004518541127582321,0.05516110399506324
2007-05-23,-0.01298298536254816,-0.010589983220401944,-0.0004033845214290732,-0.01152321981564386,-0.013046730997251621,0.02612542049756006,-0.03080211652537934,-0.005738700431143662,0.002234887615890635,-0.010786820067609115,0.0051671888946951405,-0.013804169596802973,0.004843150107291638,,-0.012774599546428123,0.012784685999456702,0.049155960174568136,-0.013297029723524756,-0.007557242430410671,-0.026067781830367065,0.0017708408373346973,-0.005069045384795912,-0.0185409367711179,0.019774437667114952,-0.026069143092688152,-0.001829416618253532,-0.01203174331499901,-0.010340284293512303,-0.007635851895888668,,0.005144087405832831,-0.02483305099791755,-0.026071390400845162,0.0072726658976729475,-0.017171651094122664,-0.025765644815128885,0.00989755862568864,-0.01017350972198594,0.0015547093973253823,0.010142955933658326,-0.032342678038908446,0.00036233884410630246,-0.012288453801206689,0.023343921356516972,-0.0032150313795463736,-0.028354953711937636,-0.0075325154170723385,0.00274493768751527,-0.002403038592313389,-0.028827568175218032
2007-05-24,-0.01648502328864776,-0.015525839918225648,-0.021082764958881395,-0.0071360635104955605,-0.0173072151698892,-0.016170681090907912,-0.01215159265228316,-0.01154394860160013,-0.007012943615408718,0.005841767164420197,-0.004766765388429461,-0.01563797740631312,0.04305895038518126,,-0.0005175779418284954,-0.0012716222830424506,-0.04237701158639551,-0.006910807258085128,0.01696069157088309,0.006638543353386206,-0.0007479371286467362,-0.009778867651831669,-0.0058879829031699416,0.013346288756697522,-0.0009022224889659869,0.007147633741124926,-0.015865767785598894,0.001306075299619458,-0.025855556159827486,,0.025623250218782312,0.035597015610346006,-0.013017898694565377,-0.013680431929592118,0.02158262826061197,-0.03343314026384847,-0.0020279289299056646,-0.007937182496355,-0.007567092950875209,-0.009099668543402273,0.01888482450421991,-0.022239946123316368,0.055987583618933856,0.044136173846613946,-0.017896288376216152,-0.01070039163114156,0.01124408606010241,-0.010628004200756824,0.0008646629685737928,0.02005258267934451
2007-05-25,0.0004921396198782624,-0.0032255415358120043,-0.020116494602688384,0.0015360343244592567,0.009797360793464716,-0.013026735327715255,-0.004129207448517747,0.02048204841070622,0.004245481837532816,0.02503886821022472,0.02066130216964024,0.008054321762885674,0.008626184442527274,,0.017607488168733587,-0.00258310601668732,-0.013682241705007203,0.003131518158581814,0.00850953260795917,0.01999422314880861,-0.004082456881550178,0.002655503448196761,-0.00012321761514166862,0.009691512507205902,0.004214366274534198,0.0010914143438058854,-0.004070771018753638,-0.010000027910949227,-0.003310471427005135,,0.014328899043355214,-0.011634139971732682,0.005201361206653932,-0.009054059493023292,-0.003018344409149054,0.0010324846296065893,0.005418723441177775,0.0020516126953580294,-0.011534619520825795,-0.01614948371550795,0.030303621565696215,0.006446010820136294,-0.008836563251739316,0.20018981611373254,0.011971705387163745,0.009832494826864435,-0.003017889288521425,-0.0017904875667825726,0.01752654665765374,0.0005471120169557864
2007-05-28,-0.0024016380759465106,-0.0070120391323460485,0.05419931814967294,0.011065711881112161,0.007623328774502447,-0.016210696713467976,-0.0021591643172483854,0.025763824765365317,-0.003617765346146884,-0.007026318373954399,-0.006809254385350516,0.004738530617273362,-0.0073302509673547345,,0.023918343790644725,0.009323540557671928,0.00544733445983514,-0.0010406034982508583,-0.020587617334522412,0.007978368608207331,0.010452767413777986,0.00041358153275128373,0.01931381444886804,-0.013043874631357588,-0.0023981849856847814,-0.002180670257291184,0.009008861694520753,0.0188845299565783,0.01567477542835527,,0.04088429313770492,-0.01203857483655879,0.024025394951777024,0.022356121158900732,-0.034308832014737,-0.009283206786606435,0.013809060534398121,0.0026615262437612586,0.013053817182810734,-0.01158671887429119,-0.01542028181226962,0.004490336827612129,0.04234770779364139,-0.01879680727615063,0.007432974791908853,0.014605581093571463,0.015414552989692742,0.02356117848457595,-0.007884544091810275,0.013128796346431715
2007-05-29,0.019142852081734718,0.009415080634374906,0.01530420608987515,-0.002383933240297509,0.01069888155521359,0.011885558868948598,-0.0010390667623216832,0.04064722688331113,0.004610439902173802,-0.009053572009390609,0.0016678740489468602,0.007897764781243044,-0.010769555840375311,,-0.0062952259180483194,0.04745234830344747,0.006790070478795762,0.0041668181275991145,-0.009648200396990547,0.01105440768778454,0.03563238479749309,-0.008355873630977118,-0.007264417956207803,0.01595954591315829,-0.008413537074648647,0.010321704072182358,0.01303966972914683,-0.011206578899430775,-0.0014913937317420078,,0.030368684330661422,0.0008123056156579267,-0.00685821309769552,-0.009317386031427621,-0.012539167559796338,0.007287915240327791,0.08803955681577613,-0.0009189536118375807,-0.0003904758094143146,-0.026158717634439888,-0.005799977059650296,0.009380807252485024,-0.020670209402311124,-0.02258531280904419,-0.0018704692011596302,0.020153722969977972,0.012748629296434277,0.012504955773888549,0.0110647391747134,0.0662762522841136
2007-05-30,-0.0023054738595791324,-0.0048429599470622975,-0.035258614593280835,-0.007549247782273505,0.0033646862616729667,-0.0037373725130841473,-0.022963447548880245,0.07472442161119486,-0.012590010115427708,-0.024338522467561408,-0.007491979302502227,-0.00571330287813443,-0.0027991750850997477,,0.0023341941137469124,-0.031374039342068505,-0.006188277932195785,-0.030082972897566673,-0.03131533931132435,0.0016872572162409671,-0.020369717405068988,-0.011096220151966985,-0.018720821161870016,-0.02503625807865051,-0.01636361839117617,-0.008473933405795608,-0.007719119016022957,0.004794768570003827,-0.011318991577466408,,-0.03285182039078549,-0.040043495694690234,-0.009812784861020774,-0.004030721227703982,-0.02328022170446642,-0.043410684583143566,-0.025954207468280477,0.01103630976002612,0.003124753810445746,-0.005015360389994283,0.0035003161715343456,0.012488306821323736,-0.02983980239305739,0.043738348884724276,0.05559609688221423,0.009634128757795901,-0.004105642651929253,-0.0319383958460423,-0.025575784765901166,0.035867633194064386
2007-05-31,0.0033946530790402996,0.02048791525861282,0.0394456517378976,0.0060198054534224,0.020082863026611886,0.027063313898188168,0.015166314937913983,0.007544521792905767,-0.006005215871057512,0.009102126006802935,0.013326097401472392,0.00946707851370876,-0.011229049577110795,,0.015801539961119326,0.0109833876611376,0.008536995595516128,0.0024955697841879676,0.007901904639180612,0.018326392337558506,0.009597166717641992,-0.011642814480729569,0.015535763443955464,0.024168906629826514,0.009242160130446875,0.0063646482293191475,0.002606412918280343,-0.01605185968297329,-0.011042437014745055,,-0.018393825904054584,0.02311188797839514,0.01192877451670915,-0.05800714073721913,-0.014084570799993035,0.025391652345134297,-0.005015508619416353,-0.012027716112059994,-0.002141491326434153,0.04279121467120728,0.0007267448019139255,0.05041264723085259,-0.016503962660833427,0.032417688272664114,-0.00848219228277547,-0.015267468256272676,-0.0058338270955773375,-0.016658390680364343,0.03189397445484077,0.008514409833930703
2007-06-01,-0.004292579540218777,-0.009361284021612293,0.005097631804505731,0.012294071105729554,0.018653375715639964,0.0035656024740264858,0.017123609876650292,-0.004950633203949395,0.00856567249867024,0.007824313924304604,0.0010114573493273937,-0.011872066464830189,-0.0006308690510568038,,0.03405922178582088,0.014044754361072664,0.004670771235375293,0.002489357419031002,-0.011760130620943499,0.00978803886961388,0.005478480257899987,0.007512068968959396,-0.0071593158698211035,-0.00909543880912167,-0.016788541689973457,0.04451005929320351,0.007419129756834675,0.012345305110101679,0.0017632613568283606,,0.0030035503163923227,-0.012672068037052675,-0.012332348595013976,0.046031024129501885,0.00879132273698957,0.030558505959376925,0.0018902081703082718,-0.008184166803600457,-0.019512270930825082,-0.014824233539482923,0.0026145506624764003,-0.02150486565903731,0.055682505402715465,-0.030442372111043614,-0.011936800803902248,0.08042630513005555,0.01154037934875829,0.0057019439898904345,0.004930697523344962,-0.039988811148576775
2007-06-04,-0.005310475518928159,-0.017235284036629772,0.012960820431185294,0.0031166554483041953,0.019943536690649744,-0.0019931202498315592,-0.011509755291551516,-0.014050199465544866,-0.008698081892600684,-0.01147744871173939,-0.019016891723932505,-0.009272135163465034,0.014204755229828336,,-0.051147956701441455,-0.031788300917873324,0.004720320434217662,0.04043969611595721,0.0010817297500715917,-0.04960231174717966,-0.01345845741336027,0.01550433545371166,-0.0057935612852482166,-0.026544264760455683,0.02390541252510081,-0.0053627689810886725,-0.028425732772499823,-0.00827510362519246,-0.017364088084753093,,-0.028544615149222907,-0.00027917420040901586,0.008446719676505454,-0.02151397724394577,0.0010893149092960908,0.009202416770522914,-0.006288853783832038,-0.014130729218488458,-0.025870591705193458,0.01188527443063192,-0.009995815662513619,-0.005790885518647815,-0.041184711030914256,0.01658768317478354,-0.004228377076668788,-0.004484406702227606,0.01144772240364178,-0.00953168845803043,0.0037697269402889866,0.0
2007-06-05,0.001980321676245511,0.012820568798126208,-0.007531346894400492,0.006107141304027008,0.021402103508889603,0.004949200717138336,0.05474454207271551,-0.013743593880490845,-4.1287279344603967e-05,0.014037262487471835,0.0025284852707925243,-0.00930352278221025,-0.006536491553301382,,0.013351308270969309,0.009172414477121915,0.005637772428662924,-0.0034095909595814877,0.0010806415441977357,-0.0004925004058580207,0.0015309645906163016,0.007759031495863322,-0.00836904329594823,-0.0020384667918360577,-0.018495883778592126,-0.01559515335174122,0.0012056368651389704,-0.013175378031263119,-0.0016712579097335478,,0.03759193241812642,0.006140279548201066,0.02512732047147148,0.02418565836916131,0.03046762861818708,0.05521785660200984,-0.0009497169735496191,-0.014438207361106903,-0.0026556036338637456,0.032866417805530235,0.001316817822498706,0.005052544012854598,0.06254714016228813,-0.02758341205645598,0.0055607072020107395,0.03873879704924277,-0.0009177286644028726,-0.004147985678805255,-0.0016096881984609679,-0.011696688371132136
2007-06-06,-0.030995637384101715,-0.01564350726572461,-0.027940787554322943,-0.02965788442902839,-0.03271845942477625,-0.005443237369144649,-0.027022645716717753,-0.012135293584506712,-0.006374423981475141,0.0008521414756892387,-0.005604847975909433,-0.033985234412211685,-0.024122398253952126,,-0.03326786631581391,-0.03376011171366111,-0.036458122832552786,0.018474003151125018,-0.04677931907657018,-0.03166762156058389,-0.008770985642098994,-0.019455367894463227,-0.029007259876226543,-0.001021885116500254,-0.024714239274325367,-0.009481705493537107,0.00026509902563076615,-0.014685948270919957,-0.016863036700017875,,-0.013982016909848571,-0.005548029167626201,-0.0317939057419061,-0.05210780076700228,-0.019007227533566207,-0.032165150021816746,-0.02280613354445582,-0.0007431526933908694,-0.015977288126602485,0.0015649591950277486,-0.011836626858840682,0.0003493381742869506,-0.031914724972413766,-0.0161807785638437,0.003418497730039105,-0.03729406965378457,0.0031768018067437342,-0.037487522410306284,-0.020360583100593854,-0.011580036997958065
2007-06-07,-0.013096516428674265,-0.003639628676005313,-0.01920675893066226,-0.0023043054090938764,-0.020762953840479548,-0.00981678553633869,-0.01397124588489318,-0.012596760572152088,0.005540141109441787,0.00969866296838573,0.024706323871822145,-0.011688605180130596,-0.0019261289121174086,,-0.006984482933087399,-0.0017170583002161788,-0.0054155869925134326,0.027880870060969398,-0.01774259445912607,-0.014752920556793336,-0.007306649786778974,-0.018743387541434786,-0.020152197222988888,-0.020705015473434174,-0.018688688955171506,0.010286005471968007,-0.012138507162651302,-0.010388658195197409,-0.021470634998903115,,-0.02243257511354091,-0.0022316822671591963,-0.031737385170524046,-0.02038269479782784,-0.018299085326831332,0.0064482146285027575,-0.03338754213752093,0.0012745849375059848,0.0027061985734284644,-0.014999971644666044,0.028541396578806166,-0.02114912592837026,-0.025641328885529613,0.0030458524986769486,0.0004008060489655296,-0.0063063584245445226,-0.017129853509861737,0.007097269495778269,-0.020661619871192305,0.008269677230442474
2007-06-08,-0.007249265698398899,-0.007061942904875607,-0.013206191624858366,-0.006215104880545441,-0.0029763276881581424,-0.019213718191935292,-0.019836677232178856,-0.006483824767282376,0.01085385996719479,-0.0032187173057370844,0.004033902164843894,0.012588019803861927,-0.00932781754044898,,0.0041174521261384545,-0.01963142821780106,-0.019693519736035836,0.031372334807010294,-0.04150633048222374,-0.037840307228388825,-0.03126458748478589,-0.004388405949774077,-0.030750671892636805,-0.013573895811190728,-0.027759710950025385,0.00423720158935903,-0.013113922310705739,-0.0018254560832340339,-0.04630799799135721,,0.012696316442654787,0.013419336833627948,0.0032209955856641326,-0.005884902290233751,-0.01096500479615159,-0.01133524790038698,-0.024144743866133966,-0.011140527952295254,-0.002906688070627661,-0.038493958264678274,0.004314077108495962,-0.023673451867521567,-0.02857150654861096,-0.028745222840876883,-0.01362181069035151,0.004533425714198458,-0.012265437020931969,-0.002320417638579042,0.006907965819412887,0.0
2007-06-11,0.00549189349760737,-0.00515021288624673,0.005866635135664211,-0.0016600679460467838,-0.012420835176115363,0.012344517238559893,-0.003241736311533683,0.003714334839117317,0.0010243871465966947,0.014839888803510615,-0.008765536959214337,-0.013703389968693913,0.0042205789416971395,,0.06184868966929402,0.004195942667630126,-0.00948460105465776,0.019645035728628857,0.01924610265186688,0.001533267409906891,0.002370024936424908,0.02886532453365409,-0.0056946870294523055,-0.00820338577134272,0.02191198688982099,-0.015705461763076856,-0.017368856023469936,-0.0004574187648734851,-0.005018503440003985,,-0.012570351903431365,-0.012413846130655548,-0.01718605838346754,0.013741838749870672,-0.006651922146773237,-0.008973250440318936,0.0003433323780475117,-0.003111167409702742,-0.00020781714418705022,0.0235371868447809,-0.011310177984658276,0.020449781988863602,-0.01006182909063591,0.01896642031959117,0.01167745627893746,-0.017148216934090854,0.00271149191452702,-0.004565588136344556,-0.008653248255392154,-0.04878441590769489
2007-06-12,0.019655991651229998,-0.006471184427166987,-0.008383961409754725,0.019291280474596828,-0.005560716460976445,0.03622868612498853,-0.011866283162911495,0.007982279471766107,-0.003275243566346564,0.004899142363031128,-0.007553537891168083,0.00932119749972582,-0.009699253854660528,,-0.01946909998445978,0.0037976535579946624,0.04007573413716292,-0.00932219828362324,0.029504277223832753,-0.018371041200123894,-0.032893184360918815,-0.02158750907857354,-0.01868123907505359,0.01414097587176566,-0.0003246042611494415,0.030602393784056936,0.015099059024638262,0.006404346086653412,0.05574478595265853,,0.0032832482718019307,-0.015921604324942495,-0.032475010120511905,-0.02606871775470443,-0.025669804521156858,-0.02867202081567144,-0.019237279095621562,-0.007642085910653296,0.0006245509736506616,-0.011283350832947292,-0.01795570947041414,0.008445473558222005,-0.02189202513387467,0.0028633395448063315,0.00782878342983273,-0.01193745499400578,-0.015911615436372983,-0.02301811588572189,-0.007980497584981316,-0.022679691070715213
2007-06-13,-0.013832567997174139,-0.009428388521923625,-0.004824915229463933,-0.005873824463063504,-0.02116379195461604,-0.0022170151695586338,-0.01903542599748731,-0.02008646384302626,-0.01158230382023484,-0.00037678491669002057,-0.015314294754918745,0.0006388102503769311,0.00032656059704638807,,-0.02970154958423954,-0.008210595501515705,-0.010762545609134255,0.00595945338910453,-0.02445543164999764,0.006238213651500679,-0.013590092137699572,-0.0030906761590689946,0.0021535938652992304,-0.017100561870572517,-0.011699962035098377,-0.00746080602284227,-0.008266020552378572,-0.006818112848142155,-0.008500431042181789,,-0.012187767901946756,0.002838450984536056,-0.012710922033477123,0.010920781937010515,-0.0022908311614060484,0.012946643124702062,-0.018213645794039945,0.010737642888784427,0.005203055452535743,-0.021084710131814344,0.0011798378330127868,-0.013910254985738502,-0.015188157038538819,-0.01672432172546634,-0.013743336139051543,-0.0037177216519735934,0.0009156841976134533,-0.01612042549185977,-0.0077933197277128,-0.011763532590299608
2007-06-14,0.012325522263435307,0.024297000618400677,0.012466567416018037,0.0021021274275108137,0.018172771273857302,0.0013673991456188972,0.015959376663946756,0.029784014729267838,0.001080260849047887,0.015311028902791346,0.0036758709943913725,0.02101204862410211,0.002610883417858867,,-0.007609961812076738,0.028690250348642587,0.03165353848308805,0.02307464095409628,0.04622006037265303,-0.0045722612041846356,0.020702768869466093,-0.0005166658902082677,0.011023498218272865,0.0,-0.0029594444053584468,-0.011829354669492753,0.02631598353172726,0.0146452185211976,0.03297887220628781,,-0.0014197108434632622,0.01103865873261789,0.0549184140065373,0.021181803348371053,0.025258401444873346,0.023883542056681417,0.05743832463448628,0.00815536014703544,0.00952369747814874,0.0018875915894238648,0.00294572508507418,-0.016913952544821753,0.0641236086594168,0.010786081302026629,0.010703604145637646,0.03544783643660998,0.04094246504209087,0.04780316470422741,0.019889726627889903,0.018227648476043967
2007-06-15,-0.008343029200647,-0.006052541781086274,0.012723490590724085,0.0031460599852444204,0.007801379686232401,0.02372597999598458,0.015262201046159829,0.012265712827229436,-0.013452241963229472,-0.00485347166488892,-0.0035687675489272097,0.003411329706930921,-0.01855451502619765,,0.007668317414766035,0.032303257835028854,-0.024839882935756896,-0.018591765213464728,0.014975695996942928,0.012689859251280522,0.00035706390152334677,0.02119582892918115,0.015017427845289477,0.0018737724887936125,0.005276893236226821,0.023823792375913033,-0.014181131754445908,-0.008569879569588212,-0.0033320864945307616,,-0.009715272304640199,0.003919512571524786,-0.007055763575214091,0.003318805298842875,-0.01231811480303635,0.0015213473008455214,-0.024291225222385582,0.0013838811188180422,0.0073831643754198595,0.0013297847508342286,-0.008516777639573925,-0.004246290841904865,0.007627992987763621,0.024625935418984835,0.02897418136712382,-0.018918846159794334,-0.0026374874241714696,0.007388873215923075,0.0018631737550651728,0.01607461283338818
2007-06-18,-0.006123994539748323,-0.004920622304241173,-0.01972369573767796,0.011059653826151372,-0.004153636288136586,0.01609024161965844,-0.010285572310014257,-0.010679574774944411,-0.018405688383303254,-0.00992833998734044,-0.014043410336174622,0.007988841669110291,-0.008955224853731902,,0.005242923421201029,-0.007688057326448838,-0.018821825172981255,0.003416054198156271,-0.017336824361244618,-0.008379551705142818,-0.009495160581804218,0.0010970031890824572,0.003715806109645392,0.003206097122667728,0.003937115688184667,-0.00478072535288232,-0.006355846965222289,0.004094608539885858,0.00273532135550858,,-0.0013672412022625036,0.009202103817284035,0.001536601713810981,-0.012610992025142043,0.0,-0.018734089350388783,0.0006914041213643696,0.010203803856821292,-0.004682545206350808,0.0,-0.0017772951782260016,-0.037791406726299215,-0.006056356839055366,-0.0018029114413856684,0.012331200282399868,-0.006427968165385489,0.01433340837195285,-0.01927496587479771,-0.0011155287249470236,0.013662915697430611
2007-06-19,0.032872763878431854,0.003646804938014281,0.01056589089711335,0.02873462640152069,0.04042165293534983,0.006645833421192737,0.047699169530718066,0.03580883940009638,-0.0022362658605374897,-0.016512079195939777,-0.0028675921196071874,0.029003280644743334,0.012048303740806343,,0.025235504634106398,0.018283643157884333,0.03886492956142851,0.0012380112305521163,0.022146988113851407,0.028761996698186687,0.010523442609465805,0.006152289783767362,0.011576864244922769,0.00639110759430106,0.00032676449535395946,-0.01788324855890866,0.024408675880141395,0.02446775741262308,0.024186187662512015,,-0.0004450055605479397,0.005526631907536439,0.021284686094694916,0.04690123636022947,0.022675833863393002,0.03766767584545527,0.022460380270019398,-0.005892206654160903,-0.0030682339563165018,0.007082647238119133,-0.0029678651519027266,0.017956774811636267,-0.001523114883428156,-0.02668537186985509,-0.01784008336684806,0.014787955511560869,0.01413076645185063,0.03626420646085782,0.01725293755323798,0.013478457552995815
2007-06-20,0.003706647582587985,0.01613582958377302,9.067147861929747e-05,0.003174249657535988,0.03783059701487024,0.011492470366179841,0.021110744367736967,0.015406769801314724,-0.011206930301699614,-0.0012264045918081168,0.0024924518451878708,0.00797465416900045,-0.003637626328288901,,-0.02412216727201899,0.013901955403234467,-0.004325156383530149,0.00587311518697331,-0.008078923226914503,0.03451400129069793,0.01776024931594633,0.04397731440698016,0.021891137939118677,-0.0018523926699288706,0.013067563931768333,-0.0008249592922960902,0.031734954075090416,0.04511264959944028,0.0059186169846083825,,0.007020452133863042,-0.0057708954263375745,0.015208595996268892,0.10179992862076492,0.03436824834100016,0.051715563534159736,0.013180135289284411,-0.0009578046486535818,-0.005539551006623844,0.020549670148624966,0.0037203864626720318,0.004954124568152807,0.003051022326366226,-0.006596482339676246,-0.0014648930274769878,0.001821209903648091,-0.004396168375025544,0.016951739909971897,0.026478042272838342,0.030973922889514727
2007-06-21,0.000808043013101889,-0.010485184717811569,0.0015909604498112184,0.0018982820909052567,0.015978258326318162,-0.003706785776043109,0.046164096432107504,0.03888177838694751,-0.0012206884632952608,0.0021747307688457784,0.0037294615912775164,-0.008887121430682376,-0.005642132825595336,,-0.0077350403385515465,0.04015302482941929,0.0006497023215650266,0.025507298725057526,0.007774618395102184,0.0016024669716825368,0.022075482830298254,0.02158375634186438,-0.011524990059614826,0.005037220130281961,-0.0041918982910396085,0.0026538211236544207,-0.0014530686045849395,0.013542021533138993,0.005707502193901481,,0.03529850682821478,0.02294069986239733,-0.01066035306131874,-0.043564962122188855,-0.013933701491481765,-0.008510718306408371,-0.0006669582363804105,0.04547906980525762,-0.0037135736811648723,0.037364048462237065,-0.006819858056306249,-0.009411332023456564,-0.010646314584714434,0.003112516340710858,0.007530481573745362,-0.009090882818564405,0.0032555869828010398,0.00033024213555044035,-0.005230451181797435,0.002800524342777111
2007-06-22,-0.01686515201578731,0.011270301032038521,0.0010891020411092356,0.004842582141171947,0.005980142909952635,-0.006308726422562305,-0.020896112586545224,0.000973911735290045,-0.004932429399947091,-0.003906268210881247,-0.014291095383918706,-0.005303698000935109,0.019692801913465008,,0.03711267060978485,-0.02993807050188213,-0.015824601975301666,0.018879372259547944,-0.013960196956019022,-0.0046545448326758,0.0030858534122202297,0.0037700496534165406,0.0030299848986790057,0.014771996750504446,-0.0025905365815890313,-0.014881217163882354,-0.004107280437679939,-0.02797498201686155,-0.00280861491834572,,-0.0006896181145122915,0.0,0.005293043046858736,-0.0017083170033369566,0.05108706985506939,0.025274201939075924,-0.0020031087576921625,-0.014262470732247845,0.01428879663935545,-0.002594774875528838,-0.013882782474740507,0.007992621734889793,-0.005380659406109878,-0.0024821207635906672,0.009998138543350299,0.010091690355217953,-0.021410014001109645,-0.004619725296871602,-0.01786451080048912,0.010409851813436344
2007-06-25,0.002375245906736989,0.008116260267594377,-0.002901112502077252,-0.0020428837805052114,-0.0037797791556869464,0.003092948477703583,0.008763808693231567,0.03157733408810559,-0.012455962449578029,-0.007253269167177834,-0.0033829374322930095,0.008190233704765015,0.0042550097388203145,,0.00392115536821902,0.00844547900562631,0.0,0.0076468244835181665,-0.010804961857282414,-0.008987385227509637,0.014286714486763552,-0.003834104312907871,-0.010573234427680656,-0.0163767265409277,0.0009738653101662997,-0.006149863318819282,-0.013012852245700146,0.013316088384559999,0.009856528715125767,,0.008282875263613931,0.0008109220882657198,0.02162471161426094,0.006273910302335262,0.009306871656088456,0.019534941811714335,-0.03478228635644354,0.004443833284606624,0.015108241640576114,-0.009262293235400287,-0.017710791694541594,0.0029922508776505374,-0.0007725181093304334,-0.009125116001295508,-0.011532786435923592,0.019073722739099797,0.03624774583945656,0.0100280615094539,-0.006570269622918845,0.022405535273847033
2007-06-26,-0.0034520254682768314,0.024753774257392003,-0.0010003187916916012,-0.007033281030349836,0.005242688880056967,-0.026290119437539783,-0.014881843379459858,-0.0063705455305297365,-0.0035532767932363596,-0.007487337336586131,-0.013189833237795545,0.028406341792463596,0.0016300353665561484,,0.01416011234130199,0.015404831161611288,0.006672920833223905,-0.006421534453658229,0.008286430956656599,0.00951125624572735,-0.002426524981286149,-0.005419732109288922,0.005310041774729157,0.005549599783941206,0.0,-0.01009301936579865,0.01296135709217583,-0.015684597627163788,-0.01626669701409733,,-0.00818216781818848,0.0029696287601439497,-0.016933742705393162,-0.009897149441153053,-0.0020490732302651526,0.004105878109648353,0.016631928706978272,-0.016668232963824248,0.021520510983210617,-0.012710200484784218,0.012636447849943888,-0.00037298745270542,0.0,-0.007115997525601325,0.0223625832255423,0.013368603659774214,0.020119974092298154,-0.0026256117388224753,-0.001959428917606698,0.007782771068733707
2007-06-27,-0.002759412517007731,-0.016827059308129444,-0.007599958091700776,-0.008299257033868246,-0.007308252690445216,-0.01624994297821003,0.03699167027859751,-0.007592056356239052,0.010162355740503282,0.006867280719305535,0.002260529225860841,-0.022531943477872685,-0.02147752785389545,,-0.004333002649126061,-0.006211107564280338,-0.019043591151079453,-0.0026438857804413907,-0.025775261741574296,-0.018843024926732066,-0.028171621181552142,0.018954376072572776,-0.007922944851630809,0.003153915929509754,-0.0035680914572624456,0.008011417737467053,0.0024628657512000274,0.0,-0.01925260666683737,,0.01429777239294272,0.011844024517298157,-0.026961222370900484,-0.0037241501907137042,0.06262831886325393,0.017719136492325926,-0.029993103873347415,-0.01496282489901446,-0.02854907873065482,-0.005213385472704557,0.005022174703240401,0.009773926888733575,-0.01856149126084139,-0.008220736592829625,-0.005325656082736718,-0.022867223486037647,0.0008292365601896279,-0.0037845860503812334,-0.0036815498138434988,0.008047670666780915
2007-06-28,-0.00385638971083202,0.0122844516067524,0.006374278073418171,0.005117107296606527,0.016901232182028103,-0.01855150336603073,0.01110319562336426,0.004524776918267248,0.00326533993589484,-0.005322161726360242,0.011593516153832084,-0.016597022717026233,0.004323149957016881,,0.029980660096325273,0.020218783183846734,0.0014317257309031106,-0.00441835025269699,0.00881915355737517,-0.010867967787034583,-0.017309821572223605,0.04022636556890258,-0.00346071994011643,-0.008383376493037553,0.009765578641687256,-0.0005421164026627734,0.049159231169741746,0.0792419807394169,0.08267583532557787,,-0.005995064014203688,-0.01143926947477758,0.002886554492285809,0.025378868691274814,0.053140216068967794,0.005357224071572686,0.03056905849248648,0.03940935608608176,0.013376592506555651,-0.004171132758461815,0.014687902938286923,0.00302959948841397,0.003152001536783189,0.028267859968648112,-0.010708599257933438,-0.012600906771762732,0.004035153406995562,-0.010075169679725215,0.07205332870706038,0.03233746315251329
2007-06-29,0.005053321661760757,-0.015080940549734079,0.0450649322257457,0.013363993945091801,0.03718298020137745,0.045226918724149856,0.048364353113180325,0.020664143321368122,0.010995014715068585,0.0020779592867878893,0.0070901944830497055,-0.001103217346126173,0.011920533824677504,,-0.028795006838146286,0.02962635718297224,0.006576109084804216,-0.05236680864802823,-0.0049412546159883775,0.00872964092229922,0.02313255498824751,-0.0005960587688034202,-0.006077197841984239,-0.00343480502600213,-0.0025788454628248303,-0.023915739641224287,0.0037506826120232706,-0.006384680319401426,0.039989064688569,,0.02722206598699861,-0.004574903620634063,0.03702968427842901,0.03568682464019046,0.0,0.054173959013340545,0.008524034672006353,-0.014001136455586649,-0.00439994496459073,0.008054991593765326,0.026563398959613238,0.020405125098069243,-0.04241944369699291,0.07317055759613189,0.004735627303939172,0.02917021606335335,0.0005024254910852566,0.020355346480464664,0.03446685774252645,-0.0007030122896495294
2007-07-02,-0.009555886507208289,0.00125605565211373,0.0006975313230106472,-0.005494806330391344,0.003244198667997189,0.003137970461241757,-0.014560558054836026,0.017038213817941905,-0.01296330269938395,0.007672544842640017,-0.01109069108150007,-0.01424564202121048,-0.004908021237644666,,-0.004189498074333886,-0.005104712871907613,-0.006609212735352865,-0.011239442173295644,-0.019098548052893682,0.01790518450126366,0.011684810104105159,-0.0037276839324313915,0.03554389051668094,0.0002652538409453342,-0.004524678936514981,0.02443967153881399,-0.00578511675366955,-0.016064266001488803,0.005240870989881685,,-0.0028566626827664088,0.003514260533952429,-0.014616119081887535,0.010374177471811796,-0.013761584381831948,0.02274654902469697,0.027044925628104233,-0.011608549245988975,0.019887582648946855,0.01076092392114214,-0.021515082233822924,-0.0011552069116935737,-0.009023894773102614,-0.027157141361031423,-0.013658863509472208,0.014171884957109748,-0.004411329281304499,-0.010955793098969768,-0.0188251392349712,0.02450685982457035
2007-07-03,0.013655624016132295,0.03536468072068,0.002570865934020228,0.017364541765297226,0.03338236979951681,0.026424192095012344,0.016961921580050943,0.011429427267849457,-0.006038233671763038,0.00182607870447149,0.004778640169458281,-0.005544934447312855,-0.0009865534818216393,,0.0025889796573250745,0.011013368434836357,0.012295834743076828,-0.005051993834505941,0.01246120887477975,0.005350181559764078,0.005604236874115154,0.001272017755285848,0.016740278601277803,0.032600065077592166,0.015259382907554908,0.00030139402982620744,0.03090703751351853,0.0183675102118388,0.0005321545075318568,,0.023616375714692328,0.030172505503520908,0.03548627130069426,0.01723493104358309,0.0037208164176176783,-0.002471164679981208,0.02205401820547115,0.015834723744499346,-0.00413633625578036,0.04785471468156155,-0.004159746448050172,-0.003685972689362438,0.0,-0.01524426748852692,-0.00419382779455435,0.026200800618888298,0.014517244496656367,0.024965049344150447,0.003792066629309865,-0.013543478370501183
2007-07-04,0.006355370951398598,-0.0072698710843986936,0.0002173682750925554,0.0199132310119412,-0.011379036437971002,-0.007779378419206839,-0.016234198123434185,0.014263856772801287,-0.008824093886414364,-0.008395941534210305,-0.012423695500350052,-0.017686557868621833,0.02304098364103213,,-0.004035041218805491,-0.0010344905912625935,0.02596833248420105,-0.0060299930066891605,0.01615378480304641,0.02259962809878946,0.0179421391161787,-0.019058306699431427,0.010083015228920855,0.013860028148457104,0.010233463916069496,-0.00012054326442811902,0.013898319663846692,0.04248494436503547,0.08698878407461041,,0.013214858374325456,-0.008891514089868324,-0.00961003963211493,-0.015861431411097193,-0.013901720440864018,-0.02518587265422234,0.02479858452773076,0.013006832646391242,0.0007912381407553237,-0.01337878684551641,-0.00805611672457307,-0.005513303301583616,0.0016556629159498737,-0.008041961231912809,-0.009890976157541642,-0.021276538180999616,0.0026275710448628864,0.030083145779678855,0.05824320462855903,0.04435913989982421
2007-07-05,-0.004830863196812474,-0.008776118544054912,-0.01881392348237798,0.017951987949519577,-0.010742796167625301,0.018428830543042896,-0.016276205328377813,0.01652665576081702,-0.005368263243177296,-0.007378979980878997,-0.008058946625477903,0.009174617167824195,-0.016087090628149947,,0.010371364535199712,0.0077980834402260335,0.01907073311126961,-0.010536358400994539,0.006813297691007136,0.01169197491788676,0.03349422881518871,0.022095218881263312,0.01724781685202781,0.00784847964799118,-0.014561501569013924,0.01264922736409213,0.003303745656209056,-0.0015377884443409373,0.005918788434512212,,0.04811889094226984,0.030871063819115196,-0.006774189541756903,-0.017765609534400095,-0.02725556413022656,0.002117959629145627,0.02419877812010718,0.009273570324574987,-0.00019790628042237746,-0.018352395923175835,-0.005564649887854989,0.0039390304768800455,0.032231271993755195,0.0046613700363218324,-0.008704415868819204,-0.015652285446858705,-0.0018415674273107863,-0.01573761946272334,-0.03846790206919193,-0.009813569845498193
2007-07-06,2.9054977526365988e-05,0.01583112909368256,0.025861420205644636,-0.02206924608719707,0.002230026175694011,-0.0019842679540215125,0.0029106537883543115,0.014370675098130281,0.04227953855565292,0.028693440860424024,0.02962447964856829,-0.003920522558048201,0.014715286925488735,,0.0009625242242001786,-0.0020549137339589407,-0.007636980971364893,-0.003549560719360856,-0.014286001723641362,0.0023254677176531846,0.023121656824809156,-0.01647410593065235,-0.009999293838879542,0.010550064463087594,-0.0009638501043888192,0.009397719022363749,0.0085869735161066,0.009626227688448008,0.012351783624910073,0.0066687422581863665,0.0012004812991666114,-0.01100594411479039,-0.004976800760871591,-0.013425230834291146,-0.004831043419425307,-0.016483870643555942,-0.016876530676734114,-0.0034331106701843694,0.026596043411003523,-0.0071664996099016776,0.021476388156315807,0.016202822708849096,-0.00880692023326346,0.008271348984609128,-0.012272833535399763,-0.002650102254496578,-0.0023060676272060876,-0.00723894193315977,0.003380201713544695,-0.0013459874923348325
2007-07-09,0.0006141350757757902,0.019971076477576233,0.00802897702384664,-0.01100363958796824,0.013189469662005848,0.009145235271315943,0.007103127145928534,0.021694266161295328,0.015621720413964146,0.011131816760046931,0.01048904507094739,0.015914746389650736,0.012890660511202467,,0.018265746251725945,0.01608650587235627,0.005045785650474199,0.0009715856207364038,0.014111280321287278,0.007170867178982965,-0.010728029713438447,0.014476235955147132,-0.001631052833626967,-0.027094235407370326,0.0009647800076999502,0.01043052596664995,-0.004852058901449685,0.01296749418562615,0.0067250771364066875,0.0019177649283639298,0.005088041036845459,-0.003105191849875566,0.030381453943710834,0.04271390412913956,0.03106819779657166,0.023205890617663982,0.014357402460550617,-0.017426405222174868,0.0016592151009469092,0.007741391316021584,0.010068286810069438,-0.01658780904623469,-0.012116100496606608,0.006002247689176343,0.006263191511718835,0.019486285501513434,0.01162853414689291,0.012900695207427315,-0.015959894171616362,0.0040816940939900626
2007-07-10,-0.004821890707184862,-0.013015477220267413,-0.01567312055835557,-0.006953564085962705,-0.012858564492218783,-0.005989028878396918,-0.009858826647468844,-0.011072053017737837,0.0054387540724050165,0.013416929680955647,-0.010951434046145736,0.009039832105523837,-0.007953920362392619,,-0.015263222007481758,-0.008485896376104418,0.01213539064871405,0.0022646631841727327,0.018051989953402625,0.03762383125679514,0.01071585421115362,0.002839103490264172,0.022684554927006495,0.015585016775032212,-0.01252814054595075,-0.00565700653750556,-0.011419271993924784,-0.02409655444005343,-0.011595003759613642,-0.005133032217763289,-0.020803580153134327,-0.007269327505251333,-0.010248086185151495,-0.006525084943602821,-0.034840187158335034,-0.016799546821422373,-0.005538363062152496,-0.01453888856142549,0.0006210966577533394,-0.00020776500163566247,0.0024915543969197262,-0.00037306326139696644,0.013900056774296843,-0.0037788810285444008,-0.010340407959364306,-0.013032110254416862,-0.0133581081644355,0.035756644788084824,-0.008137448167784056,-0.00827971907513858
2007-07-11,0.000352443755776255,0.0025799570840723263,-0.00047861771533896924,-0.010789132236567744,-0.006093829140982665,0.001981726283259544,0.0007658128536771613,-0.0032647959735103704,-0.02894845423264303,-0.04496405697396144,-0.015694310451664806,0.002559573416472727,-0.006735017171687896,,-0.004793674363988476,0.006355072319735644,0.03382888400401196,0.0,0.017362443331184085,-0.009619756393767664,-0.008190007011095068,0.0002979471193482741,-0.009155347121678759,0.018867848269982224,-0.007482041296917985,0.002463050760761254,0.0353318872594115,-0.014660624922294585,0.034516272923639235,0.03323125928972592,0.007072300594710645,-0.0031383933481815562,0.009991089209501425,0.010946779122577688,0.009756267822260467,0.0029902130283800954,0.04393547508375861,0.0027202856462464897,0.00827808717891032,-0.0068526899785986695,-0.012428514939381241,-0.0011183244346912868,-0.0040322630344458155,-0.001796672187899362,-0.0026372073634471915,0.02464775174070133,0.0034203950362210467,0.020545285603402963,0.017426783922359856,-0.009063402422757938
2007-07-12,0.009422987934079918,0.007377496688553142,0.04587598079472066,0.014787012959250223,0.011613498817561574,0.016773604697284394,0.005969774678257211,-0.0014907350629885796,0.011880997452106135,-0.0038607645051458306,0.000782698778346802,-0.016817151663697905,0.013238712363790706,,0.012523756000189845,0.042109523772249746,0.025162450960834803,0.06165284853762887,0.053013721876852715,0.00509436996772239,0.027013489038179017,0.039919610804450834,0.027347247687792064,0.016790222872784755,0.0022940985686930038,-0.0015211468230128533,-0.0014521484092052672,-0.009396778828958063,0.0036397504757847976,0.03385533085577053,-0.01611013453514909,0.0034106300257827904,0.01834519773653054,-0.0021657113383193316,0.015459137095007458,0.03705269285442592,0.003556324688720247,-0.009600161094120985,-0.006157481368704643,0.00334556893373561,-0.007255482561994819,0.005524988728772495,0.056680077395290906,-0.004799910044857136,0.004169930843503478,0.006873096245960664,0.036998820850196346,0.030160135439264213,0.004226558804042657,0.011726895952952399
2007-07-13,0.031232678248417356,0.002497674767595992,0.020766467058860982,0.005012058044561174,0.000481092506010139,0.0035016557687528316,0.013314168478496535,0.009168018581273252,-0.022838012125896756,0.009156360829073451,0.001954772645581304,0.017330322624241834,0.0012747087714872762,,0.012686496994235963,0.0266443343003957,0.035420597608688764,0.05928845304571828,0.10034511790556766,0.036764230849369195,0.029107427189272617,-0.01554120123911884,0.0035611144087535074,-0.016755608204389483,0.01602375376799925,0.014180191287238575,0.019561951303632696,0.019367490580901148,0.026269627374123417,-0.015882068695156848,0.014484463129250003,-0.0026143438552145293,0.004238734093307883,0.018448083636620538,0.06184571687403939,-0.009445441053541614,0.03455420566191103,-0.006111089912507084,0.011152492704496142,0.017345379020573537,-0.0014912086514594636,0.00801871856666625,-0.026819885511141117,-0.018890817187597886,0.0011139910826019062,0.04692819220930655,0.012189849665153574,0.048456319176152896,0.027411900673729894,0.023782851015487383
2007-07-16,0.0020584345906125012,-0.004869841891804616,-0.007134398356981153,-0.0016453146497169557,0.0332061639027752,0.001473323733047316,0.03964239646806833,0.00654240634432357,-0.006777891830337501,-0.0020366064691696995,-0.019705434762468332,0.015315849930542136,-0.013685804387720157,,0.015345955914856102,-0.014711284532903712,-0.0014310385104784329,0.03559111491164613,-0.011281765316964898,-0.009842715112710287,-0.0007269692595724964,0.009966585956810547,-0.00439075319650839,-0.020252104517334613,0.013136194890777109,0.01097802003074122,0.006905651544864,0.03722358194357156,0.016082797534902493,0.016387859301842944,0.03065417254159386,-0.010747056367070296,0.057685606754175556,0.044219601038881784,0.005376296280349857,0.011608684855552331,0.1170426397930795,0.019188148131419558,0.03206690475858265,0.005719438123737097,-0.023151337234162073,0.009428426260449374,-0.007874025816076102,0.035231434815075735,-0.002326985036244622,0.005705121561962345,-0.015392044989717357,0.002494342396296645,0.04107120935769748,0.09424037865416612
2007-07-17,0.02878958406408727,-0.015933554778276293,-0.015070387723327472,0.0028839654605421483,-0.017775549029864335,0.006116982624649214,-0.015165632716089394,-0.007920773428810035,0.02432824932839428,0.001394710476297023,0.005771650840394882,-0.0012022077510798201,0.0009680896220305435,,0.002467839238595282,-0.02561798509531077,-0.01979910847527755,-0.010532106959249776,-0.0278921891266265,-0.014088538940884576,-0.02957750324034869,-0.025049116669036198,-0.003383025473345458,-0.007562292192489828,0.009400416168035441,0.012629738302438076,-0.013924145361425833,0.02766368854300194,-0.01132514627441017,0.0028648518145186763,-0.007428440116783563,-0.0116588642610157,0.0061523263236873404,-0.027891147529674032,-0.026737886598937943,-0.02131159866813004,-0.026067164317743474,0.000415839534688045,0.0059372599103570955,-0.007237828226460796,0.030274982153495333,0.021672218213614425,0.007936518164997075,0.00237431264042387,0.0004056429132142103,-0.021070022405182964,-0.07544843248071365,-0.03359121344416338,-0.00522906249200239,-0.009978888120952378
2007-07-18,-0.0028450141768630033,0.02318853447132918,0.0006255704905402393,0.00991067076977492,-0.00473759012224384,0.010004538467401014,0.03857158202164768,-0.02602172668439784,0.00943132351098197,0.003095232167884099,0.0019789189851697753,-0.02287288264110421,0.004190856941999943,,0.02338441485555154,0.008372343450664621,0.0025750793552890006,0.034173543156361896,0.003912362724499241,-0.00727821200926726,0.007494732898949863,0.0014980419149723812,-0.005091806373004659,0.00990612913401967,-0.010276207227133072,-0.007393334867583423,0.015312322305639503,0.012731850323637994,0.020384250584816188,0.05019187315473661,0.007455024288641754,0.004312815426986472,-0.008263086081368609,-0.005423416072686704,-0.015567865719974039,-0.030569582642088755,0.014956923795717225,0.018299116662152226,-0.00019674339914410588,0.02051859798168243,-0.012763140029098397,0.027212648118378535,-0.011023545885447739,0.03020151332576626,0.002534205999192407,0.011589605786455515,-0.015235820287298418,-0.010513658261548708,-0.0029666639833423325,-0.02455535802205988
2007-07-19,0.038487641154109076,0.013337654776895302,0.007666319100702257,0.0063559214478505766,0.012788611186284937,-0.00929583848840454,0.03438524660810005,0.021266204124308796,0.013328865834451697,0.02671545317649726,-0.0023700290286354786,0.003080030226538799,0.00321035509116796,,0.015183277819482033,0.013725886854584424,-0.0004308830208608061,0.0070424655737091335,0.010717923016126063,0.044931737047412934,0.009857076836754963,0.000448815357751986,0.007798562565495271,-0.005030414488958579,-0.0009733991662680408,0.007846441372545199,0.03511465711778161,-0.005387645700671073,0.013966227990895419,0.004274086580804859,-0.010641029694741344,-0.001341848417953151,0.014831039361111298,0.004573517909270963,0.014883751511877819,-0.02937359418913954,-0.0010343527864589142,0.08086588162449004,0.040731940987145165,-0.0050010554185973,-0.018641182347296503,-0.034765770440228105,0.0,-0.006131353296774833,0.005763564257424969,0.01800338998253803,0.021924713036416632,0.01741973696659538,0.009604988742631049,-0.003328473249160635
2007-07-20,-0.0003432131525444859,0.03050746780867586,-0.006905167416120461,-0.003789509350076714,-0.0072065000575852745,-0.008460179918174715,-0.004914626363876962,0.04177263773762063,-0.005329200396422484,-0.005133859449398037,9.907095638461705e-05,-0.008709263005901469,-0.009599825711240517,,-0.006663209474283338,-0.0030826402449606327,0.04783664669375409,-0.01748261759793146,0.006747829926448956,-0.011780101206827598,0.014794163579987085,0.0014204485810209722,-0.00018114802988777878,-0.018452974740955197,0.002923103862350951,-0.007615726831011527,0.0011333100168118282,-0.015529326922110953,-0.03330150168367363,0.0010060694410689575,-0.005797829957029932,-0.016662099659361607,0.008374194418741654,-0.0033269197590217736,0.01741506116518443,-0.021806856424427923,-0.02199799395352464,0.018987180441772056,0.0015125622451286347,0.004102838567664691,-0.0006124627574786157,-0.014407216047669147,-0.009554029923802165,-0.026605052559145026,0.0011057714688296194,0.057877912435259526,-0.007570045729558328,0.025433206307053702,0.022180859527543673,0.009706140946929231
2007-07-23,0.009011073468174535,0.018563723003198085,0.024481595650461152,-0.015975997024208266,0.0006311008869159807,-0.03133739130793034,0.019893227694491866,0.05891637559312701,0.01279858132095435,-0.01935816809005997,0.0075216994576483565,0.02404797666296643,0.020032225251991997,,0.010882094643501317,0.0705772675249039,0.008241626257903034,0.012592461556908185,-0.0009572899167487048,-0.001302522557911634,-0.0012096925725881835,-0.0014184337687869197,0.0038093868676856157,0.05511234386724584,-0.005181577805849158,0.003069461051014022,0.00987426040368633,-0.006969706984064183,0.0231763412239685,0.03957907662576865,-0.004490831835413545,0.021590527960408723,-0.00960761441498803,-0.0008784915940968085,-0.009009165849722556,-0.004094576835285468,0.012966626187148833,-0.022248826505875785,0.003964530386271425,-0.010521961873742214,-0.014715189284232766,0.03632528036437899,0.013665410111652454,-0.022380533899450272,-0.015565445931510546,0.01823704711750085,-0.012687963955679171,0.013163471059963072,0.005513405609587352,-0.008165492722749912
2007-07-24,0.0017806609572836862,-0.008979832468324567,0.015118350081861243,-0.00046377897961979997,-0.005961272519968919,-0.01513453687691535,-0.006456919984319853,0.017238037212973234,-0.015995146107533387,0.01401593837785553,-0.006876103025133307,0.00863469384863147,0.036743557870148935,,-0.005603517413462877,0.03738013888477121,0.0009727287651233318,0.008921082462479246,0.028434421223677786,-0.02543703507252315,-0.037005765495151555,0.025867175460791092,-0.01264993768240874,-0.024896460361490624,-0.009114470866131263,0.0167753659229124,-0.0014673542982016619,-0.009235377871708361,-0.01612900991477073,-0.02305146790276813,0.0013476647550723087,-0.011503252305644751,0.03337721902326085,0.009319509630463907,0.009091068796259316,-0.005481850552735978,0.004440997043398953,-0.04333005251966915,-0.016171598620775884,-0.009911228496877644,-0.018512484298114473,-0.016291677223510104,-0.008723413280974257,-0.025121622769435636,0.026420607007569208,-0.02014944118266937,0.0062182848175973415,0.0056755225894142836,-0.024649185845924237,-0.01587614422038386
2007-07-25,-0.005228508342045246,0.015388200886171877,-0.007886901987327666,-0.01160221391504146,-0.004061309235833477,0.005854147468487225,-0.012185258343299199,-0.03795547787560627,-0.020224177015550016,0.006961387084914783,-0.01315538614427847,0.01859329441790747,0.024442032680535464,,-0.024322030459414723,-0.024431374735199074,-0.01711603813371787,-0.016880842025309484,-0.04939429169945608,-0.028242610395632473,-0.016918296947021516,-0.001967677349154706,-0.011774766150957738,0.01101331895438995,0.0900131581800554,-0.02853814212802852,-0.020178505589006135,-0.04101398379339083,-0.04541817340525067,-0.03006541503852156,0.0001460327799827077,0.004600275120369757,-0.024025424495912273,-0.04686396700609685,-0.016215996639217134,0.020670556809993412,-0.021586480541164854,0.013181515001110977,-0.01586391394663389,-0.013451717571440813,0.012680304627345373,0.0021507559754228023,-0.015999488307372633,-0.006442391396057623,-0.0037765598904330178,-0.006854725814356977,0.007303271812285184,-0.011423133429809607,-0.049306391570800634,-0.07236387076401463
2007-07-26,0.02068235233430471,-0.022441847545818794,-0.017594149514457036,-0.014451199813873106,-0.011214515498399247,-0.005254251525028564,0.0014392786943608904,-0.009439903045230347,0.03562112765496006,0.022877844763886213,0.03037012241616721,0.01632648140752946,0.0029827744433901238,,0.02720799099027471,-0.015949585796651067,-0.008101533002019545,-0.0005450828250729289,0.022548924758173605,0.00805814531233029,0.02802131195922808,0.03913863454408206,0.03642430275514097,0.018568996206868693,0.010849855264606134,-0.005909571785301604,-0.0013648904891767621,-0.027605501249334696,-0.03763136681103918,-0.006042667183751127,-0.004328525779428327,0.012931229913474507,-0.01238980871351758,0.02833100116927678,-0.048534763788113944,0.02250202005544444,-0.016480808114784695,0.019367993792239524,-0.004078317055416281,-0.01458598729122862,0.028329409202382916,0.02582622241870669,0.00650372939714261,-0.020916043268420337,0.0010973447704276662,0.00613509017066205,-0.003792499320034115,0.026205319787139247,0.006293141990521001,-0.02005405715596209
2007-07-27,-0.03833778208166372,-0.035812660774775185,-0.039350895354091864,-0.031919885928837655,-0.034186098379362706,-0.0015440305225178363,-0.022172064084629795,-0.048906528887185274,-0.0279066743763573,-0.013026155260911443,-0.04143978930570946,-0.04792996543708872,-0.041034828169999815,,-0.03492151690972933,-0.05553322203819844,-0.07397226798523038,-0.05590397796454416,-0.052732136115668626,-0.04468164997887136,-0.02912451130000715,-0.012789237498764927,-0.01090067759000346,-0.04764178625240412,0.028026353945500126,0.0003465601874268476,-0.034173213042075656,0.0008001512689739254,-0.024573315242555682,-0.05305548651671432,-0.004259332505267888,-0.00744686394675409,-0.046715312633754835,-0.06541049682325062,-0.02694908294884968,-0.040052609299265685,-0.06270263347567784,-0.05066684201766536,-0.02476596706212464,-0.02413381725124253,-0.05190225670666959,-0.04651659634229266,-0.0339255289090008,-0.026917291672082233,-0.010463460321491924,-0.04115844587122641,-0.03762185676014862,-0.03217151722894451,-0.05606765820220383,-0.05533531374619327
2007-07-30,-0.010040103467205741,-0.007731172431964972,-0.0004275782082999724,0.009404978439863099,0.05291070100140538,0.04036793040922704,0.0037091448325352605,0.009545043107709317,-0.01435363577575599,-0.010683241549335865,0.00172517164976016,0.0008851247081900215,0.012092957576206986,,0.05121127322656194,-0.008309790983657916,-0.012500318565414892,-0.042460827128524836,-0.012483278389188945,0.011585696621968733,-0.037881920532393476,0.027546519223424326,0.018789633682634532,0.0666155396279351,-0.028712287872692643,-0.010846702402669162,0.02926660823209537,0.03555706171644313,0.02734187603802174,0.006503186489612123,-0.01908666964543204,0.035101941114287216,0.015411256516438154,-0.0047547961655661775,-0.004945554558619114,0.017423165160248555,-0.00028847857087499484,0.00899634109795766,0.020995570674724906,0.00351728564420406,-0.01252203596437862,0.00212142587439601,-0.02675583441175,-0.019758443939776105,-0.003826694222218485,0.0,-0.022803734463989422,0.005540133351950249,0.020903402503368973,0.025773598296664257
2007-07-31,0.024205531051610718,0.017502364909017798,0.027163206349929414,0.004821268930759626,0.02902323624763259,-0.02073045959367803,0.032910196028348215,0.06732682597037831,0.01746618564730018,-0.00533631354425379,0.007699328295767804,0.01099954975488826,0.01593142089230848,,-0.013272903877178055,0.049212266911971,0.019884685996780727,0.025339153964007988,0.02733156351422461,-0.011099365007064543,-0.028914260602348696,0.01807960419944754,-0.0015368553259942352,-0.010528726966340773,0.02120056578865359,0.033480875042130265,0.00397250687852746,0.013888895768516818,0.035226067824694285,0.01424793339503827,0.02721734112067753,0.06497500506614129,0.023192538874150292,0.00038230668792249567,0.016898457744034756,0.012167572729095966,0.07355077610444138,-0.0003009153375053142,0.030748311715936172,0.0015331874000508172,0.019183916562269365,-0.01605767443072348,0.0008588776817359811,0.004703181167992065,-0.020926061540368024,0.0071542134383133504,0.018176708965598865,0.01673564808885053,0.044363669991625,0.013103761117818635
2007-08-01,-0.050567821260767865,-0.04239258895579123,-0.032691760318292906,-0.039301361460387985,-0.04667945603708479,-0.012621954870752572,-0.037127152613168124,-0.0470322055320791,-0.035587197686580585,-0.02343352362935236,-0.0418217583265883,-0.032748219390442146,-0.032871011811187345,,-0.03725086213716233,-0.03579282732561839,-0.04952689938772059,-0.06384211172915633,-0.039241637548146135,-0.045753559707906954,-0.04871037441264703,-0.04722029685115903,-0.027647732005992798,-0.023700121232188676,-0.023099552927842604,-0.028107185224239606,-0.0376389634624017,-0.01902584377298977,-0.09094342480631923,-0.04418471410429525,-0.03967113994782001,-0.043509871576254966,-0.04266668423530484,-0.04813748447197452,-0.06353856559641335,-0.06455913828545645,-0.0631382000571703,-0.029361508103676992,-0.04959158776775996,-0.015638390228088106,-0.049290203217150164,-0.008604256065851024,-0.01974256436628785,-0.038787548595775934,-0.012906595462222059,-0.07024479903540448,-0.048528581654680214,-0.053173503643986986,-0.03471177350798771,-0.03868511974847266
2007-08-02,0.0015576649122372999,0.012573902230740508,-0.0077066749694415515,0.011672369648967562,0.028907649366490373,0.0038025962922052514,0.07641632583910907,0.0013483503810687303,-0.01793472517348993,-0.015703550708080827,-0.030217244116770847,-0.009157116822389177,0.012473037165956713,,0.005988110866332663,0.02178682692127265,0.02541016823783071,0.0034567252565136375,-0.003807472133055656,-0.023374395713184337,-0.025169462989030333,-0.005498794674349328,0.013516614901623702,-0.001238656290621809,0.004489416156381987,0.024506441451607186,0.019643483914866255,0.012024768682777687,0.023769856792189792,0.003076093319454465,-0.012743421551311807,0.01245276532288453,0.014449779027012166,0.007424968616469574,-0.004175419406900138,0.0071394919036553706,0.015486271844225463,0.012698707402430731,0.0,-0.016998119609568096,0.0,-0.023943071034492447,-0.004378122502949111,0.021336000139325684,0.021652784703108496,0.011884648315877433,-0.010856420976753323,-0.007368846297761911,-0.002108822870087401,0.023700758566802982
2007-08-03,0.0003330371971415058,-0.0013163059283515244,0.0022561097890063664,0.01564227426903919,0.026965095546357398,0.0012896587499977574,-0.006317594903759383,0.012718163122573012,0.0015980889506035378,0.009188073537161001,0.017418690441132423,0.009013166118078342,0.021865955990808095,,0.0057996873872789845,0.012099861830911385,0.019933504040104966,0.018477754845135808,0.03231423576474879,0.006980808725105536,0.0036992415218586316,-7.187605284375564e-05,0.02204736149910347,0.018849265203951582,0.011621210143006877,0.016608296867721917,0.021125961911037994,0.00859733231150317,0.025003883057595155,0.02538516412651126,0.0064848983879395306,0.010793132262155725,0.016646720035935925,0.027888703220295463,0.00838576202447383,0.022211723477265632,-0.002259110480475668,-0.0013255168140106077,0.01959213019803463,0.02339524372799051,0.001174627842943421,0.0049059819365830926,-0.0008795253570713646,0.0036330533998301107,0.04986188332129671,0.01342265412380761,0.0396772107680885,-0.01945927055640362,0.012123313008469472,0.019052695817445953
2007-08-06,-0.01165916914681453,-0.006531947483699452,-0.019480458221947106,-0.031239633895310592,0.028213395127494767,-0.0013684027098014306,0.0011144275891332711,-0.028470389853468947,0.0023245607461532813,-0.026791400643055074,-0.02722256827223235,-0.015490402474720555,-0.0141649230246651,,-0.019574661930239268,-0.026464303968863234,-0.004595258601014951,-0.03105760791230905,-0.01413682316251641,-0.011502926680485914,0.0020639001306301807,-0.03741467886525052,-0.030271063137699894,-0.025803489749096964,0.016494748740152998,-0.012489959283725649,-0.02193771301163483,-0.01975998684592084,-0.02474249106857851,-0.03522472011393751,-0.015524853863157384,0.014154273081827817,-0.005570583294904896,-0.0034883204135867096,-0.017671634022838223,-0.010633405283458464,-0.011038973080266357,-0.019395556560738325,-0.013921627854514007,-0.05245741534671722,-0.0025142344771588165,-0.009154043536929946,-0.009682875200272556,-0.0149319826009926,-0.003218390411143801,-0.003310955035895846,-0.018244670177128386,-0.05093728396540176,-0.021318604986164114,-0.004772758227352458
2007-08-07,0.01688075129567501,0.010785495272305434,0.007858773758174564,-0.019167987650646756,0.00011896416409262756,-0.010559439183219443,0.022848893867759346,0.0024710077720937473,0.008959091172836109,0.00704980676039435,0.005028503005212626,-0.0017230194654946906,0.019565961639124385,,0.01547710765378052,-0.0027124881408260304,-0.014703990826768765,-0.004442831226831423,-0.013998090151281728,0.013717618554787592,-0.002574533729883033,0.030513036353637002,-6.065363147433889e-05,0.015220799443511623,-0.03245417403404516,0.016599946431514745,0.00804024090008748,0.0031620170376938095,0.008422664432814475,0.013863683136030813,0.005890169396358891,-0.018119442446692835,0.029197090882052468,0.04006213504847933,0.02751335773831376,0.04953261064571679,0.010589721063670066,0.001041481474362893,0.025054827262206425,0.006293679396050855,0.0035282943937726685,0.007467730124284699,0.008888897945792396,-0.0062011461324393835,-0.013305954738673798,0.03986693174142042,0.004300947923677523,0.005266520357705806,0.00044909993137420834,0.052195825411688546
2007-08-08,0.036045514549795765,0.011183961443591794,0.026590008428392764,0.01620875785461129,0.014713442435056123,0.01971481802823072,0.015938416311792603,0.015502481904435594,0.03903327370361742,0.0472727359297036,0.03708943402717435,0.021744318862835454,0.025187537558350792,,0.006858680036888831,0.02364149448508579,0.016567809853793358,0.03060221089224413,0.03848848379647141,0.0019005911682155041,0.017625721010168904,0.01592728267078458,0.0142450115751529,0.015742257548693628,0.002695150306416094,0.02632590955782943,0.023123490621957732,0.0208827874126718,0.037965191832978196,0.020638920506224956,-0.00018578031605709366,0.0104737224134972,0.03298692440127926,0.036836135133743175,0.049433587576309224,0.07702590422384259,0.06825251819685274,-0.009463550303668633,-0.007371241882361934,0.018415615482581638,0.059267011550220516,0.03775021156443792,0.01762099484972146,0.012479587778700285,0.011403167482566756,0.023961901299054844,0.02028215584492976,0.010169405459461212,0.007631644468942378,-0.007006117206369011
2007-08-09,-0.01580951111062867,-0.018170718596198454,-0.013740046076372803,0.006448114548858408,-0.032955179148147495,-0.030039203887729182,-0.03440019663456939,-0.01697070540200074,-0.005986142153008078,-0.016774378827039915,0.0019927471901208804,-0.025335153762322093,-0.007312408767377709,,-0.0261881554929434,0.012642736726269588,0.002991419666596995,-0.03495186164869368,0.011118547087112907,0.006980685304382117,-0.0024643956282773827,-0.01845665776543648,-0.011654321867023199,-0.011069828984724306,-0.020609263934799116,0.01639729813947932,-0.024273788925082362,-0.018140018311910144,-0.023994241733331534,-0.008904323606263143,-0.0075610655815958605,-0.024925799701801088,-0.0528500333106543,-0.0048692838677771855,-0.03631004474057942,-0.04340640693697162,-0.04798508674515478,-0.0032546401570129335,-0.006449138027911916,-0.032184593114527815,-0.015647096839986774,0.000883884862020734,-0.012121457724259654,-0.019173802806056517,-0.01692930635975476,-0.02262115582188895,-0.008830900038925504,-0.03088761082727265,-0.011527975304289506,-0.023669638738361476
2007-08-10,-0.01990983894638154,-0.03620888466279659,-0.021762605846469163,-0.028773859664975476,-0.02644486668339785,-0.02915724753347948,-0.040388995396029026,-0.00877522931495478,-0.0010471885234126788,0.01326070730708273,0.0053380284587667415,-0.026975202249267527,-0.028579702758117387,,-0.027825235488166067,-0.023528048646450528,-0.026671497885014883,-0.030448709373270932,-0.0006663832962283678,0.00881626475726649,-0.024845504165166843,-0.0026138353054391272,-0.020922557065440217,-0.02437860233501843,-0.0033544510623498835,0.007080973510730226,-0.01438497826777485,-0.00393068808574315,0.0016988842425356143,-0.022837664457451723,-0.0010304438881074685,-0.004809155046150648,-0.016183486873018738,-0.03225799714566857,-0.016293311879571504,0.003889317186811736,-0.020050146296477944,-0.011586487093942832,-0.008851625649814343,-0.02714467066378512,0.02344235627607172,-0.03332878187458288,-0.016695850708972948,-0.018384802068917572,-0.00440515823565335,0.002394389452508472,-0.02600857203720086,-0.012827737204262557,-0.005352553162992435,-0.02000869720063969
2007-08-13,0.011138378756609946,0.015683843464713743,0.004555402664654373,0.011283435837716516,0.003795875413370231,0.01849494366155624,-0.019854568527597927,0.003026495073433111,-0.008737592585740028,-0.0051023342789530135,-0.00010412158994266285,0.0009497473964599212,0.018804699430875482,,0.00783492698408006,0.010423421042824899,0.01261448409437893,0.007603022664791403,0.0023340445964643575,0.034583098360917,0.02756468501564724,0.05553959164411881,0.028595921877019537,0.040540832858392495,0.008567822707779893,0.037483581472502525,0.022248869554615025,0.02525670298538385,0.008829098035993521,0.025605596335407155,0.013877716727337397,0.00025449551636058665,0.0029130106818935353,-0.005430751418141644,0.014492715750728191,0.07834699297444914,0.03665820723242108,-0.00021311050531691578,0.0027783736290891703,0.008092925970194287,-0.00392210997839082,0.004490832114568466,0.008043111828627492,0.03129453035497476,0.005631556513808977,0.0071657064167185425,0.004840023632501911,0.004464311082205352,0.025659954829567733,-0.0016650092865336807
2007-08-14,0.002104466172562658,0.005342564306289432,0.010566783168355798,0.005492930171721699,0.0013950323089684247,-0.004581678665808497,-0.01276446630631034,-0.005402402133547146,-0.003745918308360796,0.0028210198998437352,0.0026033108094281054,0.012158359554302889,0.0282824205935559,,0.0004757783412867589,-0.013472077782902936,-0.002955949068563668,0.010170656487396457,-0.017298768725416247,-0.002021273782500166,-0.015660074404585833,-0.017446979832164478,-0.010988301558914504,-0.01690748380229512,0.0012133324387102462,0.006522591055250215,-0.01943327977932363,-0.0019248164715042204,-0.021063924391284905,0.010724152389866015,0.012639847578754804,-0.00305142729736696,-0.001025102975755643,-0.006401809857155438,0.03571450459965719,-0.008383258326510212,0.007948966312715688,0.011085338344121842,0.004552050429189158,-0.001198346269910111,0.006457315302347277,-0.011592595664374095,0.0008865766368095773,0.004827702782857601,-0.005100058750116432,0.016600520976469912,-0.0003672265808215558,0.02674609121558591,0.0004418566285686598,-0.01540763166436876
2007-08-16,-0.05128049141324742,-0.06418235353797597,-0.04674770712270648,-0.05292204164382208,-0.058410312731941194,-0.06635974862064309,-0.0637343743305524,-0.041472352444801186,-0.03738161057834832,-0.021632665585177957,-0.024925004483392632,-0.04037316996650964,-0.02663603093572664,,-0.005266052235606944,-0.04994355752909252,-0.1023365630873948,-0.05846061946160297,-0.03757601837464564,-0.04434662626399821,-0.036753443589656265,-0.024985877510767418,-0.03654910694287117,-0.021186359896175122,-0.044848241432370095,-0.050121422336352306,-0.03141113488809533,-0.018510911451919076,-0.011162792390206677,-0.032079146513158574,-0.039485750908888395,-0.018872342009175647,-0.07046345803234799,-0.07314746821793883,-0.051231666084212146,-0.05152977537867165,-0.0456891478243997,-0.04807083366395626,-0.03073292958807239,-0.08517272012127708,-0.03536762712207209,-0.01249554481218318,-0.02037218762101367,-0.06840539375715304,-0.015579522978098503,-0.027993586323396324,-0.032179035727181504,-0.05186683244704371,-0.03803467464381183,-0.02000488101731457
2007-08-17,0.007964025340350567,-0.005304571235204558,-0.023674691188854236,-0.008953044011217659,-0.0011505578361363789,0.031011872613687208,-0.04690747232190895,-0.005364875669956248,-0.029273276843205798,-0.03060437653687842,0.010544389743443627,-0.04262060819066271,-0.03242058449747487,,-0.04684806018017451,-0.027220023440095664,-0.05396430204440272,-0.033804510728020265,-0.03200845971827748,-0.029295910494751665,-0.004511217365274267,0.009645866751223142,-0.018652698309795213,-0.019608119689117798,-0.025697987184208126,-0.014070755694482795,-0.015533818718845738,-0.0051083622991102695,-0.028758213666353116,-0.005223683755710029,0.012170838107593562,-0.03769154805806241,-0.025759051380011666,0.0010220088275645356,0.0685358511700489,-0.011460123433846947,-0.004559553290378493,0.011738624585773128,-0.04430907737110534,-0.02897986020459964,-0.024010669411791086,-0.03174946197220463,-0.0027124639999200895,0.013015527309579333,-0.00816817836043715,-0.022400078614256858,0.011307996240747409,-0.07321050263802154,0.0035576971688719983,-0.0027984262641048696
2007-08-20,0.025728976694690875,0.03883557343888788,0.04007106721093612,0.057778607292994,0.02004344656340651,0.05129104917504157,0.08079366535443055,0.01806706259470703,-0.000568327508920996,-0.013669429703125902,-0.010855987909783593,0.04419934649508939,0.007377367097057608,,0.026595176523499076,0.03195619071556988,0.0457380193402368,0.012852385775212083,0.04033437787834382,0.013569482607845407,-0.012981271256672033,-0.01925001001092619,0.006549812226261942,0.030129793498199442,0.017909469459752803,0.011298163938630257,0.01115622230188773,0.009478640378896896,0.01351635409093177,-0.0018943639729471773,-0.00566768156556996,-0.0013510407553886106,0.014164236787630458,0.004697970779794058,0.03207002436373729,0.02662108098821614,0.04322916064484561,0.010945741823702893,0.06635472193336467,0.02997992333108912,0.019946587490120793,0.030305276914748047,0.029918428940654218,0.004121094021906746,0.02285346221487594,0.01800338998253803,0.0010015004566608088,0.013546915965294337,-0.0026303958047397824,0.00503504759652551
2007-08-21,-0.028448439611368004,-0.01703130127980146,-0.0062562053444586985,-0.04963596067159204,-0.05572238585073486,-0.022740347496022828,-0.06841552954552599,-0.018385227238798985,-0.038179247872702105,-0.037092915799793125,-0.0477357252819921,-0.035426437138418976,-0.02563324011985446,,-0.05541885198434371,-0.012113308175634496,-0.04039900464377433,-0.0398307927436119,-0.019909521175907385,-0.024159569939851022,-0.0435019399230806,-0.010250363201845691,-0.02073369263831837,-0.025466673435109777,-0.02623170622616211,0.0023522648815279545,-0.018574833779351874,-0.00743344054668138,-0.028488408104330842,-0.040279338995288794,-0.005542951051070166,-0.023532203731550183,-0.014338848236703172,-0.04777417194168576,-0.07156326880384312,-0.06566315041907433,-0.0419868055611996,-0.03129084778093205,-0.051655369191553,-0.037236302731607385,-0.055899078786222245,-0.018597581893486148,-0.01848607510264688,-0.017624483256832968,-0.028985237553924015,-0.04983945261483258,-0.06035348628254811,-0.06448547154071593,-0.019779769207076026,-0.0757228477746319
2007-08-22,0.011077256136337477,0.04153374879062355,0.012183724972111065,0.02056578617904914,-0.0030751077367202617,-0.01413106385397056,0.013843298160504336,0.03312323675649931,0.010489678500634092,0.015527860619622746,0.01443453487904689,0.024442560740252972,0.007829572357900272,,0.03731986231501838,0.05269414000740924,0.04209979443464129,0.02019084089458456,0.011404351960731196,-0.02310164398186665,0.02359447937426884,-7.307591018002046e-05,0.0036694905819032453,0.015006775664927918,0.03975050425069315,-0.011519560503502113,0.0005319011100366478,0.02640902922346422,0.016504605500153424,0.0026063764398600586,-0.024828080297105592,-0.012465956248141064,-0.03873033718637775,-0.016225361718418263,0.0010142782014408436,0.016114654842016796,0.010885207870913849,-0.01296512242776493,0.013880321518849215,0.020836270870130402,0.015881297751666912,-0.008642595580221735,0.0062782245399397585,0.0014749805498968094,0.016790957925878036,-0.0008457847762828319,0.09111048123797505,0.007978479464181731,-0.002339640432325596,0.030344613167458734
2007-08-23,-0.012569512476569678,0.004070227615312616,-0.015437585549635369,-0.024996705768052685,-0.030196306428883934,-8.565918863179256e-05,-0.03486828362650107,0.005686246301799036,-0.01754543189355029,0.012774581094161741,-0.010147876263371991,-0.030658873645405316,-0.004350416532275192,,-0.025435335721631036,-0.0029564957712395756,-0.016672252702941037,0.00035989596942664903,-0.004228331625701354,0.002098372478451127,-0.011366146400603183,0.001909616026541494,0.013254388101473946,0.0089215661886759,0.013586070762978686,0.0013489747732662316,0.008578309426411135,0.020353338640054286,0.021911762567623505,-0.004661165529990963,-0.01104135754364588,-0.007011922413989735,-0.010023568872625899,-0.02343721815763089,-0.03039530967947457,-0.052863426178431094,-0.026353069318815314,-0.04676703346495825,-0.02281683084983188,0.00907163276445977,-0.043670674400055676,-0.0037593331877060487,0.0017825505680801879,0.0058895574204007595,0.004994800752156969,-0.017781791233021704,-0.019432462176929066,-0.04473065982189939,0.016415578693222743,0.007589250556709004
2007-08-24,0.01854946793381651,0.017037915736094922,-0.0022269980502385156,0.010727712667293998,0.03626093287939769,-0.019828602237006665,0.03708754757223476,0.020217031635165084,0.01041795667418599,0.007755785184406561,0.019389210512730015,0.02691008822175922,0.02247181245154306,,0.0025757782934630047,0.05017507438717517,0.0412455120271098,0.021582668750938394,0.032908660262902956,0.0576675583454227,0.029184522912919286,-0.003665627586884379,0.018171251854069315,0.007579690144292606,0.007792843934902649,0.004848744609256439,0.007415001004355881,0.020699905130009855,0.03902695993765093,0.019182373057307966,0.00042683557883660406,0.0005648375224482916,0.0065514395541255155,-0.002000226131447902,0.035527747536840515,0.036279000590630384,-0.006111596531588215,0.027322276455683303,0.03417490857912986,-0.008196803627188332,-0.01634664642184447,0.026332711420184785,0.016904055607005253,-0.00878275739942358,-0.006085676023423914,0.016379289176997158,-0.005928782437648605,0.10145496034018286,0.010959352641858766,0.018487620619501266
2007-08-27,0.032341621451492664,0.013170810264951704,0.019950751318172033,0.05966647067055875,0.06050285118638099,0.011384521204328202,0.05086681263498272,0.03629908659089409,0.007953578390860194,0.012105865079741651,0.015304155281097298,0.016207117089315437,0.025640866651992056,,0.04538430518619041,0.03568372500346273,0.03431344549785309,0.04647890207259131,0.024323593439225633,0.0286323175824732,0.02812296683768345,0.016114610167585308,0.054933350923795476,0.006770491749069407,0.02134246537414497,0.007989744326224901,0.020710173285474642,-0.015486539892221263,0.025832637156324223,0.020411649993959946,0.04569017320722191,0.07340444660956447,0.03491145544577612,0.04208418890643517,0.03430874417760599,0.0480252762868838,0.0310393703746481,0.05700729338139343,0.012931465195698433,0.012263273570111588,0.025469831719440172,0.0027377813575004684,0.05949220041624126,0.005661039957008729,0.005102505713516559,0.018660112969099307,0.036284928502893,0.07155340159603552,0.0331488541906666,0.03722847190002754
2007-08-28,0.026556814338828838,-0.0018817723726680669,0.0276886148063884,-0.0233716656845806,-0.0026694730825633783,0.0388779573189344,0.026769292573815662,0.0076568023112955075,0.002191787546754309,0.01761637276800232,0.005060025619775033,-0.010999183066953466,-0.003571170172538274,,0.00622561965729207,-0.0015698051394055224,0.0048224251487134495,0.03196507123950543,0.025752361266819346,-0.018285412805707613,-0.0012918160558678116,-0.008762121546110668,-0.001140027973894231,0.006724850975515562,0.01423385599504301,-0.010053841772970085,0.009667622590918912,0.004119839294038252,-0.00815275430931528,0.016192999081660053,-0.00499092494500375,-0.004208274764111897,0.005717483036911997,0.01794859640482649,0.006829463906743216,0.003426029643623485,0.00795250113807433,0.025052103679695126,-0.0046608924750504155,-0.008954312546410215,0.02607032936410736,-0.015133698196211132,-0.008257650918435888,0.0075865821352114615,0.010254852740986475,-0.004996013205390226,-0.007888512629454891,-0.004571378739253729,0.005135849636458856,-0.00032392373497613924
2007-08-29,0.0038246502262095916,0.004912656542213956,0.010385647673522014,-0.006721491918583511,0.01499436472208271,0.021003510914451518,-0.000928657981665304,0.015119080210834301,0.0027707194481976227,-0.0228691112551358,0.0069631244310486284,0.029965940757689546,-0.012843436797804197,,0.04461078419227493,0.02253647117055868,0.08937473368929427,0.020215232860036902,0.054124273749426965,0.016740809284381708,-0.004260296319840928,0.0011686938069852548,0.0012613276978197252,-0.0007426735617456215,0.0065693475742569785,0.0057494489670226745,0.019307949558762916,-0.005221946831713065,0.012305601378440167,0.016702384049798402,0.0026814919302178275,-0.010565389224309052,-0.007011778110886269,-0.007976386885546138,-0.006783138705777625,-0.004267936922649818,-0.003944878914976191,-0.012166394204586095,0.007939759824091785,0.014881653131002981,-0.0037772927039013693,0.010376261815218557,-0.01582012662542598,-0.004371887456575019,-0.012663259903035406,0.002510496136093998,-0.014847106821192835,0.017221490689501184,0.010219141914769692,0.002552655209635768
2007-08-30,0.011827071934427114,0.0048885565729497316,0.01552623978665646,0.018609244928484037,-0.0019060710866850572,0.027999951327418726,-0.014155816493680584,-0.0011770934447504766,0.013958486833267614,0.015213145598757638,0.016383101664244837,0.008638498178263676,0.011857734545793086,,-0.018859115580812658,0.0071179182261527085,-0.0038575333676853507,0.0175772635904059,0.030930999498033795,0.009790049743101159,0.034535278277300074,0.004816277331155305,0.0038388885401487993,0.006189918339876366,0.018095186134904573,0.012929277332589306,0.01428799713414719,0.0003747518311845166,0.02983702480646966,-0.015505913335745136,0.012164972870313706,0.0,0.006488676113322711,0.0196785315572503,0.018536764492324664,0.01671659683296567,-0.014144198853789924,-0.00410557263493716,0.010907049664810264,0.06664034664867713,0.03360325473026671,0.01904999936779017,0.03299492549444549,0.004391084785067667,-0.014556378771499956,0.005843544286761038,0.03598923943438881,-0.004917553805801722,0.006308741099877224,-0.0067499842977974955
2007-08-31,0.02554873541538516,-0.0048647748459008655,-0.007538666311191378,0.017582096600156083,0.01877964263146148,0.00849679058281616,0.025237431411524458,-0.0022597304115989925,0.017543201775478412,-0.005709736591884118,0.009734046810762509,0.02260000886882918,0.04176685321129403,,-0.015409277615864081,0.01496828406341999,0.04913050909179373,-0.008165766837255894,0.010501284784699694,0.030848503568783325,0.04593797046661363,-0.00544674948557744,0.03698857638447084,0.025098313146828755,-0.004661993677634757,-0.005221045394695922,-0.0020825970387994275,0.00037508344584002984,-0.003965902527380494,0.018304141010919706,-0.014843110120764114,0.034436924202360775,0.015927200589645807,0.013488147494183256,0.03391464999018634,0.04679607985741918,0.010903559362342552,0.10414381712949283,0.0071927114180136975,-0.012397073023659444,0.016339313371359854,-0.0026925812689948536,0.07780542966124204,0.004129102363326087,0.0009297363249169965,0.023236166595489882,0.018681262565102275,0.04229099543831594,-0.005188154349800245,0.0009362389236062807
2007-09-03,-0.0015045348721803853,-0.011425393875773127,0.004011550108528716,0.021949610847659562,0.003936493225169535,0.003700794688728193,0.024474959272394292,0.0015294383003032763,-0.0029125061983621414,0.0032887773149217203,-0.015756209182219094,-0.02169362184059964,0.0692240358142524,,-0.006614581329249636,0.027483068811224642,0.002755489451641946,0.016783006011465762,-0.012767232546369134,0.0015672858053472627,0.01708791884361882,-0.00021911882010960948,0.01607689756116404,0.007201040133828052,0.017564608960613848,0.008217889184258365,-0.0044961862262530294,0.004496010963931818,0.0036067320654487034,0.02123583785609151,0.031088920947604626,0.035355294377778845,0.054124419247007394,0.031736179506552276,0.06279313721821733,0.055980514044846386,0.07181376132906658,0.03311107421133719,0.0,0.02299275611995477,0.01870057198730324,-0.0007713622556025923,0.008358498791667168,0.018626223942112663,0.020227249435595507,0.014598333887823944,-0.005696536666771057,0.025962022367161275,0.03096634350156302,0.05309754605358541
2007-09-04,0.007635580358112737,-0.012937804559601584,4.235218824866216e-05,0.0007710501207780496,0.003298881929673536,0.03373354512846549,0.00821635271703025,0.014728799647327984,0.00456989831218535,0.015613070407279661,-0.018536049000150823,-0.01004661616391267,-0.022120248789142427,,0.015429431751251554,-0.012652510371305659,-0.011270164347519818,-0.022111704783988828,-0.006616666815518091,-0.016361778744852118,-0.004581996209443329,0.023152354651801543,0.013213800614023441,0.005719875191294577,-0.006041837443962694,-0.004838269073353052,0.029774713214760995,0.016038713677548833,0.025063084130004576,0.02136689173424422,-0.006889096035661346,-0.020189757813749543,0.0005314389302519817,-0.006151949340842955,-0.0008819339142174254,-0.004957998900984695,-0.003442542160847162,-0.015026383224139073,0.009323640459317994,0.006196272743953513,-0.00644146257996181,-0.009186462816705987,-0.011303707796504248,0.008549163651358604,-0.020938735453402302,0.0031975556355163803,-0.00451283723178153,0.00371226515434242,0.03214408977210015,0.035480373165597046
2007-09-05,-0.004206926801891608,-0.01095184831378071,-0.003399907605929231,0.007483874335194152,-0.010980427827117833,0.013280815637454646,-0.016983860087945724,-0.013543573080506022,0.005862551527379356,0.002830821512113557,0.014808516988666698,-0.0016813064419336499,0.02399999136545361,,0.0022392648713873697,-0.008951569716386554,-0.002564444736075422,-0.0009550577998252985,0.001514240360782182,0.010848372191470501,-0.00739283436823035,0.018202620618940735,-0.0218850533219771,0.006398171183240375,-0.004051722270440594,-0.0024311851195850664,0.01150281547124532,0.01064609545442119,-0.009015058371804052,0.0,-0.010576505117802726,0.015517600148994948,-0.021943226074791045,-0.005990403664197785,-0.023830652881376646,0.025297157117232016,0.015944822066260578,0.0072418450931290845,-0.007468562611435692,-0.028978704565227664,0.016855626504685528,-0.009738854047460666,-0.017530424598827477,0.00047089598077998396,-0.0025829872528218,-0.00876479467552782,-0.010880052432502452,0.030117731929357294,0.00020440451361536383,-0.003393152119128384
2007-09-06,0.009289220221921468,-0.008128162099449998,0.010362753326029539,0.006008339690012132,0.024870630471695687,-0.011758680119578924,0.020621276742700312,0.003842831207447439,0.005269140251948912,0.004617371700781803,0.01089122476590454,0.007157662751595462,0.003232596958585132,,0.00462809581465895,-0.002133256959511831,0.015607693408348666,-0.01147634563942257,0.03718230876088757,0.018887868756226833,0.01468507850734091,0.02215360561675528,0.00789707947737961,0.01883670357946121,0.01685561816229697,-0.004079151230346745,0.03944937201938492,0.024700485872078737,0.012956618509814,0.019397367679835797,-0.0032696103050230407,-0.004509092722995711,0.01863595300786236,0.0214944259691614,0.01808313044566101,0.025420432499152934,0.03269648809803272,-0.019267811587812766,-0.007524847381495947,0.025739928794370037,0.004144385088856062,0.027615884476045682,0.015515628342149146,0.008236990013008816,-0.010772605118719802,0.010449967101406443,0.027618294795175524,0.011138110151017955,0.02572583025670072,0.01777026806083115
2007-09-07,-0.010061253706962203,0.006947740225704324,0.010087786904495744,-0.0009230178493785379,-0.008323805987205724,-0.012959506508806506,-0.019931653042842168,-0.003231786388203317,-0.0016235125192309852,0.002469158035510066,0.0005233177446613002,0.01636543406570734,0.004564880372712965,,-0.012072868125028391,-0.00472403789914122,-0.006352878517067229,0.011286929211900665,-0.01923647930076644,-0.023734119938388143,-0.02243616514635305,-0.013717396496464751,-0.008346228593517746,-0.011093105999582908,0.01629007797202009,-0.002552778679794976,0.0008345126818345427,-0.008153223401044185,-0.01215598517397587,-0.019342679020707076,-0.007759705136371475,0.0025166791190451843,-0.020959084630969183,0.00766991989904886,-0.01864998626396197,-0.026248657593464397,-0.014510987011944865,0.0006840062778659117,-0.001995218686889233,-0.010910547117577774,-0.018730356820739646,0.024347562786284138,-0.01757053213278892,-0.0070026236169017375,-0.00041889986054510775,0.024662110283464544,-0.007329374743289985,0.017682337660612557,-0.0072156532063963885,-0.0033817505852095087
2007-09-10,0.011564734471551041,0.0038331944752920677,-0.00037614613681324904,-0.009945314954190265,0.012158461962935796,-0.002456927469235759,0.04192795214359757,-0.005268404330124654,-0.026945252253725682,-0.019387402030524692,-0.027496505629026058,-0.006862823821540798,0.021652173200652047,,-0.0027337332258010605,0.0020683653735138474,0.007116931027024043,-0.015944026423476476,0.023476986782509313,0.010861017396349482,-0.006658532124944161,0.011474313447010998,0.001488619964738369,-0.0028045142612118656,0.03880775808246417,0.012531911130069018,0.009059259990834345,0.031808385615944124,0.004454003415607977,0.004329990540578921,-0.005754052799868847,-0.0070279341610792745,0.010703789054879564,-0.003317833467340603,0.010859712157668122,0.02807958682776368,-0.014207961233106636,-0.0026369648105867283,0.0011996628255097619,-0.013481898500289247,-0.049012868108937124,-0.012856130891539364,0.13297039023507384,-0.0094030839570306,-0.016341968916296357,0.035714162307699304,0.003281540294802099,-0.035676322762265844,-0.012280433458877638,0.008483113819571342
2007-09-11,0.00226625856312368,-0.005580981537047003,-0.006939135578609479,-0.010264319353459728,-0.010548860967886986,-0.0040793808060803904,-0.012633871061136337,0.004791929195621547,-0.02282195484734373,-0.02602176186324412,-0.020747747038303177,-0.004206088933933816,0.025641038765209068,,0.009996668758754712,0.010531550129036171,0.022439839403382233,0.017822312909981264,-0.0052260652716036304,-0.01928279155999002,-0.004706486984295655,0.0021313329736636355,-0.015378552203056173,0.01757689240122029,-0.004602065411029144,-0.018591730871348244,0.0015430494421324603,-0.009005634055524014,0.010330872953001391,-0.01333254180581922,-0.008504898339122269,0.02047486521764319,-0.00700055048227366,-0.0019580175935000055,0.02148609154575598,0.0014563626063710533,0.022274633828854196,-0.007638947505402394,0.042731639564073554,0.021617508005331576,-0.03112787343497836,0.001514095202938881,-0.02402193336241809,0.016611287449348033,-0.001278041515405337,0.008995820366505258,-0.005802534020462269,-0.008270203832750234,-0.00949013718555669,0.0031818612793332868
2007-09-12,0.011582406163195946,-0.005376227084812446,-0.0047567329717222995,-0.017969115183127715,0.0010782258837986891,-0.0005410517736627041,0.013540216087038814,-0.009364629125781287,-0.007573378398872399,-0.000521234718055319,-0.006367615252612091,-0.0010864492699198536,-0.028316346602828557,,-0.0009578228055302507,-0.0003403309295308965,0.003942611167634613,-0.011142817425470186,0.01897217109592786,-0.006384880644628499,0.00042983647803107594,0.007957971254723972,-0.001857966443842618,0.0020728667063185657,-0.021484937774619683,0.0024686955539197086,-0.004139683746650635,-0.008039524618265625,-0.002986095852284154,0.02767225187248501,-0.011254064483016357,-0.006935894984664737,0.005061593112726248,0.010790563361238403,0.11744087124154645,-0.01599974776196511,-0.009484773376575939,0.009079168587614816,0.007276831229743097,-0.008026320150926969,-0.010358340086151774,-0.00559450394189831,0.0007031421106149516,-0.019607852327527264,0.0009596322812412961,-0.005200918334821836,-0.007519982721177709,0.014891907581626729,0.011630291383967206,-0.014181496203662824
2007-09-13,0.007128120675293115,-0.0033854263530612716,0.026519544981659315,-0.001468254560264226,0.030841359528627432,0.019950458881023536,0.03406563633725268,0.000818689954267704,0.01496665859931201,0.006806279188360298,0.008507456844319305,0.009786385279376475,0.007876246022993971,,0.010386792872143058,0.0005237009307468288,-0.007027649584156026,-0.009014905491974368,-0.012317271826367326,0.014969221938313959,0.014967990453914393,0.02218905292634088,0.03740315661188642,-0.011721643547751626,-0.005002702157440142,0.01696990877097848,0.02020656692905498,0.01656094489696014,0.024641309340721396,0.015353111308747058,0.004141829206036229,-0.01321985289451788,0.020503444990731534,0.008151978796444581,0.01568629621153761,-0.00849980244292059,0.033902519453335556,0.011344900263892788,-0.017870818476466543,0.0026972442516777217,0.009047269520319867,0.013305035716326463,0.035137289863376386,-0.029761596856924144,0.018003663806502423,-0.011202263814158009,-0.0010260929144257913,-0.000733645867469046,0.011091381583972604,0.005842792313205392
2007-09-14,0.0035758517272530543,-0.011144907864013676,0.015822077193071937,0.025168081709768808,-0.014451739130855401,-0.014404968269607354,-0.002454530506799446,0.009289495706439554,-0.008100600836167593,0.0015537398961193993,-0.013474848586863541,-0.001675274304205998,-0.03230035662712327,,-0.015498926530763457,-0.0071996822762576684,-0.003954690274011408,0.002923971383738344,-0.00464013725473944,-0.0017987833780339635,-0.014253225501795419,-0.005193672653636239,-0.02798000097773279,-0.013720704332964795,0.010893755912126268,0.00015799014256767663,-0.011166893525488608,0.0017333361366247413,-0.019309663468500826,0.03156016108379989,-0.010685892719002887,0.0020217642132493996,-0.0005288153528738571,-0.01944535352112209,0.017760635308208705,-0.024599130264710056,-0.02653316844418685,-0.018277039856015365,-0.014517762130119904,-0.014305008208418513,-0.018635809540437753,0.0019509301770785914,-0.044806744014378674,0.014723450082495093,0.017580640202105258,-0.024924629505434504,-0.009639140668159185,0.0032306972584577043,-0.023692674999725494,-0.015515168418632541
2007-09-17,-0.0031699969081031565,-0.01832219374692401,-0.005313632030233384,-0.01230281330604166,-0.002878185860615945,0.013307771313540995,0.03315429961785821,-0.00021238292032199624,-0.024255326139825173,-0.017582309467674362,-0.0018879138936651607,0.0019177607584175416,-0.011843871287430252,,0.005782856953155946,0.0004221249251536996,0.002700708096045057,-0.000647785139194279,-0.00611889805207233,0.0014416980828180215,-0.0004296528640729269,-0.015796559995725046,0.009460484702243921,0.01815594150869293,-0.0005527804524194657,-0.004789466017175226,-0.0035165526379112855,0.005882244859735319,0.0037932932823754317,-0.018341355598840203,-0.011392154332074966,-0.005549900947708131,-0.0026448163652699197,-0.0037307315775116923,-0.01820938045540421,0.016813031597483485,-0.008228053215263986,0.006599688770141832,0.0027498243302255254,-0.0033489118649312477,-0.004120338822099057,-0.0024713158033528027,-0.016346848936771297,-0.0007251848531832916,-0.009461051536636123,-0.002323616059160538,-0.006063295621083653,-0.0042451263023310926,0.0029245028713262844,-0.011054556870191745
2007-09-18,0.01466748690341424,0.02228651998357889,0.004077855200953051,0.03284386289064889,0.02998919918474252,0.002505159469638807,0.023190050213262925,0.010750249420737434,0.0048114343840233165,-0.00013824167328790882,-0.011570988154284367,0.017463756080482895,0.005720737827833888,,0.03593694493709276,0.0015286999569310566,0.0066531318733484834,0.0029175275125823408,0.010260819182825953,0.0019430804291322712,0.015611405210484097,0.018090446023053985,0.0005144334389559635,-0.006252553311723585,-0.003317477294766946,-0.011000104112280695,0.012716331393560099,0.008255978508897366,0.009088241066014247,0.008679384658470068,0.013250323513071871,-0.0010149361291192927,0.04579209229932313,0.018328996406221654,0.12751132762264228,0.018413978308257306,0.015296321298796656,0.012134438108632795,0.010773662051645427,0.01232105430492103,0.010073921102986105,0.014788834544137153,0.012283201033661761,-0.020570951067418353,-0.009447828890345011,0.01708065627425248,0.03058121758632848,0.010583695677909732,0.005064430902225636,-0.0033609255702347074
2007-09-19,0.05629111182519808,0.06522118875616312,0.0756607435717831,0.0529987021001499,0.04410152577328463,0.03619576731006102,0.02615628715209173,0.019628973243021042,0.020549528170504816,0.026073155134901382,0.009567300452332228,0.06254433277934002,0.026002013666474033,,0.06383017069890351,0.015765406821658612,0.04878083328554195,0.03199728496342824,0.07138716524936939,0.03490878872923964,0.04491655722647403,0.01796905133150406,0.05534590050627641,0.011418815424671935,0.039389811750433656,-0.0026732208056970963,0.02219723763682202,0.005799818817423752,0.030273298625316025,0.08612531889957964,-0.0088821978521747,0.01752195608493068,0.07337270593173639,0.037352343408040944,-0.017135080054687335,0.022878338528067976,0.020940038076527667,0.002803974601600867,0.03720920177692921,0.019916313578525635,0.012110462564671964,0.03639577607562816,0.006424292300675649,-0.014826010941736967,0.0083849154394533,0.011450252379823223,0.019393212152481576,0.026254610659290245,0.01822179706191207,0.044824443898148436
2007-09-20,0.007543933421953586,0.007893074276543066,0.0014349532747734983,-0.006625224030490262,-0.005735494160541421,0.032080939221711624,0.01904242652452126,0.029719817169105545,-0.020527095505809778,-0.027651916730275117,-0.030660924390136346,0.0025448405885328818,0.0005280571799421985,,-0.021014609598916767,0.007358409890684259,-0.007303825732433156,0.015659217494948363,0.014084349794736939,0.015060974928463366,0.039611049821134836,0.016142730233077884,-0.014829064530923253,-0.01290317483693526,0.03602876559771828,0.017854012479251447,0.014431560179533953,-0.01187206556099274,-0.01263639228828406,0.049779246747148065,0.015840132320296352,-0.0004992360434745713,-0.021420522585937074,-0.013246227741633088,0.08716916891317505,0.02380947803290745,0.01275651443882353,-0.014558588953878848,0.050822407551099236,0.017719354212727634,-0.030441382737175893,0.011920140157123393,0.03475164198689118,-0.020316073016228953,-0.0025985590380747103,0.03773603556129479,0.04148691872344967,0.01941748655575215,0.014146175016288565,0.04126927601666086
2007-09-21,0.04115884057677488,0.030653875268204622,-0.005843630942521161,-0.0010859380486215597,0.02713764611788494,0.005027473895598655,0.018159547290445444,0.013512566704046769,0.01571812185380761,0.014163464797551262,0.009201892793622157,0.021907135942446976,-0.011345559843068731,,0.04470749961932574,0.01340103059282427,0.0012081019150440575,-0.009250575302989894,0.030715591043276813,0.01333326324863604,0.005192899008867435,0.01524092127548049,0.023347890585200926,0.024276192117943518,-0.01648630751143121,-0.014959943465201464,0.01985169148807553,0.01441802057314856,-0.006486644676848674,-0.005610018874730782,-0.041049493156143146,0.012234427430643624,0.008208494663945354,0.013613175083468487,0.020525981377407687,0.027131840335526958,0.020004878055234876,-0.01369724539669892,-0.015647187570751342,0.0013029007137941306,0.0009072650601018584,0.04112262337018335,-0.025359884332384786,-0.05376361442532773,0.006669569729023772,0.050908944960958324,0.010380455806735966,0.010149486055010648,0.03578456611288905,0.014174965697090425
2007-09-24,0.03291011092308471,0.02567176754939071,0.021274760810314097,0.03131317100478803,0.014884195624250474,0.03156251327789139,0.02456713331133953,0.040948142283260935,-0.010365691737425298,-0.034421462128911395,0.010485504990831895,0.0036716282302189374,0.04857203667982568,,0.0641917816505515,0.020660387599689356,0.012161784445757995,0.015561619818402317,0.026432048962735877,0.00836724280889145,0.01252739302713013,0.061319198312290046,0.05298475988735207,0.018687436562512705,-0.017024596973157613,0.016042618483165016,-0.005501364850149848,0.003045754719225746,0.0030882153027951276,0.04963411151636232,0.008215175167154865,0.0076467594807707595,0.04469967210598358,0.028725831526197343,-0.03205552895273378,0.06346474948236236,0.009927230791981767,0.009820360968617381,0.001987008764565923,0.0170333846425903,0.011423080643532924,0.040447361738044085,0.024613189766833576,0.00947007334911798,-0.009420305238046378,0.07474057973565174,0.006570749653340702,0.015071390916431726,0.004330769679730562,-0.007967088501115716
2007-09-25,0.018722158533805544,0.02000210830841942,0.03702217728331059,-0.003261919346413622,-0.01466590541898749,0.010176310911187425,-0.0017970427953393209,-0.011325421338735708,-0.005510077088920817,0.004708052050994116,-0.016693146647990154,0.0014526805045547153,-0.010180559058171501,,-0.03155815497746772,-0.004327031190357267,-0.0072758862966897375,0.028501647144541176,0.00908856028401095,-0.008431500316123053,-0.02366080229195977,0.0023372954888989383,0.010604082233315104,0.01722639942860571,-0.0026646161345318387,0.033105373725943466,0.003969852512089478,-0.0057356701539305055,0.01200648433973761,-0.019452543915952303,-0.003063836526052577,-0.021297079755962067,-0.020629665008341735,-0.023209412234747484,-0.019480268410056567,0.007096827177102805,-0.01798104544108292,-0.004223999263389788,0.020731646387151415,-0.011630605587661935,0.00645435019283358,-0.030279453419085445,-0.03363062824130303,-0.019030044850337657,-0.0076287953826162935,0.11139758769593766,-0.016446055987081487,0.0452879421293404,0.003079753043030875,-0.02004308253713505
2007-09-26,-0.03235939983447478,-0.005032111337240575,-0.014788656701840819,0.027138612297698872,0.023183846316842338,0.021905289675812067,0.02621519285973628,-0.008264828738664298,0.038983865103804805,0.030372205231368854,0.04244115678114735,0.006500908124348115,-0.015171486261212896,,0.030661254976234842,-0.0057942096604768345,0.010552751442719943,-0.015196962129272018,0.004753349444703403,-0.0013497057429082693,-0.015415661964221505,-0.00568049575715468,-0.02946086860664754,-0.008357515668770965,-0.013892541156972249,0.0003570221545212693,-0.003401757240094616,0.0016967269990899592,0.007735028351903761,-0.035499858258450034,-0.004255794445806593,0.007503799251036725,-0.002496376415989987,0.012251714813289238,0.007284623072212781,-0.011210708157586402,-0.009277710235215952,-0.0011837684237587798,0.020840905855955105,0.028241909067391102,0.06323436923531478,-0.00846072533293285,0.01846570427279781,0.01994530317784693,-0.011899766029161873,-0.027230698652853214,-0.0013933572379323245,0.04060191167912053,0.024279545624875,0.0
2007-09-27,-0.0015720903226642546,0.001251137624831422,0.041651592404206905,0.00808828492591096,0.017034476240561203,0.017135233991211418,-0.02088590946529345,-0.0034631698181747383,0.020898097874493926,0.0496945785328724,0.013204384856444706,0.03843040444891144,0.012794468791822222,,0.010538803096060478,0.02507087824383558,0.057387967795715644,-0.005748841709396824,0.0012451263270163437,0.015407465427322187,-0.0022555992119190904,0.01256859446071834,0.018920003154725862,-0.02905259968454399,0.004876753428701308,-0.025820372398889235,0.003326039393243052,-0.020664096452357672,0.02514101387642631,0.002300691846932379,-0.013770586002900376,-0.014399189966193826,0.009698325654280637,-0.01577130196191312,-0.04207747855326327,-0.01716883824185711,-0.023410600368959478,-0.018370375747285284,0.007612213651836841,0.01968407271851702,0.026805509147658002,0.009074774792750206,-0.027196456187938534,0.005625747257804514,0.004369463826703779,-0.044073889253971044,-0.0073440642322847305,0.025430094243788393,-0.04634740848666441,0.026952284313493724
2007-09-28,-0.008734720775577354,-0.021090373029944764,0.001814456465738079,0.033211811575058814,0.03464125419297104,-0.005333569593337417,0.032640935966282036,-0.009244578388586167,-0.002211456180573501,-0.012057282303040928,-0.00032619094448371744,-0.01506054810869506,0.0,,0.0006601935594099384,-0.0016175048694702099,0.0698124104983937,0.04808291940596732,0.030340677740043454,0.03407402467441001,6.653547184898301e-05,0.014728464412782971,0.01897665652222469,0.0077660330186428705,0.023456329424553557,0.0333522471643799,0.020965914727485657,-0.0003457154192925138,0.007151361566840153,0.0303765887373868,0.005709050222742151,0.011334853359713515,0.011618841488932441,0.03596075095987161,0.026080748861558423,0.031311774152128935,0.01867278044854559,0.015293230243661693,0.02558402646418645,-0.01717172817134316,-0.019252537178645723,0.002483062630578514,0.004300848942165203,0.010122327368281558,0.03002982349473826,0.004984282302803011,-0.00036998740808880104,0.03689520482975239,0.012911690498809358,0.04788147971082224
2007-10-01,-0.0025456561708758763,0.0016489804492700877,-0.016683331799031254,-0.0043302121034489716,-0.026338064448983345,-0.01713341817076075,0.02499462135190922,0.0038464390487777944,-0.01745046569803632,0.006656758496574211,-0.013036464023762573,0.04321061795585579,0.06470707986976398,,0.05039558285036794,-0.022852849577887357,-0.010587902162055407,0.0005808076602735746,-0.0053099946755629235,-0.004633648525582679,0.015225860838359528,0.06484847830252116,-0.008610793397475391,0.015865601939090368,-0.020547958778052933,-0.02215806452774116,0.026003440014011003,0.024221230389642523,0.010943132762575747,0.004716738227028339,-0.009746113470692097,0.027895373863031425,0.018223362827572753,0.018345432073534784,0.0,0.00639167551869968,0.030467998929919027,-0.002576684806874896,0.031977131364792744,0.016900842341393663,-0.014307658135785162,-0.01767377132861714,0.010706723154632725,-0.02742610805615253,-0.0005150519713482682,0.02355870993985798,-0.00307131846818276,-0.014596360015763032,0.010455487527524676,0.018349471214378354
2007-10-03,0.04524023716611203,0.03096328812421567,0.00931544095402792,0.02717941356625775,0.006835370162546317,0.0081174047878656,0.045596255370810024,0.03010204921931625,0.03604864733512625,0.050489625708738384,0.035553150514236576,0.02751399046108105,0.04987905975203755,,-0.029012808530106127,0.04122294430744544,-0.0011832657142148983,0.03743476261468914,0.015772816716843163,0.019138747027479308,0.012247094387572544,0.1319663920171339,0.029389591989607,-0.016064162496449597,0.008069202046474544,0.025299020474500278,0.014601566098572105,-0.02027016918066671,0.015162963090743053,0.1637976273011219,-0.014779819834961794,0.01356905919846807,-0.0037597585167793435,0.004591891928473535,-0.037458122333435595,-0.031438400049263016,-0.00024007792390656757,-0.0036759236174784826,-0.010869582753049167,0.034699573532002814,0.028691844999157112,0.0027258589236649478,-0.04590388942116197,-0.009760988039656304,0.004122954894759889,-0.028467635748829823,0.020675608746290264,0.031409608356276264,0.04663333023813965,-0.0005797548090213933
2007-10-04,0.012521447066502933,-0.009221373304129976,-0.01059779980896225,-0.017072555104800657,-0.0013371544419219505,-0.0036960086589230556,0.013102676144833847,-0.0005510687793137681,9.264299537403708e-05,-0.0013239803828967167,-0.017750833144240086,-0.03928929785729929,0.04404955718993642,,-0.009959383358226992,0.00916763203936033,0.02915370145814733,-0.008391883637293818,-0.010511107805243003,0.01440180435106675,-0.017275017456427344,-0.03544523521574694,0.022565531006083495,0.015419364613568964,-0.010405753750831859,-0.005550530402940512,-0.016689601341058458,0.017241460418548904,-0.00911646229605223,-0.032552646464646506,0.008587306124340444,0.019125409799014337,0.005887609939067451,-0.024964761673018754,0.0034746699021734884,-0.014098166108659993,0.06203420058738218,0.04078598211340223,0.028702636653549884,-0.02148896998332117,-0.000492079693155234,-0.018894962286154282,-0.018505049428036102,0.01725024461296165,0.011906743644128026,0.014962804258973561,0.03534922503479887,0.051332497493495,-0.012278733703511957,-3.288952200730666e-05
2007-10-05,0.027453880611895798,0.03405606459916655,-0.004646397036718097,-0.029587945210495237,-0.02569530250957275,-0.02106513880294747,-0.04364318496466102,0.06466215428930533,-0.006022395838852224,-0.008004378227472242,-0.004111845485906596,-0.02108157356570628,-0.052573335799370624,,-0.015155832252493062,0.030098970894620214,-0.03584768373003011,-0.04146701849070855,-0.01955600155930104,-0.025517602998796907,-0.009480520837531592,-0.04943378286844302,-0.00709994428682581,-0.008932648749211292,-0.03612836103010075,-0.03983156409595312,-0.011519582928866345,-0.0016946456199254945,-0.03236560750192696,-0.014189000632383708,-0.020051857691824493,0.0,-0.02821549990916583,-0.018752367552637872,-0.05055372181336448,-0.056867429964389093,-0.05818462812030778,0.010251661615052976,-0.008450099152398138,-0.001109152861668905,0.004760281956204926,-0.0013161630996404439,-0.016591006755685367,-0.012651403965762698,-0.0140998903420676,-0.020884784663418032,0.0005619551168214443,-0.06632648552721832,-0.00754087301601758,0.06715269349681408
2007-10-08,-0.028606070816624363,-0.008799075550292246,0.002993134109191331,-0.014666027509513846,-0.03995066423683091,-0.03146566990964372,-0.04782795643262605,-0.022397281364144095,0.005173401004997524,0.010464339501704556,0.020319180391345615,-0.027125984756875776,-0.04453264975317117,-0.051192491305599885,-0.0287873460292023,0.016965475133030816,-0.053295716558655615,-0.047086179527609295,-0.05048001311438477,-0.018868975912531005,-0.034430037854847106,-0.04411373536815233,-0.009276702238643408,-0.0051822426967471635,-0.003356871834784836,-0.001426989481255525,-0.03684692680828394,-0.014601442869027204,-0.053312781602577686,-0.015685517926693482,0.017128630941835032,-0.05465654687744903,-0.04386105305466903,-0.03638378099764217,-0.10649183654845873,-0.057827813805590655,-0.06538447669237224,-0.05415389780358015,-0.024762935942996167,0.02154114642055527,0.007842212755283962,0.010335602577735914,-0.06825151458075762,-0.0019079692504594403,0.005041498486429763,-0.08782943256668818,-0.04423366215943114,-0.055114717303632044,-0.044715799882877216,-0.03376046096321339
2007-10-09,0.07384767910646772,0.053923579086931905,0.009805690019990543,0.02394242135471858,0.06063787276640209,0.019423014676730688,0.06635220016797727,0.04732731737962026,0.0153940074464467,0.021835058104066496,0.04153359690329772,0.04852823643299198,0.06466557682957652,0.06809839955027153,0.056413054333321,0.02092690293476296,0.05833061016342955,0.013588560212420608,0.06742726987563241,0.04160377800527337,0.016658575113990937,0.08587234806752009,0.07783453815217256,0.016081531747031308,0.037889578893255615,0.026037385514766642,0.05341021512584532,0.026533576774577128,0.05479086793417465,0.03300521822754843,0.0146785499077291,0.028784204652822165,0.03343566277996546,0.009344119486585978,0.1583670750891859,0.05314375592761822,0.05555574693795817,0.01925229089890257,0.0061007197978226735,0.025543514423512992,0.038417572994247084,0.027600695964011157,0.027160516479590724,0.009833082648703861,0.01689202071956819,0.05020631281714105,0.029678463766115604,0.05777010795787052,0.024055011654533942,0.0006256353185736252
2007-10-10,0.007077277881587074,0.030901172008505284,-0.002955162150873769,0.02381285576730563,0.0177516935982569,0.04475325856882484,0.006839644420572943,0.06573641627992943,0.02790066735732899,0.03792630357988758,0.029243224720917116,0.025120824179679202,0.005271707325785524,0.009318325956711782,-0.007628681109550728,0.039922878755159985,0.1482068940806487,0.0374772942502386,0.03255590073816439,0.01325153446712135,0.02444307098522369,0.12030635068218642,-0.003619623218059753,-0.0011148223951817915,-0.004326652775054285,-0.020940688360796877,0.013331024249825685,0.017119525127419877,0.03621665206789282,0.033625930058438724,-0.016562194498476623,-0.0021708027145058706,-0.010159553150986822,0.005101110480551396,0.05355891429636239,0.03411484799675524,0.01535108593760115,0.011903485338970343,0.006718854910145566,0.06465286803254777,0.02825469629195454,0.007282500947958015,0.0056089974196702475,0.024614355187535075,-0.010872770866722226,0.005239049866154977,0.012806387325005497,0.041563314934012885,0.023301803001848365,-0.0007187693333180478
2007-10-11,0.004640157449247839,0.023671667713859312,0.03087596535646764,0.019335960022410115,0.01117749457939321,-0.003214350260438925,0.007048201117769715,0.033443372212778266,-0.04753444201490786,-0.06973964821003653,-0.030399253350520627,0.05514832020734928,0.014820140130582748,0.1117588561372993,0.045341742533826945,0.04011039643221159,-0.11344191323997999,0.03347991375920878,0.056705880831571465,0.029564750423500374,0.08070066667792242,-0.004281021280685193,0.016620429015609117,0.008034070785521763,0.02960345037692913,0.03540189024745999,0.045531065969939055,0.00759091160346137,0.03359740967100122,0.02711018378488883,0.003459209655999107,0.006284581148994439,0.017685268386018027,0.012969985706241305,0.04080286784891074,0.05635770774138704,0.014398790934839756,0.03917960147816224,-0.01009290972405652,0.08292709647703811,-0.05085757909916022,0.0007959624448372615,0.00876469411136327,-0.023494875755490807,-0.02178119278592683,0.005863192722079358,0.008946183839961375,-0.011852960794888734,0.008096577728381016,-0.006788702571345229
2007-10-12,-0.024633589477446094,-0.025222494993707212,-0.019168696366944737,-0.0332189257517892,-0.04228774185567985,-0.0206647228243092,-0.02104771448842424,-0.03649443491886428,-0.007929044416500997,-0.02385079491653075,-0.0024588943267740415,0.026367634385400462,-0.0220178251082479,-0.006556154100865741,0.009473061830074458,-0.03285959097550173,-0.00029236082326500323,0.01875547972532332,-0.0035625506038512444,-0.03274945856221956,0.013454861472213198,-0.039882845814758094,-0.0201902662055522,-0.020367596125006715,-0.021893864249529438,-0.017553711250264392,-0.02015054425140239,-0.021290312867428662,-0.00690587996990677,-0.05648983206883862,-0.0058150481574907875,-0.022099035344940288,-0.03351428096626785,-0.011133875202099519,-0.005783997227945981,-0.05823049461872576,0.005204120076262031,0.08653739397799054,-0.03288923781622799,-0.0355765151306211,-0.0022390676426593537,0.002054672196724061,-0.023696570119203786,-0.027845426420954444,-0.018416330199188535,-0.007772048888691985,-0.018745974447521352,0.015422517590578666,0.021173765750985618,-0.014582875201252343
2007-10-15,0.03920865967543752,0.05338768715957043,0.046415529455058335,0.04023708479354893,0.04855698046072643,0.10207669865130309,0.03222462232421863,0.018454335134003852,0.010013687411513317,-0.0009846228123113754,0.011093062668903642,0.0884074171488689,0.04479657744282384,0.013198733765426685,0.08396095040912277,0.032202045292860415,0.07249167153275549,0.05299870677667862,0.1577652916398009,0.018609500952810665,0.0068795159336854095,0.055973813170394404,0.058308744302015825,-0.008813541070419872,0.009438983107752152,0.006836121959961083,0.01857400622917993,0.01706838057106741,0.030932889200717018,0.035877040730420307,-0.01845763404083267,0.0027018458219050245,0.020870128530313004,0.009382677069997625,-0.007110506248822257,0.020725277440765355,0.018357586904910184,0.09247461823118752,0.04012934753161557,0.015537267080178552,-0.0003206625041553002,0.013558946665231941,0.012135940477576934,0.023081223446335564,0.01674786346167023,0.026109423922851205,0.07791108265092705,0.110311164175523,0.022387804457466798,0.01623679064765815
2007-10-16,-0.005550765533630875,-0.015013520670564495,0.005703088431455505,0.0566767154238772,-0.013004283817752982,0.08134142095083785,0.003161936885537786,-0.021234951769560695,-0.005352891757679612,-0.031875827429068804,-0.013104655110608321,-0.012599556965211756,0.018029999218583725,0.10204066176463522,-0.012074423287171565,-0.005382011295748779,-0.004217470386036815,0.04688709389739665,-0.02567083784881563,0.0030551607769655487,-0.024812685944988977,0.23223707071292066,0.020676895483401125,-0.028955610203973414,-0.005343269601492562,-0.001954503043247402,-0.013748733540909885,0.0055941181370011694,-0.012831778531728677,0.02377633149086611,-0.0003568068845359873,0.010289093773184987,-0.009907434288694228,-0.0016732557808202264,0.04361984907212024,-0.03993217533248139,0.016870846453010513,0.10316834913711515,-0.014549519121450638,-0.009667978322331794,-0.027261471763727174,-0.015791990149460422,-0.008792795844513313,-0.021745103173834712,-0.012718962127419298,-0.010814028461596847,0.11944263943367717,-0.012818021095349352,-0.021373108905177407,-0.009403858068766313
2007-10-17,0.013577185844871886,-0.0028861540951792275,-0.029845877725108272,-0.03669207648739292,-0.051379699610662466,-0.016409291868035858,-0.06564270871427003,-0.01533027035762935,0.024616426489036725,0.012832629012174523,0.0052494803776081955,-0.03913239705392102,-0.04773208832824627,0.07801422833143246,-0.03804900772654418,-0.050078191107636005,-0.04630275598838984,0.00025307464320301065,-0.019611680576609558,-0.01687390337973904,-0.03527740936515267,-0.13915449049239115,-0.009031647384937003,-0.016670984362372687,-0.008863715872951206,-0.022883299067719576,-0.014459111632972643,-0.03108651396030926,-0.055173594223839384,-0.026269873176433256,-0.012707360139967205,-0.030795234196411614,-0.05019059494061384,-0.0458098815448168,-0.061135730283328193,-0.035600952347096926,0.0009092498440190777,0.006358625891489611,-0.0038154187962756714,-0.0453040880769876,0.016485665871153854,-0.021217574586791854,-0.037096868745687406,0.0022227235996339356,-0.02038000454955824,-0.03729896742657368,0.030632805480014014,-0.0622528333540473,0.010317151425957016,-0.04483268153665898
2007-10-18,-0.038846086097864996,-0.08258334463991879,-0.05096527666434525,-0.07215117927262016,-0.08410109466620153,-0.017255992754170557,-0.026345382538827233,-0.03540202552339056,0.0266276714595306,0.003024899754051402,0.011263882505601286,-0.03169544566731919,-0.0548875188479232,-0.035087873670509806,-0.035358930167915914,-0.04112728496662088,-0.03573718318043084,-0.06425485741122838,-0.06324519381252203,-0.019331752381150924,-0.01764657962106908,-0.0788040327936399,-0.02951466349177745,0.004775650741323245,-0.006775426425100761,0.0025845873254077834,-0.03179884253558152,-0.019926056816984117,-0.1369493391695742,-0.0572531389328208,-0.019559753269617453,-0.022016883712995372,-0.06170566714067105,-0.015222742632878039,-0.05581382079275354,-0.08004388503314042,-0.0063579532655916315,-0.09988656042928834,0.0344712957481641,-0.028690197940287487,-0.006811441816514718,-0.016664312723841612,-0.02931319420484868,-0.014693442299166581,-0.0007548286202022636,-0.017368089331795344,-0.056812775318902164,-0.0667142224577495,-0.06436499391904715,-0.03779541427070887
2007-10-19,-0.04407409350450264,-0.037416943044978335,-0.015740141570376953,-0.013217517505223708,-0.004687025150034052,-0.03179336804505395,-0.08617945923045667,-0.05169332380498515,-0.013346505173294165,0.010396653290073887,0.012454189542802307,0.012434467464808696,-0.032637501465124674,-0.003408809846792038,-0.024229565641409434,-0.062131256620795106,0.020359573647382057,-0.054609411788194784,-0.03990496164497581,-0.007834871469479254,-0.050648797389910905,-0.09694828683249712,-0.05507502940363862,-0.02210046039883684,-0.03874465869142085,-0.024147272561302335,-0.02124472181528736,-0.037904799719673754,-0.04502766637099831,-0.030276151693086395,0.022863223341004435,-0.023023766098871024,-0.020851745115655462,-0.021403006287068815,-0.052779774854849526,-0.05085425290831025,-0.0920932364146706,-0.0391987800716852,-0.033805789338256065,0.05938276528735065,-0.01126724783367472,0.027349416394523818,-0.04831754814981715,0.0025319994309556115,0.02599804938110606,-0.0040787429753973425,-0.02760003553615331,0.011141824182743898,-0.04923235116497626,-0.05061137780910907
2007-10-22,-0.02399437359136747,-0.0471676428471387,0.00406195345612681,0.03769070735090163,0.029032465556871445,-0.013074561222853887,0.009809916734667912,0.031186952515646293,-0.0306549984561425,-0.011991506502548321,-0.009401023677117148,-0.010159404205828837,-0.009675202345899692,-0.013303351197435087,-0.01884622939847247,0.0026555726519552625,-0.01719189978513125,0.018587244084740773,-0.040215666007460404,-0.015602039710282734,0.030330173342269617,0.02080669912933253,-0.015279564383203215,0.008505191201492401,0.006812306028203929,0.05337164608125322,-0.0028484191267226233,0.039756304103432116,0.024558742732410543,-0.019979133144286232,0.009589629112429554,-0.007855271372753658,-0.010010897537864327,-0.007898012439334634,0.006686404838626592,0.043951316367845994,-0.0332245640444645,0.013216291400051317,0.0383206252481636,-0.017655736570131086,0.004459176055447545,0.016026115468295687,-0.011785950920547461,-0.00898129251489832,-0.02250028541909599,-0.015017247506007636,-0.019587552694686594,0.011540992238646464,0.018138569622640377,0.0019649088638045153
2007-10-23,0.07875347743098349,0.07831237849558703,0.08477307011988278,0.03830023536254945,0.0582048045947241,0.06086675287014276,0.1339174708818145,0.07326137495552398,-0.007789341156201668,-0.0017493620046251657,-0.00545193852307746,0.043656718390315374,0.09619249541459585,0.07126370540494387,0.06048018379151965,0.11574185360371692,0.06799825902952628,0.037057803141180345,0.10720962421716451,0.029369711914875474,0.027447994420910504,0.05929450216864218,0.04032433060044194,0.03975926726034951,0.044827019467003515,-0.003479935673435297,0.05556262590956118,-0.007922562896065743,0.05005660685123425,0.08503756806463647,-0.005463419647671719,0.011349021728851882,0.0658209135379133,0.11573809051375394,0.10996318117680537,0.10745811560301499,0.10492085938246443,0.01668962986875555,0.03273420969780516,0.02907110402688251,-0.005130546788599144,0.0028376793748035034,0.033027443870808915,0.011611862913621263,0.033666703332521086,0.040194232129848295,0.05790089332948978,0.06753804264580676,-0.0007812075386625095,0.02952625067259418
2007-10-24,0.005846432506277033,-0.00662968995883928,0.017302800845200306,-0.0019054423075198779,0.05194566432641201,-0.0028196949152810014,0.008146854021403138,0.020385324668364735,-0.014667330969512116,-0.020679632264352432,-0.012688844850601178,-0.03147109935116532,0.015310810709118439,-0.015461907219723181,-0.03585862075968871,-0.00514005112217919,0.024372396455429657,0.025988184829825123,0.029386908244026122,-0.02639509904201154,-0.019422908410211548,0.03177033002777652,0.014099178176075977,0.0009267329815068059,-0.005396816955776318,0.040829888831718675,-0.012205351390886077,0.0003471086570341342,0.010640458270354536,-0.01034278842265346,0.06315735599124839,0.0020873057058425903,0.03036053340754319,0.040248764505464774,0.1283245300134812,0.049963768449369894,0.009896108325314623,-0.019045301697734995,0.004039495166222817,0.002194992322705147,-0.006322036593023439,-0.023823418873856417,0.0053284857427871035,0.004759102144018756,-0.024765852185542836,0.017988092033020875,0.028508753368699846,0.09113865347687677,-0.007473455986745203,0.06621235112101465
2007-10-25,0.004971327576268392,0.022580226824807648,0.02645389695506628,0.04068562351222482,0.020160935401228208,0.008598887402885946,0.014493307016637536,0.012471519269183329,0.0015267936254048653,-0.0040392635916557396,0.02601673579770991,0.011643403632612737,0.0018007643800455053,-0.002191558310470576,0.0030461588622356928,0.005407197462817592,0.07929166082993766,0.01398410262809957,0.03162831207829542,0.03356584765721271,0.02217676739594543,0.0266221588391935,0.04090503237500731,0.022227715975317253,-0.007596418434824392,0.09122950305327837,0.018232666907172845,0.014578604559540187,-0.019711570809393675,0.008476895323062283,0.01462335759539779,-0.007292017904898529,0.04403139052394245,0.04379186498259058,-0.02003519116065222,0.002068749373572043,0.031031566460566706,-0.014703566466624407,0.04100923450454852,0.056089765605842334,0.026619782922143065,-0.0025617676029731085,-0.04240253689916951,-0.004457833859754623,-0.013871169980731235,0.059554948170158495,0.002777682319976549,-0.03415870365949014,-0.02682219522349183,-0.012704435837507022
2007-10-26,0.026730871908853704,-0.027724704861765148,-0.004826258210242629,0.037434841560424426,0.06762807945169369,0.05979275728878686,0.055604307465270786,0.12378868606927029,0.020674398596985277,0.006096713271066312,0.005936995517791921,0.030959930574290695,0.028532845768935777,0.0300149230271769,0.030878389882054158,0.05874655693257158,-0.0011667056423337874,0.0072860523279580924,0.04678518151446509,0.005246004382383207,0.03186747657399924,0.014951748193522851,0.015461094756736404,-0.01336360771608458,-0.014488852514301875,-0.08128154105959229,0.016843853887075877,-0.011632529983362283,0.021811059287734746,0.04945299478277976,0.016210115014149595,0.007870236497680372,0.029185367877763824,-0.021567053876421216,0.14131087174825674,0.004129591803481603,0.05566858137581221,0.07115165448192018,-0.0016352137713253612,0.024436695680402964,0.003914068694321982,-0.0014873432647988238,0.048892854016546305,-0.006437280072148277,0.05172061960857066,0.01667680240386238,0.007231269393013662,-0.01870265861821896,0.022656107149003457,-0.006869837236993082
2007-10-29,0.04803004660746546,0.004794786684569008,0.0649531778333221,0.044757838607883516,0.017693258305310877,0.003185322595893103,0.014750910178524368,0.10198033760886305,-0.0030803309796257894,0.0066818347635495545,0.020006099400483368,0.06962328601625445,0.01900371104804366,0.020255583958817214,0.019887238680176944,0.0757036868570995,0.1693481417864806,0.004391785371316681,0.051350321360982054,0.0030443772685897486,-0.007237253138826061,0.04067724756085056,0.00647099757342029,0.008264514517671184,0.0130376058863384,0.02179638264353545,0.00703908306574319,-0.0024227008552174523,0.006436020120788699,-0.00027438512769317747,0.0024240340110774916,0.0010408773802224047,0.01620439730195833,-0.021353311089887472,0.020020981088006318,0.00959566480706564,0.006216516337208988,0.03609950029856379,-0.022781390785521216,0.03802453858673882,0.007634454440055727,0.007514174281503472,0.007036052363291967,0.007887137976384961,0.012036966904307,0.01458100882775848,0.11782065587663881,0.008724602878221965,0.018989231158338393,0.008975516205284917
2007-10-30,-0.020651433458760526,0.004118688997238662,-0.016029585463538387,-0.0003627259859595444,-0.028983896017713673,-0.02228067847571913,-0.02782566849917789,0.011516757133689826,-0.018258257757160612,-0.003439484430727613,0.001569064190404701,-0.014482188124985584,0.004287218252265079,0.02229198509680641,0.0008425230087361069,0.0148357280099769,-0.0006648275018038552,-0.0074592648784180815,-0.05571628041786947,-0.04893168571838624,-0.07132980632350172,0.013099701949698117,-0.08610329090557878,-0.0006831894558625429,-0.016703384796387444,-0.016434796433493992,-0.017776302444333147,0.0017349217544682105,-0.01596425650531441,0.05262296092634666,-0.02048762566346496,0.004940095405592482,0.0006133833715691317,0.0024631238632017993,-0.01652892929299754,0.03190760703558082,0.01619095492203404,-0.027412775330018846,-0.005180536813182646,-0.03773411899937029,0.002095782570222804,-0.02532920152533502,0.01310012129772753,0.03353867544572853,-0.011893801607985366,0.008383071581732349,0.027218213540349145,-0.021571242308767502,-0.03149580454033085,-0.03825849390566871
2007-10-31,0.005163439996664687,0.0070533183963625845,0.02027102939549774,0.011167661848579646,0.0062522963924480646,0.009908119378413849,-0.012189259143809639,-0.017061072261670862,-0.010014309677465416,-0.00903388797369864,-0.006854042546714956,0.023233745571447306,0.019850903528514374,0.020783324258845992,-0.00925995137400537,-0.01752010239548296,0.004324289080170685,0.018398785202344392,0.0,-0.01289486663799444,0.021113734591089894,0.012471240695974606,-0.012460834234735096,-0.0565050228623315,-0.0036201988768532756,0.017645665423779766,-0.007838305039119087,0.002770863664115053,0.007340291607546678,-0.010165308723369404,0.027888132112531494,-0.008020688946161258,0.051945927986655205,0.030191447897293555,0.022058969739631173,0.055263252116273476,0.03480097808664717,-0.024060299126723805,-0.014550353721341835,-0.01771232947603607,0.013674540849533345,-0.00020694368707985245,0.0017244857095268795,-0.0005412388962678927,-0.002880599084923552,0.04394296005164855,-0.007462460047525155,0.008576701959996491,-0.0006511826789136199,0.026428013271933004
2007-11-01,-0.03707141113085388,-0.06606411145490443,0.02225708121396308,0.035285570693550206,0.0034569312234797867,0.0005449001964161759,-0.0014987419062179042,0.042656183776193624,-0.014402922132968232,0.019864318262549086,-0.015281265086783957,0.06531075860732427,-0.0366261142851918,-0.022362759662773568,-0.011046876613384993,0.014342729776256613,-0.02224572705497907,-0.044529385952198464,-0.01034514906680628,-0.014382775158444883,0.014248813141512606,0.011534897388523868,-0.06267176550330344,-0.06447687983347572,-0.04024585491419186,0.05226212863282553,-0.011877225930282731,-0.005526631882860955,-0.022602871101373156,-0.015904614997587663,-0.014636799965168201,-0.020865519145309208,0.026948278841744777,0.0272620596743951,-0.031346666370708376,-0.04364100021341499,-0.026337509156839856,-0.039054776795012236,-0.00435188228434269,-0.06826931127058522,-0.016188053757440368,-0.049296746241567324,-0.018932997267070317,0.001623835404696905,-0.0071196319463150415,-0.009101428670418965,-0.05453544353376294,-0.024624415317677117,-0.008373616259579997,-0.020530140566258903
2007-11-02,0.012198816946334068,-0.04802670721745017,0.04750901953509956,0.027035193526908197,0.0836725433579597,0.01557995179862881,0.012458080682757666,0.008170891473202158,-0.001807817880377982,0.023053361404632877,-0.01521843115067556,0.02899604334378414,0.020420994145941007,0.01809495468922573,-0.034490993032391115,0.027618867774831246,0.013323339950280788,0.0010653026440805569,0.006775218532949712,0.010509501061895632,-0.013852289065261592,0.06243390479349298,0.014554721966485218,0.010841630854877327,0.019802014898825826,-0.026191192416955666,0.017927824127885517,0.005210188901333179,-0.019184218774066397,-0.00337155671029854,-0.011461689596511171,0.026105617439205586,0.055886769244198,-0.009288597670051746,0.040318763902030375,0.03617981826608685,-0.00041580130420038053,0.013031407314635146,-0.01763979421162487,-0.017331414196958606,-0.031134129191885185,-0.02284415901094261,-0.02017545054567238,0.0005400031935907101,-0.0311750455425458,0.028703077023698453,0.02444785577170938,-0.010483634577525325,-0.014410717682363128,-0.0098919696957539
2007-11-05,-0.019220121965968895,0.05234904643859317,-0.030754069682146,-0.04765998144907502,-0.004535315235295045,0.04382342115650517,-0.029551354559055665,-0.03972758978679958,-0.009695223301553701,-0.0329395723051471,-0.014335172730377876,-0.04933214342012404,0.009367956071709926,0.020455915598474927,0.019704548536502386,-0.02645340134845131,-0.02039074128796947,-0.021548298463502147,-0.01691980269519011,-0.019409229666148997,-0.013583558913066951,0.05021649182513643,-0.025998852233277803,-0.01276845087623979,-0.02227299986768605,-0.00548318383181412,-0.005669720025723968,-0.00034550205495398334,-0.022270627362003248,-0.015767229375967196,-0.006763479743182255,0.0,0.02767310184174243,-0.03750206324294236,-0.02600748657423191,-0.005976743496264647,0.01956658938553746,0.07678114977328265,0.0012713819581797736,-0.007544287082946077,0.018648318374100192,-0.01462082083988081,0.0017904446276511,0.0010797487532312466,0.004504894978815566,0.04408463140001184,-0.020717348697671167,-0.012540412549519653,0.0011286473200045055,-0.002655033886951541
2007-11-06,0.0018977916834226338,-0.02558918544868727,-0.00457450863562936,-0.02208932619233983,-0.008911050150855804,-0.027338014089459794,-0.028363309039258655,-0.03737847181919651,-0.006921525296058051,-0.0012137251222666956,0.004435407830596594,0.0037342924951988543,0.013499022314797271,0.013144940840218,0.07206106202727947,0.03694150538452301,-0.02138446109267711,0.044317741729107185,-0.011734842303927517,-0.027967234297985866,-0.0026195507632893467,-0.010183420471584048,-0.022771892742913025,0.012674689008424611,0.014894665917382088,-0.009125179849420628,-0.016350802638117168,-0.00483935348762099,0.011339576623158765,0.013887351235474688,0.006574904764091283,-0.0005194431938891908,-0.05908489026337671,-0.026613430717861486,-0.03821985405868866,-0.0281642787716313,0.11617004485442894,-0.005674781671616391,0.017298756588399078,0.006318353405302624,-0.0008171720042141617,0.0079836827713049,-0.004468111662605856,-0.006202589923257951,-0.017939198415704682,-0.0101551179967867,-0.046650042783318524,0.015819886757282964,0.0076869318821366495,-0.005744311792384549
2007-11-07,0.039269057215093994,-0.0194509536696148,-0.05347742018984192,-0.033016528825257185,0.019807756460484605,-0.014740272653813058,-0.020596246057331458,-0.0027044023149045415,-0.007218816870677269,-0.057162047000707705,-0.019819384144661556,-0.008015849798077013,0.002081457703015266,-0.014596321843549975,0.06419370226112209,0.03604410603996433,0.0024410065927831237,-0.017964020413366644,-0.005343220519243963,0.001181335094074587,0.031721481872995394,-0.04860251729886633,0.02813784909081196,0.0007781058747218239,-0.0175537486549443,0.008777662689272825,-0.010415252782571716,0.011115055075900937,0.0032804106994990256,0.0008090646281602165,-0.00013347766770455127,-0.005454674867877096,0.029591494296991705,-0.02805546717409635,0.02014170758264755,-0.0016282308558224212,0.037131785376663506,-0.029135660965496912,-0.0009358788428449616,-0.009320235350862904,-0.030263408064894137,0.015766014945045814,-0.0062837734865398565,0.0035279578645899257,0.0006523942151259732,-0.014038893647021267,-0.011460591479545035,0.006736178497505962,-0.00223761750397633,-0.009088784578204612
2007-11-08,-0.01012296051361139,-0.018114098392438716,-0.03803682662027863,-0.02644053134484925,-0.03440436456571061,-0.012225753598233746,0.03419299695559874,0.0031859211152349687,-0.0074217165082139935,-0.016925484208385133,-0.011943518487323779,-0.04372697188554997,-0.002699698935728523,-0.017116380031135248,0.021527739680288205,-0.01663872141629319,-0.01675461801067335,0.08112380838119804,-0.031635583978022686,-0.017700875648826386,-0.015275252929897953,-0.041511714478707606,-0.004853207020114381,0.012182530284108761,-0.0029292046629315616,-0.02520076674337668,-0.014900521586804105,0.01030561165735655,0.03250203641137084,-0.01923598415747918,0.0006330961697844639,0.015147544589367623,-0.008770713323864032,-0.016179719858327335,-0.008537933719759971,-0.005218649011857646,-0.03492017397803493,-0.02088328064014755,0.002185830423146129,-0.030600154292229287,0.01433904998755886,-0.012284760608528678,-0.0009033092479554528,-0.0024339461039433186,-0.0010865904380333857,-0.009857404574964423,-0.0042341007952656495,-0.024569005542705802,-0.0029052741253496883,-0.0015289791028972877
2007-11-12,-0.024518566892158034,-0.05602397854298635,-0.050149477827587385,-0.0202729962554713,0.02748367738985058,-0.036534561035859614,-0.03337296672097101,0.010642338186722444,-0.026070158552512268,-0.043405942788427354,-0.03212783777165551,-0.04475611891670439,0.05560156745545952,0.02411250858595948,-0.0431110059108174,-0.023144857912442363,-0.04015328780266603,0.014222783502969794,0.0045200961919453775,-0.032789181843937865,-0.036194746058421545,-0.010271325516561514,0.0010054964422678836,0.019205901998258,0.0505290301138519,-0.05482666636483979,-0.0070287132875768155,0.00034033745289852035,-0.03629997460030299,-0.04279740036342028,0.005895805989973191,-0.020580892600469025,-0.032670812864309395,0.023173316104021957,0.0016144051995887754,0.0013115401486869516,-0.0469666400903096,-0.001737815135006704,-0.011997463241045003,-0.0241084955988351,-0.011475463130378838,-0.008564781984855996,-0.005424927999840179,-0.007589953941230743,-0.014358624949782017,0.02157067738789875,0.02071735320950685,-0.04993709007457747,-0.022746959904889952,-0.02545870693809582
2007-11-13,0.006540704029366573,0.00023982315096349183,0.06555669121012886,0.02475195874613001,0.021959770309873727,0.07645947119778418,0.04737176608830618,0.048921294127932224,-0.01711890936277405,-0.008953578954060903,-0.031222623440997466,-0.0008465101475519932,0.07378160565995517,0.023872143772543097,-0.027612913283000085,0.017211322657805894,0.024571342009719777,-0.01861707659668599,0.02024994841620531,0.013078110589958447,-0.026274308156079562,0.0277836764241981,0.0075842445102718425,0.004774101310610401,-0.004754027634593316,0.03695091432846631,0.005974195125061588,-0.005438481445684484,0.010348715228197136,0.03954510074854234,0.003973770955021605,0.007091472813161692,0.050942778670502786,0.01022827601674181,0.03546503154806335,0.06810740180125219,0.04966423279927734,0.00466881537019348,0.01561286525352501,0.00952554493828095,-0.012618022440250343,-0.004206625190333657,0.018181756767524426,0.010652707306243014,-0.006401108056180105,0.0693016104818529,-0.009924466546899935,0.02189093490402394,0.029082537389753638,0.004859652211179233
2007-11-14,0.07253705255267207,0.03014688759018047,0.11313682248491252,0.08933315717610757,0.02595555822324691,0.03705843395022512,0.03158381615062389,0.030597465867711948,0.0415373050546215,0.04965767869432414,0.06965925801093054,0.04685054600082217,0.019842208536581696,-0.013094975626251948,0.024488323654142885,0.033282361885886624,0.028898680669582344,0.07292443935507764,0.0603445985481561,0.020697924728676265,0.010948679492905233,0.04380820100788774,0.035092906158344706,0.005001121883526194,0.02669301704147542,-0.00706713111431434,0.03277629416712413,0.001366750211012846,0.014757138668364256,0.024238075657077918,-0.0007254149670748999,0.009650591480371729,0.041242929406978934,0.0334478431609504,0.022833412547486054,0.024218318080436063,0.053525892134903996,0.010711955328260192,-0.011025292001859643,0.0878269098377209,0.024536300113449983,0.011919383875314882,0.03750015630381576,0.010810896466721287,0.004442840299117901,0.034936558381786,0.0640140757232408,0.05810543420795411,0.05042188042648532,0.004326973347225316
2007-11-15,-0.004621752649394573,0.04962782878967009,-0.029589660382793204,-0.028860788653805036,-0.01937240117249972,-0.027406285665563135,0.05177126973542556,-0.0005104474917886348,-0.0065876430060466395,-0.03551032015620925,-0.0333015683662663,0.002711202926226841,-0.02936393624878164,0.016828252243474173,-0.01167097146278584,-0.01642749743133587,0.0020977294611352892,-0.011481165204497823,0.006617570097781078,-0.012294127630772422,0.002934433755672927,-0.048596321778561546,-0.0010594123420561985,-0.009206008056751425,0.03694554356693747,0.002706824468748259,-0.013803575877803342,0.003754256848044646,0.0008612116837170003,0.0232333882565654,0.01861535864274999,-0.0010333157613807709,-0.005787241058333392,-0.003324110501800037,0.11466265543402776,0.007782208356154063,-0.015085782110790924,0.00896185912939984,0.0042396195237965895,0.03402889966359002,-0.00232848513210715,0.022662507340623694,0.033562571038094235,0.0005346239614616444,0.03638180763890975,0.10616463325566983,0.04394780785883645,0.03595104856235953,-0.022500717413712512,-0.004308331312465219
2007-11-16,0.002278011696858151,0.012083471906507715,-0.007851045822554248,-0.01739623896344078,0.008339545023523742,0.015360672116427443,0.028591529119869064,-0.02836130204127907,0.0027544550583384897,-0.013537644501949275,0.007983623870696288,0.005084524526209666,-0.018559940784403373,-0.007001774739928579,-0.006926246604693986,-0.012982329460840214,-0.019014736476522298,-0.05342601316284745,-0.014087271871768059,-0.0026468908962985482,0.02243304615058017,0.002041153902361925,0.009448906620842301,0.01130075232185379,0.08260792053890986,-0.00019999445416374328,0.06040846701629299,0.0006801039895414362,-0.006596002423248093,-0.012485448756042072,-0.021677726006680942,0.008533850171314805,0.009442528871441702,0.02123936428665929,0.02730992285857381,-0.0062371453354522766,-0.04172531980024197,-0.014752526456111026,0.02048156267964263,0.05448014053681405,-0.027838315561413918,0.01756860402819771,0.0582847730676368,0.0002671154865059311,0.001707280520508947,-0.04113208879946517,0.0017287504145488963,-0.0010829067611837218,-0.005544302620110075,0.020107041903165923
2007-11-19,-0.010670669019883894,-0.004764771485613828,-0.019293286454657,-0.026515208667329704,-0.010827103336776944,0.002708876867338672,0.019050191761790902,-0.001862055584927913,0.010784575829136722,-0.0031075253847344664,-0.0047739351936579855,0.01774708119144064,0.00189115430331932,0.03621765774391372,0.02298209518972416,-0.0003947198448454037,0.02288069601970477,0.008588709607451284,-0.000571231610817402,0.008607321633452791,0.023166974357389902,0.0157800685302536,0.006542933933622708,0.01837597338497199,-0.03071715727111901,0.004949651951822398,0.008495492835120633,0.004417243559859507,0.04344682772620678,0.011576274273093157,0.010201435580586615,0.003077247376048531,0.013710820750449937,0.007046969064466335,-0.0026584680587342646,0.062163594519873966,-0.018004603024603383,0.01983402110228183,-0.01011178607660379,-0.010752497361066204,0.015774966858061568,0.011461604541443293,0.11880416799341331,0.01790032697620192,0.013421399885768848,0.02398479076212645,0.053013419318127974,0.006400979122820782,0.03439689708394522,0.03364684671690776
2007-11-20,-0.0231682070429422,-0.0039622189269274966,-0.014656697190874923,-0.02294354023077083,-0.010163801992209676,0.015749908063168006,0.02458084816083317,-0.007748493372743415,-0.032411233313559884,-0.03348879072873878,-0.02256622108638484,-0.036847543631080004,-0.019064222800953545,-0.015465554730863751,-0.007153541109005346,-0.04970753330884903,-0.004056421410289279,-0.058637244706799874,0.0026686229471326595,0.007609078258272284,-0.025439477095813845,-0.048334493260614786,-0.044410708798805154,0.0019509046259469365,-0.01081458742414243,0.0,-0.027287851119331963,0.002367929865538576,0.0012452902411872468,-0.04192583071133393,-0.003278720177091632,0.025050896618745933,-0.027809317070604855,-0.021675790937910056,-0.06441572862078782,-0.04361260844538828,-0.01515447026802852,0.00038435046102613946,-0.032193190460528376,-0.005832543126668699,-0.02076248107200196,-0.006515928341009669,-0.043600572670557836,0.0,0.009879983692249628,-0.03243220951085912,-0.03511338321143287,-0.019799020305182657,0.002791180868571441,-0.0061723020283730445
2007-11-21,-0.027057191136146908,-0.005414172779899751,-0.030301024608432092,-0.046533622812383046,-0.05360032738125653,-0.05339233124577747,-0.04627183797094947,-0.05240342412197585,-0.017163767725420498,-0.011879411590248523,-0.025764132696295405,-0.022200351191256518,-0.07869892494502828,-0.0779137015242336,-0.05110865596921421,-0.06247045810992391,-0.03985808558959969,-0.04445603503060058,-0.060836713038374124,-0.024207890488813555,-0.044895812051638395,-0.04442515743916098,-0.05238337814757965,-0.017036229507799483,-0.05720830254096343,-0.004975148608247215,-0.032993974616068344,-0.010124752592229891,-0.004743771848326861,-0.042714762089831715,0.00016420907895309256,-0.01720722831380006,-0.07359252937530059,-0.06402655644773136,-0.07122503653687984,-0.0885556102666406,-0.09384497755206156,-0.04564340087881702,-0.028306491409895385,-0.057155586513280676,0.0,0.016040321997683904,-0.08823514371159868,-0.023622074632272727,-0.014362918411110592,-0.08193691227093924,-0.031695669603899024,-0.0440606371218778,-0.04664556751752169,-0.04375310702622481
2007-11-22,0.005628339404936122,0.007054549573868751,0.006831507129210657,0.035157406591034945,0.04288851575629682,-0.02576326968650333,0.028374301046209416,-0.03698121877671923,0.005715508000409653,-0.010018954031596028,0.002518634837775924,-0.03786864171064097,-0.05054309695977521,-0.03441229755558006,0.005338502753885255,0.004654661470472554,-0.008484276125369505,0.0018935002787121569,-0.0016194638560789176,0.00462902516390562,0.016956575951935893,-0.013925516366467883,0.011527280050795063,-0.00024701712091201866,-0.0016182331073210099,0.0029999421711000007,0.00013745440318868596,0.004773283694159858,0.022072343700196395,-0.056810966284354114,-0.014767219577742852,-0.030956516559364378,0.007719355593275301,-0.03280535137804519,-0.025562622728875217,0.0,-0.04150971651866675,-0.03381617895409239,-0.01761038288267458,-0.028094590497451888,0.00017214901798090487,-0.003928948768548102,-0.03306460541450551,-0.025000202411995298,-0.02502640419331814,-0.06237328109960616,-0.006139061537694168,-0.008867990385679536,-0.0034229310427283943,-0.012336417347941886
2007-11-23,0.031727647661792924,0.012245813241574366,-0.018219651387068492,-0.005194780430199941,-8.877662657280627e-05,0.008379546868845456,0.0062159819299603125,0.03625236369815088,0.011313069667105768,0.016910684580515145,0.008222241611077319,-0.005442077460271033,0.04157499814063059,0.06633743277835658,-0.007788579648375871,0.019233294346719276,-0.0004888169450081303,0.016198707768681153,0.02088417157532607,0.02858163622889065,0.0005630720445097825,0.008552077224612376,-0.018440687975838532,0.024269184627086604,-0.002431284045316895,-0.011814134976160018,-0.00023344248381274024,0.0044111768330103995,0.008285090861648303,0.05895249379166678,0.0022031372622539624,0.011783206038766814,-0.015877469157708712,0.0032762732036963893,0.07817415143961459,0.02969665575178837,0.057742834181100156,0.013916546140185115,0.02697279932294383,0.019788503717860007,0.04360560252350809,0.0064099903350614,0.04253547390634349,-0.005789496352901824,0.006715072904279529,0.043807887837810755,0.026862132568903574,0.020545740413978386,-0.001161742488894224,0.028655050394529757
2007-11-26,0.026092267770353672,0.03204159168872822,0.05160963314741274,0.015271218966487865,-0.002556651675051258,0.01295066232090325,0.01564377242501891,0.0196390943050615,0.025131572932301838,0.011845771586295406,0.026503451751399343,0.036115961990176304,0.008236693561575636,0.00794159181710552,0.005709094443515417,0.02436068846260442,0.04011486562177846,0.03294373993589228,0.05362453625680619,-0.003639446810161928,0.007804601201075734,0.025221915575650344,0.004485757129398582,0.01692460001841889,0.01651805028120945,0.007364759771272045,0.027076201363412933,0.001689346213443077,0.013470221289403117,0.027230788350801616,-0.0007326564531672242,0.01966903781921725,0.018681009889012445,0.031117699912937224,0.06812653820415715,0.017555082122378662,0.051488868166248425,0.018163972347871038,0.002610306963747977,-0.0007611055223168961,0.024937630018006418,0.017988728370096352,0.0015996363548229642,-0.005824100731762871,0.009897715695870835,0.031606110732601556,-0.016024150372320634,0.06239846322392317,0.025284403255452892,0.0033929681659694566
2007-11-27,-0.014300294491873755,-0.0328422988325463,-0.006511369256887778,-0.02117913515392278,0.013885794430118725,-0.006925335307454428,-0.015753018764625315,-0.0012921345660170669,0.01101385302138791,-0.0014594529485240093,0.010261580043209984,-0.009041656498594564,-0.015500751834100268,-0.02462227981706644,0.011707736129741075,0.027526834525515076,-0.0018226790548615535,-0.014660481041603446,-0.004712519988838038,0.011239867016423766,-0.0050929612542010005,-0.036520110726302124,-0.014973248371735748,0.0007130682806357758,-0.009323421506036267,0.0025539594632808527,0.002487701057619418,0.006408052034577505,-0.014620602103735947,0.00930355644651204,0.010966769753604666,0.04162422096586549,-0.004862551761367073,-0.0020490549486785747,-0.014123000154373289,0.04251377193666572,-0.028908455533159017,-0.008314537729901872,0.021314474427956087,0.01875307355339495,-0.011439882461431572,0.0008247817185904616,0.12220489792998812,-0.01115735598790879,0.03078730583301037,0.05725744454777337,-0.009992083099408688,0.009271126819674347,-0.012922281947715608,-0.006762701658455383
2007-11-28,-0.0179370783615872,-0.0063330469825738644,-0.016108416932293146,-0.008301776711010622,-0.009694716294586625,-0.028323174542486784,-0.013559880463863694,-0.01424241073603616,-0.01952910555070042,-0.0027641834811621413,-0.01758428101219045,-0.019143738092128992,-0.017659450131485954,-0.014809872035296934,-0.005260241757741646,0.018974916859336943,-0.0380493354021707,-0.03732705540133485,-0.04696949283437324,0.0020838621313596928,-0.0036467301696326837,-0.019898847349359206,0.032055022410570455,-0.005939578311227267,0.006184474585129607,0.00544488389541864,-0.010433615923350348,0.009383616178439969,-0.030843846429351007,-0.020489936116240504,-0.022124259088164844,-0.06895689059212173,0.012843851012014351,0.000746807031538399,0.03927922987347343,-0.04078005785735406,-0.01923814828008341,0.006349240526066113,0.018002178120557932,-0.002616377503221301,-0.005216257301163152,-0.02796096285786409,-0.0775802035094676,-0.0014105899827719925,0.007337850840276827,-0.029928625299282308,-0.04613156654894479,-0.028668019070709816,-0.011542549281849057,-0.01064337435590057
2007-11-29,0.007251925716375673,0.005164739459023959,0.04236286151687341,0.03459763169584229,0.00688162522088942,0.01451923633525376,0.01270975286815057,-0.006488907240605357,-0.010701413188794806,-0.0013064447328191564,-0.0036686591144198255,-0.011258486744399776,0.0017327578518040454,-0.026990352375397042,-0.018213884487266907,-0.021795473518946618,-0.022471265447463806,-0.022776703560723255,-0.004371968596095677,-0.004228713546178264,0.014287749283202977,0.0031891016067864264,0.02335921966683574,0.004063070860162776,-0.0072153812614574875,-0.008296597110028725,-0.007523264159417398,0.00498019246384751,-0.012851087497585345,-0.001530458897808562,0.011464386965369444,0.0,-0.02591314685400159,-0.00037339356929000367,0.05824816215743045,-0.026494468649682412,-0.03179890405634844,-0.02022176299115319,-0.033959076894783835,0.044125943789625977,0.02900221632692057,0.04629313332898133,-0.03780872807905489,0.0005648288270301283,-0.012927133522321221,-0.021057939722671892,-0.015259453452255434,5.204601444908086e-05,-0.012384926603376645,0.015394272668448172
2007-11-30,0.013902039034866975,0.027056563391198774,0.024934316810865997,0.014331892152811498,0.015212320803813295,0.012842476210134901,0.09790806129541108,0.009980329691656742,0.04777173170129245,0.022491640639092036,0.028007564026348186,0.02659805964377182,0.023351027831824744,0.03862423904087753,0.025613262724589525,0.0051014115882228595,0.03463841107286347,0.028856709975584316,0.03233526799687381,0.019841243606649073,0.012490320274492595,0.04647627673176502,0.02429051987853903,-0.015710606104160973,0.013997349332772302,-0.008115633842391112,0.03321484561437704,-0.01090226739510236,0.024908599724931646,0.07238974799623699,-0.005033825678263826,0.0,0.08164716907554825,0.01511497054637112,0.0029412562216171168,0.032278616987656106,0.0415867546377382,0.03227942890985225,0.01085359373217254,0.1268729729565643,0.03285220925154597,-0.026006402474410995,0.045709867606285925,0.005081836939723194,0.005197118076149421,0.039519923473546825,0.0032592589393336535,0.049620454231279476,0.007575315996942944,0.0
2007-12-03,0.029193858043166987,-0.016551246922970053,-0.011683016533855506,-0.013916957016975151,0.009707293804886774,0.012571571328131581,0.012606526241845106,0.012170737382620977,0.03724572555182548,-0.0013417362618944884,0.06827267828812555,0.0023553108156413316,0.01500126856180084,0.014198269336257674,-0.004201112351116865,0.03606980740896293,0.01973599994675368,0.03505943283198487,0.015854597956810323,0.00505159887552642,0.030224215070111082,0.0799676096125812,0.018439163476621445,-0.0033856973338994845,0.017520666404946095,-0.0034339172805528673,0.009348257104814683,0.015698259071011522,0.0017424723736891856,0.0066709183284721085,-0.0162496615769937,0.0,-0.0027472195338825722,0.013051431120806978,0.0025133949923297205,0.02697738765684754,0.028870233908998122,0.0055184361255464776,0.04214760562053077,0.04116589205032284,-0.026221676526398063,-0.022262232907978685,0.01610436137595128,0.0008426528064005012,0.009202690492112753,0.042829475947433915,0.014041506901613543,0.04930435817862033,0.015138586259295206,0.005314806125249483
2007-12-04,-0.02466868488655205,-0.007684421613533221,0.0032720863236448405,-0.019191024981117244,-0.0042799502654290444,0.0020692330356208988,0.01601217355793194,0.013268680182866976,-0.019239860234227302,0.009341982771457591,0.012395932122035047,-0.010638480389751015,-0.004370986040372449,-0.012999828775073552,0.030001115515003507,0.015020960221818092,0.03609589750143982,0.013288230979622062,0.08488739269971712,0.006995952950958673,0.02933751180373312,0.03312049663062866,-0.00474429069259219,0.0024266909111687607,0.0031306252272169655,0.008817870639504122,-0.006851686272724367,0.012824675123000118,-0.005081090739512906,-0.002735048609083801,0.0042573945882089514,0.0,0.011019360385031263,-0.00036270770871504876,-0.01838681588891289,0.011044662035287534,-0.003980704900352183,-0.011612247347278837,0.045671030238011,-0.022713634995869092,-0.006691975925637195,-0.01000166269805558,0.012075243726304086,0.01796258502979664,0.00932364769943006,0.012921196077918307,0.011403517771584992,0.02122969565016497,-0.00015008249550019226,0.01742293360044478
2007-12-05,0.013589602166795611,0.003926244680874991,0.013016740944175265,0.021364954564783822,0.030110475679882676,-0.004447620437789346,0.02836768412266899,0.0202743069549709,0.0033990502666392253,-0.007305317446865689,0.0012043579416844974,0.04223356383218735,0.024879410429630155,0.039850984626307984,0.09546053004243138,0.003442417104599471,-0.008136586952365521,0.026227737024844933,0.009122980104555145,0.04195347839629182,0.0007107754476121109,0.010545900219559368,0.00627473100650211,-0.002662960839439843,0.0023403722528063664,0.007033162020542605,-0.0036332496662144775,0.0006492064410383858,0.006119287613373103,0.007172296628580321,0.027300221827321725,0.0,0.04593205560422753,0.05409318098475158,0.08429120149360392,0.0310009779398579,0.055544945452424166,0.06566334405126328,0.04235295209765422,-0.01705921056706583,0.00048089986666211004,-0.0013613160960567194,0.01864311772458116,0.01461252979920391,-0.004974080901059552,0.03826864216972736,0.01704656036107366,0.043654899354012455,-0.008458753939425523,0.015101350264277835
2007-12-06,-0.0095126527476459,0.021945996730960315,-0.019636659256875855,0.031485124931349695,0.0046340456059799084,-0.017976941204472685,0.0006895980655550193,-0.004085510970744055,0.0022743121824859713,0.019862594869854755,-0.007417788975214723,-0.008410928246689653,0.0004079874280809026,-0.018512098731193194,-0.008309291086333714,-0.01335064359911975,-0.020046317029565608,-0.03207198190707805,-0.02659953924060232,0.0039485020351377464,0.01491861124720728,-0.013281652185039738,0.0061871133771709275,0.008009793167454538,0.002075809649689786,-0.00788185991166701,-0.030382468712025212,-0.0009734843165853935,-0.011889573933910103,0.020264056386205542,-0.012709455607091802,0.0,-0.026795692856631192,0.03444109001153528,0.006674564749595602,-0.023768419787181694,0.030853257895704145,-0.006493708878109072,0.016506446318014456,-0.0022291089388061236,-0.0011221242250649688,-0.008681252013513552,0.016105312404798955,-0.0013585158010261944,-0.0032646318358330317,-0.0320315883480472,0.02610440413456394,0.03288769823400006,-0.01049919538274724,0.0034702642261277283
2007-12-07,-0.011256806727735769,0.019241979858488856,0.017663205260796122,0.03906058967411563,0.016802012690908974,0.016627030114778618,-0.00888230195499462,-0.008796768943361122,0.026121442753855417,0.05316937901535401,0.01636026028373938,-0.004136535127782559,0.0024471257093403587,-0.004302054600537009,-0.011520992977435807,-0.01566420162397264,-0.01898252284829338,-0.027181077834665945,-0.02268259541555695,-0.010510047845997073,-0.007126705896010943,0.01819083423508472,0.0006243574444355637,0.00457501911990299,-0.025634091218293298,0.0005027907805161824,-0.009557950168391116,-0.004221929123587764,-0.014531868115880364,0.039568718875340636,-0.003110048065268267,0.0,-0.0020394230811133784,0.007491246016294806,-0.0019503321061593581,-0.012613732208283102,-0.014873178296556433,0.023029105353340018,0.012491793874119583,0.034229681907169685,0.0245585789786551,-0.0023160516754778815,-0.018011346433721598,-0.0013604731517999902,0.0033775193156682093,-0.008159451525120098,-0.004552659659831537,0.03488328270684615,-0.0012242737123807634,0.0006842449009298868
2007-12-10,-0.006511071644886068,0.01507172816284208,-0.018519633124648438,0.019116549506203784,-0.004043835516213012,0.0011719762943149803,0.01193659932871416,-0.008136331770101757,-0.025408935911291564,0.015328148028161293,-0.003676218815473864,0.0018880379971524253,-0.018510891369635685,0.0009973350515102286,0.05986461105370444,-0.025927951064809274,0.001502388634299745,0.028738530851389,-0.010233787276444195,-0.0011077242372491414,-0.006473200749337771,-0.004910391603919817,0.004032984301727938,-0.01294367133850216,-0.007706741047124099,0.00015041523167869109,-0.01107533876920308,-0.014350907901658938,-0.00046935494375544007,0.012193966974660908,-0.02176827118304403,0.0,0.000894169069255657,0.008096684929274067,0.02110223287338764,0.0124775090727971,-0.011183638959992859,-0.012555340000973358,0.05181612166698235,-0.030242167617501425,-0.03007988367769221,-0.0010878989089420088,0.012472446237310697,0.0038147332170668236,-0.00173400041343863,0.020109820958037927,0.008088005538226195,0.0022363025605660614,0.01695716793652169,-0.013069851497252927
2007-12-11,0.02221102089775351,0.06468346857237561,0.05485934214808785,0.033701772608227154,0.008986186886908998,0.0014367254147782393,0.006336772382670608,0.01434944289068496,0.005503742355507102,-0.0025160530087587896,0.008576767300375376,0.03886389691694281,0.00953332392704831,-0.00464828807249873,0.03858806712211216,-0.00183173614876464,0.0036004923897132723,0.028194607447149078,0.02363371171659079,0.011416265165942185,0.012579011891017178,-0.0011007535559205417,0.03055503555532213,0.023312431527464428,0.004284636529099828,0.004522344962389457,0.03415327354818243,-0.00330895694306943,0.010289423500107198,-0.012437267736111535,0.0009946819250976624,0.0,0.019269938244631524,0.03835417559177734,0.00344434424949025,0.0005867330367690382,0.01658799600890326,-0.01361843784095429,-0.0027367159566294985,0.04574373651731278,0.02293621440795013,0.01837324141519825,0.0007243348194210242,0.011671920851483053,0.00030656393087791223,-0.011648986061825295,0.005383101498280807,-0.004669088122966403,0.0019082751899133221,0.0019759934749568053
2007-12-12,-0.0016463230556513775,0.021811482838398843,0.0019657389351430687,-0.01856507830999954,-0.003656499070300301,0.0011160320059662165,-0.004855361615001441,-0.0007805399686201531,0.01162008708326523,-0.0335665054991674,0.003658568619489211,0.011328062802439254,0.03120525344023073,-0.0006673295167285431,0.040523901596306366,-0.008295844539460417,0.03407841182130489,0.03773600941532429,0.03805869584126409,-0.006643362843834821,0.006752687699893567,0.03188194955619883,-0.003990265854355468,-0.002135555107716569,0.01120016432363724,-0.002950874348757737,-0.0017155953026615212,0.0026559400554015955,-0.0013486912965779974,0.006766164840108946,0.016338667208321,0.0,0.0634779897382558,0.0041042542241811475,-0.014111550056018496,-0.0014660025132673393,-0.005377350852523222,0.015560729819467989,0.01006257680844147,-0.004412339866812998,0.006158212575751776,0.008200763272910416,0.023895957823065972,0.018245255699076646,0.0,0.0009067081996279036,0.00020391747461800946,0.029971094114400243,-0.002556350891365633,-0.01453179833127849
2007-12-13,-0.016713555524007995,-0.06668236519808157,-0.015526413649248005,-0.03647563430531009,-0.017385754439919965,0.03200456936624052,-0.008538764704965396,-0.01125390483937061,-0.02259358729809635,-0.015304600690647319,-0.01389161910154546,-0.019053616847227506,-0.021500993158916515,-0.01668888484011033,-0.03542996032816903,-0.02145140472349194,0.02919744877192243,0.014787917757986158,-0.008514094144774442,-0.008960511806432092,0.003417303138738559,-0.03991914041109834,-0.03382113349115523,0.008323339184512557,0.035601314787190086,-0.01269345317405901,-0.00233603116205916,-0.03344395976750514,-0.009173985946951402,0.004660183070804402,0.017458101751902433,0.0,0.029197173478300753,-0.006131081384052051,-0.014313269945741336,0.024669612487912662,-0.011931402115992529,-0.009313506103900582,-0.02264188307002435,0.007794227249846797,-0.03578117799201541,0.010609640596333403,-0.009194044693768832,0.05428197522487466,-0.0005106688229917777,-0.007246288340378437,-0.008998174815779247,0.07689821749151049,-0.00879486014424058,-0.0029142476381173177
2007-12-14,0.019733621372074017,-0.03425582147511119,-0.018162553624180622,-0.028885126258256344,0.004339931894633109,0.023091721169449464,-0.02841198594595018,-0.015332935929306735,0.010489537118581138,-0.008223180866004265,-0.006494309518947805,0.006826826046682388,0.004475858180730041,-0.00984357401305136,-0.009974408091395381,-0.011443070154967594,-0.014605658215863127,0.01863334568949737,-0.018051068986840724,-0.023979711252729463,-0.0022704750734837686,-0.002147935075532792,0.005159282619553451,0.03160403568459702,0.022154198840150352,0.019055733453530843,0.004965791029700517,0.024666189522353887,0.03689442051075886,-0.0022945827384246442,-0.005432746189639848,0.0,-0.011667915249535254,-0.006168903433050432,0.0003925428740974013,-0.004012778946064777,-0.014528212579520972,0.04078834391478381,0.011516870878236274,-0.014102755464281747,0.002278842809335213,-0.0004897681871781634,0.10778002932657604,-0.022994255752026738,0.026880607986460525,0.0031931085843710516,-0.01131800531485061,-0.0006363610348322224,0.038482880170965794,0.061445611800569955
2007-12-17,-0.03930894466724999,-0.05187045695380499,-0.023717877836541668,-0.03372160285281889,-0.03922204486688108,-0.010254750869799878,-0.08036867760570421,-0.023022521627862447,-0.0269124001495038,-0.013333309264426774,-0.018201780685394353,-0.058683720721335986,-0.07595718249019634,-0.06033597540470925,-0.028480014397479603,-0.053233015870464584,-0.061228121868689755,-0.0581611913061727,-0.07549504881964064,-0.057863749008903786,-0.029644202501648786,-0.004420621537907787,-0.028349535541321358,0.0011430641064906766,-0.035874172651442326,-0.006681592995039343,-0.027344977801733616,-0.019057044755333985,-0.03168366887252272,-0.0770812647940835,-0.0010654282024462614,0.015702671573420313,-0.03136536840730764,-0.04758877028059261,-0.04746980084443264,-0.06302149140968882,-0.047673864084448514,-0.05506987106356975,-0.023164292434862066,-0.046374001300916734,-0.012829279439181107,-0.007772592836709946,-0.08891717414904554,-0.005627744141670443,0.01234191080050695,-0.06230069729419596,-0.025028640957820647,-0.13073419827877586,-0.035592176708314494,-0.018444572759842237
2007-12-18,-0.01713428673819195,0.005747015061609018,-0.012948638760818976,-0.024008401834855975,-0.005578824131950322,-0.03189585204075551,-0.015490799361678742,-0.028113485282612594,-0.007408204104164429,-0.003939504614041245,-0.00880877617510234,-0.013462867512144094,0.016220946728730867,-0.004378230110941295,0.006381664565323852,-0.0130305279210019,-0.0074695112957182674,-0.007719211068555332,0.0028956569253191233,0.00064123267202576,0.005797480725195703,-0.029729663794248462,0.0,-0.03060084140847852,0.020930101471092755,-0.008032275437647174,0.0009086063237053743,-0.006816691781333928,-0.0021998549269944823,0.0,0.0,0.005539494019848323,0.008483394353467455,-0.03409101523121738,0.02141689223043075,-0.012285113445696605,0.010655725271210947,0.0006167969394170747,0.039255012301729675,-0.02411292315295277,-0.01628554250126213,-0.0035287118555066277,0.013436900556465625,0.0,0.010716779045939706,0.004849708553748,0.011367723526193307,0.0,-0.007492681280829361,-0.034000291217193945
2007-12-19,-0.008707415122114148,-0.004615625752424468,-0.00523553620330186,0.022095264688245297,-0.018678154466163832,-0.014741959970750895,-0.017657146076033303,0.006686013147903402,0.01950422245667016,0.013257435301653908,-0.0002067785985085946,0.026119944047297672,-0.012510502721969408,-0.01832151183191355,-0.028163577055250633,0.0032799762342374805,0.00868810729617353,-0.0037640916851664485,-0.0026949918948895313,-0.01637724290029574,0.005310538771533757,0.0038997386578036863,-0.014612723611208023,0.00117790266029405,0.010883205728932976,0.01710507629432101,-0.01755152933916715,-0.009608667521420311,-0.032745422253002254,0.010446268478456311,-0.00873536196229674,-0.0010248579248716139,-0.02879144124549382,0.018512082923604067,0.009677335636776752,0.0012438424540159865,-0.011339131380048717,-0.010862925986772853,0.01624337234134221,0.18378629071225316,0.012374520087051533,0.0012040350060364968,0.016748065778007915,0.03035735206998802,-0.011089490765984866,-0.0033785896479394673,-0.01137210792982224,0.04790620190356587,0.0035705752875929697,-0.01602391425571592
2007-12-20,0.0036426613701572297,0.014517849806669147,-0.006261276628950929,-0.005071185487942054,0.0002882638127232884,-0.005484664006169426,0.03608292385398992,-0.0004010718403979485,0.020351435849024213,0.03424993935732701,0.019845075241578414,0.008471198686037518,-0.0002186446637491013,-0.0100782892904685,-0.012948308596797187,-0.012659530720073864,-6.0406210440788755e-05,0.00377831360398706,0.021038440599065122,0.028159865812807716,0.010822426095344229,0.017956050290712122,-0.004408835955728829,0.0018824065717102378,-0.01602390585989444,0.006717295936609524,-0.007686261729595634,0.0017321530528633389,-0.030216264401247583,0.009971135887456573,-0.013655783508670694,-0.0030783137738491506,-0.011467537762216207,0.009682568098481115,-0.010782629445194702,-0.017080870780653457,-0.006840582449320176,0.007944692797952513,-0.024990393541739597,-0.04656172664783942,0.03088901607948835,-0.014359471987388628,-0.03843523723435305,-0.011485644548650531,0.015935588073510587,-0.015980488701210716,-0.0029356136084831563,0.011757791012235064,-0.015298577898174459,-0.03612595432112231
2007-12-24,0.027601282878578326,0.057946624849076755,0.03375533249350737,0.041857437784663,0.03435667103872375,0.020773982842477334,0.02705346886162019,0.02566230551525228,0.06155823602914179,0.06758894826398776,0.08442291836080806,0.049097148802631274,0.034083401048455864,0.03054314905511757,0.09557524508905568,0.05088735319935456,0.04865017697219587,0.010790317301967223,0.01606783016385216,0.028515112799650355,0.050475053776492196,0.032553352392845625,-0.0033717519660056983,0.016674397448811495,0.00788809969186044,0.0399841377300898,0.001086316128551701,0.0013835150662446782,0.0020005347315512623,0.010132483938111614,0.0005454632624208866,0.009649023228681664,0.026533392216586016,0.013963561138019998,0.014937343748436804,0.024012788202647295,0.008306301868596933,0.009272812225123772,0.005204285474488035,0.09225363566513178,0.045985889343881814,0.007750778666190117,0.011420608968127688,-0.01540783644446253,0.00668068311159864,0.016240012029963058,0.0038812179881480002,0.008370647889019311,0.0012904588690669794,0.006677139244650743
2007-12-26,0.03871202119651884,0.011571611732978715,0.0050644271803343965,0.010738419527353216,0.02796885862821652,0.018568228761886907,0.049755378714787524,0.025276931183932483,-0.00847082950581679,0.0042261188014880435,0.0010277424354936393,0.004833507025953088,0.012677351518509461,0.030368870797334635,0.02176202082950196,0.02568699793237661,0.03291474525390892,0.04021869093618524,0.00520931855674811,0.02970973335131233,0.011830269452983933,0.01825246187878693,0.0028781826376831354,-0.005312794460895609,0.009088568080275028,0.04567057643343331,0.019125668204506896,0.0075996535152484945,0.003743411436508026,0.04413579883612706,0.0033399136932539264,0.025738636528965575,0.013705052132475082,0.016260156383399282,0.040175087634175766,0.008022262629456822,0.03757287215199945,0.002679673537880678,0.0473725928408133,0.0038880196927273403,-0.008578293532007564,-0.0004274401572293973,0.012702964988854593,0.001282229856030881,0.001346773389371947,0.018886345588467135,0.01109229115886734,0.007333889101682978,-0.0033507319044585593,-0.0065228222658952895
2007-12-27,-0.0009151724130695982,-0.018353697363788224,0.022704020376398182,0.023258647515333797,-0.009958096928908255,-0.0149854443220504,-0.012347022082523473,-0.008774397810258128,0.009497426626273064,-0.008471639931086572,0.0260481869613558,0.008569918739114613,0.002294824743346524,0.0071025909447788305,-0.0031624736613007354,0.0010171507138345692,0.013776933130341229,0.006921159423115997,0.011290135228962495,-0.020409525282875096,-0.0009594055274664282,0.004629603146626415,0.002114561244369373,0.007431399853219611,0.018514111628928465,-0.013634488149740775,-0.00298727755552064,0.0006853397094030989,-0.0016909339462642947,-0.00408904927193765,-0.0012903844598524117,-0.00024804792748922555,0.02609115095624337,-0.014040776484573358,0.007265971857710163,-0.020814411160382296,-0.022076264039200377,-0.03214727703688558,-0.0001238517531915173,-0.017895653386650445,-0.01838685876138524,0.003490926150697904,-0.02508731394127095,0.0174227238389566,-0.010181632517573092,-0.014734089259589522,-0.0021100298474762136,0.04336368175096261,0.019292462403564414,-0.012172351913682378
2007-12-28,0.00034565649849960245,-0.024860302836557158,-0.008708210461793597,-0.01647627665649143,0.0005892708221026943,0.0200230755057742,0.041496770804159366,-0.0003728432758206557,-0.025748181194713782,-0.003412353082963615,-0.0393995155312068,-0.017515071781851965,0.004995722877191078,0.007757602657630924,-0.010449399635073298,0.009929270779467592,0.029002423495213092,0.007821728100511516,0.02507292796723659,-0.010044168686302868,0.003180980701838809,0.02510507404265727,-0.008641579696436308,-0.0025358901039120862,0.01473810090008798,0.013592585613326102,0.007532025194001424,0.02124039977158043,0.006724626182653237,0.054464721770938196,-0.003027145620945526,-0.0023608989462384766,0.05374489604017807,0.030137291107374287,-0.014426724682294445,0.023132186577899283,0.04435641827721937,0.08986190170026331,0.017426999371473295,0.015026172175276464,0.034786769871441026,-0.006886490509862342,0.02001444930726337,-0.018886654487295873,-0.01261535761390431,0.018331267396074935,-0.0013213247461687505,0.012038790237730579,-0.005581871859215215,-0.015084739974842942
2007-12-31,-0.004197036736299564,0.058423580013679866,-0.0006934040787638374,0.009782379508304517,-0.0026918093001065957,-0.005227981163285711,0.004104581855020717,0.002803369946293488,-0.004389394376055011,-0.014669289283517628,-0.004167980010274075,0.009219785918592072,0.03935382215819594,0.007347876142752341,0.025080255137236662,0.00239967722487755,0.004348352750585871,0.010583188646594133,0.01606866811505725,0.01720707056584736,0.031349214782072865,0.05732374079545499,0.0080073391226545,-0.012248533442062448,0.014040322007942807,-0.00031817849937432197,0.008384107079862257,-0.013418504123170472,0.014101415998860611,0.007599769636434717,0.005356132626500143,0.012454512751447044,0.008226408151762232,0.06558452396632264,-0.017719781485505903,0.00947157260007736,-0.00018945212190191185,0.010714136090128834,0.003522949487513749,0.024114263499719568,0.002890319105265382,-0.004361085218617,0.01401563671065853,0.029773805170061562,0.03341520058688574,0.01705364869196968,0.00042355436729235585,-0.0002271857209250605,0.03434209808104938,0.016605060945531935
2008-01-01,-0.011950613098979934,-0.028903972820234825,0.00023132895332889092,-0.008032834591313098,0.005208286625641545,0.00216406346412934,-0.0043961398460877765,-0.005075055909413706,-0.021208577185063526,-0.013023244587378247,-0.018358025182956372,0.01046898432760468,0.026105944450609764,0.018409040895147166,-0.0011041105904900927,-0.0023746132973707645,-0.0033675309365126527,0.003025457486855343,-0.012124228246330304,0.02756444670697289,0.003654340654026811,0.05013414534636684,-0.002966263676655312,0.02222748393753382,0.03891129957254558,0.03142190435828951,0.028056525267619037,0.010200703468737249,0.003463970307045594,-0.002467513087870299,0.0006108212432391902,0.013778051507203015,0.03383382443325145,0.03831645056444333,0.01215692343055541,0.015738654640804706,0.015930117359803653,-0.0001436150795451896,0.024815034476723508,0.0009155183788811527,-0.023054968239851537,0.003015861802468045,0.004837284660342833,0.0019945147341446923,0.11906769232480907,0.029342909302313425,0.016082116836623195,-0.00015181896164107034,-0.02111492050905517,0.005892438895247709
2008-01-02,0.004739682823485136,-0.0013951279934567573,-0.008210481797778502,0.03133268306952064,0.016719235022097045,0.06385259735952764,0.08199715588388634,-0.0019051978369265532,-0.004314917857199618,0.000830109089114961,-0.009011615211569457,0.015441256108017054,-0.0013593931387373415,-0.005457133825038429,-0.020441806320418587,-0.012734033160163749,0.0013945946635294248,0.00858479684604041,-0.0044469588192550535,0.0409261520104387,-0.01017223673629486,-0.00048570484114407453,0.00554710608575304,-0.012131179893442923,0.016084532094784887,0.001939816069535194,-0.005285225977127994,-0.004039065802051045,-0.005153697795682866,0.011761787447232885,0.01003824180289059,0.016988302038791314,0.02115118344006839,0.1465930239498725,0.008136268664757473,0.036948549621677707,-0.00802713910918651,-0.0021488766625801237,0.008622772961869973,-0.018754714081690382,-0.02390886841805273,0.0004295969432341895,-0.008940787431684583,0.024875213854174127,0.0017851302455984541,0.018099729757223404,-0.001484070562141615,-0.011596898746145667,0.0006552246126581007,0.016942665081217223
2008-01-03,0.014658966308330967,-0.017749199995516718,-0.012184590215095326,-0.030222871332811097,-0.011595647545664778,0.0011599117476812637,-0.03543960441228089,-0.020177170586652027,-0.037094916787525856,-0.022450344458674776,-0.02962762214564596,0.028797718299541142,0.07390110870844002,0.041152491842719296,0.01278428696044398,-0.01923001049571993,-0.007926684857875843,-0.020244096356754837,-0.03287474366470933,-0.002457515457912396,-0.028436213461489945,0.03817216294644998,-0.023920738551567844,0.03266958457644353,-0.030076898633835558,0.0024201752959929212,-0.03790304505139119,-0.01993917575746229,-0.015737485417732677,0.0064125396762904074,0.015411301180013659,0.049755203739304976,0.014839061839773349,0.02559554274758269,-0.01537261380930055,-0.0020115199126923278,0.04008308098657065,0.007752832049924496,-0.012881964975613447,-0.04388624409384689,-0.01383882280526072,0.016100159208077613,-0.00902171072278879,0.013106892405794435,-0.030115523833870506,0.052444431885614096,-0.009228827373790716,0.029332944305066277,-0.0057921032082038915,-0.009405942882387719
2008-01-04,0.03075366314979866,-0.0007900668614846396,0.001180332140070739,0.04666589825716594,-0.002692717234759945,0.018390621893517922,0.023195398818208757,0.047843855362228016,-0.005785975062959525,-0.008279718504351385,0.000906888574115472,0.028604772398222345,-0.0168414012032575,-0.005270114934158188,0.0,0.01706858851951054,0.005614636081475055,0.03263708523058528,0.014594627789582315,-0.012569541033179754,-0.009856365054325855,0.017011177978056624,-0.009299284315387069,0.041282887692796644,0.022849304781012325,0.0016240641279732237,-0.002442019452437383,-0.011379136623532848,-0.007249618912880784,0.01984755515511316,-0.004926928500377015,0.04069107677216488,-0.02213642721861675,-0.013960950088969803,0.02654160950695217,0.010077753360048014,-0.01899747780559391,-0.007764764947050806,-0.009016604253544114,0.0036218284658289246,0.016290510362711785,-0.013239357420169906,-0.00630249115424919,-0.011739302736447854,-0.0011373469330386854,-0.009712885685782546,0.030628972009336675,-0.005475884637997974,-0.009827726013262983,-0.0034963601258872767
2008-01-07,0.009104875557563785,-0.01191537533844056,-0.02416880025907686,0.059278549106653866,0.005902534926129244,0.033415556651866574,0.006456265668463912,0.008025729431637485,-0.029446878642210517,-0.03424972561929496,-0.028591406730297475,-0.03290911092739823,-0.009762883302906977,-0.008278003612175344,-0.03220705097044696,-0.014345605156233177,-0.005959039325555415,-0.008640521146616176,-0.014202460929190086,0.004797674993358481,-0.01207914224493245,-0.012153746431429968,-0.00041510552259171885,0.0221937909240717,0.05447925063949732,0.06266982261345033,-0.021241883839537512,-0.005581044025730897,0.002200890331143235,0.022158444762591545,0.012195867924968518,0.06323734603613196,-0.02647976633131377,0.006264914766215046,-0.005703381001319507,-0.0025655304108203048,-0.021025462280784724,-0.0007177378493571362,-0.02095024406322621,-0.04059963685597334,-0.0499920575400965,0.0019979681133928118,0.09161402484482717,-0.014060747170867138,-0.020139656144256834,0.01663109491584236,0.03398280340163384,-0.026781016626911014,0.011408933231431106,0.00446897685188552
2008-01-08,0.0113895489110456,0.041459881194109816,0.0364566297419624,-0.01658648449925504,0.025656384020744882,-0.022382215872768896,-0.04270569885114017,0.012736323221158585,0.012555969931140831,0.01551750608761604,0.01440552777863724,0.016937098227786995,-0.014508541465984681,-0.03405681163300345,0.0069052048716569114,-0.005064039505458973,-0.03726504122452001,-0.041743112033325924,-0.027151867998219892,-0.013369002738654046,0.01996822609897131,-0.02783711537690925,-0.02485049379217885,-0.002529628357676783,-0.0012971863211600487,0.029528273999320342,-0.033214997429313775,-0.003858138752827589,-0.01651953966970232,0.011036866273418156,0.006467527731877087,-0.025064168516305663,-0.034986589904052456,-0.025152750900964693,-0.03288716181105911,-0.038296466107835214,-0.04012837230255539,-0.032114591990253794,-0.05441454046067762,-0.011357098304188185,0.005178809911261073,-0.01481488289095545,-0.06714002379373607,-0.03983279745813273,-0.02126927175879978,-0.032718159466584296,-0.01056844211037311,-0.029134551186084656,-0.017148018201633586,0.0034931165260903008
2008-01-09,-0.006874785949387063,-0.0017932660346474671,0.016814676876810486,-0.023881422295381594,-0.004077848398799877,0.028008517219316076,-0.023227769415289812,0.001210561502131391,0.008553871621387543,-0.005594843491879553,0.0028606428728736866,-0.014838300986623754,0.04624373005226423,-0.01590071845935903,-0.009429938259033599,-0.025028444799900962,0.002804815841045638,0.014600327974498395,-0.007784358828605731,-0.006065176222389668,-0.025540623149977404,0.0011504890588149852,-0.016013970076313,-0.010988821010021299,-0.012770456040964051,-0.03629201854587638,0.016200355130752575,-0.00070436462187351,-0.015528160614449393,0.01791854952121308,0.011285881107227835,-0.02191569034540075,0.02243822517794447,-0.02465173861501213,-0.019375296857158775,-0.003566236178961679,0.01746842555202055,-0.010243252118398383,-0.03413932286949184,0.0009514042156408831,-0.002493050019296894,-0.004915875384887247,-0.013148964501079274,-0.025864162089569098,-0.01771357936925244,-0.03035551241711143,0.021063226359639087,-0.028779791672966293,-0.012094804424140793,-0.014033050164351302
2008-01-10,-0.0019281850961538893,-0.0068778385396734976,-0.012954166712417337,0.03685161360090716,-0.018292698522866302,-0.00588726750266344,-0.034494541391691946,-0.03028049697143176,-0.014704180416880819,-0.030491023842255327,-0.006316098510491974,-0.005494918700109652,-0.04077198159518436,-0.023884747818981422,-0.06153790246022384,0.0007603717289326184,-0.04436128359014602,-0.05024758902575566,-0.04764624364130421,-0.027265798173277567,-0.004636409827944221,-0.042168094561194525,-0.01681556133483797,-0.02329052910268714,-0.03617651177046943,-0.025480193621410407,-0.0245208733462845,-0.003875663714621669,-0.032113427477556744,-0.023584776300127452,0.0019030622590745505,-0.004201167175654552,-0.03978354149864005,-0.0425615659464007,-0.05887090372224113,-0.02803466245106334,-0.03375786628120725,-0.035998247108564585,-0.008167298504948461,-0.01483937064867491,-0.012995892862850411,-0.007119746611798372,-0.06802235512342325,-0.0152469449577749,-0.040063317835321466,-0.04517003707831946,-0.020311072837592148,-0.016693810951842525,-0.03615523749606797,-0.00988494118137695
2008-01-11,0.03296119149614296,-0.0026875779707552505,0.02470953685003563,0.058142251102289766,0.010457947883226293,0.07400262957698356,-0.015089334380382069,-0.008156538809373726,0.008251525194183706,-0.012979179741988034,0.002357959202120341,0.006143316149170186,0.024073664245036985,0.01511360552456198,0.03709007440972867,-0.00030802776970750845,-0.000994834776532172,0.003973888856201757,0.004420460825783179,0.01855327569240095,-0.03732450338834492,-0.028261074184609436,-0.01044877692036461,-0.02122101892480477,0.0029575213083044005,-0.012838725161804287,0.0023579386427252658,-0.019809261090707242,-0.042765102976973446,0.044851775724559007,0.036282479236936505,-0.011358546286313276,-0.001013393270082319,0.0132677102861265,0.06683816397942977,-0.004602724361978061,0.04172468347378877,-0.003111743652317811,-0.01484869177478565,0.0020035231694428557,-0.024645003355283857,-0.03226998096457134,-0.0037623042107870486,-0.011745782522760151,0.0018402277364020225,0.00187348363131834,0.005463501380503777,-0.002822838687038365,-0.017836832314642614,-0.005854723990932342
2008-01-14,0.029815026407242318,-0.059594613230032345,0.010540991066495975,-0.017421652535217547,0.01162346288299565,0.08412070022246576,0.03781466893442231,-0.0018436073225059912,-0.028895882740489487,-0.0330331032072666,-0.056663736771413564,-0.01013737893940303,0.0455463489442669,0.015242575758090293,0.005334955888818715,0.01684619345147098,-0.01769616446895661,-0.0027213501146522434,-0.006801619749079335,0.0032759230029504316,-0.02296623507870965,0.05055217389599442,-0.04029120548351739,-0.020786889109405737,0.018371482283910945,-0.02860319160652003,-0.0168961259596907,-0.0036086864181477107,-0.024646659131813298,0.01139132978767643,-0.006058037504075409,0.02855889484956986,0.05488542879256286,0.010529027532903301,-0.00803234556861876,0.01633785615627259,0.025297371277436698,-0.00039026869105796,0.0006852105194685709,0.0,-0.017307063399442546,0.06555758141198798,0.01737175648095768,0.02106923669713301,0.02580704152393154,0.04628367581428794,-0.004869378383322354,0.024060472212382944,0.03087323825010113,0.009777927606100523
2008-01-15,-0.017169192226745955,-0.05460950103887141,0.0032527940578457315,-0.040992815093753965,-0.01609792791726894,-0.05646033315069421,-0.011794239894067027,-0.025748236583793882,-0.02200523020659395,-0.01791385257702105,-0.002276490767500805,-0.009038588675812309,-0.03741437262718894,-0.030377074995816322,-0.030169181367155073,-0.022446204200154973,0.016582923386528003,-0.019350034600619348,-0.024974669860124088,0.004441208737401281,-0.029250461964698604,0.010740543367322442,0.009149308635928222,-0.010271538808174219,-0.036302851593277286,-0.021795498984049644,-0.010218594658191638,-0.0061573808295952714,-0.008042963800638736,-0.025093253707890395,-0.010376951171318316,-0.009361424993593714,-0.012499851616196378,-0.026449368398106854,-0.02307678533892288,0.003943002319508171,-0.04018703451144234,-0.007416683494364085,0.012049931768599365,0.010737454046559236,-0.02465675763176811,0.002199892733196762,-0.03192289041825258,-0.015343647777627867,-0.027513653880388178,-0.01787327504134628,-0.0180256831383675,-0.015365145439626526,-0.02172733940841065,-0.010917177014097668
2008-01-16,-0.022713267376303747,0.00903470700651221,-0.06439531844739133,0.01190652815852955,-0.0032598778644683524,-0.03330395567433897,-0.017230515221888343,-0.020803514243605936,0.005266081036771286,-0.004527400240247115,-0.008259165238807431,-0.018125203592697092,-0.05675177765412964,-0.02052582175074169,-0.0007094605759934147,-0.04598548892737753,-0.04001860332534446,-0.032886510231377564,0.01466613906116132,-0.02477255003287715,0.004625140233651459,-0.05710433600648912,-0.027141508507427137,-0.009686149238832042,-0.03420390134093765,-0.012186239530052156,-0.0066597130786276715,-0.00327950004987021,-0.014088541129687604,-0.04391763629262946,-0.01904506639315251,-0.021692487202539024,-0.0023802665695126235,-0.029226038208885807,0.01740583414274144,0.041692013154680296,-0.012463579208309872,-0.015651988994066945,-0.028819065872668692,-0.02901302294518915,-0.028349801235127314,-0.002832394455200671,-0.02070541961350114,-0.021493882619886273,0.010561092440095177,-0.02274788898942237,-0.021747453630149405,-0.054535083299600995,-0.04534782295629114,-0.00971446128456166
2008-01-17,-0.03138702900083068,0.007393940487576023,-0.018013503985518486,-0.03376438528921377,0.000331329705250738,0.004625118757052515,0.015361142786179283,0.026336839319705874,-0.02354668147259098,-0.0032770724918446126,0.013696877107693739,-0.002591524112298349,-0.011414254073153662,0.026838429872238834,0.00861920979360109,0.01893414015539796,-0.008863084123541976,-0.0002615114353966552,-0.005293034327123247,-0.01773433090276233,0.024306125161961623,0.01349644327035815,0.020172087746307188,0.013274271609537758,0.04211532412551122,0.0005064441661370989,0.02228685520982343,-0.04131656745249124,0.0031494219151939618,-0.03762779619765133,-0.001641968805543459,0.05620156612735472,0.008133626865797883,-0.006643101804942653,-0.0024441980089193738,-0.04669384919014219,-0.007888138386662802,0.005593234584135187,0.000557706041030448,-0.006564525706130087,-0.0050174920596779415,-0.009941233545805117,0.018794177956614755,0.007688122708278122,-0.013231151309548883,0.009311197080335232,0.04060480623045315,0.010654191841743321,0.019377946909578503,0.001335887511537015
2008-01-18,-0.0657254620584814,0.0012617370569714126,-0.04417139447132612,-0.06209824755993709,-0.022347793029093732,-0.04242493405360903,-0.10764367760806315,-0.03501877298458922,-0.021133249194089432,-0.014761288997539368,-0.01772766858732333,-0.03109880769485962,-0.0637964877588637,-0.046544926236529505,-0.04192258671093663,-0.019942917768349,-0.03484418488464125,-0.0313972896217144,-0.042570594793279626,-0.030340087054104292,-0.038204753444383344,-0.014837532768735118,-0.026364536482947565,-0.016777694257828824,-0.02342130778605045,-0.04301820716434657,-0.0013026624686574007,0.00877186452310541,0.007035344083542228,0.0,0.0,-0.04468919787168435,-0.05550765645040434,-0.09504845663859718,-0.048591318294352925,-0.10130820932845919,-0.08129562850239302,0.03138674146310083,-0.05444207957344427,-0.02179882829128299,0.0,-0.0016491010109072057,-0.06149145418064117,-0.033514984169655926,-0.047804214128825295,-0.061808115808675845,-0.025646435881700236,-0.050721567944875146,-0.012336600327069402,-0.041779513210449926
2008-01-21,-0.09244194773383141,-0.050455333933491775,-0.040674588858300775,-0.053870944609370364,-0.07035352415713259,-0.04682084974425138,-0.1445942024553577,-0.06158692912319341,-0.07988253215868124,-0.05264197124841097,-0.032684091194806086,-0.07871605558466932,-0.13963219039120045,-0.1701090404839618,-0.11605441499834956,-0.08738291609156601,-0.0778275805227121,-0.09967552601543228,-0.1299702431342572,-0.0849083497240043,-0.08294949736281032,-0.14961579662277602,-0.046080594079581205,-0.0666199963090014,-0.05078786107978117,0.0053845052344683175,-0.09724288282173599,-0.03742886291840042,-0.14907611132003518,-0.16765921628861158,-0.046730039856802574,-0.03557437471616398,-0.12266513055994521,-0.11116349775299661,-0.15922737585160662,-0.20514545854741573,-0.09498082901864702,-0.07087835076587767,-0.09866003024031489,-0.1441881166673853,-0.06929381173830929,-0.07614979853126302,-0.2039310756756061,-0.1336340865069564,-0.07020391546284199,-0.22025593917215436,-0.06153593462254758,-0.11632981000306719,-0.09072859408446532,-0.0821498433490726
2008-01-22,-0.07216202222712931,0.016224419225299602,-0.05354672183096332,-0.04112691478594743,-0.026751496266066432,-0.08112954621578339,0.049392933817794527,-0.008589035598344008,-0.037062079143396987,-0.007332417293000715,-0.017178703389220007,-0.14088033710753178,-0.045675404400438824,-0.10045259215051194,-0.033357092970859314,-0.052201222641706346,-0.07060692763760523,-0.10471046217125057,-0.04889421626148904,-0.004207235490347183,-0.08588127830916248,-0.12655823332205496,0.004793172297449022,-0.07813657681544794,-0.09388147611656095,-0.09143072376627892,-0.04922512026191894,-0.0856245360376866,-0.024358749029838478,-0.03865559914670147,0.005683971551181832,-0.08516643510323085,-0.050889204649869346,-0.11940559875367607,-0.1750893403048639,-0.14310057294180634,-0.16567041916039837,-0.12645110082952848,-0.07074000249625478,-0.04608935085561627,-0.07746311866703626,-0.07807133355128437,-0.10082316203882447,-0.1353725805882514,-0.07748029762346609,-0.1986127251976424,-0.02618454166708728,-0.08709308821991091,-0.05738362098256111,0.028822583064782803
2008-01-23,0.08197405694773274,0.0066472173686429326,0.07564499038982797,0.02355668131139499,0.08718536063184557,0.042171032090931426,0.09136735547423913,0.023602769602887097,0.09369743679164588,0.029763274650231653,-0.0012735016363596419,0.03372442866506131,0.12830955928432997,0.11167014798103847,0.093945784758384,0.07752314957558504,0.04160138007281611,0.0737263989676833,0.12735735584790953,0.012213870388761539,0.03853052840722193,0.1616165453241596,0.02366646887406665,0.03558808830878668,0.065336378105606,0.055421189687659966,0.05996600673289132,0.011168339104666636,0.04388337136833664,0.05595955327272195,-0.034480718348189554,0.018742580390831876,0.11858837829611057,0.10184797845163374,0.13613858354788944,0.17495057083339405,0.09025796634431793,0.08125291628548181,0.06417022303896824,0.052596333660655414,0.05486022664866108,0.02142362150622512,0.07551472447742702,0.14000738481889208,0.13109679916943806,0.1557823392637454,0.00298138563001471,0.09139615630924136,0.08657921968453164,0.16859757244462448
2008-01-24,-0.024228751626646394,0.004362919570805701,-0.015577355585934871,-0.017021998407072303,0.00834858467545141,-0.01329117564651372,-0.04602691570248829,-0.05919265564293974,-0.03291446831848677,0.0003871553253058657,-0.04705572499612043,-0.044725386744936535,-0.08145290902773605,0.002262293802735682,-0.08846001530382319,-0.024742307693843335,-0.03979671854540667,-0.06304614056123392,-0.0806600386549382,-0.0004553924089276684,-0.011682553970408072,-0.04167165836223996,-0.045270335175841,-0.023347375353416022,-0.0377217637854429,0.013464283880430195,-0.04919072087366838,-0.01529311097616226,0.004663474633854969,-0.02677023976668924,0.01567860593669379,-0.013798042787841025,-0.008682116302264231,0.0032819444625367122,-0.059368212039960566,-0.05837568139356286,-0.026281404364200345,-0.05188287127154401,-0.02246824877888709,-0.06126322650232019,-0.04202172270420168,0.07068514105427393,-0.08085085034358341,-0.011554962421132187,-0.02040391751822057,-0.06058538824975079,-0.06390914374280587,-0.09992239195479535,-0.03237212589427396,-0.06478227528394487
2008-01-25,0.05082575384114274,0.07437637157254451,0.06491704044822844,0.11437014494191855,0.027420454020005813,0.0953400384926657,0.03300415919707267,0.10296803630555806,0.04903590257541812,0.06839754133999487,0.05071739426390676,0.07278934677898219,0.09457143468110751,0.05146735479531994,0.04236455758605473,0.03319808360009713,0.06604551045744889,0.1572284758339162,0.1500498679614808,0.07880930429039124,0.07523927636537153,0.04360812355722388,0.05698899141219793,0.07520820733467404,0.05840018341984132,0.030310623141790227,0.04903189124321017,0.011648057427193992,0.03779857653950347,0.05838102273612278,0.014681324802872986,-0.017673224437741997,0.03688179929434243,0.05560583324511614,0.139548459023346,0.09568708283315974,0.04858312596585468,0.04870363411796452,0.08754437216942468,0.06728282673868136,0.08447269541858282,0.0661732698790698,0.03587952510547887,0.051436271645074694,0.05293101165665259,0.11739143615326908,0.06488721117605545,0.12123827861332592,0.09935751838777307,0.011101520863122216
2008-01-28,-0.018735161931361044,-0.050267761042360415,-0.011346449904887201,0.010029380751517936,0.01845424441144039,0.039808740617162774,0.002482419565481342,-0.012908925334324417,-0.03425245217331263,-0.048359825261976574,-0.05452037864420489,-0.015794320404081352,-0.04578116153330247,0.010734144337882778,0.04288789875017063,-0.03386376683934367,-0.025662587167231465,0.0,-0.06025153741913769,0.0032376178271769085,0.024364890395045746,0.015346696722262632,0.037183552921882024,-0.001249220251057226,-0.011085629845432265,0.07660317143970996,-0.02170978587936656,-0.016630882129053615,0.02012759266433717,-0.05441805076433981,-0.021061269489202616,-0.030110162024190257,0.019391189204979842,0.044758214305730126,0.015752109745781118,0.03567049935942501,0.004375736696879073,-0.011125067232462982,0.037762259281411525,-0.04951310430189548,-0.03364014403849658,0.006438040645294407,-0.020111740525920907,-0.02096561781809625,0.003466860385237691,0.0012971454224537382,-0.020001727515844614,-0.0307842669781756,0.02871230126848534,-0.003088037083185724
2008-01-29,0.004090931801385755,-0.021343966463525987,-0.033234664435122796,-0.041995375899408494,-0.03572735684959294,0.004161407181249244,-0.0020634656334374,-0.017749295584157943,0.015685330743011372,0.031977010732588296,0.010039449541007217,0.019647274379960056,-0.004938893187664495,-0.016567432177938768,-0.008269937323259424,-0.01903171106512902,0.026553735605055806,0.033391078388912865,-0.002306163582752596,0.004279397023182696,0.01747654182310754,0.02713602107290969,-0.001965868712318408,0.04477267432141807,0.025222631260309436,-0.017167291204241097,0.021144421637832478,0.016912146036333287,-0.006576821961315815,-0.00903078293290116,-0.0063198511771984656,-0.00025745362363627233,-0.04843054795281421,-0.05997701605154604,0.013006252219484038,-0.020190185664080373,0.010251459794968554,0.0005358269801130078,0.031596405708306685,-0.002182227405551518,0.05656895980354326,-0.0103498942667557,-0.002280309590238394,0.01395209628042915,0.0028453864798263506,-0.0025907653192238644,0.018744862920823335,0.036307159907430275,-0.03013952089074956,-0.005506975151088778
2008-01-30,-0.04074623900235763,0.011110367149617106,-0.0028622308756496295,-0.027080192591543484,-0.0030259671599560667,-0.039652798658155075,-0.042781159775174715,-0.017685957559539944,0.0024778857393890075,0.0004357299288284544,0.0027876229659937746,-0.05054946052185838,-0.04703388485210347,-0.05529140193677595,-0.02935824893992478,0.019717787343849213,0.011325498857109872,-0.018105951538517795,0.01502558360337991,-0.02633428454700726,-0.014895556799685794,0.003964778494470078,0.0,-0.06224598877283327,-0.009194710650984539,0.06517440522316864,-0.009245166291383722,0.014925056536406967,0.007692079773891525,0.0,0.0015639712209778445,0.04548392677865887,-0.04488606254353655,-0.022962257000808783,-0.06617260507689582,-0.06747466314845318,-0.007103101719084903,-0.0006244930548514604,-0.04296704687786057,-0.056675706679172766,-0.010590681192599427,0.0025418486656290096,-0.0537143776720761,-0.02240011061909941,-0.02725706472054057,-0.0636362285214146,-0.02223200911419343,0.026824019138810273,0.01074183068022605,-0.005190775012368198
2008-01-31,0.0028317561097961352,-0.001337094697453245,0.02387556398924917,-0.03402386454568518,-0.025450216419717342,0.018214928025709787,-0.012433183314940477,-0.016345507263278547,0.004483256013410708,0.00388403797900172,0.021999405512824755,0.02199855266793005,-0.027529542897768988,-0.06538667831875233,-0.04119118982499459,-0.015106136974918583,0.02115298130532972,-0.0697873368060814,-0.021635391835759132,0.0035870470262286958,-0.03798312196604925,-0.029466565880178597,-0.01483210979713201,0.0658668785388774,-0.019061928959293373,0.056059325239919966,-0.01460633802800515,0.01470619230143444,-0.03879370975946217,-0.08382851887483334,0.0038514513464416034,0.0340152029504841,-0.0006416627838808919,0.04126299554143231,0.001586232051825176,-0.028596220114391224,-0.02682698807296524,0.003303701839046491,-0.06870929746590848,0.048084740749015475,-0.0420217703306448,0.0034772323847489517,-0.03985499033656281,0.04091649284349819,0.03437504705588612,-0.01178920175009135,-0.03619607609068498,-0.03695024548166437,-0.007217545155628224,-0.027754129384818693
2008-02-01,0.025757233011919345,0.05891599732428898,0.000923754635988594,0.0445945786655666,0.007959008860642491,-0.03180759822702073,-0.05439438170705402,0.020579574363706277,0.06380572555333885,0.0637400770295593,0.04092259588746883,0.05694530740488868,0.04896697833075092,0.03473605653254297,0.03105465887879033,0.0022813657083140537,0.05124573527701304,0.08325725378394555,0.05894797159006604,0.07727498182662651,0.009250097986881034,0.04968911585687685,0.06533760322572224,-0.004071933342048917,0.04909228042395153,-0.0611081095077991,0.022310604891464303,-0.016149175311704567,-0.01588277602125565,0.0053132437114122855,-0.015831262079970876,0.0027414160905665508,0.04908100602102117,0.017918787753155474,-0.014255296375507487,0.01873332932270988,-0.0020999531273020455,-0.0024029031070026408,-0.05293160641288641,0.016639385412624108,0.10055895432592998,0.05161694573914444,0.01383644829181696,-0.009119588352204056,-0.008660746628930127,0.038596473694411326,-0.027149790411043262,0.06729904319536906,0.007212586930232634,0.011131973759826552
2008-02-04,0.019054405343144287,0.014899054808654943,-0.015022161396448186,0.011768185111924234,0.040785545657617606,0.0035015004569696195,0.014085076807132113,0.024208089072095484,0.04965070382127079,0.028502778013004715,0.055561847752994,0.006310155212780222,0.057403499904636224,0.051536645826814276,0.021547385882152437,-0.002953881417904647,0.033099121772504514,0.007038353891587912,0.021956095408537823,0.02189762448411736,0.040462264331579734,0.047560683656650005,-0.009274107960421274,0.02573393509340005,-0.0017060932609316293,0.022264812252107857,0.006711117341154482,0.04377113240309316,0.015014792875376104,0.08677467653952009,0.041865874692627036,0.007369427029599862,0.020820851102861138,0.0785373638053759,0.09373312032139092,0.05341495583223743,-0.007893040196492618,0.003033254379288808,0.06895954084719791,0.013055567751182329,0.04568499879379995,0.05505629572283599,0.0111660790249557,0.011107451258376644,-0.004469734219448407,0.04391905592278689,0.010910704607759447,0.11321030519313924,0.017959590317614182,0.031456523367166644
2008-02-05,0.009995355224481361,0.013000999106734579,-0.022715742483140344,-0.017281936931770048,-0.019879450284692624,-0.02686049123254186,-0.01845176638948931,0.011621008226480711,-0.021114597050671313,-0.018749818795278483,-0.019052634039138594,0.021092501141446007,0.03867637704339799,0.0310250476932441,-0.015266182603043688,0.013404991214371886,0.018575175678439804,0.01928984907206166,0.00976558496697666,-0.020779162204363377,-0.026713538296762374,0.030563673499014232,-0.027581174520840746,-0.019929929267571866,0.005615433309808182,0.017014617963412748,-0.020015890363378253,-0.008871028894126165,0.0018900328058819582,0.006672698723811266,-0.00829308009851415,-0.0202951297724272,0.002399106343461632,-0.01883226654382808,0.08080322002673235,0.024106440677908347,0.027844064242436906,-0.003646914160184589,-0.00868717845632605,-0.01111294387110584,-0.003955329411909458,-0.05231340904315929,-0.0012268320741013472,0.016008023139191252,-0.005101848645728602,0.02588989305876166,0.007935606731641842,0.018403679884151813,-0.00027909895994460143,-0.00739550146759238
2008-02-06,-0.024684260022523885,-0.03823507395357528,-0.008034146137949172,-0.03294727604725578,-0.02066421436209287,0.023544271174799736,-0.045085963147843744,-0.018994831491159325,-0.05125389450014184,-0.06173470594922692,-0.06737636145266379,-0.0432673554128602,-0.027366276722767924,-0.008722264433293825,0.033846065619039134,-0.027390116332803305,-0.02227488930264576,-0.0545801851181249,-0.04857096352261203,-0.023938821173366653,-0.022884256497734734,-0.01657225468553869,-0.04624108315075259,-0.023205844657393282,-0.02889082649168706,-0.007111330087877121,-0.028671756085142275,-0.023189517322739106,-0.004943390005099357,-0.022806179047240804,-0.01957970564520728,-0.04227359317951085,-0.033393040637964555,-0.019033822453661697,-0.02129582916488948,-0.01785719187993795,-0.010836025109860481,0.012587031577799612,-0.002434177844013896,-0.04551887799059162,-0.043321572576319745,-0.014898570214464835,0.001228339039833326,-0.001235895276918586,-0.01292308693807065,0.008832959266388052,-0.023980611270759677,-0.032732330914757135,-0.03395486922470459,-0.0030340338321088733
2008-02-07,-0.04977422750953153,-0.03864351335173877,-0.005533072376415316,-0.039885418759929125,-0.012440104505703098,-0.04605158300465462,-0.022877417025864766,-0.0393333321733228,-0.02985295721213288,-0.0182785194045626,-0.034357169095375895,-0.04104304149547289,-0.04820150163159842,-0.047074183232226896,-0.02793041953707054,-0.004410429130697002,-0.0338616127277378,-0.05860178665102478,-0.04856536434566683,-0.0283308943960644,-0.007455501816124643,-0.005301166570728211,-0.03875036409101473,-0.020328014695655372,-0.039499969629367304,-0.05564079081341455,-0.0243129501864221,-0.01832582381502179,0.010132084753098791,-0.02678809941022886,-0.013279179311548317,-0.008803140073034066,-0.025507571806954843,0.005869703021682771,-0.05000015536089497,-0.020661033820791985,-0.03938404776926396,-0.012342141181512,-0.025378291366294214,-0.060947805823285406,-0.0784903593514098,-0.014845561421070075,-0.012269840399609433,-0.02443590635545223,-0.005091473118637113,-0.054409210479961945,-0.020551886056541013,-0.002599919889509472,-0.011446656590699988,0.0012710763972929584
2008-02-08,0.0003914880353739214,0.021341810016064278,-0.03341589567575565,-0.029111211467904297,0.017074064417247348,-0.0493380279509521,-0.049759138480643283,-0.029167079363539017,0.0220121165557281,0.047222391205046454,0.028634287288473725,0.010446396217969278,-0.014780459763931497,-0.02585394014111264,0.0016487593823333313,-0.00032171246405499065,-0.026496291286114526,-0.013251517715186512,-0.04582144515473374,-0.0058034243200877356,-0.01972684356282306,-0.058694827999395405,0.0071876494334235375,0.056249606383906636,0.030713405861335197,0.03458866088592938,-0.007071584668438713,-0.009333697356256776,0.0094479016571416,-0.03508553298323003,-0.012825389969144507,-0.022963545501891613,-0.020584590170365957,-0.04490181965183637,-0.028752295399941397,-0.027004252180492294,-0.007602372003099878,-0.02142289732991831,-0.014354886387189403,-0.06637887549584964,0.05384938560554886,0.0005664242336460568,-0.018633626010256088,-0.03741252081140145,-0.0039686672045951,-0.011904594707310423,-0.014041493392621396,-0.02398840195645413,-0.0013448842993092347,-0.06863641156874922
2008-02-11,-0.06157268515428427,-0.0393565797644273,-0.021637602876238504,-0.037294042153530715,-0.06436729048677459,-0.0537794083822658,-0.0710624952854143,-0.0597462760637244,0.008570801824848928,0.003607422631466406,0.0013030248296617142,-0.05470259221821672,-0.06763417795304971,-0.07061613107009646,-0.09334588379079811,-0.05661590556629137,-0.03280779484900431,-0.048719301695816064,-0.08011927916575856,-0.01420627779188044,-0.07283309623195999,-0.1144732543146112,0.009432110462568755,-0.08118303617621625,-0.06363641716855395,-0.024025523864098508,-0.023972040183235177,-0.013704598299147386,-0.053849595105408654,-0.02840359481097221,0.00896954517804427,-0.02129586665186367,-0.053580749722721754,-0.018499636688673937,-0.06372302588461631,-0.06938425718474472,-0.051317969522214346,-0.0005474914414991261,-0.04657068171505929,0.08712361967978755,-0.004468772581133651,-0.027292639665112417,-0.05316442003204602,-0.02733863004602488,-0.02222920948765683,-0.07630561158088978,-0.046180185728117884,-0.011134582142683813,-0.057094533554091664,0.014251427566563502
2008-02-12,0.0210145692419641,0.012497018563341067,-0.002197300752714293,0.032306516410131714,0.0005117464107877723,0.06430315658795771,0.025959379698365925,-0.01511697476285112,-0.04574524085314147,-0.008151681640138686,0.0011827257820695714,-0.004830759301362453,-0.024004266866927804,-0.017848230598011883,0.012577774880661252,-0.013934162111835957,-0.022567681318381716,-0.007550864095408394,0.013794671136756032,-0.009916546236760637,-0.03289064426231203,0.0022017635171955874,-0.0069467640932028285,-0.0007726939545450451,0.000808812260108871,-4.3524009157858146e-05,-0.012307564153073991,-0.01823695132052716,-0.026356951034418707,-0.000566888797853049,-0.03859434177401977,-0.016319497130358185,-0.0056202211973549465,0.0044958143620548174,-0.03965716972363731,-0.046132203348061784,-0.04473666591129144,0.0027381466603197957,-0.0335701913945633,-0.06924131304513492,-0.028493043006036722,-0.017736316961396548,-0.018716717678411432,-0.05215028407445088,0.004718504798826517,-0.011594063481243144,-0.005066428127676215,0.031400388727331086,0.0031052071719821495,-0.004643036236734455
2008-02-13,0.027808157589318316,0.0,0.043228091701940974,0.032372858777624414,0.03182183237773328,-0.023824048237540363,0.031597747858936875,0.0031067439427558963,0.004973046494565869,9.664153826394184e-05,-0.031076152837642423,0.007361619701295563,0.015135492859025046,-0.0145381269571635,0.021385634906091466,0.05628810479503854,0.06729565113787017,-0.010585612336100114,0.061099317231249284,0.030119617862529147,-0.0005177792287744953,0.02547631217050439,0.011823929267809952,-0.007476378344625112,0.0576667891302971,-0.0033864412323953985,0.013312832765956184,0.030517234033132112,0.029088716414753968,0.027233172986634635,-0.003669562757186551,-0.01321854973206904,0.048938595619180125,-0.0029262960448234177,-0.0039060680614642074,0.039081502577027916,-0.07744156644125777,0.02530288620475374,-0.016724774115982055,0.04762450249940153,0.015066234415537005,0.07222645547509199,0.02043625766547863,0.0035727329093229176,-0.004482920509181976,-0.01686197659935207,-0.008734571961510174,-0.016686891683225014,0.00625338431559852,-0.03559873515224554
2008-02-14,0.05325393486916652,0.021308880846456546,0.04627167092211493,0.05450167178872811,0.042293478878844715,0.027094281213406735,0.030926018449958237,0.06831532906775672,0.0055815246884520775,0.0008737161378657987,0.015487949649018784,0.08573878182384509,0.07002088120841155,0.08746068616384006,0.03046618828915859,0.1284742072642857,0.026777225610732813,0.09428288582615751,0.07694254345099405,0.025671638240786665,0.03229960988160685,0.053189021509338685,0.014622028062709402,0.05506453231483821,0.015286512877800362,0.005184151416835814,0.04078411935453241,0.008225254807516125,0.018663548140221975,0.06290258192949638,0.016941914819950776,0.011481897920775364,0.049020939652781204,0.020890594800317297,0.16862718254436904,0.05594728133230675,0.2236237889565622,0.013226499519782164,0.043364487703343224,0.0709036659792679,0.04136126196309542,0.007868213746349717,0.06007986217903949,0.054823628376376776,0.016832876808707598,0.10290811936595023,0.057562621487212695,0.028794361253269507,0.06638760234969965,0.03610686557194143
2008-02-15,0.030674444434182213,0.003990365199136869,0.016792146134118724,0.025003412721821272,0.04021488992770128,0.03644786481870077,0.035342667701708574,0.010509936286535293,-0.0012589428679494752,0.012057732968957291,0.010207459896301563,0.007218631735971481,0.01592445035006884,0.028585095611555644,0.04173275192791337,0.015322334545371463,0.05106649103743188,0.08952043564648049,0.031053039531868887,0.025506250320731727,0.03915362890345708,0.013026565455217298,-0.02020014204389886,0.03963621611996748,0.018067850992610657,-4.3369989617181304e-05,-0.007970624936555204,-0.004293858219231783,0.007633982733812328,0.017783159227892975,0.007242944024650644,0.02162174072278744,0.03232273830776733,0.030441734922016295,0.004793829367790048,0.07569015322622752,0.0,0.006921393094253547,0.034754407321012426,0.011134241874169337,0.043139630916842364,-0.0010960267429052095,0.0075565780445336905,0.0074247230544348675,0.009278797581716347,0.01960806566279638,0.005983546374613402,0.042158521087991785,0.04044548337238263,0.01736243178772412
2008-02-18,-0.015516853812813536,-0.000965222700645807,-0.0034566989065411002,0.01587030169790493,-0.018295603252085568,0.020885689029674692,0.02270223256906223,-0.00829508140859514,-0.02234480311698339,-0.006547903816472189,-0.013195412637733273,-0.010944247035327148,0.0026939710370335046,-0.005651913456897639,0.013431616185082484,-0.02445870869615452,0.0037275550396798085,0.032809748054235977,0.01019007432206509,-0.02547030609464107,0.037919452878290905,0.024714385637677694,-0.007692821623891621,0.028178829199755118,0.03426168763204762,-0.0028168929979022206,-0.011980929615441838,-0.004312195487870429,-0.0030303939026657956,-0.023485454420618335,-0.0007190089777613373,0.02089940612345953,0.037257156445063,0.0034464004487895217,-0.046278409566745005,-0.015728446128822737,0.018709412388608904,0.00861416620082811,0.007098370621193784,-0.022908188692751685,0.005647604057786859,-0.014876174149645371,-0.03249970495790988,0.011055643275799776,-0.011596315438155091,0.010609778967435313,0.02327974368329433,-0.03556980180322289,-0.011756106169780178,0.005152217246180646
2008-02-19,0.00033280008376523895,0.010173228781662047,0.009667018035873998,0.008596270822935015,0.0049476060273057065,-0.012132303910907472,-0.007272731186058867,0.012924369688158688,0.026078542355105316,0.0008681186947632202,-0.006505113970524112,-0.00964572565647337,0.0004886183825985047,-0.01089537813977004,-0.027083213006987572,0.00989728823092273,-0.010045827510875016,-0.02633746409793014,0.03340057598575652,0.009485355099537962,0.021641534243427296,-0.02212095442193074,0.003969208178236094,0.020036758713646297,-0.02097225764034205,-0.033685538083908284,0.024825963497895343,0.004764066296625735,0.04394405776299215,-0.01800853683668857,0.029325100446015107,-0.0016845072789579696,-0.0485550939286602,0.0009813711941117909,0.001000355117457774,-0.013877223324416987,0.03327104135743375,0.02053132161926441,0.038851674271292325,0.005836269088726143,0.02590594677769653,0.01530965840173626,0.009043778876292263,0.007289480199065501,0.013740611430239191,-0.015091607292805564,0.010874955330123948,0.018942707141388793,0.01010009123605915,-0.0006809131603996432
2008-02-20,-0.02761738034898964,-0.02419249541455526,-0.022075139348289974,-0.042533966811114654,-0.024108001986037797,-0.030872217611732644,-0.050352844791653695,-0.02575842647342652,0.01216506499242942,0.007966315875895358,-0.0032740033661501355,-0.007514392908389622,-0.03417927692459488,-0.024904468573016536,-0.016939221744649346,-0.04801547055834976,-0.04981869265765604,-0.012269820367402318,-0.031019426449932053,-0.039680878790174234,-0.03530539530734167,0.03449066206112983,-0.049048591925716756,-0.032964441532983724,-0.016796628589059392,-0.021860553749378564,-0.007515590255809834,0.0004312309509018064,-0.028358088914463453,-0.0356721943335363,-0.010172397645160758,-0.026995104516567725,-0.010083697441123918,-0.06111094006756568,-0.05847063361454896,-0.020042735621744745,-0.004894320695919885,-0.025782285969780494,-0.01390031456399976,-0.026810745805975644,-0.054918072285515374,-0.0152843524093067,-0.024327928509503383,-0.010526624487425362,0.001042632765153595,-0.013990785312140597,-0.024051105077988577,-0.04866134085041596,-0.021332017403346337,-0.008214253592067067
2008-02-21,0.004951648037640366,0.002017874740884329,0.0023743355907508423,-0.02311034728146366,-0.014139017389039332,-0.005367249822383124,-0.03862964239520561,-0.003147533976467609,0.032219755827970875,0.03738311007728545,0.05036505033843608,-0.00219220186226321,0.01314430849392556,0.006876364793803713,-0.03241315420917845,-0.012956616138136035,0.04317441634735486,0.06578232456662292,0.06066702175283023,-0.003167697822114679,0.004880029340608383,0.004060677773464416,-0.008509820283595926,0.028251080969231568,-0.0029709553150814028,-0.03076422640605969,-0.010073095918523345,0.033175229683011453,0.017458942285168977,0.02515187996371049,-0.010983149891747535,0.003467900672745383,-0.06086937710694873,-0.042116471368418784,-0.0031847994835045856,-0.013054716633421948,-0.00077673833960612,-0.01318844037694944,0.004530737621062819,0.01469976636019954,0.06801193451155307,0.012598465623596455,0.04593195419319818,-0.003324161927098057,0.009478335118965564,0.012162249008681902,-0.01042120545954095,0.035165901675860534,0.010614550380344756,-0.0016564572785640053
2008-02-22,-0.0247764722837317,-0.020541941737168168,-0.043190547600288176,-0.03636228107489048,-0.029899715463377663,-0.02967921234385673,-0.023414602578925026,-0.006707395227939172,-0.01541587185982951,-0.028816453397856767,-0.011350605780322542,-0.0028949523532129096,-0.013722551465087274,-0.012682937935840188,-0.030386120888144297,-0.01730358191187642,-0.0013653961203490272,0.017483268471800706,0.007386805314486988,-0.016948096052686656,-0.014567688699543613,0.00827345006864344,0.004193297772200788,-0.01771106306773107,-0.005959709780411382,0.04018621704209169,-0.007827578457278994,-0.01542944094286769,-0.008643787452716767,-0.004368391735296351,-0.004642080148784977,0.0023927626412607594,-0.001984103150752925,0.0016352550092246787,0.00532477479120308,-0.0052911755295784735,-0.041450679672412005,-0.009144461433554296,0.0035082779889215043,-0.017931263361114058,-0.05318364451825808,-0.009348676935121092,-0.00878309131798305,0.0053367464077660465,-0.0012382873452374543,-0.01935953204440688,0.004001113243442989,-0.029969468658666454,0.002078506168384342,0.0008900338697628296
2008-02-25,0.04806000611084604,-0.0010575411635583842,-0.0356440019897587,0.0066377551937102375,0.005724207011927662,-0.014624097722311324,0.02041935110531079,0.016202167153536617,0.00022238636140725632,0.021826582639932646,0.02952218984126498,0.014969789801851041,0.028838809307680346,0.008399223938240441,0.04482379949431392,0.014499150230675273,0.005530293973851741,0.023691741349278983,0.0029334611813862654,0.014079589701317952,-0.002066538652273686,-0.006218553490454637,0.04462681406506008,-0.002773753856910588,0.008493361146882261,0.03534936971008218,0.03971534498444784,0.039390057813330825,0.0572239357585671,0.003185313356985464,0.00010738022540324188,0.03023480834305614,-0.007024505802366243,-0.014692745248648942,-0.0037075455273829494,0.020390124729281922,0.03432403997895839,0.009849934823963347,0.010321558773245698,0.01000616734646198,0.040834636006305436,0.02886504207901419,0.044303803956118326,0.021566100853922077,-0.0038222654219172147,-0.0006804565369098459,0.018937595763893977,-0.0009416151298008435,0.010761697054775698,-0.0019814877880792725
2008-02-26,0.009876694644779693,-0.012820479491773562,0.02331648648611906,0.009710189842125905,-0.0006583786161501459,0.004180451609824498,0.012739539870164185,0.01198303950650259,-0.002609009395410089,0.029532872095673568,0.013313551598751028,0.014798829054962548,0.002458835918925706,0.0039192432714210135,0.019545373634282548,0.044528967523097984,0.0005561257248594131,0.008392642807803385,0.030290580225318164,-0.002408449265927204,0.006769644180919299,0.007146445082156561,0.015926929883862684,0.01923951375563937,-0.0019817115350592163,-0.0035246086896103535,0.04854541458485717,0.0024447452138296466,0.01563969162540846,-0.00029954222808203923,0.0013990805602366319,-0.023684068198358887,0.002402605083580589,0.0011047969083082254,0.0239233609281444,0.013032121590749624,-0.0020902503502256975,-0.00430570388376017,0.02619836625407923,0.028291231571079933,0.04704421457177843,-0.00971129914586688,0.03030307579510505,0.004546824031479879,-0.00165936989683102,0.01702992643276202,0.00854211935546445,-0.01831248822598852,0.011478895475283357,0.00546977442481511
2008-02-27,0.004579848407571863,0.0029190396189360257,-0.0017872651919352833,-0.0008053315628939739,-0.017227875866619335,0.0333577041936306,0.0059928952666952195,0.03280064812462946,-0.02320783297711826,-0.02643069947492016,-0.010331158415805897,0.010305301718130933,-0.005641474887142062,0.058565435911202,0.015070975718962654,0.03756484387777537,0.0032732388192433515,-0.011601480457413271,-0.010746308539515526,0.005254559255877034,0.04485402027825458,0.012279299924963016,0.024099179752435473,0.0018191787510470903,0.0044677279932190395,0.05968475282668306,-0.04888027626642821,-0.002032431956922043,-0.016361280715257553,-0.009528797229447772,-0.005337325361012613,0.0054050864353194505,-0.014514090372710786,-0.013791913037866976,0.03790252439266939,0.014151049123896753,0.0018325406314256831,-0.011031794687322849,0.04126552124797689,-0.03247902307927286,-0.02085419874986849,-0.015390809245498849,0.002352967021586272,-0.004526243996504253,0.008310011347642865,0.01138666118401721,0.037570164045571675,-0.0268838794238615,0.0022475930822039025,0.03167166219183715
2008-02-28,-0.021325684849014204,0.0052271451999268415,0.013943810660843381,-0.009937510428585039,-0.023372591641359186,0.016820185084936545,-0.027073006514845344,1.370010414936118e-05,0.0038173390710762867,-0.012075716143398307,0.015318212308770729,0.00221320137053449,0.004193401579355438,0.028123694330263183,0.015678802816715187,0.029931498967069814,0.014835167905081548,0.04261282449380621,0.03771263763725674,0.0027548573661946296,0.03134461672092059,0.012130202043028948,0.0051026061152263935,0.003178764477626217,-0.0004940410251071947,-0.051858956755197916,0.018312438756535876,-0.01262719881962271,-0.01100684661303919,-0.029406437482409897,0.012604597067356504,-0.01665314150157482,-0.02999602016277636,0.002051179898501454,-0.011005714162729885,-0.016490410763000396,-0.05514854488987353,-0.0028556061796614074,0.015419985697814331,0.07843119137639265,0.007792096601844989,0.03492862052434531,0.014084549565466231,0.011692280402915811,0.007314347522105358,-0.015893926859304797,0.02392055129648396,0.013249618083023051,-0.025162354654205465,-0.023395705302980185
2008-02-29,-0.027553685210490286,-0.023518253553153623,-0.010729916836759501,-0.015689666101319055,0.03557926386159549,0.012877093391087557,-0.027463094916645336,-0.03303535063651808,-0.003973131128846563,-0.03198217653420965,-0.023133652658439918,-0.023379806457510366,-0.007614831057989213,-0.014349949375346505,-0.009706356029691388,-0.019045340789745846,-0.027356569175385426,-0.008320814168419455,0.0051353894326864324,-0.013313549811694414,0.01563673594344328,0.004665159479383396,0.037090147672136586,0.029644460029424335,0.002472169956756476,-0.01874471234772801,-0.02143016687463839,-0.0020628737408130426,-0.015705305700132288,-0.027117952479659202,-0.019453642757264022,-0.006533993600665755,0.018944214735824527,0.035727332372121,0.012139675074081424,0.018486678991354255,0.037067792239400044,-0.0014317728539711139,0.000303866111916129,-0.024940376178325896,-0.045876140107134256,0.018044402164379747,0.013888819971866528,0.008025906706360164,0.015442916849630173,-0.004710926597751408,-0.045613850792459054,-0.017342144598112452,0.015094363257905696,-0.024955794051474522
2008-03-03,-0.0639143866112335,-0.04114982028485137,-0.045889742024356917,-0.05870454086399235,-0.08971654671480722,-0.08126747438653814,-0.09194591510369587,-0.05072041124865179,-0.032824551055117834,-0.05186674525627988,-0.03569385812049175,-0.037162584650265784,-0.06435627241193875,-0.04185639738335345,-0.04676459518555687,-0.08065700518914876,-0.03598370244866678,-0.06145147408034912,-0.0931421034140143,-0.007496390012440957,-0.005710458098524995,-0.06700482884122139,0.005125590649892819,0.01912069626180135,-0.05030824990038507,0.04058264444233628,-0.03522668522809669,-0.015295410370459117,-0.0090456423084887,-0.08624890375044147,-0.013057338377784888,0.04268417124281765,-0.07108683288636852,-0.08300384331689892,-0.07096455427415793,-0.07344873624124892,-0.06801823415097674,-0.04875445137111978,-0.025049524057073724,-0.03953930851033005,-0.01440657302462689,0.017396692951881176,-0.027397234947062143,-0.0006371649816070413,-0.032430264057091596,-0.0520622020993049,-0.07361827113099839,-0.041855399992923426,-0.040077421440009364,0.0015172765593938209
2008-03-04,-0.027233218598562425,-0.03199728162317006,-0.027448021877645834,-0.05221540910459843,-0.024191034378553744,-0.0303900346860827,-0.05821382920121909,-0.03619883239135069,0.012020230349478522,-0.03327854794640839,-0.004389696638777751,-0.026241951031792943,0.008994393230438824,-0.02564060840140603,-0.010282278249872379,-0.0020928179088047782,0.006533887776939862,0.05337912210504392,-0.0067173565248779266,0.010214496489506786,0.013594464552038055,-0.05455179319580794,0.036555312333087064,-0.01229209300224221,-0.03973010162110724,0.004869570842166215,0.01009069520393946,0.006717048241095647,-0.05331241665296582,-0.0512622211681355,-0.001175823104837992,0.04621551057825912,-0.017071250634414392,-0.06054066911805467,-0.06132320220914789,-0.06150343344886022,-0.04092709804144712,-0.00763132088845897,-0.006228409810824287,-0.03394999487413075,-0.02320518709598507,-0.0030329083811065916,0.002347331743994152,-0.021032491688986577,0.010825236929344229,-0.012125103327353948,-0.014004685430792807,-0.007190455666029605,0.021134289864383815,-0.0005734200261916511
2008-03-05,0.022089212106960687,-0.020667965877744665,-0.014055986936975073,-0.01127580956191565,-0.014314610523364801,-0.015698729155871005,-0.010933856491507576,-0.006379065472661538,0.01921273952611724,0.042105456049508216,0.041230100640125444,0.039532418493067656,0.022811040216470735,0.018518164909207435,0.011515724699395546,-0.008484100034223396,0.02731534237145694,0.037693457117647045,0.01592505046836279,0.0030616610143709977,-0.002080008169563552,-0.029720302439312785,0.03941183030680473,-0.014410721486815437,0.05219047157982781,-0.025645415147271033,0.022365479086755347,0.009591184981480927,-0.007298825912076423,0.007021791819068479,0.011221709860589124,-0.005783673222575336,-0.07306490742118898,-0.01835264567261541,0.01776493305667115,-0.008252560019025412,-0.039092990837686026,0.007310363739220449,0.018019119053698462,0.03324919392331749,0.042274950721732596,0.0012298258660661254,-0.011709284963975497,-0.017903819643186436,-0.0009266563670999872,-0.005054282745120653,-0.0259279256251016,-0.023215247754519996,-0.012463148346858466,-0.019710434725988435
2008-03-07,-0.019409293157185648,6.690043890422714e-05,-0.03789150684642484,-0.06952054408729247,-0.004921926529518839,-0.062179323771345496,-0.07458159811682397,-0.06722669976445106,-0.03330269123740859,-0.03262755782599669,-0.04600608443552001,-0.036868975425152106,-0.05178155128715245,-0.05119593469301975,-0.024625572770801907,-0.027160843204909635,-0.03209446179225217,-0.05460679640367161,-0.0021474533033850607,-0.04621276701744903,-0.040894285202778935,-0.047948830740396464,-0.013135585380784853,0.0004431984854156301,-0.019532229822439073,-0.010607300487067262,-0.03309299612293526,-0.021065652335944818,-0.008633883173254975,-0.03464464172515558,-0.004220659136012217,-0.05556942300265799,-0.033920145066852925,-0.03165498133061828,-0.04166654150583504,-0.07929510733341127,-0.010558880626412082,-0.05409995608703255,-0.012467079771515732,-0.0665987944998323,-0.018665057363836057,-0.008855797096110396,-0.0568723091481147,-0.05701022878259043,-0.0042261431127027516,-0.04571851728815435,-0.05708789224523658,-0.04504603103010352,-0.03357897379190944,-0.05706035012688515
2008-03-10,0.01169811665004894,0.0720276294061708,0.02281149189389664,-0.024121353663248413,0.0248132009702271,-0.04061379151199873,-0.0337659125693458,-0.08630570521357561,-0.014772380225283932,0.0003842570802563561,-0.034309240757540604,0.016443021704912297,0.0032437296157821205,-0.003547821131639539,-0.0035522584503993038,-0.05413369324512318,0.05035203531169463,0.003307787574705623,0.020658594440396305,0.0044654666762697914,0.0047209988342764575,-0.03217324030830815,-0.03535061114945126,-0.008857646790228046,0.0013106065572718872,0.03180758177136811,-0.008214180041323349,0.02067504799044184,0.04449892034770797,0.032086305239929835,0.00456751207499706,0.03512056583419798,-0.015883529299650534,0.05068018208983083,0.02643939052304467,0.022328832985559988,0.023854397239040148,-0.0555998564368424,0.00607863572890599,0.026292826143487158,-0.004755060478996098,-0.012391639251556286,0.02010048446928714,-0.014059513693428727,0.0012422611825950725,-0.006083864617476897,-0.04099506916413387,-0.014464890994435708,0.005495713498941068,-0.01631419758918562
2008-03-11,0.03224798513546889,-0.021175008134133977,0.016545695735892707,-0.017434044973990925,0.0048001605323513274,0.03650666976752581,0.1101126294773227,0.06918503274216237,-0.012175934982170511,-0.0033190849199941086,-0.023105662505119806,0.02452366218615265,0.04069003225091561,0.08240070645871911,0.07206506811524971,0.04296957015788361,0.00818469004554645,0.030433793261615882,-0.016023608708369386,-0.031861200852132066,0.008129274757221472,0.0768113070470906,-0.031730046210722285,0.004245067398592095,0.006544554037245742,0.004354467555687913,0.013331533531564688,0.03637882430419581,0.05954010586358294,0.10505383933326407,0.03386308826280948,0.035953937717786655,0.03363900690515398,0.009187760729827854,0.02976533316468899,0.0582422024231839,0.07050860412442073,0.020257390019611465,-0.00030978481978027883,0.03380470581720996,-0.024990781218864,-0.028461825876935687,0.009852442736555833,0.02958953896641381,-0.002067518933489665,0.061973994937217336,0.05978564504889028,-0.010414762233876385,0.060824940555085805,0.015773404729608087
2008-03-12,0.011372061509441034,0.037873679930266135,0.028015393194864346,0.027607442775917423,-0.04581818974043561,0.033307655053998575,0.029697740344317047,0.008793136806713786,6.1014009722137885e-05,-0.028884873890542728,-0.008265084257236377,0.019460668434324147,0.008027006132917514,-0.025376024159087796,-0.010926200204038894,0.009316636296735847,-0.06146609698992345,-0.055870067371263765,-0.06470951906361744,-0.012551706675912322,0.010357451330948564,0.0011778444762713391,-0.010673203904641215,-0.011123424999959108,-0.009103056197887982,-0.006911120710646479,0.03606255119787938,-0.012365534502557063,-0.007316222651871707,-0.04879996684164356,-0.02649161457210314,-0.035317272988175,-0.04667978121733529,-0.020898056179017743,-0.03446347491152657,-0.03783781006969544,-0.03722787426989893,-0.018717688616874284,0.026189250546043485,0.054292951006623014,0.030908337289186294,-0.003670889073459027,-0.026829442001934045,-0.0020773847548228863,0.012742020234777884,-0.0014406984391700517,-0.015717912847155624,0.02437453907228404,-0.010304208120314073,0.002839918746270431
2008-03-13,-0.055398887717709955,-0.045660038812964876,-0.0520958455847208,-0.048563066026233614,-0.06179306971007592,-0.0664350894079977,-0.10015110927395976,-0.04555477653350104,-0.053245380788270125,-0.03425642850696764,-0.06180309722031374,-0.026783983340747386,-0.042384084175224435,-0.1374154160614084,-0.016210936443657453,-0.065210773090009,-0.09345746528088117,-0.09332623449792332,-0.10767485641950203,-0.036815925210694656,-0.03192512185860141,-0.018022125110464193,-0.019885704173120078,-0.0013499425376115592,-0.02572176498193801,-0.02031673764922992,-0.03420199839923499,-0.024636397305596525,-0.03493134216293048,-0.15019612502778878,0.00440869064755911,-0.02406875511019746,-0.05551740045871467,-0.04649174126412592,-0.03799648365462138,-0.011236140908152059,-0.0880423070719234,-0.004636925549048154,-0.08532166098523308,-0.021554522803328147,-0.07074923976388614,0.005867436501330925,-0.04887229938939475,-0.034004131091040946,-0.018003229985800506,-0.01370867555250721,-0.05767841204930002,-0.04710965067373418,-0.05619915336212877,-0.01314011200156684
2008-03-14,0.03546505488738627,-0.03554737680949882,0.012546785814461892,0.04704204690272373,0.009965198194754166,0.06663774297494163,0.06097737294874572,0.035177983263828594,0.030973590370663828,0.024295674738958883,0.0094302413581131,0.016016138893163667,0.04613759066968681,0.0687535445482168,0.029293713241153263,-0.001592727952201889,0.026042271872638745,0.046290723162518255,0.03774053712038383,0.026233327207922486,-0.01792572496388689,-0.0069302583063513,-0.00910328279316197,0.01937377181313016,0.032866496027066816,0.006706643477993879,0.02153082302607756,-0.006625349064236397,0.025413850386637238,0.07810277640653251,-0.015651365170783693,0.04205580937513753,0.04892316267538632,-0.014405955628047584,-0.008976696921982552,0.006714810296550633,-0.019896068411814682,0.0035999501160779435,-0.02030703282831703,0.004186577715782791,0.04446201375825054,-0.02835056264208813,0.03162084186095848,-0.007902391077879045,0.012812507988557487,0.027798151713737562,0.03280967712101246,0.04312627427634452,0.007591514003769451,-0.02142929232733326
2008-03-17,-0.0613106572255564,-0.013680397230082852,-0.06799966039113936,-0.13341690720690946,-0.044691864927990266,-0.0773523841898841,-0.0965938296364488,-0.06858456485181741,-0.01492876031754553,-0.023646262887340397,-0.04115941092989939,-0.017709248072295125,-0.03692284921356892,-0.039226177536677675,-0.03664183182944625,-0.04541107182196902,-0.07859058049290768,-0.09727915867607206,-0.06580899678468888,-0.044303553299204435,-0.015711717618418164,-0.027743303818708487,-0.031403800373030366,-0.002015563197390491,-0.031037940197829905,-0.030723916424756248,-0.0706833276146901,-0.01583969518617878,-0.03567400171852031,-0.06999701091429145,-0.056509884914066166,-0.034628890109391186,-0.03445880229164455,-0.03215660441142798,-0.08756036212494633,-0.06567458410170401,-0.06156406075355425,-0.14062662556048033,-0.06892492594192035,-0.03097067591110858,-0.09493335358348964,-0.0418820168637406,-0.04597720519395443,-0.025343795784035672,-0.0014397170354414346,-0.06548047864322148,-0.06398438577117038,-0.04594882318022775,-0.03231524994499513,-0.06235109321333887
2008-03-18,-0.01339317072191748,0.021478413446933464,0.004037643677192948,0.010855975809220153,-0.026737216373700856,-0.014172426512724434,-0.05642886417480519,0.021178288668640022,0.03264520730495879,-0.017342052872876046,0.014685356183904652,0.0005077892856459876,0.012246796608463395,0.00871021006636763,0.008001169525723384,0.017296261862066675,-0.030125901548760603,-0.018264901612584983,0.0045022557815053155,0.016491680586154578,-0.0014869206101247867,-0.0572023449406277,0.008430927466982485,0.0392727784386564,-0.014535743967130199,0.025412486795282963,-0.00783036129058623,0.008894446736875672,-0.013953897622959732,0.04581734737859944,0.007128482973305594,0.008000224412205714,0.00162209039280925,-0.06226765401105083,-0.0529451319015638,-0.019220114532507937,0.0315600085665122,0.03842379465060142,-0.0076018526728053315,0.05019452082670184,0.03933383147624703,-0.0018211935445081595,-0.013386773465306256,-0.018202172753189583,-0.009887845555043517,0.01751722373338893,0.049307773011042055,-0.0002245831104563667,-0.02548650893241433,-0.012898650774951781
2008-03-19,0.003765649003231397,0.02531153922546059,0.033835453553267,0.0,0.007848955465314056,-0.03731396221804917,-0.031983934578864615,0.027375047052389023,-0.0076430709116784845,0.022135918818409817,0.05315920706057886,0.009390333452636845,0.008942518762905083,0.00593601249725717,0.018195107357828588,0.014017624292925746,-0.0018776087554260856,-0.040930433683684875,0.04429228154930498,0.050367202910496234,0.036282796323263033,-0.015320964881410992,0.011188310739608465,-0.025696279056684035,0.023217945957318742,0.036336305320254114,-0.013407461143138955,0.02434928895449895,0.0231687503044522,-0.013921775264339242,-0.016271586820827078,0.038658418402425454,-0.0223140284545702,0.030227752493519056,-0.02795293648491526,-0.04703254979703364,0.03506401718286245,0.007447732033589949,-0.020791565092218356,-0.000585283713478213,0.020825435859630037,-0.050653244814572784,-0.02306654380987394,-0.016647639599001063,0.041714218450112917,-0.04191622009820306,-0.003966903794564436,0.008927130993901189,-0.024842341479306973,-0.02811473001354603
2008-03-24,0.019058632881037374,0.02912245762487098,0.05445545511567196,0.04425913708789664,0.02439200349144266,-0.0376978299134374,0.010434008759526714,0.03380859460386576,0.01509668118287455,0.012466057456411717,0.05364681682715555,0.004526181271822249,-0.0023459544699625523,0.009656334742972117,0.0008392950269486832,0.011366905690013418,-0.07329314180276258,-0.0042029750217483786,-0.058066265591390054,0.019288508925347836,0.009981365450793644,0.044673675394562906,-0.014894653837368987,0.0410014203637854,0.020555047631822587,-0.006212071282846843,0.009541757159453601,0.020081909055432945,0.03525225443666935,-0.046262951997640744,-0.028115879591062543,-0.029085833751459678,0.00791440195015114,0.010581847439691705,0.05607501090112876,-0.003525257389494607,-0.004649918672125386,-0.03543808641249424,-0.029800735469682316,0.01747023444434359,0.07512720348725144,-0.004074787070034613,-0.11944436688981674,-0.021546780645436914,0.01797497687488958,-0.0320312403762133,-0.006280171294385406,-0.12203677892996412,-0.009793288150378165,-0.0012223915981014466
2008-03-25,0.051608094725618336,0.04147909168730046,0.05372994390474917,0.09554999835998057,0.05765731404283492,0.09104035501704177,0.1361415438310305,0.040789323597172134,0.06410087152311394,0.09691619881692426,0.09355404649973087,0.07533992518250199,0.04442125969157806,0.03772630461218829,0.03834645473890563,0.07410989868409801,0.07570611144122474,0.058766236375066505,0.0718306235638968,0.025482665814267058,0.01811970129903062,0.06670307376671714,0.04153283504036831,0.04343204021480829,0.00209254313841134,-0.00856359337621071,0.026272995060734328,0.0,0.01584575020585266,0.13147126957103872,0.010863621207068963,0.009139412477107367,0.0903945433088087,0.08995709051431122,0.08917616726838373,0.05424523527298475,0.060060308914585026,0.05000021056903203,0.05682465222846367,0.06388465799901488,0.039409130631832046,0.04786179333911722,0.1482648714064636,0.04640198875592372,0.006376394945633468,0.05649712005752194,0.041001884216359974,0.07739115067011637,0.004848011019323417,0.040436783595145576
2008-03-26,-0.006201908517942556,-0.035868544136215985,0.01782187287137771,-0.039710929666542105,-0.014548635417835243,0.04785390667908751,0.08490781631020416,-0.00035995480164519034,0.0021105791984741273,0.004824673231788701,-0.01674316207623472,-0.011032999174188762,-0.01601217693750956,-0.0061445031092338676,-0.016272410578010876,-0.02903034775854174,0.03436341793161657,-0.007359852340372397,0.005501315761287762,-0.0019851356848485935,-0.0005147708441619603,-0.0036834469379253276,0.0020740481465941762,-0.04060390873046482,0.019577191490030232,-0.0005614998528529203,0.0012837987298295328,-0.01526711175539186,6.0795016531445256e-05,-0.02439197446288488,0.044857680502847774,-0.015094323580217117,-0.020097342547034547,-0.016593674452649587,0.07375040939106814,-0.0027962431680285116,0.027699038369712436,0.039624918780532425,-0.004177744972753472,0.01487717025159907,-0.029664826688622026,0.0013259772319118568,-0.016483370516902185,-0.011274347718018496,-0.006043564653886224,0.0,0.007477514757254111,-0.01394250055522317,0.0009007110719418954,-0.011223705070126044
2008-03-27,-0.012459553361548914,0.028991217254917823,-0.004169070482830772,-0.011138159900098143,-0.03915501042305003,-0.043858723397042,0.0008083322700978002,-0.03135092652577265,-0.029430491816003213,-0.03851264128807197,0.0017494356875671357,0.008332073552187014,0.0027970431795432127,0.018031558391057523,-0.011262570798764138,0.014411757401197711,-0.00410531101409406,0.06981814364591932,-0.010445338414849292,-0.03447512918454876,0.005297385728131987,0.005502654317362854,-0.008633027076511257,0.04083358691258554,0.02457741662363322,0.0065678810687432865,0.002489773696506825,0.0024477376764151515,0.006973074953194658,0.022956086998856096,-0.01260888752638778,-0.008301478528790374,-0.006323539575325943,-0.023534724018178577,-0.0523866105554347,-0.039820614955605516,0.015007752306000821,0.015044782580352356,-0.004378010917659769,-0.04397668656031495,-0.0472143222221334,0.00949066170404711,-0.054469465248913496,0.011402908068580242,0.004412915487396862,-0.012987035695405602,-0.016019970820416618,-0.03209846650613768,-0.011825958538815073,-0.011994950339117794
2008-03-28,0.035956540245353,0.0012693814747453125,-0.01828072122773816,0.0011382192038085215,0.018948132845809207,0.01861335323589186,-0.010940616182215201,0.06446097761210279,0.021760065411297935,0.05510627918842581,0.056002050690039606,-0.020447558348550277,0.03625769266603007,0.0020246997662227706,0.04781708229889836,0.056776271425929226,0.0932826965316711,0.012705618645403982,-0.007790834756268961,-0.014190903361908425,0.013686664040338803,0.03984604539396841,-0.0005965083511169089,-0.010216702946584388,0.03198431064737761,0.012234928622319563,0.002613502842443882,0.006919112944313799,0.018708543867068217,0.030958245885930546,0.015393124566858596,-0.0019315813192795073,0.04145163267192453,0.032060061871478585,0.007985474919744107,0.040887647510916336,-0.007242377067608663,0.011418725587269973,0.0617441834305521,0.034104572708440584,0.030377629179594745,0.02077127383625421,0.06499291026859932,0.06388565636876553,9.781337221714814e-05,0.08513928445381147,-0.011724916341284142,0.007766479503332313,0.020878085762355836,0.011388222811024917
2008-03-31,-0.03683392954211673,-0.0021736923524661167,-0.053838158893821486,-0.07911416808380345,-0.04622152690963355,-0.021494318489951203,-0.07067553803256643,-0.036435858908236085,-0.06957103712001012,-0.05344430798940847,-0.047188556641492685,-0.06538639835741289,-0.03792517029564357,-0.0070706797631882035,-0.03646240963615266,-0.015568359922637498,-0.03037295315103461,-0.058454371649949044,-0.06129676198954048,-0.036142823385403755,0.006570370210305487,-0.036674752301156355,-0.012890869876059363,-0.05532582934209873,-0.001211100268064924,0.01777029418184406,-0.047825037183808705,-0.02142280647276451,-0.014787588949839559,-0.07219842281159294,0.00573733203724669,-0.012645109187027881,-0.06407930414345886,-0.008151463112825219,-0.04143842533564246,0.0,-0.014285524990901854,0.014654553078913057,-0.03175150307299568,-0.07809093009611479,-0.06670323198328121,-0.008210640875109698,-0.03190035009735204,-0.005298558767900197,-0.006443564151846437,0.005706427147345039,-0.06838971306934993,0.0022633040456701004,-0.000318400348521819,0.08859116524462918
2008-04-01,0.035064909985889736,-0.028018086539687626,-0.016300298456075946,-0.015141567672973033,0.014341816813217667,-0.08634540090938758,0.026282127118027354,-0.045619858213005515,0.027021686487272767,-0.011702141588334714,-0.052534137158468996,0.028198782297926384,-0.007375599010160272,0.0020346244836979555,-0.00834426750671946,-0.08205807524505826,-0.033052437447879224,0.01695935555543393,-0.05801406949113852,0.008832478469984917,-0.06692501635556936,0.0034145743010220997,-0.013603137266032572,0.041957931652492286,0.021091257222963122,-0.0014583069256774994,0.010736417767356343,-0.004130430746762448,-0.0017548873548419719,-0.02911303737751214,0.006762544148109617,0.024046027378683776,0.022234193472369546,-0.029764487425327224,-0.00889999555820753,-0.014028982333128548,-0.019734997400404408,0.017438920995193286,0.03190164988446287,0.04269424814871692,-0.027442802113319842,0.013677837313310404,0.0171921659750085,-0.0031958559118200336,0.015623447452818517,0.024822440795937872,-0.009490772076834797,0.01116814657442422,-0.021286350781121066,-0.01421653087587016
2008-04-02,-0.0007250189449419242,0.024903245171799204,0.01408875611042304,0.0353675533094302,0.020330064099213674,0.03180245068164056,0.004981496760305237,-0.009646683455221905,0.022707154201913493,0.04198703490806488,0.014288939990610539,0.004463388098953303,-0.006917295910834231,0.01624351128979895,0.029390919918006242,-0.020452420810870064,-0.033586467088089766,-0.009231906674871171,-0.03809814675553869,0.012018741073134276,0.025061765779701206,0.01169712338389739,-0.006251925251966606,-0.011954677621336507,-0.012345626097313045,-0.009348080881790621,0.006070168935134346,-0.0008296504809306438,0.01709697398242538,-0.011803354026131752,-0.010769723278654886,0.0037007475750234775,0.022095550174293654,0.05448726003255566,-0.010263156267992901,0.01650543157812212,-0.007234460730878967,0.001892768976621273,-0.0010363925444851763,-0.004300525626429241,0.002841414134590048,0.051558603476989484,-0.016901591017002615,0.0028498685798554746,0.005805085950281619,-0.006920484345025457,8.193764789421465e-05,-0.050274535990708524,0.0472096089539773,-0.03249521469944572
2008-04-03,0.022401914318531668,-0.004130426454492575,0.0023719339608907486,0.0028041595441972156,-0.010354814373754184,-0.0005375153994940929,-0.0030204822251512775,-0.008346151935280433,0.0401169654067719,0.02677366831097805,0.05081274022704885,0.005875482469895887,0.000774025034778747,-0.007991785891095948,-0.0026479738523758067,-0.05435673959035958,0.01741547725216752,0.026750848716015962,0.00804105779244968,-0.010302923696169697,-0.03232369903929877,-0.02198870284439436,-0.029297471337350722,0.03247715369991799,0.00024022013820479415,-0.0033697388637564663,-0.021346051262718935,0.009547823073535744,-0.014187033782937064,0.006698371424184391,-0.021394334664315173,0.03585503103033538,-0.04408031399522472,-0.02127683529874491,-0.0071289404825649605,0.008398696249830362,-0.0012676085619179878,-0.003988369150898063,0.013485660721353598,0.0070414988877869344,0.01153873063665456,0.01283169421208541,-0.004298041493752125,-0.003907861602381657,0.02077707225519876,-0.0020907994456789147,-0.02063543762648956,-0.019700069216968208,0.008083761434884762,0.029859927994932756
2008-04-04,-0.031259681406816564,-0.04367473642525577,-0.028020908015938706,-0.028217188668760995,-0.022787668367120317,-0.03997584023891776,-0.045136701269773316,-0.056070105651328195,-0.014117720663078037,-0.024334937574406745,-0.04915764671467804,-0.013203699390232693,-0.023975803134948293,-0.005035797948291565,-0.01616058873132198,-0.06809273462136467,0.0018933125999112121,-0.01200219783657075,-0.028951689540709813,-0.026223770444086858,-0.06192347832484091,-0.03598132134585441,-0.02833904618845584,-0.005550848015735355,-0.03580860942147246,0.0009721129177309162,-0.007452600267157217,-0.02014830765697806,0.004777035222442105,-0.02837903226364713,0.0017828607571916955,0.0076100408498436245,-0.04929316262676908,-0.037045129940596944,-0.024804402502299983,-0.04219903104835909,0.009517454289312388,-0.022549712853321413,0.023541519937826383,-0.030393359718871693,-0.019811758043781547,0.013069348955962123,-0.05467645110265451,0.0064193535589802675,-0.016302066259749615,-0.023742887531942758,-0.0010871100796880917,-0.020874052724683123,-0.005860009099632246,-0.04063839824500182
2008-04-07,0.03608100086613564,0.044521133090567044,0.007381176224656949,0.06114697621322551,0.04476496779904027,0.05136815271655104,0.023757316685476093,0.012285396543024296,0.03574286283794237,0.004443230445916102,0.047601716994785326,0.013330320588029965,0.004754467527767758,-0.004048162583570547,0.0044584922499089075,0.001591781682386717,0.028953801716436578,0.026370387786469163,0.02251295133372433,0.03158151188460967,0.016358373443577268,0.05132653517599173,-0.006473999614613479,0.046929771698085654,0.048604214308896276,-0.000548928170096552,0.025061357002007068,-0.009231815985741854,0.0021060914759460925,0.019224370810599023,0.0024764876279741443,0.04482901741204959,0.04961862259396188,0.04445990539412015,0.0361448780818201,0.021449414099912634,-0.0009428349079192433,-0.0008626536700531151,0.03966635423916931,0.041826884125398145,-0.0014294599791973006,-0.012637183914700367,0.019787132567095966,0.007087231016294604,0.006034678646840819,0.04291861694096322,-0.018749187364676234,0.006223460107021239,-0.006452800140621662,0.03829785263400676
2008-04-08,-0.009626165390354435,0.011785565918702057,0.003951047088828208,0.0033279824018557225,0.000537813913188856,0.01011792479728113,0.020821810254082918,-0.04959511803511951,-0.01852658269658969,-0.01682276997650245,-0.04773946745840918,-0.006479085417935515,-0.018664732477045587,-0.025406618480872556,0.004555538931806158,0.047830170221091706,-0.03453086634151348,-0.020207722486296542,-0.06545653407943519,-0.0038761711487891315,-0.012111951602815196,-0.03842893552068971,-0.019746091594629367,-0.01718010552922289,-0.008557301800556694,-0.0011406606181196821,-0.014515834629519997,0.0,-0.008707446417813292,-0.0022666879013319985,0.006137087384194384,-0.0029144536602826454,-0.007790087013548663,-0.02911354745468775,0.020671728338186313,0.017593550625214283,-0.0062912901192939685,0.035930019038822536,-0.0072137039165384165,-0.11499748260594411,-0.024125939890734305,-0.014065930978207075,-0.025373271748516113,0.026038413734282173,0.01752078500922316,0.01646061607172844,-0.013221932327608488,-0.028819288826722356,-0.007993456331117477,0.018117051159351583
2008-04-09,0.01532504484412045,-0.00790620971482725,0.05448796895116148,0.02776402336924222,0.011497325043658302,0.05133443912323976,0.04351868137147963,0.020354886426945162,-0.012509232612001653,0.008862038243472536,-0.007127549050085724,0.0019761599980387956,0.004822142706979893,0.0026068814712871813,0.000813966732413407,0.035904707013444614,0.03317868792335754,0.018856636299146468,0.001273497750277519,0.0034147053041737596,0.0020572760016535074,0.045125936612020245,-0.014772103296648242,-0.016274714936329704,-0.0055141000400994455,0.03421871712437219,0.003813525330908174,0.017365327407051323,-0.00630036712878157,-0.009736112582063083,-0.005984525960836207,-0.011576641726089743,0.048001418383605055,0.01726498269496246,0.02405063429011456,0.0524261169359177,0.01171296074296535,-0.005624302162640538,0.010172693037760583,-0.019084544705459616,0.0014669961232376405,0.007708374834057619,0.022971159903696137,0.02366213779074733,-0.017967702694353216,0.006072962553625105,0.022130083653892463,-0.01646364454889626,0.024299912877303376,0.0008686373838748818
2008-04-10,0.020841365718570426,-0.028288368300691813,-0.038627525313392974,-0.042612793882810696,-0.018747778719256036,-0.024758778940915827,-0.03357205330611446,0.019437053944901805,0.026590307936244617,-0.018480175701418577,-0.009003214211415478,-0.010700395433143828,-0.00826436993990376,0.019760924971516047,-0.010107812050275555,-0.004195177076512957,0.008764851483284097,0.005494311374150351,0.021939633879880294,-0.013375412295570155,0.006815311989541328,0.01223979576070544,0.005792995329095829,-0.018791314000580095,-0.0036163558224290293,-0.006134784200467314,-0.003954001075734848,0.015404008159012328,0.00481375497743608,-0.015813125772865755,-0.00088758048825055,0.0004734167984834503,-0.005619138998993023,0.004019720939569149,-0.003090106278043403,-0.01907786516401111,-0.01345455798012507,0.0024089736173225074,0.03260870316425302,-0.0029767376331830686,-0.010042180000559009,0.0012074333045688501,0.005987946663418731,-0.014070158272463718,-0.024966470490283332,0.010060677740374224,0.014123766103488089,-0.0013779579401757003,-0.01376696053604698,-0.013848099179147866
2008-04-11,0.03358123669077995,0.008076218976425631,0.0026384956865113107,-0.016105710908364768,0.0031895030979769423,-0.02313740090589933,-0.014126983276609106,0.03312851964783947,0.009394030184213475,-0.021134534824329365,-0.004297185892038868,-0.00029904411877279546,0.004569645379568721,0.004589530717305834,0.03931881950995719,0.0337319287923159,0.012339298506800933,0.014667771462685053,0.009022758024984867,-0.0013638575076151405,0.009298057840939178,0.04048692030842216,0.0016940811678272105,-0.019566646648052743,-0.012581607364086866,-0.012468615482603362,-0.007434035339685563,-0.03526055100550951,0.0011057816055997094,-0.00424566776908375,-0.002935896050132558,-0.00591193948230484,0.010102985471904802,0.0004446552553649674,0.018598854632760453,0.0156671211825401,-0.0003169593798294512,-0.002716590820892928,0.01904026964222605,0.004905047825271236,-0.026204311243158585,-0.008913105151250433,-0.0357143236889742,0.003397920638770646,-0.013682547215281948,0.008631978384127326,0.03435927466759714,-0.012829837400222144,-0.005608661777042889,0.03156114735528659
2008-04-15,0.02361334841901086,0.014408265673147902,-0.02011209731194119,0.02499805173907932,0.005188484882870048,0.017698176321636616,0.059040278165390925,0.010640852695412706,0.07285219362960271,0.062240310770153684,0.045376076689138234,0.02313410893390344,0.024351560970342856,0.015228233675640634,0.011406247880585862,0.0028446568477027423,-0.0015867933064798168,-0.015589361994946649,-0.014183956673494147,0.0017673213584785685,0.007595775167253516,0.02091842488716278,0.02320238112340456,0.044161192159946516,0.018868103632596833,0.0004166807045862253,0.001097844990520569,-0.014874776586524141,-0.0017179180880937395,0.031101104111545652,0.0004261527390039266,0.013678815182849302,-0.005933408686829789,0.0,0.012781215546231683,0.02712777284043333,0.03616738805530173,0.008172344383341912,-0.002278637409769746,0.013688527443909138,0.06336783559748849,0.0006761015514855639,0.07253085534892456,0.012868277523426785,0.020114863462646015,0.01843333094475752,0.026686758289180545,0.04262462649681842,-0.010653458120683412,-0.013657767451861091
2008-04-16,0.011754188945838795,-0.011203709834587072,0.003836463188440664,0.010399542919681037,-0.006414957035785651,0.01596871431945046,0.05094258021598619,-0.00117608864579144,-0.0023092695195742197,0.05945450392273033,0.05520155990046893,-0.008284612220369136,-0.02116013994854482,-0.013499923374007405,0.01630187028358021,-0.028638578353635258,-0.001444790042778532,0.016412309797900093,0.013762543851091102,-0.01603723080613806,-0.004330486285237689,-0.006201720435119573,-0.0002647319252107039,-0.01992664733036198,0.010100972640357364,0.0008330898170947343,0.006071533548777541,-0.030198214269043122,-0.00989482904675365,0.0126488481607272,0.01119139110749412,-0.00011736909299842058,-0.010913921599367549,0.018008059933820153,-0.005408491816160543,-0.021750345685884742,-0.04960179461909542,-0.0001037812346922351,0.007460566311580985,0.0012562186162512479,0.06326566115216159,0.003041018952783414,0.021582971977880172,0.04714164741871585,-0.007576581354694967,-0.006464352317023803,0.011622597007584723,0.037798597285834346,-0.0027872198302855145,-0.029607208433801158
2008-04-17,-0.0009273638925320071,0.019627139454084563,0.07100837999483112,0.02524027686674324,0.010960997801855887,0.04918866740062411,0.01301541549291474,-0.010612400516469389,0.029838168790124575,0.03680789967270792,0.02671606701131446,-0.00024527373952276665,0.010941844465914397,0.038519722935839384,-0.02032515099644061,0.002471304529702456,0.03855878681406821,0.0575069621996378,0.05276161649007305,0.006356313363307997,0.03455484276590193,0.026305241677001323,0.0058194541715097525,-0.037759459602912826,0.006904783460542463,0.014607563935064238,0.004321546904238138,0.006227541917126489,-0.006393379422235501,0.04067596609798407,-0.00428896287123115,-0.014669857193822633,0.031551711863187615,0.028172199916015606,0.08096689353363118,0.057173209715582596,-0.006121337220437062,-0.0018711161607843918,0.037630209235170575,0.007527454648009968,0.03493233767296777,-0.0011455266510607132,0.05492963406790086,0.04565776849065317,0.002055487704682557,0.03513396325583518,0.0008540639613114909,0.04914442758671567,-0.0026042532704252386,0.016616573962979775
2008-04-21,0.0013447461043623044,0.039470539629223866,0.04249906606795517,0.03286539437833147,0.034308806960884786,0.06932307025341045,0.026390594919730948,0.027528204449193794,-0.007493435660604675,-0.008016253725782407,-0.009689659408659845,0.013958483501560481,0.025343205163369298,0.01610578649311689,-0.027587527863022876,-0.00781483357565993,0.08142948646424597,0.030002576087176047,0.04660010284693383,0.0074500920147808625,-0.00809718266763948,0.013123601709186916,0.010256504471501282,0.017895788484661335,-0.015370218834741323,0.018048620777374236,0.026961961465511664,0.004421042580453838,0.0009995171156191862,0.006001151154465312,0.0006923189422092246,0.005716958340554523,0.03610212252141931,0.02421396927897579,0.052543206513296026,0.009013398669832862,0.014586412031971863,0.020722907290928738,0.0732598864229006,0.006018423884467605,0.025037446308148414,0.008295918759550158,0.048063966061690166,0.017098891035854713,-0.0076186325707082725,0.01571293820595332,0.03769490802087749,0.024867974499761747,-0.019169415321788952,-0.007387540977970675
2008-04-22,-0.013712150355969954,0.00011706558918112009,0.03251764708147009,0.02088520639537017,-0.004911068578588806,0.03113838291166693,0.02063738486686817,0.025386678499085935,-0.10690573843922413,-0.02867906862942049,-0.05189093375687426,0.01982545339176811,0.008753970991085325,0.016330421491202785,0.017068089354743243,0.05719450478704591,0.007922816743866079,0.004421483195768738,0.030803919314483563,0.01728155472492321,-0.012323287570466968,-0.0018993793014060456,-0.013601424064171308,0.01334459729948878,0.024495809985474182,-0.005036579569740018,-0.01964813701016288,0.011443566275008754,0.026711091950060828,0.03441678875261012,0.014797475859611664,-0.013027050948659524,0.012421555260616612,-0.021567709904216303,-0.019649482284246234,0.04218369174086756,0.02555905216811971,-0.001122259653013269,0.02049096839513287,-0.008870422266837874,-0.038826080793178064,0.0002674130641422412,-0.016560810800150483,-0.032422632856407896,0.015157633458565467,0.004950434281338456,-0.00867062367557192,0.05459449048997045,0.07408597752112156,-0.007256613569876835
2008-04-23,-0.011410307850599932,-0.012792135903436974,-0.04170394370260655,-0.019891662690322276,-0.021039380097217175,-0.01298135353492702,0.009878115168242552,-0.00610819344294089,0.0021981916574178584,0.030870503321276832,0.0277130027908028,-0.007937537436358166,0.0,0.0009451099282284936,0.003855173681826418,-0.024086291527558257,0.0192995242273013,-0.025634489652247905,-0.0556915268594842,0.004187860606641003,0.001350915171152156,0.008220655365202667,0.009500441223930123,0.019857706095557814,-0.006563795374274317,-0.004859313146404753,0.02375767608863444,0.0013051727271238267,0.0276582446924869,0.012125802487409132,0.0004922408732153105,-0.01451863137041065,-0.02182926719241618,-0.02755421749136655,-0.0054170791066201485,-0.0023810939151893695,-0.017444974144212977,-0.007864371770433753,-0.008244606750345773,0.001040371337035495,-0.004551392757685124,0.0016049122971515395,0.0427463445802172,0.007136521238238824,-0.010956063686601847,0.027709363704092604,-0.01922644147187036,-0.028589302279775963,-0.0097933638464891,-0.006981384407497848
2008-04-24,0.001959189216302004,-0.0024259490939525508,-0.0019027315508846065,0.01624786689394142,-0.008431769700473879,0.001504606820018628,-0.0076808385889001185,0.011172752866369429,0.0017997037367765145,0.02918796558420289,0.014780725445547205,-0.01073199226904853,-0.028586027944636272,-0.0354108696495109,0.0027107725988457787,0.01277810609957375,-0.02652037851218403,0.0013288232611821105,0.00489076396504684,0.00889123155188476,0.000714133790980398,0.027443273263234147,-0.02352780894608275,0.02070124232840298,-0.009202460793429346,-0.006755170208586181,-0.005096227302366474,0.001738805984321301,-0.054773597673078545,-0.012345655649470766,0.0013250377358935417,-0.02337769974645376,-0.015637712265189396,0.01285966912597436,-0.03159033532276545,-0.023388830090806945,-0.025681899159175847,-0.011529860218034815,-0.05363363724081349,0.0034308318966032036,-0.03181536708877142,0.03204731614397005,-0.05465868758129089,-0.030191274500834475,-0.009116792104039817,-0.05152770756819702,-0.014836863931848243,0.04479108064259307,-0.0317460433350677,-0.021375200574295983
2008-04-25,0.016204296588087974,0.09418759685532407,0.040066549874244295,0.04193210530364455,0.039691793561587696,0.010183120750399066,0.006086259656199244,0.015322354320139064,-0.0016282445922756184,-0.006927939832352181,0.037024709139774625,0.022035850825320447,0.012348918710856305,0.008321381965902486,0.0031543875766375518,0.010428463864972537,0.03529351613476095,0.005838583693855259,0.014600630893243816,-0.0028075814291368406,0.006344697855147574,-0.017341436640800012,-0.012181263697399136,0.0052205202612807255,0.014051117397573032,0.007661399333933394,0.0016632818839328323,0.0017352461423452148,-0.020775839714690658,-0.012056517446998427,0.04166207756082785,0.04126685757742843,0.025318511200576488,0.028835874636077286,0.03880763608776805,0.016617755849060556,0.02277894568205041,0.007290356491998384,0.0038253185784806742,0.014297543906709231,0.025973841468782233,0.04528378455552651,0.014454765183146367,-0.007306035856043835,-0.008310345121177676,0.010738879645891375,0.005228238340184932,-0.008641511648987077,-0.012925543443973564,-0.004917950584670816
2008-04-28,-0.012611935486074421,0.006125295516016038,0.015295983470512864,-0.021623844155667094,-0.006634321430889822,0.012338831394062666,0.030313211392184014,-0.011184233763626317,-0.008546203994677093,-0.012260332321536338,-0.017690529744166184,-0.006302518460101436,0.0018166731748672227,0.0038834458421264095,-0.018640886744127783,-0.0019787626502729694,-0.03147744642800476,-0.014511886751540581,-0.007900664399547286,-0.008133956705145606,0.0015762038954105773,0.0111420437329941,-0.021139647237710224,-0.012185239599277198,-0.006105862329171874,0.011343767362552049,-0.00583111603220976,-0.017323303966714887,-0.01974704425872742,0.0009734863687664852,-0.025841145448694536,-0.034482781248574845,-0.005164560445505395,-0.02593602338693568,-0.036274999240633155,0.007211375714586632,0.012090414960336027,-0.006513685843507422,0.0036699575598415635,0.03738517752074788,0.018028470101958183,0.013429666407799745,0.006477003087974831,0.0019198993325073577,0.0028930455831084334,-0.0012499649321575657,-0.09812145216662571,-0.014943301095245443,-0.006643145244288107,-0.004699973510321587
2008-04-29,0.02645277878290231,-0.02893177582958384,0.02175100561728982,0.007423097150035085,0.03379667997067903,0.029111147884090638,0.009445173001873641,0.02043384316498975,0.03272085537828762,0.051633789029355004,0.04540493726134476,0.003004481698502648,0.0090674777995714,0.014022767554698001,0.005950212953617973,0.01361002206948192,0.04104284254009438,0.0615796905197008,0.019908736319631304,0.009067907793237628,0.015186335533001971,0.027917319749797498,0.012182511759110337,0.01840248906568398,0.003307819634069231,0.009447731091310141,-0.06072150055854708,0.012780732298196096,0.010952505576371285,0.08534032428033678,0.0011549076455292795,0.001364046930826479,0.024497044712230354,0.02254672325521012,0.03595496601664849,0.011456021083947387,0.01949082540803615,0.05276290184644239,0.0232034738055511,-0.004529547937087153,0.0810093299149901,0.05404608020651347,0.0025737239709395787,0.008942810697691428,-0.006465762278567877,0.009386867615843952,-0.00955427779451401,-0.0027004996520116897,0.004501389893849961,-0.02526675837258674
2008-04-30,-0.01708669551174813,-0.0032733849061157283,-0.015279568972194513,-0.025373798749926735,-0.011639850496044324,-0.023370522075219724,0.0010118208473799406,-0.0018277409695053315,0.011476865517108248,0.0020291265063183683,0.020568041756391153,-0.01768642116266672,0.01026974679490178,0.006676763654944962,0.0012511064376858894,0.005524056652301601,0.009686745231832994,-0.02219408052833116,0.03151147058837944,0.03852467659348435,0.03890883696180758,0.004316672596802906,0.014976157162081227,-0.0061556790935642924,0.03579835676914822,0.01979356878138261,-0.028029394067647706,-0.010443736089981726,-0.021538675275252883,-0.02811642765382405,0.007815097621778566,0.019814293458145116,-0.00126680980309124,-0.004199867671921265,-0.019522840139230335,-0.015101721750087505,0.0012337386095415681,0.009193491876427817,-0.013881305900358742,-0.013748655065424109,0.005402829741946169,-0.013209965152405356,0.1091144850004877,-0.007597324874148659,-0.007709228860356521,-0.007439501331889087,-0.0060830465147410084,0.008584587872577432,-0.023174141771860723,-0.016781423071036028
2008-05-02,0.023044573435750504,0.0022264961572724395,0.010661746284057472,0.06542715000950627,0.02690695072539473,0.013101866529929174,0.03783221455970365,0.04388577279561745,0.024701403660149834,0.01959360432241053,0.02762136227020684,0.0066791310487006594,0.02033013003655748,0.009000503546535255,0.015678342989589034,0.004232131983043841,-0.025542332324275163,-0.040753325901573656,-0.009462136904020313,0.0407074041721982,0.03140814782321377,0.01869695785741099,0.061716912630285004,0.0007989943406487843,0.004775052090971954,-0.0034758306372212333,-0.012412535766272548,-0.006156521748678756,-0.006524585732297528,0.02297367144126161,0.0038767797224878997,0.0582879459091199,0.011574471285557442,0.015394370977249272,0.13219043742805292,0.02443729025576724,0.02155792219719488,-0.021059740080880407,0.003484242031681628,-0.00902622202868586,0.029814850412057003,-0.00604727872457389,0.059027925949376,0.037001259902170736,0.022500491662963196,0.03622712781419812,0.010842076693455382,0.046729857629426164,-0.007274300782623255,0.005892417557577634
2008-05-05,-0.0020749009125474727,-0.006997890321429168,-0.007692764120673989,-0.003521181076645341,-0.023320981690833298,0.011863209693607546,0.05708362579904702,-0.00039904754611175264,-0.017271414663512452,-0.0008389992279211889,-0.023892436466198208,-9.599622831391041e-05,-0.012204411388871295,-0.00469506249028917,-0.012863702318651526,0.00020942639213439307,0.008214664289638351,-0.013982145620458963,-0.006550012840929043,-0.008025641563846664,-0.018227690108932326,-0.021236936164426456,-0.004441949208671914,-0.008983492618080513,-0.000905158612556578,0.007054269387056777,0.0022948947032483957,-0.012389594821164973,0.00437846918064988,-0.022457734820187647,-0.0008093429912252592,-0.008146878595074347,0.0037617101312981127,0.020353114902627034,-0.02296046295879839,0.0070158399770667845,0.12481197697305779,0.004202338583880749,-0.002222506191443152,-0.012751669397718324,-0.030298312658303406,-0.03337480081381783,-0.025136830847023672,0.06551860059977188,-0.011150731559219529,-0.012055653434397628,0.015309948671621276,-0.018665092532265448,0.00033009437909714556,-0.0030298662526575537
2008-05-06,-0.007193298700618689,-0.05324682848950213,0.009355337381985018,-0.005407739336205752,-0.01266929610608225,0.001426131956612231,-0.011744197801942247,-0.02257624729200447,0.010350575518531357,0.012038318945147397,0.014482493560978194,0.0035099741987734134,-0.011094188193356391,-0.008490632276785148,-0.007818800108272739,-0.02692873934732809,0.018285707288743902,-0.00818113004128429,-0.01373612663700785,-0.006632456281034815,-0.027407386619769714,-0.042677103678715245,-0.02256506871397268,0.0014100252381439304,0.018572690455073815,-0.0010118398596757894,-0.00922094437481491,-0.0017919995823453272,-0.020607471788260945,-0.05240016388699964,-0.0008097114261695904,0.01758461071546935,0.016395888970300643,-0.005699263402399457,0.0024999817152160375,-0.013469692572865677,-0.048512832799469385,-0.039557345751416784,-0.024916328188855807,0.0037932215272651337,0.01596946863018389,0.004094395223636971,-0.02578498361863868,-0.032910064920272375,-0.005688120852943013,-0.020743856121147042,-0.006730267153220559,-0.022079021541950294,0.0006598832133866139,-0.029581711878817418
2008-05-07,0.014698370383110504,-0.03568264965707957,-0.0006159752350316516,-0.010551237759656051,0.006344769096528591,-0.04287527988902118,-0.025515690415157777,-0.022999869701299303,0.03169537366305297,0.020305109994319226,0.0019099590723055115,-0.004600068327374696,-0.00611924872414471,-0.014272234086034619,-0.00742335873457356,-0.039668627440177406,0.005558588221036942,-0.013197521603343088,-0.03621199349516213,-0.0025681451655983345,0.02492229423286152,0.023828323704381926,0.011673254567665436,0.01388063708906584,0.00800571662462879,-0.007089488077142381,-0.009349033166306087,0.0004490376370682725,-0.004383589137233135,-0.026114849078871183,0.013926325085711788,0.020804695234201365,-0.024581220522654434,0.00040954161182216176,-0.03790523502414744,-0.02212816231378756,-0.017183178974319535,-0.021786647458493014,-0.0259814862614699,-0.0020428338656574008,0.0035879288470703763,-0.0009127722676383065,-0.021863964086041632,-0.02716420111161255,-0.017864226855525356,-0.0024922996039162815,0.0013724042998439767,-0.003525873745354624,-0.02070833396868199,-0.002870786379599255
2008-05-08,-0.0028472585940665374,0.01598961028738266,-0.02175864254125004,-0.02845474539240156,-0.01990388723183434,-0.04876294485565602,-0.06342650055510946,-0.034033941441861226,-0.020429211884146925,-0.03226464697373399,-0.0032107843137254566,-0.00842390256048764,-0.011031005019608742,-0.01206551710917847,-0.027959651187477563,-0.013386311136892592,0.026422660534365594,0.006408341658259653,-0.019652953294597375,-0.01603659919911804,0.0034738176703201784,-0.016309916123162127,-0.006575052035345252,-0.004762029858233929,-0.0514010123105485,-0.03189638838977349,-0.0005351230181176447,0.0022429668887229415,0.008331286437395224,-0.010142487782859644,0.00039968943117973943,-0.005011878108389878,-0.05418161383760056,-0.00675243003885162,0.0005182389510678398,0.010592279640603941,-0.005732305009842897,0.004454243604649966,0.0029312726259071997,0.030597581964889375,-0.016683727302539086,-0.008589260529199949,-0.017646860369962658,-0.0030683275720170267,-0.0017372872156382613,-0.018738473562064484,0.003254687373389187,0.00918859296216401,-0.03313352580289464,-0.021986113416723296
2008-05-09,-0.05205738246637037,0.015195274780693158,-0.03702728092406948,-0.021280276111262264,-0.029538890285255692,-0.031684606651997904,-0.05719037640289282,-0.018888059007446834,-0.031679565344552185,-0.0197794738587308,0.008556223756990944,0.0016022799367156892,-0.004150705437967472,-0.0058621640979673595,-0.030539747352146818,-0.020834421950792215,-0.000828472083683307,-0.03986725054963336,-0.017688734684521035,0.0008225892222961662,-0.008838563483777429,0.007489235988960452,-0.007332529648386155,0.004585142873491321,0.016511703352100504,-0.009158713792397966,0.002055355573130413,-0.01924800427116613,-0.04218733209853831,-0.020957874124511777,-0.0007629382016515196,-0.016789798398500255,-0.024313309873231326,-0.0352289192725429,-0.05595856021850887,-0.025726487454920566,-0.05563527995131656,-0.027135532865760426,-0.032734199159581645,-0.026313245803156304,-0.003635841358265335,-0.0038095011575175475,-0.017964094402373787,0.004309102140089616,0.0029684939492442552,-0.03564621729511486,-0.004610205981845028,0.017078355745348883,-0.03656737311646685,-0.012738928919497017
2008-05-12,0.010066055632194315,-0.004573677570565815,0.010705620434184215,0.007667227428827195,-0.011533295589516879,0.04947075018207414,0.006431785121778555,0.0022569425781819863,0.010797391239529164,0.013748206009037478,0.00838414515268826,-0.00203576887232948,0.0007812338919226391,0.0,0.015018158812934779,0.012146295969883703,-0.001599032902719788,0.008650805742283607,0.017107035753471278,-0.00037359687518978557,-0.016497226593743974,-0.0027368270032015474,0.00712511995224463,-0.01944815620501128,0.02402170491781841,-0.015746235695881627,-0.0354057727075362,0.019625761002772357,-0.014447884885191886,-0.013874540597961449,0.001563119425854076,0.01514105949356348,-0.008192335300144182,-0.013025877956958531,-0.032381559394496384,-0.025916869876486337,-0.0360195245719549,-0.026915669143339427,0.037468215652344705,-0.008974091078636781,0.00017375147389464551,-0.014864725053023609,-0.006097801136442205,-0.012871655736807042,0.002143594185327613,-0.026402321984191568,-0.023844216863031065,0.031860102636447785,-0.03990737989488924,-0.0045540295746464565
2008-05-13,-0.020655335649056306,-0.021361419461751296,0.008310332077579474,0.009141839236338045,0.0030671095850707264,-0.009120086955630047,0.001681595985643991,-0.009674796569606126,-0.023573878652606517,-0.013900370674456597,-0.024448117281279824,-0.02836343216368642,-0.0028627906476198506,0.0029483658534372736,-0.016720918548812636,-0.006444273927806887,0.010143984194431743,0.028873501527193923,-0.003245954029326703,-0.004408806637722473,0.006498001330961234,-0.0030409163929494554,0.0003895834313867308,-0.004047841776306571,0.006926131709183325,0.026345408064067932,-0.018961992822882245,-0.00044755219222336606,-0.026971548486632857,-0.010934205240328287,3.616321712507364e-05,-0.010653280024421341,0.016175929306757153,0.014279405224250086,-0.031197270579250258,-0.011546316517477728,-0.032615548638901704,0.033906038790772586,-0.022571952971771503,0.012245442747718993,0.020674145180988646,-0.0001254203652378827,0.01595103800280384,0.008072042010251135,-0.0005093139469920516,-0.021695077677683527,-0.004744805907312966,0.03421669991325449,0.0018069858177778286,-0.017591634098477305
2008-05-14,0.011854784404851548,0.03512006666896661,-0.010437274758487991,0.008834071973593982,-0.004227022076409015,-0.007708017824791247,-0.02659347154387437,0.004653744419115702,0.07303474712909064,0.043545766368483285,0.020799489179272213,-0.06098196646832377,-0.007830751947042303,0.0014697594566739358,-0.0333983662822982,0.005822856967099721,0.040756306306306334,0.06863004918752824,0.007992926965469493,0.0038280432543362775,-0.01463841831372703,0.009857461733076,0.0342565747649517,-0.012802159661428059,0.004215533987388165,-0.005385020645674032,0.013773716686965809,-0.019704747938590894,-0.023696152957149996,0.013412473752672183,-0.0019234455916473658,-0.014509462803426798,-0.026756939906865118,0.0031997758079715943,0.003512976481314656,-0.003047018338117935,0.021603780921114035,0.01542607785916461,0.03918371201373039,0.005895996847854468,0.04561748245524688,0.027802308401242648,-0.0024154853401913146,0.03541731276017024,0.020888470615703536,-0.0034649060620082217,0.03451927438239255,0.039545716182197044,0.0010523319400121967,-0.02533548078525072
2008-05-15,0.03643184773785446,0.008658507996758491,0.00935284917248902,0.03558477541247185,0.012253620560475742,0.03605771093084997,0.04229079884073483,0.04983838457586387,0.014003904639625198,0.03737171244207893,0.014909046023455996,0.012828863102472887,0.006840159285141922,0.0004893203911358057,0.008732660162111605,0.03255770677571568,-0.004965348455161611,0.060842426048763,0.01762094247187207,-0.013085151029120334,0.008913784323890672,0.03197165772042654,0.03105213886249003,-0.021202004307604994,-0.0004419214057986842,-0.009036786717591228,0.015034360614708309,0.02147118312944385,0.021275067037576756,0.0345712398139002,0.019634974085898316,-0.00575098911612415,0.017052451119634382,-0.00021245012889437032,0.009918388784173393,0.022414416935597092,-0.0016022451749754252,0.03697028436199501,0.0058779766609129425,0.012935998466194754,-0.012372282645434662,-0.015169953912546608,0.0024213340370615732,0.017251510797983816,-0.01866439574215073,0.021557376230142422,0.00896076579313787,0.03628725138523481,0.052860708803097234,-0.009498813981310139
2008-05-16,0.004861021322670744,-0.004379816292090499,0.014812182840718835,0.015619157001761863,0.014990155688116458,0.00721800094198688,0.020717293372344514,0.009986292957319787,-0.003757322406568564,-0.011462715269311974,-0.009401639596459122,-0.00021007988106369613,-0.0018293515496099477,0.00782410196790595,0.004768236699520756,-0.0014156109867838884,0.010717672270052825,-0.002695907766062988,0.07561362868321275,0.017955857605967518,0.0019630484856654196,0.036441976643685425,-0.0008517768813812721,0.026077539282703954,0.003978801672295473,-0.0027520666935888505,0.00544201063312455,-0.009838737760438088,-0.0005138222455016717,0.007520411972941288,0.017295756787407912,0.03169837296514966,0.011462925646576805,0.0057419678716705835,0.013287080228517656,0.0019932251181089544,-0.00834395756422035,-0.013728107200072337,0.05601492008996223,0.019255512777132333,-0.022910381381045952,-0.00228888236421787,0.012077426700956462,-0.007602295096288958,-0.0026445478016102753,0.04016390164654737,-0.014801862882946382,0.07298316320070586,-0.011624478897523383,0.015734690943612017
2008-05-20,-0.012425589068977061,-0.026805024323733773,-0.026126465064135185,-0.016598492141205123,-0.031354477456917884,-0.034109095996881944,-0.01660075855934795,-0.008570606645616818,-0.025432061274819007,0.008710173200024318,-0.017498907207616266,-0.015086904915566857,-0.026177650173002665,-0.0019411366441366429,-0.024725406512921655,-0.035105831395461085,0.004151950812946392,-0.02088990734991092,-0.013147560959654192,0.010047636580747588,-0.014544848524338572,0.028652207091786952,-0.007855449519229118,-0.010657708267077237,-0.005944508918460878,0.009762049483790891,-0.0028370319500841124,-0.01716361856470039,-0.0007337986818212183,-0.020007661519007458,-0.004101682910142124,0.008633862978946416,-0.012855325163150355,-0.00570918590960412,0.018813963635193387,-0.009448067988742426,-0.03430393086656913,0.004778279408191866,0.03833156631545731,-0.007047530308941674,0.0008432443533952227,-0.005208169434916532,0.031026133325572136,-0.012669465459449136,0.0007138340644001762,-0.013743648022270682,-0.001030108215954173,0.032228715523150875,0.009307919166773537,0.011645986474924985
2008-05-21,0.024875523100251096,-0.008618667011472514,-0.03500527055779168,-0.01687865231907748,0.0055664446131304945,0.00046008748461523474,-0.026508425461601592,0.0066096086836646695,0.0094133219340502,-0.009031985605183812,-0.002817217750441414,0.005070409923819907,-0.02150547028009242,0.006320132179868709,0.0012803169596522501,0.020683316287664955,0.030340292830608684,-0.009286973862058234,-0.008156752888184404,0.015105661257538872,0.019959798351360192,0.0019751469406712463,-0.00171841992835442,-0.0234101514273799,0.010852952880349598,-0.004038279051826743,0.010417974283795317,-0.014246505024842593,0.014027842582359451,-0.008166569309724037,0.010946880562188177,0.007226300810308395,-0.0010280891116740687,0.0017010038318387988,-0.015108956851101252,0.009036024009489108,-0.01642094026080665,0.008787556197166646,0.03132713324296854,0.019420129053466573,0.007247398110904246,-0.020755766533230635,0.0011570341068689594,-0.006564862168453756,0.005706735983399325,0.029196848097546857,0.010398583172271048,-0.0003091652457516414,-0.007148896150777073,0.0011180469757627876
2008-05-22,-0.015612308243833972,-0.005775484727222668,-0.018651990955318443,-0.03400804746376651,-0.033844733539778904,-0.04069463422629105,-0.03095571414912457,-0.024844046757147242,-0.0040923863273033545,-0.0037423135619895076,-0.013320042614177408,-0.01640934503468572,-0.017856896609639072,-0.01352657706452498,0.0037083966444484417,-0.013067231054341821,-0.01393675201599387,0.0015200726625188565,-0.03645845156062433,-0.04028743643058563,-0.021218762179750827,-0.011961497691491463,-0.009283706954275939,-0.004242491673119075,-0.021034207916174052,0.004259583319968341,-0.0026427030979599975,-0.028437904400851366,-0.0144853345578696,-0.01710032659512506,-0.007416060118766943,-0.014790409296869034,-0.005488784888909026,-0.029511214864775925,-0.02272730383896404,-0.03084551056145024,-0.03645664506204538,-0.015372318419929476,-0.044996098194706624,-0.03239528664517577,-0.03145877244212447,0.003946804780651902,-0.046242525637792076,-0.008110600634888443,-0.006687753090049875,-0.01972362154081131,-0.006208670902472013,-0.04616810106877767,-0.018649204495603255,-0.010103967962224014
2008-05-23,-0.026599018308449573,0.0243977836398106,-0.001625747444412795,-0.021009659397659752,-0.020208700213348196,-0.035179967261411815,-0.02020111631570254,-0.025510654107129827,-0.02991245812267873,-0.018726641032847602,-0.015953976323177743,-0.028020449213806198,-0.010909261752529154,-0.016650073688384115,-0.009045651391710985,-0.0019160010743536349,-0.013254480685896297,-0.023526409448485608,-0.017922930928336744,-0.035549536091349476,-0.0010727931550585934,-0.025768510821303936,-0.019982778385252087,0.0021305110196507826,-0.043867620177606925,0.0003262761664168945,-0.004886848723005266,-0.01967398110233043,-0.01925493081466456,-0.018928693601473534,7.038489043664775e-05,0.00425724043507536,-0.016040188734333327,-0.015095422059363317,-0.025000080042838935,-0.023100830466095124,0.011668945749523374,-0.01987927392148381,0.01332981070233119,0.00769540076887032,0.010020368485079034,0.011221365683137696,-0.043636036513352905,0.0033312613538778457,-0.004284178539080252,-0.018108648882462774,0.0062474593213750484,-0.002457415356611814,-0.023112362810716047,-0.014211091159234468
2008-05-26,-0.015883109921980387,0.03080052986413806,-0.02453882492956383,-0.04843134617275491,-0.022468890907261452,-0.04571871755259882,-0.06135428959633504,-0.0337741742159523,0.02472157782120532,0.03078635964201304,-0.004676676467224583,-0.005832363915883598,-0.007069967701726854,-0.007470358331683524,-0.007585440879123051,-0.05125774937588823,-0.025080571974269716,-0.03549208906056811,-0.03360348702321203,-0.026507675605805914,-0.013496936213214461,-0.04207036210427639,-0.03527090302897107,-0.016794210429594503,-0.03792146392891649,-0.0004893654841751083,-0.035465505941231545,-0.0558001676059362,-0.01850878447494342,-0.01346481325600446,0.032584542787581716,-0.029897108287586516,-0.03505692522776693,-0.012438682999265538,-0.03816319730530626,-0.03468201554901584,-0.03355474446038653,0.010619126360534414,-0.030997531194001837,-0.007537367131105532,0.0159080793340749,-0.01278989363799865,-0.027883573925485905,-0.03410827314400999,-0.006146981745172475,-0.025273532052742076,-0.013523663845433243,0.003067458068411799,-0.04221136281501703,-0.01538796301333234
2008-05-27,-0.008149269319091768,-0.000810757770970727,-0.011056609195849498,-0.012129220718092193,-0.041321118347798835,-0.03165560111975452,0.012312948173210048,-0.001383042333804374,0.014077085914719234,-0.001034798269516135,0.02516423893609243,-0.011677492014795288,0.010822739933394665,-0.03010566394455505,0.00932777546643404,0.0024461514574012355,-0.00868993131750273,-0.002954629938456299,-0.005695572902417956,0.01732039013209019,0.0050530924267651045,-0.017356807771425897,0.003938166512121866,0.0047566810225612155,0.017518435871261673,0.012686103172457441,-0.003507126101202629,0.013478696242786414,0.0014506917612797654,-0.006990536199014796,-0.025815704007358775,0.0002299362260480553,-0.048683113639603315,-0.03666246905821702,-0.03037825370598113,-0.05225901607954275,-0.01627437349749683,0.009561810360723344,0.018682680691839648,0.002997682878015384,0.009261373685808927,-0.0023496525883497377,-0.014341435954611792,-0.01281233389498826,0.0038141993591274126,-0.019621382701070944,0.002931445857708992,0.02149975362685419,-0.0017251876881453354,-0.039681655248511416
2008-05-28,0.010981699247512688,0.024920160698210347,0.013994229578432993,0.012463534868558668,0.028994844818053034,0.09671735577201579,0.06156623632824698,-0.013046404639731723,0.0418512573637384,0.015134830804581778,0.03401918032764906,-0.011985111781304347,-0.0036627904552032353,0.03673080938968898,0.02900769040105322,-0.02843890813752148,0.04192616988219888,0.05845876642855097,-0.0015071592048820914,0.006572741507284485,-0.007657446220232678,0.02655052180271844,0.016476019322552382,0.025823145327720454,0.061453891122566384,-0.0026584737161091665,0.01539523766101314,0.06547306329933078,0.02081281970359017,0.008548084278202195,-0.026360904883353964,0.03518055663490238,0.03246166274641005,0.03899156701837447,0.00511511849982349,0.017231440659347674,0.012867261521181339,-0.00020832680868554387,0.0816730469931497,0.02829556959276114,0.026359431389734844,0.013686269970708764,0.019840789266249104,-0.0003166664367837413,0.013554884952774238,0.010722211011130467,-0.010057983402999793,0.009071725687619159,0.02914380369017766,0.011737039587067954
2008-05-29,-0.023706735019863756,-0.029177178261060477,-0.023531966298622864,-0.029496113605082197,-0.02306652676648846,-0.03357198315121501,-0.038263100581359843,0.06424817719098619,-0.01466162857952169,0.0005834754694475919,0.007978527121037748,-0.023573395152285292,-0.031391584759262625,0.016467132420377117,-0.021204888087662743,-0.009209353726297165,-0.008025474453055681,-0.03639592898143651,-0.02807985251581424,-0.08213350610722059,-0.054871175485406876,-0.02061934857771275,-0.018460167205818,-0.006293654979764307,-0.02703317322882215,0.017285908275653572,-0.011583973936682312,-0.0633704420247414,-0.019865693403148255,-0.023018147960721547,0.04007454950595024,-0.04742352735056965,0.017754546594274112,-0.04224707418285434,-0.013358812888602967,-0.008469831794358229,-0.02395668177360566,-0.006662302750560789,-0.0008538540461237032,-0.03710896163336008,0.005526554060957478,-0.022921510434448122,-0.028533948636001005,0.027866063491577053,-0.010030375735815111,-0.017680568914895445,-0.0236218360462932,0.036366044306583634,-0.02030391465665704,-0.03492193366061047
2008-05-30,-0.024038578077742234,0.02038562887571893,0.037247392306406724,-0.00960742089360489,-0.011053204929867944,0.013090772701324305,0.019193964145481468,0.034833747137174687,0.04473968822956009,0.041024946825933384,-0.004690633729837468,0.014004835587933417,0.006423243777564869,-0.031909896133685,0.02051746427922252,0.04093523353456785,0.007476893502361914,0.015847866622963336,0.006523532837997115,-0.013113787030318846,-0.026636851748021995,-0.006051849939489595,6.546449439293056e-05,0.0010555409090400314,0.008335220108260266,0.02104201919206372,0.005362361361301415,-0.025115151416900794,0.007771975867487457,-0.0017009370607996566,-0.0033744332413198075,-0.02984711099429349,-0.010176243059545564,0.008681044943098737,-0.003868466158993167,-0.00455579961532282,0.04313876951727291,0.002724841264879929,-0.011353770429776922,0.024753545242984343,0.017135043491361746,-0.040876494838891664,-0.030707876599157857,-0.029575163914180247,0.002865770770679399,0.005759299317569022,-0.004536068432892781,0.020472759861577927,0.012154239230802055,-0.02583825216700586
2008-06-02,-0.018597860226175933,0.0017123417288738008,-0.04252194264905296,-0.02986287937809906,-0.03470588331147084,-0.05534206972410316,-0.0637131454039288,-0.02105479573779312,-0.05321663689655731,-0.006113850527165954,-0.019931152433647625,-0.03710068056812321,-0.0635333979660665,-0.042596376036798556,-0.045454698264921656,-0.04143007688096956,-0.03743921933403971,-0.051481966383934985,-0.05185178004106783,-0.019541642575340634,0.0031344562103943208,-0.04358094131582224,0.03178042796511393,-0.009067972006456482,0.010103412536853984,-0.0191306609580556,-0.0049510361623120724,-0.0347003768878581,-0.05156489963644073,-0.03263189839891856,-0.0039733327171143085,-0.03280851103068705,-0.05250582872883203,-0.014654423093548474,-0.06990303028007794,-0.027459782225669804,-0.05311932613509873,-0.009929052748997247,-0.02383303612425114,-0.01787125144767232,-0.03464636979192404,0.055417984384881436,0.0179064022439841,-0.015555317154028914,-0.0031638074154540785,-0.042233036183945916,-0.013045009311403732,-0.025502716843168405,-0.014856239933767723,-0.04935738121907962
2008-06-03,0.020285590940619436,-0.041084977445281945,-0.033651374911110254,-0.005882040676196132,-0.004839475415477024,0.010742444611185897,0.03151970611965482,-0.02491601991530268,-0.008842656175039099,-0.014634846364146803,0.012221828112338518,0.007442052405880251,-0.009293660472786902,-0.037076263506592655,0.006541349222953574,-0.02760099079244116,-0.008457818920279303,0.014254382776891061,0.014973921139860735,0.010629946460915862,0.003125045080744515,-0.03742576248220031,-0.006477758730794814,0.0014897258904360555,-0.00022751083989547283,-0.013914199661338111,-0.005563702809886495,0.006536093639393004,0.0358735076988399,0.02633440896769268,0.0038503865267247583,0.017022738563328144,-0.03758988373348304,-0.03257778412875334,0.013918144748753303,-0.023529722427336752,0.011294894890214735,-0.005172387298346126,-0.05768518480029872,-0.017596340275730205,-0.029798964976194053,0.013714269719455663,-0.013532012471334176,-0.014511528582038524,0.005426035692756015,0.019432108683516303,-0.02290408472125849,0.008897983282789568,0.006172611339580136,0.0023417827818679182
2008-06-04,-0.04140604183858587,-0.03690285786936354,-0.04058773070376598,-0.003944699273600749,-0.04095510433171634,-0.02719801731412963,-0.045872262952137866,-0.03194452987785268,-0.018869413712519267,-0.026817790300717848,-0.01603286244346136,0.055879684974123434,-0.012820330941437752,-0.030802966125906384,-0.03353279584681579,-0.04844657691318999,-0.05559101454397142,-0.03567564330790651,-0.011866486249787922,-0.0515381369545973,-0.04277158833574335,-0.0664180272126893,-0.04557636608349358,-0.021249428456763364,-0.018644912102764866,0.005025167376829787,-0.008505774901716778,-0.051948416064294456,-0.02531944303548528,-0.0490005135198488,-0.005839505078951035,-0.024435283855738343,-0.027984475498514017,-0.0190337189163462,-0.03637609524144747,-0.030120364396341248,-0.05249421672424737,-0.04138382358107673,-0.053832754938988536,-0.02859771286378998,-0.015781835210491146,-0.02668187182370496,-0.04663909952386758,-0.028468672495480685,-0.002647510099999084,-0.021994311037453973,-0.045863370281953864,-0.04703637162311958,-0.028267290329517802,-0.03751415288219084
2008-06-05,-0.026094356216252557,0.015055250163353406,0.027284213990524053,0.027258906827968055,0.017540119860799175,0.046281200147427315,0.012920034048710782,-0.0144040178070588,0.026235088385723415,0.05818684783526806,0.06437300087637565,0.08000462157776878,0.05733268865148644,-0.001702901410525648,0.07194728764294078,-0.020609731315420543,0.03440844083033712,0.019898911762264326,0.019798565947644287,-0.014878706460784152,-0.009499622551805031,0.08063196771813752,0.01975729896492595,0.032783554653954994,0.031047205859529248,0.005319822378669237,0.031424902408873745,-0.020547577512750936,0.01026449043872213,-0.027341474316967984,0.011400394049540186,-0.020412958510249712,-0.021540750985409085,0.005721204361930132,0.015669387596758177,0.00807470920282194,0.02278994131241241,0.003984800847895098,0.00581728038200735,0.026401234319799016,0.0546552811565979,-0.010231668540188088,0.007194392532844818,0.009430900423111899,-0.0016333453686301347,0.008246000670044884,0.002622151585766508,0.015605785841305009,-0.007831661281950453,-0.0009709302782441309
2008-06-06,-0.0036943654049783614,-0.024983098588521657,-0.012578573202287613,-0.011307963713213853,-0.014321616513057855,-0.013425694785636932,-0.012987072706684422,-0.013123924295941891,-0.015939293005459154,0.007072318021970725,-0.044415031488529544,-0.01896322102677217,-0.007789220076457881,-0.010801424617774225,-0.028227485216259063,-0.014778654994976215,-0.020908680579918237,-0.03517441311297731,-0.0225968897276283,0.013508590460036718,0.0312581961877072,0.014104445982781266,-0.014842878034711626,-0.0025226646564598942,-0.04067406135123641,0.0033027145747455133,0.0062043830704192615,-0.004661946434786013,-0.01766298181981818,-0.03812945687649161,0.017182416824519153,-0.0019177387918782873,-0.033023133426517304,0.004452216595014269,-0.017531610457358293,-0.01725221801827459,-0.011525209026366112,-0.020727466569794073,-0.0005642199185427188,-0.02102680444371441,0.024194788296181047,-0.016904011803348773,-0.001428723084272554,-0.010343939055498463,0.004192660231916445,-0.017843676333946012,0.009103945112009626,-0.031893608134437756,0.03181581301220682,0.01117650303121831
2008-06-09,-0.03386178465762124,-0.02581064647599285,-0.0396364910249718,-0.024824593204654355,-0.030407572844804664,-0.07553770534383641,-0.002741095250075265,-0.030364144347821864,-0.053922686471556625,-0.04617404445824125,-0.0500393652115636,-0.06283642485599317,-0.013888679744784804,-0.013793072447589427,-0.02143030872078966,-0.03375943562187145,-0.0011528127615380024,0.00028475024270901983,0.002605051591422436,-0.03785646080087435,-0.02591921605490155,0.007992573659644009,-0.015266585412540112,-0.023182203634310117,-0.028577955661324816,-0.003767548998949599,-0.014807680948381918,-0.04098382325064165,-0.02347050222699054,-0.07233821198248791,0.006317895554448061,-0.022415730915520515,-0.02539397354748618,-0.013050984825782597,-0.049964258030304576,-0.04514097881149137,-0.0520793970585417,-0.011483914694459973,-0.010868112566927213,-0.012303099165688058,-0.05139669904481947,0.021361179462166868,-0.04148782075985702,-0.05832772002748543,-0.0030550934942413788,-0.05601845803444061,-0.04098273825949239,0.005306065792954451,-0.02974228038741189,-0.03906358592082193
2008-06-10,0.016206531584634032,-0.00639952595265858,-0.04330032595914024,-0.025789768785446143,-0.012011478276634624,-0.03072086214435099,-0.014921882413627796,-0.005405215569873056,-0.03839839551705038,-0.02495396681682238,-0.008224057096477,-0.057275782538247166,-0.010716219151819417,-0.006992991056056219,-0.011609531623809288,0.005998930990104512,-0.0036444341122324753,0.0034169250314477484,0.02468347382338032,-0.019240050166241973,-0.00035376176700496753,0.004858750155346758,0.003993959495703914,0.011218666551912504,-0.02797211676307254,0.00047750546583924525,-0.006393836291347599,0.005494596581988143,0.002362511851432547,-0.0018715278258367718,-0.004230047715205298,-0.004716939637211759,-0.02717882663636595,-0.03144500014664098,0.03305784375977394,0.007222505123001488,-0.02583022066126972,-0.03519368816798396,-0.016409723048250946,-0.03789734667698008,-0.0434124115976372,-0.008806233959225973,-0.010447947427525639,0.09273188488889006,0.0005106853842886672,-0.012028967681355529,-0.014912130661167255,0.016431300485896694,-0.013436062144901229,-0.020075764511332417
2008-06-11,0.02896149307354201,0.03941764349602184,0.05651960660996269,0.014022998645464524,0.02419778606568057,0.03565658262287763,0.016264083351685832,0.026321616947185822,0.012912256463626814,0.02092751685341665,-0.00010523295243436426,0.0022302778495146836,0.025688285723447724,0.0046950639718961185,-0.004938533685455937,0.07108756097761626,0.020117237683235922,0.004824234317086118,0.038668799353928085,-0.011181760020098186,0.02431935240357408,0.006149844003824567,-0.01045166992975155,-0.0057606537968902805,-0.010171213056086037,0.024827810055503274,-0.010973121974568012,0.07164553729967982,0.03413798423187209,0.06697933524072663,-0.003607533823423714,-0.011979853518506278,0.05541427748580685,0.011805778205265183,0.005090922198353276,0.0013038452511069387,-0.007154658172766948,0.004249848507853482,0.020600695124176394,-0.0038401531438702063,0.03095886494869693,0.05859661098429725,0.019608062908695878,-0.01605499773581842,0.0005104933602229078,0.01623390064129726,-0.024687559843780793,-0.027996119114352735,0.045506423791196404,-0.010206847258502294
2008-06-12,0.0070310698195632515,0.016297087604686622,-0.029088393865679074,0.0027658287446661323,0.022557193737652526,0.012113744988717423,-0.025810062579040505,0.01922068656789877,-0.00235851666799769,-0.009483079409448592,0.012702237536374561,0.0012025368020076588,-0.015389205603538514,0.007009042576505475,0.01113320195496681,0.019131836779600286,0.022887278349319917,0.0028240430165118457,-0.0070188300904213685,0.007340447254031712,0.002071800719300354,0.008957396439574383,0.004156521793771795,-0.0038625347147404065,0.0022556985610000524,-0.014326451141392083,0.01054703681319058,-0.02662906267260301,-0.0067592339522142275,-0.02870257539246146,0.008729955074451734,0.00866084542407064,0.03434702806376144,0.024927177515515098,0.029667207266619755,0.02929681635457171,-0.013565054000187815,-0.009874313918562083,0.013219619087596168,-0.019275346310869912,-0.004265868870364731,0.005245530493370065,0.023668546904569654,0.02331007645836669,-0.0009184466444382977,0.016772960955884653,0.0008333782803371381,-0.07377118469472843,-0.001325896483057476,-0.013332535832636938
2008-06-13,-0.00303009448779501,-0.004450886619633332,-0.0339201849767895,0.02966693455972247,-0.003247244282501005,-0.013788769619129115,-0.011596151967293133,0.0032356466739167367,0.024036388734147707,-0.004400417376087207,-0.009018110391287748,0.0114725322399587,-0.011645607416474357,-0.006380254068869551,0.014858435248210178,0.031353366155215445,-0.017351129808184207,-0.008448049517876144,-0.02151218966254409,0.016543560859914708,-0.017403073856979367,-0.04541819259063595,-0.019883074758388908,-0.02305041473724967,-0.009002205195578816,0.0074261444899608176,-0.013848394052488056,-0.010477230306912277,0.005776393592390905,-0.03457619027815195,-0.0019791564869982015,-0.024570816311619725,-0.019035643970198857,0.016041379266911182,0.054813807372241063,-0.020873019160633444,0.016759576201193616,-0.0009499098038827647,0.031565493130232936,-0.05233591567581919,-0.008224396247179078,-0.0371391311126511,0.0,0.007158949683553795,0.005106744740360547,-0.002356442027225847,-0.019775206293661918,-0.04950361186745311,-0.003124435652442914,-0.010377230431873774
2008-06-16,0.005263449380570107,0.029336157557334985,0.024150107930898335,0.04200958249300957,-0.006478683456805467,0.04435758430044667,0.02810839245390473,0.007315926579218424,0.001318504018118949,0.022045091447816523,0.01997883679816237,0.0036820314223868778,0.029767253825816464,0.03502632555219454,0.03071895685809478,-0.019742681747228596,0.009453312318878915,-0.026697185811587643,0.023241437643744645,0.031228100147404403,0.007101963142074341,0.03987548069878777,-0.007061966943675779,0.019404611565426944,0.016906395619204817,0.00796288193868322,-0.00609361753960147,0.0,0.0005513270885226795,0.02509075876560596,-0.007495165186537922,0.055119032671281376,0.03837873205904474,0.004838300462614464,-0.0326450987866993,0.0012920535627209961,0.029163095187024313,0.015329987169193204,-0.04147967164925426,0.036738635076730475,0.01261226901401713,-0.024864711304937837,0.010115650208456728,-0.0003228903153211782,-0.0021337494933959533,-0.0015747374332997222,0.03376519406863787,0.048599022982172224,-0.030165386141846495,0.0242155307291676
2008-06-17,0.02214837583565532,-0.00928184250956221,0.05603677391428574,0.0290928044204406,0.045946417808578666,0.0798507942469362,0.07552089420113917,0.0400662300557002,0.011528590090556845,0.0019656701589734205,0.013844759312503951,0.04520481600934101,0.012947950959801613,0.029892698092475634,0.0032974627048438787,0.0089074325291989,0.0019435804510470334,0.008170152846910028,0.026396498696894977,0.005805132746640851,-0.004614246505001196,-0.0037614936023887546,0.05313427129858295,0.022496411243004166,0.008684707785999057,-0.015134810302778523,0.000737675563516671,0.028235249333328438,0.0031450616357551198,0.031180374033814573,0.014561640856750824,0.02297558607294814,0.05813961484794228,0.05397879575690823,0.033746765272760104,0.056774220680062326,0.033264824493191236,0.00550072457512174,0.047105683855112934,-0.008116268803198934,-0.0015356419410842426,0.016475945545531,0.012875542330300416,0.20006455998296047,-0.011608889698328295,0.01813873153774548,0.014584864232130457,-0.0007548201922960018,0.018662226602169874,0.02563177343633183
2008-06-18,-0.019632423434397195,-0.024623193130488885,-0.037284490998119146,-0.04106498192086394,-0.026630802779734064,-0.055380710730560834,-0.041629868336854337,-0.03217281562474161,-0.016806680584229294,-0.02568604579660161,-0.016791304131525853,-0.0014721397523991264,-0.0053507039675038115,-0.001095343398454518,-0.005435584999780141,-0.025317985987310165,-0.03297692494458193,0.010709256129149969,-0.028409216680912674,-0.0032706453309871986,-0.0028863409388434347,-0.01383218715604928,-0.009005156072134146,-0.009096835488500932,0.013284391018660191,-0.004685836406340682,0.02655504996835134,0.037185519290094504,0.006192873482265382,-0.029646538559317093,-0.021495769156443245,-0.006148257766322884,-0.036499194377424216,-0.014186203717029833,-0.02731528907972014,-0.01220998929044903,-0.015500439343049788,-0.0037246131641709423,-0.0013550768984170736,-0.030079478587157538,-0.04477112588036258,0.01524393976123184,-0.0014122431184265816,-0.012927525453844013,-0.0028848927381833755,-0.0023235864599508993,-0.004960507158436767,-0.005640284981656807,0.0028550887541414216,0.07820478147359156
2008-06-19,-0.017030268713157937,-0.00825078046819927,-0.03889927556050443,-0.04237901550915313,-0.03705889613935398,-0.0431712268904515,-0.05604672631221008,-0.0479996473845854,-0.014318937104988994,-2.703455419084122e-05,0.009979191930747255,-0.029763605805167348,-0.008965909522552495,-0.02138167955962944,-0.006863298212755109,-0.05165194501981307,-0.006990478486199825,-0.013745640681579685,-0.018159001903233163,-0.026056786873676296,0.017543857322989576,-0.0025396096422877212,-0.0017369844952173086,-0.009820637636598462,-0.0007285642189776009,0.005505877069868825,-0.010297528176122617,-0.015995989410685363,-0.0009351431626499762,-0.03126261524403173,-0.009824281373304045,-0.027647636979188706,-0.02219975975972055,-0.004634147888214257,-0.02602739871348181,-0.024721768539600286,-0.035123497343726884,-0.017525361574854736,-0.011804403282128395,-0.03006179147024679,-0.02218272997967996,0.010010556430716466,-0.019802262380330227,-0.05062584323353747,0.006613059134879418,0.0069872847121741355,-0.034998515988246215,0.008407182922220757,-0.007038587389768591,-0.041894247165088716
2008-06-20,-0.06625443073850212,-0.04923317362052848,-0.021995664363296474,-0.02740164813144419,-0.03963858110035612,-0.020052940906073125,-0.03078671416371337,-0.020924097827194843,-0.027195919712237004,-0.019007869922331055,-0.0348372976813589,0.013965197803867957,-0.017491275951999063,-0.02296927880868227,-0.028410618553408762,-0.013133230187725387,-0.04823702963582566,-0.06387914729405453,-0.033542839082921216,-0.02962737120120329,-0.00999982148411327,-0.01903652190583649,-0.02503180396265592,-0.026519994146900094,-0.03595722396579293,0.00011878477397497811,-0.013964174216857583,-0.04708492222952376,-0.02487540196043625,-0.04274940798814886,-0.003376243880650387,-0.029343232475181558,-0.06144524571077481,-0.04214646123014121,-0.03867800344595684,-0.042458853029475274,-0.028033307366843174,-0.04435749593790117,-0.04489933210225072,-0.06027197843853449,-0.025978421072260782,-0.048676558062844544,-0.05194814925253921,-0.07793723416054776,0.03202622931631027,-0.04626059842270169,-0.04934092745871754,-0.0015569245069341209,-0.05614810838749884,-0.044073908103499204
2008-06-23,-0.03501334192653616,-0.009076689874999877,-0.0024584479021719785,-0.016713300416560828,-0.03575008191569229,-0.009308199793494953,-0.054285977910119576,-0.06510809701624876,-0.006251000976779553,0.010289976114756572,0.010342692280383314,0.019765930192091385,-0.004603845222073577,-0.034977158403347475,-0.003424654965330287,-0.032380684902118095,-0.04071266883035041,-0.07940473740497067,-0.04508587784559981,0.001021049472433866,-0.044061156059618245,-0.04851445846359481,-0.05546762862490773,0.005758655791475942,-0.015120766037171052,-0.01055282715914907,-0.012989510917307712,-0.013529396680598493,-0.030787559232028694,-0.024080492416187038,-0.02378245716444627,-0.009363578343229872,-0.05881082375507318,-0.0475826595698009,-0.04828084124973875,-0.04169422803831224,-0.06543263327960558,-0.05587337606678999,-0.06224853892295812,-0.06804848134442842,0.01596562384774658,-0.02901216033362486,-0.02739698813376734,-0.02097251511526277,-0.022379275242856544,-0.03476128225279329,-0.028945356963112512,-0.03863175505832783,-0.030208610493393406,-0.010253456933156047
2008-06-24,0.018265389338818272,-0.010609615457999766,-0.03276903075548754,-0.024351397238936312,0.002034408429253398,-0.026536467606600445,-0.04345109033787642,-0.039086413003460274,-0.016366911062310585,-0.027819635014593946,-0.017758110310253983,-0.03497972356845169,-0.04039455758419652,-0.03089690193733119,-0.049695939470773,0.028499665436708455,-0.04646312150277998,-0.023921673370272067,-0.0071327512740892995,-0.014179248735940786,-0.01585031620017041,-0.06248706798657244,-0.016353035220984635,-0.053732882133367355,-0.01995935582954933,-0.01772271101114964,-0.026600125843957878,-0.03577816454765603,-0.023267009660402294,-0.01312229026707512,-0.006869373023934089,-0.008236154147573393,-0.008724191188936636,-0.017190382580665964,-0.027670916499612064,-0.02693378983992545,0.02395198224647732,-0.028733588160638535,-0.0682199696559751,-0.030913561568807757,-0.011832371810083231,-0.04502242527051692,-0.021909175079280585,0.13112618427912115,0.0019331916439278007,-0.03266330634907022,-0.05322059272188573,0.007063523967209218,-0.022274404523442426,-0.011829652058913065
2008-06-25,0.03553568203473856,0.03889727714938074,0.013872548756860281,-0.0070396307494065,-0.010482706344281278,0.009430520185750968,-0.023780455865939798,0.004210862575601659,0.038371182622646716,-0.0265820977925304,-0.034457116087637796,0.013527089866547382,0.007390735633631351,-0.027590351289635495,-0.021835826377634482,0.027030972633408812,0.04429757646561594,0.025198756903633157,0.03215847722585341,-0.018729261215412962,-0.00018488297984631252,-0.009937395860672438,0.02253574082086285,0.00581832458651399,-0.026370691157805326,-0.05269819097471229,-0.019071452046932946,0.020407748326163322,0.0035478034994784746,0.042959199628915146,0.012586139540684993,-0.019605616805446924,0.004757443869792599,-0.030882634980322066,-0.03320159785805887,0.004968125799637235,-0.013495233212843072,-0.02035536976649166,-0.02007226473414392,0.041137555778120394,-0.02188996817354616,0.0018487353836438292,0.0015996363548229642,0.05652815539774836,-0.0019294616248373142,0.005194803512246882,0.03884207555348307,0.044786457842906024,0.015573327531097414,-0.06617590495598924
2008-06-26,0.048478778678668455,-0.013399208698329224,-0.012891517386277251,-0.0009309073684233837,0.024663160549102336,-0.009999313235686924,-0.009991420965274056,0.019193897491565082,0.0051886671807537255,0.021955203661457645,0.06322307738437427,0.007337667279826432,-0.009888451249612018,0.05674650854406238,0.03924333885285036,0.0003831479486973155,0.018785325505719763,-0.025589573891557027,0.025190581656183042,0.029210154359239127,0.02314368140905909,0.019712511253622944,-0.02319526844671349,-0.0148079859382092,0.028425974067889825,0.014219895395048532,-0.004683966878092027,0.06909114892926915,0.008586013329759945,-0.015364421405400841,0.012605127410769024,0.003194575715973036,0.004261375402493606,0.027636641049882504,-0.0269827879763489,-0.016949119419244707,0.008208610346322809,0.03138523773807611,0.05758913323826165,0.09288792041096139,0.053558151926034636,0.021577139445016824,-0.0399356388592752,-0.007876166380323846,-0.0016278320494869103,0.04134344111653476,0.013818012555404824,0.02690327908211887,0.0354012234918446,-0.01998548353698193
2008-06-27,-0.02540691430745512,-0.027942149023837293,-0.036680725379832024,-0.0650852015918073,-0.050958647533897894,-0.07313476010745967,-0.056901297019456676,-0.038958144857802135,-0.01798364762308713,-0.04461920989995383,-0.07928565902714046,-0.045024414181061956,-0.02835053015811706,-0.044152989749266514,-0.0648514934241059,-0.038628859655506886,-0.03938935915492359,-0.03628187384518988,-0.06757185248257369,-0.08944682213265687,-0.07247555265857919,-0.059944904786705666,-0.04904569546697979,-0.02043233906649189,-0.04198176033884338,-0.017674276835355385,-0.046886089071408676,-0.07766441948855596,-0.03238225325446409,-0.0590970945628051,0.0089023350982953,-0.017026768633985445,-0.03488941106544163,-0.020581805970450562,-0.07563027822879642,-0.029454038063224552,-0.03166052133069075,-0.054233214391773754,-0.07445643321679063,-0.04744400862328302,-0.08024710766876975,-0.051066480466167685,-0.08818651406628553,-0.08513563335445784,-0.0006115094087145723,-0.021505408506633295,-0.058870768585243205,-0.049442938996501984,-0.03706805451360451,0.01113085355868737
2008-06-30,-0.040088839502835594,-0.035697459629110195,-0.013899727900419712,-0.03365767701308364,-0.042714248716451464,-0.037464041495657185,-0.0593152740795051,-0.03579308882745025,-0.008434662377859947,0.018381955876520806,-0.0017017614480241416,-0.020960955044320384,0.007294726984366173,-0.01997478435220068,-0.0251645290607726,-0.0013030090951084983,0.0028894779308898944,0.020437417065426455,-0.032593586644879324,-0.04118364124140517,-0.0468247986536533,-0.002924369706557295,-0.04076250815704474,-0.006713025776716508,0.022319084576026604,-0.0058820203752744105,-0.04854975353384683,-0.06637966679076523,-0.09349652557794441,-0.0675133736797181,-0.008065269512832263,0.00014066316863248218,-0.0063504208409669305,-0.002241439481405205,-0.017272492103906356,-0.04737229922651298,-0.04343755517864534,-0.025883068026523626,-0.01578036748303191,-0.007324379387210644,-0.0029607371876974042,0.013764900487851728,-0.034671738740779556,-0.037103538684798876,-0.0030590065561011404,-0.03972953361234344,-0.0601193009664579,-0.0823781667005643,-0.041219913855815915,-0.033668343288035585
2008-07-01,-0.024342051922593644,-0.019896275418875953,-0.041840427131977775,-0.06521734107785648,-0.07763588531612564,-0.018510981608536148,-0.036728059231602495,-0.01938503908731848,-0.012234935955008353,-0.011400183430143707,-0.057279251320441316,-0.026072059502994183,0.008228689639453446,-0.07070056272095682,-0.0129075309418889,-0.016927185658533128,-0.04273837302252348,-0.053056920783295825,-0.011111169719586478,-0.04119222564588765,-0.0839217016041992,-0.0456007269836507,-0.07306765152944361,-0.04586055261358701,-0.025559241077351746,-0.0589949606442115,-0.05275682134542492,-0.038841373830911574,-0.038724923062149585,-0.06886987631134533,-0.014975572362058376,-0.014925240677359675,-0.04252724319138523,-0.017130021031621423,-0.0203517555140299,-0.057498102296643094,-0.0009765950461130268,-0.05093932374901333,-0.04269783650902792,0.020257604201795454,0.028311380056105673,-0.01625031383818054,-0.07750460078379684,-0.02889977589790027,0.007262117380139044,-0.08098611377455645,-0.03457209126907079,-0.1384634581988372,-0.04262515773318798,-0.09870274311747451
2008-07-02,0.048846751450857706,0.05007810324385886,0.06459461299358926,0.05423525459264944,0.051741015024243,0.06836746169378949,0.0836802570149553,0.07174372578767296,0.03397445671781818,0.06033786963388588,0.05641944722819625,0.08257724689095913,0.03754484913201073,0.04386535604086261,0.01870190439298436,0.04933257842482819,0.0617743218224025,0.05751391857804933,0.028995946853634713,0.011627600781299874,0.05552455922543098,0.09114813346340167,0.01347337055943476,0.012901693653870616,-0.01693991446343579,-0.03236417973726491,0.0037664829630683627,0.036985985284363254,-0.008116592692809288,0.14725012691631956,-0.024762698998134325,0.03516224177236005,0.051604824914944114,0.02599993345670981,0.05004719125882673,0.03957131839222172,0.04985331373642454,0.05119851447578938,0.06262517005496226,0.009993244835757586,-0.02214113261730022,-0.0010282132235561736,0.05532779584226466,0.01152003721081507,-0.001523442436453748,0.054598009539328585,0.08422756674148801,0.031125126880252596,0.03111823660145152,-0.027862556138830707
2008-07-03,-0.03446830338428486,-0.046544927686402615,-0.041990916304902814,-0.07914028383685312,0.020494339415328078,-0.08550714396054004,-0.10721348668244901,-0.027939311759238805,-0.02264675692799878,-0.04259597109415081,-0.01791599175012548,5.808535545592797e-05,-0.0399621538106395,-0.026263867845087496,-0.04253724717507501,-0.014722670747499667,-0.1117036495559327,-0.04877198232310098,-0.09510391159879716,-0.05251065482695483,0.018225207082264605,-0.08571444972184317,-0.05309064948697384,-0.019230416402127193,-0.058921457638847485,-0.019112090996587727,-0.044286619199746635,-0.054160919742437974,-0.058177737094064375,-0.09587922911819857,-0.03566415297310477,0.020989070028166967,0.02563458345415781,-0.031746043972592175,-0.04586339431692166,0.0007929385876541684,-0.03724375736093788,-0.021483320759425606,-0.06236104527948938,-0.0822808721351268,-0.0681237069188182,-0.02410494665923746,-0.038834827529593,-0.023094078086197234,0.0005087257056979322,-0.0517713944512167,-0.04663524843293432,-0.08299473191007778,-0.01290757156097011,-0.0030368297049386817
2008-07-04,0.013429312898654011,0.013281697612290255,0.01610025066215992,0.05542913221192336,0.022172554652965415,0.03490180348614791,0.048477298448322825,0.06700570288052976,-0.014183039779359086,0.0073148883050442315,-0.006158879083059121,0.019898062112436055,0.008849918704897375,0.013486173112550182,-0.02572095862189694,0.0700047862721962,-0.026821662476636865,0.020287807948933922,-0.004670888335758128,0.022219625704493984,0.012358718975051808,0.09777446117990962,0.0006380258164173647,0.026228280093007816,0.011222555922282496,0.00560186577628663,0.005799936976289999,0.044692984616645504,0.011549004782609673,0.08515074815619328,0.016428833948622934,-0.006897331719757704,-0.00856928526919487,-0.03595031608323296,0.009425084217272062,0.037242565126634375,0.028046288630641403,0.012782078221872828,0.010963107267040195,0.03603352329674969,-0.0023242660171909346,0.003991159834821456,0.05656560349157247,0.00582944945739694,-0.0011180807392344727,0.029693870146762835,0.11171653683315808,0.026170492456293992,0.011476796772281306,0.009900241935007603
2008-07-07,-0.033223913904652735,0.014641489383887762,0.00509838438764354,0.0025680845220203974,0.04169466780697517,0.005828905103945736,0.029825882799755954,-0.008251421402225234,0.009176759680469493,0.025059975969986104,0.035426390327783164,0.006902375585382092,0.011045953512410556,0.021956179684742505,0.04575963221056778,-0.021530395151910575,0.01795758295061667,0.028199487755877106,0.017207563675897042,-0.019362818228887857,0.040307401555445654,-0.017831443645014322,0.044369575377442905,0.04094287426029286,0.03884368674342009,0.01860077229224122,0.02531240460593631,-0.010026785618039158,0.04158402087180435,0.02479264479097676,0.007306228438314966,0.009396403365394157,0.015365896092131681,0.0014916209784161527,-0.03454696833079418,0.02139025416502971,0.061617631372094195,0.02405351344609219,-0.006325665294312444,0.022182568610072506,0.031130999475242227,0.03457849900700327,0.017208602652757143,-0.002254041926600281,-0.0060040954150002435,0.0418604570233454,0.06360884592781968,0.0636247864612971,0.02920410350741398,-0.011122680438651722
2008-07-08,-0.024035914082381926,-0.022813424118584447,-0.0036303076192482076,-0.017847019921213625,0.03063799762782904,0.0049671903707897425,0.03908272466022078,0.014946472318910775,-0.02587236791615455,-0.035115291560287254,-0.04979689987377911,-0.016826521371386738,0.03663212156121842,0.029296864743686646,0.003060309281739393,0.020982360876370842,7.66752437699747e-05,0.021800255990156447,-0.018069954613147754,-0.037961905761207504,0.04936778894227589,-0.05031775857114429,-0.0068917128256346105,0.0004769913037918627,-0.03401762488949156,-0.02496654971608303,-0.03452247899856664,0.0020253870617170655,0.058728646856505584,0.009042906460294597,-0.000146371968246517,-0.002612406787894983,0.028375544507856842,-0.0014893993590869847,0.0038684101446779806,-0.0007477118094540991,-0.006202548291143417,-0.0039148404930313685,-0.009276061867149799,0.0006698861219245345,-0.02854788034232103,-0.0002898445651999815,0.030075066114322313,-0.024201576334880626,0.0008191021786603248,0.0,0.008120098625406191,0.03721540605901974,0.003433490567312125,0.02030346129634819
2008-07-09,0.05036738177279143,0.0497153705694795,0.05640108086588591,0.04601700041698731,0.02496566667100808,0.10239738052169511,0.0782301988589087,0.05260500079563313,0.05607032258730049,0.04911918090487433,0.03244225958208058,0.01106412933294565,0.04432735773535956,0.06957619391969905,0.07779146400555437,0.04894252695060741,0.03934354160112097,0.002408902557661019,0.061080575897314304,0.07839011725768374,0.02969233221109402,0.02828713169627206,0.02854879495451801,0.031450846965710655,0.07013965648178977,0.008486637490095816,0.0462720411730968,0.03571444345802033,0.0202318829981607,0.04818429414434866,0.006008988082977451,0.016682732705655123,0.01241680664011513,0.0023865440538157756,0.04046252980836362,0.042664735716545055,0.09496193618644888,0.030858906773139072,0.06517335680312364,0.018072339089922007,0.030021122413023127,0.037420986073835705,0.029197226226130413,0.0363758195091155,0.031812787921212005,0.02946428024679193,0.05551314347269565,0.03509700401606253,0.028626267529045846,0.041760035737789636
2008-07-10,-0.015631175095197958,-0.006229999782847773,-0.003826853736008662,0.010152265582250575,-0.001009800413187989,0.013973893461387998,-0.004420402388511935,0.00364664587118968,-0.009523579348055922,-0.009138860063428789,-0.006791233319514256,0.006155075078067673,-0.008904223935917055,0.04376111756050771,-0.00014155647498881319,-0.005502145927407498,0.031434314589916745,0.05149325128943172,0.03173416086220393,-0.018664438304467956,0.004494246589792583,-0.016656676427854067,-0.03399092013885474,0.009471153713340952,-0.025564219094465268,0.001692644314776004,-0.006081366795381626,0.03383212644043465,0.029792235268430334,0.02143006727687613,-0.003532865485214476,0.0020342300713238615,-0.008857550828991423,0.005357001291070862,0.09537015768971502,-0.015075565444066963,0.004071887401076113,0.026405108260271648,0.04395040671720141,0.04115706361202531,0.024425457692811348,-0.037259480951504775,0.0070921063344664415,0.008296166006024785,-0.027758729176887154,-0.0008671583303708763,-0.007631002171673673,-0.03489582275248404,-0.02456021543042397,-0.006278118306380143
2008-07-11,-0.014926894069597352,0.004247010560067155,0.012900780860294114,-0.041011650804749,-0.012696617317633607,-0.019456091906948636,-0.02220092305474719,-0.0703880983138161,-0.08037818857943202,-0.07112589804453584,-0.04461678614786835,-0.03761187770509955,-0.02965002192789512,-0.04759202381560712,-0.0243452983809348,-0.02673695478766236,-0.04700213020401012,0.013385409148630734,-0.025035536108567125,0.0017519525288438587,-0.0071769992941828065,-0.06362758714950822,-0.0014144178970277865,-0.020137179268277516,-0.025676769205721817,0.015691422937119892,-0.01686183282643383,0.01258631076570249,-0.01509795689957838,-0.015762602098921552,7.298181234793866e-05,-0.0005411822138803313,-0.022914969042807654,-0.011249182590023166,-0.0650887823589158,-0.01895047521295501,-0.06488250789115446,-0.013894758491244663,0.008254940722465909,-0.03612038418962882,-0.04367899990261492,-0.031731245644336825,-0.04929572503747515,0.027531688055478343,-0.01009481076103369,-0.021701345759895685,-0.01974444549032639,-0.03465113405965725,9.040471435528552e-05,-0.03296102350480057
2008-07-14,0.013565773800823022,-0.01214940644551532,-0.03385459245340394,-0.021467168852353335,0.030347770990454714,-0.046448640028155186,-0.027780508269454662,0.013869219741967864,-0.03850461296938135,-0.07233804940387434,-0.022076954180710984,0.03090066301303307,0.030864364886113105,0.0005949128445048579,-0.01334697099850557,-0.03571886035485583,0.02604902864474745,-0.033182813004546396,0.021276534026782423,0.023607198642480842,0.025347428136392125,0.023572918630442752,0.0066400044729744145,0.02802412563812351,-0.034087708838391295,-4.743599474055227e-05,0.007479776153328732,0.0192666813750606,-0.017441040014496312,0.009498663081947578,0.0031109790629462175,0.0037909941938247815,0.015009515424307951,0.009880103271435292,-0.004520685362259358,0.011144337976845664,-0.011811235630642014,0.005440700089008876,0.009006054656512275,-0.011268098750575328,-0.0574058518995717,-0.008698780796674743,-0.0018519601587742018,-0.009855403851732114,-0.009476645808146666,-0.018633976086194548,0.010283103481269373,-0.00274667628081382,-0.018293731876342978,0.00501819577446172
2008-07-15,-0.032322892414556104,-0.03506137700839673,-0.11001792090712081,-0.08593883321771245,-0.0604976394941692,-0.058721385403307624,-0.05633512693016973,-0.045039408275658,-0.02240012786209289,-0.007006972485530172,-0.061770938485828375,-0.03488443206011749,-0.02754506662525491,-0.04161710493514592,-0.028966222415205856,-0.06706433026375436,-0.05194622506189861,-0.07897367768789498,-0.04849133816122797,-0.010128100324341416,-0.047335678599040865,-0.028486967650658168,-0.0337730742316904,-0.03816441122833003,-0.048339207306912324,-0.011599291964961345,-0.013079758984174905,-0.016463244778787467,-0.01597540785068463,-0.06487964079455755,-0.02429308369039407,-0.002697755839495941,-0.03789282882793488,-0.04091304470121515,-0.08628534696836188,-0.030859822859705344,-0.0473656633072127,-0.02594689083310031,-0.09948077608538852,-0.020408123558760316,-0.056234561109398506,-0.00915351743130488,-0.04823738679179501,-0.029548613442474614,-0.00655158651581822,-0.026220316139275557,-0.06243438644332944,-0.08557099935834733,-0.022970516389424378,-0.023834330380965163
2008-07-16,-0.01714368650173337,0.029434252866669786,-0.01584728498874366,-0.01776433941740707,-0.03888160862900869,-0.021185821548650008,-0.03954746850317714,-0.006756650460301716,-0.030041134741596087,0.0019094558305730036,-0.02088866345290996,0.022361582016987347,-0.0003075971442304537,-0.027295318845426242,0.011508250461825797,0.007122916030531279,-0.034959077689250884,-0.007959471765716208,-0.04077009873247772,-0.02440827929976963,-0.051706018182560376,-0.017366650044697396,-0.0019116243509986752,0.016296495504976694,0.03440574363955817,-0.03621595341843398,-0.0015573852945267586,0.011159062877373449,-0.02363980522458886,-0.07944308854483306,-0.0009837893562161248,-0.054511220547011185,0.01777141708802632,-0.004327609245776909,-0.010934264318607223,-0.010946106098228436,0.032062852221171445,0.02108266129272751,-0.04649478161380238,0.012580993002950569,0.012953247236191956,-0.025652863963547823,-0.021442635226159745,-0.009936068952330124,0.001988973933673144,-0.0074280777285724575,-0.03503082606087338,-0.020879230318397335,0.0021717593451424655,-0.03290879607321584
2008-07-17,0.03861597611845968,0.025309453847937924,0.060922931183656104,0.06176040874901201,0.08425418522114492,0.08726143962055244,0.050712526325749074,0.07908917947264138,0.07574575001538508,0.022421770297794463,0.02673520288126996,0.0444971694070595,0.01817046362959185,0.05102030954484227,0.07485028315800824,0.053387163717470765,-0.028548675235191445,0.01677602789309396,-0.055096420637852805,0.03828670764184072,0.0431744632037947,0.050451086373362264,0.0931145983924011,0.02138056858221904,0.030181721439621834,0.03208769910968434,0.015245622396433234,0.0055181794817442675,0.046966196215980416,0.09341638833303456,-0.0009088841788555957,-0.004292028729597885,0.026973839155499002,0.02111147169297367,0.01708545868509881,0.02450592314008171,0.06258460107601471,0.006556939784051918,0.02456986555517693,0.029124779536369827,-0.007207737406373149,0.033772273865864344,0.021912496904170187,0.031077606280608405,0.0014625692344465424,0.021515469686278488,0.08814667552381894,0.03691526599183326,-0.02129256456526496,0.004191381293108476
2008-07-18,0.04689002673699294,0.0715859770281495,0.0791218659473576,0.11887292414902961,0.05529609489010334,0.07892032417747341,0.004378005559682485,0.04281713334854076,0.013533084681200958,-0.022056186802575595,-0.03669106781210141,0.04592517446474309,0.05142151104224668,0.055825136342950055,0.04958192906782721,0.05481346929103026,0.0019447178180771463,0.021162076132524188,0.026239049718973506,0.026895414226824954,0.011561110214451276,0.012730727728386793,0.03328872269375993,0.00022759397118932156,0.053811553152683045,0.015182211928843614,-0.005131162879439155,0.01097566569115771,0.0026933305312701883,0.0716028360394414,0.008719291782326,0.05661007324674894,0.03247385252549462,-0.002128320386268201,0.04248999565943623,0.03626545600328335,0.04618637248972024,0.05516258810002661,0.014215693898279591,0.025704440984241073,-0.05362993356598611,0.03031892575807915,0.050682161835708506,0.010989127192259973,0.005424406236951951,0.017398768589743208,0.005222753547543535,-0.016317052677372046,0.038698347108747644,0.017489777993395128
2008-07-21,0.018763065714927585,-0.005665574509198801,0.04755916853008002,0.04129884097057346,0.04070336117737039,0.017211114374657832,0.017329389565398312,-0.01397417492075137,0.023871270972374292,0.008982833013112312,0.018566383712909307,0.011917604889941202,0.04430403240146896,0.056321700788335205,-0.006369638539483691,-0.01664705947364553,0.010969375108705437,0.0021076617056012825,0.014610329264597599,-0.00734776536603543,0.015366701563680252,0.028740543525296314,0.04505482926688398,0.037306716662470985,0.016737533580897912,0.012335690125025112,0.007080555839784175,-0.02171301657128233,0.0036126226960615515,0.00650847821704037,0.001954268157962291,-0.00013630501418437913,0.07053669680656127,0.010054958623008758,-0.008530711834945581,0.020104212932177568,0.054272868684146935,-0.019177926118114086,0.028324079159361082,0.02189600450169693,-0.028210997550271566,0.056131662189899956,-0.014842463210454238,-0.013043370021902034,0.0011415615102068344,-0.010800746216640955,0.027144399063540714,-0.011104398380445635,-0.00185387718205543,-0.002246426224203568
2008-07-22,-0.0003251657892736626,-0.025483649812726994,0.016240784642009398,0.029162523472802127,0.03759564573658958,0.05398633825669341,0.06656907518057542,0.023865935179154363,0.02343779108095645,0.010888114181016206,0.05830350856077282,0.009316878372676474,0.01900832702363897,0.040805352794818006,-0.025907658575789583,0.06047942857914612,0.04432042312233486,0.03505073841575301,0.07399984519026259,-0.01599798879790626,0.03357943709344613,0.06804664024105445,-0.0917097104900988,0.020613998115501353,0.05943095399697884,0.00042330656226674535,0.04456286537714127,-0.0012333513127578133,0.04457748666488626,-0.02155420004108577,-0.010690121034115818,-0.0010879683305112797,0.051414638490528075,0.03408734295985805,0.008604111026710326,0.02481762277184374,0.0011527048398929374,0.01714255898148065,0.03997696649856741,0.03628938724634101,0.0425264149075153,0.011424104399649027,0.007533040481435771,0.014159694491265196,0.014509186220025505,0.023658020289455184,0.0317952266300765,0.010466616861851685,0.0034356851526118337,0.02965945141119075
2008-07-23,0.05350457279703136,0.04883055319190843,0.093798144231658,0.1163671472553518,0.09968672066059803,0.03890895391358651,0.13364690807896706,0.07815249900889909,0.0345010032631925,0.015174556470085143,0.0330542486912937,0.03153036596329373,0.029737580621338244,0.07057002678729374,0.031806724502323025,0.11014752472364098,0.0670555037979268,0.029122995730859413,0.08603391798302962,0.06976450824080516,0.013818986287363444,0.008973378212974392,0.03436522952007581,-0.007949953871215887,0.00921781508888908,0.04481768652445606,0.03680709488692857,0.03827237045716614,0.044707670175049063,0.09152978828631753,0.015090153355187264,-0.003539732956425623,0.08362466449654793,0.09655770242807349,0.11374407505630102,0.11965793271301561,0.03798926430595295,0.08689955105384306,0.08534124526963316,0.11449731044998912,0.04958462779946737,0.03292035704931129,0.07102802024123833,0.024821558648538966,0.003166833546964787,0.0533333215100571,0.11345643800151461,0.06036475938341557,0.05922094648747822,0.07110923069193764
2008-07-24,0.017973001004643496,-0.020277007170066752,0.007720312984994981,-0.011507122655075142,-0.04179358537896438,-0.004386742314650527,0.0007778637911624031,-0.020989143440941826,-0.0673984270759217,-0.0218128683639075,-0.0003675658163790896,0.03267829702504943,-0.02572874051034435,-0.035156700345364,0.0033217145211763555,-0.02579861094955027,-0.05490222584780324,0.0006579519274985124,-0.024691628640231333,-0.0011339751955624644,-0.01994959203440727,-0.0681696972724325,0.01833886998908918,-0.013645741703614545,-0.005741277123094024,0.010487406856838799,-0.0016121826019382945,-0.011296273764907716,-0.053112302970555136,0.024722632176083614,-0.004034092922425958,-0.009974524921312566,-0.044179012252428373,0.015429842847218378,-0.016170213887789164,-0.009541830301712295,-0.024769092889504574,-0.020957573583116562,0.041179326088731205,0.004351889869133929,-0.022573728337522025,0.01740185329647992,-0.01396167682113747,-0.021495402113929196,-0.004582606007554002,-0.006751193739350625,-0.013657116483994147,0.03189296394912122,-0.05136737355934484,0.030531850621153156
2008-07-25,-0.0697342118140204,-0.003501316298870183,-0.07204054704826734,-0.1005887940257637,-0.02356666081141101,-0.062409412090129734,-0.03342267948910993,-0.03285796245320238,-0.004174195631522659,-0.010623305080686762,-0.0009811694291251838,-0.04230556495515192,0.011587300651434429,0.0020246997662227706,-0.028605441857375014,-0.04260236711932952,-0.02116054927542732,-0.017428266290153926,-0.021096961685334925,-0.0319066009744553,-0.004328754422087799,-0.03612484410090455,-0.007671828871526731,0.02415477830398194,-0.0070863260828190056,-0.0048553428513740116,0.005720842156323069,-0.009019888047658298,0.024204952139412095,-0.03594283929425801,0.02212633502230066,0.007314530177747525,0.004761030761324392,-0.0238410105557052,0.021626365701983286,-0.010918509790454833,-0.009097799733729817,-0.03922266016364018,-0.0011392031109282996,-0.056507523885730215,-0.03000019886878491,-0.007601886046827544,0.026548630784156257,-0.019183261913836125,-0.0012274982161175618,0.0373833161912438,0.006012034235516772,-0.020625464121096115,0.01464249745795243,0.04228743211045893
2008-07-28,0.015276560263205674,-0.002133430227585942,0.0006658018921712472,0.010125793075512535,-0.018352454318949385,-0.02181387973275639,0.031361507745871986,0.036050486423361505,0.00882119127454506,-0.007222992004562445,0.0012276413036567124,0.028466663990808216,-0.015716267379426108,-0.00808076805471869,0.00763461203873983,-0.0025994570573513176,-0.02186036804169933,-0.02175393652223756,-0.015445365230637886,0.00023472113707612152,-0.019981637558695642,0.04252887272839945,-0.00610347839938985,-0.01007685017663329,0.007930181184455432,0.019023259969046746,-0.01137697158484019,-0.004854498259716511,0.034882682752514826,0.020327062309069888,0.013061773130460086,0.014111572793640503,-0.007502477213894521,0.01422452856857781,0.009313956530643708,0.0058440608033232255,-0.005738268396121349,0.004764880602699417,0.011568994986597358,-0.02356607537529265,-0.010063904665280288,0.005481118681901487,0.017241489761169015,0.017981366436472745,0.005531012760569887,0.008189768217845339,-0.008783773064513944,-0.005825408883133987,0.020239567068518705,0.02429324414868561
2008-07-29,-0.044405834486732854,-0.021694104610093357,-0.08685216559475128,-0.08396139137947167,-0.06970258969449916,-0.11128646243328044,-0.09200361829748771,-0.06378374357787908,0.00334884651998002,0.00081184277129287,-0.012628971291755997,-0.02782716158241383,-0.033829737116295,-0.04022436452876499,-0.01691263757081718,-0.033885153326321804,-0.0324475995386736,-0.04755353717382105,-0.04195542383465989,-0.07047385141571383,-0.05635255928307803,-0.011207608050364692,-0.07246381536874702,0.030105811829171047,-0.005507635063070282,0.010278576651346238,-0.015086921865641534,-0.02987777811823633,-0.041880692981863143,-0.054960766236559766,-0.021440593683333065,0.0039179520782157695,-0.09488762852401933,-0.06456742478723032,-0.07298640840335102,-0.04389890089302839,-0.047710870206754796,-0.022173517166234946,-0.02528967325783882,-0.04709209231907652,-0.010662095252715664,-0.03382387264645115,0.05254246963017861,0.05423011815931589,-0.016400061310944736,-0.025182542715871725,-0.06239744136470671,-0.031034312628209104,-0.03175871506444694,-0.025491902663575594
2008-07-30,0.03955644992493568,0.04113650744282027,0.06290678436110952,0.046733469352794765,0.052553830488601294,0.09609461028405253,0.0394047358883276,0.017061757151958235,0.037084897791862526,0.039819804445897944,0.04967113725537864,0.00716855817346973,-0.042576962747906566,0.04191017467224567,0.031241578827589045,0.04602218775165978,0.07819312379352472,0.005387684331437104,0.03465351462227839,0.04907261942557506,0.027208065980708795,0.07026549491033607,0.03787060871757442,0.0035746088809431864,-0.006856648772163854,0.03482604099948716,0.034130186563230636,0.03079795250982076,0.04089691615191904,0.03739404739136498,0.008253617754946374,0.025299402046147668,0.09120884185915457,0.04215000841161354,0.028054126624430742,0.0297092974136679,0.05050549768026036,0.010748200612588299,0.018178615521779573,0.09426755162764056,0.0215540013205886,0.06416973228440837,0.04669877137362688,0.02792467257971709,0.003521074537697011,0.009999997921689596,0.021046662650312298,-0.003920748706420896,0.027563575491343695,0.005298223158209936
2008-07-31,0.019395000706272647,-0.013828650054893754,0.003747553499539036,0.0018863216943778571,0.021110309015728523,-0.03732028135500198,-0.025977784734467768,0.005965414161096971,-0.0026318204435029635,-0.011610256349303572,-0.017153673868498975,0.005804896206953014,-0.0032183871689263066,-0.03513228134822066,0.002535751329991287,0.008907294403564858,0.03959387684496951,0.010003538156725611,0.04923543499378469,-0.029581494459752666,0.018112811239333615,0.03904122400826848,-0.02075356783370197,0.004189958756323886,-0.007965687950573286,0.012100589807244821,-0.023029544988678152,-0.006707139790749883,0.0028364897034010017,0.044623885714462075,0.01405905737936819,0.07586318924751878,0.03242689790579312,-0.008143408197167523,-0.004401225823120303,-0.018360553305390326,0.02807677758840943,-0.07106727951590885,0.03749399264724684,0.017613157325450768,-0.016928146548675138,0.0269562221534152,-0.013845940642268073,0.039461810669503716,-0.00557261183368718,-0.01980207900995057,0.04523311982519762,-0.017144749205147747,0.03192045131155097,-0.022480664710283982
2008-08-01,0.04081531357292745,0.026855940230022357,0.009242835167556418,0.00800269503042439,0.06159803906192485,0.03976127582890121,0.06559225355266296,0.03237288321520926,0.008275896998678922,0.03536571786492848,0.04441508625606794,0.0013049649146767983,0.03786344536783415,0.029023667236659723,0.04006911776705935,0.043341200423713255,0.03778028981580528,-0.0024761493713016947,0.027372598107680224,-0.020445803588012845,0.0001913404786388906,-0.03567406626553782,-0.023451865191261745,-0.01961208196709474,0.0016058314518048178,0.004898418974928154,0.014276057798413566,0.015960705428154753,-0.010284305508209246,0.016910958894474026,-0.006154015264214774,-0.023667171813858134,0.07627767803110252,0.0744391100005859,0.0335986609987351,0.05544424572430828,0.011971591079825039,0.01786965655760664,0.03457433118120856,-0.0032177010791255567,0.034439521918131044,-0.011071652196292359,-0.015600644661371121,0.02448441780003585,0.009547383507142904,0.03282838434763469,0.050214680906295994,0.08314660158984721,-0.018195692781226236,0.0032855250758718757
2008-08-04,-0.024025140064428796,-0.0050601077561309715,0.00040611773677223795,-0.0030355098595029606,0.003954893295442741,0.03846169006077971,-0.01945667861897238,-0.012063573144238782,-0.030095466612638955,0.011833438647017358,-0.0055320867706583066,-0.015437537029037274,-0.011595038219410991,0.006153517559485344,-0.013694742338540844,-0.02202404292839244,0.017209718226645743,0.008156075321546163,0.04394472358605661,0.004427250132800875,-0.004685781447063997,0.002732244855423671,0.01876731958582245,0.011666035267692498,0.003741063836209202,0.012269024534632189,0.03265159262979611,0.0012084442105884108,0.0141151094837495,-0.010477833707638884,-0.005499770349350008,0.012120330520467126,0.00797546818211936,0.02012242348074489,0.03678346797195586,0.03291110577158962,-0.01330844116206753,0.016869891373838986,0.04491147130752404,-0.029607968110546556,0.06103768226620243,0.00031455094690580054,0.02218701946991186,-0.0029538361684519066,-0.00596214799057071,0.03585974565953265,0.011040472255092304,0.09299401933930707,0.012443481771571285,-0.0008399010604588364
2008-08-05,0.015006495333637737,0.02953427296375799,0.0683198744706397,0.08376916957662828,0.044951711809118056,0.07719005696224523,0.058987834784506976,0.015353180247612341,0.01759935140351576,0.011875506406563874,0.037316151380748064,0.021279624340180492,0.046065653171845966,0.044852385936370975,0.04061755452048588,0.03126019316733375,-0.02263018788084792,0.0021104888004812583,0.0019888089624853222,0.029345313793089245,0.059665647763180285,-0.015677477856352096,0.0721143345699704,0.02477041651969647,0.012513490254203452,0.00914120057633494,0.06112479415177097,0.05612567971035354,0.05200193615311077,0.07266370920647547,0.006006333421101795,0.022222168131253328,0.07588564868540915,0.06866394638295525,0.06765683046251669,0.08823558068691617,0.05245401775707448,0.013353363041028077,-0.042112794428701306,0.02133488395997407,0.09185928347737415,0.04231641420019683,0.052713085891947564,-0.005386232780525746,0.010134298664884023,0.0023604439859843396,0.0009458946476221808,-0.04191017676581543,0.06720697480055549,0.04857187291147014
2008-08-06,0.009907481523362627,0.03487673070178876,0.026931250978842414,0.018081048045809567,-0.03794968052295433,-0.02300982997082346,0.025125751542397046,0.023329723627684817,0.03718252852815085,0.012391474248602874,0.012400656472110194,0.013808146668137677,-0.012034797271875619,-0.025365953404412167,-0.0037411660814457015,0.033080890307571886,-0.04438539618038673,-0.004913987805516995,-0.03274899511190943,0.05040978688030884,0.022304730813214713,-0.034848917332510054,0.06140054057916333,0.02396318874901615,-0.0013146979653138047,0.0008900754946314926,0.017226302537157512,0.013714113677633977,0.0353084338324372,-0.012678779616305258,-0.0028757722302082955,0.03260850976965135,-0.05966913046444111,0.014486095131096999,0.010819192922679521,0.03997738383530658,-0.003915950007746916,0.0011980308226309244,-0.020698048908362354,0.03447894507209437,-0.047271579122392327,-0.011642567155895733,-0.01654121613226689,-0.021391742158201166,-0.0014330846520763663,-0.02197798433202014,-0.03642305222207842,-0.05984083970309395,0.033570233295336704,0.03750560043897844
2008-08-07,-0.011311327356871126,-0.02306184764766106,0.029801184875301256,0.0018396046075339623,0.003095115137836446,0.004710441950996014,-0.0009139930485122516,-0.0009415354656736596,-0.008366561723429977,0.015770969697642245,-0.007724398585159276,0.0073261208108013065,0.01661116723757683,-0.002502318513401436,0.018525411776263878,-0.030982335989129584,-0.0020900189095113264,0.004938254327060854,0.0044460656310771896,0.03995342749097519,0.02039901288242718,-0.012411801995869776,0.03068911612674241,-0.01404155554512887,0.010795393177722268,0.0030302926834691046,0.022342969519152822,0.013528698472559775,0.0023523708114290276,0.0218310289579442,0.003906617213622177,0.0033921023823328955,0.007643153815090065,-0.008751729339296688,-0.024464705465976122,-0.004331277748458762,0.04181522873715893,0.006115407710253651,0.005708193318697541,-0.00640547505095812,-0.022950974898125476,0.0016476766453288327,0.01070328657995967,0.02711627790882254,0.0067664639041276065,-0.004012873380269122,0.004368301067779967,0.0014639913080098932,0.0043466691614391095,-0.007724316608764714
2008-08-08,-0.00915237702249827,-0.010007707845087421,0.02430844272166266,0.0334064245205421,-0.0035449895726689107,-0.015270295941683498,0.061289028296006576,0.028184645541526443,-0.009668291278847052,-0.026967882947045663,-0.0265791672815745,0.038609481602369655,0.007353064884046079,-0.017059923247147002,0.0019662859331215365,0.006518623744571794,0.012256529213404699,0.016848007434718593,-0.007831280623225911,-0.012768915229388389,0.0008692611491731839,0.009568675279340244,0.011091479825664718,-0.001031661321219457,-0.009638202059832346,-0.002014526405585526,-0.02439214329919226,-0.019165602438187435,-0.015408930554564937,-0.013016300282587823,-0.017602663599799895,-0.0019816650541045755,0.01128954573430696,0.0034850700404092105,0.023510864188073466,0.008156473731539382,-0.029845414388485536,-0.024181097795842765,0.06412026591381892,-0.016717354237870907,0.007829609555151329,0.0014012942594110456,-0.001513090477065382,0.015355803136954727,-0.011201712785882223,-0.0024175052338751835,-0.03328590238916729,0.010041756383321943,-0.0014166119929591714,-0.0048260150673510305
2008-08-11,0.032618407644624536,0.005589785107341205,0.02213383392542001,0.05405940194491232,0.05280621768242799,0.03325845125563265,0.03635789969928971,0.01981390945873729,-0.013193598200490597,-0.005476870463761441,0.011538848603105167,0.03900769337830523,0.004595588075392287,0.009188497163642895,0.02919186720468736,0.026691314531425592,-0.011725051869005965,-0.002761758372380907,0.006177245769976469,0.016451127073464633,0.024836856526273543,0.016645304220249013,0.0590445090628855,-0.00020697999839525139,0.019463518277124336,0.012835707917283612,0.016316303237351892,0.014942235250502645,0.00039713677521913127,0.034561027915738673,0.018103078873400902,-0.009460331336638372,0.0340134346633898,0.07432268731318836,0.011485499232734231,0.00647281596333471,0.021569728703777935,0.0227492650043728,0.003027330231080594,0.0023334770225207357,0.04150955689361391,0.007910581373391956,0.05151525968735937,0.020960392539918882,0.008759272278274333,0.019386305471751575,0.02929034218357618,0.014598609023910525,0.00811619249923523,0.014001746747416055
2008-08-12,0.009461331317273114,-0.026373500176919973,-0.03541745105939076,-0.039551217081031154,-0.026221015053122576,-0.05140833326146632,-0.027445836372116394,-0.01619667726622631,-0.017626579814786436,-0.03981061563073229,-0.021233217364373447,-0.01546977564416574,-0.0034985280361511384,-0.017197744576329166,-0.0005957715766363725,-0.01228872525366953,-0.0572269248216819,-0.01419152718161154,-0.021487145354027293,-0.02634228712531339,0.007542207475937923,-0.03761591400290465,-0.05589161295084988,0.004133153339675788,0.009803711259887882,0.001036345763009594,0.0012553366065983784,-0.0016986990165053228,-0.0025411588052848266,-0.0029011034947479253,-0.009236153920971102,-0.002829847942696362,-0.040148353142424265,-0.019827700037228446,-0.03406504598317106,-0.05787781658736513,0.01661497004124146,-0.013372300719387997,-0.027881513164661254,-0.007760380841787096,-0.014705700432678603,-0.009116037933841747,-0.03025935524231238,-0.010914465087920489,0.0012403610322357927,-0.021394703491027345,0.01668128769719579,-0.03870006665737369,-0.0054715315677317244,-0.015351959714554164
2008-08-13,-0.004430843569723564,-0.002915005481352262,-0.037705998973018406,-0.040437359418167285,-0.0017028443668767324,0.00631439848152171,0.015392788056567852,-0.020293682818976144,0.011046628002573833,0.01374730694815085,-0.0015002361413097853,-0.004042424423354007,0.006751211479075314,0.00411754423935351,-0.0023852477648642623,-0.012192795541008605,0.0041123943197380886,-0.019662991864455193,0.004182882522714371,-0.006763618441239072,-0.0019343826784687934,-0.01773556056459591,-0.014137699310676322,0.0030872787041846816,-0.0038321469083958393,0.014570554672328262,0.0017120368670218156,-0.0068065909227210675,-7.949682560182136e-05,-0.03323910199253666,0.01512101572726321,-0.01939210052406448,-0.04569424496403751,-0.01912905984834523,-0.020376320563814554,-0.03128593982979977,-0.05447746247709684,-0.005099626778103272,-0.06564175195669886,0.004134027070231028,-0.0028115506716578365,-0.0037772091262026075,-0.01188701893748656,-0.012349232460396098,-0.007536604794230017,-0.005668183143190619,-0.024129107291349094,-0.011225858563739033,-0.000785711151385593,-0.003290024640290934
2008-08-14,-0.025739760558050717,-0.0027410595370875868,-0.034953035187755166,-0.05241324844727013,-0.06321639274923596,-0.034615990215665526,-0.05872443384923398,-0.04548144366741513,0.005915744453604654,0.041545098401323255,-0.00751169708439603,-0.01623805274165313,-0.026287164095680104,-0.024090435504656282,-0.0028685097128816617,-0.04399917846220325,0.009993415550923146,-0.026145928466537294,-0.004512348510387065,-0.0027700670994557086,-0.013398597190765194,0.015847928076037077,-0.02099452875611907,-0.016618993095504186,-0.01949223031133951,-0.023111612255414693,-0.00982057891029231,-0.03426572155686336,-0.029378944338746216,-0.08800744664360938,0.005351019415395175,0.017363888549682738,-0.0607734372544706,-0.0820446331882102,-0.03759998722388336,-0.04580125586912409,-0.06049723887178082,-0.007148572556367694,0.0102847403112718,-0.04907103721969508,0.02429435004045888,-0.040792951762020024,-0.03759404931538601,-0.0013300276159925462,-0.002184578471682075,0.009771986309145886,0.0024277664513643327,0.0062638000967976115,-0.02579846777708361,-0.006759780331175302
2008-08-18,-0.02279618985916254,-0.011605472959247964,0.024472302746407326,-0.012547254247572859,-0.00010271567427599937,-0.010714477351335128,-0.026760824938387273,0.012738871331534618,0.010021104620125287,0.006406787027496863,0.006054687833887851,0.007596563611006024,-0.006336256741297452,-0.01155492653088075,-0.05562242050768118,-0.00816847494144668,-0.022141085989230924,-0.047076221075671,-0.026150897571142084,-0.015509160942379863,-0.029979505251661154,-0.00570893988498411,-0.015987604729789884,0.007719489149052183,-0.019356602585730576,0.0050609535248105075,-0.046819051692163494,-0.05322319281244414,-0.02485446542434988,0.00029999392672408476,-0.00025182958797664856,-0.008652254775151302,0.013137197571877035,0.01733838270065946,-0.013300300617550276,-0.004923240864880718,-0.003065584124952392,-0.006792293042709119,-0.0017227318960056914,-0.00046781503173087824,-0.030495813679899286,0.010137798008460708,-0.034375008656369554,-0.020245190775581956,-0.004691290710351348,-0.020161255449782978,-0.025832022307383906,0.0007781456109421381,-0.009203896104448384,-0.04803737605828795
2008-08-19,-0.0023371861422781803,-0.021258151950973025,0.0027417738254402746,0.01909770937330557,-0.00865962017835653,-0.018339162495096595,-0.042123035315836166,-0.007402342028875242,-0.00035626842693381455,-0.0068063436351641915,0.0010418088580941287,-0.010471069374305308,0.007762643309394468,-0.018597107350405873,0.001396494765280476,-0.00938664343655582,-0.00804499473708331,0.02315701266175152,0.004654444420560511,-0.007994430254766871,-0.011446876428570896,-0.0021101852687319678,-0.036869453390416695,0.007867676618534158,-0.02107231096709905,-0.05355267355931326,-0.0009694450975522573,0.0012492638518477595,-0.057284733422694134,0.001399671695447191,0.005143836868569007,0.0037059403265067292,0.0009676441560491078,0.0055208817953917855,0.0,-0.021026435667260257,0.02191419340210299,-0.014088447616431798,-0.005177239914744058,0.009482433276466029,-0.01507169507298145,-0.0035976464626864546,0.03721685877298264,0.002990993603855463,-0.033204222802574734,-0.014814710661712471,0.016204806443353093,-0.0019434959536963614,-0.003259673944616459,0.010973499802049203
2008-08-20,0.012051776043860096,0.030433188082010787,0.025976790502926894,0.0016231757080356068,0.0006932397016816694,-0.008826308247993353,0.006020591931659602,0.020694516690957343,0.0004158992087039959,0.0038695291050783176,0.0027749513162300676,-0.025819643932186942,0.01182965320627316,0.011370144794665027,0.012042063483730159,0.03376139555093949,0.012876123394231165,0.007921697313929776,0.056664446224780285,0.006754894798515654,-0.02119883204169526,0.007081667228137967,0.013949724038825773,-0.001232749246029008,-0.0027247849874882935,0.015159107574459263,0.035917730860717034,0.014971565143124588,0.011153639225510048,0.019267165276374287,0.016319007335623414,0.005598860990957855,-0.002513422810787813,-0.012652192252520567,0.021904123230138683,0.025268440215019616,0.02219718405160309,0.0016646397773696364,0.005519620743595244,0.006494424069509286,0.015080875775027147,0.019827370881507322,0.007800340285059493,0.006776752228894178,0.009208899151615269,0.02673363374900939,0.016761925142241063,-0.003181159651711951,-0.008583846693693054,-0.0002468571358602567
2008-08-21,-0.015002237663852003,-0.020527013562126717,-0.05802787742615567,-0.051708977309130266,-0.06952102440442065,-0.0366574993877854,-0.04449269461093264,-0.032060782874963833,-0.028220154102017614,-0.022273686506083412,-0.02905551246353999,-0.02452445144588089,-0.05655240771392278,-0.010706633072303573,-0.009918544444945887,-0.03666573497141101,-0.02980024121396918,-0.03854798223992706,-0.026981489946140913,-0.021188765164347756,-0.017471917783631108,-0.000781211140030158,-0.01047816616119368,-0.030028788113616645,-0.004098193809284667,-0.001705521937653609,-0.031493328105085094,-0.028887680450997655,-0.030973960749768437,-0.056317158679700774,0.003697480540405307,-0.014451764182334181,-0.019965255463805454,-0.02296912742916457,-0.03627362302736947,-0.03820091160967132,-0.033124560929261415,-0.007340469711192177,-0.01207639502600133,-0.04597300087661749,-0.028402614305768847,-0.002795121824806013,-0.018575730432472293,0.012116237478551506,0.0007515126491084434,0.006509084430187162,-0.014881545382711692,-0.014262406216882462,-0.023913524092800897,0.0013159487543266124
2008-08-22,0.014530152771785154,0.013074815020339248,0.023706678577705587,0.0013205476451780829,0.0007444490649155533,0.04737310048765431,0.03249528954883574,-0.008808680596042118,0.0014064546317535953,0.021095808168111407,-0.005462675013840679,0.008809604205128663,-0.017003014468316646,-0.0102816845895487,-0.002697325427361452,0.027169528023239797,0.010380295960490615,0.04826790270941839,0.04124773258537284,0.027901363877290697,0.017041563768611656,0.02658582632666162,0.020935887976644363,0.03859207458708358,-0.0002745390746317078,0.005125157300225114,-0.017124052207560858,0.012658620955582567,0.0183954092782721,0.0065386021745650336,-0.00035112345327792394,0.00024020455518325434,0.007120461238427023,-0.0064339277138518725,0.014542148942826127,0.0237028776526802,-0.003426104982417022,0.0029299073596058545,-0.011112910134830067,0.015579565009571139,0.0013492485592805359,-0.0019931941118156438,0.02208178656409432,0.012769606458744809,-0.002467330329635087,-0.02506039365655921,0.0026234912636180496,0.008390580371482548,-0.009124041508959957,-0.001149641571091653
2008-08-25,-0.005702173480264805,0.008398108446587393,0.011473788400774954,0.019548461270046502,0.009709318857927363,0.008457689434554938,0.02602187049865079,0.001132468682539356,-0.000976744186046541,0.005865337160025019,0.002984940318723428,-0.004562624001935078,0.002638629701073203,0.010935002042632869,-0.0005149969718808434,-0.016051029366519143,-0.014400093748453968,-0.00111394839457013,0.0029961959343454136,0.014858977030214104,0.029323546775695153,-0.026421078560832534,-0.009184287442822625,-0.0061247919597127165,0.009604842906895117,-0.0014094057128895,0.016024419911247145,0.0018751312822864463,-0.009120857925833281,0.02124148065089182,0.00024589300932453817,0.009613305385837378,0.0408482850376628,0.011955128379568691,-0.007588377136532265,0.017521863459569964,0.009549305941203956,-0.007790465934907065,0.002889533432132829,-0.01712453659501889,0.006512174721100994,0.0026839281347237343,0.003086603964564061,0.008667894871082549,-0.003656056476282199,-0.002487664815936652,0.005142164696791518,-0.004848352394125621,0.010572266726005974,-0.005263255720383442
2008-08-26,-0.02358863931858335,-0.009430613491562934,0.03610180003611885,0.014304271981013805,0.00998425609529785,-0.008678428588570597,0.024248201734045516,0.004103081670612019,0.01937194791582786,-0.004951964240880513,0.02214293190839922,0.0013309171421351795,0.006432444886968369,0.0016225114809476082,0.008503865321649373,0.019569645703457095,-0.012730456030129012,0.008178210869972835,-0.0063059676932633035,-0.0018445150732415705,0.014332546282663117,0.0056723989368803185,0.005993036548314068,0.016228418245207488,0.005164436667500327,-0.0032381694814450634,-0.0018346064168968113,0.012476411014974653,0.01443870402651326,0.005755278493416505,0.0009823174752314756,-0.004641794733432847,0.023773549735297106,-0.009844909822164571,0.04927769938758164,0.010455055534231317,-0.0022701054716651736,-0.01752691517752447,0.00016012400330489562,0.00036298015987235033,0.02811275424089721,-0.004730819635702543,0.0,0.03723967474897649,0.02342125001299067,0.000831324127265054,0.00394941450681241,-0.01211401313641236,-0.0018562072624053183,-0.025049403166660822
2008-08-27,-0.014384912138627026,-0.0048838079109034815,-0.0138255383843362,-0.024904281357822633,-0.02896335272945505,-0.003383996054466376,-0.03789525878377298,-0.01573376064665344,-0.018704247232287807,0.006006801605393575,-0.007104269638884553,-0.009105367481118343,-0.004648463130739855,-0.019978581485674662,0.00983767128963886,-0.023143277373479765,0.006230949736172331,0.026548985980002104,0.015364013872241955,-0.02321547833786275,0.0045355674035210125,-0.015802110384908752,-0.005242423100809912,-0.0034366011846735933,-0.005137902296486363,-0.004914332416180001,-0.005181760601662755,-0.0160196585868847,-0.006671872104651921,-0.0385504269671233,0.0003853510481945932,-0.005978952467038501,-0.006266219255056216,-0.004971329118915402,-0.03238857088233571,-0.02312840881541256,-0.009101413384275614,0.013986079085372749,0.005922039901478771,0.00024192430376257512,-0.002386905649433335,0.01363415752630881,-0.0169230790210938,0.01180015366952003,-0.00411304612485941,-0.00913624462470275,-0.0027716749646361505,-0.012062680232542866,0.009551400075819894,-0.014839464142799907
2008-08-28,-0.035917312316070094,-0.00043461947316758565,-0.0169367185574264,-0.02677133125436626,-0.016266076751188963,-0.010039129608003017,-0.032779561804418766,-0.02971968570537975,-0.03188918879612679,-0.005151615905087614,-0.02850492670245075,-0.007351229632133416,-0.004691679502925261,-0.014875883922210842,-0.02467087913672472,-0.031211807864410357,-0.016169263412117107,-0.031178793442327768,-0.019736905896531654,-0.017500384442981298,-0.012416398476155943,0.0024699309449289775,0.005110479938847057,-0.028397350921033793,-0.002446317368853368,0.003975956428081018,-0.006466023791180775,-0.014401940887745046,-0.018090420560714415,-0.019525951701646727,-0.0010860245823050008,0.010345473305619413,0.015949698278709512,-0.0004998654288190796,-0.056066883483501084,-0.005607570731330336,0.024875706667735864,-0.01604482118552597,0.005250552449514556,-0.045102840832629276,-0.02545188508377849,0.01450008913526979,-0.023474188001289975,-0.0032257074446290224,0.008472014315704213,-0.01592630217808655,-0.03568201229376733,0.010591325135744123,-0.019842990098625668,-0.028920979061791585
2008-08-29,0.03155718024354748,0.04101934192455481,0.05242767735577214,0.06220848868355877,0.07217329116923366,0.07881583650064439,0.08827720554519658,0.03716839553310303,0.025051812154099906,0.029245614267578546,0.044192611795765835,0.024018278696923634,0.030641980112889433,0.041386919865715965,0.025554494677610506,0.04805013544563752,0.0502665900628283,0.014925504649155208,0.047651066849232704,0.060055436991150346,0.017495925025262204,0.03567908442799794,0.032176099168269134,0.02463423017251154,0.02833812475527453,0.02488762450239701,0.0010589268625829096,0.020330247251743927,0.025811761895794483,0.05026616502806491,0.010838641168179786,-0.02476444223452967,0.03504933852327019,0.07673107582680294,0.06737580402129462,0.04949875190023323,0.002613964857853812,0.029752352470905352,0.04590064077779754,0.04989221850983272,0.04084838218383502,0.008027976442061213,0.04807701797078012,-0.01742582560661443,0.016801405597944186,0.01703591373447,0.01905929457770905,0.01995835800760548,0.009737943989359232,0.044318171372976334
2008-09-01,0.002551208284815587,-0.025432999826173752,0.016918418167940485,-0.010269387441074418,0.008370021827255325,-0.0006910478607093928,-0.019742274395545434,-0.010660790780744,0.0033859733400634084,-0.014750115093794869,0.0038159277920075674,0.007720170332908838,-0.009719794732818476,-0.0005409555248840903,0.008095059674813498,0.012194375298474336,-0.02746802067985843,-0.002042616992165347,-0.013132568855458215,-0.006017326094769571,-0.009937032689379732,-0.010325544219197402,-0.024784432954841007,-0.014058468222413079,0.01722318015954527,-0.024934031729129336,0.00139317740452638,-0.0024903019100368518,0.00248942997800472,0.0019267911306464214,0.000555302403425717,0.013307052713867895,0.02292766577141747,0.025997990311116492,0.004152793766492691,-0.0005970052196127007,-0.01899450768666988,-0.021253078495976685,-0.0046914546637416565,-0.018694889024274297,0.039673956218163386,0.023289810734565153,0.01529021577563805,0.0076006587277483995,0.011876306029170003,-0.011725637584285131,-0.019706399247581885,-0.016623251715139453,0.013281387854623405,-0.010609214550482804
2008-09-02,0.03319873385885974,0.02260483719993167,0.03184933207896079,0.07375921346856873,0.07586872233653086,0.05111335526146221,0.09673881386785399,0.04742617626672008,0.04153640133578529,0.030145336319396643,0.03893544779828528,0.06914630136232924,0.02280563381531775,0.052517898067877544,0.019699050775272342,0.03689746220698753,0.008644320165829722,0.013917261714103235,0.0032457567353199046,-0.0181610599128722,0.021906196375416576,0.029183953627350157,0.050118284246885025,0.020872093963505867,0.01276379203111122,0.017645627978525313,0.030941112129779347,0.01685382602861818,0.04088703932334825,0.07317069263056974,0.004369811945322821,0.0037347327990822077,0.032930945813765655,0.04457016280340431,0.029776843947624698,0.04181580428758802,0.06378146841528443,0.007096263124327429,0.007145971623155001,0.05248285059812918,0.029703024266335643,0.014209883474149754,0.004518201594727156,0.006286004695486236,0.062053585648865095,0.0194917726895798,0.05704964196214202,0.011114142336116295,0.020120440985906818,0.042549750504710326
2008-09-04,-0.027341599898752733,-0.010603331083352874,-0.02732046503096841,0.0036412952540976207,0.007682056216713695,-0.03375658948005322,-0.017210987193017502,-0.006306264736097633,-0.005419747195238633,0.007745746605112069,-0.006209377623433099,-0.030931068399707162,-0.01721670993306701,-0.021090824508964046,0.034945052642054275,-0.011031120511104553,-0.01103091565091563,0.023011781771313355,-0.02620543941462894,-0.005816668299433614,0.006405337575597914,0.022190280799855522,0.033746561785714,-0.02570844766364999,-0.027006293895411648,-0.00032798803735500925,0.009520764349898236,0.009207989865621657,0.0020450921514227893,-0.013485586570221142,0.008494348983751232,-0.009602811007023648,0.008179013921285838,0.014728190071403358,0.008921418821025595,0.0028672683166166557,-0.00463965154863033,0.0016910380449399742,-0.0028681166106683254,0.013546819177942648,0.008212927727899721,0.011801506104947235,-0.00449787926943912,0.023238545277085798,-0.006054110623824438,0.03158772542670141,-0.022539365996567473,-0.037188008981118736,-0.010721094417663779,-0.013659705591516302
2008-09-05,-0.03315137135060775,-0.027125144372372456,-0.04186348744706958,-0.041721864972624534,-0.00967608642940343,-0.06394717250049975,-0.05535123463239644,-0.02051790198815384,-0.006870297818505677,-0.04287338332887802,-0.051991381664552305,0.0033691567339821926,-0.0034461600948678672,-0.022070615823695072,-0.009511347338512999,-0.019221785492757992,-0.03843832683214654,-0.023678072210720713,-0.02890328703540357,-0.016967029651869026,-0.010777357487505856,-0.01608700339271707,-0.01083307194378147,0.018491521066186456,0.003964944714938801,-0.013326581690139339,-0.03215529198566269,-0.02068125457219716,-0.0051873762284703195,-0.05525286914660865,-0.03543796993026138,-0.007877689871355398,-0.024337725772693664,-0.02604055781070902,-0.02572378852757584,0.016008999742367802,-0.02043717189803762,0.0012661064439665193,-0.02074197904174868,-0.019357194001523803,-0.028809711998514898,-0.011434024174871604,0.03313261180943483,-0.022710779792597613,-0.013922364066879855,-0.014504428509057754,-0.013961049283835347,-0.02850711102520831,-0.026389688971468095,-0.011761946116451538
2008-09-08,0.0251333452296576,0.020413266793949836,0.042130669872345816,0.04907153714580348,0.047307668902090816,0.03492183353475209,0.028717812589482028,0.046424896094745316,0.021827345971434653,0.022046841304316223,0.020948686904678215,0.039463571621445315,0.046397376335761686,0.05266006751402674,0.024606654001507078,0.03431918818659785,0.01543689957663208,0.01738077637528157,0.03044817762877927,0.03904299374425313,0.019387443152012906,0.02670805574503099,0.021242004777843215,0.032027789827413944,0.03475516993699257,-0.0024522565811969654,0.02956620932929188,0.042236130185679066,0.02812246434624477,0.036830854949566616,0.014163625957100301,0.029685035370242474,0.019345009909581323,0.012711045534672838,0.022277275582850198,0.02138456809621947,0.02415807181542573,0.01573723751479683,-0.025664585405184015,0.057220044333534226,0.04950880926576939,0.0015693643283882786,0.005831115545817056,-0.007995930525615202,-0.0002942258231046768,0.0032706111873723742,0.007125059228299646,0.008373713723601739,-0.010961289355996717,0.0023637318838261034
2008-09-09,0.004383132605064066,0.020858737912632597,-0.005764362484249386,-0.011589602121594655,-0.020920780368077874,-0.001757371072394709,-0.0034592513570005368,0.0005300708554472067,0.009454989524064983,-0.0003430536398211226,0.003342695224194614,0.002455110470693578,-0.01129142012421458,0.0035732429043000558,-0.0008198116386728405,-0.022855197176113395,-0.009490261180974069,0.0019865521300184152,-0.0069723130243509734,-0.005018827393079794,-0.0198602665848574,-0.01710082636372834,0.01921699170245006,-0.005732019719837833,-0.009669190996291377,-0.0037492646756434045,0.007626437957054533,-0.0029800885743450634,-0.0058198293260756095,-0.019029856458496863,-0.021281091320469625,-0.006643749291629031,-0.024138647455351214,-0.03246048590436312,-0.016949042962899785,-0.017079828263199093,-0.01536857343826803,-0.008991803833900858,-0.02523015501590664,-0.007557336509419921,-0.007017121043130348,-0.016140728074635846,-0.0173913237499409,-0.015365376807297437,-0.012161700283019217,-0.008149822088505787,-0.004988533588176525,-0.0019538001153813767,0.0011171577786537323,0.005726042993020819
2008-09-10,-0.027957336473091732,-0.02975264727131688,-0.013837443893103485,-0.015587870491233335,0.005261604393489883,0.000633633146778223,-0.0062967772871670435,-0.008361047628337448,-0.01607327530344027,0.005887288457458784,-0.007582381654602122,-0.022178762623064174,-0.00779928520305373,-0.008647242277945777,0.007855435966950486,-0.022247651327351514,-0.05047894351286786,-0.010705778949069211,-0.06920766989397775,-0.0022587933548343653,-0.009186929049662007,-0.032219482831906676,-0.017441960100626375,-0.0033798930532813465,0.0023123413349304123,0.007694048648445362,0.008554488008863048,0.0023909391340415365,0.009365784721384607,-0.0016911475256337072,-0.0035048328057525335,-0.021258935265782153,0.05544173447485079,-0.016998499984966386,-0.02463062975828123,0.0016815866209300978,-0.01016323301138633,-0.026800469582060393,-0.019859994568266703,-0.0019037387816775997,-0.021398091921872697,0.010615399524632974,-0.011799767476809664,0.010232831300320822,-0.02591349404682164,0.0123250787025444,-0.01139483718906531,-0.07530427292765651,0.01415935843754812,-0.01783603777399556
2008-09-11,-0.040933449700334634,-0.04316515887827399,-0.01779405745059881,-0.020542080784695105,-0.017680764971119478,-0.00886758184324854,-0.009586648179662816,-0.018906126596960005,-0.016687992602230084,-0.005171233781759432,-0.011808229228287392,-0.039009260688155245,-0.027232316657061273,-0.026680059158469827,-0.005816440224919561,-0.0271644095211645,-0.01644454750746549,-0.01923848206106149,-0.025143580678012367,0.010843568592806552,-0.026343142109136908,-0.03571756727699327,-0.023501902820224352,-0.015160761428839375,-0.017431377819274063,0.006308169774165817,-0.012319712072449307,-0.02683343262890714,-0.011681693882169886,-0.03348277365696062,-0.015575697701601499,-0.0009761298736093993,-0.0021010037030304574,-0.008418739490028249,-0.009259352908353113,-0.005036290903387974,-0.03263659778549355,-0.006167461089245152,-0.019764335007712797,-0.014697528555378647,-0.045937504614793956,-0.0011937572432956234,-0.02388021497555126,-0.028868141194270835,-0.017938904534307687,-0.02272703578881352,-0.013278065348502732,0.008166663970142984,-0.007192432930777426,-0.01355591032294512
2008-09-12,-0.03241716726740773,0.0024455224087229777,-0.00662402168670595,-0.04922807354809411,-0.01650490350790701,-0.016473657353460625,-0.0514312702805414,-0.009588555919430863,-0.031253864070516,-0.06091976358629947,-0.01675258618515041,-0.012066954969395027,0.004040646965651318,0.010015542847818804,-0.015913882278276392,0.019936248265765677,-0.005129570032707309,-0.008173233736223806,0.032056070071777354,-0.02593433851818272,-0.024296872318603113,-0.011048220700391131,0.03532811354803833,0.007899476302721586,-0.001304216079079934,-0.0014023049052198644,-0.02022039578037882,-0.022671560919178213,-0.007377083541743934,-0.03814817683548766,-0.019212406390731296,-0.010748686229721471,0.003077508677425511,-0.024093462832945667,-0.026337969136206008,-0.016310638498620356,-0.020848869278307758,-0.019194893031826643,-0.040155857555932095,-0.02801177593269788,-0.037636967527651444,0.0013740657637713038,-0.027523073214740346,-0.011212568150702262,-0.010690296436009605,-0.0290698975068564,-0.02794119849549115,-0.012300512557933407,-0.03656354608327561,-0.002333476779280308
2008-09-15,-0.023645970359431834,-0.01778265415792546,-0.033180757388944215,-0.03982850981318864,-0.015493270200987008,-0.05097113646964513,-0.013576716053956273,-0.036962374364086115,-0.061624907065214396,-0.04005498572957045,-0.03753133296055444,-0.06063089314180947,-0.02040812944903736,-0.06315225129606727,-0.0045183978369317535,-0.04174272975921989,-0.044304342818934694,-0.04985582014181478,-0.02606229396719384,-0.05494357001112116,-0.01806070882450761,-0.011919685265647018,0.024667838344708315,-0.023111059476803586,-0.00653113413246087,-0.0030971699480585313,-0.02243095325324751,-0.028840190153968326,0.001604632815778384,-0.071390445237004,-0.02460682476291387,-0.026670116129454913,-0.018730852076773608,-0.027039920300271025,-0.05322860059260548,-0.07489996719080683,-0.030584739951505124,-0.06077085393900983,-0.04589575398977608,-0.0746252010070173,-0.06095658137620563,-0.015215583962513324,-0.0770441395713356,-0.053269788848038346,0.0008393189729070105,-0.07014559124750042,-0.038357966517832076,-0.012073678162316193,-0.044409173089289156,-0.04574208393811774
2008-09-16,0.02178104122747837,0.011895485603600209,0.02239488847103166,-0.049138593248884255,0.06083464293495555,0.05865359909442569,-0.004295721927860208,-0.006373998251162694,-0.01544842321105866,-0.007445528987455208,-0.030577013055435587,-0.009205983191666878,0.0,0.01949849317938912,0.00011956672624302556,0.011304982049121559,-0.027775021165805658,-0.01431037911707611,0.005865095882531257,0.021513540296914657,-0.008917737394953273,-0.014688038776310086,-0.034411116401514175,-0.010491600202294893,0.02235112303164133,-0.006793663964271612,-0.003307653969049751,0.0,-0.019224342924277105,-0.02366390293752918,0.021569313903847087,-0.035773329510441765,0.03751838952233033,0.05292416359864238,-0.004608376729044461,0.03831877754738744,-0.010383630536471844,-0.011593487589557583,0.0166512714241418,0.07773163812884687,0.030711411871851224,0.03502230308635679,0.04258959555581021,-0.03816150615660008,-0.04758911033781754,-0.007359399978088876,-0.045686398709936515,-0.006533692645078304,0.0026844987962362232,0.02024497713825113
2008-09-17,-0.026659054982140384,-0.005102729853401322,-0.034949408274715266,-0.06031878400123414,-0.03159872188238977,-0.04218172703499523,-0.025884548062774404,-0.008671910820196693,-0.0250381515276471,0.008043622464634081,0.021197893563089876,0.027559037044994072,-0.007629027574560743,-0.025683077494101147,-0.05386369950889103,-0.02536456934432152,-0.026307554350575524,-0.008359125327609629,-0.014212678419717184,0.047511766378343534,0.010497515470513807,-0.005993494579104142,0.0062506407918130336,-0.009771068941209049,-0.04964033937111012,0.0010010097839932008,-0.01755156617771869,0.01678489429097163,0.02037500580109164,-0.0323953323619226,0.0034692010421673025,-0.0269702163552602,-0.017763536288148085,-0.048427864529635434,-0.001851884874779608,-0.040476007655742885,-0.012106404875328103,-0.01695988952211458,-0.01892641403703399,0.01104172819681093,-0.05011230078394846,-0.04296964188374153,0.01307168267603176,-0.007240489335653244,-0.0572310509534123,0.027803167575864762,0.0051333675004996415,-0.00665377618830898,-0.019758014609530306,-0.0005341458186142178
2008-09-18,0.032824308712061656,-0.011556218554808262,0.030656446011493754,0.030533230195688876,0.023386435212932044,0.01823083299435657,0.049077978140615874,0.01991219065128358,-0.012258852214714233,-0.03394522752677398,-0.0062523693841451955,0.02349929821280039,0.029272319788730128,-0.0022434535157029867,0.01022442325165085,0.005797230780377083,-0.029551558638011954,-0.0017745519494004602,0.018484134175732914,-0.004188680954263724,0.019757229108650964,-0.024840144371469197,0.023777359370521056,0.010707464343050255,0.004871449142114681,-0.025124883099439832,-0.0057526654226288665,0.02793659872754528,0.017187520827791847,-0.032502457737942025,0.02122675776006333,-0.01514331032677707,0.056192473231087225,0.027013968693447632,-0.010204105831857158,-0.019851160989900918,-0.011029253766901004,-0.03611721513845523,-0.03357435668375741,0.007668037531438854,0.01116908335645328,0.027037040539062085,0.05483905144547663,0.011085479538631704,0.04424482672866681,0.033363692789291965,0.026263326963539946,-0.06784009321319884,0.009701543491644093,-0.029914361973681358
2008-09-19,0.060286381305239,0.05858796096239294,0.06194083643853321,0.08723872674467237,-0.000542409190198434,0.04413517662896638,0.08615485551712565,0.035560975902639846,0.06337146260027682,0.06526140293915894,0.04932693314284653,0.0693785253084056,0.0511349109374164,0.06070855740303571,0.04498345322315367,0.05906231972425613,0.04295817917802447,0.003999917875139536,0.07223232540334146,0.017425617385739445,0.007458266484568377,0.08418756458676646,0.0336865946899958,0.01869560262226133,0.029086999016284087,-0.008548306442434428,0.018419466937656503,0.05003096362333803,0.005218048221195426,0.08276224771447604,0.0037492539739023556,0.04297101293698069,-0.009937346998049823,0.0638799401108916,0.051546435390532386,0.04936703605812465,0.061131803169793164,0.01555671372643097,0.0623798399917983,0.050501652394172813,0.07826044716960134,-0.021739043297963945,-0.015290857793067936,0.01096337076059406,0.030519840516874064,-0.00610816484330301,0.03026317237409315,-0.00743651320956773,0.05139937650711679,0.013950200411579017
2008-09-22,-0.007785636471056678,0.0036605161328662206,0.0008848724465781999,0.013147603587105872,0.0007342919893116306,-0.005151600601286277,-0.01824403584339085,-0.027816030777278677,-6.516214015417354e-05,0.003046307456433528,-0.005396478410027328,-0.010781490239161307,-0.006559349416449756,-0.021727785457152815,-0.0008368311562654274,-0.013459334792917499,0.030239805956042698,-0.021690924368950704,-0.023696664034576265,-0.018899076818363225,0.0009030629645589983,0.00024370631820724853,-0.026651331719807936,0.018352148548196112,0.020675434964711803,-0.007199128396832455,0.00966902136875869,-0.004705809040235209,0.03370158355149311,-0.012309674930610637,-0.01689987056466591,0.048308812877757346,-0.05095741904513351,-0.02494495680502906,-0.03386808957777865,-0.009650143486797491,0.008563229582232657,0.005106451127903533,-0.01607939331820818,0.008012284316287532,0.01612939722241813,-0.004870936476798704,0.001553105163525803,0.02825365276758207,-0.00585802795261714,-0.025460851149597508,-0.03509114500470445,0.0028622760575349737,-0.007718846898885134,-0.003801578093244551
2008-09-23,-0.016011858549736413,-0.019967455247777544,-0.05147238629095974,-0.05756986908598016,-0.04062168798219612,-0.030571688179256595,-0.040478030800879417,-0.015210910776375819,-0.05972929561790474,-0.052733288302471704,-0.06149051898528657,-0.004530001356139568,-0.012104271979383463,-0.01191746333030086,-0.007420067533495667,-0.035471779970538964,-0.04807698970209384,-0.018552167320482482,-0.014909759330407946,-0.05201056965414985,-0.00703593947481107,9.743942354556445e-05,-0.028282183153215623,-0.010212102503685094,-0.0064102775749335095,0.015501382451493129,-0.023256550375314156,-0.01832143856448354,-0.001116022624649493,-0.06302656117725014,-0.018518560585140786,-0.017453630319546942,-0.009437088280490946,-0.05750487628510703,-0.012915045171527306,-0.04567604527131397,-0.03666517786968149,-0.013438040181797173,-0.026441432933004272,0.0015244973657602134,0.006863691910937275,0.013092952221304133,0.0,0.00111002570890828,-0.07092961283854748,-0.030630695201451674,-0.014914937779413995,-0.037522094305264764,0.015200080347453238,0.017535836085123435
2008-09-24,0.019761324226704957,0.02258230829910346,0.03797367764051374,0.0015856677934322772,0.00984518989465677,0.03929156768313513,0.013556694515960865,0.007525497567279604,-0.011026179420381088,-0.012726903381859667,-0.04817516642025399,0.0065413027505139,-0.008911113608270571,0.023026125046348822,-0.009283936723638475,0.023215731808200912,0.033599322288314415,0.0027663842327192434,0.001760012963216484,-0.015747889479544086,0.019258842071439686,-0.001120879582314882,0.0017120209771537276,0.010317465519144697,-0.003871094536243347,0.016120299956469353,0.02272674330782709,0.015051215366080672,0.0003194464535416497,0.014314681007619123,0.01525980044598163,0.013418671152537032,-0.009855430939541887,-0.0031229863409047987,0.04205602526937424,0.0338225470243656,0.018830350813955787,0.004650984696490834,0.047906463252779696,0.01108934501510661,-0.002981747802845991,0.019687285735976667,0.0046509330147312955,0.0094264495366716,0.018440093892553966,0.01301107163738191,0.009644401308295691,0.012471492847702326,-0.028272047221309493,-0.04259300326447213
2008-09-25,-0.009970237160967121,-0.024242787816980194,0.015656827153420982,-0.006498785074142588,-0.015183908444624361,0.015770368277133073,-0.018525893670203186,0.0058615236233430235,-0.034569580545762424,-0.011448072427043932,-0.04953486106378957,0.008711452657036434,0.006181418185227772,-0.031082188028579094,-0.022879357205927042,-0.017970856651953304,-0.002777503019407712,-0.04091935480354114,-0.001405460451843199,-0.009032417772694146,-0.002584843349239807,-0.02224485976818391,0.004629152759572097,-0.0022025277466429793,-0.025647768322765385,0.010309587239712314,-0.035270129477962486,0.004151438333194868,-0.030076030615205807,-0.027725673577802756,-0.017955042756292894,0.0007567315885712578,0.010451169493404189,-0.03903598506358852,0.003587431402478636,-0.013580087487013559,-0.020841610540443423,-0.04017852620778284,-0.02771781687265573,-0.04354843188981172,-0.03910309889785013,0.01960305878239721,0.016975457855494147,-0.009612679896277232,0.003921000118472406,-0.018348658488801406,-0.06306487749721723,0.00034476017310325346,-0.0018126282793763382,-0.00018680323493847073
2008-09-26,-0.03085347035608277,-0.018839506168239373,-0.04309379481924769,-0.06004715339521405,-0.040233942046587146,-0.022594852067098103,-0.03292710390011677,-0.03773147719182057,-0.017722531647834328,-0.03978466775038747,-0.02229473244815361,-0.03328529940403335,-0.026249931248135905,-0.016040278474261593,0.0029894603880780135,-0.05101303251135669,-0.04714266151725288,-0.0474594470429458,-0.06157640896572292,-0.024609238319226456,-0.04995076781648944,-0.013171572212726801,-0.030197682994909658,0.013445462160742494,0.0228665045521228,-0.009246539025864697,-0.057183727001859475,-0.025989514214636578,0.009541031811983958,-0.05035329254749166,-0.004486010162583098,0.022806968410696626,-0.03710397013839151,-0.04463399276970348,0.02412873553134509,-0.05757207696335798,-0.020482118654512327,0.004306654971285129,-0.0788594551601216,0.05868462792347717,-0.05314647229929104,-0.013127343557693849,-0.02883165127875631,-0.03882435847031973,-0.025617409228845922,-0.006541899670515883,-0.06117070879265718,-0.011108286124606792,-0.01035159219416315,-0.011846517648421595
2008-09-29,-0.015459547842366805,-0.03318285575238522,-0.03555351390045569,-0.11973593275702998,-0.02049006594173508,-0.04758204600390703,-0.05654282183392023,-0.049195941509089125,-0.0831114017868666,-0.03704480292918011,-0.003340564371641208,-0.013376291823434805,-0.04645802291899126,-0.037099227012792224,-0.003228902946172063,-0.02447505909059,-0.03442669252466368,-0.02667345800783638,0.005624436918358899,-0.053264042270303236,-0.05257703087837551,-0.07432114177961557,-0.030992217431457414,0.008515042647697202,-0.005198835220678877,-0.005213002535258582,-0.015936907321834615,-0.05579116206458945,-0.0008958840375888899,-0.052211655015537706,0.011436003660360683,0.011703788726761921,-0.021483258775688796,-0.04514435303003861,-0.07155338486835772,-0.05644097294514272,0.031570140649907374,-0.01132075985198977,-0.11696169974533777,0.0009555281363298196,-0.08219849635092635,-0.003825689144870137,-0.028124708872622084,-0.05193312304058084,-0.011318008416324354,0.0028218485096112023,-0.030242853839465456,-0.11807749961342717,-0.054592109168390746,-0.028132028065132264
2008-09-30,0.008536720196150815,0.04611820593854876,0.024451069724745977,0.08564788400161616,0.04119672662317675,0.07251902497855856,0.028202878698508016,0.04224114068090601,0.0735483703440567,0.003409154821858662,-0.009326724979077494,0.012382943865940854,0.033984912204254814,0.0017512585511307854,0.01806365009726152,0.05199645782184148,-0.04215740509955812,0.0160291323841113,-0.04772575142454949,-0.03017469103574999,0.011615088136523344,-0.009066718489913361,0.04126109926457322,-0.009424987219992298,-0.01724614122901369,0.0033811141028179392,-0.025519836063369716,0.010276408827940786,0.002935450114560867,0.006564910268013868,0.011119526789896028,-0.01473419560456879,0.03676586035058116,0.040956491108072646,0.042293351111373,0.04644618037318193,-0.010333502410763029,0.03383059134640454,0.02981343334168285,0.0022281039502727307,-0.004861770164684698,0.030783005474214642,0.04983888498403255,0.005477833060323789,0.06975901881934998,-0.01407094417349064,-0.038892544443901,-0.04699824496573124,0.02630047387550416,-0.02088387057781893
2008-10-01,-0.021879259452850297,0.0074533675232706376,0.05330556161135491,0.02866202610364388,0.02808626995090613,0.0199236853656104,0.010195826229482563,-0.00580477464383522,0.009239783867317497,0.03665803751748187,0.027361142180935438,0.006333620143264662,0.011925567230861578,0.03321687404167406,0.015785876434542878,0.00018848638573354393,0.026220443111916847,0.007124485371398759,-0.03328133491608576,-0.012358382649241051,-0.0014721925299308047,0.0465194897237553,0.015285807469630264,0.008325413343412302,0.02313238049057542,-0.002485128306411122,0.04745829672346913,0.00190712116327596,0.02349780336938445,-0.02084225560421815,-0.017254885418936383,-0.021629158941360527,0.048571506568326095,-0.005809292472220395,0.04238043326499863,0.0322799688312807,0.019678920658974697,0.003188583906626574,0.006629932370077807,-0.017254245112640954,0.058369695466916394,0.0027509927527034073,0.10566631561206563,0.024212798218892218,0.013153615151221265,0.0028541861594750806,0.0041346677621345584,-0.05522151416056986,-0.015129995291780718,0.01031753814636871
2008-10-03,-0.07617863135385017,-0.043505865116574616,-0.015054926847407502,-0.08449796719717251,-0.013825298500763084,-0.04396950297393831,-0.03483382789579881,-0.046953246543354976,-0.02121318717470333,-0.039605169929955886,-0.02147815735774261,-0.01988893588138474,-0.012072421086430474,0.014100202891543123,-0.051198657654793034,-0.01369715393772808,-0.10345613594713043,-0.01768570352600185,-0.07168853308800449,-0.02693940783327564,0.01208869020396075,-0.06557129670287842,-0.02554411534361678,0.009239173227695296,-0.010135295021431179,-0.02799340972489195,-0.005090856800368471,-0.009517715414811723,-0.006832293586140015,-0.025919550585001283,-0.006744316452434451,-0.0025265607572368953,-0.05032842046915609,-0.025763656083648945,-0.039792363183527635,-0.003908989484523007,-0.0342655488699648,-0.01973925230247897,-0.06695936033726624,-0.028543601287253195,0.007288878086474604,0.015662723240435827,-0.012465469633340831,-0.021571759894099096,-0.04202888925857273,-0.01423149792874856,-0.009856663322662329,-0.09847600690807079,-0.00796914099376378,-0.01355089190559422
2008-10-06,-0.06804053533465793,-0.03774940056581677,-0.057221149644971825,-0.028353490188547936,-0.03383579357930078,-0.0346007830027697,-0.11715709744254865,-0.06475418004243338,-0.058554788603944696,-0.05262565265189523,-0.06877352536112769,-0.03798911801511562,-0.019784882072397147,-0.02057809300114799,-0.040693055235871634,-0.07717781798592349,-0.10941467022520979,-0.007716102646690315,-0.04537557610615506,-0.049924323071174226,-0.02175176516270627,-0.09891786984176865,-0.03492719127077115,-0.027853539962290674,-0.05486984176903109,-0.0443511775736497,-0.09389375375262499,-0.06790511037225644,-0.04063329602157262,-0.10376116585637019,-0.037402402189770645,-0.0017731971540315694,-0.020253288866980745,-0.029171134729631287,-0.0513514254257591,-0.044473374408711575,-0.03711244932480695,-0.05375412188466444,-0.11388231208154675,0.023284209467236305,-0.060057778901800196,-0.0357946848395716,-0.015427773565024117,-0.08758696831545587,-0.02974625128869457,-0.10298354986169134,-0.02961195522546456,-0.15436077606721588,-0.07907484535797349,-0.011049107379182299
2008-10-07,0.020132778049208655,0.02816896988326678,-0.06144258998387875,-0.010202932909329054,-0.018905558740068273,0.007227094234555365,-0.0883648500524582,-0.0700215240221802,-0.06962849769272716,-0.01277872295107707,-0.03111246194063455,0.006216299579318685,0.04749204148617725,0.03293566537401449,0.026801574439965004,0.03330801992704213,0.022142740991703214,-0.013996786628586944,0.04890345578860411,0.008280126565540336,-0.0583680910142782,-0.03909420452302825,0.01987851515814376,-0.0010016510973229753,-0.030555839430977394,-0.04440893046389305,0.015058842312296372,0.024741948451634244,-0.01434019835222844,0.00563994172194815,0.026324063206143444,-0.027784713524114157,-0.0024116612623589218,-0.0047739823090787725,-0.04653349716304467,0.022587102776490786,0.023294639129587402,-0.056627582893221895,-0.04381312131373227,0.03553980780952859,0.014883006605278304,0.017102553018086164,-0.012820678964656107,-0.01787490416160309,-0.00840413549052943,-0.04721006901239222,-0.06960122347111819,-0.10601257560521993,-0.03300030792970898,0.006643058915755562
2008-10-08,-0.015585324369298381,-0.01991295999999998,-0.02019748288700196,-0.06452952384603139,-0.06260863170909736,-0.05147134395858166,0.04288830797785925,-0.041218128266396925,-0.05087756175103564,-0.03652636748053517,-0.08287361879782207,-0.024204984238143434,-0.003967185481779989,-0.007696517276588821,-0.045050309438029124,-0.018772883496988912,-0.054367539661118736,-0.04521550915688466,0.016121597379852082,-0.05258995257481014,0.022454189040753247,0.052532300374499075,0.023433944819445385,-0.04472524946559364,-0.049856502152335946,-0.04162077776881645,-0.027754584728163834,-0.025485925762425254,-0.03256649325541461,0.018802496734074525,-0.04158332151132549,-0.03353768819185543,-0.025038824010600202,-0.060383666310555806,-0.03784859796917783,-0.07228911414931227,-0.07574460627123869,-0.07130570280144566,-0.03804498010391644,-0.031076567783021924,-0.05082165618889001,0.001434634946869684,-0.046175777184457534,-0.039096665865426594,-0.05419633469339091,-0.06869389879838583,-0.08499679826864714,-0.0558326458795958,0.0671664310819795,-0.01399859099479639
2008-10-10,-0.07336736652715659,-0.055976240326887416,-0.052710020505991384,-0.19856751836321518,0.02594231209163289,-0.14689338330298396,-0.017530345705596417,-0.0787894590463396,-0.039882581318239296,-0.023161367935745192,-0.06931916815873207,-0.048988161041462086,-0.059743980920295425,-0.006094685820753565,-0.053654719946872875,-0.08051060997846171,-0.15045809450530345,-0.11013229451251205,-0.072041137525789,-0.025337607004806695,-0.034436554021286425,-0.04836439852914742,-0.011848218452850778,-0.06844415368418788,-0.014776901931998876,-0.038465489113386764,-0.062307376422274685,-0.13145238838222684,-0.04896398098236465,-0.08725925886432262,-0.039181074385211345,0.008236869364027566,-0.013283800056645312,0.03783783514385086,-0.10973094200863831,-0.062048984240033356,-0.08643140045431974,-0.10950990056117771,-0.0744804934596559,-0.0976243099021743,-0.09296740531280923,-0.06544442120386718,-0.0907715243966607,-0.0568221172349298,-0.04884491474930519,-0.07255130059001902,-0.09395966246264187,0.018745783394715332,-0.08860385172330432,0.033668141808580465
2008-10-13,0.028672212840093803,0.06868407943494925,0.11958953087563029,0.16911857816968712,0.10587823939447416,0.19426374181796158,0.055773853415486574,0.10754201590035017,0.09155859890640206,0.07619214136942287,0.07999236292058476,0.000764145277102779,0.07685347154902322,0.02006714853857372,0.11039812077781797,0.1105515196398239,0.05775917652083962,0.10272280496573183,0.05730145755822069,0.023772853499443025,0.10998385676097633,0.022616549441264233,0.06399893825950453,0.04124385969587019,0.04101601474222938,0.007897425445430262,0.014069233144420323,0.01030098998175033,0.01562916286918581,0.07236609562110918,0.004544871367454739,0.024909239417406415,0.09621229316253044,0.028066935236146007,0.07093011042497355,0.13461532286905076,0.06323602985012022,0.01872362917559922,0.04741123292799432,0.05995717843971282,-0.002349205007322608,0.019684149079612245,0.03161368299220557,0.10821867940946395,0.12154979272453703,0.07301184774966574,0.06548833577602164,0.12646363145568928,0.012739162327624731,-0.04817051410611861
2008-10-14,0.031596167800813424,0.036156201514145225,-0.027322019707222256,0.05739192535550397,0.02182894704279681,-0.03166926048595353,0.051126708858977965,0.019267707795821654,0.034651819371595005,0.060217177114094245,0.02638975533791399,-0.03865841576289952,-0.01826376774504257,-0.024043585460908345,-0.015414148133815142,-0.0027668213923038865,0.003124860853717104,-0.04433201834420186,-0.06075167935784265,0.0005012026804398495,-0.0231842543898787,0.056434709902830615,-0.00477059797573165,0.03376635014583851,-0.006468639624468864,0.04819203995721755,0.0046135391039270335,0.0188238832829708,0.0028065400291974463,0.029275561155874597,0.005810921058664098,-0.003528196235583647,0.012445006687153093,-0.007880717077679233,0.03365911525822085,0.029830628475513432,0.06224055867802836,0.08804173505631918,0.0023823578365762543,0.1193405018612852,-0.03444234892181297,-0.007276686532660004,0.032258185882626744,-0.007382607778968597,-0.019640411203751373,0.03888194603747874,-0.003634184214427516,-0.06845859629576445,-0.022729985498577965,0.0009279975574971733
2008-10-15,-0.06221310934372726,-0.06750574369538975,-0.0037247654359657822,-0.07874567821218992,-0.01845119393014638,-0.03168750500062767,-0.03761746757982698,-0.10894452400765142,-0.0836850573990966,-0.04474389531221068,-0.05159409490402711,-0.04860767965494028,-0.04235810542023455,-0.008398800937735151,-0.0009784332215168057,-0.06559030248718256,-0.10575470848087276,-0.07281275320847624,-0.030711956797997764,-0.05660376822667601,-0.041855312957561175,-0.04878759778109132,-0.05293514756346607,-0.03119779283845925,-0.04912670756530435,-0.061122579518406495,-0.005790357005610702,-0.04311035332510216,-0.009839284250757974,-0.033263759635029144,-0.016259421416939146,-0.0017045931293085959,-0.010997893480914067,-0.02127631358819615,-0.060924296783248844,-0.04608323935424741,-0.016492938783846722,0.032533927385046235,-0.0496137899186293,-0.018458685498950245,-0.03292727596564515,0.0011507308335156896,-0.0562499280154527,-0.0611901823456541,0.0053102597516978545,-0.05029270265877139,-0.03330130539404963,-0.11366166585316384,-0.038387577384507376,0.0010294070333458638
2008-10-16,-0.08436359001843241,0.022102251254083383,-0.03822301899793512,0.004829277525059572,0.026930742102847294,0.0065447548231194475,-0.017652761519371007,-0.08050419922397156,-0.0885656456684113,-0.04708030820848419,0.00704874323061877,-0.041611949594526965,-0.008368509205676,-0.03839589830101964,-0.007443761571879759,-0.06071337508298913,-0.013201636097761926,-0.12792917421195382,0.017762916384685967,-0.11150452614171757,-0.06958583099823834,0.017012230542678086,-0.004181104994113505,0.0700237231539127,0.006535795039922521,-0.016913213799752747,-0.07835722436470005,-0.01609002060637854,-0.04959432674242792,0.08028605519029597,-0.02567351649502203,0.0017075037284324246,0.035159248175753666,0.055941898497152476,0.03914982342320772,0.04278833171822938,-0.07325701248705319,-0.0054534875667676674,0.04470132690690454,-0.030315329513791456,-0.00662040178384804,0.022569502768505334,0.04139087618012893,-0.036009714689336225,0.01272514979029249,0.008620946487383208,-0.025754670910646094,-0.06366891028587607,-0.07326536943455164,-0.034255737771283434
2008-10-17,-0.06171180600493187,-0.07322251821276204,-0.06123658282055944,-0.059834312214147034,-0.0786081961334909,-0.004013788566750165,-0.08107818167198366,-0.028901345380589416,-0.08313132489896469,-0.04770383123559574,-0.07573592607683188,-0.03446137454194542,-0.09433388412138755,-0.0751618313364496,-0.03966825739659896,-0.09229060679044243,-0.07989577052864749,-0.07334786303439444,-0.046698310735101,-0.030079563756669647,-0.02607161540237335,-0.06939865165786863,-0.056423171487846036,-0.02423724709987629,-0.017315994662340684,0.010851904225318343,-0.06479024334460148,-0.07113640712973934,-0.06628303831761151,-0.10170789577642969,-0.011065007488605061,0.0018358603147921038,-0.0387045506349214,-0.05380193872638184,-0.061356293835228115,-0.03573793091654587,0.03285731449962004,-0.041226623354013725,-0.013764202056878339,-0.07418405056531951,0.0028564383455376152,-0.035976533372358954,-0.04451515203884049,-0.02390750863299107,0.042437185138539,-0.06105010250714271,-0.09614418979061712,-0.0606992632123996,-0.0521979649081713,-0.009479971373362761
2008-10-20,0.011369706148361525,0.045706511184357534,0.05261361039661594,0.051373631090216865,0.011377459706820803,-0.003949324939375054,-0.04353372521982668,0.01500573121356874,0.08262676751298192,0.07632532415480497,0.0947572239546095,0.004316179541650866,0.00831985236245325,0.01142875317350911,-0.025893975908664935,-0.07872087097532454,0.018174315274912978,0.02742967982360378,0.06630374562739161,0.0022591660839001992,-0.05387940876501307,-0.03742063490220715,0.0247464145558407,-0.009315166560922683,0.03964758219231057,0.009478680125712069,-0.07351176037302032,-0.05633822671232269,-0.05701667050270254,-0.06594751879820959,-0.0026558043987493507,0.0014402373071902286,0.02695166854462805,0.05192939129368579,-0.021788794141782364,-0.0054909177151534205,0.006454265622630517,-0.027112789761819855,0.02032765608392606,0.06478920918123654,0.08987358217681174,-0.010250297112165963,0.09151376271417999,0.07577518634848923,0.004207391580323794,0.01300400786914846,0.05383739968100998,0.0646217562013105,-0.022590854523627635,0.010538701788523896
2008-10-21,0.056060249642798654,0.022948551504367476,0.008515770019371205,0.047891211608015904,0.03622171928037976,0.06246947695531646,0.030059475157542925,0.05901172577834535,0.13788505342933588,0.040979434445496565,0.05303292673647064,0.012830061383764635,0.0062703439493569935,0.008160344934182717,0.012658206059279475,0.04044626514605243,0.10293534151430084,-0.019832264231899988,-0.023201666898493234,0.015368914414727541,-0.018582847482265907,0.09531394557710615,0.032147434421169185,0.04596728472884415,0.023607676871064243,0.07236594561732002,0.014293125484574398,0.004664250386620772,0.05534376468110058,0.05024780139651086,0.004321672118423159,0.02300362809528389,-0.010401776717596456,0.007721905813894869,0.012895590691421877,0.013112691548252231,0.030691695467064406,0.01698238208003877,0.05233455071818027,0.004515273069747305,0.08159109028245504,0.022697648491349254,0.003049033953421487,0.008537773509934343,-0.02264768786994298,0.08087297676891958,0.08361345988435231,0.029965236721207322,0.02256578757797989,0.07513045367971194
2008-10-22,-0.056023502991936036,-0.0802097510264348,-0.03767610965362245,-0.07968909942452418,-0.06406267984988623,-0.038537487941686766,-0.05269373322765014,-0.05112837882925303,-0.022268158065772647,-0.0356560769536719,-0.05878366905304622,-0.03578448640227183,-0.053460223386322836,-0.05479400015603275,-0.06770829496978037,-0.00341485813567477,-0.1186837478223004,-0.059143992220670905,-0.0731592423791877,-0.07870844759553597,-0.06975318889517124,-0.046583664511387624,-0.042438528113715845,0.006792282071459876,0.010348920061135747,-0.0033380073147911693,-0.03756371941404757,-0.11049224443680039,-0.06544863627130537,-0.05046302164943117,-0.020124345645531228,0.009326455720116922,-0.08360280157758515,-0.03804055149647623,0.012731510248686684,-0.03405993139243324,-0.0004443877925188744,-0.003425624045286013,-0.03955920782397415,-0.07234601524325612,-0.0995843168642343,-0.01576618296778587,0.02583591604339408,-0.019400294165113907,-0.02676383190103626,-0.03681733897162598,-0.041109284027116555,-0.06788501708826122,-0.0597833241737461,-0.0415717754192958
2008-10-23,-0.07529588700337508,-0.07684786985014325,0.024558812683059816,-0.07789263852382378,-0.04743952497089654,-0.01394183834646101,-0.0617363774792834,0.020658352260908064,0.0011891425443788517,-0.01254265209974914,-0.02594860620331063,0.019902592938996433,-0.007622782990491905,-0.04874875492337616,0.0013406202543282397,0.030133648454175432,-0.1511935859540745,-0.13234078333021582,-0.1440288287839917,-0.14742617174267125,-0.10426781396346863,-0.03629599158998853,-0.08216429331394548,-0.04067484450547043,-0.01287680678189762,-0.05042945029419821,0.013353502152082086,0.014613767520625043,-0.022754866065786916,-0.01415944547915382,0.006520724289331037,-0.014050429807748177,-0.0358215453354358,-0.005974278158878188,-0.029714325449605616,-0.031734669998189635,-0.038239193523514126,-0.06573570475537993,-0.1538690358918322,-0.0057682107816909856,-0.07085624113368405,-0.0630273504905865,-0.09037035716154318,-0.046043241412682234,-0.049047628157503964,-0.0024661424352168115,-0.03861858193542955,-0.08323335726660508,-0.004694327816781696,-0.060001971675968546
2008-10-24,-0.16273150880422604,-0.12673790965532017,-0.09434489142529923,-0.14379435668248408,-0.12177205103786504,-0.13423842770937644,-0.2104212084010576,-0.07693697185098491,-0.08852543999382745,-0.028950006103413584,-0.1361381930622504,-0.15244439362993856,-0.08903655098032304,-0.12950126201272405,-0.12251728004271611,-0.06200111999714708,-0.14423062322322122,-0.17445182643034485,-0.10658676262074018,-0.16443978314009855,-0.1562821535352863,-0.1318894883699271,-0.0959861436717151,-0.06328836121635917,-0.05781197525748549,-0.022848055249127586,-0.12402023764865311,-0.07613156946478594,-0.04340474387622706,-0.23670950330810092,-0.02921871442134294,-0.0202855792401736,-0.1035869717676855,-0.1007441976452147,-0.07420506084712009,-0.1194465954328785,-0.09153965901198258,-0.15451813984098672,-0.10813612650744431,-0.1523556129050323,-0.08521204529895876,-0.04241203065621024,-0.09120531914141872,-0.07579178723701008,-0.09151213898280741,-0.08652629565402092,-0.06405956916966271,-0.10672194297804383,-0.04744877185220053,-0.14502323279640317
2008-10-27,0.056400090247971324,0.05120085560975052,-0.04173090321079287,0.009259219996033519,-0.09615795772483948,-0.007979910260546563,0.0006736119422325881,-0.058494452428201615,-0.004209327288004383,0.004574324052366574,-0.06592938433302653,-0.07021262692732955,-0.036029336082493923,-0.07716772365038216,-0.01424227191588634,-0.018184412087045354,-0.05449458095147608,-0.06697475252951857,0.03753368771042109,-0.13899133861109203,-0.12806258523552805,-0.09852991385028209,-0.04180188510563532,-0.06535655838828014,-0.06230322767961127,-0.03091511056045404,-0.07922977751413907,0.10356329324532698,-0.02351378975392815,-0.0317692809498652,0.007127470862098306,0.029616646785926015,-0.07370364610126778,-0.06588132635253052,-0.1475827352715252,-0.08354006446443729,-0.07735360907236544,-0.18901283979328465,-0.05107196901121547,-0.029705620028202318,-0.029358282295008475,-0.03886585605633763,0.010752911126764353,-0.013872053872053924,0.029213032001700556,-0.05548033516421491,-0.01928554976195318,0.01026145348846308,-0.026106464824880105,0.002312801267457809
2008-10-29,0.1158310910602589,0.09183499040778464,0.020004408891714842,0.09253391338086492,0.044455118710854835,-0.01440459635657576,0.09740906323026555,0.05017286126886189,0.095291077770979,0.04197970401629947,0.1703098155216869,0.05974213074233736,0.06560699169512096,0.13189636928193682,0.07198165828826175,0.0893642676029327,0.11022005757031517,0.3155940786423854,0.10206699876830516,0.14142846577981438,0.20386584908267924,0.08021164350824028,0.052544949917994854,-0.020080448622981528,0.027516703454864233,0.05240301479513709,0.06077948290629065,0.17053524584432833,0.14484510598285127,0.022715781629251364,0.024565981250108893,-0.05880108929666228,0.06700460720898027,0.07359429019274333,0.14925399141651652,-0.00180520391332617,0.06784349247304378,0.03286392921662995,0.09367286150829912,0.16012984193190816,0.13256123472792947,0.0988069475836002,0.03368779337169592,0.16466712930397742,0.0377559352219925,-0.005730776249703751,-0.01060291043386552,0.11051975619297316,0.0412878822458973,-0.0012818679392223586
2008-10-31,0.14453904945751095,0.06050756733009188,0.07534562394064315,0.15462568720099457,0.009230922360717653,0.06852058785059256,0.033879762346726405,0.062187643429399087,-0.006102437878739542,0.06485967125142333,0.06089466176477698,0.03200406442686066,0.052984614105043626,0.06397583996303413,0.033212834995715035,0.09805733234287106,0.12255798366714021,0.13828812948924063,-0.00820608313398774,0.061013963627316814,0.2398613841010626,0.1254181539448116,0.03748716486060388,0.06918982574460086,0.013390055852825933,-0.013584964473732142,0.015995567193859417,0.05086201998917206,0.043758487280843195,0.08588353437248752,0.032292376489819086,0.026639351588238824,-0.013633537817111296,0.05458584283806878,0.05454542436245191,0.05786614187591366,0.07283064117174076,0.12370130862056539,0.19233630005330893,0.1794965655610934,0.14012533612778233,-0.03068915007340345,0.008576199757307057,-0.038721243221840895,0.003741634781011527,0.09077816879359557,0.03176120582028319,0.3371080466339067,0.05059925204180549,0.02400522177659692
2008-11-03,0.04816639539959766,0.05774407769231038,0.046890252822583856,0.08012572745391666,0.11777955278480179,0.06972183036891244,0.09919962862180887,0.11195075929578269,0.0184186613715851,-0.007451512963021156,0.014120858665472413,0.06202320901070579,0.06980902039126069,0.030780024860872723,0.035872568389960335,0.038708769105233465,0.07556611946439773,0.048760260576342196,0.06973987269587845,0.12326742844152427,0.022563391024811752,0.005945444521601395,0.06915847648719153,0.07034974320112419,0.029970836936181744,-0.001099561914189473,0.07374750399980146,0.05578331084224741,0.03969601863569716,0.15113611863895193,0.009418735908309328,0.026607208750923483,0.03895313739285888,0.005115904878796984,0.04556647105660594,0.06410271329566597,0.05344247217724507,0.054897426557178,0.0485193459611486,0.12021861605623152,0.014169748412892202,-0.021263785204874708,0.02210905187844503,0.034737625967201424,0.03778915735868682,0.07397625652793938,0.07837572534800197,0.015472390501011901,0.0014083480575199925,0.07860115792390365
2008-11-04,0.006866722889128818,0.036803997969734326,0.039325643225476936,0.06292076171301453,0.06477764856806911,0.0635170623697714,0.14110352794083392,0.02863835261019032,-0.07106321623794554,-0.03387515906909355,-0.0491862601417431,0.06994105977542997,0.006293509411993359,0.04375006106696877,0.06431277490842224,0.05284353537969033,0.06250015086376481,0.009456162682871527,0.08563531495555954,0.018377517561056544,0.044653418915779675,0.08490686131641745,0.022585970660485177,0.04171039964064649,0.06852335456255632,0.00057654597855894,0.0270549308863548,-0.020979212293098848,-0.011590486661984922,0.144126553474903,0.006121771482138438,-0.012189043199318572,0.15379966438321824,0.06257495357133247,0.03415783735517941,0.07550196988280478,0.0461604699203193,0.024102997386580505,0.09375022524676235,-0.04150949660195713,-0.04704836282917324,0.005140354761303589,0.02662240428123308,0.01499980339404483,-0.018702173741044992,0.03444005264029748,0.12084072579934935,0.11724130143113198,0.04978201721918141,-0.011855089490311221
2008-11-05,-0.1257577571658065,-0.04407575267908381,-0.012852368534617353,-0.015181545107524785,-0.036532421150126115,-0.05691295963489973,0.012412629469957803,-0.062127736757043306,-0.0041298711728164905,-0.0074331406192482685,0.0327119848881523,-0.0067736463538429215,-0.028966722935417688,-0.036593675952994675,-0.15444721850733711,-0.024493823939634174,-0.09949942486988417,-0.04215459580589642,-0.12417300921349994,-0.06058280552588935,-0.061242464521400475,-0.010231059911767204,0.0001621535249305417,-0.03397397942310121,-0.005563785032885016,0.022737900282653323,-0.07133681442372775,-0.08968234008139975,-0.07715801149364232,-0.08317527208618303,-0.007973157939363151,-0.012339449279643921,-0.022362132347163666,0.014651886752306886,-0.0022778477294363997,-0.020911083141261222,-0.00917419295288635,-0.047339129955076054,-0.026099004898622713,-0.03744955413576889,-0.06582837628982208,0.01663702832045444,-0.029173714749848867,-0.022519154171310563,0.009592541799379628,-0.03210433999462803,-0.0045310630570238875,-0.02957229901421954,-0.0421967399550125,0.03528552800845608
2008-11-06,-0.07761732400565524,-0.06704594879261305,-0.032867364082445616,-0.03870441669021396,-0.043850605556827404,-0.035264945215355614,0.002919263686951945,-0.00745015324301368,-0.012243192338691089,-0.05771535334435396,-0.06795553301448887,-0.015162137465714376,-0.0210170309243789,-0.03314922634270401,0.016991122387236546,0.008127921206336541,-0.1380587281231711,-0.07823956172635382,-0.06798344638730525,-0.13556516958109566,0.010118291176240968,-0.036447877003625284,-0.024356802414074563,0.02553923872428787,-0.0064782700779626445,-0.0333998380764684,-0.02274994266533059,-0.04010471040190444,-0.008008551872895509,0.024656655577546704,-0.01505924306220674,-0.008416447500623203,-0.016976524997067588,0.01332966370008104,0.01940624988448092,-0.054919994681422835,-0.03439109801605844,-0.050813811395611475,-0.08801142982294197,0.015762166987642434,0.017936713322337372,-0.02823628845891679,-0.05342244239176941,-0.02843748196504481,0.007125821129329468,-0.04176920662964567,-0.05760483204782019,-0.11035480881807203,-0.0330072563861723,0.00011358674152717185
2008-11-07,0.042886044149063496,0.01352838044741711,0.025935648805812894,-0.002538131192919346,0.02634164859522725,-0.0018878101992997331,-0.04272905942128569,0.012859323417912627,0.049880206808239125,0.013727305390951239,0.027069575085905573,-0.0049752891576521074,0.04847648240101554,0.07785720263660334,0.050859882108154064,0.009825509409166377,0.018543354171215665,0.06631298560709475,0.05174535951096715,0.0015872719123399825,-0.02517451743658239,0.02354604900573065,-0.0023299080569120223,0.01939177503881706,0.03526957969038169,0.010599356930586445,0.01875030703926517,0.025431497363586963,0.0330462662104265,0.030859834929726215,-0.009921144242382551,-0.0055706353303175415,0.06253436262034628,0.05590561799490312,0.0022395861961559405,0.04923333328788004,0.018264497956032688,0.0032532810962486725,0.013609641203853329,-0.03987424880211976,0.03807364080218556,0.03775284959860126,-0.012345429122146534,0.008151009497166184,-0.00930970617834348,-0.02435891717469363,-0.013824130287054093,-0.05171282369406749,0.011281538899154064,-0.035101264218818096
2008-11-10,0.0674585375787915,0.0981406520677901,0.010001605221636956,0.09148754102242518,0.041721813845650324,0.04693937510271495,0.059352986548772524,0.0602630193031104,0.04055962069424002,0.059946072056223265,0.036359994599119094,0.08844608995323044,0.07562786924518194,0.022531632485167874,0.010755285558630145,0.0806216924066645,0.1308704680807462,0.1094525841524927,0.04860659301353931,0.08082399519950467,0.05462415392973097,0.09916247254283861,-0.007006510291961421,0.0072090385275120905,-0.013455251328156947,0.004614904224047978,0.052155788672497705,0.08945971318359836,0.0373032717488373,0.06521713754239689,0.003079858795285828,0.0321424580187617,0.02053031668111971,0.03270186522903784,0.016759981326594398,0.058461499414333096,0.04843048300306951,0.024174796829837364,0.07567918997042566,-0.007978741526006083,0.03031240179907546,0.005919204860800331,0.016071218215169214,0.023888334787171672,0.01065014455681279,0.030223356362431453,0.09187626729390796,0.08714720695308142,0.0015731544109531814,0.06604637563472116
2008-11-11,-0.07321020352707275,-0.07335073456951613,-0.0702733672177811,-0.07947458342345692,-0.060306870436046434,-0.07365736661689837,-0.08117115019971266,-0.06366478163361633,-0.03220770184800792,-0.06111314155503822,-0.0777795340873958,-0.08641151253548307,-0.07245953992791043,-0.011665613978959044,-0.022669438460168334,-0.09673806584083178,-0.10825923786292269,-0.10089664803094178,-0.11362312576009193,-0.09442806897489919,-0.08653848153596788,-0.0674920769769598,-0.036707027082939714,-0.01829075294317606,0.001450791540291263,-0.0010440195629246585,-0.040301663515736275,-0.09674791808404315,-0.048819567854243795,-0.10137162337559291,0.008995173869357664,-0.01408460653380672,-0.047108348944056244,-0.04448351411843632,-0.0637365489924252,-0.023982600026087875,-0.03336207437369676,-0.018998533084882863,-0.025248402112566293,-0.03526484956414644,-0.09267390044282453,-0.01342154262955697,-0.008787050820753373,0.005024964698207235,-0.01314156165826641,-0.028061325318902042,-0.037896472626232636,-0.051129008732058834,-0.004283699321576795,0.00784116316643546
2008-11-12,-0.03767501874575152,-0.04170143955862504,-0.016318805669891634,-0.0852997335351714,-0.03570822357971226,-0.0686994456098563,-0.0321129245835573,-0.04577288631856136,0.01143997275756048,0.0021879773457367246,-0.003019515705274145,-0.03268319337185244,-0.0056273023709789705,-0.04196722469303671,-0.035029658206848,-0.024318926986389156,-0.03165892716465879,-0.05901916256257256,-0.08673485044097229,-0.025582878278453625,-0.04280708203415218,-0.028087733708471063,-0.024677403303218992,-0.050020006059757094,-0.01477846954222728,-0.007002204230039277,-0.010983643656555131,0.0,-0.029042282254880036,-0.08823535683475658,-0.011657717209696106,0.015989397954786266,-0.007389091953496019,-0.024197856041072052,-0.03521120139547351,-0.025316413544217986,-0.04645986460992635,-0.03491790266652661,0.004656553033740796,0.023514136510508266,0.0025943530339989085,0.008913236060062557,-0.019503629111174203,-0.019285813216745606,0.004648383464398442,-0.024934408436304456,-0.013826225545474524,-0.003909700437117358,-0.012333328171509561,-0.05577502379194643
2008-11-14,-0.013293689172833467,0.024606562783767272,0.002284678591207401,-0.0035237812322954642,-0.006065722245149785,-0.06158414313423821,-0.02220494594876532,-0.03947847423996387,-0.007571719593804538,-0.036722382696977696,-0.02564102564102566,-0.02641169062968185,-0.005659041497114492,-0.0034222340442136012,-0.01913149630855082,-0.04154204445881682,-0.07106194552614242,0.0008833568615864706,-0.043295904525322615,-0.08806924584960063,-0.021700950786988638,0.020291027982437315,-0.04130527406057549,0.00042630146392808044,-0.002646843205838856,0.020681023004898158,-0.019435303979708274,-0.02430237302568161,-0.09604083110456718,-0.014087481937790525,-0.0210319916424464,0.005418175344163334,-0.018078690653758445,0.010781636191762978,-0.004866059983224091,0.020626475311267933,-0.020881639044231903,0.0039525961827215905,-0.061413642701948934,0.02370510124061176,-0.027490617137945872,-0.034673022581901525,-0.01989167161531591,0.004370007605033921,0.05039376316283972,0.0040376848346819205,-0.03651793580781926,-0.06245729362806496,-0.062291472573256734,0.018568068156255224
2008-11-17,-0.004665354392971444,0.026100220532231155,-0.0718569372296809,-0.023869812097580323,-0.0031582888179436663,-0.07546382760385517,-0.10932150464508827,-0.0022095379785070923,-0.022322392276125647,0.01582613487538187,0.04496478079386268,0.010750001524808095,0.008704186741484987,0.04120874772557359,-0.036008910542963735,0.009097920031065021,-0.03257698639614581,-0.0370696389556846,-0.04160620617339339,0.027332551427071916,-0.04376488650449406,-0.029061157024353856,0.021822280711555786,0.003835347234300457,-0.02565618695830385,0.0024233339648029872,-0.0022942734553027533,0.04243542016100066,0.050294757613447594,-0.03706765546167401,-0.012093210549214306,0.011931707966595262,-0.02292401773627728,-0.0466666828941692,0.002445031330675196,-0.023203659407104893,-0.026540310147443735,-0.05602659553949563,-0.024691351931138472,0.006936681197093897,-0.01762578327048081,-0.009220117303665454,-0.06457536608835257,-0.026468455920327982,-0.03404769060915336,-0.026809538543162148,-0.04551608775121052,-0.07335265208733754,0.009600455283737208,-0.023698029958398537
2008-11-18,-0.0012701841839890537,-0.06246220112693035,-0.022798695996329554,-0.06792603540010866,-0.05090312582761802,-0.039495314777247215,-0.08464269211882702,-0.03385244263155951,-0.0690755926475497,-0.042113168218811614,-0.08784446892736142,-0.04689823359641765,-0.07533962205188416,-0.054089668280981495,-0.008301287721240835,-0.01872835634183523,-0.009320681342330106,-0.03024763528220764,-0.06626029103613074,-0.0159631098659343,-0.056739881691435956,-0.05772414245461255,-0.06315613417904409,-0.001910436084208822,-0.027239601462613283,-0.010800769742748129,-0.04266772169206623,-0.04159294800867874,-0.07011095922114052,-0.03526886975179877,-0.008519517570464208,-0.017243493195630566,-0.027526396999592695,-0.03496482665560763,-0.07439021488010067,0.0,0.002921394282495937,-0.026948883057436812,-0.016455609801705906,-0.032519519331973834,-0.07650591676068319,0.004652922969378803,0.009861690097739073,-0.0443200265251017,0.008750324287651434,-0.056473790874224994,-0.03882272748081894,-0.05048128928141804,-0.005981487200170776,0.012019953947416395
2008-11-19,-0.006579405278240191,-0.01693705636325915,-0.03338454359226739,-0.03317582457399004,-0.024719337321434276,-0.023300888983730395,-0.04356271855555449,-0.04099804292037612,-0.0010346967277105046,-0.0066074063355548995,-0.03239126402917525,-0.022618711301816363,-0.02369031697981161,-0.024407445140701256,0.00418543243288183,-0.029259642365628835,-0.017298737872283754,-0.05009442702498057,-0.03833614924739337,-0.03064186466141905,0.008308440603493006,-0.00856320034226643,0.005845158486446067,-0.0036153993247209915,0.027380008422610347,-0.01653442413578665,-0.052951798631908464,0.02031390844352865,-0.014044444183253901,0.005127258192437312,-0.0028039898809208985,0.006967175490082855,-0.008548807089490906,-0.010434907403435778,-0.027667913629582763,-0.046743294785732026,0.0174755063722265,-0.039235290989098726,-0.010296083967349046,-0.06963339526629986,-0.004399074164598615,0.036776142985307736,0.0,-0.026110701699538663,-0.00329863408364639,-0.05255473336386174,-0.03375161317190767,-0.01365316961686458,-0.04243171157054504,-0.0706874632294463
2008-11-20,-0.06746418682737176,-0.033150942401939276,-0.07161817706028839,-0.0717876198511388,0.005596481942511389,-0.05028690489148113,-0.01777858141155264,-0.027590011401263825,-0.019994026712390034,-0.04336118173850412,-0.017299619656481413,-0.0021454203978595876,0.01874985282135566,-0.01072169660579314,-0.04558476865175998,-0.031969721502031256,-0.029030268148458327,-0.003980289753349298,-0.0059369181080322075,-0.06136099046387178,-0.002307235498787308,-0.06245390093376624,0.0,0.0010670737867783942,-0.0027255099913640057,-0.04615381711021371,-0.03281336632728604,-0.013574773287741593,0.029613846080638995,0.0,0.0,-0.007046881996991661,-0.017052985040596713,-0.048037497091351966,-0.08807599341221994,0.003215301791148484,-0.035782560495145166,-0.018531000795344976,-0.06566968016355323,-0.0488465400161201,0.016200059911165576,-0.04887353763289248,-0.009765386878657245,0.0,-0.06557980593474244,-0.013867581404995999,0.03149468258202304,0.0,-0.0174025078156389,-0.0033499193328668797
2008-11-21,0.06467482948259251,0.04526644811525693,0.04292487221624208,0.033410748675413826,0.08872238049703163,0.013422373737759896,0.06740228193252329,0.06355771272778332,0.07071931879209825,0.05597922911992259,0.05052589475764835,0.05613590680672709,0.08661152772364966,0.06358371523251005,0.03520767909098521,0.07368856203396601,0.015903324068988756,0.03796254378022512,0.07337875753874878,0.053882680312544284,0.019491514482588013,-0.007244003341365768,-0.012203407404631661,0.002345741776245358,0.03158219673258267,-0.0038244741805687488,0.03911606139156287,0.0522936600617796,-0.03009733730128561,-0.12064757252001479,0.00045363509812634817,-0.0064516367767348815,0.04483417127016742,-0.0009231802850155901,0.03417549913963436,-0.002403648028015626,0.020287207072783087,0.0,-0.044537134020172564,-0.023902497713823467,0.04202949210161533,-0.004065701692167578,0.0,-0.010004092052905422,0.04263402441235087,0.01875019240608733,0.02017034109282556,-0.14052031313526492,-0.0490324428018718,-0.012575288646999638
2008-11-24,0.018188266448412094,0.030621340043603062,-0.03193419411605303,-0.03442601442619175,-0.03054373837010027,-0.033900283178588175,0.011304908172913963,0.001980968326800614,0.026557339913266365,0.009749371667020279,0.01936880643858374,-0.013306445231471509,0.01959472287768782,0.025135713555304084,0.05141051158656129,0.017743897851734802,-0.02348160009477518,-0.003850292095933794,-0.014308643557819689,0.0022557089866062086,-0.02883987023757839,0.03791229497753723,0.04000407092076985,0.004041562119204478,0.013541348641776807,0.0014467741773658283,-0.018741459673126237,-0.021795962384801748,0.008258101124185568,-0.03682225290051122,0.028875898953457435,-0.00012977284746995554,-0.04813408947148967,-0.02925770486373591,-0.018678306578237214,-0.045783181579250876,0.025702880707136444,-0.003146826582578699,0.023306502270993512,-0.03709541081386958,0.040681068496052575,0.02442429323984774,-0.017751796725750668,-0.009296655796047992,-0.009184562322365641,0.0015335824627860095,0.024487509730529933,-0.07979484726170893,-0.08449733142299243,0.003278594539374957
2008-11-25,-0.06376653138956578,-0.015679081482015356,0.007598925625888153,-0.004495526525894911,-0.0658447151995627,-0.05282366613234524,-0.004790674043866017,-0.028864775374851992,-0.030582966512263,-0.011912860465907671,-0.023911244641590335,0.010832881211437106,0.0026057958432659234,-0.024519400917299317,-0.021815751539325134,-0.014132204089524314,-0.033664562562916056,-0.008695390234009781,0.02500028840436186,0.019129696000775853,-0.0782450576324305,-0.005731125306601914,0.009050486313861184,0.0010593394086382268,-0.02033123840086437,-0.005611591674993255,-0.016144040012164407,-0.07575762566131394,-0.014395419797017306,-0.01440189869413222,-0.01220455874818449,-0.0009095754643240195,-0.049588471250917476,0.021573709523351914,-0.013177144336537272,0.010101179946111039,0.004255705594914394,-0.062083520582402185,-0.013879108342340074,0.0007554690811086839,-0.07450719828896013,0.019651228144860866,-0.0923691818185991,-0.006528209702434062,-0.0031745041286598275,-0.01531396507159044,-0.05028318075535776,0.0026518995398912004,-0.024675155961414008,-0.06874453939978131
2008-11-26,0.06260500069268993,0.0401400436856123,0.08457016933154371,0.09265034629908397,0.030927983617925925,0.07409368433431451,0.041720030165517175,0.019475957602301586,0.04652801748311841,0.004357509165844098,0.053368253651955966,0.020996156597081317,0.06887604285043314,0.02241818768051096,0.026916112542935133,0.01129640298049761,0.031851235220565766,0.02534088365466136,0.08103840547433538,0.033492778788347666,-0.023710311124973127,0.007685699849179439,-0.006540325453052165,0.0014815413729198923,0.02223558485445376,-0.0021229931470077013,0.022082619082671506,0.04918050150597497,0.015361565124807575,0.05472926577357118,-0.014094369127399808,0.00884084097799298,0.04598874871602443,0.021428564065524736,-0.034124855967686996,0.0008332367807826202,0.014594881993010622,-0.08339558204468067,0.0021654164020643574,0.0101899081520056,0.03321292591832048,0.053032235554145934,0.03761016801677286,-0.004517246982765788,-0.03668806604357744,-0.00622096829745844,-0.16480241708405308,0.024331907322474366,0.0822709043409231,-0.010391337489976005
2008-11-27,0.0,0.0,0.0,0.0,0.0,0.0,0.0,0.0,0.0,0.0,0.0,0.0,0.0,0.0,0.0,0.0,0.0,0.0,0.0,0.0,0.0,0.0,0.0,0.0,0.0,0.0,0.0,0.0,0.0,0.0,0.0,0.0,0.0,0.0,0.0,0.0,0.0,0.0,0.0,0.0,-0.009783417561211372,0.0,0.0,0.0,0.0,0.0,0.0,0.0,0.0,0.0
2008-11-28,-0.003907160743889193,0.027641800178441978,0.01843138866048233,0.0022803301379350494,-0.01488679202182841,0.010013653739401773,0.032809442800436406,-0.03181788005320696,0.060573966124972234,0.04780516053805606,0.007682718819417955,-0.009211133758375456,-0.03069908341185723,-0.015946590402548866,-0.02046931986663314,0.047376961664869155,-0.026366705098392118,0.006654144282905783,-0.029839874883792028,-0.024928842120437444,0.0411567623962068,0.019830666487762993,0.0035739519567006273,-0.0008455712958864714,0.006960272393000233,-0.003863246762750183,-0.035428619612523526,-0.04044129406027164,0.005952382712919979,-0.0005039582680355092,0.00307645108932042,-0.0027061211555109432,0.017547428007842703,0.028884083784859627,-0.019969179304907936,-0.033305612238987314,0.025986510103243043,-0.05507989974634486,0.06589857080498618,-0.017807960605634165,-0.029639832616699557,0.02854038067254172,-0.025586192538001318,-0.0045378263512765304,-0.0056863390610616404,-0.02503886343527395,0.0011160952713176187,-0.0284015291437546,-0.03997134409584391,-0.0290467580654592
2008-12-01,-0.02208117191811909,-0.03032534406746834,-0.025900525527516094,-0.07422177975884003,-0.029856309598992214,0.011138233935505948,-0.04742718125871326,-0.033413509365318506,0.008491651846572967,-0.01016975722243052,-0.036884093892070924,-0.018449352983830103,-0.018814840494292162,-0.008102707235893791,0.02573890225780695,-0.06582840421752167,0.013210179728777582,-0.02927288744965384,-0.04051033946753124,-0.03104421682476366,-0.030983079852913487,-0.034103601394538496,-0.08705840935489517,-0.016497077062119114,-0.04809882170485791,-0.015963412075087002,0.020706458742629552,0.004789344644717364,-0.010848374439352049,-0.09929420191860516,-0.00613394434101866,-0.003489103528522386,-0.045921464473605456,-0.04373524506937443,-0.04388719820868636,-0.04048236573794961,-0.007237000053702425,-0.02677005425241108,-0.02567573955865554,0.0021550956562728096,-0.019636600783148994,-0.05555901209319303,0.010941162971223717,0.003315222155635622,-0.014097774242024963,-0.008025846839680773,-0.001337792255055259,-0.03773598430968028,0.005390689446637342,-0.021488646054431793
2008-12-02,-0.03195439570128866,0.03096667150881216,-0.014407655826130128,-0.006604187610393386,-0.018038899652182527,0.03885732010832732,0.024894254972225083,-0.032932648629667605,-0.055481762565649295,-0.018558950595440438,-0.0029954197500864366,-0.02812060536396721,0.023649861317564413,-0.008849418691827093,-0.020123872218871908,0.00366137871532346,-0.029986992076069696,0.01361855853560745,-0.003127312874058097,-0.03053165162339011,-0.08526260992523804,-0.004413657408955496,-0.05563529791832933,0.0027954365663009906,0.02632367833094018,-0.0054834363874263214,0.004975169986805916,0.020018898142028396,0.011091699906922603,0.018186740614486663,0.00812311292847312,0.013485485616698378,-0.009951146714457626,0.008034712749061201,-0.034425939459962196,-0.00179530282621021,-0.030979424611433437,-0.052795022250657686,0.0010401123925793954,-0.03909406176787977,-0.07232935030800769,0.0015151197129530392,0.01731563175184836,-0.02726167350391495,-0.035612966404423574,-0.02103573110172552,-0.016521709212268032,-0.0320353077340183,-0.021630949121159815,-0.04894506184636771
2008-12-03,-0.0045160219463623585,-0.010211323135152162,-0.006208116910657924,0.03525060814491665,0.058003874578460124,0.010720095944457109,0.005499660394600037,0.01640195920684051,0.003659541228096197,-0.042868406939878034,-0.04484969327462007,-0.01526009220197233,-0.007493181335968213,0.030219692795627084,0.011409351023556669,-0.0046284111390094695,0.10685505078462132,-0.022072981956707483,0.015686383171574336,0.0361587169988804,-0.02290075148622328,0.008010487107229514,0.05413022960445879,-0.004289154869746348,-0.005306604285197358,-0.008443089566788076,-0.0009903579583893096,-0.007476423377908881,-0.008628242854932355,0.054960413860416724,0.0117037029978877,0.011770738391764679,0.019897572502902694,0.05916602115579739,0.010186575321338376,0.02158255956876709,0.024917622119416505,0.0028102120127737606,0.0031175797361264745,-0.0028968105463066385,-0.03878444042697349,-0.01920645026748735,0.027659837618784655,0.011889805385718377,0.003776842579666706,0.018181887510894335,0.02179363484777963,0.04793134736349436,0.0449736586935332,0.020525312274425334
2008-12-04,0.08418301137735495,0.032680901772444315,0.035835996585743546,0.08721612500954534,0.0653965802336467,0.049573435395240395,0.07581279460114732,0.0828565411528559,0.027299884237306893,0.03099748955224002,0.04538293826912554,0.03490591748122562,0.03837689528358301,0.048000034285103466,0.016295336732367494,0.07002424779445171,0.13661196559041122,0.02453399813855217,0.08803083568832593,0.13283289174141344,0.04317421547404754,0.05408559148910741,0.006083872835882742,0.01873814033148169,0.03171289728626592,0.0378825963524001,0.0242247508720268,0.011299257000729535,0.0660205391565667,0.11200795654262641,0.11617363074800213,0.021623566556324025,0.01488304832354026,-0.005499198645651515,0.07394960943902995,0.05369727635874777,0.01146822931132152,0.02615613893028046,0.05041430028663685,0.12967138105922804,-0.0012480145654574226,0.003554227802595955,0.03519675316421211,0.0,0.11580273856589707,0.03896113886296915,0.028660360150550845,0.19384724310387758,0.012658374038837739,0.03356978536465571
2008-12-05,-0.035803585782613334,-0.030479611674269047,-0.023740516661680977,-0.01538445886044082,-0.02972871229592744,-0.026691523982403598,0.015675753937418824,-0.025527666512070724,-0.05023631509209481,-0.04855781664551606,-0.022996022058133336,-0.028243077148250695,-0.027567167690624728,-0.01208664975682261,-0.004440361494784439,-0.014473020586243446,-0.025106756846721145,-0.04501920511194146,-0.060326694734704756,0.01457434431752902,-0.006897915744327521,-0.019616503354462078,0.0057393742907327905,-0.0073995197152555425,-0.027003484136430722,-0.010938616323874828,0.0204272943443089,0.009311128642449429,-0.0038490493886539356,-0.04684926985613469,-0.06421918274779281,0.002227771838803072,-0.018232026864840267,-0.028521482783826158,0.03286376805911928,-0.01587300664789726,0.015419211895949081,0.03823420079196893,-0.04109133280841781,-0.036937456087482334,-0.012494409061984402,0.016973997873427793,-0.032000222442778115,0.002098181782416386,-0.0385912772295276,-0.010937628473684846,0.0008637670431426159,-0.02850648680378809,0.035535644224052865,-0.0007158305750964988
2008-12-08,0.0008499697564654518,0.05482837865378354,0.008648899589201564,0.03236607293971483,0.03050746368310353,0.020088144080614212,-0.01890989519976738,0.013784227561603801,0.000862283641462902,0.020493389301595943,0.048834281904519994,0.008010116825136748,0.03582550041484245,0.002575631749484053,0.01808729614498139,0.01752509282358483,0.07397246750173192,0.018054145170280922,0.038519771983995366,-0.006855993050790876,-0.012303888823446352,0.02590705412668881,0.01722225025023838,0.024067974472382847,0.0032474705748555266,-0.005925073390937841,0.013327710008791627,0.07011073535182732,0.013230325205197069,0.08896528905029122,0.012864835248069806,-0.013708477772907735,0.019983575200524184,-0.017974857771688058,-0.02424227673694701,0.0042446661580570755,0.02501099611548563,0.020166246713647418,0.016455173734275297,0.059958847852760844,-0.013496533459586013,0.036075763061810484,-0.04752070118720064,-0.0029312710953163235,0.0232527125433013,0.007899058318384666,0.037332632479800454,0.04037572320094318,0.031729537872425384,0.03107117888738342
2008-12-10,0.09713488436318474,0.04926907146483228,0.028674640083076408,0.08121606100544088,0.017411617678712688,0.02400685423383342,0.025084856812978895,0.05499535136491818,0.03599793685645536,0.01382003635690987,0.09605708752100428,0.024670469080843027,0.015939833749527788,-0.01605661585997853,0.06789969578986366,0.03808321706176088,0.11147955641876872,0.05911318711403024,0.157091279720309,0.074621811833959,0.1432590106348659,0.0692819746050577,0.03346004694002125,0.017886728528728302,0.0026488341069790255,-0.012941742699329017,0.14322083902796678,0.10344815075115577,0.10238046416460511,0.18663967362756173,0.01055632292859654,-0.00626064336866583,-0.014446723979661624,0.004270840461878311,-0.018633672285762737,0.032121531557581795,0.08148165407877617,0.0077353116346357,0.04721755772513192,0.1378678850232904,0.015818488378756435,0.009132891206756977,0.019522727838528153,0.01511958125528956,0.03745085433662898,0.01724144165291741,0.029748437885753543,0.08844768862270747,0.09777713363136487,0.10692972020590119
2008-12-11,0.02591249732379519,0.008970026019143207,-0.005629097100695257,0.015123278128003292,0.008199438374233425,-0.012532469758695486,0.04742160241787108,0.002821274512749161,-0.06173171920189868,-0.03309898002043954,-0.04439344757115038,-0.01779909298728255,-0.010657249345257358,-0.011096287453651654,-0.049680899980205195,-0.027735405703832705,-0.0006884864988440098,-0.04651148921304937,-0.0018858166169691826,-0.017130459999194825,0.00878731399495325,-0.005240923351166549,-0.009887388330497071,-0.012668645540737322,0.004696021987334653,0.0004021790568515815,-0.017370800641177464,-0.020312503132690174,0.0262053684453869,-0.028718022106539287,0.05060777526598659,-0.013231321079094527,0.010843431444010676,-0.003948933246912478,0.04272154064226008,0.039312131905333336,0.005640508242849007,0.019616249253607165,0.028985353294905147,-0.007145171254614224,-0.02735682777046311,-0.0043993828293806825,0.05319168999827095,0.0020688297405602185,0.04650014403033853,0.04314341580254277,0.0014142502789109557,-0.005389811437633063,0.03882458329231597,0.07251292376208385
2008-12-12,0.03820480389830805,-0.025458059901270702,0.0015241640214338492,0.012065695677781818,0.015014551423041533,0.025820623268877352,-0.017291298342721917,0.007864546575138576,-0.05190566696190524,-0.0264781483181733,-0.047457017849083294,-0.027971840459469877,-0.013165668239573103,-0.03102335628427144,0.021342566987636813,-0.008477988083099519,0.005282414267435698,0.031219462541588694,0.007556699644255316,-0.0454405027106225,0.03397192485607459,0.02935151200477537,-0.007147250743830713,-0.00496669121277904,0.0073037755860538844,-0.01126705777062531,-0.0065712752540385555,-0.019138784181311874,0.007456566838108802,0.0853730887981956,-0.027016350834312086,0.006274011917223765,0.017679784003719945,-0.006709382574163758,0.03186658040685986,0.03467295152662886,0.018830350813955787,0.0380591816454281,-0.014397421771912389,0.0034462571841875622,-0.071830310403172,-0.013824894275710209,0.032323272688476345,0.03014037501646727,-0.01321322687733828,0.032496142770138015,-0.03106734073637163,-0.05523122713349626,-0.003224529856984848,0.053339742676584034
2008-12-15,0.025591127243750345,0.019212120675200506,0.026414383567499033,0.01873499305530224,-0.009984700188478635,0.03711612325432201,0.043384612060404226,0.04326591093993404,-0.024205520320442653,-0.0023079326962615054,-0.016186802424548397,0.042546591274158496,0.022134501731427614,0.016348926031751754,0.042968294455550726,0.008843952692988433,0.038154062146599,0.05676440239249225,0.08749985353102652,0.031301085406429285,0.024094491260729933,-0.02259887042930686,0.003352625138165699,0.014767139559449083,0.0063803563938593655,-0.014127456861576237,0.09367877917821321,0.08861788020796135,0.04217802030953588,0.013350030585653316,-0.005984828198059788,0.012858964450083388,0.015811031370724482,0.011667182452720581,0.15441168315661624,0.006092817369434345,-0.039717033026689386,0.041096144610554886,0.07176894747683837,0.02252514704643649,-0.03170143740335918,0.014978774790650684,0.025440366711147133,0.048897676594437334,0.03851165324797545,0.047210292007068055,0.1151363948002122,0.0630928558749011,0.02161436127162486,0.021765400924617317
2008-12-16,0.03576867735993505,0.010035088490535582,0.04310304221548833,0.005493234898285682,0.028264215898858858,0.030028856924406266,-0.004634258900098054,-0.014229373133302747,0.02065358985489696,0.020412000393018825,0.023718193490099404,0.05861843048709514,0.036191270248583596,0.03820402197232231,0.030841545145469995,0.021025204960971156,-0.009903254705268316,0.0035811134340304474,0.016091966622500564,0.04299704962405304,-0.015300941423285752,0.01414492359112307,0.0009831281123531266,0.017831330870116346,0.017579277180580943,0.017927276100415224,0.04348765557536027,0.06870814573853923,0.042416418839744674,-0.016556709436769235,-0.019619072300156915,-0.007822928362901438,0.0182550143062703,0.015781686943767692,-0.007643339621275391,0.03785040126787931,0.032760055233048924,0.04024777333445795,-0.02459272730201889,-0.008594380038015048,0.18488168602011323,0.02169519855913138,0.019083858004543597,0.022162742728502716,-0.026357668009325375,0.0300547532577089,0.04126196522971348,0.008093057975375961,0.0647668943704669,0.03793080428552309
2008-12-17,-0.026719228131021122,-0.047730725627115556,0.017513580918748106,0.025652838417748347,-0.029909168655674168,-0.006389670522473967,-0.05664774260848249,-0.03152173046813367,-0.004276670129618965,0.014891469831782134,0.018158996620804002,0.005957792961825081,-0.004867173875970243,-0.0012912975814107774,-0.08364247021839866,-0.04709844024252463,-0.02489400375984052,-0.030330101721084857,-0.0848417293615602,-0.01636858855489609,0.025563686529150864,-0.055522059057997675,0.000981685974178692,0.014901642752677802,-0.023789159199299692,0.0035344325828965406,0.007387864069161809,-0.058001452765814476,-0.09304732184580267,-0.0821869409903555,-0.0028409068069693566,0.006850469238979251,-0.00188698279666899,0.0026886145812776707,-0.07830538466637826,-0.07075141190107015,-0.015067475245691075,-0.05319958736317343,-0.04890645770945856,-0.0035868112194438195,-0.0065016667990406285,-0.0029629717138662803,-0.04868933130481867,0.0355140830997942,0.002460997117837982,-0.07029197832361078,-0.005737580084995031,-0.06710585247606926,-0.006893610454272392,0.00900522698676598
2008-12-18,0.007103904457892218,0.0012690493742995024,0.056326057441034694,0.09309896072084833,0.07843049964910809,0.07958188513125242,0.048121636023654935,0.032993685515107396,0.06955786054901525,0.03109820374799943,0.024600142759280352,0.02062410903079881,0.052934518371921646,0.02973503071571315,-0.0035747668870709237,0.07215785379748985,0.014132501583010049,-0.0009200072036393836,0.04944404045648598,0.07026202305557594,0.0029326924116517272,0.032303695491958884,0.051790142915584036,0.013888696420482738,0.04467641172596237,-0.006350497535693167,-0.003484576830666275,0.10608283070920943,0.04249844131094971,0.0942800056710924,-0.0007959174080891529,0.028369665619181195,0.039515833321752014,0.07717539957950414,0.06685212568723742,0.05886951742222868,-0.009259221020231245,0.03889999784392084,0.034813201047136255,0.020099892101950845,0.10552154607548814,0.015725542100119894,0.04527572595677576,-0.040794127618328235,0.028758548949284535,-0.014265630867484447,0.016230599178166605,0.007281287235058942,-0.023002706432706632,0.03787871105287732
2008-12-19,-0.007127527633924435,0.016264160542656114,-0.006187046606806357,0.0016949752349855185,-0.00655905599595108,0.01638116257365918,-0.00784797820943961,0.010358825553681505,0.005974496686830255,0.012105902037334637,-0.003401289495470139,-0.029287447564881885,-0.004371646668745788,0.048336500265425464,0.03444118921484818,0.005823255635554636,0.029894491880087415,-0.0036831749785091183,0.0076559840209622365,0.03052122967391835,0.04889536656387783,0.018844777889565956,0.02471320914006192,0.03972623369022732,-0.005554092867767424,0.045142970061631926,0.00032506746835814226,-0.0449361061814203,-0.02023473640867468,0.10994945332564132,0.08926991529782935,0.004493695284527366,0.00018202727903626759,0.06251727347378999,0.0013056176602810332,0.03780568501600645,0.007314497494917971,-0.0011347736916200724,-0.006481601733938747,0.007058266350020048,0.035146237655905965,0.002926280485667121,0.022598724617124644,0.021076469528643393,-0.0019319870822558372,0.02170794595837333,0.008341206578405647,-0.007228653333812729,0.0034831472835707977,-0.006699188954590318
2008-12-22,-0.04865690971802816,0.0005540084198663031,-0.0319361042042452,-0.057318266211390245,-0.011262494374276066,-0.015567815508807925,-0.050362645864882705,-0.005248567965528195,-0.005841448016408068,-0.003776909142911622,-0.00903425186964324,-0.00042204389379496554,-0.002743836738022809,0.0005985414501392672,-0.008092468556232468,-0.028394179853098778,-0.021606683039955166,-0.007393581812551675,-0.03331370721676541,0.049734533250170854,-0.049868412127324735,0.0004723976428770982,-0.03840560011045546,-0.012611051198892831,0.005026529877987018,-0.02534882398357119,0.005812744413962401,-0.006320306070171089,-0.017227337677732657,0.028093547964049614,-0.008083832446220462,0.016279419222954727,0.00472801548978663,0.022129706851129693,0.015645316387768116,-0.018571271283855717,0.051633192906483716,-0.00530115386938923,-0.03448255090780483,-0.006814088918250971,-0.04074345533587098,-0.024310535980099357,-0.03867376827597302,-0.02064142124279178,0.00478197045398665,0.13172812976147674,0.0005276973143735209,-0.005295720074778076,-0.0011108881758006284,-0.01248230879952783
2008-12-23,-0.020068918630895882,-0.015579656876373749,-0.03799720174415688,-0.04229299072521986,-0.006873713920881763,-0.07069756030967511,-0.06747178850966251,-0.04957030516037497,-0.019489219917384837,-0.009057835370965384,-0.015599634390281891,-0.005846982913473298,-0.011007571335104327,-0.02034701896555713,-0.05547802331429852,-0.026333366478440867,-0.011822324730495826,-0.04283061937328758,-0.058645912373670006,-0.07159978895136399,-0.05378961115570147,-0.011267683939767403,-0.02886616515617224,-0.017346373677315285,-0.011947788290903705,-0.004733864590922954,-0.016205146755711386,0.012721157926145255,-0.003793249136345711,-0.046596168873539345,-0.011254341180472527,-0.008192727380572418,-0.0562894564165598,-0.0216505857356446,-0.0333763901861005,-0.06550234701849411,-0.03375482420782194,-0.025884667029784203,-0.01287026575309147,-0.011369220124455182,-0.07116219706190174,0.008845432127488673,-0.034482666164741826,-0.04629297838951363,-0.01609090577326,-0.036295183355370186,-0.017414300119784953,0.0017745365915895484,-0.0036136468082793582,-0.03679932475617553
2008-12-24,-0.014090189473365933,-0.030174928896464448,0.004490792470807969,0.03303274589849803,0.017046377351462194,-0.017517730248823415,0.0537439714761172,-0.011812281721962803,-0.044845648726887455,-0.001743125212897767,-0.04321891965500069,-0.026067596502700074,-0.010016569975062617,-0.017104418097987018,-0.016534470606229257,-0.009271522215582473,-0.014672750447763172,-0.02042822224540264,-0.05651888030906571,-0.08486235484530424,-0.042377322818963004,-0.010167956057574146,-0.020465825836069484,-0.00116370918468367,-0.030652206727755482,-0.013524585802909272,-0.027604462920440276,-0.025820372239097278,-0.042395524065169,-0.022862690889629778,-0.02876974176341429,-0.0009862393912605238,0.029152220489453207,-0.017964138695473753,-0.027888045838216136,0.02647994367721651,0.03334611383834085,-0.03009031650476035,0.02249046570219937,0.013086036898596998,-0.07019620644818081,0.006791642056797942,-0.10317453264812271,-0.0015785373024166383,-0.0026485244678019493,0.0012984040116674755,-0.019871043641861874,-0.02280791484839939,-0.00055775706167005,-0.004868274683845986
2008-12-26,-0.02564393822320532,-0.0043518219687821436,-0.011583019467299893,-0.053520848738003446,-0.03317133416915086,-0.016199551331430584,-0.04337378549755433,-0.0272392971035349,-0.013594452053203754,-0.055153539738114876,-0.024951709933279886,-0.041302637279584165,-0.006183156373827603,0.001864529079386612,0.004015026833387392,-0.037804471001346096,-0.02863695118623244,-0.03574963507832052,-0.040163335668934264,-0.02443598118071255,-0.04605146920718739,0.0071009195987927765,0.015222318533943291,-0.020780941635294314,-0.009863779999613631,0.007668265600600188,0.006970317128891068,-0.05730644066360846,-0.018160056282701786,-0.06595442179038391,0.012648842736496135,-0.00012340162745350103,-0.019567507628313385,0.0010605152966240983,-0.015027588316840257,-0.03338382371437287,-0.053399909088340136,-0.02014479984962958,0.00541906588994312,-0.02172379027608795,-0.02545318315755296,-0.030111841236364567,-0.0176991333124219,0.0027667494018674965,-0.015819937969507425,-0.02853431703474063,-0.017169043445695586,-0.04192141728612497,0.007117691491962175,-0.0003189095400470965
2008-12-29,0.02987196462753161,0.03736930243181691,0.030376269836030145,0.06625163089109676,0.02308744352471681,0.025165662106571673,0.039580554116609434,-0.0032233453158605485,0.010919157391935164,0.004056936691702706,0.0008827381508236254,0.02068572736587382,0.0014139111430526707,0.02109172702279749,0.01424637616632407,0.03509918546079116,0.013207729815342795,0.018537663048079134,0.10425519454048304,-0.04335274421164059,-0.03526311768108015,-0.0067086667686087065,-0.021462089881407298,0.002975058972124245,0.0032227318745721156,0.0031704444828943856,0.04744706564089274,0.048632084177131274,0.01751113844457497,0.003267117864530933,0.013129628142083405,0.014317652295807504,0.013495487353598623,0.016684358602437888,0.009708794091516149,0.05886951742222868,0.051136666122480134,0.0028781342173034297,0.012999330015077248,-0.0012010007291745062,-0.004869744739698256,0.018020848965580427,-0.020270633062726917,0.017343378460219494,0.007509145879455614,0.0,0.009291971398355026,0.03429511655655171,0.03589252416777344,-0.01893601712972448
2008-12-30,0.0033701353765627218,0.014815986676734783,0.01661100605883936,0.030561610325263278,0.015647115141367962,0.030912193316716463,0.02812907465358694,0.04001648274052605,0.012059957754660733,0.012704856044590151,0.039894200800954405,0.0238477927520242,0.025416366092482656,-0.001822469564161433,0.0,0.022209561981768156,0.0013965248261986751,0.024266763636751065,0.012203018368839746,0.04934548505115344,0.06176709184884954,0.019572938031630294,0.038457647055474053,-0.002175088690836713,0.0043810934553401015,0.003792981419654673,-0.011574816748143313,0.050724745486249834,0.02796600306297048,0.03238641412609211,0.009217243765171412,-0.002433814843617599,0.03094516252519819,0.00703314815896916,0.017857462670581192,0.0296517025594345,0.016216082747233962,0.014350275196399753,0.02034458961889052,0.012218478681305767,0.03380798588485523,0.007888264424420477,0.018391152478688833,0.04223174035956645,0.03447060429288573,0.05073453158346797,0.0276192169296392,0.01966614537821232,0.025552001430458215,-0.001193054033792773
2008-12-31,-0.014194356169581979,-0.009825559362049319,-0.020264966401561946,-0.022895827587758544,-0.002245072688876637,-0.010876917785070717,-0.012021714405991868,0.0023964720824614094,-0.009637068069069943,-0.011038236073393382,-0.01059783778419987,-0.0071441045720606056,-0.005232396350738022,0.012173013683511646,0.01651026657799881,-0.009846176791372452,0.009762836512289486,0.014807692207657874,-0.01649749308160664,0.02271267531608312,0.010677571994828439,0.012775401523835717,0.00337553256132761,-0.007927367126715934,-0.0014539587399223786,0.02473268769103054,-0.011426550913212763,-0.03379296649757402,0.004813446704691415,-0.011040909125128895,0.032317144980751555,-0.009514854156337682,0.01873735010059141,-0.026901241531920084,0.013494824093707614,-0.02519793084687516,0.011398297217178222,-0.009296616941418478,0.013803452353132739,-0.007123601752535902,-0.007745066212229701,-0.009490267112179818,0.01805860492624789,0.019330772981244193,0.01812471537281346,0.007623965393679155,0.02831052638493481,0.027808959501537167,0.005739452312387261,-0.0009771764349788548
2009-01-02,0.04352072160782727,-0.014814878884004457,0.01732839934205277,0.05166279522961137,0.03340320241151362,0.07370709211077142,0.09538482413152627,0.06668823136352153,0.04268743424363031,0.014926692246236328,0.04413018498048005,0.01978731546195278,0.019656753599297527,0.014431513237159299,0.006788078760668892,0.03629102180773436,0.05709032318098006,0.09046688942089975,0.08516143232013573,0.10134509365102584,0.05136609497121469,0.029099694009666166,0.046520460704065236,-0.011186190558917009,0.01630738487883865,0.00843603483220945,-0.004836604094728858,-0.013561931457491072,0.028636773446302888,0.06521355889668512,0.0028735768079011237,0.005418736847281114,0.02392865407080569,0.04306224071027365,0.10253010782239436,0.06573111861264813,0.02253927049289195,0.06038335262809791,0.033888173533384025,-0.012954896919724734,0.06071058299294463,-0.014931653783158638,0.04878028596281747,0.09737452962166016,0.06258279884034823,0.042875011980422206,0.04791764252706043,0.033602282343887735,0.0020753340628572037,0.03857864815333478
2009-01-05,0.06176172389445833,-0.027308866312111046,0.02801178744536581,0.060795579938024424,0.021736444706287772,0.03358545937861557,0.017747402202613616,0.0387109000228949,0.03401551009270354,0.03595075359292044,0.008412106009370257,0.06607379505188882,-0.018192075883084247,-0.02252501433283205,0.03082119986047971,0.018660673236953862,0.06968666308371652,0.037466693021593,0.06837058142170482,0.013632368928644611,0.02650730080864605,0.08022553639292185,0.02323641891974937,-0.018181943360836783,-0.008882477239317565,0.014183067068223254,0.01717521644002873,0.01447185247941718,0.02763711896664911,-0.015305203629879971,0.012139547776961468,-0.00685896610896608,0.0265084917695404,0.0728846000529102,0.11231879359508024,0.005543915051154924,0.0518002741223631,0.05963811611592318,0.007608914523383303,0.05138837164596599,0.03148027357736782,-0.016674178215922653,-0.004228286227824007,-0.012628917568292763,-0.02362119901121884,0.031439130638013735,0.009976502331155546,0.03609894224572674,-0.003753379857074468,0.02050847125169253
2009-01-06,0.0036969996123970006,-0.0417848360263805,0.05392214666559436,0.0471094409553785,-0.027887747742148306,0.017229056292277223,-0.02935620158859653,-0.008281680202067543,-0.0171762324144894,-0.0036235884046100786,-0.012411257336155668,-0.008756170985739109,-0.02074096091348021,-0.0072773497142475385,-0.014716199993758283,0.020056922020851964,0.005903598337895444,-0.0008598861993059925,0.051753286594462544,0.044830843975205203,0.07443024124571829,-0.032120419520673016,0.007809172298436806,0.016049177828630246,0.0083840107960651,0.003277367206060866,0.08102532560613085,0.08987189441107479,0.07073194972857633,-0.058962466840268846,-0.0017134516743909645,-0.01862387955482303,-0.018858371142119634,0.02921614104787107,-0.05320297738445068,-0.015161916628670613,-0.01606699296901337,0.02432844245508292,0.028463457731318753,0.020069245828484128,0.03487942823748935,0.015158228348248981,-0.008492382044966607,-0.030966038494845805,-0.009591926122600736,-0.019929847171856307,0.028482177260727326,0.028321188091474436,0.11523944753293391,0.05198408324879922
2009-01-07,-0.12411549274937494,-0.010654895300742262,-0.08283381399314826,-0.1062183092818918,-0.06259236689288616,-0.08363313233249514,-0.06152258095884544,-0.0888617016545572,-0.0031593747558247287,0.016259391371115983,0.008034670916067466,-0.03936523920644297,-0.031629659563106816,-0.052535061952835416,-0.058084341547263496,-0.01734519614345964,-0.053835134576500354,-0.056798837704876814,-0.07989439820589561,-0.06596974376820686,-0.04932470397486621,-0.013212500996104382,0.00667969761223941,0.017213391040761472,-0.03612375366135878,-0.02842198383341521,0.0015355989623111466,-0.05497402529000528,-0.06403517536700254,-0.16032335870425152,-0.03634200219910788,-0.03141856437389501,-0.04865798185578152,-0.07569782638005107,-0.1261467972840502,-0.069279201537371,-0.03265894569841177,-0.0634526759959122,-0.01073131991384868,-0.049515219562058954,-0.15549653118366535,-0.02024679273698793,-0.10492509653080506,-0.05557469186456787,-0.014526840323445311,-0.11124414617542178,-0.045621837890164496,-0.054686054126309225,-0.04613237765862099,0.00467828876456533
2009-01-09,-0.039558684673105304,-0.017076467118563254,0.008174739140037746,-0.02404626700920731,-0.015281608325874774,-0.06799454186700538,-0.0510947088928162,-0.06945062121786894,0.06368839059734643,0.013346687084950792,0.025751251815484544,-0.03113228822620162,0.03966171717880229,-0.00515798332760109,0.019632375874554464,-0.017062190704475677,-0.08021395321964864,-0.04014598598635821,-0.085106011725536,-0.04823419088987857,0.03155996503009795,-0.05732979441090735,0.03662762015614107,0.04877585633265502,0.009220763317947078,-0.013281793201173064,0.020719830472183176,0.006232838314727207,-0.009633609605334548,-0.07483424107490355,-0.020404932035715695,0.015699829699150403,-0.004550346417060647,0.029712702982714445,-0.0157480896139639,-0.027819469316978207,0.0044035079723623305,-0.023467022729090736,-0.050813662522790404,-0.031890844185293754,-0.03265264361128872,0.03629313582151683,-0.08373212764022064,-0.03714632379572613,-0.04466046337537466,-0.02691761917908686,-0.12378387926217704,-0.06057412929983674,-0.030898751494362275,-0.01911129810101353
2009-01-12,-0.047994734012872464,-0.02355636664541827,-0.013562841296353101,-0.040735805933031055,-0.05093742028952197,-0.07172222847263587,-0.04586358230432053,-0.04515496868103963,-0.045441720863118595,-0.03631391802106032,-0.09384347722647546,-0.023315202471668406,-0.041234228503426285,-0.026571593310644515,0.017773597439833866,-0.05140407653222012,-0.06906997701857454,-0.046577924707080554,-0.08548111244244583,-0.025641060173895225,-0.010251206437672855,-0.030074662328698265,-0.011095188589564375,0.0017084402988727376,-0.026820128183622893,0.009939420218401995,-0.003957124835022641,-0.04542339276715457,-0.015086896350146595,-0.05361711337115316,0.011818334699504218,-0.023888788034264308,-0.067836922583275,-0.04485952799657611,-0.0333332500103396,-0.04872409942861777,-0.03763235063792103,-0.015116294464305735,0.0024061227654070816,0.002148424441598573,0.012658435179581762,-0.025612244777599047,-0.031331692713526094,-0.012222887190565634,0.029489146251532095,-0.016597677122032195,-0.0930323749395654,-0.037929559942434965,-0.04385614156000006,-0.019483787551364595
2009-01-13,-0.018535457547177003,-0.0269298360705299,-0.014795509634040416,-0.028652916354991897,0.013805934759918204,-0.025238080215316372,-0.016580796773100315,0.01678038700493678,0.025558518671683572,0.05902431384445728,0.05672837379038409,-0.03504172208089995,-0.016968762485298772,-0.014647216183436895,0.0026677343980743284,0.010190634194379378,0.01174135408109267,-0.03190423912409612,0.008247450322913075,-0.039628481994003706,-0.009548956525988417,0.03306988003517075,0.014067257718327397,-0.035247335229443566,0.021805082693969746,0.026150153837132706,-0.02306518803511237,0.016582699757661468,0.02579866497517158,0.003418976609587787,0.0037499528296001117,0.02120151182195218,-0.013534669400951493,0.0489974554993271,-0.006896557398495484,-0.0040648133634334505,-0.009491631265571288,-0.00669011733137681,-0.018001704629181936,-0.030522680797732238,0.007870082638722131,0.02967503811669925,-0.06199447290692617,-0.002320231206652701,-0.029865777403319416,-0.030942095466529818,-0.11481620534292536,-0.02249542005793026,-0.03743267661849048,-0.011296933266156106
2009-01-14,0.09484500903510873,0.02586279767115096,-0.011427286327675201,0.03678439314134718,0.01872520014243606,0.020667587239900476,0.044083797803217584,0.013359940815560689,0.025301842972617727,0.06143329231778116,0.014565234343809186,0.02854372179218312,0.021428397137021715,0.00202704557738298,-0.009192328972238095,0.020544310032087232,0.052345859201272216,0.043254275772395934,0.05385145330459418,0.008059303512292892,0.05392164038637093,0.019765655031213747,0.014042892038407473,-0.0021608930181511443,0.011855426279584691,0.003452249475856428,-0.0329856934758157,0.020567232965815085,0.011887435596511065,0.03382802925713535,0.0119089602649467,0.02024853148240502,-0.005567687888129891,0.06679551251738491,0.06666691127013236,0.01224469729076838,0.008432866100298142,-0.019017764867159226,0.017414907503821242,0.05896596479723892,0.08543874313456756,0.028199002280689722,0.002873399109083463,0.04961248961964415,-0.0042343558944248905,0.08272819525663921,0.10734058361716392,0.0391459978002382,-0.015336231637629094,0.010405822817328492
2009-01-15,-0.03170189408926016,-0.030670332200216865,-0.053961078529707995,-0.0735660447911134,-0.04148221849454725,-0.03415640902274486,-0.09540735575075299,-0.003243245409516149,-0.052880313092482645,-0.03981262694543963,-0.03506990177386482,-0.03584627899312598,-0.028554626345162926,-0.014834793508549993,-0.02636659087002524,-0.025289727848042398,-0.07226661536377899,-0.04738393883104208,-0.05109966223012796,-0.03645664177232777,-0.0026355286964993008,-0.03889590385872432,-0.009735653763657814,-0.027558851321395128,-0.012888443516773429,0.015729255695965616,0.014641045316548196,-0.03961096965253408,-0.02398061543762542,-0.048022406051710376,0.0011538857775197364,-0.022484323576902554,-0.047190646070051745,-0.08439180719114425,-0.024739797883364334,-0.044354761794464403,0.0034204814590426125,0.014539905639470163,-0.03903871978177986,-0.07865152883002313,-0.07659728053790116,0.005436568832354549,-0.05730646826323815,-0.026957232043961388,-0.004712101460794926,-0.014745112473658284,-0.07261094793654321,-0.04018267499812633,-0.0020859453048697185,0.003735886641144548
2009-01-16,0.06565444689547228,0.05152007482964627,0.013786528489576177,0.036951088629063156,0.01473080948644001,0.02188679393210613,0.034719992266522004,0.014499968535407692,-0.01459487331466669,0.012543112093366338,0.013177484721351718,0.03733916092785661,0.07888452055220863,0.03148535019494658,0.040872268619589924,0.03919626071928506,0.03211926992501568,0.03626943712504871,0.07770979590516092,0.015267130866171819,0.009637867037919357,0.04936519304554454,-0.0005084400340464867,0.015384714968207147,0.019288253500452157,-0.013388830685810649,-0.014659955828579485,0.023878474885393075,-0.007460546577940708,-0.032888338965250896,-0.0004225520681210293,0.008095434085164221,0.010493444078527592,-0.0034690089553298664,0.016021534223546352,0.010970537244256562,-0.009848469440650987,-0.02348733375179124,0.029999712020555513,0.0020505057156787743,0.07928482155125427,0.015020295297254238,0.00303934019509855,0.05313065505799974,-0.019053351008424868,0.004081716443327554,0.02308422860312609,0.007611754103072688,0.03302686467468918,-0.035408912120105884
2009-01-19,0.010309002540472179,0.019062810625654958,0.0037864080384513166,-0.026312693376414398,-0.015247046373732531,-0.011836255178763189,-0.012504131401836704,0.01464130408283082,-0.0044733430424973575,-0.004221581482164671,-0.029158771208661616,0.03322067259054706,-0.00806243025739184,0.03848711427329654,0.026981420697718583,0.009403011883785783,0.02205345912333323,0.012999919641363267,0.04617333937902779,-0.018633457922880514,-0.047113211323573156,-0.01637115313394455,-0.026710619831581517,0.013556639020472883,-0.0064048243107424074,0.017167346477279022,-0.029250351243834127,0.03604267624423119,0.007015686373561092,-0.0020453283797321475,0.008262846786525557,0.012109812899484318,0.0012459107045730278,0.023620168711266265,-0.013140948941997466,0.008347357864586957,0.0011478540756584277,-0.003261444815381709,0.002123987730712429,0.001292217363237702,-0.016135904037258175,-0.005741515529298802,-0.003030130597377556,0.017297287399057337,-0.023778366144768248,0.008129994069212776,0.01767865911047206,-0.00779040771444528,0.027114336191442767,0.005944243556965434
2009-01-20,-0.037604643625689826,-0.04715182322380118,-0.030443017195082356,-0.039505699333751476,-0.029221954763697933,-0.0362764891839219,-0.024362686860232463,-0.026042479181664246,-0.008587171490485823,-0.008160813079129747,-0.014045104463047409,-0.009101378736230625,0.04232036768224967,0.1118209577512208,-0.03190226818751063,-0.010832729169967581,-0.0647327207099615,-0.043435082194443475,-0.0471585511507836,-0.02898076133579397,-0.03102248568761179,0.011183637988670725,-0.024917289418681765,-0.03206161086060322,0.0,-0.004822377223142604,-0.02768410402253274,-0.05047774129252558,-0.03393734239126689,-0.03305151893889402,-0.0011816621872060562,0.018891781544601693,0.0024892537846850082,-0.02647555269462254,-0.007988924324615065,-0.03476838027441331,0.03133342363074321,-0.03026599737772806,-0.02815628263185921,-0.032913647267279744,-0.04100120617870184,-0.003631628308570889,0.02431621049502941,-0.014877458535273669,0.012419833234230016,-0.010752573731616866,-0.05097141674769645,-0.021413296496341272,0.021670828823333377,0.0019698669078691555
2009-01-21,-0.053901173128045876,-0.05402767129424768,-0.025206606702832146,-0.06800378717548339,-0.02848421093610487,-0.03480112177285877,-0.035650070903112785,-0.03322970823319149,-0.008359298167001206,-0.022288797451788023,-0.037036984074863666,-0.021230022569581175,-0.0322665954325424,-0.06666662484196362,-0.004603918446144162,-0.03759693348102611,-0.03153039285780668,-0.02167186282257172,-0.06598997232642645,-0.04013711661133135,-0.011672875699784147,-0.07058766616176237,-0.03547179597518946,0.03678134110188935,0.0035160406825029966,-0.0009688414476888285,-0.0580587618658166,0.014367740016705932,-0.01586491918640931,-0.03895063843841562,0.013127781953860218,0.012484347079763092,-0.006828210863472739,-0.004241416648895768,-0.03624167721961691,-0.03430527024842056,-0.03779188813957579,-0.03289745973639757,-0.02554509839576391,-0.03203222135251704,0.04185456924010511,0.0056165857007310915,-0.017804313073886302,-0.02984549271175263,0.01369711116810901,-0.0176630652321923,-0.037331516733804415,-0.021881859236054124,0.0019281877244499146,-0.027315241152390035
2009-01-22,0.01468955870256572,0.06200146084100133,0.012422964953923143,0.023554580607079822,0.008416555468618192,0.02048063205904671,-0.05655849976995675,-0.02992064784534365,0.008734475721418722,0.00576034787930868,-0.0077377551516663035,-0.0008462419159201984,-0.007780137588419889,0.047413900304999146,-0.01265830222342057,0.014418208208673011,-0.051084989245568924,-0.07489466027678715,-0.014945359590413876,-0.05003586755605749,-0.02969474031634567,-0.0014699189550121394,-0.037702788190896785,-0.007252292240749081,-0.0037957877572767362,-0.027053416758169968,0.0386380967376132,-0.007790138588204876,0.025855959232601977,-0.09484424300631478,-0.004218906476605722,0.010010647965186692,-0.00041677995506872456,0.023302264294474684,-0.030640616949739186,-0.01598570590971915,0.019252884406968818,-0.041866334269082484,-0.012468315245287798,-0.021142043358514773,-0.03455782490069459,0.009447587781066469,-0.030211660697349485,-0.02816896164691063,-0.03207597692554476,-0.04149384785735721,-0.016011988104706054,-0.026596869658269018,-0.002052797963624453,0.0018083636571655237
2009-01-23,0.017469104542971348,-0.00977076866148463,-0.031149130787825885,-0.03756108202236952,-0.04475819910892542,-0.07631292024019509,-0.07493703045162114,-0.03550737703924922,-0.021043100797907277,-0.02132561625051821,-0.02041276747111942,-0.004619012234932662,0.007281336589691767,0.014109188984752663,-0.01676491510341005,-0.03485697695242895,-0.07224557077853078,-0.00798183762919813,-0.009655401782127537,0.016177612604171054,-0.07963819092900204,-0.0065194226612642625,-0.008086420688378726,-0.025468646216589508,-0.0011721774606157087,0.019995846477912194,-0.04466621316787622,-0.05638847027005167,-0.03163275587556558,-0.017362427145889647,-0.007641040901198992,0.006890097853762267,-0.03147111497306354,-0.15621932512272996,-0.05603467485922109,-0.030685955063284864,-0.022289102631707136,0.005006629164592935,-0.03237270705809259,0.0017607145481095543,-0.042505507358435723,-0.0033553806788007012,-0.062305025423496696,-0.016781062859239304,-0.01262438911775976,-0.03030302212392688,-0.04474951580013409,-0.046731547042864974,0.01774226835366055,-0.021341732190983675
2009-01-27,0.06037256631413079,0.05585930077060475,0.01948556045173988,0.047409866725798944,0.044310960499308605,0.02719252503868308,0.015030050681085871,-0.005147873734410502,0.026637707748758954,0.039388791288824665,0.058534241118369135,-0.039211132149559846,0.05699179190768944,0.03246397110938615,-0.053912140614570725,0.04391376210452602,0.03397486772919911,0.016092220893651143,0.02715894070471525,0.03924481253335399,0.028528328350249543,0.04459505343612413,0.04357559711113268,0.02653981825129592,0.0023473220514196314,-0.12962260580083795,0.039337436739983245,0.05295010747788775,0.02602743570528876,0.032238158794722915,0.03045680140795559,0.004922117712055751,0.05250676779853025,0.009866358628414229,0.0,0.032588290760463545,0.0030912173516364216,-0.00815200684745021,0.02408832953732576,0.039840660333128275,0.05186945316032876,0.012461611744678969,0.063122805668822,0.013576326209547629,0.016351010987482262,0.026785521266633472,0.05030602516746119,0.03884293492145807,-0.012127379698314789,0.027015035182487157
2009-01-28,0.03919408281696746,0.00733711383109803,0.02507139474117759,0.07071620270582346,0.022801524073432722,0.07118425920208726,0.05865420756905171,0.05323402239938457,0.02287858759096273,0.027633571478124175,0.035611340474658526,0.03235959150565959,0.006049237426630549,0.02245890318599919,0.06679024050224358,0.014288867484733014,0.030532060024816232,0.0033934296002195996,0.09627137049240075,0.04488772917460038,0.04077876542015946,0.014388051137635083,-0.03180524877330981,0.02249820435853045,0.028396028633506765,-0.025954656463583747,0.0036958294529505498,0.01652298951231379,0.021464459761180388,0.06576588459639443,-0.018126030349168598,-0.01063227903809616,-0.002453522479955672,-0.00028725605292379,0.0030441294684042663,0.016231023397475397,0.025423847092021168,0.04977169533308978,0.021561597034206903,0.03989180917256818,0.0303027413481205,0.015925019503040705,0.037499903413139135,0.016456028238890807,-0.004596570512596543,0.017391302776324613,0.03598595461117493,0.05544085628013118,0.054092324738843844,0.06116623419488265
2009-01-29,-0.003061149803691432,-0.03795182771336125,0.01283235507331093,0.0050237740940926034,-0.011865828283936675,0.03027057989396198,0.01780190612602439,-0.01585516343114235,0.012907570878335939,0.018224567469992348,-0.029260821871130993,-0.0033529969727323916,0.009551808267550088,-0.0065895808530487265,-0.021117654113898876,-0.028746090642760347,0.03668161142036497,0.03833160804908231,-0.010513506652194082,0.03682227407009431,0.03918120732526709,0.004328375565383791,0.045912964229724906,-0.007720482634517412,-0.0011390002330153859,-0.03945697681320226,-0.00046556591065249897,-0.04028260276426232,0.01337229141955154,-0.07551447483235807,0.010021391399390067,0.010142760694153985,0.04345154258559858,0.016384103799357286,-0.007587130185109037,0.006211166431218107,0.027047157388625065,-0.004784787143255809,-0.0019188895972683806,-0.018855785056403396,-0.041703391525989786,0.01544558831387488,-0.006024104850718581,0.0,-0.03998079771315577,0.041310419219221295,-0.03644832908928852,0.013926082773014103,0.009098566997064683,-0.006072657206266596
2009-01-30,0.042122747242574254,0.010440459145347747,0.0023283349736522574,0.014996172672715025,0.047077578657341856,-0.004476011921320411,0.012850315195472861,0.04417208551834895,-0.004669123248518647,-0.002671558999829071,0.018921759404194383,0.024800487296381624,-0.003153894422662673,-0.02432289563702783,0.0119170687155159,-0.027572353281688278,0.00489936881433084,0.06297488892359882,0.05527322508559385,-0.01578421233406546,0.0266642096263634,0.011603111461975235,0.04380580545472346,0.017895515702810894,0.02650346005687454,0.051947705592204185,0.01266021022367192,0.04344620718285741,0.004861373551398707,0.08290173191185457,0.03745005158408321,0.014224197840142505,-0.011392520470461909,0.021776003520770137,0.01987737658761679,0.00793629023105491,0.01572786062200593,0.01442308525809044,-0.018583754289085874,0.0007734709996960465,0.06367402260526323,-0.008368465297159289,0.009091098660025887,-0.001505806878080329,0.02531659508031603,0.013679919380873873,0.04772805638168309,0.01734932729492722,-0.04796826305732138,-0.003405267364822828
2009-02-02,-0.03294026571028774,-0.028630236150231636,-0.03986604703081087,-0.0748345977150503,-0.0479583222148221,-0.08266080743125348,-0.033127569795574185,-0.043028031566488045,-0.039679321810617396,-0.020663143722305932,-0.04966527444624613,-0.023589443859254988,-0.04455579733042603,-0.05269135853033835,0.03558640481273878,-0.010902583639631924,-0.06554702350414543,-0.05720118496441173,-0.08187860491640553,-0.03942524497382005,-0.03473923616665808,-0.013174412342760622,-0.0022874189214127094,0.0009550884894027334,-0.010549775372077463,-0.016355241467473913,-0.003763176103532495,-0.011291356999217794,-0.023597789391525348,-0.13875594036741612,0.00675939571987505,-0.021685317707488494,-0.020067492841026158,-0.031552811978494466,-0.019489967170488565,-0.033245654397528135,-0.023046578417456165,-0.028005358768812383,-0.007835414271261443,-0.05429871188723934,-0.024116988810257367,0.0013682689326321995,0.027026955083826687,-0.022247451748901526,-0.0030865695447978014,-0.026990525258964282,-0.023988604268291414,-0.06797701529559463,-0.018941823691380755,-0.014371983427780788
2009-02-03,0.020468400715363266,0.0149403101838963,0.010689762481951304,0.01791742676676278,-0.003193940520679339,-0.005906641197100937,-0.006196659189495413,-0.004465621306994461,0.017402562984832226,0.00222726795706385,0.021131632575148274,0.018608203002186352,-0.02373068057830474,0.01614854862772841,-0.0019779241857756924,0.026753192616368437,-0.01014487354941318,-0.027085459544127666,0.0,-0.07339143981969232,-0.010282700495789387,0.0021917498576373706,0.029541151243926977,0.01603714856937688,0.01515151827961958,-0.008828955272893624,0.06879037763136076,0.001427602583107701,0.048842135491878436,-0.13169913697942326,-0.011392229252867425,0.008673411481374016,-0.009935211486321371,0.020005690208090954,-0.029052111692744575,-0.013574618309419861,-0.015480814430631762,-0.0017726336312957613,-0.016123606643513755,0.006184953866586129,0.039276036569740436,0.00011407120054873765,0.03508769656273136,-0.00964127953368199,-0.009411565021358759,0.004160974012267005,-0.01713001842164752,-0.03583254829113314,0.0630713944356951,0.0341592950826628
2009-02-04,0.0009953833787983424,0.014879636426176068,-0.013749641992142458,-0.005867260941954333,0.004119899242681857,-0.0008850654006219427,0.0011002597983769125,-0.003497797873214692,-0.0024007799209141423,-0.0006630539589471685,-0.0028926159435263,0.021645561973562488,-0.0002826589997011464,0.01539354352981226,0.01833028436352868,0.01185334989145348,0.05153718578417621,-0.013363079922050214,0.03868855269073368,0.016892057162680496,-0.026147256200835356,-0.007024723814403888,0.031263722747669975,0.006764262884923822,0.0,0.00260035241740475,0.013862108164911735,-0.0007129300517869641,0.024007005965418493,0.04967984138148407,-0.006105125444116899,-0.002269025387819479,0.007781900465444469,0.010087058932397142,0.012598381661261149,-0.009174526065486521,0.013852274169385392,0.016429623443720454,-0.020735941085562426,-0.0012758436693920405,0.0369424824977187,-0.00045533466319391813,0.03672324518609682,-0.004283445700697164,-0.0007502961586132173,-0.0027626602696039226,0.0037890768285635534,0.050606421466232954,-0.000363687211140884,0.0243541751437788
2009-02-05,-0.014302137524296321,-0.008907531713554073,-0.0018063144064227599,0.0021806683712839448,-0.001869190017372846,-0.0072125303397241325,-0.04396417573474998,-0.0285366048561837,-0.03158514165771753,-0.020130400405341642,-0.018745790258326678,-0.0028546274614749123,0.0,-0.005830760714880534,-0.016297778471996316,-0.0076622362526151955,0.012531349387154167,-0.019187185282106167,0.03661612448013751,-0.0321152609055938,-0.055298780303531414,-0.009677789130385861,-0.041445298161161825,-0.016797351736823396,0.002211279825228951,0.014591708767449196,0.0306375975024038,0.0028530957703571946,0.0025419146820013783,0.003944127365189676,-0.011303961135490703,-0.005147050654449314,-0.001422444201602313,0.004715483846761348,0.0015553703082777925,0.0027779168310766433,-0.007016240682928054,0.011795349213348238,-0.014002761036653766,-0.018000152961126004,-0.004504027899090768,-0.004899009224412776,-0.02724811729573473,-0.0054752225421232925,0.0018767334237665967,-0.026315475863555537,0.027428021991544593,-0.019819221720187796,-0.0016954851288568662,-0.011646986812541837
2009-02-06,0.0434901555142968,0.029269257101765644,0.016002339255718923,0.04237652192184127,0.021785910196204572,0.027275036869514047,0.0191608445163709,0.0036130481020217875,0.04120924909842416,0.026316990866305012,0.020013485526246155,0.02961130602864137,0.019790742865503974,0.013489926454650192,0.016815119095632047,0.013883974736356386,0.025852415177405774,0.016110228046317454,0.07064593956912257,0.04881777601341564,0.03387912458283959,0.014759610363307862,0.0011264270639528284,-0.010630011220549629,0.00689457145843031,0.012528073731204348,0.05453050998435072,0.02062560329035401,0.013336116839773426,-0.01464284591052245,0.02731445612601391,0.0007219847680492997,0.00590154187574865,0.02705697775810534,0.0263974542972627,0.009233734814161787,-0.0018591903378272212,0.001727281368739897,0.012123144157233146,0.02093195131603154,0.03249676554657355,0.007498701287756759,0.022409191088308633,-0.005898583918526601,0.022852263226999625,0.02560436924094822,-0.018613745763128353,0.07678519981360976,0.009584896025890632,0.00681729119658403
2009-02-09,0.03334935450270349,0.028900457938050295,0.02343038535731501,0.05219858141790068,0.0258803648515864,0.04826318117191075,0.028012878286282517,0.05556422053595855,0.024264537654373752,0.01800009643701883,0.008472851721730512,0.0602265984164807,0.014416486242960325,0.000578605577305602,0.00559369633731599,0.018637195919434912,0.07050954179638924,0.04077016263785227,0.0233216150268587,0.029818226966507266,0.000728368733919682,0.033406413165737,0.030292413684999575,-0.001726957612163238,0.0032868384781590265,0.00252524142513999,0.011368416041342533,0.016725054325094524,0.00018523714480744857,0.014497995237614969,-0.01281101085452574,0.008055486920742982,0.013756825144546347,0.010752652193229517,0.03933433264184494,0.008233991307650346,0.004843386673827332,0.022413659466255398,0.014373780689410864,0.027105136404641295,-0.045816565388817954,0.006192977635483876,-0.002739825129483564,0.024129964017048477,-0.023440362777672252,0.044383030988131233,0.014225269293027365,0.06726867248089285,-0.007210687655796133,0.04014310284084366
2009-02-10,0.008815052993304207,-0.0033045052753564175,0.029963629590136653,0.000816923852691831,0.014422215530375482,-0.003432424692674796,0.027615249676468112,0.03580952254459491,0.018640558048837352,-0.0028198648506314594,-0.0013268540251392125,-0.009594534561530033,-0.014484571558678772,-0.0017352313899885452,0.030471483526750998,0.044140985233621866,-0.014024734467936839,-0.021762869866294943,-0.03891025219366473,-0.02401116445690943,0.028015012039987575,0.019986884599919597,0.022177529742801072,-0.004612782752593136,-0.015287894066553953,0.04628118555240657,-0.00401698022322905,0.014393089290836603,0.007134950398200779,0.09038973911347492,0.012868445136412499,0.000596537326401636,-0.003193125686305587,0.007446783858472417,0.0,0.021778681777090858,0.02335930313138812,0.00927506599266037,0.01720676047173475,0.018833886538147437,-0.01920696278036982,0.003444722102869502,0.01098908915761232,0.008497401931797599,0.013126447067925984,0.006640076991871968,0.016486042166035997,-0.0004452853919916233,0.014163077232810073,0.021203638523302315
2009-02-11,-0.014765214982215724,0.014919631070138717,-0.013199446075395471,0.015162327375727314,-0.004466936538351507,0.023634335123355443,-0.01868665124365898,-0.01302700429759962,-0.018776532709920413,-0.004967832732710065,-0.017268047287061106,-0.014913372626410015,0.0008320735837290538,0.0023179429744113467,0.026049916239317294,-0.0030983670040505285,-0.034035864823659945,0.0,0.01850786742984556,-0.01519568193083054,-0.007786150473655384,0.018713364254546727,0.03928329330051694,0.0009655344417955902,-0.0008319880802433177,-0.03183661031278506,-0.03842196491603167,0.006756861264613168,0.025485331966758062,-0.009502249122102846,-0.0006084542706499274,0.012039697016127393,-0.019619503775922253,-0.006599821886154933,0.020378261608152926,0.004440601352321716,-0.006159109092457649,0.010025101415000348,-0.004311916915755831,-0.024352399544934622,-0.020859881338651576,0.015700715220351213,0.05163059204585818,-0.007277023159006024,0.008144276931472572,0.015831213347160977,0.07165348231170454,-0.02049938393253259,0.004058161905240887,0.006374156715484025
2009-02-12,-0.021502389190826254,-0.03355871070505134,-0.0006955895006472979,-0.031709795080370196,0.00025860476471550875,-0.0010444186380508258,-0.0105187812697628,-0.010153050596609092,-0.009421733070033134,-0.0363701586453018,0.0018024025173919433,-0.018606317150934415,-0.003325264930814642,0.048554545305011354,-0.018298201306877204,-0.025692172445457295,-0.023928466372673762,0.004449601193698305,-0.005678734479404146,0.0014694491799349674,0.06884273457504042,-0.016328478245438482,-0.029179229047243127,-0.001929125007203103,-0.010543615960277974,-0.0009943175512197033,-0.006954031654874515,-0.007382470853201539,-0.012381191094849364,0.036056928577104186,-0.011352048428129646,0.03333345709157398,-0.007555601880177898,0.005314817523667248,-0.005706115191828176,-0.024756884896534936,-0.0007298311728304308,0.0012410185192188727,-0.006329247101264812,-0.012479942414963863,-0.0069565195344143405,0.017618793379604814,-0.010336109041818475,0.005015429870758759,-0.005507898086573149,-0.023376940328558193,0.02236277975013512,0.025250474073659657,-0.020328084007990577,0.003167253011200355
2009-02-13,0.03022461764681217,0.0013828067853522974,0.011029478846761531,0.030849612578254693,0.031659843416379285,0.022996490064536967,0.027492733511668588,0.028939807215188518,0.0025495754088449285,-0.0023117355760960967,0.006521048352818415,0.016147458901361933,0.01723643758006088,0.03417873568463459,-0.010484558224757246,0.04019283202927193,0.04606668518744228,0.01328889178932724,0.0354082227210708,0.01063845965891641,0.06991464595867125,0.001572004229548396,0.024354607916713178,0.0021259845913281783,0.0056083989904243126,0.03304044408987594,0.012486108051602107,-0.008789412920770845,0.05232539117996082,0.025223422033136877,0.005469710033505715,-0.011398931048304028,0.01748981410766315,-0.005022325100789371,-0.011477540203453929,0.013599231900908393,0.01568809912440705,0.007021628143894398,0.004693371782567235,0.04032626506552961,-0.0021890613707067352,0.015027208525719704,0.005221999539801292,0.03685240619522223,0.05169219764823407,0.001330063641912016,0.032700080753113925,0.030175234929475492,0.020992610976763082,0.0207470984607514
2009-02-16,-0.05185290829871214,-0.021480435819136834,-0.031986328500984706,-0.05847146662841085,-0.04937698722849804,-0.04904624178076078,-0.047805909901907806,-0.050412734149557714,-0.020442073212201706,-0.024127985309524425,-0.03462912973489296,-0.02454628515268409,-0.02678325321134778,-0.046375566172165206,-0.022604223563322257,-0.04582934678191719,-0.05150654250724429,-0.03169396830113658,-0.044125526606645704,-0.010889397514866506,-0.020742291415325687,-0.025801907900723342,-0.010655132758556674,-0.011571789032422175,0.01031799567976055,-0.027707152202589458,-0.010392720772364195,-0.03615288981753362,-0.03142248476200871,-0.024291591856574257,-0.011960095396263082,0.003343959268772956,-0.0446913861286824,-0.005844936810719292,-0.03338181036963328,-0.056350593359704826,-0.004669571798204153,-0.04019706421182445,-0.03169836581064045,-0.03887378606818226,-0.030715570449877938,0.0025208333121815585,-0.025974238427777574,-0.011847720027601816,-0.007606690785657122,-0.0438249387126185,-0.05263172151544537,-0.07452087896830384,0.003922011751010812,-0.03596698411087129
2009-02-17,-0.040069655698366846,-0.007997091630617237,-0.03681825704448716,-0.05696814028475894,-0.0334697941472577,-0.0469198450235212,-0.024915662175797104,-0.012597696178809459,-0.030953905313576002,-0.038888254940347755,-0.029622671443632953,-0.014690448821674917,-0.021904113805116254,-0.044158351418311925,-0.03830377084236647,-0.007116372779853886,-0.06787951756331456,-0.042889457198366454,-0.04443162565436476,-0.03999992822340126,-0.04937094011674026,-0.037826936334709904,-0.03134566860004062,-0.014829446100041888,-0.003312341663792906,-0.009416428944253652,-0.019487355347135416,-0.015569755544441954,-0.03217454072584103,-0.05362252073544904,-0.01334462937919112,0.011951062374232047,-0.04657094657821503,-0.03126650936196096,-0.03453457516825342,-0.022748819094644213,-0.025983394207585775,-0.02264945819028097,-0.02860084956387643,-0.04021574052967136,-0.01041155085838974,0.011396244461635785,-0.037333136767512376,-0.025102696202399022,-0.03278296348054277,-0.04305515143957661,-0.0060977771652559465,-0.009541490096538485,-0.029596292105649624,-0.019708268583414568
2009-02-18,0.02197600908615205,0.012961544611141518,-0.004430104700556492,-0.042001582619002664,-0.025391331657806826,-0.012276011885642535,-0.015561996993775362,-0.009796365853519728,-0.009273018293119772,0.004131172145794615,-0.0021465326058011103,-0.00974308041225469,0.012920149956043625,0.027485229936045963,0.0005007540511687836,0.012379980362508425,-0.005242946989058028,-0.0188679987828968,0.004830884908158417,0.01911319986343596,-0.045401103820320254,0.009912096089764066,0.023730562531628197,0.003961579511917446,-0.0027692034016576494,-0.005628708669718763,0.014142379114154169,0.010211474160000789,0.033612569270556,0.07082594522376628,0.022283113543129396,0.02396089098957943,0.013987602942663546,-0.012137965892645486,-0.010886465654227018,-0.01357921252288874,0.024453294015961635,-0.013991829820528712,-0.0007095385567122969,-0.03926762858900268,-0.005947413317420436,-0.013436688654130502,-0.005539978977596838,-0.004612002576042107,-0.01706902433965307,0.02902717180515957,-0.009088608285010458,-0.019502074153902482,0.025253227479134388,0.01720540928629366
2009-02-19,-0.0010812402827234946,0.01185920656887629,0.009299152191547755,-0.021650953832933584,-0.011392365875654509,-0.0147114373821714,-0.014832226848123686,-0.01779294364453743,0.01820001612700861,0.025492381498541716,0.053298423685537166,0.013491219864189885,0.015306043041218853,0.003414881940202008,0.004757450971595301,-0.010834015664923369,0.009955895041442897,-0.0360576258269093,-0.015024192702070005,0.009377328542702346,0.019480449314901893,-0.0028517294263529225,0.024153045681627683,-0.016374104359599517,0.005553990700983613,0.006289285576729808,0.02283291852908964,0.01611701531980647,-0.024857623571463372,-0.017322656735255126,-0.01688112807966924,0.043140831768497145,0.014670397762873044,-0.03965386435334883,-0.011006218205782625,-0.0019664387162593444,0.023508617487199013,0.0017734187138624957,-0.022009113322008278,0.008971978453782947,0.0036818044072244316,-0.0016623848687679077,-0.005571426111596778,-0.001930641249243803,-0.0006202235374584975,0.0,0.033478593066305296,0.0004797687468625078,-0.002498752543194094,0.008825627281847215
2009-02-20,-0.03118810979050113,-0.008867333793020848,-0.020405731919863612,-0.07095434509080845,-0.013837664720600551,-0.04054563998965388,-0.030705334636467074,-0.02951488269447622,-0.031562690881713706,-0.026223184643287434,-0.023145066141054604,-0.01022276829464508,-0.007537517777351566,-0.02098709045463476,-0.0017446294403250517,-0.013808520531802482,-0.0252247341246169,-0.018703151368652637,-0.0292858907440795,-0.005945902643339718,-0.030642180069670566,-0.018488892046437444,-0.003640275782991309,-0.0002005817122808784,-0.00469494920840996,-0.0023123433293101847,-0.02141421877298555,-0.016582316274680653,0.012060436345574299,-0.007371732429404032,-0.0018383595057698265,-0.028067274999476366,-0.031074572785215526,-0.029078126275598914,-0.004769628068452714,-0.01871919947494871,-0.029682196058009813,-0.011509497923358092,-0.010526512843381797,-0.036433369905884305,-0.0508939260048743,-0.014663083554736223,0.03641451897135406,-0.01663458072434254,-0.005212863754438857,-0.023977402988106578,-0.011315803963056092,-0.05580859978538477,-0.005248869489065999,0.01722242757274839
2009-02-24,-0.00011997295966237331,-0.009413332868692503,-0.01384887911107402,0.0002978005422311636,-0.01556434274138363,-0.02428237048291504,0.020641794788256895,0.004907627708534479,-0.01086366508730785,0.007135796724887955,-0.010917521177332912,0.010253969989798328,0.002531499045472785,0.06373148579725507,-0.019720308255201435,-0.0018329557262831697,-0.04372400716426483,-0.008894403067645107,-0.04336905306820038,-0.012336315523562624,0.050967848974102115,0.0018293557033968177,0.018585983552630525,0.014643714569905653,0.002219869804932051,-0.008957973324385526,0.027455722349131184,0.011730038702438605,0.008124723404127066,0.02131093006557494,-0.012414094830956346,-0.011376057936418271,-0.038752898342172326,-0.03114711184158203,-0.020766737934690194,-0.009036096490930512,-0.004827505790264697,-0.015674026358781123,-0.03668359477376282,0.0008975106905098063,-0.027053291997987228,-0.019842062779374503,-0.029729300001538284,-0.004720554047767611,-0.03119161922468139,-0.03901733869681634,-0.007854533159397437,-0.06595652364526094,0.017268120966619893,-0.007435922049808363
2009-02-25,0.010612429327297335,0.006439879529700265,0.011468457498090778,0.013841245822359571,0.008562069228738478,0.006599584904252165,0.014417427010153583,-0.0201759405901063,0.025272320008541627,0.026906859256463855,0.022075866636465546,0.030229493383713057,0.011223345947946495,-0.002723571989850737,0.003819600787430044,0.013623677771375409,0.01026454597306925,0.02564044534685106,0.0059130917425800344,0.06056017863478358,0.07198368482445971,0.007846144683071765,0.03540226752808717,-0.005338033295911981,0.0071983422789752005,-0.0007587471767054321,0.018405306127746934,-0.017391313144363263,-0.0040294797473042765,-0.021182462756541565,-0.009958841935432505,-0.01681775546381359,0.005097388209325704,0.0021638473748419873,0.00489405187458658,0.0010131545971008293,0.03656742620142528,-0.010009105567028609,-0.0038082047793666085,0.027020034612863286,0.001986291736097545,-0.003448169385926181,0.05849539331526321,0.03557320407096731,0.003091027664718915,0.00751876526972306,0.040488468548461665,0.004888814137708142,0.03890149846114754,0.022113112328001394
2009-02-26,0.019146548294087573,0.01786983179251611,0.012148845037774247,-0.04624189770031162,-0.013071708360807066,-0.05395436992826508,-0.008685390992816622,-0.003268507201546811,0.003015407078599708,0.015236821942802736,-0.01125868791137885,0.027700292927891557,0.025249782540816446,0.014746308648459827,0.025875063588873592,0.018331303052523396,0.004002269437664685,-0.03624977097232118,0.011756874145899987,0.07030696297110106,0.004886654897998888,-0.017784071913401367,0.040442937355572806,0.008546948505220753,0.01181940049884278,-0.003922323359915825,0.0405482430277786,-0.028023453916947716,0.00683332446946916,0.009044036998932414,-0.009230360562454742,0.003038057503554681,-0.020977423420993846,-0.010178847146995462,-0.02435059971936593,-0.04149810001972554,0.010799089637791415,-0.01930124365447794,-0.02255343611167726,0.01284292146257271,-0.01783963181293935,0.03476766530837683,-0.010526146493634592,0.005725228570498508,0.006932677628444184,0.007462934492174611,-0.0315216589526901,-0.002162242380716828,0.08022229998664199,-0.011744279007629532
2009-02-27,-0.019174153199571498,-0.021005741634144925,0.01680369166398976,0.008311469149703044,0.0021993873017007726,0.004620502869611576,0.03325355202782587,0.006312595337813143,0.001866875399090251,-0.003842621592413553,-0.03555687649251049,-0.03994420933342324,0.001352987898094682,0.043056885032594305,0.006923954927211984,-0.00113862233411266,0.059797780507524934,0.0012973068779476016,-0.0180758547621791,-0.00433471143512576,-0.022117753851374822,-0.0067642722807824684,-0.019471729704526153,-0.0007882461928521156,-0.005433285585611847,-0.0011429597759798904,-0.06292208974171731,-0.03566022387610279,-0.03545287752668125,-0.026888811962001213,0.00015212852614010508,0.0440930732609377,0.03649622580126688,0.03178553992216093,0.004991698462817107,0.022175349456478033,0.028133864774833706,-0.005623367101417864,-0.029331442280127296,-0.004431905978733108,0.011099627662409572,0.002804173037767921,0.02925551054562492,0.00379511619754358,-0.00816028468413088,0.004444627951535329,-0.021997643168022107,0.019501792976880372,-0.012394957750718194,0.006075562920594191
2009-03-02,-0.031910284495370256,-0.03398596308716084,-0.04924112968180583,-0.07067630478999032,-0.030040034885154387,-0.07128495206246777,-0.05164759108889705,-0.04814674225733573,-0.04812671241287203,-0.009908832161545145,-0.019758738404503706,-0.03842265662390687,-0.03324329012953975,-0.04643953506024534,-0.010314392464657596,-0.01428205838923835,-0.07957188108328095,-0.014248815035132312,-0.058514298338755766,-0.025117383410276473,0.02614692181259204,-0.02070576154620285,-0.003986116108927407,-0.03431941005352779,-0.0223978449607386,-0.01659449153196546,-0.03586793476156702,-0.004720655517673644,-0.028330312370612343,-0.019736594975769073,-7.61624374321368e-05,-0.008918671948683232,-0.014084367249134533,-0.053156222504480266,-0.05298008666705978,-0.05371895268822169,-0.026671063873106027,0.07681432968005275,-0.06164371922032297,-0.000618308569778514,-0.05788364557688508,-0.029256575954511255,0.028423832729603582,-0.03856341399611585,-0.028923811679848477,-0.016224518519533437,-0.030525717255519447,-0.08634458797099065,-0.03839604485408188,-0.002130992012912558
2009-03-03,-0.023497652534400282,-0.025373099207886773,-0.016790781261188048,-0.02890918363083239,-0.020261407577808144,0.005571119755442666,-0.0343425433092206,-0.02088330660106741,-0.029683582405514608,-0.017595577202594304,-0.012291198149969484,-0.024080142806523375,-0.0002794007537556542,-0.03571423211797564,-0.025061869758012723,-0.013910823607141687,-0.02389177456739111,-0.01708290955446179,-0.011173259221147536,-0.025420827297761628,-0.028607065817656485,-0.061393850168349084,-0.004966072298924762,-0.012867908498883196,-0.038558525330842364,-0.040150145245063884,0.029799529408857328,0.03557304058787891,0.01105248645151713,-0.004362412439124941,0.002281461909222404,-0.024829510188186688,-0.042857066719410364,0.0022328697807318942,-0.0017483572324900054,-0.009825383535517096,-0.02669057755974058,-0.029321792678477565,-0.024903346389853365,-0.014476687778000819,0.0015883064530979318,-0.0019945093318288754,-0.042714049969628465,-0.0235941807722847,-0.021843087058787125,-0.014992346084126473,-0.027935514521521876,-0.00785102195765508,0.013051798423777905,0.009255557197653808
2009-03-04,0.011906213292058876,-0.0008317797973592667,0.009019858695781258,-0.036197507337256685,-0.017858106050719913,-0.008464284730004601,-0.01536192121568869,0.01477267423038997,0.03216034003494639,0.0013359034756630361,0.025136664711172152,0.02374893228497843,0.005872585534909547,0.027496927873486232,0.022397494364133408,-0.0230479581983547,0.009017786632566027,0.03208580699367425,0.07062168394660295,0.008812036784676236,0.011586702459722487,0.007109641912249165,0.0179516330193199,-0.003310210149245041,0.009590272402953515,-0.008419655431580075,0.04126001848091532,0.03740486062844672,0.01743487368844332,-0.004718566961959714,-0.021965142377208258,-0.002334711490037944,-0.01709202562696377,0.013367371085447166,-0.015761729364484278,0.0011027369769600615,-0.003290928521758829,-0.019837506162521223,-0.007926245636507012,0.024607653731562706,0.005288252206907762,0.030587556231761015,0.041995119772513245,0.04752311654769614,0.015293300049401104,-0.007610316276100981,-0.0019485485136699898,0.042497201967215625,0.03788590635628308,0.02663143820927627
2009-03-05,-0.05061512605629248,-0.01814696244227998,-0.04481528726634654,-0.05212362498335932,-0.023616609222536278,-0.06658401189341401,-0.07501618368186347,-0.020156732130116373,0.005753971549183445,-0.01438468773130519,0.0036417942898590017,-0.020787735088642845,-0.0391995229486225,0.0016382372759202735,-0.004480977671473596,-0.0375815350133617,-0.03096085501152035,-0.0259069467694385,-0.013192663719492681,-0.026205263545732493,-0.009545127271882725,-0.04837609371151064,-0.02202555331522349,-0.04442643197663343,-0.0382843200744023,-0.010325445997363736,-0.024092174328455673,-0.01839620845235479,-0.02084114851548724,-0.005418577833944727,-0.01691155230749819,-0.015268125306219793,-0.042125944452466535,-0.038002365390860215,-0.024911322339977282,-0.028634544697736408,-0.027879429574542813,-0.0142595009615607,-0.043941409088529615,-0.007229376744809168,-0.02367159772843086,0.008725746082669517,-0.020150980317961364,0.03652447927942415,-0.02785917264263904,-0.00460132115494627,-0.03733522268538603,-0.003092552142151539,0.004418438725504181,-0.0036076705395460262
2009-03-06,0.017481396795136384,0.021195582617118847,0.000499165168607707,-0.0033325978421577807,0.007224338241927919,-0.019121847144475734,0.04829016715846346,0.021274786613090013,0.03993947282474131,0.031642754972210474,0.031930574496025654,0.035843520785958205,0.02806736913693353,0.009270023913713565,0.010252488165384932,0.021940630924037308,0.0326086911958543,0.04920226463554234,0.026069557872989035,-0.005023274533307864,0.021201486663399605,-0.002576759932538142,-0.027833591954872783,-0.026938561061067512,-0.014965628475239412,0.010982316565301131,0.011693975924755629,0.008246224694318016,0.0031216134919644922,-0.007149845021280021,0.0016570698343514323,-0.019239291267766023,-0.016108454260644445,-0.01762984929221878,0.03832139262757317,-0.027210665129435152,-0.009811273631183393,-0.006532649002693125,-0.030176215542010332,0.01283618539238307,0.014008906002627386,-0.008383321358069074,0.048843026108016385,-0.03486625471637261,0.004387617427585866,-0.007704030426462505,0.01343483879332763,-0.016356533755754632,0.04210297010558439,-0.006982899426466127
2009-03-09,-0.014146697154428844,-0.024076390320756147,-0.003803881279758059,-0.02303553663264568,-0.048666621363861906,-0.04593993858522183,-0.016751095594119803,-0.03236626413984778,-0.038820856146160376,-0.014187737691495395,-0.032817864570313326,-0.010321731579422622,-0.005629312357024574,-0.017288338769751888,0.014109021899350704,-0.007703212412615623,-0.028070248924830232,-0.03802284839325043,-0.025407203315757965,-0.01442492394770134,-0.0022019981622761753,-0.026227299793166514,0.0034630874918684107,-0.03438283956979438,-0.03767854481843713,-0.022608619548324604,-0.0052086604820745785,0.005204085483266674,-0.02102972483915122,-0.04835380949998791,-0.03501794633744937,-0.006231376923738319,-0.04599800498853057,-0.01462302464975307,-0.014059779880355228,-0.024475814050623934,-0.01562484577255907,0.006105985584119011,-0.04308268162818252,-0.009261434681151037,-0.03188087547899432,0.007485319344670449,-0.049019721068341515,-0.009992533474468601,0.0028670335023914806,-0.003105943950496237,-0.034017226806529854,-0.06364661867998977,-0.060200928717301094,-0.002256552120860067
2009-03-12,0.042181835478504626,-0.06686526117078417,-0.00012536939391771806,0.0806239226422798,0.0178154368752792,0.08208944845400712,0.03676301145642413,0.02499753287860651,0.031101537017482084,0.02142148233086938,0.02787196363653255,0.024234580311803366,-0.0147184451242387,0.029137055851022886,0.039052910602175306,0.031513390728483914,0.023301530480992927,0.0434782558387099,0.03275407633695715,0.06878885691042158,0.03546674917441872,-0.02403925012705066,0.05806123742691849,0.04346810557059677,0.022102964630354327,-0.014795577623205047,0.009431620304690469,0.005177880724875239,0.04219273077281249,-0.015135250467639194,0.015266658099439168,0.00011631149805246821,0.044129696008309294,-0.0026980432399654752,0.03030296355847284,-0.04062131806449065,0.026712789715476193,0.024742999024074175,0.00500227398817521,0.018696175933272663,-0.015368366240926745,0.03736143493342059,0.007731758103977304,-0.01281058200912566,0.006397897770313188,0.02803757741221946,0.02563464340801902,0.013778473795331037,-0.027697407202849522,0.049160210962927886
2009-03-13,0.0684271982745559,0.016774653133801554,0.044575392504092815,0.08622163745959499,0.045870872158968234,0.08341554510807114,0.05405422760267631,0.06787048228097259,0.06168848015739137,0.05640212101457798,0.06059898269121122,0.03494276605140034,-0.021832578580466278,0.013888787799132718,-0.012450182215344219,0.021831957332157925,0.0711995093839306,0.06691928530629543,0.060841288533319826,0.10715514447390295,0.049779099919304404,0.09523006480419949,0.03392538225365138,0.01661874560718446,0.02162476096845789,0.024466038679032964,0.06451616027545248,0.015452304418255292,0.03974458470801845,0.11708716119807328,-0.0045434292306584245,0.009636262846020704,0.06313586312976138,0.010145431445561792,0.02941184926346163,0.06600253443197501,0.03506835794990071,0.0332574536388921,0.07765066429852507,0.0914029858220684,0.07246413774307192,-0.009171486545426988,0.048593391580335155,0.0023593870968641184,0.01988392138659134,0.03484844677475518,0.0651348393178679,0.09543947882914283,0.03607549680633548,0.01642038387919098
2009-03-16,0.03375528468889444,0.02447751058652714,0.012706063199540152,0.045844928170279964,0.035674928665658134,0.03834492581290161,0.02605110807780253,0.019018090040285873,0.025549715881808988,-0.007131985585837497,0.015562407022852609,0.013023811293832344,0.005286594458000726,0.010537337039012495,0.04781188623727228,0.02442851947903102,0.010179831737671563,0.011834364420890031,0.01891378140203903,0.030921408918356708,0.08439648212996875,0.0160963880612619,-0.020192326950760453,0.026373232749288267,0.028727333853907577,-0.001651974529806588,-0.015084838378735421,0.007971132931843039,0.0033781596655735324,0.060923766732015716,0.04289347804713306,0.04645831669870426,0.01300639326692865,-0.007030419249865694,0.0117647008274826,0.0689252743343598,0.04080118110098074,0.03836008692386583,0.010623454014460965,0.021462591085275706,0.05665275866619357,0.0032242090073995033,0.06585383754530905,0.008238455858030402,-0.023872864527973547,0.02781838293268346,0.03105012430582965,0.02205647484145512,0.0244159790984384,-0.004324590535605521
2009-03-17,-0.020638503965449195,0.0004377488169047261,-0.01976664366083014,0.0018587228235369402,-0.03748541253772697,-0.049773735146780185,0.003198734755681887,-0.01483510769179619,-0.0428049052516184,-0.017316059465825817,-0.0026269415374495786,0.0004188713382753395,0.015775273751437613,0.004170870594504272,-0.021339714727486525,-0.0022777161647473676,-0.000592838915392524,0.022222151461143813,-0.029939990555836293,0.03119392091387785,0.002942549100250602,0.003331163412937377,0.01574257614379415,-0.00870680282854941,0.019400206444998735,0.022266556188687003,-0.009927960203171882,-0.03306961542117515,-0.01390963477858087,-0.018215542798131645,0.002788601388741041,-0.012747142402441014,-0.03730631620556357,-0.015171968467015406,0.004983477588294205,-0.02950815042663746,-0.026951495444737517,-0.01231434854889668,0.028793679829212326,-0.03400855408634551,-0.005410370555386845,0.009433868676510082,-0.04805511363648496,-0.01439684046151557,-0.03478267302872651,-0.0028492394404726618,-0.0006896553731415844,-0.002967353743790424,-0.00849725164170756,-0.012209951017472354
2009-03-18,0.023996176308268335,-0.0031493296170075347,0.01793151868129872,0.03478686852397339,0.010789084258257198,0.046697398850748195,0.02371464013104796,0.029388145631459972,0.015275112034025762,0.009916935737076082,0.012071898082083976,0.011104901593551597,0.0071901760822588034,-0.0072685971461011745,0.029691791659147038,0.04109439703426898,0.04685642674654611,0.032036534632104985,0.05370374513842724,0.026177890680267657,-0.03040027276510615,-0.029142610784506306,0.011060204424355291,-0.004712872429407877,-0.021914707923239907,0.01847716090519591,0.0063313613838194005,-0.03940544352012221,-0.01437578110222637,0.08364786423116999,0.03618720037599177,-0.006678612135940565,0.04579771945268729,0.007531689800742036,0.014876085790801685,0.01801805935668832,-0.011151207013096354,0.08211523302788448,0.03509518822516111,-0.010427006305664954,0.016320404010196965,0.024853620387882636,-0.002403541253333752,0.00552710049763494,0.03153156858448947,0.07714331394714469,0.02599497088094349,-0.012174965470401311,-0.02957765795359668,0.009291668932331021
2009-03-19,0.010740270212839409,0.0016673111646292593,-0.012574176790388192,0.009711542431635856,0.008747261270413587,0.05077764727753853,0.04847175407290649,-0.04144713241254938,0.019400299476024507,0.014984061226162693,0.008891735583896887,0.010154284335269326,0.019988535961549703,0.006275968824860589,-0.0076593442063548345,-0.032619612823054034,-0.020113158721044133,0.0,0.005272497736976689,-0.026643892203552788,-0.030252958373486738,0.006839302605850195,0.018534071439310518,-0.008609697573867758,0.00088461481727653,-0.011189292816975449,-0.006087550580855083,0.0340559251606265,-0.00647186099341257,0.009866401867280272,-0.02959368579673638,-0.0048186865193829975,0.0038499746084845743,-0.0010193881114871628,-0.003257386630766468,-0.007743455864027582,-0.04401584813473425,0.02979753509180738,-0.010300204574770544,0.015182383547922784,0.01751810397987419,-0.007014483877572419,-0.019277243063867466,0.021986723645970097,0.007914778506179054,0.007957309414133196,0.008071821948539837,0.0,0.019062930589633487,0.003040952262721053
2009-03-20,-0.004830044385466525,-0.002277925206519482,0.00828903128389702,-0.043947898137922325,-0.01445260957565353,-0.043575148760457205,-0.0454880786317603,-0.03987524719661284,-0.01000098150607931,-0.0007711823514253702,-0.006663764994347843,0.03254928058052475,-0.005879338783104315,0.004157988913867872,0.002269931460499919,-0.023801863337492457,0.01908041462405974,0.056540996747701744,0.033216933102421464,-0.06290049227780403,0.008224750455257501,0.008000679187016635,-0.027295215681572116,0.013026519635784384,-0.003240251287712992,-0.0022103151707626445,0.002292392132840382,0.041167597128655364,-0.002477661401593667,-0.014367602970152937,0.04094317159505101,0.03591978883308955,-0.022531245431762992,0.00034020549691549107,-0.00980409562230633,0.008918583153265436,-0.022450416282253305,-0.010802565307441614,0.028187315915885414,0.03058023180769398,-0.002869399369742509,0.006811785389442493,-0.012285056784028137,-0.01114108395109914,0.015028713607890154,0.0,-0.023354308113846756,0.025472150815770034,-0.0030650229231315995,-0.00016364188835771287
2009-03-23,0.0741115990528658,0.04179845970671758,0.054450135319511705,0.0735180782405862,0.07211710015481798,0.09126719020180163,0.05991060048521479,0.033583959493933335,0.019321462079543217,0.027079087008909264,0.0357068095170856,0.05192018834317702,0.034638453169099526,0.01656333616865746,0.06183477152788197,0.02340285370145434,0.10297875255440125,0.0923397877414045,0.07727011493216174,0.03262894835366792,0.03755249170441277,0.045301197080999556,0.031155519734598958,0.022717472713622344,0.03073280346228513,0.0065095202092517734,0.04192279365229057,0.0035946153602421926,0.027409868087797662,-0.028280332366491523,-0.0009591815665596082,0.0010869682114380552,0.09808742692422756,0.04046240926157818,0.03135327558706891,0.018784444719224913,0.032308078790274974,0.0015600396082118273,0.062420753881357705,0.08706983162151483,-0.0028775489436114743,0.003307644568341983,0.027363423691369793,0.005827697390379694,0.05748934272080897,0.009210799525849911,0.020268907972513128,0.07371809040280164,0.08099250021358562,0.01122895667106194
2009-03-24,0.009732737408567838,0.01770072521294863,0.06406776986783536,0.02494227076310107,0.008499896847698807,-0.004549886696823879,-0.014314670447940325,0.005126037823986795,0.0038481973377406664,-0.007924339443299289,0.016924196311781436,-0.018886939928774993,-0.013609190513292235,0.0020368055477533176,-0.035196451290497976,0.023682739960000143,-0.03626536070955788,-0.038424580230751015,-0.04921488271717189,-0.022268977401279533,0.015860343892668993,-0.007163370547615067,0.00129585820978817,0.002724322604797713,0.0031536468029496056,0.014002188980386077,-0.0016381728897312264,0.01217758872243202,0.00127646335804954,-0.0020998335470292506,-0.011966420506407283,-0.009880946450430583,0.01607849839889952,-0.014705900963435492,-0.017599904121003873,-0.013015081735942124,-0.009803956386252644,-0.01635520194090645,0.06510541756475074,0.023111889337683822,0.00529076669404005,0.007143339646806135,-0.02421315820924652,0.0038623931805341627,-0.03128138090777721,-0.04693642590216074,0.06183034815360666,-0.04328377577189002,0.005099575313039617,0.031852153731533495
2009-03-25,0.05490709440477071,-0.021036949803062477,0.032335113866463816,0.02841471959099673,0.01714684887440443,0.07030555505044656,0.03388577212737798,0.025911020261787376,0.008338872781745721,0.013779614906887838,-0.0032874660016992685,-0.019892085978986396,-0.023178865038127272,-0.01372000132096296,0.03382716607564862,0.026563709004327585,0.03949832831191591,-0.003995844826739092,0.03799569712493556,-0.012927126982737236,0.010541508814453149,0.06717189526767386,-0.00020450347830658355,-0.019226661927875144,0.016004762651292026,-0.00256437047716096,0.016901829141993785,-0.007077084649017573,0.02521849534511378,0.06223693485019721,-0.041080992585168175,-0.0014256779891949067,-0.009011065880364155,0.0172471322287171,0.014657962259699175,0.016483575889615354,0.0026658739281686383,0.010688746273398886,-0.0014910838949826477,0.020447938578046054,-0.006219845943476576,0.0030749594781069867,-0.014888297252874882,-0.008080038012296398,0.018489442626828945,0.024623889002850063,0.007147141732170903,0.010920590374022376,0.0005852442639959765,-0.03966689495242026
2009-03-26,0.0217333130669648,0.052199410272713465,0.02185872951027812,0.02598807135388692,0.043383115692494645,0.05852796423450157,0.06104803588814178,0.06181868153495662,0.061692607735267746,0.030023822182893678,0.05339134671790746,0.057483316085692904,0.024293872037880027,-0.008242958517091226,0.009409727613710395,0.05657682405325826,0.05494239571233983,0.05215649768117392,0.02015946911045252,0.09697551019488193,0.01835480980414861,0.05638583212913595,0.04939377116547927,0.021734441202997168,0.04135027996297169,0.015425897980434922,0.03350004952873653,-0.007840386044219438,-0.001687368525349009,-0.001698170980689695,0.03523934968197562,-0.00032923564445086484,0.0436904199653243,0.04532112122203369,0.07062568122902957,0.021621698281665713,0.0030383570011756067,0.17077968549620404,0.05487134644259961,0.016412186413885754,-0.024073156790946904,0.020223741591335997,0.06297227620709167,0.02288612791643252,0.009460531765777658,0.020026950888548445,0.05113766130943387,0.04423858731159935,0.014042076986194862,0.041224009145835794
2009-03-27,-0.01069927478938848,0.0,0.00810356120050848,0.027063319968276822,0.026289474469294083,0.022899840993094722,0.02410021144810459,0.027561565913694075,0.029366731815392733,-0.02483374074624556,-0.00958908679338999,0.0008050477018615165,0.004412350368764972,-0.017662538461162614,0.020974363819686426,-0.010281411804997642,0.08639548199046199,0.0505242962555148,0.06916261602120777,0.07390563269844685,0.0,0.0030077544125126643,-0.0021422929043333205,0.0010428577232324265,0.006482816109956602,0.00908926943666799,0.00112426438083979,0.027298705144628732,0.03389088062254797,0.03657501581802802,0.007757234886869524,0.006700959233859605,0.052486257544328785,0.04553976392796533,0.02998522825300398,0.03597877154358731,0.040514662669725254,0.039143267465785,0.026539101968290568,0.010796129765465734,0.03502690065882086,0.05733537775760045,0.02369665469527571,0.01820218547522323,0.021656746670829063,0.005235546121550971,-0.0031769791790864366,0.13546784466359219,0.01778995514047166,0.05019618860424635
2009-03-30,-0.020855663294500948,-0.019618737055834723,-0.055868886983247434,-0.12227430426054942,-0.09067875533555847,-0.07899316563286851,-0.10656270738467877,-0.04225447584771358,-0.08976265266547978,-0.032419185286074126,-0.04742189688232168,-0.03192091686381204,0.007688017283157045,0.0,-0.031748972905607964,-0.049877491950399255,-0.12029562546913397,-0.08983673250145796,-0.09241244107203928,-0.08946534752416557,-0.04175315602083507,-0.024757649029297446,-0.013402580041995904,-0.0010417713039820864,-0.03998950993815864,0.023612172061142855,-0.04239067934701346,-0.016083964797944272,-0.02572482786946151,-0.09463907136794869,0.03684162465163232,0.010148586558798245,-0.06904914829607844,-0.01521501259246305,-0.07569145680404066,-0.056179770718472355,0.00764240466272903,-0.08821611677898267,-0.03584945405378481,-0.034549734890980344,-0.04909426028271979,-0.039741635506396644,0.03472223647138861,-0.0525139062393406,-0.020949820691167464,-0.011718990697856757,-0.021912376220456053,-0.07266807396707475,0.0033070101710468425,0.031939525818307946
2009-03-31,0.005473340833763718,0.026408686758423894,0.029508213689849683,-0.01567582377695087,0.043771698579921914,0.045214124686056234,0.0469303634213285,0.030307497970400332,0.029240325614722007,0.017367389617815254,0.020120508018359518,-0.0028758563267688997,-0.019890583347392243,0.011105587022033792,0.05272207330446399,0.02584044572043087,0.04863733573230089,0.037886229234260105,0.033761826408885254,0.04825573846153741,0.03829486242849134,0.0057576514602051265,0.028554494611572778,-0.009384842052024611,0.03354784894699825,-0.011502215335404298,0.030716714204491513,0.0035538098691521025,0.014482446013085237,0.010876234022181963,0.00908148853028301,0.018040249315570245,0.01648223573827612,0.003938250603591653,0.011023483303970405,-0.017315841780102925,0.04442007506442436,0.0194207560195645,0.01215567277117291,-0.002694093686994581,0.023057198581289295,0.02262643858519464,0.015660051921853713,0.05345898778467606,0.02861497103240862,0.023715743606442574,0.09205706972450223,0.08935701556711995,0.03842175363091371,0.030008283889550125
2009-04-01,0.037055168241961534,-0.017419403528597166,0.02732685308817051,0.04972954239123628,0.009699277472628998,0.007711747316055284,0.06112653949314395,0.0015638592649809269,0.011048503507374408,0.037653546005859795,0.026433650480862436,0.030889788419139474,-0.007506347627591503,-0.03818006111372685,0.014657573406186453,-0.02674521312093492,0.018941533225477203,0.015369983948771093,0.010368108127824849,-0.0016638860553472856,0.029454146908443724,0.03265715160729865,0.016220810290102694,-0.004420966031256746,-0.0027047857691249177,-0.00038121969641158326,-0.021363384454404888,0.016288858315265387,0.02167457284061891,0.058577575960264694,-0.00014260130482601774,-0.01803915644208398,-0.007893909713764025,-0.013880502910530335,0.03582579131239627,0.024229002806014144,-0.015905973853335587,0.023207508254918796,0.010244065325952345,0.0034729580383938696,-0.01273834534478635,-0.029314426002396976,0.015418184867366014,0.002985231920992426,-0.026341592999922336,0.05534074335133354,-0.03860512379266012,0.0781616774027094,-0.02929171538209885,0.014356263666411406
2009-04-02,0.0506561255090745,0.03879042341650929,0.03655005214470486,0.03248901637372725,0.0645969511099238,0.05129731838534468,0.13691788094603963,0.06736579299570256,0.06290105164053794,0.033230442556448914,0.07012661641347928,0.08336433090404216,0.029411746506808667,0.017944640857700422,0.04213524311222949,0.04475718784222571,0.07292661648300669,0.0690635348826465,0.10107745749830621,0.13138887005680422,0.06481826612916408,0.06721657881818799,0.002586618335995272,-0.02304927452264527,0.005153030805728598,0.0171740347846292,0.034876099582821674,0.034843072167971556,0.026156647443565273,0.14370404178608376,0.019608929393282626,-0.008969071921089089,0.05139777605383422,0.01070981548711103,0.019548962845719497,0.06666642444485427,0.015109197191385704,0.05044003942495423,0.05524452009540082,0.013649727233792541,0.06153812418688842,-0.009761649131210137,0.008677105262145934,0.004836453698132903,0.010745824148877148,0.07073180690536973,0.05528627087774929,0.21549499512296744,0.02606530939333851,0.025045475303043352
2009-04-06,0.006169726938436204,0.03295735880653705,0.026626825368698537,0.03909058530551146,-0.019441032742973485,-0.009895259901404496,0.08709051222994213,0.0732146589872491,0.0013822742105238373,-0.003769054677762451,-0.0022213753608744113,0.017730836780851078,0.004625640653978413,-0.011752462455210888,-0.012899911657089702,-0.0030922672962269138,0.04686811721252493,0.06460174391312279,0.0009320596013415727,0.03142646564485441,0.0930923125193579,0.013635665738017888,0.005726598260832327,-0.0155845253407908,-0.02968138498967121,-0.020073730253297284,-0.021780862578616333,-0.029629334675043473,-0.03304556754770549,0.03357192935823328,0.036222332147835434,-0.025078570131492173,-0.017795260407790225,0.0172572140727123,0.07817077509277515,0.033266190233173454,-0.02872961964474574,-0.013212917238898059,0.0218688701037415,0.03376015185304504,0.04581557024964278,0.033362219654170966,-0.008602460804234102,0.03480185267058444,-0.014509024420995331,0.048975031939821445,-0.008456155519623532,0.019662328982064325,-0.020395479850039755,-0.030321695090096967
2009-04-08,0.0320350661604174,0.0038650989781139344,-0.01635110971554543,0.004268958127126243,-0.0008893051261155138,0.019069336921785585,-0.023372143273292068,0.04757942436073592,0.04244723443848608,0.007849417939305381,0.04768086974884311,0.02080573789356044,0.06663082434212386,0.05297280541481442,0.07333714873708397,-0.00927384582330193,0.03140215256041334,-0.03241904036872201,0.032122886727942834,0.0642705293551804,-0.02501627466974876,0.023060661383177194,0.02277570393745454,0.06112581627211888,0.05589540845113938,-0.002999324456970598,-0.0025200079485367954,0.0520470156632149,0.01614303043289289,0.011225083559941673,-0.004394791279453858,0.01337700083837623,0.02040814797363044,-0.022023858672570396,0.03693566815428673,0.0429270026580133,0.003207428699628867,0.0708686340271496,0.006160764537092245,0.03531803642186193,0.1113099876436312,0.01344061764516069,0.039045860477749716,0.0007156010470958929,0.016372502475516804,0.014114976595314799,0.04634797208404273,-0.017837081819530365,0.007993214503509094,0.026104560593599002
2009-04-09,0.006144534806853619,0.005661973328800807,-0.002245071594526693,0.05685438449508906,0.014727496310540822,0.0046218543808500545,0.028358107909751018,0.031600119539346494,-0.002648390468153794,0.0012980580325023805,-0.02797928658528004,-0.022921611201048187,-0.013712634015897174,-0.01488677450000453,-0.025258624921040362,-0.012096346698686422,0.07426478839555029,0.012886686222265853,-0.000902210082902144,0.014537957098818444,-0.026327563221399397,0.00768443097732896,-0.01003286088563704,-0.0343969894983962,-0.014221658348244404,0.008064963117344615,0.020211068110830954,0.029683572507987588,-0.008703827267844244,0.05172422976698665,-0.01738526616253433,0.006600306049330262,0.051632640837058874,0.041691951287531115,0.018469651949360122,0.017773513671558216,-0.017407131889472294,0.002134682231887064,0.01224608383517456,0.02339160707552357,-0.01689437050996445,-0.010943441639398976,0.006262933132721082,0.023239382120569863,-0.0004994418490642527,-0.03104922552001599,0.01576892551468001,0.13727110498852668,-0.023697389710011674,-0.01904621943355944
2009-04-13,0.02177731580973785,-0.004128744350021418,0.05165628450714732,0.04725986799105364,0.0680521674805481,0.036467557828140595,0.07506048613625294,-0.007267698260108202,-0.017094110178311528,-0.01240336958238819,-0.02076891541032988,0.012718432599309715,-0.010298744431483375,-0.013548752991194957,-0.039336349021780515,0.018082986198035833,0.08445046588786487,0.008481796744968406,0.027539609251417296,0.11177250989715648,0.028872714634156083,0.022030352356654292,0.01693229054814105,-0.01287556748075469,-0.0008017582262045408,0.04228813645788576,-0.018211918407529115,-0.0019219253825102367,0.007927769243143867,0.054794639480074014,0.01962789432042289,0.0222266917107361,0.04812742848860707,0.07537267957334448,0.056994961065791605,0.04411747377401598,-0.027476639188092844,0.0121729476802801,0.06876793347442312,-0.011255238657763234,0.04828154425396014,-0.007173557151366583,0.04771787585912923,0.016421873552667776,-0.0069965924247843425,0.07071817799454982,-0.013430981073131343,0.03165012929635358,0.008405684663574275,0.11060235181273992
2009-04-15,0.031857106410261515,0.03279058156576631,-0.01420302980784971,0.06313003884707591,0.06314147631018185,0.09169649653853762,0.06631641541275846,0.06274195878198996,-0.024567086153940765,-0.02746076375210904,0.0007441526204825522,-0.0005582445745605513,0.028616156103378865,0.025885040939423565,-0.013002229603676585,0.09264292199273894,0.03478718713719964,0.049621460934696104,0.03383124212141975,0.11639894546095952,0.05400893259709849,-0.00591387400394261,0.028925414034310926,0.02369574960441234,-0.009892744576313395,0.06640309361339125,0.03512022644274526,0.10205384137388607,0.041610424212664476,0.09410253621633768,0.03002801120448173,0.000870130754402787,0.04258476977706094,0.0353163310998279,0.03553922374905616,0.08098600451751636,0.03754686972950538,0.015333760690131593,0.014298644473926814,0.02110325078523778,0.02849317183937239,0.009255791498985255,0.0019799462997767137,0.0182190898877721,0.009436460835086535,0.0464396898388435,0.0746110174924608,0.025101124437953093,0.051231626853995405,0.030594636342536452
2009-04-16,-0.05193866115897672,-0.025180528079247866,-0.015377550769240744,-0.03465776805599907,-0.026220175159053838,-0.0636651964048568,-0.06946719828181736,-0.0526046364162982,-0.009780463161486619,-0.018531682545886663,0.03216218470193111,-0.04903649023478407,-0.010116419230542406,-0.02574713014787533,-0.017695656501626633,-0.0242336887691037,-0.08157002991855156,-0.07211524150410087,-0.056098493209820854,-0.14227347427059234,-0.03961970011430871,-0.029467526979342518,0.010099235575255605,0.01571429235158006,0.03537646572346653,0.03290477461526753,-0.0066315941571168935,-0.06406530666290344,0.0017050597259060662,-0.07822534266270487,0.0007240919629718512,-0.010862346100108056,0.024507190723315198,-0.0013119691491282337,-0.07218942752335689,-0.04071659748354228,0.035829345575707716,-0.029316171985181105,-0.017914881665676896,-0.04879505911346982,-0.07286517258006786,0.008422049106806773,-0.0553355864594105,0.003038680774475999,-0.008475795336752356,-0.11045353285114068,-0.008226358112533916,-0.09971428638955093,-0.026104923242691203,-0.0351992683757445
2009-04-17,-0.010403479103757607,0.019092313605631572,0.005440483518392991,0.031107346902762734,0.034857501330401996,0.06598159296934458,0.008322899118095473,0.044708958726290327,0.0018355971377082003,0.038729877144672686,-0.009546194552771503,0.015152622516227732,-0.01124166685210748,0.03065581628127556,0.020416567113872075,0.01819624951799126,-0.04050542320269035,-0.048359419781611956,-0.037820927655490166,-0.023400346603969613,-0.005280375829401107,0.006931822537790344,-0.022159797845561657,-0.00020865505018674568,-0.016953459263373327,0.015209501309614515,0.014717844377559741,-0.004355815753672276,-0.012645077356869372,-0.03061033098009347,0.010257949852610082,0.007248042443225078,0.029467926139823852,0.061744500438127625,0.024234802433675817,0.043293772523925744,0.06710487064342097,-0.028065761803546696,-0.04126808169723328,-0.011720430156261785,0.05607865833684644,0.030206130709452328,0.023012258681606168,0.0026925058840352456,-0.0006283156757457276,0.01552062258616771,-0.005972026714756273,-0.04608645827475577,0.03567842507327135,0.018398724406757605
2009-04-20,-0.0009027561878760526,0.011240905655246491,-0.004478049835871967,-0.032210369465733746,-0.00777915175203614,0.013115164535254742,-0.00512772061954514,0.017255928994643233,-0.020415280566786764,-0.00275502335930522,-0.00436423407536235,-0.00011593740432147559,-0.03514224018744483,0.04512803839640034,-0.005688564719452782,-0.0037130977484525207,0.01723477059363554,-0.02722325710315543,0.012166507343356114,0.042832870282505375,-0.005198315597327974,-0.022074292871647305,0.00017943845878609643,-0.004600871413421803,-0.019899146473835838,0.01225720869809832,-0.024326870022160496,0.0018751409643202877,0.013874088128015938,0.00283112584201195,0.03846882506237659,0.00545106945145446,-0.006230140259511852,-0.012620615181920036,0.062266655644034996,-0.0056957562427222275,0.04829784990105712,0.0003139551291095888,0.04179678912050533,0.04260189685721372,0.06124003485670282,0.013602197159965135,0.07770937947421852,-0.0050350821377690425,0.0022640100500161964,0.04257669920993323,0.07092777549635976,0.031363720372955095,0.009804645702895298,0.03206313565730845
2009-04-21,-0.0054214313579621365,0.045481133519676975,0.018742525291690182,-0.06539342280054383,-0.03155291529818782,-0.03118594251856177,-0.03469507738574451,-0.035001249171480286,-0.018970176485282764,-0.022247006178760298,0.0027394535915570284,-0.001157097397396667,0.0024103142519042997,-0.01864582789757263,-0.001972916502404831,-0.006696093096509759,-0.07024542435789838,0.0382463780938993,0.007859501128538504,-0.051240203600663836,-0.026014353283715153,0.026353778144956097,-0.056913985058376304,0.02058854024274437,0.02138615407568123,-0.04380801165054249,0.006648950572210488,-0.03119170007865857,-0.0016190620036450332,0.03127057085172691,-0.024256976532825325,0.0040120420273837,-0.04405282276782174,-0.0335837476518025,0.026963634957738236,-0.010638206162607466,-0.032467535046291296,-0.027612188865192344,-0.02604791506854709,-0.0034998317494320252,0.009130745851787081,-0.021595446425041964,0.058823774160559505,0.051956751713744254,-0.009538116003325214,0.0031413609830901468,-0.050023291562416916,-0.029334890895075127,-0.008922136313545215,0.01875950634558632
2009-04-22,0.006975037231025105,-0.009590194241930972,0.0020696253542449305,0.0032603360601866083,-0.01790554412316392,-0.04413380677345935,-0.03815615192523547,-0.03158298792000447,-0.014162656470635526,0.01368878386950656,0.023861686189276865,-0.02763145219035601,0.0008015343054490476,-0.033499997920033664,-0.02273171207643554,-0.035965099798327516,-0.013513467020012215,-0.01796944179360327,-0.016055036898485087,-0.0027860237527821408,-0.03150316857207425,-0.03497315410710755,-0.043866772765920325,-0.009469088254798752,0.009806215904660798,0.006641539937671581,-0.009066243714968558,0.022536815744161443,0.04898599721598362,-0.04506223003581322,-0.023671748100643097,0.00032402097245110006,0.018255889846058082,-0.016338135951402433,-0.044520655218966976,-0.04052943994064362,-0.02428889981004123,-0.033881922030427836,-0.015677783233913334,-0.027043770996211136,-0.09482434059230405,-0.017984814767305957,-0.06630835056006923,-0.029506254669295906,0.006082067182592965,-0.012526094946425093,-0.02936359238958519,-0.007595001541599866,0.001147142997941497,-0.05254498123780582
2009-04-23,0.026600777130808995,-0.006595392085839702,0.002891715791744076,0.06086716915857937,0.028099275202356333,0.06332728053267056,0.057541191381495604,0.044956473713662515,0.04632101226381269,0.050213464774003125,0.11332480272700796,0.01864691077180347,0.024559603973174138,0.035178763543399105,0.01092238307421689,0.025314155346046308,0.0911165179722444,0.03751145905590647,0.07319328393496805,0.05480323684327648,0.04714193138939016,0.0048754340820411635,0.058940257003513574,-0.001454580556010665,-0.002624565215858854,0.004752403529632465,0.07111867178707532,0.04219164629038685,0.0018554627368074783,0.049834503318932244,0.0026317137235345456,0.003239160168682531,0.03724988997230039,-0.0013184137234624194,0.021505454071565788,0.02844849817213846,0.028169317245581693,-0.003339854646840723,0.019674878860408418,0.005234163841532302,0.024789998410886138,0.0404663530931344,0.28215008763384497,-0.01255745277587661,0.0060453828989219804,0.057082579231745756,0.03363163235666211,0.09183672279261135,-0.012430440543803045,0.0028469713404390973
2009-04-24,0.014259771314786063,0.05911860312974904,0.016247134518256434,0.022856038982258298,0.03570457135884908,0.05487488232315174,0.02074019412455419,0.02669370601136012,0.027812374279296836,-0.0012752907130985092,-0.002077313304097883,0.0019883871543764364,-0.004168707167972796,0.0,0.006602772692732906,0.014350519679352969,-0.006467509380854164,0.009700097008714659,0.0021722881132224536,0.03321112203658538,0.060889223650510305,0.037701451448546974,0.005509843266404468,-0.008116835070905992,0.0028947156698717613,-0.009070375891232607,0.058236360314172675,-0.022356711315299593,0.04769257133519189,0.019113656968771542,0.01945744538583849,0.003443545826788963,0.02416488205058487,0.02428721602335293,0.025731151640141947,0.1282479146402864,0.006052588833788786,0.02379342085323488,0.026646450230802365,-0.010952586519126228,-0.001965819041386707,0.019912907030723126,-0.08532959380858063,0.004685060276415687,-0.004006203497048499,0.0589997799069375,0.007685145047693798,-0.003942607365831852,0.014997684200132033,0.004814606903384533
2009-04-27,-0.0018448840858239501,-0.008136009129168786,0.004638421889793909,0.0770559543023468,-0.025130543895304003,0.052681394625765154,-0.011915361935375457,0.023800040258368682,0.0308269804814012,-0.008767199724068031,0.04387529243131438,-0.010097655518012671,-0.014914034313615376,-0.03298352134560156,-0.01232384983834045,0.01931974274506998,-0.028336424040862895,-0.02532734056519459,-0.029908863323451218,-0.017748065792283718,0.010608759063219342,-0.027263086361981048,0.007907760182622736,-0.03147266054776987,0.015481642519538985,-0.012748004448962624,-0.0011372581837595375,0.022867963779895417,-0.030200071592171196,0.006595140308767844,-0.007756518309535387,0.012119585468763905,0.0281832003616882,0.00721654247000969,-0.02850667556469888,-0.0453195377649771,-0.04053182884777762,0.019967284201350743,-0.000596595944244882,-0.009984180505824503,0.0055159943581817306,-0.015165959049005084,0.0474632603511107,-0.01132559219181506,-0.0011311099299967653,-0.019829851701636092,-0.007463830252301795,-0.021111318600457674,0.0036059410064113173,0.002886861960632592
2009-04-28,-0.027106534168215624,-0.02595322243901066,-0.03904443207532615,-0.06063506540272101,-0.033328283403627035,-0.04807173754669236,-0.07501892166200241,-0.03801016046119665,-0.005649074215805516,-0.003586532799984332,-0.03236697502068464,-0.018101458226072453,-0.015138908271633333,-0.049095760524534904,-0.005835978500134287,-0.04647350249679494,-0.0764531930419472,-0.0430109117705455,-0.03842728460679257,-0.06645249397031072,-0.005458543085521628,-0.028027079199149485,-0.007660412509319925,-0.023830270901903483,-0.03074952301007028,-0.003924574398527447,-0.00691453143026477,-0.019335315905034678,-0.021646721949041714,-0.08169517384956981,0.013882567193827411,0.013775549107460483,-0.018008110038857827,-0.05322412008003141,-0.052816852103012235,-0.05758754141569755,-0.009570969009660035,-0.05038517425310651,-0.015522365295530638,-0.01971250418287196,-0.01214729001164394,-0.006593526863075239,-0.031250113899600085,-0.019878654707550014,-0.03309402052207622,-0.027938377977262174,-0.03841777038173122,-0.054815057972586456,0.003505165370203178,-0.032522832983727046
2009-04-29,0.039777721789278075,0.03920738392287837,0.026589769167281174,0.09107463420846496,0.03480070612934383,0.05012228309659017,0.05736237624031393,0.007100957907769656,0.04193821201119019,0.05486610892531374,0.048985221662138034,0.0385515202601836,0.024810688796866875,0.006521879880449832,0.03825891906031975,0.036561541961845245,0.016001625258428076,0.006554126868153931,0.014869788291785424,0.04860217661292343,0.030082197947526312,0.06857290487550594,0.013509229580240145,0.041944277539442076,0.007198081766968345,0.014504716921014182,-0.003746977680256003,-0.0018486292778543412,0.015992167912944,0.02675575273945574,0.024282777473921824,-0.0030312437246003965,0.06101913806589643,0.0699996336851203,0.007435077706118509,0.05037167795898001,0.025325162108512655,0.02061509171249587,0.04032728639917749,0.02600086656233125,0.030146601813965335,0.05363250353467919,0.06612929610883045,0.003781261778781353,-0.0003905269685704482,0.02081249744716951,0.04760280149933327,0.08540631053440562,-0.004104476710843574,-0.0197519014258295
2009-04-30,0.0021871464399130236,0.001660806034611051,0.0,0.003756126477115318,0.0,0.0,0.0,0.0,-0.0024050819840187865,0.0,0.0,0.0,0.0,0.0,0.0009750160181203338,0.0,0.0,0.0,0.0,0.0,0.0,-0.0017837479341547002,0.0,0.0,-0.0010585233920036297,0.003996770262292504,0.010441111785192803,-0.005555297377032753,0.0009936107973884667,0.0,0.0,0.004403418726629527,-0.02814326675047507,0.0002528502772829455,0.002460068435393259,0.0,0.0,0.0,0.0,-0.011850319853461744,0.0019254572961078242,0.0019027766490538056,0.0,0.0,-0.0024734968585267136,0.0,0.009737205079730638,0.0,0.03472480187765181,-0.02815786152127564
2009-05-04,0.042481223157601944,0.006962862226882693,0.09001684490458306,0.10166321808954626,0.06855170548348233,0.09339712449733972,0.09980525412361474,0.08358432296756191,0.0712100745751496,0.07881401477048255,0.10488179519178598,0.03035574180485323,0.01842126789366061,0.015658502517060136,0.006427410296701241,0.03080285788189885,0.10541793763934959,0.1432559030975853,0.08058613136662318,0.05968001474764839,0.1185573230146384,0.011282323812253026,0.03114243736963007,0.02193810408647101,0.08982495092683362,-0.007064304177400116,0.00025015811583228853,0.016138853810852893,-0.00022929185234921157,0.013463773068504992,-0.01286845748427512,0.002191876477282584,0.028328712273456347,0.04924248959430333,0.07975476416152283,0.02437098374233826,0.08579792106942419,0.0523179640581799,0.08772974258529609,0.024538611176103453,0.18562624947348394,0.015655137564183352,0.0529500500163993,0.01883562810372741,0.011093465705078742,0.026213593290873582,0.08212789037961654,0.058832308261894006,0.005847067627790192,0.06495841488144327
2009-05-05,-0.0018281172554583947,-0.011195222150534923,-0.005127614076335885,0.07397623810097609,-0.015406999749896677,0.029539512101816934,0.07233900129687099,0.03001525945318706,-0.02310904668424585,-0.028343991804329782,0.010805594570985733,-0.004545354534571278,-0.012919695416794275,0.020202191143374515,0.002903020973725523,0.014970697289158785,0.0871962931286634,0.01545982039528071,0.005508437748509953,0.05031930195391254,-0.019146231919046297,-0.002430350851335583,-0.009173687435740874,-0.006460973192911057,-0.03817143562509895,0.010163993559581419,-0.0056929545862061115,-0.023213380064375566,0.0017564791294473192,0.11656277864814535,-0.020756963659908756,0.011770010101356254,-0.014386343676239255,0.014921830927501212,0.06477251313063004,0.055257040291132764,0.01466588580162731,0.027060963600826327,0.01956064004096536,0.016117544091142966,-0.017504414317233263,-0.0034900527990412433,0.004310333270592714,0.008403372471303516,0.018845977963238836,0.0037844919473812855,-0.031041120011372825,0.10064819758459254,-0.010699858220582281,0.014887791319214694
2009-05-06,-0.0011413061356136955,0.008991103595381578,-0.017850288048425256,-0.05183615962465671,-0.016912083380302256,-0.03522760204626152,-0.06646859765231361,-0.01069881515077964,-0.024040028083371356,-0.005562552730075443,-0.027334439373865704,-0.0002256200119077345,0.016491770719339494,0.004169011408325263,-0.0015434276871928443,-0.01812700857123184,-0.05399278907192606,0.015224312341958868,-0.016013558269397876,-0.023954327103881567,-0.006537921009297731,0.010132041492912913,-0.027776119572220814,-0.015733245331142842,-0.026542175008688385,-0.006819726448470842,0.0069824258810871065,0.022514274874182227,-0.02187491073213932,-0.059681309308497354,0.007819677831263139,-0.0142063722497624,-0.020030995704069188,0.0502727974392021,-0.025613480570549796,-0.04436356860632318,-0.03126813565569908,0.36213235318939496,-0.020236814864035058,-0.0040762863951755435,-0.02672349898331039,0.0035858388170932898,-0.028612271398968048,-0.009000177261894615,-0.02318496619632049,-0.006597626800637579,0.019773151705136716,-0.03820654783504318,-0.03244775961392665,-0.011450848125442725
2009-05-07,0.01809717849579484,0.03306919359003602,0.003754268959908158,0.01797617981518873,0.035577759160821065,0.03221809256854202,0.0394907906582278,0.017148422174316114,-0.005745243824186064,-0.013030484201616455,0.06051765353063243,0.005131263476308545,-0.011073627509622375,0.007784114452093371,0.006957512722031156,0.005409064318648404,0.08736593687279148,0.10891864695581566,0.07537496728675586,0.02680772302081702,-0.028579408357396807,-0.0013156156360738525,0.038154814424850025,-0.016837337737539815,-0.010906386419990755,0.015083026887021234,-0.014616865420060132,-0.029969338389221,-0.027507534168729864,0.00040816299693768876,0.0006092571048941231,0.007831824383252473,0.05054680503162268,0.04628560408263849,0.02738208598091485,0.022070034503171687,0.005176169531561747,0.0730996105700048,0.007779117587381812,-0.0005341963375624648,0.01762736638220619,0.013086040348333272,0.01914563639389333,0.061890825680050554,0.032165855331510285,-0.018026465451497775,0.018187511721516447,0.1185205519258572,-0.014787440753569636,0.02917777322972026
2009-05-08,-0.007961109177713643,-0.018145955456204454,-0.027457673601299804,-0.051975256520178426,-0.03282195967142554,-0.028011275048864803,-0.016783853473234744,0.00384772393363475,-0.0011868809069718322,-0.02064038380943789,-0.0683461481424893,-0.009144176174096574,-0.010937607733089938,0.0025745391643194893,0.0044143858835796745,-0.03719180156312629,-0.040597597343307035,-0.027757836010308568,-0.004380864879460877,-0.011950737663132371,-0.045001386881195704,-0.011525085365049703,-0.013223776612533489,0.010405329370301697,-0.010763638934625841,0.0067644259676822305,0.0019138901010526954,-0.0504414684741451,-0.0364582499149132,-0.018155879333529357,-6.431070790546833e-05,-0.023209688378265758,-0.029864383192586774,-0.030211441771184955,-0.021322250440028778,-0.03648540428428315,-0.013329094216997572,-0.06036474403926262,-0.01197733889269259,-0.010682476379638928,-0.009660354230038304,0.004756687110374136,0.22687846355923935,-0.031992603327878566,0.009676018312498202,0.0222224390893917,-0.009890790858620768,-0.0464601093849204,-0.0014291857182605616,-0.00863905323542069
2009-05-11,-0.020365261193350248,-0.025638999746190327,0.002578471371818658,0.004992926662705122,-0.05009257810119572,0.021572699546350105,0.018800489009105803,-0.027839352266113004,-0.024883309549599608,-0.0020058453983202718,-0.015488134285163047,-0.003906413368195194,-0.00974185084032042,0.0,-0.0030570264765784616,-0.02408222970061824,-0.04160808704548802,-0.021961758787185204,-0.03879974188657853,-0.042426386853381515,0.019558192167397737,0.004497187852014584,0.007002229214852607,-0.025316117475580824,-0.002388827636898183,0.007820139543650795,-0.027869032321437115,-0.007968131974507409,-0.01638237346894922,-0.05215028139569411,0.005735983803758726,-0.013896455094036586,0.02736319123618358,-0.03782818315789871,-0.04466181822570081,-0.046367861119296916,-0.03960705838018508,0.057104669265099606,-0.01724171356465032,-0.02996510351778614,-0.04709099348399248,-0.0025710683143339574,-0.047113881709253236,-0.010798576903647827,-0.0049782960901888496,0.04914927977721151,-0.031609022633035,0.03663443029454472,0.0,-0.004173068427088977
2009-05-12,0.05280417772882995,0.060308421381420896,0.04210994636762555,0.06639914819380133,0.029367242377232206,0.07842360255644998,0.09736195190972441,0.01929851934382576,0.042015638555513934,0.05323991545716922,0.07122431548595998,0.003126147221100828,0.017016634608833403,0.039548133862958856,0.03737775766651219,0.05162437828234978,0.01810488831984647,0.05314360890250125,0.01581327947068667,0.038476309616371385,0.04214304643837963,0.0015475544009107,0.03572691531974814,-0.009024945944141272,0.018090061853442307,-0.019344208011116026,0.025315557299359526,0.03078998804954658,0.006932503969498516,0.035291550340290634,0.0005416270159190884,0.0019362945435095202,0.009533923272628364,0.0013876314394092315,0.02394500891714202,-0.00972455588279375,0.030051442383558724,-0.045368103511453706,-0.03234615667873075,0.02782960771795362,0.02294436502853081,-0.022463920520847003,-0.013597033659667801,0.0069468139342834245,0.020387734568250826,0.024324203785377696,-0.0007697907520041181,-0.01590281378023406,0.01914607524190326,-0.008997539984409442
2009-05-13,-0.013725365457759597,0.002456351407677859,-0.025934940996342415,-0.012452981777014926,-0.026058556594752647,0.004036065933177069,0.001135052116203239,-0.006158470816785999,-0.03026048205381282,-0.015327291289133682,0.00013328753933561366,-0.03144651928118558,-0.012287340598005958,-0.01976277167667495,-0.00997793648671963,-0.002958914741216234,-0.04064597197486064,0.009950098453592515,-0.029905752489045145,0.0020584404212742324,-0.02479732200624485,-0.01445907180411965,-0.02876469269592752,-0.013993691133578179,-0.01724614122901369,0.0581188054095092,0.017024327621567137,-0.009740279922082373,0.03207381679029497,-0.0057168904184728975,0.0005414563717973664,-0.019110910820541394,0.02278521938031952,0.00577344507839328,-0.036748226059946654,0.006546538360066689,0.027001690296245995,-0.00972629855282392,0.022946018681546,0.024277849920189665,-0.04244287864623619,0.00029270873544096077,-0.04260659160362823,-0.013469147850113883,-0.02378035240667098,-0.014951660367028552,0.015254047660595793,-0.013526719268446619,0.008252194575798288,0.001305890872823845
2009-05-14,-0.012441586729974863,-0.03908246129079174,-0.0005582997307792548,-0.027034526631644518,0.0047167976340671824,-0.03649724343587146,0.028441746100474452,-0.030675298516066762,-0.0030562411707791837,-0.0042884923185486645,-0.02976902736363851,-0.028138426926053395,-0.0002650369414552989,0.0015117187374176222,-0.012691489369637599,-0.015818349124487097,0.0003782137575165656,-0.007037324861061234,0.0016893580169410338,-0.029505029488355095,-0.0028362315345678013,-0.009183622981906114,-0.007567836833940578,0.013065895615388401,-0.0066468006408803015,0.0015799786133101623,-0.006429649208579358,-0.0032788261586574885,-0.0005693360181414642,0.06516210504361708,0.01884143883062661,0.003940599034214731,-0.006742002192263841,0.024340112457312824,-0.016185159589166886,0.0008131565892024462,0.04986392567458697,-0.029687430211951082,-0.007200237642275065,-0.060005357739879805,0.02270216484210197,0.014771877205673967,-0.003926874053882035,-0.0019977135070657903,0.0033901705316061737,0.020535970263832137,0.04325402765338593,-0.007037681616113622,-0.0006964247406666679,0.01608511889876385
2009-05-15,0.021870530412079647,0.04603408044857371,0.018304348332143672,0.07170171027757322,0.03641476213040118,0.034585558534321104,0.014128241206628367,0.04501248906007116,0.03912602652127095,0.016335011754747608,0.039075552734562535,-0.021068124316128256,-0.006883429613285252,0.016104806889595702,0.020415983132810567,0.0292806336626128,0.02854981444173843,-0.0014173777155384037,0.030775506447062728,0.02078120625395674,0.007159561753823596,0.02701488035255717,0.01861396559519779,-0.0024462273917401633,-0.004015218716863167,0.009727018093871997,0.04789277784917445,0.0,0.03369963919392838,0.0317871504381384,0.021991742201251663,0.0005447490533054822,0.008263366477663903,0.028244661276556338,-0.009400573144864532,0.01787176127862833,0.0031662383256245707,0.009431871342242548,0.023430834958732216,-0.01799752665001042,0.04122649282720903,0.0077525094338199985,-0.010511945844434378,-0.0023360211223731886,-0.002878211739357761,-0.011373755168772925,0.0689554219761177,0.023096397408531644,-0.010978456482990562,0.005439937773931147
2009-05-18,0.21369257395477614,0.25423522113435704,0.16300290626525782,0.23038122386239324,0.20026618501629767,0.1801091105248971,0.19138434700489548,0.24534911638763024,0.1549561578772567,0.13014813034174022,0.10421086384750078,0.1648524443376045,0.10157258443440664,0.15948475620243774,0.1319008695650028,0.18058737835155725,0.17003691896053064,0.1348470537974935,0.21186084464407218,0.13590939085401366,0.2385820809035215,0.14973601103223788,0.10610703322316062,0.06821232755235362,0.11126042975690353,0.033586813396458304,0.1669506402422376,0.14868456840248245,0.13528644108074417,0.25033917669815864,0.0,0.05699044864332592,0.16303234573835668,0.15173302436211666,0.14472118020761138,0.16759778973378037,0.13113363162684277,0.09138548858333007,0.10411539113241775,0.14709785834818434,0.12351933634337287,0.2172025253055514,0.11155343928639971,0.0,0.07003027278845098,0.11238909410209774,0.16004371354960667,0.16531307269345197,0.1464189214507634,0.11714274726835416
2009-05-19,-0.05771797257379585,-0.0878189650500184,0.02445365860432247,0.06936758719105329,0.11252447078318872,-0.017471657666494167,0.11328578909845932,0.09052875149864836,-0.09961656163933774,-0.133964767733186,-0.0757886654782951,0.05120372696878128,-0.003388121831249147,0.008543662796812734,-0.004746204263069376,0.07586180721279723,0.03534928352798805,-0.03377097236229398,0.09213632063357258,0.014603296549846823,-0.010613987315669426,0.010481840599614989,0.06576423906448281,-0.04215352485754564,-0.07883925708410455,0.008161628213121164,0.04183369275229176,-0.01374605066321899,0.04029952417846894,0.17945132907330175,0.028212719192474367,-0.036597970461367924,0.14332428240450268,0.04618599532781764,0.12435243043735245,0.15242632471767448,0.01319131952834618,-0.03612444883252486,-0.008146070077066025,0.011483956472601475,-0.04216854023638694,-0.09897100998319486,0.022700130528816143,0.031438134933270856,0.03729784897177724,-0.018297269268321537,0.07519943819098218,-0.017425112804815734,-0.01659877928187381,-0.05136849264585397
2009-05-20,-0.035165231354787885,-0.06059473810524996,-0.02209942699664702,-0.06248746453506282,0.01550758743463776,-0.04739788846916204,-0.015345831294212853,0.013512873148098015,0.010302232964822577,-0.017992891061278327,0.028286080333098873,-0.0012550420446219013,0.012870170572846673,0.006353082203464089,0.012168725404088754,-0.06050172709030166,0.1274662581872561,0.07572820302236138,0.02379471908004649,0.1882564587168163,0.07779738114393164,0.00521030296971281,0.04195416885101766,0.017211133145249802,-0.021002903137101514,0.021788093899340888,-0.013289895527022089,0.08130088174270855,0.030270926620560967,-0.07042452255134957,0.03145097626440707,-0.015302367840854814,-0.04006155500497044,0.009589345212023481,0.04516122799671929,0.05515995229654225,0.0753631682585898,0.08188897497039616,0.08486802337295996,0.0070750056688762,0.0490564524577457,-0.030631897147810894,0.04322425080359715,0.0389105736769253,0.06987772799793612,0.046191134474416584,0.05357351059979387,0.05382833813457477,0.030319441548907866,0.1383583409986875
2009-05-21,-0.017189597281861313,-0.008375328817743943,-0.006953277657744228,-0.050571195458365414,-0.03871080118000192,0.010500079259338158,-0.06233895426104419,-0.09035466540771264,-0.0431540510166607,-0.01861671189233205,-0.05148270151547574,0.0813008308162062,0.01726218933729795,-0.011363436830916673,-0.016246927673336797,-0.03508388801580209,-0.015747255873140076,-0.05174472085819026,-0.047992446938390665,-0.015966973004558516,-0.03457976209335922,-0.022241019728430844,-0.06968374534657817,-0.013064859491167757,-0.023062335077705498,0.07512091778324215,-0.027337146954544034,-0.015037691426627586,-0.0380537540617617,-0.03194339371374977,0.0010380067076662947,-0.0021733950981078776,0.000573301027003259,-0.024372778050362198,-0.029982371267759045,-0.03541269542795977,-0.05424889741842365,0.05626787365266939,0.11401700723791275,-0.04264340834319247,-0.02218201963945088,-0.026096229603821075,-0.023516381670751207,0.07428236316006398,0.12027055497329586,-0.01161889820699602,-0.043496281253486924,-0.01870904578906174,0.04543035337138446,0.054723983637362084
2009-05-22,0.03323169189628028,0.008387557006590551,-0.0008390119926324768,0.043978630515752126,0.011564055186480626,0.03619963846694407,0.039373557475200105,0.05043215158252479,-0.02069628184741701,0.013245585016664396,-0.017294007458126148,-0.02720148020695279,0.02097568035766506,0.01064266432704497,-0.054335066038886826,0.0066663637554607025,-0.005469683729869557,-0.024111710768693007,0.004755698211779569,-0.032731588566928704,-0.03726852529693858,0.006361249257568868,-0.007531519876749826,0.006944321434199763,0.007960551310543185,-0.03143300756962253,-0.020941836914821765,-0.00163545723480496,-0.0189718196780454,-0.024675040535326653,-0.019866003509917296,0.0017422586197066714,-0.03013654157119583,0.0029391073417932567,0.03454545031983369,0.04603711263973298,-0.01427911369899082,0.01952602044819174,-0.07104590407498423,-0.004266691376240694,0.02329832680912136,0.026123326216882292,0.024082720108492328,0.013654851497839404,-0.0194339636707207,0.006269428578325353,-0.013533977646571937,0.013215002437041878,-0.0424405108895628,-0.022932494166410966
2009-05-25,0.004117547614610917,-0.057294186545506554,-0.004562498058426678,0.00284646838002911,-0.00557160533557699,0.014616062892609083,0.06303392848892031,0.003229028053087557,-0.004258633359235264,-0.007389973181630816,-0.0064979402376317275,-0.0051623142638820285,-0.01939033855874961,-0.017691506289139514,-0.012399553472754454,0.01319339055421831,0.01402435121555845,0.0058518635684376985,0.01451572620548025,-0.00014480720442588968,0.005790804553327256,0.030265359480480036,0.011850703480997371,0.004525864629024046,0.033768985254241546,-0.01737799488892866,-0.012326228499108471,-0.006007843231223942,-0.00692660868291306,0.05658662312678797,-0.0014101068472767153,-0.0006519641335201998,0.04489609912607828,-0.004212503239724663,0.04569419100758765,0.018384432020532415,0.023476589860479846,0.04444006271662104,0.003546600255246668,0.0029136617151721556,-0.017974454476920032,0.01995071108474078,-0.03471431534370084,0.08684391912374467,-0.010294515814171734,0.091121786679077,-0.020195395606273925,0.02050968129351438,0.022729145636496195,-0.014180431833244467
2009-05-26,-0.023715756596447646,-0.04831208366680595,-0.02024044045847817,-0.054849955385352867,-0.019101916699076127,-0.037790712468537824,-0.07930480834987585,-0.039963293291851776,-0.010928633748694239,0.024221642626819806,0.019212117689460406,-0.024744132830965104,-0.050848006596700523,-0.07590056868007322,-0.023342581589930522,-0.00573749366209142,-0.018711737489186864,0.03555261611651539,-0.04914483589859464,-0.05814294731673675,-0.03651721103781491,-0.008598978887408126,-0.015872945767755886,-0.008796198547383782,-0.030295265076421662,0.008890496638446654,-0.01257439129087401,-0.012088091986790284,-0.016504509812823476,-0.045055180591071387,-0.0009412477544323838,-0.0036988471727393835,-0.01967447615168516,0.0005516839996377865,-0.049579928276193175,-0.04704583182511257,-0.08247923043927652,-0.0347161204395261,-0.06450154580628453,-0.07305809996553758,-0.021964790510871635,0.014236160801430975,-0.023202258234354844,-0.07199365247684708,-0.006999142108528145,-0.05496075732021344,-0.03181372490272616,-0.024487847872708635,0.022668549648092062,-0.029413203918983055
2009-05-27,0.02037152383653429,-0.003112508969205563,0.054715253204553393,0.06644161945330751,0.06123302735681402,0.07116467334970533,0.04758884170416211,0.047413809697708365,0.03859400801419244,0.026168674217806442,0.014037568872813821,0.089319129586098,0.002232562842828578,0.018097289155446727,0.030237679328983358,0.045187799523807914,0.03219563431856165,0.01622982907174908,0.009159526087777481,0.056050503009884345,0.02504920277797873,0.023442227325315868,0.01732960907927361,-0.0036799325649261583,0.00027185417741915074,0.03477366401340376,0.0735159759849997,-0.0033366275903452536,-0.0014039207370298845,0.0860535700647358,0.024084943049247798,0.004040173846703521,0.004383173763564008,0.04356622537298982,0.09106990052099717,0.03788731521732802,0.02446778374695535,0.008484219171882135,0.04746143909119094,-0.037794877296611795,0.09139083429678219,0.011988594908300287,0.047506116178637425,-0.0025573718375666576,-0.005090540278669176,0.050604091320072264,0.0728913106181226,0.033603467451762015,-0.001449134768675031,0.04486935739054121
2009-05-28,0.015642678525806586,0.03524999089618008,0.021893602452403016,0.028229350518457208,0.020441678864663748,-0.019679963557918678,0.03725017142652631,0.02552975981106398,0.0225887599846335,-0.005761681238309446,-0.026631175637474525,0.021527562427720914,0.028458482220008463,0.020966017851441032,0.006326802209112747,0.021460914654529928,0.030254463583128555,0.003685139585073216,0.06645060557075189,-0.03199059011547867,0.01740945845013253,0.009803539894810642,0.03011796632166286,0.003693524485961275,-0.0010863218174427258,-0.027149556877804626,-0.030980685775607752,-0.00502258723060256,0.02306308221397413,0.018579122628253897,-0.02334588112246927,-0.012398119717153433,0.01423987327433629,0.019552382054003337,0.06726096907676826,0.0348452215799635,0.02414380680420103,-0.01609388517480792,0.021415598465842844,-0.04608171887023882,-0.0022866203169137345,-0.02321466180696341,0.03854872140939847,-0.01339020378553768,-0.011709056053567757,-0.008626975747147436,0.033322494718308615,0.06318326588818524,0.00290171140409079,-0.019368217427552348
2009-05-29,0.023124750136153338,0.03141103135974932,0.003159788316635659,0.013487709469619524,0.021480833139168043,-0.003964168486430553,-0.00941617782611115,0.041985221631053005,0.062423961721595145,0.016529427815901387,0.035486651685760595,0.03532997864450915,0.03657308067030329,0.026339783203322975,0.047851727454585324,0.02378330761233438,0.05340442828831349,0.03610777606967752,0.049847882762923845,0.012017327035434455,0.05007837225553868,-0.028761811854348007,0.023160888664421453,-0.0008657057751482178,-0.0013593789948637136,0.016518395569999456,-0.0339223533780062,0.027481531466385878,0.07560124253373757,0.09039698295832355,0.009390902224988729,0.04360770238079148,-0.006340673440186073,-0.019350128830728508,0.0850417273843671,-0.006948360358630001,-0.01825115151488843,0.010223137710517305,-0.04502320302000584,-0.0603593331061707,-0.04382666894112497,0.007268967398683213,-0.022925907979166604,0.03089817920814264,0.019314892151554908,0.026106144315301893,0.022333904738913724,0.006825697149487997,0.03840872962994113,0.015511425373582632
2009-06-01,0.0045336941804619,-0.019612552248833626,-0.007511150853226178,-0.02377897517387262,0.0042270292804706955,-0.047756335355637614,0.0016210425880658352,-0.0011051193153567285,-0.009863121746403691,0.04448327726349777,0.04355816498351528,0.006371726143589385,0.06476361873240988,0.044801831396589886,0.024166759645205094,-0.024493485050958608,0.08375478528366553,0.035440084144703565,0.013897024494845978,-0.0001483807532175474,0.06548052967082363,0.013779078626656949,0.014896264055940467,0.008015765012355125,0.0476449328710562,0.043610963474097764,0.03993991804354491,0.07041527077374421,0.06044729795114079,0.02140233198025454,-0.018431965202274303,0.012661967346613512,-0.00968544501891655,-0.004404629422246176,0.09237245002166206,0.0,0.04854131548550056,0.0218950424007176,0.0,0.007588611320129779,0.02336768416929047,0.02150129376589871,0.037989011093264136,-0.004762071323377581,0.008302416985072725,0.033922251519296065,0.006124691127217474,0.02874439917776095,0.048481542979302183,0.026717606517993486
2009-06-02,-0.0013144887519495052,-0.005467316207218298,-0.02500607215703432,0.013493672033307647,0.016065298623750168,-0.02945759802514758,-0.03126603921748561,0.008995607898686364,-0.004156702346149732,0.0072471905484321475,-0.018049843223973516,-0.010920362234442815,-0.024416888485463195,-0.008742940404175337,0.009113144781822236,-0.0020471314807078977,0.08012718188785084,0.002281911796003122,0.03854950747329133,0.03755947315311148,0.017398426925210098,-0.03275878031260282,-0.006091646621703695,0.004727702288220836,-0.0010397454282512486,-0.006299346684255247,0.009304366333637848,0.02345748845065132,-0.05850834049000464,-0.025289040826491305,-0.0079035997766006,-0.011461856055945296,0.00414215916759364,-0.014687630507604466,-0.040358859941663994,-0.019913776042363107,-0.025855482123332107,0.10496978457823158,0.021030835819944027,-0.01516937314620792,0.04508170262603706,0.024379514694648163,-0.01614645170472262,0.005347292400361248,-0.014918032227982492,-0.012303652961809353,-0.031148443249034985,-0.0014057836140923818,-0.01714059901680287,0.01659878933954695
2009-06-03,-0.014610494024366205,-0.002436096869505966,-0.019351756600034076,-0.017547248225353473,-0.014342967786012073,-0.004028280151855079,0.011391325324256574,-0.005589955935484947,0.0030221347144088195,-0.02792164523146834,0.01123320599576294,0.0037805897394500576,-0.006703806136284296,0.055018911617761734,-0.007740509770650661,0.006814767270653332,0.02866215722772858,0.06203737637961093,-0.026120544417441938,0.03677182753099095,-0.03895982527013753,0.0012384553338893323,0.008542026360111477,0.02545458898085884,0.056452001911103,0.015401725258491483,0.04457536725298916,0.0478324032560653,0.04940829871927388,-0.004941751671759698,-0.018059282414451316,0.024981650154005663,-0.03655320970052878,-0.010955411430766948,-0.024032130674390584,-0.007688394200969895,0.021233385107736646,0.00016295265324117736,0.028292992015533036,0.028974770444728293,-0.03277313365401968,-0.008076242531224853,-0.0021885184348836573,0.019877070151355314,0.02546962302951883,-0.014532784003504329,0.011205408985660803,0.03361203230331267,-0.01716892878292553,-0.0013173177948082593
2009-06-04,0.007057322059957238,0.02248092157384174,0.013167763773136887,0.01952865323562336,0.0017824297228099528,0.02489536149377769,0.024102811207963315,0.035613773711985486,0.01485273028267775,0.001167048708508256,-0.013759149000134863,0.0009415876781477817,0.0008995042219548388,-0.0007956596611879974,-0.010401587156555259,0.020679754714867604,-0.03575111187500746,-0.037513218259563,-0.015810411825940562,0.01863103278709688,-0.011121757141761224,-0.005043103391271231,0.0325390095846263,0.0408844296185662,-0.0022162027495300496,-0.014420580482763068,0.03146281534270012,-0.030432762291312088,0.018905582466737014,0.03377191832300919,-0.004605660562957414,0.07044420235736126,-0.019624306152503213,0.02106397991526343,0.01162805744048434,0.09850598872773486,0.030692884337650383,0.00488749589902282,0.05591057476150052,0.08531355819761677,0.008398285154623375,-0.013401420347505022,-0.0010961477272378728,-0.014548376004792307,-0.02905645560618164,0.010533618143579115,0.028272648374530807,0.00034047643660195526,0.07482782923645326,0.005041444959927199
2009-06-05,-0.021664598703708293,0.012677513433924759,0.021457650995668986,0.028970680006326077,-0.034654069564448386,0.004966953127637286,-0.006672128485198159,0.046173203601832746,0.0200087827248987,0.04233388001924898,0.007167531216170087,0.010646818220509502,-0.012811558235738763,-0.003585721524494212,0.00656925498959815,0.04976965178971793,-0.014341860163441855,0.03507762024943095,0.010040400754838918,0.05459946909261837,0.030184684169910048,0.03351987874548201,0.007600266142026024,0.010020374305777846,-0.05552822112866351,0.0020517562503061804,0.05671750055305447,0.009808849354982163,0.029269562042683495,-0.01993748575801746,0.007047533646247883,0.017004391225648563,0.03348314559097498,0.004090489977281342,-0.014875065079273941,0.0005039704318654525,-0.014408852434409147,-0.04961097564243411,-0.016051676201144116,-0.011959978846914354,0.004882272191787607,0.06181970877735754,0.13062579095481586,0.025348285875864685,-0.009679153535288476,0.07366248803491082,0.006647259831165986,-0.002978427179416432,-0.05093413084749698,0.028972220106850077
2009-06-08,-0.008473717896573918,-0.015603260701510413,-0.013076311468624091,-0.03988076553808939,-0.06695459640006651,-0.05456992819662665,-0.04783005417215069,-0.027781489121213365,0.028764606631436873,0.025428173580804847,0.03113477653884611,-0.057750932575001634,-0.023907161492865092,-0.032787013283797295,-0.04535818857645213,-0.02515863865503898,-0.10228490578225724,-0.060247221484190594,-0.09173540696935778,-0.06179338222240427,-0.016129219891482305,0.001989416115189213,-0.032425428810411105,0.0009915786770680057,-0.040501677960579685,0.0017363801933434342,-0.05321572117294582,-0.046624595546365666,-0.05390808091329358,-0.10527001997808294,-0.00273841609591452,-0.025127199080770324,-0.04894955908144516,-0.05986555795994175,-0.04804367727190528,-0.09264862040907829,-0.0728559222343308,-0.04503577277509785,-0.0567796121332923,-0.05798539393734914,-0.014003951484446109,0.005605812513741482,-0.10679613145641642,-0.025548418137481654,-0.009972961460478436,-0.025890093797564018,-0.04632331327709127,-0.13024910554303426,-0.03256477597300356,0.0205017486024599
2009-06-09,0.0356198615695098,-0.0017201577924768063,0.014428109261228172,0.018215843249685726,0.039889142586638116,0.03988801141396281,0.05868218049210894,0.06248741083438003,0.05396927201854407,0.030251090120752444,0.04412119484385735,0.01670347999726829,-0.006298115615055777,0.000826747499769187,0.0046147605624053956,0.007264770445227997,0.05222710989309132,0.042358443320672734,0.038149188730771666,0.008078826636571002,0.06385573979972925,0.05564017807585442,0.03622149933328922,0.01783990934349755,0.03921568627450989,0.015332147601972546,-0.0058413086486655,0.029037341068063327,0.04493219084660427,0.10300013454045809,0.011696499727637422,0.03779056700666339,0.055912354902121875,-0.018274179710396243,0.03244408369862728,0.16370685670984253,0.03679371720020175,0.041979090879101344,0.035714115732165874,0.004456309645274326,0.126666691608047,0.020928379349306026,0.0684783822430346,0.006554535802470118,0.03606333846109688,0.0418604570233454,0.01972282161457173,0.08949917740089552,0.020210603172161834,0.030626248799548783
2009-06-10,0.021147596779045763,0.027263356619931844,0.057032060834624865,0.013349488686130062,0.01276968216516905,0.036430282287620575,0.05872470238337946,0.035573516457724885,-0.0004476183215913476,0.007800137811338148,0.020538282967042187,0.029987114333438702,0.02981236505779772,0.010326454376144989,-0.0032325488259360435,0.04663543442561746,0.002510355723321256,0.03404721101371044,0.032831159696585566,-0.01847308393907643,0.03236655032404068,0.06311784879535987,0.017799321046070515,0.02960047260597798,0.023584712839336053,0.007921977589680163,0.031386118770065696,0.026732410123699868,0.05794114321245103,-0.0155222626381597,-0.008933668978959974,0.03015851468891717,0.03763876207099859,-0.005373178060770312,0.07751421041688222,-0.01669033451378732,0.0032951584014602187,0.01800123283487487,0.05074833586570526,0.012586228939211352,0.048623972861784104,-0.005593571865690317,0.0010170696850775318,-0.00028345138170549067,0.004472362003711261,-0.007015331329725538,0.05329257442498547,0.049630929750636765,0.0421475214975775,0.038076586819077995
2009-06-11,-0.007305712883790116,0.023723662223226638,0.036802701298531915,0.01846084099432299,-0.03600392956523257,-0.03441859563763383,-0.03043100209420413,0.0001534555308926322,-0.008569703748091961,-0.03198235989246945,-0.019662047155820317,-0.039061809029513506,0.028949245504736654,0.002452864267942445,-0.023212265062079185,-0.032732157980115084,0.030047631227776206,0.07700448931280124,0.01895570981935224,0.02172700881183154,0.05775007415920386,-0.014564869945752346,-0.010727175586489168,-0.01664444521195163,0.01177674546526597,0.02284188178153501,-0.009529103566302433,-0.04387634758335268,-0.04031157526003315,-0.010974003297799961,0.0005301643240047671,0.03126964492121753,-0.00551987765105022,-0.057302993974139294,-0.026572134163165728,0.01842869718140161,0.01692755316157224,-0.008588950042663801,0.07863757765838209,0.09556806443322641,-0.03508346456624134,-0.00710791104534414,0.04878055256254976,0.0022658530316779224,-0.01771363817214977,0.0032850118820089147,-0.00644694312475913,0.09319474682210838,-0.040180983258125025,0.01740154440111885
2009-06-12,0.02555102754824423,-0.030723220430283193,-0.01821390344430507,-0.010462509558754496,-0.034780189478191614,-0.03144797724031301,-0.03887570499039861,-0.028975064817347684,-0.01361090639797935,-0.01285032852514778,-0.03256278888680819,0.005800682782275635,-0.01860895434197629,-0.0110114219369839,0.004543152617128454,-0.02722160000336915,0.011602357207391112,-0.005917010628221475,-0.02518580618452415,-0.03223617230052045,-0.03401545880461665,-0.016492042970817633,-0.011253411357153853,-0.0007815142147457044,-0.004807496723367333,-0.01727933086368072,-0.017606684431502373,-0.018154368095942064,-0.01987239995016654,-0.06185443414823133,-0.024191219667043184,-0.013534505895139048,-0.023674468488968037,-0.014735708439334139,-0.023967907683641987,-0.05142858116396998,-0.014906770991656826,-0.020043783590384723,-0.0579792068300744,-0.037012803722424104,0.0007627261825453591,-0.004477974971544008,-0.06298463235728236,0.011584910184361474,-0.014189826481176171,-0.03732789042270768,-0.013468143174767855,0.11044849934357726,-6.834612889772274e-05,-0.013576373424642019
2009-06-15,-0.07760039084783421,-0.01050542845857394,0.00320625313137457,-0.010371257743193474,0.004465997012694345,0.020817261258986752,-0.023304401012799625,-0.04773012312065972,0.017591926378635714,-0.0077237702642873884,-0.019634258277489658,-0.0014196863396511716,-0.0013542524531444666,0.005773212033627795,-0.01635057592457756,-0.02459218454570078,-0.05232112044249715,-0.04861099675740821,-0.059894458888176794,-0.04072774906623,-0.03719062377231652,-0.03166929485889192,-0.01810897835270453,0.013294350975984415,0.004322317054542113,0.009850010640634066,0.010572330508794803,0.016435719098432777,0.01058092778190245,-0.041734204435097455,0.014056857414084245,-0.000980129877406366,-0.020188131932094566,-0.018072185316003297,-0.04229177800737327,0.013554194627055427,-0.019167759872594226,-0.048535475413453044,-0.021328406146022938,-0.04152599500621679,0.01905452649035788,-0.021639929000254132,-0.005170553684224588,-0.020670172171601053,-0.013894649922221891,-0.033333360974036275,-0.03627307452565298,-0.050756640582908186,-0.00512199313811923,-0.019542780150779704
2009-06-16,-0.016270451560920662,-0.012142317254551505,0.008578008775222745,-0.0004763394770211926,0.04412570519657488,0.05741906612253045,0.04376919450972494,0.012746322318585968,0.006856110058838238,0.00556832893387349,-0.013558901067504792,0.0011554559001840659,0.017856990003275452,0.0073800095868934434,0.022104409102602585,0.0006948762763194782,0.03895795539238778,0.03388939094172949,0.042473504209760815,0.021155507062299073,0.027032625501639096,0.0369575818287573,0.009479938771843166,0.016592718677422846,0.0060758877768607444,-0.05026743882385121,0.004751585266336011,0.0030315578083499606,-0.00035093821624010424,0.0025531958113693687,-0.005702218928016922,0.012396266043657622,0.03611606070907181,0.05669532350740636,0.1730767736722707,0.10302128767626306,0.06042729246078604,0.03971579976161954,0.021793220810703673,-0.006952150078457953,0.041885065986120074,-0.010449651631883605,-0.009355679444847387,0.018254538492068928,0.004156174811362101,0.04363147034799675,0.02078372701570319,0.016458075006923645,-0.023340475099024593,0.015097796491489124
2009-06-17,-0.04292351084787316,-0.0080912911408626,-0.0009382367591465046,-0.01627172321479109,-0.03033206230162755,-0.05008890604577665,-0.055838744645780314,-0.03713541239701168,-0.026724955486147173,-0.00765352987832979,-0.04060532679682094,-0.0581766430042584,-0.05085501918135038,-0.030932287233541356,-0.03148809567712285,-0.030914741478560326,-0.07477259028554029,-0.05194146047302883,-0.05302579154377185,-0.07443910609332427,-0.03277198454359542,-0.0010991795943109395,-0.013481669410061459,-0.007022244984557169,-0.024660213157618904,0.012738896532777266,-0.03969911598167386,-0.023677321556812347,-0.029783476794584485,-0.05702524952795296,0.013782796808259556,-0.023872357101819786,0.0236572273283584,-0.029229328762638507,-0.04067987085558178,-0.08082606375097956,-0.04995173960605648,-0.053092683427116594,-0.01442228785633326,-0.03946833011795825,-0.06173734785830631,-0.0064062834983104056,-0.04512062933862093,-0.024089713923583056,0.001312399649490592,-0.04383042440421425,-0.05692859979028453,-0.07289894611415648,0.004709476459605844,0.005012996514583534
2009-06-18,-0.01282070739367902,0.0023660594022485437,-0.012881787448696946,-0.02657609215488199,0.024633636732543485,0.015798158757192482,-0.0183515580848177,-0.03615073223686904,-0.006204634368457529,0.008355350333838052,-0.009726274911217248,-0.05046128566690977,-0.05545162010097415,-0.08063811720017311,-0.0003570937306192068,-0.029702517143989082,-0.06882494385961535,-0.07074474162987032,-0.04112628850802513,0.017289185878587077,-0.009537859206609212,-0.0027513089495821985,-0.02761425157086883,-0.007071984817830446,-0.0023219815710806557,-0.021338835047060023,-0.06056278425975281,-0.07791590495482725,-0.0876905784090326,-0.034964300950875216,0.00040614676907368974,-0.026802836220394477,-0.023926423601889346,0.014229907562872679,0.015822687181664463,0.03468472059430838,-0.03292516962204295,-0.01757971235881961,-0.04802116853259697,-0.010457287874487298,-0.036725295209551145,0.023452556761645704,-0.010988950144250942,-0.0525258679015701,-0.0012098580130666114,-0.057827820082553716,-0.025134202502221314,-0.10067973570185573,-0.05449853622926981,-0.014466032454886202
2009-06-19,0.00812296898721887,0.0029200423744832893,0.022296815163108663,0.015357020324544113,0.012505070174257282,0.03158250264661522,-0.010996683285393272,0.05742544237492786,0.00903318127942776,0.025872928314117694,0.00968918711617417,0.001686501829220921,-0.01907353944970247,-0.01279126490613991,0.028949327784757894,0.028863092716111982,0.062451631702052035,0.009158492666801354,0.0059385948448889,0.04871030388386699,-0.009091158263912047,-0.01209554005296165,0.01759133973911209,0.0038500072885390146,0.03749694960533967,0.02621097245542181,0.033268174539765605,0.012870775976247861,-0.009585413546905452,0.028611506478426696,-0.021806247522730415,0.021884570890091437,0.012489875743268541,0.04026038903122853,0.03738320535787287,0.01794125507984745,-0.01134867724180244,-0.0007533021723810096,0.014505074551627306,0.006404714097112629,0.016679986302496674,0.014123082518550323,-0.0011110737884868493,0.016359054477610213,0.03209859926974734,0.012724668430076136,0.034265970437995286,0.06239014969933332,-0.007547205476149954,0.0037542375411721007
2009-06-22,-0.04359519742521867,-0.020441113909779984,-0.003712291313240579,0.023738010695440348,-0.016931415760929158,0.012762045154783186,-0.014057709946981078,0.010754303994079395,-0.026724945818056622,-0.0022595584841452743,-0.002629253679877541,-0.015356100118608884,-0.03510116591889656,-0.015733581340703906,-0.02084066728542755,0.0023695767009379587,-0.02375451565247677,-0.04424269414854398,-0.03378155545659611,-0.03472745567980495,-0.033843018064809494,-0.04652672821665571,0.015525298168316937,-0.005752624058308342,0.012960952174233098,-0.02375203303236273,-0.04826209193595943,-0.04364599678201331,-0.010879864849610454,-0.02328046038815057,0.0,-0.007078298295503327,0.015332941720536564,0.0029320357043336465,-0.004875110730505061,-0.022726998248641994,-0.012279501981213636,-0.013760579541142848,0.012804201855178832,-0.02757753732852941,-0.03463543525973345,0.006587904506252462,-0.005561548232899449,0.014604864972708853,-0.0011737159328187863,0.07390966147468148,-0.017257781981444342,-0.029859520778277582,-0.020427732306021795,-0.025255452042922677
2009-06-23,0.0321639796525508,-0.005438279727308926,-0.03735958675393547,-0.04623794909574108,0.007402497106546946,-0.021480735912661753,-0.0325438976939737,-0.017678148682596984,-0.00811586916533924,-0.01078455359790187,-0.00514024875514385,0.03305337172712397,0.026433059130070102,0.009403023910902863,-0.006385273547150905,0.01812524386522374,-0.00583488541388355,-0.031453997768601916,0.005431201988357559,0.026533051601460356,-0.01048022813068994,0.020185612192260338,-0.012052130757538415,0.003085785754810555,-0.02854322805351206,-0.003986356143910519,0.042854109256456496,-0.001733002017572871,0.006478096026722113,-0.02213286456020158,-0.0035767595172747635,0.00840801523803747,-0.017031717557684067,0.026700180572285293,0.09614200889813485,0.03844312494581614,0.018648591234450507,-0.006689620785301775,-0.031184075134392697,-0.021378772818862912,0.02940391645204854,-0.02695863330516357,-0.008948451998586404,0.002937929780625348,0.017428963569709355,0.01789414385600052,0.01203238638246873,-0.03768421275844669,-0.0025117920025352625,-0.02625461689086306
2009-06-24,-0.006425921400067813,0.015132275667617767,-0.018681636352180675,-0.011187598130335097,0.005152209073641556,0.026022674452677474,0.013322290840549034,0.014935140487225107,0.04118412757745271,0.005837386773313913,0.010201567623314034,0.023619301015171956,0.011983688421526306,0.0018633107828061046,0.003213094185205545,0.029295019655733112,0.01648330553941224,0.027573394086627623,0.0030385391516321025,0.04337009319217189,0.030068227525720914,-8.830743756460535e-05,0.006218426680386413,0.011151900548008964,0.006838626001446357,0.03947021528409933,0.04255036530924583,0.04166656087335574,0.03037206215882371,0.013770030206221806,0.005929571200796957,-0.003806399715028941,0.03604001549978064,-0.03113131194540486,-0.02290498122180229,0.04204757500608425,0.015919274132349504,0.010198095834165422,0.01391902082714358,0.018390812487410146,0.0015725733320348656,0.00780657941450591,0.04853255997735362,0.016988429103922842,0.02781234181375125,0.012846417277874833,0.03781055050929094,0.044830293171220115,0.052418771837722034,0.04046603804629445
2009-06-25,-0.02209890583648466,-0.005574313178002721,0.004665097061964385,0.01537564031403349,-0.007426884289406077,0.012616204103037765,0.01503695332856525,0.013754641619211805,-0.003274408162799003,0.0008817806822043472,-0.017574046880669214,-0.029735125160663123,-0.022171772759882358,-0.004648996660036708,-0.008896781124629327,-0.029441398777091843,-0.01756767770553702,0.007155663729994544,-0.005385571093155406,-0.05584332564227257,-0.03153678956280115,0.020318029568677787,-0.03217290593305344,-0.01521229675621305,-0.028175696231446,-0.00243426236006572,0.012751663622623477,-0.029999926875656002,0.019260897566301116,-0.009055141698341207,-0.011757652876884461,0.025473403693081265,-0.03478631612736993,0.011167824318447872,-0.020583241133444008,-0.014473709790201572,0.012274723668897591,0.011428616042323148,-0.03646523005235702,0.0026267097564811603,-0.024594844869090804,-0.023444934877968615,-0.0710441464504995,0.02620953196986875,0.06376397031479675,-0.04606144868174644,-0.013314008541961964,0.006953240088457768,0.028202618541122604,-0.009616676053349371
2009-06-26,0.036310661552597656,0.020469979473223487,0.02307951877969061,0.08021421325541578,0.026555334813196385,0.05073503892965614,0.054318941403168175,0.052996175459415706,0.04441492422070814,0.03865577195821879,0.0260312674413008,0.024419042357825216,0.004637549646069106,0.03549704148143551,0.02100545783612917,0.03481882195285224,-0.028260396028123136,0.02664306399603733,0.026057719289523718,0.008746189933564796,-0.0051306435765813285,0.007229494149437299,0.03260885581968287,0.027418459728479894,0.018379219557212334,0.02448883852056727,0.00743117413535388,0.050973443483578684,0.020301103054247482,0.02631148226110258,0.005513494156795362,0.0182747856805221,0.005660096326714825,0.03177673417096294,0.04436643667033935,0.029372460877600925,0.0386997497309709,0.013559208363348896,0.014915707756509855,0.03274716688886148,0.02897055965265083,-0.004143276014179964,0.04403258139212296,0.029189052388402192,0.057829423092187415,0.03009104630963244,0.042573349975270736,0.04926330314472094,0.0072629105849539854,0.0217396139764503
2009-06-29,0.028483926001821258,-0.0035180826940415244,0.006340575511153856,-0.00985234790152556,0.0090896727675438,0.0605099968926992,0.030789241779671794,0.007079277987236177,-0.028182880632251606,-0.024163732502906266,-0.002892143956905846,0.020438394560544193,0.012054788622149593,0.005413000294346881,0.02022133235132073,0.016449463856450297,0.02367787884954531,0.0132642062338173,0.04122670492967173,-0.07744324962666282,0.008952815017652549,-0.010615784088859992,0.008166151383683928,0.002067361865169204,-0.015251591501319384,0.015502384169591599,-0.024153060840454432,-0.010354277981150517,-0.007758523906726156,0.038839536689551535,0.03254644754005076,0.028925115714687033,0.03216176784195812,0.016901430399137274,0.02180025963622012,0.009943978168741374,0.01142591123003145,0.042920956320563475,-0.014915559234815357,0.005602026376503755,-0.0005219993305320969,-0.015858067069250303,0.01803840045466476,-0.016907564777250084,-0.05999316618179418,-0.008152424366613342,-0.0015049033210448037,0.02049836597230148,-0.010290553831685423,0.013498295469501986
2009-06-30,-0.030474126859676876,-0.00631783400647512,-0.009715984122851129,-0.035394972482878595,-0.011245573774070872,-0.04068941026404449,-0.058770778699037685,-0.033296300859465,0.009450869265527961,-0.0036171801501073686,-0.003296224379949142,0.0012666852711342713,-0.011404015265173206,-0.018394350492875633,-0.006032461448399196,-0.016049152963292457,-0.017850346275563256,-0.015936315917961408,-0.042445216526579954,-0.07374962537779695,-0.018598479986884797,-0.0005648747770344853,0.000983087914135039,0.003375821025701109,-0.015229874523763676,0.013005923480946313,-0.001576731691433575,-0.03634371332411368,-0.034241203141265,-0.08142447576729717,-0.009129974101423355,0.024639943661069363,-0.008569029859321398,-0.03047090195847668,-0.05908109973245956,-0.05907556356209931,-0.046905644853265316,-0.07696433086409671,-0.03206431236621099,-0.0013663337117182373,-0.029994650746446028,0.009899805190690225,0.0,-0.002773802790734914,0.014251438563434027,-0.03767106389505159,-0.05184901391077157,-0.03111463354929167,-0.024472971556973366,-0.007551324733922837
2009-07-01,0.017495096909331265,0.027550978140502114,0.006261967158019077,0.010592722033384572,0.019624074485327325,0.04463815203482424,0.017568752647157515,0.0037949079674388653,0.007951754064373873,0.010526321128983884,0.003571507510811589,-0.014710081566207456,0.0041016266315236916,-0.021937440193312452,-0.0017340703295866122,0.004741031429604581,0.013567155315897361,-0.03412372578259293,0.016208955234407796,0.0306106235527992,0.03334542981332156,-0.0022603446518567605,0.003087189325384765,0.020000010840617977,0.00288343070778474,-0.002610069035567042,-0.0015574996616374293,0.02800009800564207,-0.0033955329383824617,0.049710183069853864,-0.015795824518845758,0.024874134510797674,0.013133005232464523,0.004380898209000339,0.004069918532290107,-0.0009097225192585823,0.004895351506402523,0.0055973478993569525,0.016103206201789844,0.025050300613131737,0.02177987096188949,0.0011804362535454693,0.026577715197218854,-0.01780272391333848,0.019811288497013413,-0.002846802498467582,0.03317093716114128,0.012032569492735012,-0.011093581362095817,0.0037208546304852153
2009-07-02,-0.02304729442203457,-0.025659681453694683,-0.0013314608208898626,0.005000939559596462,-0.011294919972106299,-0.018058361292158542,0.0048218491174956135,-0.004257345223019127,-0.007506840108756019,0.0008076690510556706,0.006459204222379666,0.07132000539272854,0.02195525049821212,0.028972010641491464,0.07833984290932916,-0.027522931112255677,0.061750112009941294,0.015568764277257285,0.038737070782962624,-0.01768733999635752,-0.0006301079493423734,0.020213597809182193,-0.018512427990159952,-0.010078889787128342,0.0020908713617935337,0.00025321462834493325,0.040688203849656546,-0.005558544974196056,-0.0007862700168896897,0.03218416381576983,0.007132859331845154,0.0006454060200096201,-0.04265460234190488,0.032429368383482426,-0.011580953996477628,0.0009105508678879382,0.0656412055520148,0.15086395339551406,0.0006791225262670064,-0.014580614405699688,0.005526655636624245,-0.012470786916927601,-0.025889628036697476,0.060606275568195755,0.02755713099781132,-0.003568901666792579,-0.004410796610893719,-0.008194150220586893,-0.0010266056245205046,-0.011745297964284807
2009-07-03,0.008103985645544709,0.019860563697096767,0.010163421795659655,0.029243661107084096,0.028531660695718886,0.023017284659391013,0.0022444360799276364,0.025844881247365947,0.002435437705628818,0.004730555548867921,0.009430313099503485,0.00847688089385068,0.021234142860082184,0.025885660340990713,0.020779603155289372,0.015207370740454973,0.04174612297738456,-0.011792292108071978,0.013161930229341534,0.02191262669908678,0.03481114023421861,0.01379207843814867,0.006033696566974944,0.011292174833961832,0.0,0.007089035218280415,0.0019983975738473436,0.019005159541808148,0.008065276643350883,0.0010392129620131474,0.0009487998311346058,-0.0004031011852887456,0.014581616447225887,0.009368093445789594,-0.002343210696581721,0.021838223664595535,0.004330903972680433,-0.03969326919316818,0.021945834968630784,0.006355934145589215,0.001570515359204494,-0.008467272600669928,-0.022148452031421684,-0.011749035070840352,-0.016073959548422168,-0.0028655046486628644,0.009272879192660621,-0.0027538757388442248,0.038092160079236104,0.009988289997939326
2009-07-06,-0.06633283181583671,-0.04407549605599159,-0.06056432159301528,-0.09967565083995922,-0.08628736758368838,-0.0903991452412396,-0.07861595793112697,-0.08920417644573497,-0.026217993739596546,-0.02434662817345823,-0.034124814606213194,-0.05844311299379179,-0.05479420119444933,-0.08233744187156244,-0.00647004806705842,-0.039244291939335985,-0.06019687172912791,-0.06921235722502894,-0.06557373373246622,-0.059507903628123415,-0.03655061181042063,-0.07012862892104277,-0.019976220578204695,0.006406684560835041,0.03129887855912683,0.000209152867193918,-0.04504457641922721,-0.04443241811034637,-0.05834549423117885,-0.07964982088044947,-0.0007265813611598837,-0.01717063724654222,-0.07300096002868017,-0.04185612062984023,-0.11743985414535929,-0.09661639473438977,-0.06708199879630128,-0.041854678028867776,-0.05623210833364978,-0.030751768974002558,-0.020382010342891,-0.00791905646721669,-0.003397970081135626,-0.027019780721852626,-0.03546653638374042,-0.05675260884429034,-0.06431210023927891,-0.06546455781164862,-0.025169694290058442,-0.0035883700041983158
2009-07-07,-0.01991386046327459,0.03755046580745991,0.00235277519003807,0.022289383984748223,-0.010372137754198207,0.028134677625419657,0.004693467893310821,0.024587582431454535,0.02219579501104163,-0.013229690084363588,0.01719519666043201,-0.018976251311696446,0.0005172145127794181,0.008682992258712163,0.0320837544160788,0.015329761649903517,-0.00012610737090024138,0.0006408872798400189,-0.024164023730247175,-0.008837180395819155,0.05641420033864608,-0.012637706081327194,0.041007912203820274,-0.005274626741964994,0.06828538859924294,0.011770607875209782,0.051064128887108096,0.05109084348152226,0.05684890066654358,-0.006124146041216139,0.027944583466219308,0.02534485334977865,-0.007013717613686188,0.010446268841457051,0.031936243520799934,-0.0162641025761594,0.004366032087856686,-0.029726388478909405,-0.001876509031092377,-0.0012817263866936601,-0.01867111100189034,0.05701659040008056,-0.011363306609281199,0.01777295600358153,0.017463830791050627,0.00685418394409032,0.0015273611750246108,0.001477461628724308,0.04438614568600596,0.0055282653806318915
2009-07-08,-0.013905453019491865,-0.024373990085344133,-0.036432356051484094,-0.06008507279920161,-0.034008517329549015,-0.03703705983987893,-0.05047088604040628,-0.05716089937069224,-0.020557427613601464,-0.018125489936615113,-0.00911256039517605,-0.03687661766960637,0.007243137145104939,-0.025346812359477333,-0.034318140487709314,-0.03976207429816159,-0.0857502928509879,-0.005765754047229454,-0.004070456308574388,0.0032098380341583077,-0.019219092872782007,-0.006606047544450044,0.02046027317767085,-0.011519471774999013,-0.008285995488315767,-0.012337353009260754,0.01152991621327093,0.02403050157578046,0.029542575852063102,-0.07994164920236957,-0.013162057581389552,0.0245579161859506,-0.04684030536150208,-0.07693802703804686,0.07285594751070734,-0.05410803523069374,-0.03502971611653949,-0.03642808841457912,-0.04465324974189311,-0.014119437083079056,-0.08344684503796829,0.02028879859739563,-0.04137934165548196,-0.017462594087161998,-0.05821984066409325,-0.06354011713588303,-0.06002178006219561,-0.0658684356845678,0.0027778753208862472,0.017992284541922254
2009-07-09,0.012980901629689567,0.003974604621796773,0.017887266416720005,-0.027101487918178346,0.014771891889864497,-0.027399841055944396,-0.003163064486985334,-0.01795807845296693,0.018365164881027685,-0.016906758394127253,-0.004931986309158032,-0.012267971552323287,-0.002825316384298504,0.009814129226921597,0.03458170856166132,-0.012524849718858144,0.004275791398545836,-0.019974110129055478,0.04223425891262367,-0.03128343826243396,-0.007080140328871276,0.015147329147712885,-0.0028125028110874695,-0.016833197045328152,0.01885885029253931,-0.012952958790452551,-0.008226448638626538,0.03626659297859458,-0.00622168486029584,-0.01709566822295383,-0.006730875548537796,0.021392739241429037,0.01027072991599498,0.04031085823978797,0.0006011425645680024,0.0054406484098217245,0.01987318612681599,0.013571275192307164,0.012300006382997442,0.0019530701368035697,0.05011859413483699,0.006685119556419039,0.0035968406132724784,-0.008053273708466424,0.005953032545458203,0.023424815369627927,-0.011241337721389688,-0.02146031038446461,0.021269022816847283,0.007691697535687103
2009-07-10,-0.042219551452583715,-0.022684359376887953,-0.015037034413857508,-0.010308410318485728,-0.03765459805257099,-0.03490440000780082,-0.02115291743393022,-0.023362136397613087,0.018034635551116063,0.025990188627514454,0.030672966340980157,-0.011769397668811576,-0.005408041194216118,-0.0024300678773805373,-0.04066552788262923,-0.017950130239789863,-0.030627629851910476,-0.042735009669839674,0.0035946073364605535,-0.0071558148251131826,-0.03883681113120907,-0.03229923301933424,0.004048469600016036,0.006020777238802566,-0.013120883076617518,-0.005138474249935632,-0.00843934826086512,-0.014410592312407489,-0.02510519353815399,-0.0012548013047263273,-0.009380545005047036,0.02843620328525276,-0.004118080372406463,-0.01594361518485543,-0.03243230918683049,-0.03733763837039494,0.022603016797965836,-0.018171445740513326,-0.031105640998536965,0.002057525240187541,-0.001977068419614092,-0.01589062559121679,-0.008362915157944184,0.004199628195678873,-0.014840001903137945,-0.042620144069556054,-0.037271391059757186,-0.019367764780339858,-0.002731150609481592,-0.011205721522951184
2009-07-13,-0.013632796423865168,-0.014530984271703296,-0.003662603494774097,0.006519887040059791,0.0018788326944734202,0.02323084661912822,-0.0004503622173509525,-0.01949796597785758,0.005947120196867717,0.028440432298173057,0.010916087695819199,0.004763519260076343,-0.006473065744867501,0.00438390824580237,0.016698647951563172,-0.013192821886302886,-0.03938801903577549,-0.034340733661590295,-0.07912762584351718,-0.029199907463781538,-0.022976163720594966,-0.017534833373018976,-0.03316409425785072,-0.013091657485063912,0.019091542589793287,-0.04021168357122873,0.019206903721440405,-0.01671025835822737,-0.006421756244630483,-0.0319569454896943,0.019572082616330366,-0.048535960195391525,-0.01589356690663124,-0.02461025049104182,-0.03414044494938229,-0.014614888878616283,-0.009654546819070298,-0.02415744736206038,-0.014547249657008043,-0.0009726303331776265,0.03395601796519543,-0.03532450361335948,-0.03975924241885975,0.0055753347542844,-0.06450409137220992,-0.05111300748677594,-0.06196721682922968,-0.060412320326219016,-0.011502945330275516,-0.012687983328957153
2009-07-14,0.036037672873119764,0.009069087961385724,-0.008188995167988544,0.07354455362722434,0.023309828674070943,0.010325458239569762,0.04474105100950232,0.0281935488299192,0.02377352661555654,0.023557823642495146,0.02930959955790735,0.008473954470049616,0.018764395859552252,0.04752657183479658,0.018161836263856923,0.044801646625096225,0.05545721654686009,0.04694186617761931,0.0792083992917656,0.0367409232542526,0.039734668242539684,0.025545570074364088,0.017572615479011677,0.0212246259766411,0.007351086438069698,0.03629249957367464,0.054412064983880626,0.0605414774790729,0.04227381828016141,0.11071951485556975,-0.007082327921673071,-7.787433040051805e-05,0.035320496206194374,0.052775317673153355,0.08226236509643381,0.07986293587142379,0.09825566492107951,0.044120700820768466,0.10914106537138513,0.006598206981044408,0.04296674450395699,-0.000999271619334885,0.01505689931740184,0.008317221705437028,0.01748486568727947,0.049522092265056994,0.03633982780352096,0.09263274222236095,0.004917984675206766,0.03863560866638438
2009-07-15,0.034315427642157115,0.009051982686411053,0.014091313331404232,0.02487099723303343,0.034373682978225295,0.033412142202973394,0.04429306022859203,0.04610234180421435,0.03980828039649875,-0.011121405577275145,0.03209688276880951,0.03971151486903435,0.018163188728341106,0.02824087011577814,0.013339551920744874,0.06820378115858605,0.06456124962565957,0.08152169243781238,0.05766692233751658,0.059676888316579246,0.018859867713167278,0.04170390825451453,0.021828282373512087,0.004082088240815462,0.022834382510302564,0.00433442150976493,0.015045821449307217,-0.008512479210636359,0.021007496219282995,0.07714141886157844,-0.003159646919235648,0.00031239891661205554,0.03982251901753053,0.027961026005274947,0.04038003020986203,0.05599565364942172,0.05232428603200345,0.049904141023512594,0.05531371659474793,0.01149816713648888,0.02282854811125401,0.06491378906818501,0.1260813316746896,0.0021996027153015074,0.050873680601553284,0.052980153834572885,0.06787727215465988,0.07251975102592723,0.019161845370843977,0.020981861071954988
2009-07-16,0.031498192088911914,0.005831308711056193,0.006296575557650064,-0.00366167102170345,-0.020036624481360676,0.01261555349052701,0.029268487058178083,-0.0360324993418486,-0.007916713181344792,0.0019253472264135763,0.008228593351023106,-0.015778106240919132,0.03190995574063482,-0.0018012281881082393,0.03643035444488163,0.006057677324806443,0.008663561651124363,-0.005025145033126344,-0.014560069011890775,0.02824470467506668,0.0028532676368080434,-0.01073293093402028,0.029338756925316734,-0.016078302571499448,0.0004602627232530576,0.01786273017060558,-0.004730966786671509,-0.012121115672037885,-0.015059362975465063,-0.017982136725368192,-0.005931848085299785,-0.01733835858078503,-0.020490363644472764,-0.012628891504393613,-0.022831114146366516,-0.04502241421484521,-0.04150962760586807,0.006009918311665308,-0.00558116875411363,0.007117665323525868,-0.0033347476457179503,0.031836994969574706,0.10647616126410986,0.0005484823278316675,0.007760848826544597,0.028301993470923215,-0.006567277999128707,0.019344119069284682,0.00229941945385459,0.026104563279621074
2009-07-17,0.0008526330815077365,0.05274861994753244,0.033226289258773356,0.07062047472738286,0.04347962669184713,0.06567324343196201,0.030925998114537112,0.029258159370107784,0.03406382017553233,0.03966394664205675,0.030845094681378527,0.019599137296165692,-0.0004871501096203046,0.007668136080018817,-0.006645998839340805,0.012156584426154637,0.021213057622812226,0.06439369031499309,0.05690070553708426,0.06437483313439629,0.07979996230694031,0.04811376261757938,0.03454473070165154,0.002066196889717764,0.05475030697780836,-0.001343736991500033,0.03503770279042984,0.003067307017815768,0.020260319131615745,0.050197690772867176,0.0009160681048272501,0.023922933171871108,0.02876346255846607,0.07654487078709638,0.022780166822803816,0.03352545869706747,0.012737557050078063,0.01719774296727783,0.00805270358247534,0.03660330969392511,0.10913750885279883,0.06661895707032084,0.007936769024666335,-0.00630641368315521,0.012742705406877386,0.10550484963331641,0.06929531485308815,0.035624751598021476,0.0063428469272197585,0.03418870463260171
2009-07-20,0.049688889034527284,0.02759445633826929,0.02582409639835692,0.05640452600456669,0.02927220373620254,0.04141716886259528,0.04955570116504182,0.027088054333988643,0.15307508419815963,0.05631454144341075,0.07090434954211644,0.01687383552638755,0.012667463552982872,0.0022382985347266793,0.007582875399968492,0.022180381738070354,-0.0029310600285036292,0.05575333531969684,0.0029741455578393694,0.03847357594094136,0.02551272532551141,0.009128682238626729,0.023953598515415342,0.0009373991754273447,-0.01657566182745751,0.018035475987118854,0.023537161860553768,-0.011213010401669554,0.04205995803586582,0.05441144740672277,0.04605080993327393,0.01692158711818248,0.04974590806455215,0.016998484631975286,0.08338090754422578,0.05017723979037214,0.007089035319280734,0.02438161003134831,0.017429112088583,0.018011531109317858,0.08493826283170658,0.006949992390472559,-0.012795026428697454,0.012693192881748638,0.021453809765139775,-0.046334950232756245,0.031243061436335928,0.005913668694944585,0.03547001187585974,0.038179299826367696
2009-07-21,-0.0072051434517615975,-0.013132263855574422,-0.008719116310810682,-0.01535521624115399,-0.006616784586579216,-0.002200015620517526,-0.04595397263370582,0.010048846491670593,-0.04584919265715215,-0.0143299528624663,-0.002609366833662863,-0.014755164137796317,-0.024296531616516903,-0.015632128841415627,-0.03644699921092398,-0.027672920336814566,0.053553105271729295,-0.004494202849354645,0.0189797699444052,-0.0025918362570931386,-0.027133947457757546,-0.02514715046728111,0.025046571787956662,0.010112133528447087,-0.0257263707805373,0.03274675053491327,0.00886559834136369,-0.009793762609581202,-0.022903480881049876,-0.020527427056049485,0.00199000863276777,-0.017326941418769004,-0.02190717683020249,-0.03271008705029155,-0.04533458222282316,-0.011100411926393994,0.024750364579212203,-0.01754715890361558,0.010944733112493,-0.01729309521830824,-0.0181817956792637,-0.0039654865725302635,-0.0159525686081613,0.02724811977021968,0.0011522474297762653,0.012327887783294411,-0.005352860481623978,0.0030637632401173676,0.004856310404854014,0.00528914911562306
2009-07-22,-0.021276460347342874,-0.017782400381813224,-0.010781110823472217,-0.01701818839320446,-0.010312189901730884,-0.026797934568906334,-0.028635801531268656,-0.016196833486416873,-0.023660425701961585,-0.012016598541784385,-0.01645951322754302,0.04540666106466551,0.0034518406146868408,-0.012250457692093875,0.01026010609892869,-0.030244639391596606,-0.031056605453520736,-0.033860076920027016,-0.0308498067042976,-0.0062672229038769345,-0.014170673449704574,-0.004351139560713313,-0.020765307936837396,-0.001483418013218274,-0.007511973024626806,0.03686661351727283,-0.03253172065016341,0.0020821284219354474,-0.020533098006723094,0.006549390668574517,0.03156809302205765,-0.010331502100145329,-0.00223989192658014,-0.021739253973072636,-0.02760902043073077,-0.01708130932151286,-0.03899907549118209,0.0033600734240575303,-0.004236249557872052,-0.014045813042312338,-0.05816978944482909,-0.01723254426928078,0.007092326630645518,-0.011140417568637484,0.012481088858529388,-0.01934121771330166,-0.004305197968177632,-0.017995820295464204,-0.03164044724148274,0.003981884166753824
2009-07-23,0.033329863042326435,-0.010814120097131341,0.00961860452374319,0.02132823645487325,0.01962935598592752,0.03863120728973746,0.02707685941495419,0.02837039487311066,0.020051602510471556,0.020288185130628023,0.011858788371213347,0.0005035900622583078,0.02211282913006274,0.04363817549982163,0.04774904237771427,0.010038440274685367,0.04106667639623862,0.060747695193686946,0.04354338164315541,0.04706966999744133,0.048154336899574934,0.02060170758808466,0.06711677348328782,0.02766479326282245,0.05389891895767973,-0.0064785094397310505,0.04509964016979273,0.007792276141317389,0.056150126894497054,0.06983807648315499,0.039557982147273796,0.026843138997758587,0.016304653133509817,0.03456789821492112,0.02839292117144132,0.030784545555339715,0.014065375389423096,0.006168504924426221,0.034743571810087914,0.0368587660448485,0.04024943526606295,0.030770605593823053,0.08651924001035005,0.0,0.009966680584589938,0.007304738548342682,0.019997822559989276,0.04245141768976124,0.017768076707993297,-0.000566424815071187
2009-07-24,-0.012098821875387689,0.024381236111494564,-0.00623682487703614,-0.010570366809751541,-0.016530216415629795,0.0,-0.0087358535394646,0.006578101499760347,0.01871132879783688,0.022922790597874165,0.008981206141896125,0.029139887106689688,0.012740611297795024,-0.004841577746786618,0.02213540712997375,0.019578491777433538,0.06434167508399113,0.03303967868154656,-0.011510593786078327,0.09549003685426949,0.03590576146591995,0.024337196425327834,0.06362862130549352,0.02131866493505563,0.010663748305681064,0.01672935672582021,0.021213976278102065,-0.019587628018152614,-0.010129549352728695,0.06433296350633921,0.021523625043120997,-0.007337771351685229,0.01243882093524662,0.008812218679988604,0.006073965944051629,-0.0014451951339660152,-0.01182330504123108,0.06778774906208485,0.047281850070546305,-0.010907190990173454,0.04291798344068942,0.04113266758780543,-0.028703777573387157,0.006169491546447636,0.003809164459034342,0.004351112811421309,-0.006464628466007927,0.01862742875080281,0.013599730214843175,0.027244814531959705
2009-07-27,-0.03778144119773852,0.018151293139280655,-0.011414425430947284,-0.012572406447745044,0.0074767920910137065,0.04966749211598098,0.05240399672860918,0.0004670481237611934,-0.00466264465333055,0.012103330711906057,-0.0006511750897840729,-0.02551466294325777,0.018276504050638298,0.014152977459271021,-0.038216610954380004,0.022685866547340616,0.03683606881925461,-0.007462855657639822,0.021834287197635138,0.003352549079981948,-0.017210376858774024,0.05907695250945055,-0.006058237602326044,0.06014536627590927,0.02863929344745486,0.03336634296798957,0.016007641077689927,0.001577091087416882,0.0036673318168167768,0.044825202067564573,0.012773892216087601,0.03318683049548943,-0.04030310611941368,-0.0021837860428691735,0.002744325854837193,0.002411989004167836,0.006672759557442509,0.017880433776696014,0.0010904714702939522,-0.016948857887947977,0.018763066944415874,-0.030833757919283,-0.009532871352690542,0.024793140510352307,-0.012073483118219985,0.0,0.0022400684323551356,0.08233082277486603,0.029157897684921386,0.062013160749543994
2009-07-28,-0.017030514328728485,0.01428563743369593,-0.006244008521671285,-0.023156153492923215,-0.017267622215021428,0.01944902656620373,-0.009345621694038297,-0.00429906196543739,0.0007285964714371929,-0.01521297273085187,0.00792957536182759,0.0052915771683728074,0.016084093090643625,0.014391502072538254,-0.02060299921320996,0.0012162727261570971,0.027027041155892384,0.006981744472038809,0.017948350669608315,0.1075914204737125,0.009061932304282871,0.02283637990285947,0.013979062382826202,-0.07675637391613666,0.009001471405277073,0.023015984193115235,-0.015252728836371743,0.04409467118638388,0.0202145625322685,0.035245612212383204,-0.02159122064371677,-0.004769587637261763,-0.0013161007837063643,-0.0067481092748238325,-0.011494310997340995,0.023099285873252606,0.030171157738049237,-0.014504239882834669,0.06361639670030406,0.014125222235890966,0.011092491299714569,-0.00267621416717001,0.05101062726558547,0.024973744982073498,-0.017806970317929105,0.02310469669936932,0.016602950047037046,-0.00014643474465803052,0.013789587317304175,0.02240816706668647
2009-07-29,0.01195213568280118,-0.011290917127597444,-0.00403661428824198,-0.010265463167112188,-0.014865228712605538,-0.04076949023352794,-0.05811361580287444,-0.01860969149930647,0.03984188675200784,-0.006184066309680714,0.006789533676448967,-0.0031761449819599497,-0.01720609025574138,0.009458251328195555,-0.02749827540854699,-0.010713342675901738,-0.06122676476325839,0.009066773235397951,-0.04785886660762839,-0.050923132431607065,0.022208673416784785,0.02890195311261623,0.00647945706019426,-0.030001784198262715,-0.01369321153191172,0.009244901113283577,-0.04298231035646605,-0.00402219017705252,-0.006758752306395777,-0.06773887846421844,0.011421952937544333,-0.004493265470864594,0.014256745238544255,-0.002570739171258829,-0.03377623926277029,-0.00846678358609898,0.023296996189610564,-0.02453011573711361,0.0012291639285664235,0.005428361900516432,-0.02463249563931036,-0.0241488039587624,0.17399268847450555,0.04137062924751733,-0.017596778979517613,-0.018348841674529215,0.000313805319951177,0.005852170339836427,-0.02306171280744862,0.005082465544015813
2009-07-30,-0.015592502571414424,-0.001648008360222608,0.03217735515196485,0.03336759599411909,0.039866825046392274,0.0032693364192386554,0.007612436874938178,0.018280283582147394,0.06662644145480812,0.014737730688233253,0.04313850073412784,0.0023670234847803506,0.013772390954544855,0.0140543951515828,0.036774024157776974,-0.017192881521282732,0.022154509400135636,-0.00845659975637758,0.04295055631649203,0.005594669477895442,0.01276274947248246,-0.006773772458059879,-0.000715569397435778,0.04863018451489576,0.021035082622727463,-0.0009304495595766626,0.011862553319222036,0.04694589626596657,0.030540152657168695,0.011333441523314836,-0.003974340765989681,0.004965154054868304,0.005315521007207558,0.027798241678436364,-0.02349593987417442,-0.006641345148002187,0.014527625899454222,0.005867651876742652,-0.020253741250943036,0.03249441322231483,0.043930423668065766,0.0010693487747561736,-0.014040463814795068,0.0784794854453359,-0.013027287384990927,-0.002156525415084487,-0.002616189474448527,0.000145537696055964,0.008670412832780361,0.03950439448618415
2009-07-31,0.02899539771119053,-0.03278335040655056,0.023730392067347283,0.0017167947377771942,0.05157322728289482,-0.003747371295916957,0.04182882302637658,0.009042807777391637,-0.013411807504627005,0.02502553580444622,0.005951675456523864,0.05721785169723659,-0.007137971647643848,-0.0138596067615111,-0.010581494262926316,0.013404213615820337,0.02255886178859634,0.06929621995083379,-0.0042603163565080315,0.06600061416924574,0.007033606810380011,0.0028512443124359965,0.012454800686263257,0.03589213346979303,0.02678207694569612,0.010995671247821859,-0.002508108058795866,0.04628739374026103,0.005881560804094965,-0.013323163333513466,0.02853751352428202,-0.0013476131270527825,0.022206388171490676,0.024180547421060128,0.01877938113597999,0.009073455066160196,0.0,-0.0010002609919441685,0.06139063983184956,-0.0029596913168949968,-0.02012607217355067,-0.020172562555033413,-0.06724710318901927,-0.027118836541962565,0.016681963188406534,0.006483821666186662,0.010912953311430273,0.01476169479477063,0.0026351988624593314,0.02423073280515209
2009-08-03,0.031502530268465945,0.0008537429387895923,-0.0037687716088729006,0.020105335336864316,0.01954023635023927,0.005015471971666408,0.02129618546316414,0.00889613016736801,0.010837285376561034,0.0058611923674154465,0.0016320537933889323,0.013100672586836781,0.0032468345101659413,-0.0008513364616448138,-0.008736147691072782,0.052168051541463756,0.04942144648882563,0.07976068537120673,0.024529556264954788,0.03766093838351825,0.0696700470006697,0.0404963234545177,0.04061661957886975,-0.021955199957479077,-0.004213693677726282,0.0020546040345486016,0.017602207902849054,0.003686699218188094,0.01271558248065574,0.02372528157214915,-0.017284151290497207,-0.012666671026216103,0.0070114061995592,0.005421370237650436,0.0005761136172688364,0.025556172066930838,-0.0014966739765012171,0.00317026021648803,0.01180417363665942,-0.0053435405863717644,0.055601812321306454,0.011804578349335904,0.024597191864095702,0.014401957402996546,0.01595774359514701,0.01932729195673577,0.013390013448100646,0.06714389806165744,0.003128853373521645,0.026477553741030224
2009-08-04,0.011279137159082353,-0.023510903869685684,-0.016337936791779306,-0.013182619075867597,0.005630253913116778,-0.029346377137470347,0.05142013771676113,-0.00026329742680319956,-0.002821111643679486,-0.015747977504947608,-0.017414842516659146,-0.031798335783230325,-0.0009246126638889907,-0.011935239187402913,-0.02811123721732256,-0.006520118878457715,-0.020300833182976485,0.04247477806890143,-0.021715163574716367,0.027597365987867217,0.008760573043983921,-0.0409142152240084,0.014029274487894261,0.03121673862928831,-0.006649007156900755,-0.001414319404329789,-0.0008416152754135986,0.013463360266463553,0.008912605542931606,-0.017874498122050664,-0.02817943265550671,0.008730188707950504,-0.01129999175569163,-0.007131494495582702,0.01784691802438143,-0.020304516401869255,-0.00706309142772843,-0.01313836565345683,-0.006221996279939912,-0.017309698976137877,-0.007665375385055406,-0.004432665953871595,-0.018211812638131986,0.025875741202525893,-0.0018633737282335305,-0.004213527389169247,-0.005121550753643289,-0.02135363588123418,0.0018090974695315065,-0.0007227779750834662
2009-08-05,0.01796782882424841,0.0016217751529634672,-0.014431055968604278,0.012900349362490182,-0.007483129245118847,-0.04789327677998101,0.05949656167636852,-0.002073488965748549,-0.002169249653268035,0.026838004587714126,0.032649207141834724,0.04598008139171461,-0.0034704150946481827,-0.009059765446716495,0.0012507877306993098,-0.009200264103916278,-0.004312534637740062,-0.018157634328354155,-0.005975904183217251,0.014895067732199507,-0.006257071475545994,0.015824118197690584,-0.03406907804912174,-0.012244676533913479,-0.011156367146913704,0.011435469895714423,0.014928766664072501,0.010077829579034692,0.027779476119397017,-0.016694227976877585,0.01182271606262919,0.007600578162971328,0.008773835472006386,-0.004204779234989631,-0.00622178754352265,0.004710274247535562,-0.025220814554717808,-0.0011796163892255906,0.008413007353451851,-0.009111295206804648,0.011091339812904666,-0.008132260034893202,-0.0008432849293876776,-0.020089089104932012,-0.0051566025955281924,0.0021158071069560247,-0.00010291139530904658,-0.019555340126085174,-0.005168391906921532,-0.010823168039060027
2009-08-06,-0.014255358979106791,-0.005355760199683757,-0.023655908691241123,-0.009374186149936237,-0.02544002223816122,-0.0073369406411651905,-0.018047652554892935,-0.01922539027574066,-0.021928080791790316,-0.019155731815117094,0.0009032971398776901,-0.034622982611787645,-0.022057426020853366,-0.020026402166262725,-0.016084008679462802,-0.015888755542993294,-0.039932409358932164,-0.0663060127221865,-0.018036460115880004,-0.06960206447062056,-0.04412984560227495,-0.019329825644395116,-0.05340909659296189,-0.04046137928191251,-0.0395894734719322,-0.030592529905616672,-0.036110608844007075,-0.03083902072506417,-0.04438087217398723,-0.030380146636683536,-0.03300482168478369,-0.03517813235712541,-0.0021742947405239965,0.0,-0.011383025559320803,-0.037505895505916764,-0.02233520117188259,-0.027838719102141307,0.01416387884544168,0.007560362046718172,-0.0419195730631976,-0.05193594764891307,-0.0396624943558499,-0.04487472256029723,-0.027524658890344944,-0.028149111569641838,-0.033154893940489205,0.005668870205055132,-0.007261012807576628,-0.00511958133256285
2009-08-07,-0.02396427406648305,-0.03856718559532624,-0.016553281700779965,-0.036611518188960024,-0.02969417436131605,-0.03660112464230525,-0.02814972523714787,-0.013886549642842527,-0.016041974088663036,-0.00910881209910952,0.00240651056130492,-0.012012572701073032,0.008547265331369625,0.0022213949203067074,0.012220318398939112,-0.03959158138585128,0.004621283318277047,-0.020772882092290335,-0.027988434302882448,-0.008842947520945277,-0.051164152768564675,-0.04695833859854637,-0.05224596305859475,-0.03247810197138934,-0.019222575898508065,-0.03350792525185087,-0.0021437818995616587,-0.014038301496945627,-0.016234980322995307,-0.03343885918971301,-0.023880355676675125,-0.023145889088335037,-0.026264390598179088,-0.0594650418453786,-0.00921115655281679,-0.06332179399198345,-0.030310034657027085,-0.02047891424503423,-0.014157084460606373,-0.014500182692319785,-0.0008180780879649685,-0.027193300502394546,-0.06063270722773639,-0.013594191728862115,-0.003859771402579537,-0.03548173919889863,-0.03429163387955447,-0.028044746159657685,-0.029949504648192793,-0.042579418584751894
2009-08-10,-0.004830403673684924,-0.028393044426791803,-0.010681769029352361,-0.026283708943147577,-0.018556823523447785,0.035168503249431105,0.0172948997208755,-0.020628732157446206,0.058829233311639806,0.023557703140511643,0.02691111102139354,0.019050023803280247,-0.008945586506478809,-0.01906015632349045,-0.013797185230921882,-0.015893623385536237,-0.0009856540314944207,0.004933375343105784,-0.012297150266827761,-0.026163643934861036,-0.09019085741618349,0.020154846031938067,-0.034675953415294614,-0.033197403428162575,-0.022866050194989662,-0.006089535750167352,-0.03188956499697193,-0.05030841561103927,-0.06859855371611112,-0.011849502849600846,-0.007949556180252393,-0.08043422053070559,-0.027797517125573323,0.01421615574528845,0.004067358152689993,-0.027561290244678016,-0.017261105337470384,-0.022501824770920664,-0.03803624364614777,-0.014198862172243865,0.0036835458359019135,-0.03640360134061105,-0.08044896890172692,-0.011605350983603824,0.03394845716313899,-0.02327316740107499,-0.01929873012606309,-0.03658610956145414,-0.06707821574460393,-0.047206586785943916
2009-08-11,0.006186735167278412,0.025335232325584656,0.0027628433519519824,-0.0022261305811266396,0.0106959996041045,0.03154251281483522,0.00359362666097085,0.005953240176709951,0.0052869997847739825,-0.0014370180192702087,-0.00847557980007918,-0.007107108715976196,-0.008788416575368219,0.006326162708778504,0.046263948565348656,-0.0004892583409894513,0.01545896736861696,0.035346238164286614,-0.008199332554488459,0.06598983981312423,0.03414042156248431,0.013674831108837715,0.03824424071694521,0.009591306586058668,0.0060173513278996005,0.014659498215030098,0.0007207390035037786,-0.000500030112201677,0.011667945551429693,-0.0017917922945924758,-0.02004791123598093,0.015684125292849904,0.027259323826219095,0.004979771656885346,0.016782307779720673,0.02139039535880216,0.028483139502390564,0.002900004913096055,0.03510194305654912,-0.010228653218063766,0.05953091416668044,-0.002349796565395912,0.0,0.02984327543592724,-0.0059778071775633546,0.021521818077562704,0.011919586109623959,0.026456660133814536,-0.00048808021024715487,-0.014344572687157386
2009-08-12,-0.004849087415256803,0.06026922459044237,0.01964960022803819,-0.009691857452892472,-0.015324845803348253,0.0005749766463909456,-0.01576924320635298,-0.015643266678406986,-0.041058790201183415,-0.02009870439032757,-0.00599339843542146,-0.021994906724628893,0.0011978573779884982,-0.013021854729322158,-0.009421055076789475,0.005471830265446398,-0.04189159505374096,-0.0180180457795599,0.0055112172437630225,0.041231151192084425,-0.010686466708232922,-0.014666574256968268,-0.004782969163702466,-0.02432042930702405,0.009525927965059022,-0.006594367581426508,0.0026529501331995498,0.008500129581760607,0.011167179070635358,0.029826088710219523,-0.006457485979720179,-0.010266452229184098,0.003892136494232812,-0.018168621182387268,0.025042866559876753,0.006806456433258834,-0.017078248621676506,-0.00948393108545209,0.014032074850021115,-0.024148414579645117,0.009621215592254595,0.010161007276000333,-0.04883012093316719,0.00855120498745543,-0.02576087761169188,-0.009029256758368076,-0.01589070514076374,-0.021358416662232704,0.0018124393703800035,0.005886744761365081
2009-08-13,0.016878678839952865,0.018742489298000153,0.013013120608382112,0.06625360425597204,0.05570414496445841,0.007984867392292427,0.055201796905078426,0.0515786638684812,0.01366294537387125,0.01028013298418351,0.02135025478552577,0.033712036843249304,0.010770763833032104,0.016833264706066275,0.017180631234416266,0.03075246110741947,0.05983762560643102,0.04973438755626791,0.037454804651265494,0.055326197793134746,0.022246470256961803,0.026386702195628997,0.0643360664900936,0.025900565572484213,0.050471861532292106,0.03259261173399142,0.009809084757017361,0.029747294042640204,0.024381699464755435,0.07307565702160446,0.018100911762046312,0.03943404785922899,0.03536183577915075,0.01682249833136007,0.03498027556752037,0.05460205112518057,0.044376543637386856,0.04805760540212689,0.021526173682485217,0.06516108438267598,0.07775850092615699,0.04827727563040907,0.07486627968949477,0.02237369164686953,0.006725529554924892,0.04783570225879674,0.017502096568832615,0.0754605834177069,0.047662181359888534,0.0383000829406428
2009-08-14,0.006001889290108142,-0.010530326158041392,0.0019306474714386734,-0.016310114984502744,0.0017523409035862247,-0.008263785449742489,-0.02307379877667226,-0.006018210130768864,-0.00996724796361026,-0.010393322843513242,-0.010064850409441384,0.04745986517648082,-0.02415347424348291,0.0013423783370498654,0.034233132310209635,-0.01123341823594759,-0.0006377403017953087,-0.003219904020957398,-0.002642093657540645,-0.011732377532477578,-0.00610099326538327,-0.005816268831259186,-0.017369281469861164,-0.024677400215295853,-0.018383102987387323,-0.01361482143430559,-0.012652332238272335,-0.028406601979104718,-0.021444775617800893,-0.011620567107506918,0.02854751088092522,0.009897271987820533,-0.02110526238182442,-0.0005514662185761576,0.031652433855343665,-0.004437916823981203,-0.03642095907989806,0.0372451168407828,-0.02389459000652816,0.01927539765781483,-0.04473939606966526,-0.018428201124559007,0.005970047759102481,-0.014742801902004943,-0.013086453019493294,0.03840619285870561,0.009211015310126136,0.015684290507665732,-0.010426787500465773,-0.02495685666212477
2009-08-17,-0.04640418391578793,-0.0244646236882875,-0.014783165938193954,-0.053567776182905424,-0.048479893722403244,-0.0483274895303748,-0.07452168179865881,-0.049480363821228446,-0.021764045013306532,-0.029304752072588203,-0.028350790213100385,-0.045514259123236256,-0.012132789568312652,-0.04870413951243058,-0.03937011850975236,-0.008792769338678341,-0.06809228542273993,-0.07475774128766732,-0.05238364179119348,-0.0681282786998052,-0.053980359078575235,-0.02152961520733765,-0.054585923459373076,-0.03308665474877781,-0.05277724597334732,-0.010251561816990273,-0.021837573348114425,-0.01238841043010075,-0.045514691096880444,-0.07863480547823598,-0.02517391151894166,-0.017068226132409103,-0.030253778394372044,-0.052234734678425654,-0.038481424337507564,-0.05596822566357307,-0.02496492556708907,-0.05013528102900877,-0.04876651182318703,-0.03831981787141936,-0.03591271198101054,-0.05977270255086253,-0.05835801396458695,0.006312800266837781,-0.008160138719895182,-0.04396378283309965,-0.05091266336119715,-0.073823313968166,-0.03362418084766616,-0.03779959611663608
2009-08-18,-0.0003862391467033266,0.03084607163058628,0.024676390714973406,0.021419765461417883,0.012256151269201654,0.00368322317198877,0.0188475133293875,0.05426388343825983,-0.0025483030798204576,-0.004615453286694549,0.006942380950486049,0.014807282575046044,0.008597028910838134,0.021606124827685314,-0.0024286697077952057,0.03007440396733352,0.031396082918929036,0.0628429228726155,0.01366455325518956,0.010099633010010711,0.028697484527783867,0.005699968392215871,0.022246719023143013,0.04106274352120809,0.009661002525119589,-0.001960893555920662,-0.0009493944614140659,0.002508900202734754,0.006433839456585488,0.032930825814969644,-0.01026402871421317,0.013043983467649456,0.004303114380010964,0.01630147185155484,0.0032449749402247985,0.02465902898081085,0.05001225205467774,0.007667560639087023,-0.010739604712507123,-0.006002988838538115,-0.011520494928515812,0.0013311698261111449,0.015756517896384326,-0.00139422324923677,-0.0005611706420651785,0.03284683385331699,0.050863284098441985,0.0388301460995546,-0.007708864117522141,-0.0045058114262902516
2009-08-19,-0.028513329620745376,-0.013623489322169835,0.006142216491891617,-0.0048607102224493826,-0.024993585499575866,-0.012272961407321592,-0.026200664002650642,0.002367270493524698,-0.02122416908349445,-0.01107237374526604,-0.011091164836029788,-0.01886340965247979,-0.017778403559000955,-0.024367573795807895,-0.021607071762816066,-0.014242243116623143,-0.03973891733087909,-0.036133227521845,-0.020220590261074145,-0.023519826279725375,-0.037391323596437154,-0.0038445992976577914,0.001114949555019784,-0.006573957056939528,-0.008233392066487988,-0.03213470950525832,-0.04137597950446881,-0.03153152886355992,-0.05201805451060004,-0.011689494937582867,0.0018335090281556,-0.0062328412839443015,-0.016305487819097464,-0.03570751617144985,-0.0048518545349174325,-0.019457251452937974,-0.0316776016458421,-0.021235040792919158,-0.0008193203141757532,0.007809452907654224,-0.029719966998083547,-0.023282525003423094,0.014477834461277483,0.009306872334830407,-0.008045104715939666,-0.031095495854045918,-0.028114740717077535,-0.029917323463114265,-0.016447540030844032,0.01287486789267911
2009-08-20,0.006654968001771344,-0.013318618450501862,0.020900003335683426,0.0041867735939384865,0.0366920321634705,0.029784612180432823,0.03717966588191701,0.0006409795681416863,0.005923056387579617,0.019959089394079088,0.019702908889694504,0.01689880484593642,0.012397445002226837,0.009896352017881416,0.014443091150316167,0.017563512018224037,0.019135491472370036,0.005355446305720379,0.00969351335175439,-0.0018617238415655768,0.04553157315653733,0.020132970725204036,0.05273264213478379,-0.0011677348797562992,0.010321001130054297,0.004863501225352618,0.028227943280778822,0.027906916060919995,0.0031732825102022133,0.007258203272802355,-0.011101916844903359,0.005519880144878364,0.028190980626699336,0.04118803267417115,0.017876414289120124,-0.0020887947961202302,0.03365484352410575,0.032001370839805254,0.0012300983902449047,0.020353355868782064,0.020019795342391955,0.04006050903968483,-0.005097157900936566,0.039188432194438905,0.011934298579334035,0.004376324035400669,0.025184209677770353,0.010014081163039368,0.010531678739876149,-0.01386950895728778
2009-08-21,0.01601351442794141,0.02912139345607745,-0.00952636265619844,0.035925181704691944,0.012948012968620581,0.04388701991260313,0.02586961545425659,0.00023612045786625124,0.01646711238148657,0.021427156324689056,0.0166469521709538,0.010215795440320807,0.003428782715280798,0.011742796620087592,0.04193708023603593,0.021319639307046057,0.006560360552950506,0.00774821384158364,0.005264685377990519,0.009209687801942534,0.03456743962562303,0.0191894662815284,0.012914929196799596,0.016173102690544727,0.016877584974671178,-0.003048790757265052,0.010961728138982663,-0.010055385735758482,0.023724589098091275,0.020282779036411958,-0.006675164657593213,0.01904644818390233,0.011179097547331818,-0.004564538589633238,0.015966190106896372,0.005755905460784305,-0.0022767928159476147,-0.0005255172764186966,0.012285064190723949,0.008707899983656286,0.0971539602329623,0.048986642670897584,0.007172260845659917,0.054126210376271855,0.028115790011092656,0.004357166751899122,0.028770809952561205,0.007615578909534015,-0.0001408914895186797,0.011546810346647174
2009-08-24,0.023589657922379326,0.006315440344361489,0.012755953246057272,0.03025217346682485,0.008080809977700776,0.030879928473870777,0.01736681784010874,0.04516950841481959,0.02415311839331946,0.021051595814466362,0.02212469127692862,0.0036089289955181236,0.00927559857392568,0.008820635910189667,0.016040461535461015,0.01824695084177841,0.02966634825111436,0.042287185734031674,0.026186285141258647,0.06006675934979011,0.01598790502270253,0.011136260819509802,0.03133555310021707,0.031447948272854465,0.048045411698624196,0.02025993971617157,0.017694687711761192,0.004063049488828296,0.022080745137961655,0.03191189823474927,0.008003057172427441,0.006203367425033024,0.005353254542892483,0.022162673692750712,0.057621890429941036,0.020291481073442696,0.007759131910420436,0.01910579873466567,0.03762123364481651,0.017767445022922157,0.03756716028011198,0.029772801536686266,0.038657105094562993,0.05197797739465981,-0.00963544676220196,0.01807667378061728,0.0490480933848112,0.021675533100764532,0.029438589869800635,0.04045129538279313
2009-08-25,0.026009204502952743,-0.015085810826632073,0.001549221284143698,-0.011393986088267694,-0.023796200345065688,0.007474911425671582,-0.01509018137025464,0.014965052502580845,0.01294204073152172,0.0092009732738636,0.036998121124222294,-0.010202282763144166,0.019104574250085715,0.011964667406612062,-0.018272098206426612,-0.017194353876443302,-0.0006549105168303093,-0.004610235483993752,-0.023716477553880178,0.06864994118613721,-0.0038725335021631,-0.0051850701254611,-0.00974350538423574,0.002044684547971798,0.002292075817978745,0.01884613300860316,0.020638895615334052,-0.010116120747380442,-0.006046463248188916,-0.003295172464357843,0.020272619658234348,-0.004056032843224422,-0.013543456343791505,-0.008597996428533872,0.0009903051101507465,-0.004079397375655436,0.022418693289563807,0.009115874781949751,-0.017738740741314984,0.002070920461338943,0.05931055651583361,-0.007760285180529847,0.017629925322544482,0.08101620985597346,-0.007876414751983418,0.006392242458494124,-0.009227932263588978,-0.0018842843612234539,0.014298594716615431,-0.005294449693161951
2009-08-26,0.007158045209491926,-0.006494404691727129,-0.01772098950083545,0.003556467035028321,-0.004520291271378873,0.018221531754285758,0.008319312741697837,0.0012393577245366494,0.03823604104297207,0.0404055602196689,0.02436789665826211,-0.008068151504614152,-0.0009489627010929036,-0.004547227947219179,-0.01548532505583744,-0.0021272483864208658,0.005132577619088252,-0.008337265532457727,-0.0015375960851158332,0.019068061558913385,0.0036408998062220643,0.016739576930214328,-0.008816907533184648,-0.02374753937991303,-0.006237114343288996,0.008163671266324002,-0.0017991932982631686,0.007153782745800141,0.013687228725194345,0.015259489896713774,-0.013454482558118097,0.005945706814912022,0.00046964084591616384,-0.011689265123495107,-0.0064322356999761965,0.0015360153643149133,0.020376172724846153,0.026078400091833043,0.008136641833835334,0.023031772078053958,-0.01757812273623427,-0.010724402022458612,-0.024061421468162147,0.019615274662264204,-0.02036028608773921,-0.005645903313561629,0.006726472822396579,0.012166061887117774,0.012073274586532845,0.002276595899039835
2009-08-27,0.0010785726868356438,0.027380529922641283,-0.0024648113788617865,-0.014896869730453566,0.008104844120409682,-0.011197913719835473,-0.017326973694607894,0.015868364848674377,-0.0013678896374598182,0.005574215100174529,0.021005424538674378,-0.000723866301071463,0.00475066967217086,-0.01279120902213049,0.03871747237495993,0.015944505750588478,-0.05323765031986305,-0.009341383409790405,0.0006159334395685612,-0.027216329680376794,0.011989504219635627,0.018260005716607575,0.007578868762485591,-0.025465734842705534,0.0037658467949206464,-0.000656409483969278,-0.004449593541080876,0.003043944008401578,-0.003438052723369278,-0.01766023913388326,-0.013637861408074992,-0.01562604712039173,-0.012549876654565084,-0.006295461378000078,-0.011952275222054554,0.011247562818661239,0.042109833105078875,-0.01079756611293714,-0.01377943177033858,-0.001731926078118784,0.03677917995401203,-0.018546840630768946,-0.004930911348044242,-0.03974603548489908,0.009247660664393864,0.0007096585541410683,0.015830491202245778,-0.01761540422862784,-0.024591968405036857,0.003134897819551785
2009-08-28,0.01554586609532338,0.044897951261275715,0.0005148456702432913,0.01738718123959271,0.015936541178130925,-0.004226461843634399,0.014064057325981372,0.011184217554520037,-0.012687581935170611,-0.0005246965911742674,-0.006681958746865058,0.004644931125978635,-0.008037684212316765,-0.004164767635655653,0.007279836028337705,-0.0021836007291373694,0.00677088662564973,0.028760025496596953,0.021544921462122613,0.008948744548445964,0.005407561995786514,-0.013081921974336996,0.003884340060693825,0.015405737607247394,-0.01375547215055506,0.02182717580720417,0.0027722342857847693,-0.0020232041967719328,0.015305228390019021,0.053550615625045594,0.012697362359193942,-0.0029612837876162867,0.015203810414265329,0.010558908832750458,0.008568503493813218,0.03387246401140587,0.005624037076146227,0.005037860782715509,-0.002594955536296073,-0.011083149999525643,-0.020613464592146302,0.038555537749549895,-0.026759431311445092,0.030995782078703238,0.001133732756549266,0.004255536931187631,0.029650184490876752,-0.0019690175044321245,0.038193594387449625,-0.017156926701590414
2009-08-31,-0.0332675676063634,-0.024356747637699905,0.009089258794089616,-0.016304378990353308,-0.021804323638594525,-0.014746679039707722,-0.011660944724193989,-0.03145157141116983,-0.025425494974576468,-0.027160824333626543,-0.026464699648119927,0.005769697713766675,0.012154180481397603,0.0,-0.030355557700742275,-0.008862670134582196,-0.03282810678105341,-0.028414125711282878,-0.0198855113325217,-0.0015291642377770476,0.04381197288379468,-0.025356646966480878,0.011502950119278266,-0.0015365331379351144,-0.023880095174829252,0.0003931369875287416,0.008933127706323596,0.005068464557735464,-0.002841602316611569,0.02662469700256964,0.0030137078383902782,0.0012374391696716724,0.012401826583044118,0.011587983838817983,0.022988628289522195,0.017114906559600795,-0.0008287214679205679,-0.007853029858764904,-0.006603957757555068,-0.020465514240002758,-0.021047540689564048,0.002389108259646777,-0.015274875165590007,-0.023097737591978196,-0.009247115219894853,0.031073107340002792,0.016609112962872707,-0.028887592431547926,0.002698044885655726,-0.0034071624426224023
2009-09-01,-0.012094227325858187,-0.005534724983805472,-0.016927128521665002,-0.008453845065303889,-0.005565518363042865,-0.013918142882429319,-0.015289021587337914,-0.010781903427104278,-0.00028458153093602334,0.006452035743537143,0.016547027453359675,-0.019063973039764925,-0.012714867764052618,-0.00975854408378174,0.00983907036446352,-0.016423744461532275,-0.01685331166192605,-0.017924966482032678,-0.0245924202207235,0.05370628257328636,-0.01951023917200634,-0.005271984513006256,0.07143069443927441,0.009617453281669741,-0.003464148295282188,-0.01663951998823454,-0.011705975186219408,-0.004538733650244708,-0.03314727087192504,-0.01815381802987126,0.01105812831269426,0.0042844217772406434,0.01178784029568436,0.02591558895392465,-0.03126540418572887,-0.02788453899342158,-0.023217145990594656,-0.01027293026570153,-0.016116078780961773,-0.01432718625834939,-0.007999991098510573,0.015456316023136463,0.038262644666017254,-0.02158005356199566,0.000476059890720526,-0.018492805116005706,-0.02513509127014435,-0.027932771806788326,-0.010632506142242537,-0.006283738603463984
2009-09-02,-0.004896793264944632,-0.022853538518091465,-0.005082616762638992,-0.011680832613159775,0.0006925816266079021,-0.003920725156715932,-0.012761373666930198,-0.011834701871434983,0.014613520409724634,0.009301165632825681,-0.008407307421630317,-0.0063207617392148086,-0.012401684806598312,0.012670536373785346,0.01830533518866262,-0.027808549346022504,-0.004794834600237219,-0.002401356989421899,0.005042651146166088,0.008042655454771896,-0.025507867811997098,-0.01470924506132154,-0.020221115171056847,0.017908005862394827,-0.009124469600256147,-0.018191672733467446,-0.01669157928233922,-0.0010130396254460772,-0.0024355597860941103,-0.013086989264401883,-0.0017831187895905876,0.0022150351322909323,-0.02421472075617026,0.010799807057905175,-0.0020172449282985783,0.0039563289875790275,-0.02270818096332672,-0.014463100273655494,-0.013104048909341914,-0.003533069601464933,0.03864221478985752,0.017274739386297533,0.004980299295539448,0.01764470073629698,-0.00342679942715185,0.0020934041013367377,-0.014577928610417734,-0.009255020111654466,-0.020167177973586692,-0.012581433386209984
2009-09-03,-0.02047012584680097,-0.018541001383646227,-0.002328451687041322,-0.00020381988967610454,0.007264563711172345,-0.0006745625451998194,0.0051706035604075495,-0.011388820851645276,-0.001776842426331804,0.010323779575438508,-0.004960598043992626,-0.013239989198000734,-0.0031513760950523384,-0.014365361222306361,0.03725713452606261,-0.0019083522824052679,0.013369993953294523,-0.008184892912661557,0.004076248863764453,-0.018936809826728074,-0.01472381314526261,-0.013681495028428414,-0.0012590643285570469,0.0018716812838461827,-0.005481177436824636,3.6872597070303215e-05,0.00028769443979559384,0.012677186664925122,-0.012012210604673612,0.0045013230654984415,-0.0012208664988464513,0.00556648425496209,-0.00444796677178616,0.011227888859748791,0.013138171401759102,0.00394092877198271,0.006514817868550793,-0.002934919456176077,0.00663887387693074,-0.011243704517030828,-0.02086674062497773,-0.008202459833995368,0.005946196372507151,0.02883511746696299,-0.008405807398140452,0.03133741609709939,-0.016302271152868753,0.012128959613050716,0.003656283174244601,0.010452363646014318
2009-09-04,0.02607708525885233,0.00012350137748051715,0.013131964845214172,0.010802262814120889,0.008843886087879449,0.02098789721317673,0.019932669885113663,0.03475826547516658,-0.003279351391562768,0.006332673851475734,0.0012688662738740142,0.03328176036042829,0.0034046714544795353,0.007522271817775872,-0.002934914386033216,0.007056226312431413,0.02282178806701407,0.02135913654521726,0.02623375617585144,-0.003919342869193598,0.06690855147517705,0.022328155918148296,0.026005147377700766,0.020175620190479027,0.028439014785610395,0.01682668609423499,0.027267427661834542,0.0015023054081908516,0.030884012896554625,0.003996888226209139,-0.013235635660732492,-0.0020347605270336633,0.004820566867583809,0.00931256665114466,-0.004488788793602483,0.0451422067337417,-0.008198461833598514,0.011255418916536586,0.017724784062860488,0.015572246652472144,0.007433838834373985,0.04080113966384147,0.016748693666148506,0.02418026083666991,0.0011561212252939601,0.030384316391565136,0.032122681347008575,0.031187151106568667,0.014368604458113499,-0.015532519200626371
2009-09-07,0.010953219602727327,0.038518507630689536,0.009042897839534936,0.06042473817938143,0.028880139678079786,0.02794153646903852,0.016391470133782393,0.019777855952702428,0.03581546009706704,0.010517462151105494,0.0037117522624392496,0.008699816656856152,0.0041201070871281775,-0.0013998047361271082,0.018643306940142823,0.0056736697716852635,0.027077510808399374,0.03041828935889579,0.01460702047986051,0.11351569403484518,-0.011700949735262256,0.02238226507575214,0.005172679119260337,0.0034790492763157044,-0.009432279656632181,0.003855247554225283,0.012431767525880266,0.013000285198212724,0.00914540895544702,0.05126630226197815,-0.002930429771033971,0.018353451122606446,0.015562831393995946,0.030872514402527473,0.03156294963317374,0.014084476333977136,-0.010284573772604721,0.02208887647419777,0.02875670649676354,-0.0044384437696773915,0.018859035263810053,0.01343969583290483,0.017442008985047996,0.008942963630505174,-0.006350692739160557,0.013106325411375463,0.041827973741773494,0.047062300539494784,0.009642824157779062,0.017778711164770034
2009-09-08,0.03632329136595658,0.008083863619922749,-0.007189767547534198,0.0013945608807999221,0.044503170383327184,-0.02932641053847418,-0.0031703218696425006,0.012043379312911995,0.006715606778873617,-0.00917171970575037,-0.006584185622171779,-0.002229688517773498,-0.004586073865669005,0.009813040272503182,-0.012384888848287812,0.007776856560397505,0.03303892638686534,0.060424290303499495,0.011397993423106767,-0.0004417328784632746,-0.022337420809220077,-0.03164701933242453,-0.02370400866596256,-0.02828450040704711,-0.010386779759596454,-0.003224321209102543,0.008610237119242692,-0.012833446730638354,-0.004875014626394392,-0.00045889632886220166,0.005665804881256342,-0.0068086639384851155,0.008180828317862598,-0.004474884900131038,-0.038853849101455284,-0.024536942476591772,-0.005085255469067906,-0.006533587588027467,0.01948789230900516,-0.01317249496525319,-0.009657034752272975,0.02223552946207019,0.010476040006137888,-0.039709188306214394,-0.0015492803972682045,-0.020051653418743265,-0.020454982920855347,0.015855507050412943,-0.0018444240819612823,-0.012814684693602696
2009-09-09,0.0447340815505235,-0.034551945046773724,0.012767459741661602,0.0037344839566275656,0.00036975328163380006,0.01115703336287277,-0.006360809552919289,-0.00964362594501289,0.010456770847506514,-0.006398237342326807,-0.014799493324138768,-0.00480685908266032,-0.004849675162548306,-0.024062991029552117,-0.005015950396771607,-0.0020742722816187165,0.009091095369777147,0.045672043481074454,0.0026689537317350354,-0.015377689973329445,-0.0014318155862486082,0.01183077299842794,-0.0030967422610373996,-0.0030048126480953785,-0.007216527519665172,-0.006796999515211399,-0.0024495054705513386,-0.005999714407322165,0.0005651417468559572,-0.034783561371824256,-0.007170182358036903,-0.007580996119061267,0.03245697583614815,-0.00553242839625534,0.008084950204542807,0.009492270081532972,-0.00155529688059175,0.03524443964231816,-0.020080844400987452,-0.004107499903209022,0.0034126713044679846,-0.024568057025926127,-0.00471265725162584,-0.0033227826264615734,0.0027157180355432686,-0.007920793513132018,-0.014568706667214326,-0.007804078832911454,0.003695405651952255,0.0015605469688300122
2009-09-10,-0.00968437714834347,0.017466645230133526,0.0068451428248630375,0.02989033290373433,-0.006966784275805216,-0.006609680641363358,0.012106842326785827,-0.0006866495121682359,-0.006958629782005565,0.02310829716908991,0.0018432214452790419,0.0005087205569651587,0.0,0.01849219303084526,-0.01848502848812239,0.013588110563220734,0.020080296192683367,-0.016407021859029425,-0.0029577355843715125,0.010052890465600539,-0.017742983546968127,-0.008142099786814239,-0.01582858907684126,-0.012620029211679484,0.00903095971929413,0.008051327170277567,-0.016125858758723077,-0.008048334253850653,-0.008536667833772826,-0.026998140223297495,-0.001001743594429616,0.002275482378780058,0.005534621659980532,0.020688445047559734,-0.011528926343527202,-0.017865726850445185,0.0015577195970217783,-0.022805105122111535,0.0281774374230237,-0.01072265301207076,0.0024296716951537345,-0.03363361067171322,-0.01704516690004887,0.00185225564996494,0.06480315837794626,-0.01862949235188882,0.037551564378143665,0.008412432935122283,-0.020315457076934718,0.00662953445959058
2009-09-11,-0.0030734075053608922,0.011284548142973527,0.0038370438666910367,0.02271606816170202,0.020700866963088815,-0.007038187063586943,-0.0039184126057975055,0.016865229493075562,0.0068276752950851005,0.012096373252070247,0.01361422398143719,0.008613371721577945,0.0,0.0074487303764383395,-0.0008558259101341115,-0.004939177182568422,-0.00191528395189966,0.06415743380070205,0.0014833176352231359,-0.02194966638140028,-0.0009732385068715876,-0.010816007241486125,-0.013766675495625935,-0.02289205576459863,-0.008513422277879767,-0.012488644863306808,-0.013484585039355346,-0.004056867760433347,-0.02044947131597996,-0.025669171300501836,0.0013670312349414182,-0.0030002015478542976,0.0016513361839241014,0.00017035782912588893,0.06288044445341678,0.0004787957134584353,0.015555616924656457,0.044340643767565524,-0.010348896614088887,-0.00354361222211963,0.011148796339184974,-0.003655087355025066,-0.009633981958562132,0.007395182081833207,0.062040015199718024,-0.002711782494119297,-0.004654779304648526,-0.0031199631013651974,-0.013086426882235713,0.007475027145489976
2009-09-14,-0.0006306810444626221,-0.004510945887929885,0.0017098055672546408,-0.012632328883490307,0.018719453618314175,-0.008029567894055178,0.014976824596589333,-0.014189806276744377,-0.0022306061697399127,-0.0076077935689694565,0.011797686185004874,-0.013044286667015514,-0.0004871547405671528,-0.0018483312209548464,0.012565691901296194,-0.000797614322127993,0.02100205358498397,-0.028536998814992498,-0.016587648912731345,0.02544065206161661,0.009923330627160887,0.0020848112621361103,0.003949013132803936,0.014837890129926867,-0.01409078802527719,0.001948327723280352,-0.019200512913882806,-0.011710628219589236,-0.01253875778372815,-0.018065473193836667,-0.0025478676215912044,0.00032527717712649284,0.02758546779789328,0.018221893301609393,0.01335879483779423,0.009569387293126841,-0.021225324366070386,0.01069460820445367,-0.017234691746022435,-0.01464273537593097,0.00015987975449349712,-0.004466018183849285,0.01750969633489885,-0.04276038352395484,-0.052856545169219005,0.02379332158518177,-0.014410871606248099,0.013267429421341292,-0.0061197317241931115,-0.0048044869625727404
2009-09-15,0.019350477388629717,-0.008824486980785862,0.013690318088481757,0.024011422797878712,0.026374178538378867,0.01563096237770667,0.01978771316454342,0.015359908907609299,0.022894080258915706,0.00906634812088769,0.0035876913886068174,-0.01373327306115768,0.02145276587396472,-0.006481748605805082,0.021717768767974155,0.006209289913889249,0.02840128530587238,0.03599496063652974,0.009036110409002207,0.008417317347489295,0.014708528594679526,0.00816373844960494,0.01736317660382447,-0.0011542558592252394,0.0230014191202359,0.008402575379267807,0.005332028131425748,0.01906204337284767,0.013548789624219015,0.05468264843920867,0.00161164329494623,0.0021946990823471513,0.03967903813146023,0.05469152650855236,0.018361496580519887,0.07156419209776921,0.005142384889816443,0.016266537579862517,0.0439407440685089,0.023564176689133243,0.004154218056626746,0.03544077577791982,0.02198844519670562,0.020705479093790835,0.018060224281259085,-0.005312167008165614,0.032923062682616466,0.03061813087959675,-0.000616099229374889,-0.01809667684941374
2009-09-16,0.0014213502876241346,0.010346737410324547,0.0016839495583431674,0.023803929576559746,0.039167333973468166,-0.0021985753069856395,-0.012669133968490232,0.0009510329262625294,-0.002448346704299942,0.02180077971053951,-0.008132879373867197,0.0031429088471466304,0.001909298672411408,0.004659977700966822,-0.022912302443521715,0.005069386555726529,0.07645440719425922,0.04712468423521443,0.07074615511811522,0.06273628776875406,0.021683657485894514,0.01822005313611963,0.011533491443990851,-0.010015323551952227,0.008731264013058126,0.0004728861660341366,0.026825149885463917,0.010616552992075867,0.03474323373395016,0.014778777993270209,-0.029026743588852044,0.0009736545535881103,0.00709801131329435,0.020615320680686278,0.028201835458009583,0.0017690615937420162,0.04270442556150522,-0.004040705420534363,0.03454148851946259,0.006014624740219743,0.02322962545414753,0.04171689819716051,0.10477098200261081,0.003381114902969884,-0.028383788644343544,-0.005340618203898195,0.0482799827373952,0.05583429668138007,0.03751659036776123,0.005184357903738945
2009-09-17,-0.044803062454177534,0.03072154867395649,0.0119327941771592,0.0075188398898704545,0.0072361778348859485,0.004627338322937602,-0.006145696009795976,0.008920565456928875,0.02182350602339267,0.018038568880697436,0.02045414958317804,0.008746413621835591,-0.00690782165344872,0.0023192370775679816,-0.0072044511081720275,-0.0027852833486624595,-0.017260676873808167,0.04042701676058469,-0.00808461093694679,0.0016536441926586765,0.010931593188247657,0.0043205440653975025,0.028108622068304445,0.016342409127144686,-0.009737738015215047,-0.007528207069444015,0.03265104207142455,-0.0015006052148325288,0.034512958421736295,0.0028649852007387455,-0.018543568568501034,-0.0029986056708154463,-0.014402501815888868,-0.008390320521932448,-0.002248349406549166,0.028697360713182185,-0.016851671681364255,-0.020283654826430797,-0.03211081823341344,0.0,0.06561952697112772,-0.01188296780777165,-0.022015201081435953,-0.018158249155820316,0.01022462095528165,0.02550373532079231,0.004203052701826637,-0.013575430940756528,0.0006596806386365284,0.04265944105074926
2009-09-18,0.007861298627273694,0.023451910453177405,-0.006807971182956174,-0.0327208444792737,0.021886133293466115,0.0021931787746765075,0.00027174081904823844,0.005772762890740912,0.001800825843846221,0.0009948015761160889,0.005121545205559963,0.003925545035619926,-0.0038381330606581665,-0.0018508969727218938,-0.0005691959454694473,0.00011017451457950855,-0.005950683908533483,0.013563039561698353,-0.00815038565868953,-0.009657560725361503,0.0190958525246141,0.0018271954960127346,0.05086728139417507,0.0017228060907004128,-0.008304329092717833,0.008391602774494133,0.029270743595565696,0.002004044452415421,0.01996856903638533,0.02035485276850224,-0.016567778275306866,0.023248336850601126,-0.017100016161342824,-0.026323993510686372,-0.02794044920098282,-0.024034260056899126,-0.01128225528019755,0.014014784936606794,0.015268429805086914,0.014637824714488712,-0.01050630560184762,0.010011860401527128,-0.015584625046852874,0.027264131189455476,-0.007500610796028706,-0.01374371586098777,-0.0008014400664785315,-0.008256921705097953,0.03593807694781903,0.07997719485843136
2009-09-22,-0.002188005446149721,-0.03250932410968632,0.014365704282977898,0.011275865478157288,0.010685404078934146,-0.004267532162627208,0.003532678366257036,0.008156880861318383,0.03193505088848214,0.01941399874357419,0.013880330806727459,-0.007304644841812813,0.006501492096712802,0.001390719090959891,-0.0071183437806421335,0.00459540660532376,0.008786207457131656,-0.00831809990877852,0.006233499806218568,0.024920869437751403,0.0036685073655460254,0.0015582793646709003,0.011315894193542064,0.011465515344167398,0.02842680517209839,-0.013300609158636179,-0.005842059510733466,-0.0009997716047507321,0.0020111948081942277,0.00832142315445683,-0.01966572859593929,0.005163684736301466,-0.01623793459131284,0.013678881069704385,0.02086243754316719,0.012313150538036055,0.015580419590869088,-0.005811136619332191,0.0,-0.0021333862046098995,0.011502889604316113,0.009465529385305649,0.04309607770126456,-0.014662059007842787,0.005189765468608831,-0.007962761930776496,-0.002495394060456624,0.0130567340037675,-0.0021643430701441257,-0.03702733871187813
2009-09-23,0.0017875957352424532,-0.035118195212478054,0.015035428372769832,-0.007981337969305002,-0.013405615393255355,0.011044421482179878,-0.011778841769952475,-0.02007679177914823,-0.01949719865169952,-0.01792394270206943,-0.01767611281895487,0.0058001773876446006,-0.0009571962992420691,0.019444469400696107,0.01706370222366349,-0.005362267601640602,-0.003445605031439647,-0.01932923887111815,-0.008447758678980843,-0.011222229039273057,-0.026767189990685725,-0.008992397307019506,-0.0022017354954396717,-0.02342707460820781,-0.012213570077531655,0.0058192693774254955,-0.004446991220922958,-0.009509408423030719,-0.015937641897717736,-0.01522722890145145,0.0013220735279857454,-0.018098523244742593,0.005466031408545291,-0.00031765010138562477,0.017256892515923328,-0.0143354283279018,-0.018582336986133874,-0.023064747038895717,-0.023951228311780315,-0.002239814319569433,-0.028429999953279883,-0.007961527836198301,-0.03794278751674973,0.0035788078827989622,-0.022825806560469952,-0.006020007333298882,-0.007148115011030187,0.02994804352370939,-0.019137517034632512,0.029459765432176432
2009-09-24,-0.00035688118775922817,0.014026467017358657,0.03453098846927816,0.01804306435548586,0.01197696324588704,-0.00027174158113518754,0.011028770953433131,0.014219149780920981,0.019715629367039078,-0.03485509373421214,0.024609664284159116,-0.01019920527953555,0.017241449394931108,0.011807529993197674,0.004229196040606231,-0.011486406651691206,-0.015270945662749003,-0.040535281933110956,-0.016756783620097693,-0.006415052452759418,-0.003062262988140607,0.004403020915627387,-0.011485841733533064,0.005803818480902612,0.008893908788158544,-3.6765622072110204e-05,0.0014180694714236441,-0.007579745593065734,-0.01247666827666094,0.0020064343170755894,0.010627187070067823,-0.006117006112683621,0.016203283116267286,-0.01699222443022319,0.011160775047365235,0.018510469025974308,0.01849387686834114,0.0032341550275600817,0.011984214679056304,-0.02530634560931211,0.04111636776409866,-0.018251211811227575,-0.007011220367752147,0.05255239693166014,-0.008991594692059013,-0.007402485651029411,0.010889151581615852,0.01674544660631816,-0.01268224286983699,-0.019495125218752296
2009-09-25,0.01620709692520861,-0.01132846682064581,-0.009391467670259668,-0.024928783177633695,-0.013288638085780957,-0.005381635991827505,-0.006911043879937351,-0.007235892849318359,-0.02514317009119238,-0.019238701016489612,-0.0248795603951818,0.006347774897591751,0.0035312879736482117,-0.0008979948402125792,-0.005755751327603531,-0.0015582435953557239,-0.027894114533069336,-0.01782957467109214,-0.022530523128160174,-0.017548220222097233,-0.014837211310137044,-0.022642354854607638,0.00165112840075321,-0.0017310905942456989,0.010535428554998116,0.010180050071698865,0.0038939308776106962,0.0015275474723714932,-0.007228507674998275,0.005654430273275279,-0.0020571176466764873,0.004615956110413766,0.0005242377814078658,-0.013731831196593602,0.003973371138094262,0.08091720071184061,-0.004107140590008496,-0.0027401555601299643,0.03176674933253043,0.0032455202247225756,-0.03300666303233979,0.0005451965420972815,0.026478001249834904,0.06936521879129987,-0.01721075360131019,-0.00406783902322283,-0.0037388718349855576,-0.03953885270302593,-0.01001238799571258,-0.002280088007269754
2009-09-29,0.016885196083990195,0.010975617323073283,0.0017406758874451977,0.03259854866681189,-0.021744017880449662,0.012570797425778046,0.034249771703318777,0.0019435592067951202,0.03915545189878311,0.02448121832147776,0.027721335837324723,0.02795303755780809,-0.0030492869990959015,-0.0031443538802122806,0.02230984225133459,0.014380380408318905,0.011437742565184594,0.001578628956673045,-0.002363990807647265,-0.0021062909178899414,0.002529724195105887,0.02359587538982133,0.0003052292225023123,0.014451036612139756,-0.00319173642950632,0.012179356353023918,-0.014881294777577048,0.008642532244300005,-0.002753504584861788,0.0,0.012500481503714411,0.0237005520980329,0.007339074360724895,0.023259730196832917,-0.0145118116640085,-0.007205686715375914,-0.0008685480033511217,0.007596564811804818,0.016578893316300247,-0.0026085751991336004,-0.0010431954566167967,0.002117951398985518,0.05331071693360534,0.02534612167274486,0.019796227805410238,0.05309723718717607,-0.010097609204094193,0.014238302096236222,0.03040786204185353,-0.003564876756533719
2009-09-30,0.014094634027560726,-0.0008349707457745437,0.02429629706259906,0.04761312760934455,0.04921090806680439,0.06353252545665633,0.028432068508329023,0.024037008460652265,0.0173658800369485,0.004813962832061147,0.03444726601433512,-0.014836245302364381,0.005882091452043436,-0.009013455132248382,-0.007872761230522385,0.023715234087454906,0.010713246094057105,0.01694243599532541,0.012440924707652234,-0.0017730556690360721,0.03655894812395721,0.004419816995588466,0.038452042525250585,-0.002469389919689702,-0.005122327627148593,0.0068761144050213385,-0.007123290923510939,0.00453624768184735,0.00650363021502498,0.026121695681080803,0.011732457637325888,-0.0035441107469160738,0.0027062045907866317,0.03185514695398384,0.0316822298067827,0.02782248575742652,-0.00499631965461611,0.0035289528265112224,0.008423045912800742,0.01454251788008909,0.01700978978031298,0.01002550728603313,0.033469363759877746,0.025044642560582142,0.021465165696821442,0.021331953269022152,0.005867811382470611,0.016357408597769574,0.032674658074462126,0.011161721420631654
2009-10-01,-0.01239982885710078,0.03904457720640653,-0.0037564574962505315,0.02093460021089988,0.007198540945341669,0.02451392659246432,-0.013662542137110378,-0.014207989097825613,0.014251239023665985,0.013159150153326804,0.009881734876867165,0.008702738595891102,-0.01520481527975992,-0.002273668448391497,0.00821369007141759,0.009425194509137258,0.0026502165004549383,-0.017435012180432308,-0.011117750682850036,-0.019030656215955233,0.007812399629334665,-0.02154676394044619,-0.026713033645158646,0.010662551976568846,-0.002145679793543298,0.005513373489430817,-0.02956415118757627,0.028098455134210054,0.007924311520927318,0.004109363273212541,-0.003545947655035575,-0.005531980939590619,-0.0024910276265347475,-0.016909521296037844,-0.022058855048545767,-0.018830811993935215,0.001091481196481281,-0.005754508289253835,0.0024876684594288268,0.004125100354860578,-0.012910884267032241,-0.022990733547342157,-0.030805812716481862,-0.014596264197138553,-0.0169938256515888,-0.032278772811814016,0.003499785027164748,0.025402397609495697,0.06171843996563253,-0.0034780652021056957
2009-10-05,-0.016211725018928203,-0.08009657613807941,-0.006233680545361997,-0.01532497957983836,-0.035101138454485925,-0.03982949232989508,-0.03745863536671423,-0.006425695141563326,-0.02310056263922866,-0.0058413897289122385,0.0008225992450325847,-0.010531137053444328,-0.006887908247838359,-0.007292559586533298,0.006904247374162731,-0.003637145824097132,-0.027016938058441076,-0.06940077565943414,-0.04053275019999203,-0.028367006828854624,0.010897698963354241,-0.00876210462267657,-0.03556866758342481,0.006217198368595245,0.02580088141056769,-0.006438103165725906,-0.06995702491722355,-0.019033655232638003,-0.015542655329709776,-0.03865388014891824,-0.004904712281877166,0.007469954896442754,-0.028199943394446314,0.0026824379567680356,-0.009287825642425362,-0.012794940298402335,-0.01483106009884283,-0.019614150393573615,-0.013827097956857992,-0.031529334921901686,-0.004458948913466876,0.004651285324645649,-0.05460474729367004,-0.02270165567094673,0.007714208447923587,-0.02289052785703294,-0.0029510024667359636,-0.020263680960025066,-0.05176997908384029,-0.02552291784022842
2009-10-06,-0.0023374918574600168,-0.10218602021590839,0.015666868143825896,0.028277335756321076,0.011953987488148687,0.03069851171808069,0.021890443417863503,0.015775183560699402,-0.001787913222996096,-0.004627442291379569,-0.014789045808520251,0.012866413783867214,-0.0014354506230022102,0.005509791267251929,0.0013714716166459695,0.03229836076398418,0.026961923362206486,0.062288154770512305,0.02158511454204226,-0.009672539898315846,0.013947538836282192,0.007431391447882074,0.0013773603727549322,0.05504609713413067,0.037727757299688136,0.011143517208531462,0.003255612918158901,-0.02885569844824165,-0.02445022363495064,-0.012890036377818603,-0.00976245160765088,0.022953258063221238,0.023664173106592745,0.012433211347703699,-0.00044641300439396403,-0.006075163781844917,0.011511953184108137,-0.010331135959405158,-0.006830872943960009,-0.0020148145696955444,-0.053598329687837176,0.001248712158957055,-0.018965485703172358,0.00032955093590314455,0.022228497716290763,-0.016064340584156844,-0.0033189296525685252,0.0400501841522638,0.011490651925631257,-0.03581412852806176
2009-10-07,-0.015369406149362885,-0.0016694647875455937,0.010875577753297838,-0.02110431672622115,-0.026382182019581313,-0.01822099899212737,-0.005090864109412063,-0.0019932727426438257,-0.03663333001243341,-0.025774744655089,-0.04561760189862041,-0.0014772018280905241,0.0011977025374323436,-0.006392738821896393,-0.0028760102840141855,0.01474408207501865,0.012735002872371615,0.013561993498323544,0.0353153182151853,0.0005376791550248949,-0.021976115607640567,0.003998925325032765,-0.03667338228836492,-0.005501472612322034,-0.010502756492670517,0.04947016414576244,-0.0236910026702305,0.0010242548437393584,-0.004344925503344199,-0.008266557617212511,0.007906393017174995,0.021050109684257245,0.021862128643178824,0.0694854077015521,0.025011043396948818,0.029747268974106067,0.0008758650599609563,0.038939475279796465,0.021176491185296742,0.0011690135424387016,-0.024451093845323957,-0.0023728884369461634,-0.01669605059643109,0.01696326739810794,-0.01588024909479846,-0.012925152016955876,0.00045017304487782184,0.015000936594395942,0.009825230640451599,0.004392711893472789
2009-10-08,0.008732486264328987,-0.06912905403910496,0.005751987941887471,0.00495413145694279,0.00678025986500308,0.029776230447095653,0.022461402240785855,-0.01576977299624771,-0.034307911906897304,-0.018621624864994635,-0.012320932021699815,0.016229198540293588,0.013875510935862367,-0.008271786809005421,0.03928026497472925,0.011921393643143707,0.03491965461064361,0.01731619307032406,0.01865885338914497,0.05543610214167782,0.021461407045973546,0.013959855344864991,-0.019375694121035014,0.025874430097153844,0.02367805121912414,0.005770527100150247,0.004261724356709129,0.0066533173017135905,0.01018285683048159,0.010751507057497722,0.01507467494847714,0.027186272722497407,0.003480162024646072,0.008575564947131742,0.027451050714321745,-0.0019786516958898437,-0.004592243423149678,0.02679415351905967,-0.009216662138205378,0.007429146621014793,-0.03492955783976848,0.017564513105871926,0.017873318637896762,-0.016032607644254515,0.008526666172750552,0.009648562090970758,0.05478068864730523,0.032502590943566556,0.02018831217627759,-0.006946277042054749
2009-10-09,-0.00938820821711528,0.02799792560683878,-0.0069340193293467856,-0.022915987074414335,-0.022873850324939937,-0.013269183096983106,-0.000909917376546554,-0.010600947524092796,-0.01688815171333735,-0.015017112534961408,-0.023975816383781545,0.015055243737665203,-0.009202567070125456,-0.0004635061872803048,0.01043995833574618,-0.02154819073408132,-0.0044862119374217135,-0.008897577317745209,-0.004006680970805809,-0.07399247492679606,-0.021998212097121383,-0.006559741381834683,-0.020155722970671475,-0.001913523302613629,-0.004386709652087317,0.0021685885352096257,-0.02611207058142684,0.010167749874335774,-0.004069713619330728,-0.005497808354467892,0.03994122555534929,-0.0014701655843004646,-0.003264214000081811,-0.01239366951317833,-0.016539505186867642,0.03370345994547308,-0.007908762851272177,0.011028170680479343,0.00429348896784898,0.0009482859330607329,-0.004020960572332699,-0.013754926105924437,-0.01580346887750761,-0.012837131106971489,0.00027291486070013526,-0.007508679125467599,-0.02319625308073714,-0.0239660013766555,0.03731295410315982,0.013536379451101643
2009-10-12,0.03300391033711936,0.023157853498719794,0.015874390975983532,0.0204039923285928,0.05085724787985413,0.01706037838142893,0.03987779972622141,0.014510650886211174,0.03222065433076127,0.028379656972448153,0.03970264499685294,0.021427806218246914,0.002143497708833708,0.004172268343808128,-0.009155130513494147,-0.0015230887991273256,0.024504775864169437,0.006245029820568071,0.009195594626766779,0.0048566905646312275,0.026587598350907404,0.012591647542724793,0.023880416582313213,0.012896770461195306,0.0348489303707642,0.030955315101752978,0.007589070318564373,-0.02113732561502879,0.0015084978778470148,0.022112805384052914,0.0034553908977690284,0.010234009426954849,0.011462524798905083,0.03793957160339834,0.01724886633843492,0.009973105881064148,0.022807914813308017,-0.01874308192609908,-0.01282514592651729,0.03462786822098707,0.016318823685510297,-0.00866004348080962,0.010704955764960555,0.011670488620518782,-0.0022719611335066947,0.007565485931757543,0.01309586605043056,0.015676833875626572,-0.0255126834154783,-0.01603945556100561
2009-10-13,-0.0032501562648822313,0.0009963642747123913,0.0,0.0008693054449675497,0.0,0.0,0.0,0.0,0.001983393924058774,0.0,0.0,0.0,0.0,0.0,-0.00475212797027591,0.0,0.0,0.0,0.0,0.0,0.0,-0.002843156691584081,0.0,0.0,-0.004064456868903443,-0.00041960198765322865,-0.0026279388474735876,-0.012853370596240365,-0.0001881450045757571,0.0,0.0,0.0052474766263170824,-0.0025295845292212515,0.010262841998867511,-0.001695574700988689,0.0,0.0,-0.0010962368938455258,0.0,-0.0030516981641186547,-0.0034761641248692854,0.002268252796783665,0.0,0.0,-0.0034616773042089877,0.0,-0.00034467246459801704,0.0,-0.000884608619675098,0.00012968693761217231
2009-10-14,0.010268226691307891,-0.03256552877806529,-2.9581996193073223e-05,0.0,0.0459106788486634,0.018698556950382805,0.010634772964713157,0.019945554537140753,0.02056796258098914,0.007345985562185131,0.01429803190777812,0.01247525849634723,0.019011613344121603,0.026316086372696335,0.0,0.02976590327785411,0.04710416571877851,0.05042665463744722,0.023633099545578462,0.0482399789196053,0.0610314932078071,0.02151923579872661,0.00260648817189435,0.011183553082692255,0.005441462365706196,0.024547542328103633,0.02614111467725677,-0.020312681213723205,-0.010861168594530679,0.0151673279954474,-0.005546316716161237,0.004349915792033032,0.0346925188677365,0.023517939072228655,0.05180464719763567,0.0026585190193426644,0.02035057258444284,-0.005172022051758818,0.01858538643873464,-0.030918451483335274,0.011295651097068093,0.005412949359870911,0.00970851668192485,0.025543942924390217,-0.0007312646922180699,0.01501685902024974,0.011724214107214248,0.00973667650169352,-0.0418436402015131,0.021104111183501306
2009-10-15,-0.005814504210661764,-0.044245124143307946,0.011808564139235367,0.01623217651934561,0.02475307017415118,-0.025571484550010126,0.01757992470817027,0.0016566789777796576,-0.018804483684764173,-0.012667952575051156,-0.011603895197937697,-0.0034861619451024284,0.01189364237244428,0.011695770298097541,0.01604815830303985,-0.002222091368477508,0.0058635886228726175,-0.0029540066424744715,0.022809551259014293,-0.0026098289335785285,-0.011792354772523272,0.019577127898079638,0.004244394410700902,-0.01582445759605189,-0.008890949818672778,-0.014344229862560898,-0.03067125912107016,-0.002658182070215398,0.009139875220885108,0.003937988219792077,0.005699902694690895,-0.015808719600166388,0.01676470082807735,0.0059824720659540365,0.0064594050153616855,-0.017045415815368226,-0.008274767616152645,0.019378916248889766,0.034898197407525755,-0.005580779374162348,-0.009198377495721832,0.007634363761058971,0.013985990403059256,0.05576012553270271,0.02991229561713271,0.022192279808495252,0.010821208779519642,0.0,0.040098485614920465,0.0036566123908046144
2009-10-16,0.028429589979987346,0.0033835877400980596,-0.0015386043917522407,0.02473444459644436,0.050521698762076905,0.0004966890865445439,0.006082982038364326,0.0013884158828232351,0.028360417235780533,-0.012379369002233465,-0.004434993519549568,-0.009343414632041025,-0.009218884832837837,-0.004001912805023711,-0.0020884890196264383,0.011214713285768285,-0.013921313904410093,0.007407153923609799,0.008974419469146788,0.010553861096824768,-0.020948584420499072,0.035409074008005526,-0.007142690138396968,-0.009163282666621364,-0.015600520224092196,0.0014714007504459392,-0.002773865468833403,-0.028251555098196768,-0.014403612974774771,0.06310570103186519,0.00027434748087684646,0.0019072481557120824,0.03172324859198006,0.026219596079040786,0.07460893371800648,0.02774558569059704,0.013264869802498414,0.012055868831671868,0.004450473284006273,0.014295010638357919,-0.0013260003274603305,-0.00754646372935075,0.022413993391541487,0.02374452160266638,-0.018385408371285994,-0.0019735045644661,-0.002528658863075739,0.005149962741523684,-0.024576493869603366,0.0012670248388046979
2009-10-20,-0.015414158309159376,0.007510825946403621,-0.016486043070972678,-0.015274602274188198,0.010015113551575583,-0.01212095777599087,-0.007255443712255172,-0.012624056236641978,0.03802395353756305,-0.000730592874027991,0.020265504077234375,-0.02821228857252045,0.004884933688697801,-0.0013392951683766086,-0.01360358957502672,-0.020593462741403834,0.015000265072829366,0.037867759079667884,0.050404533632850246,0.0009494284291806654,-0.03598039356120275,0.0013044066735830029,0.022176057597873777,-0.021985545994391065,-0.007725973114323881,0.006195825202573557,-0.018845503204123593,0.001097166473725819,-0.0011488543516847693,0.020076011860429954,0.07411355053528834,0.010467868053879004,-0.010654294791637486,-0.00039516829031693845,0.01903691743554603,-0.0003749571298773402,-0.028927382928507273,0.02718363905714205,-0.02130221306327995,-0.017643009590636582,0.03386444263446209,0.008455658334615812,0.03625614020711754,0.024234585137306697,0.005066919563586625,-0.01252478287414005,-0.018845622814060548,0.006377474854357024,0.001092870056995876,-0.009713385897039073
2009-10-21,-0.00107566347472976,0.012323162368439888,-0.01785600068335358,-0.016252793040805402,-0.034300109385792976,-0.01734879168123815,-0.00012207878341496947,-0.000388363716001372,0.01892032205357408,0.012909389525738169,0.004366265732298036,-0.026388589698967624,0.0009260304945348796,-0.00402305965874894,0.010740752246443996,-0.012215073816840949,-0.03825087789404258,0.0007085404626312464,-0.02206820223813777,-0.043114502320322434,-0.016563493713843136,0.016760059285252593,-0.026828212006157703,-0.02355066050186927,-0.026951272909058188,-0.024662675715097837,-0.026647511858867823,-0.008219459959163733,-0.015141613908369878,0.004148809181765634,-0.0026372777781741297,0.004347013042706571,-0.04581522547477723,0.029117431668844285,-0.007692162860343799,-0.03450863243836566,0.00891481770685365,0.022896284278370427,-0.0177607493633527,-0.027417726587815716,0.03211246347770502,-0.028561928936455705,0.019528188245163447,-0.017274097032531577,-0.006571891944109232,-0.014018960040894424,-0.003876242466845259,-0.013053078616732883,-0.023227777592284782,-0.011502604045170117
2009-10-22,-0.021537811581648247,0.013074967787511715,0.0029498410980739465,-0.04057712725618079,-0.025711383502623808,-0.011156147203603473,-0.031126137383250763,-0.0378626996348862,-0.010983414860085361,-0.0015568633974396562,-0.01619628996050748,-0.00589593535564592,-0.01549509736425081,-0.02064635412589433,-0.0038045080429029987,-0.009474104593792387,-0.019433963061811776,-0.023362759434400138,-0.039359928542891054,-0.024060518431560984,0.006793077229029443,-0.01070045499068506,-0.010682046925289401,0.016992650231241413,0.0170290844901011,-0.003677549665559665,-0.02908480682038117,-0.006629627635914459,-0.0066818476322469955,-0.04883984972981126,-0.033127077382068326,0.0005053223329904988,-0.0031681121982641836,-0.04685717057044625,-0.016980523823014737,-0.02330997144100755,-0.016594724458177113,-0.020057979611277865,-0.007267866855229732,-0.0068835234764343944,0.017890575882879123,-0.009593860032631518,-0.009577071271945847,-0.03412042386018499,0.0051653098876853765,-0.025050648134362752,-0.019887528685461953,-0.043573656466484034,-0.03470748717883765,-0.03448815430389496
2009-10-23,-0.041143800248795936,-0.017801599202470264,0.01554620320377409,0.013798737870052591,0.01281850918673233,0.028877520624136066,-0.000251488322186022,-0.024474943672464056,0.02228952012045471,0.021169160980966106,0.02036180550834854,0.0034135817188862827,0.00939609507082162,0.010999049695282093,-0.044514475632570716,-0.012525665346430181,-0.023506692106077476,0.025371209611861678,-0.004643276282799036,-0.0225301019048052,0.03384832137434257,0.023347535970918987,0.01857688538965907,0.008444383082653495,0.049828340184292275,0.09658681607155772,-0.029776238731521465,0.0033371558551167357,-0.0028079468009142294,0.012586415824147323,0.017851661138886143,0.02126862312055633,-0.005859530541232227,0.016924410024369507,0.04731504778283413,0.017899720555711207,0.0019721912177659284,-0.008454716854991218,0.010178481522022054,0.0346572638931919,-0.0029035627398449337,-0.0076488310132956094,0.006446402969022547,0.004281502356382028,-0.013523337564488869,0.001388931801569404,0.023467296163628637,-0.021976327302972276,-0.006239118867347848,0.0053562186639364295
2009-10-26,-0.015630045458862374,-0.0012083418433040949,0.0005909486737780689,-0.014219421060381654,-0.020831867785471858,-0.026306439866526143,-0.017733803870273013,0.00620858543304692,0.007424556073824196,0.006150261496866927,0.0044160747038357595,-0.007781829578751953,0.009774636087517719,-0.0031735119648819143,-0.014335227833461639,-0.016626525394812797,0.019257978732436953,-0.02933860131869892,-0.008507325878647332,0.01908165213512425,-0.0079288059916508,-0.00872239039279643,-0.0008231387957697844,-0.009976786910450897,0.017294621851003944,-0.0016466213301701282,0.009485865545638905,-0.004989084430356838,0.0019645372471106537,-0.05587951145198533,-0.008841319273201642,0.02379099592716427,-0.02137857243780983,-0.04239877788239277,-0.04481899474664852,0.03243458809230049,0.0010938568455927111,-0.05130870253752773,-0.008131389596966243,0.0037217166194056794,0.004905097617582399,0.00991932634245507,-0.04403526239326716,-0.01294337305097415,0.0011883205070166714,0.011789291841968863,0.01146455023729498,-0.04441174665300818,0.009320393214351519,-0.03000198697358336
2009-10-27,-0.01208214727703183,-0.07167697952268881,-0.013468092899541761,-0.06331036285951441,-0.044567522098327594,-0.01611740705592235,-0.024903846420096354,-0.014619160751041194,-0.0027931024659506587,-0.013764508371637785,0.024095505008424167,-0.001843185123998503,0.0025350339430547653,-0.007730407354792801,-0.04209181154582908,0.0005119102619037808,-0.07233464607727913,-0.08157344543455214,-0.02906161218263459,0.01659272806589418,-0.02419402421047523,-0.033229736181651925,-0.0253696422739097,0.009177525038254641,-0.015489099823103869,-0.017512867909991514,0.008314460367701004,-0.002228452351324295,-0.007713206252805804,-0.06582787289620062,-0.026206608951489407,-0.037304905308494174,-0.010004074313336275,-0.06344823901020236,-0.06756754882169147,-0.08099929755361013,-0.008739433350197667,-0.009460814102306259,-0.026376938088745305,-0.04396650805518165,-0.02379532549633001,-0.006787677371579592,-0.03433826187523281,-0.026535222159495997,0.004290335065002315,-0.039067886189865564,-0.04942920199199341,-0.06771837490786903,-0.005643441281534822,-0.03913504928832845
2009-10-28,0.021672515158807526,0.033067053935719404,-0.03026739045427551,-0.02995973711359945,0.004630495259362988,-0.02541217603990309,-0.0054491822900033515,0.021900774991550298,0.003277670515034803,0.006287189194941201,0.03310443978585775,-0.026361643220478403,-0.018160911267136037,-0.013748949367039964,-0.011678673620044933,-0.010463011246095166,-0.038938138392702104,-0.021411482380434887,-0.030501817322040603,0.024984056998704318,-0.006518790589961632,-0.001142043460171549,-0.043034344426790216,-0.0021398101909245737,-0.005756185047011697,-0.005127683726700916,-0.016263333258610735,-0.02010053460907113,-0.017916825862499097,0.0038663652354014033,0.001526276538289295,0.008810187510479128,0.01742630534467704,-0.02312239586584841,-0.019323539517494437,-0.033360668867854604,-0.01829382059071416,0.019102143429981622,-0.015193162470287236,-0.0309175908043251,-0.020781228311306355,-0.008881200533324085,-0.06157873901672839,0.008874752038866118,-0.004181210634410126,-0.012838936034765047,-0.02241334278190521,-0.019492936319864262,-0.01109228264713269,0.03894246531871892
2009-10-29,-0.017083160699917,-0.01671365906981581,-0.003920985458119808,-0.046574970594835174,-0.007546374925298971,-0.022034153904780474,-0.054528923583719635,-0.011972745169527177,-0.013688807552690196,-0.021425247378762724,-0.0019176063298874668,0.026149840764042143,-0.02528702435301944,-0.01672874186532869,0.014623148420263021,-0.03809548448619493,-0.028360492810506788,-0.025526778142539674,-0.015877548582648338,-0.012098678851951483,0.04122036427135489,0.0025725006480195045,-0.025611172373443458,0.011794008312719262,0.0007720509870312586,-0.022549565434726637,-0.010564714272618625,0.005698164827478314,-0.014353705397267325,-0.06696472363905381,0.0042444812204713855,0.003123867051201046,0.03800560275794784,0.018242491909348457,-0.025862199149566445,-0.00596495983896006,-0.002470124592660161,-0.024679482325222102,-0.06691444887935316,-0.10062879500651256,-0.009414460243909684,-0.01823883020048478,-0.006469193904413473,-0.009896269109269773,-0.02227103371914574,-0.044075097862116275,-0.023569320300870666,-0.03855215133951906,-0.009977896637999972,0.08469734372519033
2009-10-30,-0.034135324873523,-0.060776141460758604,0.004649304913092678,0.024683984749958476,-0.0023676112535179206,-0.0002754390034186427,-0.004119391780975534,-0.002608058063087615,-0.009069217025345244,-0.0009736179832758873,-0.02978397872007965,-0.02724564424800724,0.02041797508526333,-0.013704975282834098,0.013975759441246405,-0.0069623294953822246,0.008339345722937486,0.013305491487745291,-0.016731685761481985,0.021611874301831646,-0.00684056568358915,-0.04562130912615858,0.01751066326853956,0.0014129106420170956,-0.017354365929396764,0.03091670334004082,0.02508622317869169,0.010198315288332038,0.02163992196629483,-0.013981505827193041,-0.009613650277027319,-0.00828128168599973,-0.005663082909670103,0.010808268138032373,-0.013484853536440022,-0.023146322686466658,-0.0020251708564292814,-0.0259452581074735,0.04721084991376534,-0.004577185050087418,-0.010180651685881448,0.013528864709137167,0.002790564375366955,0.039663612546959603,0.00018687576178511023,-0.02116384517997183,-0.03221555808157894,0.05553639135329047,0.011725309870022071,0.009764338831273811
2009-11-03,-0.05830722377798381,0.025781093592828208,-0.012463659578844877,-0.005690312073289405,-0.040186195319563356,-0.014767431904735173,-0.04501165456128153,-0.026785569224149652,-0.03541250661554307,-0.028623620952951234,-0.040435466452354296,-0.01166248955170024,-0.03272102388407194,-0.018687126746784632,-0.022397822683137947,-0.02872224863847994,-0.05566736302793429,-0.10545751451397634,-0.04618644969535024,-0.026267048672999893,-0.029990679464953596,-0.02180970475980104,0.01745913987120362,-0.036684357136584134,-0.024529262331957624,0.011173809579907212,-0.0024496311395945103,-0.04823323739775276,-0.0684738062359721,-0.09345055555870985,-0.004688345057863197,-0.00014291354168771697,-0.00029457441020819264,-0.028270216464132303,-0.04955160424156457,-0.05879766308445922,-0.057961480144255284,-0.06231491467278272,-0.017690405936096276,-0.0977136955252964,-0.07820423850958202,-0.03474405091284072,-0.012059306045408391,0.025331767531327376,-0.017733596053274847,-0.0409268613819429,-0.03260857945643403,-0.10496388065496298,-0.03561441288398681,-0.031804462213264384
2009-11-04,0.05617098066051107,0.017310207144500156,0.014651496037227485,0.052715449431693484,0.0324772697258906,0.03366890051048488,0.02731059425260529,0.013532268207808062,0.032422725615653736,0.043909331483331426,0.027949706105291128,0.013230959256676833,0.027743895255164963,0.02001967176600883,0.010721401060510116,0.0014856007421619744,0.05322265749923272,0.0931195160566507,0.02070717665085664,0.03231650024503008,0.039360236139619476,-0.001870742791271529,0.02416290282603084,0.01775938245013231,0.02434140084188896,0.014723471543281796,-0.0038781485918134573,0.050088324571385456,0.042545635139609406,0.08744275422580028,0.0011476491501749564,-0.002855332690525958,0.011000817096128657,0.03693104543532133,0.04179780485821749,0.04102562298363699,0.025855865154375657,0.04436266817628809,0.021688394281262013,0.01005084981669313,0.019482708386175718,0.006517821938806456,0.025352197225788853,0.050007627940054755,0.015298019006943164,0.037842280337534895,0.023575147039434974,0.06647468396941103,-0.008979091517551496,0.021370058984365947
2009-11-05,0.010647274621651492,0.044829975943477374,-0.0003695335419586776,0.020416541615977613,-0.014760558813428082,-0.008657329445404205,0.02615614718693471,-0.002812699775030403,-0.00191818073321115,-0.006928418135909387,0.0037647599346837257,0.017160513562018975,-0.004025545116751572,0.02010499314977854,0.06858472737258992,0.027766105725052448,0.03571422407249081,0.05119586527842701,0.02122358616793818,0.008944165764960488,0.03399669317805398,0.012660738843043085,0.016001997388830125,0.006295895148500152,-0.009622991944852277,-0.0011870602603474278,0.0059900875510865426,-0.037598129235738575,-0.012826012072611803,0.020273646641228327,-0.007600362505482239,-0.004295110884159459,0.0021374669177081085,0.01758972863745578,0.0427091896423184,0.051052415671304585,-0.014702385670127605,0.025352561336209112,0.0017058554394462355,0.02312547677850585,0.047776620889820265,0.03063338414145611,0.017399193141365066,0.06576891589761491,-0.013289613077330342,0.021722367591112013,0.014113563329615442,0.07689058130540838,0.00415565547587593,0.03635234596149273
2009-11-06,0.008422808250950098,0.0023486405436030644,0.010256849086119901,0.004617443176347047,0.030734970604484158,0.023796598347825437,0.06295709193419996,0.024152088941518546,-0.003762667039352463,-0.0013730604743451558,-0.002417031064590902,0.004770919091712678,0.0011886505990563734,0.0014079123256129922,0.007750898051422261,0.0012176641243437647,0.028924212504750857,0.0035928095554409456,0.013141841288202505,-0.009299396051805742,0.012069566523040587,-0.03981105696795295,-0.009726047837444352,-0.014817468744505957,-0.013087558673803623,0.002852100614477049,-0.0065039877783527045,-0.022740958243764098,-0.002501247943105578,0.020408309710544748,-0.003129975811437369,0.007405104857235889,0.015899050953646077,0.02228561270928342,0.0562680838143117,0.014060403813353162,0.017526924740560723,0.008514954612082848,0.05203421302159894,0.003424719692727729,0.01226959251200066,-0.024492864388313218,0.06750683737300345,0.017954671181924953,0.011097516387752249,0.027334951449121903,0.012467569208224338,-0.019829731277958174,-0.0019675128382496965,0.00955834833726743
2009-11-09,0.03417626230325044,-0.03905621210398991,0.041127862895476985,0.047080238719710676,0.05133803923413849,0.06407943867359633,0.05261092014216118,0.013864965849029964,0.0009645629401262568,0.0060848399993918,0.007770111569207483,0.007294601949315194,0.0026122401812749274,0.006091777116917996,0.011064417851200714,0.0107663541144698,0.018808090699021784,0.02983284966058175,0.04856715868421091,0.018861180966792235,0.031818752508326,0.03811811436013657,0.008836003504246737,-0.0044019904835642665,0.04098842995828811,0.0012144760543981725,0.030427408415987012,-0.016109755431661488,0.002507519872027686,0.026447258926918016,0.01929737085255212,-0.0007133001737471556,0.030346534496417776,0.06595874001162527,0.04857026060202241,0.04117658393381496,0.031192138859801766,0.024841583994822836,-0.000359737378182734,-0.01829338644201972,0.022276867258633315,0.016280781854614013,-0.0016865698587753553,0.02247208321476668,0.0010317227043417088,0.005173576300272709,0.013554571973702245,0.07015243249389003,0.013459278856658763,-0.000273126449162997
2009-11-10,0.014868691831327663,-0.04600889716229328,-0.002342775623174087,0.00906053175224919,0.02187012956705292,-0.0016032878654151927,-0.01574766507538583,-0.002497696876859301,0.00626268817319775,-0.006339275048862336,-0.015586288348843791,-0.028367974075226066,0.0030791968445602613,-0.02002797741542328,-0.013479188118749152,-0.012011022144051586,-0.008936047896632604,-0.022788663164151735,0.011219676428861014,0.02221468668175497,-0.0009465539450231875,0.004016779678358562,-0.026073368403064956,-0.027819045735820058,-0.006176344851757665,-0.008254872358375298,-0.007538793191597892,0.023044629091617974,-0.0013896536803732484,-0.031918939171036276,-0.0012561761620303313,-0.02871047680332739,-0.005927589583743842,-0.01271608942581759,0.0011205556771474168,-0.01573866470136387,-0.0006769096566744404,0.0115652261038377,-0.005757289253266351,-0.0027813731686860965,-0.021310746731642016,-0.03696180247371661,0.003378683201086252,-0.0466398701239229,-0.0014992135137339435,-0.0080883046907273,-0.0051799644605180495,0.04235196207159175,-0.007310875714849674,-0.0022766489433363457
2009-11-11,0.028960699190369255,0.022324393038969603,0.019020463557668954,0.03117483648224595,0.003947048375529283,0.008831823330225141,0.028394399393878444,0.026041411357138333,0.02968124584766696,0.04003695432605481,0.038656067104878566,0.014774590197764947,0.016056776763824443,0.03184422103629081,0.03733759958634897,0.013780701623882674,0.04339660192473227,0.04229263294579888,0.018492247457489785,0.047169710067378245,0.03011850279712336,0.00279244068120188,0.0040814378003593,0.007201224142091345,-0.002330576082804292,0.005220866254524337,0.017806762280779154,0.007705978434904948,0.019272396999007624,0.01628709431352937,0.013325963252742268,-7.327151615876826e-05,0.03605693152291556,0.02947791471971306,0.010821146561297734,0.025830138273935654,0.015811730486297693,0.010963340794813092,0.03564964703162499,0.032910258180228524,0.05681085086481619,0.011257112093741695,0.013467755472800214,-0.0004018304461453903,-0.005255895330482874,0.014084489224806873,0.0397615679528458,-0.00023557065243395847,0.010405237989081106,0.05305791335508614
2009-11-12,-0.006031267472464519,-0.0033338241841116556,-0.01111869689844669,-0.03450530785562633,-0.03557214335366321,-0.024970195362841174,-0.029762635270630167,0.0008234457773890203,0.015653084600320666,0.008518751006330927,0.012729924206057674,-0.0021294413693890846,-0.0018591586337386445,-0.020267080423188144,-0.014345148983352485,0.008743643317103977,-0.027537869224871336,-0.021236368905214964,-0.015362990969892798,-0.003941365088841686,0.004308406773258833,-0.0015051142844768606,-0.019532267191445074,-0.0050799567707877635,-0.015183745334168552,-0.015462447357816544,0.004119075572457831,0.004117517595165543,0.0065525632600065276,-0.036872899436061424,-0.009013405484961878,0.0020590240609572596,-0.02230217965019643,-0.005288279433983689,-0.0188263448162026,0.005595816180976598,-0.007115886455474674,-0.004182860987601789,-0.003145485594667541,0.01228568469514979,0.03284274213501748,0.004756557569086217,-0.017441640457489305,0.040225239515914835,0.00169832775609291,0.011695821496488401,0.0012748513297866637,-0.026033733148589255,-0.02561198135516951,-0.0032068337863616625
2009-11-13,0.008685486602479031,0.010536741202276101,0.003320683975724714,0.018317499260790848,0.0027246682029258285,0.01632501166365441,0.02718974218958592,0.002438495882875591,0.022583120254791478,0.014313768681316397,0.013450779069092755,0.03144551395523676,0.0009311277954235919,-0.015044768910601358,-0.0014555673464669017,0.0015878933317023947,0.016990630058756562,0.013947996286419961,0.03432609714252721,0.0012918630163509803,-0.007374529608518365,0.0026006336412223163,0.038823449496824924,0.02042357797637573,0.006127529429516665,0.005335866617861562,0.009924790925295524,0.005858278466615019,0.0021023536186837166,-0.003923287235969575,-0.0031311506945210787,0.0008073921009941198,-0.00285124826893135,-0.021006265205898544,-0.03197889434177659,0.02265470829531835,0.011422122008047042,-0.0034227192075195756,-0.01560015603735454,-0.009069094362213814,0.010049422648285233,0.03813495716796744,0.015215447084399703,0.009667434990962676,-0.0016010508270623003,0.024566528844278013,0.016185851014691055,0.08393825463338689,0.001921766089843624,-0.009158928233596653
2009-11-16,0.01608863405934069,0.002151995573885568,0.0007838933558206307,0.011386799007488069,0.019827145852363115,0.005170057953650442,0.01684459852141207,0.005199610931150289,-0.006565519327147995,-0.0032842592870696574,0.007584246987018428,0.013090717687240128,-0.0011629366871499514,0.0019095501292931694,0.02146556733013627,0.0012110665049438474,0.030340682544167663,0.02713012796170844,0.007131106270893417,0.024034376026188742,0.018646192095187697,0.0010903409772125006,0.054114366324722774,0.016679256552196264,0.004322071822258966,0.0050371114780896065,0.020637270003793118,0.013395381727542732,0.008323776339180355,0.04712764355394605,0.0005383616060226082,0.00872507585500637,0.00046107982628007527,-0.00900638521135444,-0.0015546167082810536,0.0007776119941762527,0.027900675337364733,0.003746804767438272,0.004985592916137982,-0.005518056408187699,-0.012028631756478503,0.04319459641842438,0.004163228094542726,-0.02438382919059856,0.003679238470652102,0.0007052403813214703,0.021208121152231918,0.03185660088210529,0.011918556530375657,0.010969081215929322
2009-11-17,-0.009867159207738063,-0.019322971389925447,0.015113614291689892,0.001359708331722942,0.0022382023984270916,0.0009487889987016551,0.007038840083978037,0.00202682211256211,0.037101305266053375,0.019707090840472175,0.007526842728818428,-0.022090917934612264,0.0020960014184667752,-0.00047653474434794507,0.0066158549738710715,0.0010776776093817109,0.004193560680012753,0.005580588040928758,0.021241610498484942,-0.013073854535707197,-0.013585649513223608,-0.009200835423231135,-0.0012832419341455292,0.008384789064372233,-0.003716911217789387,0.0011338275410950338,-0.00881563181747047,0.0017241973431196822,-0.020134282414042137,-0.02204929683038992,-0.021048794580797336,-0.007268874946277704,0.004149013398403456,-0.01684042275181097,-0.008563607095664838,-0.0073787935488816014,0.03403724457580726,0.0024882287665246583,0.007618767480741306,-0.01583448981339519,0.013077166417895247,0.023860272372874247,-0.018242317872537495,-0.00497228949308226,0.0011277148121937586,-0.01620841024104469,-0.00201518287862279,0.0029198963933845246,0.013809102452158273,-0.010242446433641805
2009-11-18,-0.015147545236213977,-0.0030313631133637164,-2.858209865452821e-05,-0.016349017561995804,-0.009762809850656251,-0.00304336551252149,-0.01765485846291337,-0.0171770888054108,-0.00514174473251483,0.01459374380907752,0.0032687384798795183,0.005753706882996923,-0.0006975223637446515,-0.00428971549702406,-0.0015462556470901,-0.0005491429269496306,0.015961462615104338,-0.0036997238555567247,0.0013335165973558105,0.03176126420234082,-0.00579907964127957,0.0030323083748948765,0.0018633581766280827,0.000542578604075139,0.01610075272725786,-0.00020891883194140703,-0.010296939707457042,0.0,-0.0010276485127057589,0.00915132082151593,0.021562265416272153,-0.012813999826605027,-0.01873091064584398,-0.010060000390977097,0.00785249761274609,-0.005868607243687318,0.025833248363028583,0.0032577960018431718,-0.007209393888806592,0.0013752817101069237,0.008160222446924159,-0.011859300129564598,0.0025338960282590417,0.0006571899151146532,0.004225398515460332,-0.0014327959831766934,0.011414376887768363,0.04091850750552761,0.0114174470346744,0.020492064273386568
2009-11-19,-0.007738093408085067,-0.008783884608289383,-0.0171753548970921,-0.02103806211449122,-0.019954430759770436,-0.012610648604441499,-0.038152435249648065,-0.008047232670138738,-0.010190979293960511,-0.009596053035492158,0.002404562075384975,-0.013730295295142025,-0.006743962344346044,0.0014361037068266747,-0.0005166426032382487,-0.005297683003323117,-0.01872509226992003,-0.033791084787559544,-0.01278265962490599,-0.014463773782233846,-0.014339160275207874,-0.003249913977012131,-0.005579500205989518,-0.004516716448875524,-0.008115790114772037,0.007362441503871553,-0.007677572265770816,-0.01606409297332989,0.005622906622076984,-0.037324309172775516,0.006517657428575907,0.008529817182434618,-0.006737223674525228,-0.021010690994227588,-0.008180862504854614,-0.0240061737406303,0.030462905653844352,-0.011906530715010466,-0.02426491812316056,-0.014831163988112572,-0.03414282890058351,-0.015512761116488027,-0.033698418036791855,-0.010645075619377553,-0.006918794749842361,-0.008608586340847157,-0.03498592616228002,-0.0067846591769309406,0.00699757458507011,-0.025866877513538333
2009-11-20,0.018955894955261732,-0.015848555630005867,0.020034351584804933,0.011901449953386711,0.02349476581167309,0.005574948589416984,0.011797735099650986,0.011766419935413719,0.019488564060572866,0.006950123044926482,0.004488237496285352,0.004382674314364676,0.007258153075533347,0.021032420257198092,0.008006305173033468,-0.0005080820148953835,0.029414788537358127,0.03458892936399627,0.03156168934798975,0.0075341744770045516,0.0259395064089587,0.0017061173579742128,-0.004998333472619354,0.003992464908622484,0.012663460823480799,0.00071015091149218,0.020111974189534587,0.014577030137117308,0.044657542549759066,0.02402733372973387,0.0030298930788017486,0.0025009344336641703,0.017993333616136864,0.040398425853740205,0.010212071545661283,0.029032254037450356,-0.007094628627007715,0.06369316389955415,0.03140317425056249,0.005436289176407705,-0.006247539038246819,0.006857372060644185,0.012205653040878062,0.008501236429933279,0.0020711979065970443,0.0072361146686028555,0.011245495617089318,0.0,0.03769519887537065,0.004616877824185961
2009-11-23,0.03374450437005638,-0.04675328344388863,0.006527978755978658,0.022575269601517123,-0.006402720418244634,0.007409119548021925,0.01493760614627071,0.0010711057222685394,0.0013704129216969285,-0.008138637811836769,-0.006394088898447725,0.015144232328305973,0.003486669532035469,-0.005617904433149912,0.04253136824407577,-0.003161937444913221,0.03635035157086164,-0.010401373241392564,0.0172593029836432,0.008646142837954729,0.0031722312639523853,0.013473557004482384,0.011310790276280791,0.015365257115510289,0.03424337629226737,0.005499737899703039,0.02025445087217581,0.016666598655463938,0.029565592643037375,-0.007865649631218385,-0.02315819553921783,-0.010124178195742184,-0.0020358071992324644,0.0010787150941331536,-0.017496090721515367,-0.0062695073835000725,-0.002183283457266705,-0.0033839255759988696,-0.01003184387077205,-0.0019409545355519864,0.053664417353770366,0.00102909181266031,-0.0017224918541428602,0.012776687891946414,0.003194348545587866,0.004310302553080625,0.013166053106854037,0.013244891241953605,0.03139806927150035,-0.0021078395999525323
2009-11-24,-0.00808678089465864,0.026339742541410693,0.006485345566098033,-0.008612808265591965,-0.006228519935512322,0.0007002251454455433,-0.03340987257179895,0.008437575562308952,0.00713215591803662,0.01152927231998091,0.0034890514310774723,-0.011083409685781254,-0.0006946779657907021,-0.02212787412801176,-0.009953221601876283,-0.00805166242660671,-0.025041414808545936,0.010135316838990605,0.0005142311596886273,0.004015700268080291,0.02568313411761225,-0.0027261476018077824,0.02525217428916915,-0.0033829924354547014,-0.018601000936070644,-0.0002644939476709185,-0.006610478811346021,0.019785463663618774,-0.006338964816098747,0.003090386479286167,0.014278987075674987,-0.00377968387696459,0.014002190168789452,0.037575450731537785,-0.031658252876359705,-0.003943259186122927,0.007956599443100787,0.003986012141920847,0.027199962193702687,0.043756234236487446,-0.01134983347651164,0.021832734472865045,-0.007765182196502685,0.006112844400670614,0.009084038923399484,-0.0057222013250165515,-0.01106342012203998,0.028820146843143046,0.0030012665410485972,0.003725644683163498
2009-11-25,0.00803788414360107,-0.0026550427438923885,0.014519843708224123,-0.008247517625377343,0.007178432286126135,0.016548443545952862,0.01503354549490643,0.0009097606767558553,0.005364004410316481,0.0015813743025570037,-0.0025498662581459053,0.005710613540208742,-0.0023178587412691076,0.008184590753159915,0.0395924695336225,0.008497236386619145,0.007875485315607555,0.0033443473469267904,-0.006423661568641603,-0.008768449084074259,-0.009810530894065805,0.001160869939917486,0.013940377670047743,0.015541658558783755,0.01933294366977578,-0.010677435739264718,0.006080453830394461,0.019401047474856048,0.013141734931146454,-0.03308784924397845,-0.0034671950823850217,0.015176159770090791,0.01856415371857012,-0.00713911552333113,0.015120718069872918,-0.009105401084552711,0.010262466768331313,0.00558749448272966,-0.015749288650897975,-0.01663566547853046,0.00853671867113115,0.020626187485446534,-0.006087144541486844,0.00853109219519288,-0.0005566187964761715,0.0021581640469512386,8.88050549185948e-05,0.003901702203097601,0.013618418662076248,0.036617841135668794
2009-11-26,-0.030619165943752247,-0.0046138775378185,-0.023020969870981345,-0.040306008728405396,-0.029047000852361782,-0.018983954574232298,-0.007278886013422525,-0.011933587764359488,-0.021201130219463682,-0.018494602325654586,-0.02509669672508419,-0.004957995116078195,-0.020214097178912094,-0.015281978468690172,-0.022922284168758078,-0.0036141899242677633,-0.03445224160206517,-0.014074068451689126,-0.006464644607601766,-0.01707145770895313,-0.032222911593610126,-0.005124247974909624,-0.026233641703436228,0.00861933364562062,-0.02826347675631069,0.0016648601659694506,-0.0023880505428084398,0.0005438640689461316,0.0076191766464854815,-0.01828756842227064,-0.010347457354168976,0.013557073627079808,-0.018315799184553505,0.007321137213607276,-0.02415469489071609,-0.031162550792919186,-0.011720989242180457,0.03012089549712882,-0.007209393888806592,-0.025172692736389113,-0.01722124883562126,0.009307235492293842,-0.000874848944704465,-0.014867901789462734,-0.003900328748781212,-0.025125787322009985,-0.028941807505721284,-0.023170295673122898,-0.006145492028177824,0.004708349431950198
2009-11-27,-0.016733328830611294,0.011410193257093804,-0.006160555604523221,-0.01686891061344009,-0.005211452079662782,-0.026219480324570665,-0.026141202060208202,-0.02553509432395873,-0.025366816920134982,-0.02740800613884642,-0.010647044051099397,-0.007664937142797035,-0.013042393481442094,-0.009214188995908534,0.009041923912279204,-0.008433218779686058,0.0021150292247456015,-0.0018784510633877982,-0.004424746594810958,-0.006473523363563771,-0.006386241823061689,-0.006729490899576751,-0.007724584868906037,-0.008371211352341756,-0.019134896493647413,-0.02632818396683201,0.004511592940010578,-0.02826084253430028,-0.010873443225192125,-0.01044321488705946,-0.01606245781833915,-0.008604068153114541,-0.04911271971255604,-0.002725342319987445,-0.004537865544216424,-0.009484477150063952,-0.030440358660269173,-0.016465186607866,-0.01682601078814472,0.05997514480668631,-0.017077465832616934,0.004165349611892077,-0.025393960380151737,-0.027192398402027917,-0.008017143579002739,-0.008836168825480106,-0.048454925309004526,-0.03856334812444573,-0.008123181838649018,0.0019080158443938178
2009-11-30,0.016779082047089888,0.0560551700301013,0.009083686159565785,0.019919991170330054,-0.0014935651799824479,0.02903638209549242,0.03064001067965494,0.015823044539302833,0.02677320175994402,0.022123355616858964,0.010359871117722186,0.029695728120218146,0.008169090613702856,-0.02300537020450022,0.013925806332778512,0.007068806964102947,0.06304502256878619,0.039518443687809324,0.03084956508443737,0.05387361529323087,0.010057750808906807,0.025435347053857305,-0.0062850269979783935,0.0031658582042353167,0.0031212360393682026,0.024113615112079545,0.004090947705664538,0.03299728066270102,0.007897440247993881,0.002852560363222123,-0.012444129154982053,0.002771584578245223,0.005867100683939475,0.030453064967083332,0.008288566816397669,0.015403670467530883,0.024056825192166453,0.05844990503401659,0.012970380393498848,-0.0013098948678200717,0.018582840496062625,-0.012787602053394465,0.03144652375148116,0.006954829479274283,-0.0036651242296572573,0.008914942764819411,0.012682495431436847,0.05385174415788585,0.022674691971809713,0.006917671296770456
2009-12-01,0.03243992588669231,0.016691620209732472,0.013277053746939549,0.02229662873025018,0.023241350076092848,0.037472359975097236,0.03601854794919945,0.00904258456496021,-0.0038495461920634577,0.006892304286068018,0.014466257588419351,-0.0016251735839051262,0.0030983517086558,0.02705399810868614,-0.017317369756597034,-0.006017029098684734,0.004230017721351675,0.028964406910962914,0.03931019635082311,0.06009206114664267,0.04935137598005168,0.003727794327229139,0.01916712266095355,-0.022966542448044525,0.0036950844018346363,0.016520892545562438,0.007203397128146438,0.020574336550527317,0.014730433692295763,0.05418078088966549,0.014004241885616553,0.006618340719316995,0.0017212357179769988,0.045465656020584166,0.02712688451621781,0.026240305437285505,0.0017916650886016239,0.09312803769719169,0.045171725610085645,0.026492015547075365,0.01038212650497794,0.003013654324891535,0.0069685482757861905,0.036127183606150526,0.004999133877753081,0.016936925259912083,0.018406119517011765,0.02285676466086728,0.005139568385355453,0.005284660055036028
2009-12-02,0.0022314577423672155,0.0006564403305935329,0.009722140157353065,0.0071572969279807275,0.0075710720288726385,0.01022318564866076,0.002391440127957667,-0.0015958764743124743,-0.002115027251745394,-0.0001459692308245497,-0.008070081776533566,-0.010727901936147588,-0.006652191558380927,0.005365891911532028,0.027102540122273755,-0.01365297568267243,-0.011776841229335644,0.004574203452933245,0.025134230734875418,0.04267422775710061,-0.009072730596829781,-0.005405699334594227,0.016223649682507002,-0.013816620154354697,-0.004068972163106754,-0.0060909503775838925,-0.0030442276379615274,-0.001060870131143421,-0.011242676271237984,0.04006486035250423,-0.0028607029383472815,-0.0062135544912839125,0.014509348840948455,0.031046336382704265,0.06762691431408019,0.054734361594407144,0.011724880165262963,-0.01920938833644803,0.03896571775410118,-0.021975409816613833,-0.029887539759657633,-0.01441716283814476,0.011245774272742537,0.02217676283875214,0.02721713020149341,-0.001448358546105366,-0.016303478575543373,0.006693772833926248,-0.007491646898846294,0.010015703085031635
2009-12-03,-0.0007270406240174054,0.006726917951158873,-8.29242212906367e-05,-0.010408328194600358,0.019749190266589167,0.00205263840526948,-0.013702119759486875,-0.0013217744551399235,0.00840280438858998,-0.007702293152601736,0.012164206361992669,0.012658481771950614,0.000717123823706034,0.000485088554525559,0.017039468151454074,0.003659238838001011,0.015309476563802438,0.02311738926833673,-0.0014282862116740125,-0.035743522215672896,-0.002429006237851694,0.0036973963792030773,0.01863039195167482,-0.015101936787022652,-0.006031249000153616,-0.005863173345413308,0.0176934708774672,0.0031861998028723804,0.01936758214853751,-0.004020818826264372,0.007187563593496815,-0.003126449962515987,0.001599487860574289,-0.02202706537607657,0.056971489606441494,0.008333348603259738,0.020624625643850703,-0.01577016415497101,0.03340962736399522,0.003919013735635968,0.01760497760314883,-0.007005950786061588,0.004277112779147441,0.021193610176211353,0.00721791882431666,-0.0007251854685702552,0.03826137796789064,-0.003617976723647498,0.013298902831311521,0.012409209126791776
2009-12-04,-0.010230350841883395,0.010756354778371113,-0.00962952093404823,-0.014475280748844188,-0.01125477807946429,-0.02148435987245001,-0.012838120685952581,-0.000954094930182614,0.0074635071389177465,0.002797841953785074,-0.004370142090716844,-0.017375501723324915,0.0031073132003860415,0.0063048364732418705,-0.03839422562590411,0.0004304061098725498,-0.013108408551478878,0.008216155049202145,0.010726812785058382,0.0038908027613846485,-0.019714315084212286,0.0021734886040143397,-0.031071334419039864,0.0048035540515667385,0.004893398838994756,-0.005630876811981711,-0.006596444696169157,0.004764694526114166,-0.004106412170645113,-0.00963665797909885,0.003920194093880891,-0.0012398556137658279,0.0012212401724707167,-0.021804240998478552,-0.030496409289421655,-0.016528955656982203,0.020977775185866188,0.024163396108559665,0.010142431210709013,-0.01027965935989672,0.013870221733154331,-0.01641345870543187,0.0008517481022667361,0.051332522273695336,0.0003629356328300748,0.009433898841231914,-0.015688987335632287,-0.0019139325274722951,-0.011173501807024588,0.001434236412733103
2009-12-07,-0.030687327263893227,0.020315877025452345,0.004358713769483602,-0.012335704041053108,-0.0027061342278866807,-0.01752608050608706,-0.01419876737084691,0.008842102779094141,0.006041165661573311,0.002936899677268512,-7.83220407459817e-05,-4.254133017211892e-05,-0.014057561206445968,-0.0024097707075056984,0.010042120954326439,0.0019015879924453305,-0.03489854070604548,-0.030899683800237776,-0.03372633936890079,-0.007821860165139749,-0.018725689417441016,0.0012496115716109646,-0.009076737239380961,-0.0007357072626528183,-0.0074014733812933775,-0.0039046163984872706,-0.0032686252213122158,0.0005267498846273089,-0.01212382913073895,-0.0281393777470601,0.017053665438423904,-0.0009487856191412458,-0.004409816529855504,-0.025229418389667635,-0.031089820409316293,-0.0015279001425014815,0.013949256628760898,0.00782240760829378,-0.011138743106786309,-0.05995277860197479,0.017799590599655968,0.006602716214143767,-0.0008510232448329935,-0.008059895060848699,-0.012876269338045754,0.019410481367248877,-0.002317000055144347,-0.0669616051273475,-0.0021521825337256217,0.009240266623199656
2009-12-08,0.024028409716397414,0.03840071281564161,0.0199736391167451,0.013651670774529556,-0.006223745208283504,0.030375315358340593,0.02791408532888129,0.011696617883679483,-0.0015723821681785655,0.023383239393573563,0.015207434267602515,0.0005936196719480424,0.014016114026270898,0.011594284754642858,0.0031145213451033715,0.0021011706168678757,0.022218055908241885,0.023826151174986876,0.019526582602731768,0.02769878760722322,0.006328505703154574,0.012518872713187301,-0.005737099153926506,0.019318993872559975,0.014913611062073562,0.01564906108264741,0.01199632796790051,0.030542575210069645,0.009718444525810277,0.03517764782050525,0.003029518745872206,0.0058470244989006215,-0.0016963222427452962,0.027264803317835762,0.08380526703566571,0.05126231326534114,-0.022681060834731426,0.027415905794149653,0.03188944431826224,-0.00041945989083647106,0.008960942740837918,-0.003518341737745345,0.0008517481022667361,-0.02861514233604201,-0.003307044836374895,0.03244002598489293,0.02786539692276291,0.06660350844650598,0.015458273278984969,0.0003480232091543911
2009-12-09,-0.00786778890254003,0.00806575994533043,-0.015764434811444072,-0.019657207704358193,-0.005807671062555864,-0.022939497436236356,-0.02014974917300838,0.00024132890683681296,0.012029121682769484,0.004107817710290229,0.010964277305244075,0.00016959565555896283,-0.011677797493494402,-0.006685472286690586,-0.019823292987866892,0.005073130784859714,-0.04100671564471481,-0.029773952050607844,-0.029446839274785308,-0.005528561278682176,-0.0030474517905512144,-0.011131253698414723,0.027192486832276375,-0.0010829245457768533,-0.007927546727618417,0.00167887854519444,-0.005783639548812003,-0.001022141734635551,0.008575797010998087,0.0006536495588935765,-0.00828386500719136,0.0026884236365478653,-0.03974339613454714,-0.02409508722022824,-0.03483119837394377,-0.014555915916271145,0.009511140924840289,-0.009625917633420022,-0.0132227309747599,-0.0050371902759512865,0.018335074024301123,0.017414774224453256,0.007659443731306226,-0.007273661238414331,0.015391631512940318,0.02663958432293656,-0.006958006318096288,-0.02494831674360709,0.00637235933390623,0.005486235651061433
2009-12-10,-4.664812882171354e-05,0.033816588060894714,-0.010668588282856772,0.02414361537426779,0.0013297576980202397,0.005414234389009787,0.012907900751546242,0.018620462127262316,-0.0014858359706239055,-0.0014654166277420222,-0.009547280311668738,0.013136517294197736,0.003134657940391916,0.01442282772981196,0.01973667549292446,0.02862391862607705,0.007432738094386604,0.008818193591404011,0.016280006805909464,-0.008686669724677687,0.012373324689728182,-0.0009898814359934338,-0.013127557561661285,-0.013190988777998958,-0.009160024434997083,-0.0009996798086507885,-0.015533127064346175,0.00869568200112969,-0.006055882368214416,0.00992697273126164,-0.0037692089258127837,-0.004465830086445299,0.0034409214241899466,0.030956170060957078,0.05341034194439653,0.013663222648134576,-0.011871142410003088,0.012303376975096425,-0.010283237262673883,0.011250397685925062,-0.014910264263027995,-0.013940314731034853,-0.009290486613393378,0.0024424752009051254,-0.006625938070275117,-0.017299103974831254,-0.007461971206556672,-0.012058342071631034,-0.0013483486179656223,-0.025764368491813183
2009-12-11,-0.000513153354682272,-0.03168810100629815,2.8111765766114516e-05,-0.01307167010373722,-0.013278627341741012,-0.017232070075438366,0.003061083251228114,0.0017777687725413216,0.0006374393466710426,0.0031795217353267624,-0.006169028620730099,-0.004893525447256075,0.005288682349744223,-0.003317899158165827,-0.005256802894726409,0.034282607084137995,-0.004372234584563484,-0.0076921427995838565,0.024029180337331812,-0.0018927257931137254,-0.01318080464530591,-0.0011744326974747477,0.0011321376709330089,-0.0003661466468727337,-0.005703968634713119,0.005299472931616922,0.006181288821443198,-0.0060853016406500204,0.00535459758350143,-0.009182502619740851,0.0051457005169568415,-0.001617695641889516,-0.021259964760330097,-0.023340573516714258,-0.03083255435274257,-0.03387971909506049,-0.0017159962846050592,-0.0032815229238952748,-0.008186630263595118,-0.02002504303491348,-0.007568572661714734,-0.003758100306220369,-0.007672582198462896,-0.01388692902299915,0.023574351310982733,-0.010155541023090686,0.001283386208009274,0.004051558203740591,0.009921662398603814,0.0047535746690312575
2009-12-14,-0.0030805008974632564,-0.036193591525857105,-0.015601105062874265,-0.015962878413343762,-0.008625817795294255,-0.009066151040563408,-0.005667344232883287,0.00550041321361272,-0.00141606796689131,0.015442829360778676,0.021958535396219725,0.011348193379099536,-0.005260859335830426,-0.0019016028739585744,0.008047028951788215,0.016130403049379183,-0.0037506242446530003,-0.01233272659445206,0.009717832305029539,-0.0018963149974211557,0.010151006367615789,-0.009774442220937596,0.011119779048399447,-0.019784115817090275,-0.008110818972778322,0.002986730198980103,0.02357395024556741,0.01326539412132477,0.050933313327508056,-0.0014360025884881944,-0.012527478839512773,-0.001988757102015848,0.018218160117891458,-0.025516574469587106,-0.0024742272448580183,-0.02714938960880431,-0.01184368745458031,0.053042355980941425,0.001428472319368268,-0.03419890021181127,-0.013956948334704844,0.00856224502211056,-0.0128865361080589,0.0,-0.008391236605446384,-0.01094358305128662,0.02554718038954462,-0.004086316249691357,0.045402004596988066,0.006933769243976373
2009-12-15,-0.015309713386542412,-0.00844943442940127,-0.032151443851620054,-0.02944666697431053,-0.029551788934970458,-0.0351377711006563,-0.012275922654349736,-0.010617900220241117,-0.005885638807850646,0.002921404146722262,0.000835323950774125,-0.007688568034928567,0.0016828450009831464,0.0,-0.04670573645278353,-0.023033361143411257,0.0036730126731820967,0.010346119777557838,0.002582474635930865,-0.0307509087845953,-0.022453901898789264,-0.016698717411533726,-0.019012723840974632,-0.004485231546258794,0.0029916391826951827,0.012905531705112772,-0.018819399104175072,-0.0206444595750902,-0.008621064008089485,-0.002744978476957982,-0.010460097255511225,-0.007897145299801012,-0.027723160763374555,-0.04023497881741889,-0.008504845728130705,-0.03643389654982587,-0.01855765385367536,0.0023156865154805306,-0.00602293879618454,-0.009991192242186586,-0.01094408012874215,-0.014367129332306106,-0.016536528316373422,-0.025571995004249115,0.003781061014116016,-0.01659767966980652,-0.007500228913660534,-0.022617616211559333,-0.013012476098053338,-0.0009723400308468966
2009-12-16,-0.004231701185283265,0.027299861016527815,-0.004380438411378917,-0.003693584118874438,-0.01279533505144348,-0.023392901150096623,-0.015789587927456772,0.0006836317813858628,0.017405218214096463,0.015502263070650724,0.018130339298344067,-0.004062592154377098,-0.001919761686421051,-0.0038115931144324655,0.02337219681973246,-0.006711885141813978,0.020402377261900417,0.010240235039522094,-0.01030220066031895,0.030274518071405687,0.029609983008519025,-0.0004530204189708842,-0.0056370691339807655,-0.009573876190464459,-0.008152680329764017,0.019803379672967303,0.008978514307378616,0.008226063889119839,0.011575212719030947,-0.005243153435656289,0.010139166781320874,-0.011828652207318768,0.011527097780741569,0.005589592981227964,-0.0025014601906901968,0.01810124511247846,-0.0007878074433637083,0.09958434327721233,0.0121190973130334,0.009201256336517138,0.01578673787934104,-0.003553482961231591,0.041593391255659196,-0.011282656561210413,0.006995620810315906,0.013361444161659852,0.01943180365981756,0.026236934922931443,0.023607052880393775,0.013434068878324767
2009-12-17,-0.011650624092438777,-0.003686722200622161,-0.012903296594217961,0.003889848106439331,0.006318003901177649,0.004801413553318756,0.009728479497126852,-0.013754620631758252,0.01346123964490542,0.005540498027903462,0.0008199445836778452,0.009798273932789758,-0.001202007745213951,0.0009569452547568691,0.007206022265554557,-0.0026299458987530944,0.011746067314728936,0.014679896523748015,0.008753072590574895,0.0037347769619127114,0.010127417266756478,-0.004870489984993842,-0.009872963117770417,0.01895416784606052,-0.0006013596423406486,0.001045879707229247,-0.0009659977806640851,0.009688932883725077,0.006331409098248253,-0.03610507360859838,-0.01110549163158947,7.476717679022471e-05,-0.001999432473739793,0.022234021385348024,0.01182360657616277,0.009087183784184605,0.003351115062668608,0.05085103996825313,0.03135341753775167,0.007941171757373855,0.0402322079057158,0.006255882485165509,-0.004248509806192513,0.006026231167101104,0.0030282010938629256,-0.007633653005206353,-0.011913336951053233,0.00935738424195498,0.0058895288132221335,-0.0012001648779393914
2009-12-18,-0.026378051283985626,-0.01988896300621379,-0.004427097752574771,-0.019920017879173857,-0.009624999219548402,-0.007911017846622626,-0.011102180702700748,-0.005934185666096714,0.006571974340806808,-0.012915120742478359,0.00461596601333758,-0.012826399561208679,-0.001926298772231383,-0.0009560303860155495,-0.026312902549793127,-0.005746049433043909,-0.0016837464426432414,-0.015845364917573046,-0.0004688297210254655,0.030539185123446888,-0.0024591030671985425,0.000493292091799935,-0.003634653854246439,-0.020275491644709986,-0.009027054990558003,0.01654684740816048,-0.01176671877595592,-0.007070685135862287,-0.005310105681846977,-0.02282970907439774,0.00780575142462725,-0.0017310133993471144,0.005408758503967714,-0.005178714917606908,-0.022662932318367246,-0.03171491691258932,-0.008055112360029648,0.1355730047149062,-0.023372964358347348,-0.014735903588990351,0.020106005522001036,0.004956256940245929,-0.012798264064037612,0.0029317577059324584,0.0015093546675959413,-0.0027972888733521772,-0.011253132151935352,-0.009422512896411273,-0.0159233934547115,-0.010040721711738088
2009-12-21,0.009229208297778957,-0.02438235708951164,-0.006820642235579544,0.0019151709485021318,0.00018636521675441386,0.02140668722946293,0.006000614772970536,-0.024241621049933215,0.009003539120712833,-0.006274715384609886,0.003927528010448933,-0.006159146431541029,0.005789139833585644,0.0,-0.004732290889816193,-0.010156825954059867,-0.013049512478321534,-0.03990227785317657,-0.006100524563098286,-0.009264907693001811,-0.03503542881797661,-0.0012891802021776089,-0.017787927635711576,-0.004746540702275093,-0.00890712797783777,-0.03452732651233903,-0.0013110919404272225,-0.014750602231235144,-0.005628993697139206,-0.0183267846587849,-0.0016837944582254183,-0.007239251757128251,-0.0029888902358837788,0.011322277270623182,-0.027898431560335446,-0.022240196026267922,-0.02970905768271137,0.008187881990028067,-0.014547197247020582,0.004146336789744742,-0.02491037444178712,-0.001673658171702841,-0.004321553151896307,0.004193500016209439,0.026863892001985468,-0.032258205145717755,-0.004064389815467084,-0.015342307757311269,-0.006950567175909028,-0.0034255643419958126
2009-12-22,0.0022124894995336764,0.038213671256631665,-0.0037513438743441707,0.018251327639270176,0.009413834322318237,0.01666132998717962,0.02482199854634448,0.004254678383438737,-0.013623123067004306,-0.00306788636797084,0.001993199979075433,0.0009483426922953786,0.030215390326036484,0.018651380902250825,0.0171421871464974,-0.0030494639315129524,0.03831624590791671,0.03864394811949334,0.0644476297074481,-0.0019252544736804156,-0.007811666913004278,0.003455200759772792,0.006573504220746207,-0.0030525646233676706,0.005923362233196894,-0.0007765172598747094,-0.009650554449894821,-0.008776385950003185,-0.022642353706660012,0.01353850547240465,-0.007573793277502849,7.550142754109146e-05,0.008293485968745129,0.016085500808897812,-0.005963641035314771,0.03019024109219437,0.018166953434199717,-0.09466397906674562,-0.004761953504135885,0.0030968204473238448,0.009544912263228955,0.01715486054382076,0.007812366690135741,0.006960272617423602,-0.016145542980669947,0.013768366146640787,-0.0019046470770608392,0.021553863131371198,-0.017862256788311437,0.015969441379687144
2009-12-23,0.04611486161733258,0.013355857894384204,0.0266011549928431,0.044689445256752336,0.020337623418611894,0.0125747193279524,0.014019265507551726,0.03407742460236318,0.03107516327912152,0.03250875953410026,0.021806187832688728,0.015416902032905577,0.06983277034974744,0.028638475632066784,0.021773913613844842,0.03360769841480127,0.046517735283930994,0.07686899149537374,0.05034392893999762,0.028522163151901703,0.03208717436500974,0.013660341769732742,0.01769782426141875,0.01148132437995808,0.02984773843063282,0.012294570171629937,0.017258154481057497,0.032812389730887626,0.0219728420018932,0.02882458820728595,0.012822575808077552,0.008051574476855672,0.007927980522260736,0.01025813979706336,0.03449568541763948,0.03894021067241926,0.018644839028592264,0.02642967913661254,0.023285687838971336,0.008085931718555983,0.03253571024840429,0.0033256267614250046,0.002584093815082511,0.010556779532801652,-0.002106484167638256,0.024303211201700536,0.03807336605034939,0.03533485226947408,0.026909800790800853,0.0015455082758888405
2009-12-24,0.009472784623798525,-0.015632182095565494,0.012009375095020536,0.0026664171009171955,0.004095031353016143,0.005038862756870932,-0.006110259402481888,0.006070497738889236,0.003683777814807776,0.003115785093537493,0.0012977002307812402,0.015692076828057955,0.000652712584035875,-0.006846128267285145,0.015122464689315551,0.001839689366533781,0.0191207713029804,0.03096478924186985,0.0016891348527208194,0.044678096511300947,0.021877843906485728,0.010676350412595959,0.0048771180480522425,0.005107825892929574,0.008872285564697435,-0.0006824399233258394,0.0005172598744576096,0.0035299935568740004,0.0060177108297603255,0.012983420921487632,-0.007840470794796106,-0.00022601326898152863,0.010913382184785991,0.010655708042182743,0.010873613948774619,0.0,0.008463059821883556,-0.009585360331628934,0.004363835999011467,0.00802116415684373,0.009695820683964795,0.018188358703099983,0.012027470527721684,0.002114296618975331,0.04643413279829045,0.003488865063645985,0.014443340728097498,0.006580325909534501,-0.0019986687641955214,-0.005054115696669914
2009-12-29,0.003669895888597674,0.014946291752072627,-0.008008619076060097,0.01768958202840132,0.0004730652936140167,-0.0026334874690984167,0.004346935553940723,0.0008026524833897319,-0.010543480026920737,-0.005652357611257042,-0.0191532920087506,-0.013278201874473705,0.012611357145527746,0.008271896910122312,-0.003575298772477087,0.00229962399512873,0.010477872492789198,0.024343976403543355,0.004848341259284128,0.00801484373656236,-0.004976831203687304,-0.0008865472636021554,0.0007662965858339366,-0.002446905611630412,0.0013679160054649309,0.005180013451875798,0.003018924574146098,0.01708528678541521,-0.0015678986993307165,-0.01659463368551528,0.011438365020942864,-0.013038540317354963,-0.013032607825599896,-0.0042173044925124525,-0.0046610665609219115,-0.001932089098160561,-0.005269546384118029,0.006357211112206107,-0.0023276596213099854,-0.0075231653063903,-0.006134802114728055,0.0048405036562433335,0.04753835271876805,-0.00099270074668234,0.11799312402605522,0.010431307587267735,-0.001207969869908121,-0.0007803866677427163,0.0014465880200977832,0.001363290698581432
2009-12-30,-0.003887903992129571,-0.0007669456027794563,-0.002622397121461728,-0.00045411931158667596,0.0018917002444571729,-0.003401807210612562,0.01354115814766721,-0.01188012909324565,0.0018214371741784863,0.0011057484577516874,0.00036748272084641265,-0.006051265772681558,0.00042944203855510565,-0.007748351385556851,-0.016385588046969102,-0.004589404868953206,-0.011655015924180834,-0.01296319643491195,-0.0010491989904112264,6.377444918292952e-05,0.0044827917344534285,0.0049909357347515115,0.0020738673040845423,0.004151122061036183,-0.0214676678610235,-0.0001699213849648551,0.012287415979433502,0.006916974574451951,0.013727191186228449,0.003566844458148921,0.013528576149321125,0.017257225910051854,0.018033084363120677,-0.010463294954060842,0.007204661521595046,-0.01393713188173229,0.004904852933735215,-0.009334412475840548,0.034686634905700675,-0.004373364929577184,-0.002550032819207293,-0.02182036276917443,0.08589927948306553,-0.020373124318509572,-0.0242804528982703,-0.0013763370859757318,0.001209430825905411,-0.010448286082962444,0.0056659787895183555,0.02349568880192776
